method,repeat,time_s,spearman,iterations,target_met,bound_checks,certified_high_recall,N,kappa,sample
pcg80,0,0.0034074580000003074,0.9999824985694871,,,,,32,10,0
pcg40,0,0.0019681669999997986,0.9813551203418924,,,,,32,10,0
amg,0,0.011055999999999955,0.9949231322866746,,,,,32,10,0
poisson_pcg20,0,0.002512874999999859,1.0,,,,,32,10,0
jacobi20,0,0.0004949160000000674,0.5236608835204921,,,,,32,10,0
pcg10,0,0.0006960000000000299,0.6590088669444246,,,,,32,10,0
amg_reused,0,0.0006079580000002416,0.9949231322866746,,,,,32,10,0
raw,0,3.745799999999022e-05,0.34750007823117085,,,,,32,10,0
cg20,0,0.0009580420000001588,0.6072720790715971,,,,,32,10,0
poisson_pcg40,0,0.005197084000000185,1.0,,,,,32,10,0
poisson_pcg5,0,0.0006319580000000435,0.9938605965238536,,,,,32,10,0
pcg20,0,0.0008032500000001441,0.776683177169015,,,,,32,10,0
oracle_reused,0,0.00014112499999985317,1.0,,,,,32,10,0
poisson_pcg80,0,0.004595292000000306,1.0,,,,,32,10,0
pcg5,0,0.0003464160000001826,0.4112407798977183,,,,,32,10,0
oracle,0,0.002550541000000184,1.0,,,,,32,10,0
adaptive_rank90,0,0.0015335419999997768,0.9999893940884056,10.0,1.0,2.0,0.941747572815534,32,10,0
poisson,0,0.00010500000000002174,0.6235244371826049,,,,,32,10,0
poisson_pcg10,0,0.0010641670000000047,0.9999893940884056,,,,,32,10,0
pcg80,1,0.003238083999999919,0.9999824985694871,,,,,32,10,0
cg20,1,0.0012077910000001246,0.6072720790715971,,,,,32,10,0
amg_reused,1,0.0006029160000000644,0.9949231322866746,,,,,32,10,0
amg,1,0.010356083000000016,0.9949231322866746,,,,,32,10,0
adaptive_rank90,1,0.0021983749999998636,0.9999893940884056,10.0,1.0,2.0,0.941747572815534,32,10,0
raw,1,3.4124999999995964e-05,0.34750007823117085,,,,,32,10,0
oracle,1,0.002474499999999935,1.0,,,,,32,10,0
pcg40,1,0.0014713749999999415,0.9813551203418924,,,,,32,10,0
pcg5,1,0.0002907500000000063,0.4112407798977183,,,,,32,10,0
jacobi20,1,0.00032841699999996976,0.5236608835204921,,,,,32,10,0
pcg10,1,0.00043874999999982123,0.6590088669444246,,,,,32,10,0
poisson_pcg40,1,0.004473833000000038,1.0,,,,,32,10,0
poisson_pcg5,1,0.0005902500000001254,0.9938605965238536,,,,,32,10,0
poisson_pcg20,1,0.002318417000000128,1.0,,,,,32,10,0
poisson_pcg10,1,0.0013614170000000314,0.9999893940884056,,,,,32,10,0
pcg20,1,0.0009201669999998607,0.776683177169015,,,,,32,10,0
poisson_pcg80,1,0.005121834000000103,1.0,,,,,32,10,0
oracle_reused,1,0.00022150000000031866,1.0,,,,,32,10,0
poisson,1,0.000150458000000242,0.6235244371826049,,,,,32,10,0
adaptive_rank90,2,0.0018019999999996372,0.9999893940884056,10.0,1.0,2.0,0.941747572815534,32,10,0
amg,2,0.009894292000000249,0.9949231322866746,,,,,32,10,0
jacobi20,2,0.00045558299999992613,0.5236608835204921,,,,,32,10,0
pcg20,2,0.0009866249999999077,0.776683177169015,,,,,32,10,0
amg_reused,2,0.0005551659999998293,0.9949231322866746,,,,,32,10,0
poisson_pcg20,2,0.0023552920000002864,1.0,,,,,32,10,0
poisson_pcg40,2,0.005510499999999752,1.0,,,,,32,10,0
pcg40,2,0.0017929169999999495,0.9813551203418924,,,,,32,10,0
poisson,2,0.00016033299999973494,0.6235244371826049,,,,,32,10,0
raw,2,2.9999999999752447e-05,0.34750007823117085,,,,,32,10,0
poisson_pcg5,2,0.0005962909999999155,0.9938605965238536,,,,,32,10,0
cg20,2,0.0007341250000001409,0.6072720790715971,,,,,32,10,0
pcg80,2,0.003063833000000127,0.9999824985694871,,,,,32,10,0
poisson_pcg80,2,0.0057131249999997635,1.0,,,,,32,10,0
oracle_reused,2,0.00021670799999995438,1.0,,,,,32,10,0
oracle,2,0.002825457999999781,1.0,,,,,32,10,0
pcg10,2,0.0009190420000000366,0.6590088669444246,,,,,32,10,0
pcg5,2,0.0005027090000000456,0.4112407798977183,,,,,32,10,0
poisson_pcg10,2,0.0012648330000000207,0.9999893940884056,,,,,32,10,0
pcg10,0,0.0006036659999999472,0.5419986276017451,,,,,32,10,1
poisson,0,0.00011783300000001162,0.6248688510299691,,,,,32,10,1
cg20,0,0.0008985419999998356,0.596869691456262,,,,,32,10,1
poisson_pcg10,0,0.001217374999999965,0.9999925345111221,,,,,32,10,1
raw,0,2.2458000000113998e-05,0.3879616980187397,,,,,32,10,1
oracle,0,0.0029390419999999473,1.0,,,,,32,10,1
pcg5,0,0.0003871249999995996,0.37375791252413987,,,,,32,10,1
pcg40,0,0.0017164159999998319,0.9946429864637721,,,,,32,10,1
poisson_pcg80,0,0.005219625000000061,1.0,,,,,32,10,1
jacobi20,0,0.0005492089999998839,0.4425819303876689,,,,,32,10,1
amg_reused,0,0.0005967500000001458,0.9618751788141048,,,,,32,10,1
poisson_pcg40,0,0.00464479200000012,1.0,,,,,32,10,1
amg,0,0.011661375000000085,0.9618751788141048,,,,,32,10,1
pcg20,0,0.001116416000000342,0.9258040599742506,,,,,32,10,1
poisson_pcg5,0,0.0006459160000003017,0.997225095665546,,,,,32,10,1
pcg80,0,0.0029848330000001866,0.9999973177884272,,,,,32,10,1
adaptive_rank90,0,0.0025735000000000063,0.9999998994170659,15.0,1.0,3.0,1.0,32,10,1
poisson_pcg20,0,0.002456875000000025,1.0,,,,,32,10,1
oracle_reused,0,0.0001732909999998533,1.0,,,,,32,10,1
poisson_pcg10,1,0.0014079579999997094,0.9999925345111221,,,,,32,10,1
adaptive_rank90,1,0.0024975829999998034,0.9999998994170659,15.0,1.0,3.0,1.0,32,10,1
cg20,1,0.0008828329999999163,0.596869691456262,,,,,32,10,1
oracle_reused,1,0.00016779200000005545,1.0,,,,,32,10,1
pcg80,1,0.0036650000000002514,0.9999973177884272,,,,,32,10,1
poisson_pcg20,1,0.0024631669999997108,1.0,,,,,32,10,1
amg_reused,1,0.0005854999999996835,0.9618751788141048,,,,,32,10,1
oracle,1,0.0029471669999998618,1.0,,,,,32,10,1
poisson_pcg5,1,0.0007352919999998875,0.997225095665546,,,,,32,10,1
poisson_pcg40,1,0.004461457999999752,1.0,,,,,32,10,1
poisson,1,0.0001853340000002035,0.6248688510299691,,,,,32,10,1
raw,1,2.670900000012466e-05,0.3879616980187397,,,,,32,10,1
pcg5,1,0.0004565000000003039,0.37375791252413987,,,,,32,10,1
amg,1,0.011350832999999838,0.9618751788141048,,,,,32,10,1
pcg10,1,0.0005948340000001551,0.5419986276017451,,,,,32,10,1
pcg40,1,0.0016549590000001224,0.9946429864637721,,,,,32,10,1
poisson_pcg80,1,0.004681125000000286,1.0,,,,,32,10,1
jacobi20,1,0.00048487500000016226,0.4425819303876689,,,,,32,10,1
pcg20,1,0.0010337919999998668,0.9258040599742506,,,,,32,10,1
poisson,2,0.00016274999999987827,0.6248688510299691,,,,,32,10,1
poisson_pcg40,2,0.00485258299999991,1.0,,,,,32,10,1
pcg80,2,0.0028585419999997974,0.9999973177884272,,,,,32,10,1
adaptive_rank90,2,0.002879583000000352,0.9999998994170659,15.0,1.0,3.0,1.0,32,10,1
poisson_pcg20,2,0.002324874999999782,1.0,,,,,32,10,1
pcg5,2,0.0004975000000002616,0.37375791252413987,,,,,32,10,1
pcg40,2,0.0016154580000002916,0.9946429864637721,,,,,32,10,1
poisson_pcg5,2,0.0007253750000000281,0.997225095665546,,,,,32,10,1
cg20,2,0.0008817500000000145,0.596869691456262,,,,,32,10,1
raw,2,2.220799999985701e-05,0.3879616980187397,,,,,32,10,1
amg_reused,2,0.000833624999999838,0.9618751788141048,,,,,32,10,1
poisson_pcg80,2,0.004454167000000009,1.0,,,,,32,10,1
poisson_pcg10,2,0.0010081250000002484,0.9999925345111221,,,,,32,10,1
pcg20,2,0.0007940829999997234,0.9258040599742506,,,,,32,10,1
pcg10,2,0.0006262500000002724,0.5419986276017451,,,,,32,10,1
amg,2,0.012131292000000293,0.9618751788141048,,,,,32,10,1
jacobi20,2,0.00042024999999989987,0.4425819303876689,,,,,32,10,1
oracle,2,0.0027731669999999653,1.0,,,,,32,10,1
oracle_reused,2,0.00021341600000024386,1.0,,,,,32,10,1
raw,0,1.9457999999694664e-05,0.3142236338602389,,,,,32,10,2
adaptive_rank90,0,0.0027935420000000377,0.9999998770653028,15.0,1.0,3.0,1.0,32,10,2
pcg10,0,0.0005782499999997803,0.5719455756920105,,,,,32,10,2
poisson_pcg20,0,0.002611665999999957,1.0,,,,,32,10,2
pcg80,0,0.003038582999999928,0.9999555758708246,,,,,32,10,2
pcg5,0,0.0004017499999999785,0.43133014224662036,,,,,32,10,2
poisson_pcg10,0,0.0013173329999998096,0.9999761618446462,,,,,32,10,2
oracle_reused,0,0.00014224999999967736,1.0,,,,,32,10,2
poisson_pcg5,0,0.0005889999999997286,0.9905392809884843,,,,,32,10,2
pcg20,0,0.0008728329999998508,0.7550738502253057,,,,,32,10,2
poisson_pcg80,0,0.00446887500000015,1.0,,,,,32,10,2
amg_reused,0,0.0005698329999996865,0.9912816836242042,,,,,32,10,2
poisson,0,0.00010566600000005977,0.5489584637186181,,,,,32,10,2
oracle,0,0.003114666999999738,1.0,,,,,32,10,2
pcg40,0,0.0017219159999997125,0.9461421750947715,,,,,32,10,2
jacobi20,0,0.0004188749999998187,0.5266579532043487,,,,,32,10,2
cg20,0,0.0011018749999998079,0.6961476736284958,,,,,32,10,2
amg,0,0.010518166999999856,0.9912816836242042,,,,,32,10,2
poisson_pcg40,0,0.004604667000000173,1.0,,,,,32,10,2
pcg20,1,0.0008177919999998728,0.7550738502253057,,,,,32,10,2
pcg80,1,0.0027168330000000296,0.9999555758708246,,,,,32,10,2
oracle,1,0.0026031250000002615,1.0,,,,,32,10,2
cg20,1,0.000887166999999689,0.6961476736284958,,,,,32,10,2
adaptive_rank90,1,0.002644624999999845,0.9999998770653028,15.0,1.0,3.0,1.0,32,10,2
pcg40,1,0.0017002499999998477,0.9461421750947715,,,,,32,10,2
oracle_reused,1,0.0001937499999997705,1.0,,,,,32,10,2
pcg5,1,0.0003801669999998758,0.43133014224662036,,,,,32,10,2
amg_reused,1,0.0005900419999997908,0.9912816836242042,,,,,32,10,2
jacobi20,1,0.0004907080000000619,0.5266579532043487,,,,,32,10,2
raw,1,4.399999999993298e-05,0.3142236338602389,,,,,32,10,2
amg,1,0.010351250000000256,0.9912816836242042,,,,,32,10,2
poisson_pcg20,1,0.002738916999999841,1.0,,,,,32,10,2
poisson_pcg10,1,0.0012242919999998492,0.9999761618446462,,,,,32,10,2
poisson,1,0.0001221670000002284,0.5489584637186181,,,,,32,10,2
poisson_pcg80,1,0.004624499999999809,1.0,,,,,32,10,2
poisson_pcg40,1,0.004548208000000109,1.0,,,,,32,10,2
poisson_pcg5,1,0.0008104579999996808,0.9905392809884843,,,,,32,10,2
pcg10,1,0.0005139160000000587,0.5719455756920105,,,,,32,10,2
adaptive_rank90,2,0.002993457999999727,0.9999998770653028,15.0,1.0,3.0,1.0,32,10,2
amg_reused,2,0.0006072499999998371,0.9912816836242042,,,,,32,10,2
oracle_reused,2,0.0001872920000001166,1.0,,,,,32,10,2
raw,2,3.74999999999126e-05,0.3142236338602389,,,,,32,10,2
cg20,2,0.0009165000000002088,0.6961476736284958,,,,,32,10,2
poisson,2,0.00019008300000011857,0.5489584637186181,,,,,32,10,2
pcg5,2,0.00037183400000007083,0.43133014224662036,,,,,32,10,2
poisson_pcg80,2,0.004912333999999685,1.0,,,,,32,10,2
poisson_pcg40,2,0.004536583999999788,1.0,,,,,32,10,2
poisson_pcg5,2,0.0008902499999998703,0.9905392809884843,,,,,32,10,2
pcg40,2,0.0019777090000001607,0.9461421750947715,,,,,32,10,2
pcg80,2,0.0033885840000000833,0.9999555758708246,,,,,32,10,2
pcg10,2,0.0005818330000000316,0.5719455756920105,,,,,32,10,2
poisson_pcg20,2,0.002308333000000218,1.0,,,,,32,10,2
pcg20,2,0.0010355419999998894,0.7550738502253057,,,,,32,10,2
oracle,2,0.002929125000000088,1.0,,,,,32,10,2
amg,2,0.011284042000000216,0.9912816836242042,,,,,32,10,2
poisson_pcg10,2,0.0015882500000001798,0.9999761618446462,,,,,32,10,2
jacobi20,2,0.0004019170000000294,0.5266579532043487,,,,,32,10,2
pcg40,0,0.0017532499999997064,0.9961800166297117,,,,,32,10,3
pcg80,0,0.0034709579999998574,0.999995663757957,,,,,32,10,3
jacobi20,0,0.0004224590000001527,0.3472273867212645,,,,,32,10,3
poisson_pcg20,0,0.0026585419999998194,1.0,,,,,32,10,3
pcg20,0,0.0011245409999998124,0.8009283022494814,,,,,32,10,3
raw,0,2.3917000000039934e-05,0.3303624673664258,,,,,32,10,3
amg_reused,0,0.0005969999999999587,0.9651261533509763,,,,,32,10,3
cg20,0,0.000951167000000197,0.6187806107395751,,,,,32,10,3
poisson_pcg5,0,0.0011845419999998441,0.996462118231886,,,,,32,10,3
pcg10,0,0.0006304579999998339,0.4426983942493383,,,,,32,10,3
oracle,0,0.002850916999999953,1.0,,,,,32,10,3
poisson_pcg80,0,0.005570666999999752,1.0,,,,,32,10,3
amg,0,0.013893165999999901,0.9651261533509763,,,,,32,10,3
adaptive_rank90,0,0.002421458000000154,0.9999999105929473,15.0,1.0,3.0,0.9805825242718447,32,10,3
poisson_pcg10,0,0.0037067090000002523,0.9999878182891064,,,,,32,10,3
poisson,0,0.00019187500000006352,0.5098895487626064,,,,,32,10,3
poisson_pcg40,0,0.005882457999999868,1.0,,,,,32,10,3
oracle_reused,0,0.00018900000000021677,1.0,,,,,32,10,3
pcg5,0,0.00042574999999978047,0.21002568217581,,,,,32,10,3
pcg40,1,0.0017702079999999398,0.9961800166297117,,,,,32,10,3
raw,1,3.2041000000315734e-05,0.3303624673664258,,,,,32,10,3
poisson_pcg5,1,0.0007246249999997012,0.996462118231886,,,,,32,10,3
poisson_pcg40,1,0.004788207999999905,1.0,,,,,32,10,3
pcg10,1,0.0006239579999998135,0.4426983942493383,,,,,32,10,3
pcg20,1,0.0010679580000001465,0.8009283022494814,,,,,32,10,3
pcg80,1,0.0033994580000000774,0.999995663757957,,,,,32,10,3
adaptive_rank90,1,0.0026362500000001177,0.9999999105929473,15.0,1.0,3.0,0.9805825242718447,32,10,3
oracle,1,0.002709124999999979,1.0,,,,,32,10,3
poisson_pcg10,1,0.0016934169999998083,0.9999878182891064,,,,,32,10,3
amg_reused,1,0.0006747919999998686,0.9651261533509763,,,,,32,10,3
pcg5,1,0.0005100410000000721,0.21002568217581,,,,,32,10,3
poisson_pcg80,1,0.00500004200000026,1.0,,,,,32,10,3
jacobi20,1,0.0004764170000002288,0.3472273867212645,,,,,32,10,3
amg,1,0.011967457999999986,0.9651261533509763,,,,,32,10,3
oracle_reused,1,0.00015987499999958743,1.0,,,,,32,10,3
cg20,1,0.0009434580000000636,0.6187806107395751,,,,,32,10,3
poisson_pcg20,1,0.0024027919999998204,1.0,,,,,32,10,3
poisson,1,9.679100000026253e-05,0.5098895487626064,,,,,32,10,3
jacobi20,2,0.0004790830000001023,0.3472273867212645,,,,,32,10,3
pcg5,2,0.0003948340000001771,0.21002568217581,,,,,32,10,3
pcg80,2,0.0031964170000002845,0.999995663757957,,,,,32,10,3
oracle,2,0.0029330830000002805,1.0,,,,,32,10,3
poisson_pcg20,2,0.002475000000000005,1.0,,,,,32,10,3
oracle_reused,2,0.0002247920000000292,1.0,,,,,32,10,3
poisson_pcg80,2,0.0055517499999999664,1.0,,,,,32,10,3
poisson_pcg10,2,0.0012848340000002345,0.9999878182891064,,,,,32,10,3
poisson,2,0.00010591699999995541,0.5098895487626064,,,,,32,10,3
pcg10,2,0.0005556659999998992,0.4426983942493383,,,,,32,10,3
pcg40,2,0.001852541999999957,0.9961800166297117,,,,,32,10,3
raw,2,3.587500000001853e-05,0.3303624673664258,,,,,32,10,3
poisson_pcg5,2,0.0009076249999999675,0.996462118231886,,,,,32,10,3
cg20,2,0.0009265419999997526,0.6187806107395751,,,,,32,10,3
adaptive_rank90,2,0.0024362090000003,0.9999999105929473,15.0,1.0,3.0,0.9805825242718447,32,10,3
amg_reused,2,0.0005522500000001429,0.9651261533509763,,,,,32,10,3
poisson_pcg40,2,0.005737749999999764,1.0,,,,,32,10,3
pcg20,2,0.000987249999999662,0.8009283022494814,,,,,32,10,3
amg,2,0.011307167000000007,0.9651261533509763,,,,,32,10,3
poisson_pcg40,0,0.004329999999999945,1.0,,,,,32,10,4
poisson_pcg80,0,0.0048384580000000454,1.0,,,,,32,10,4
poisson,0,0.00014633400000008123,0.8245069536335026,,,,,32,10,4
oracle_reused,0,0.00017975000000003405,1.0,,,,,32,10,4
cg20,0,0.0009315839999999298,0.5473758471318217,,,,,32,10,4
pcg10,0,0.0005569999999996966,0.6700597350869036,,,,,32,10,4
raw,0,4.475000000025986e-05,0.23523307300979898,,,,,32,10,4
poisson_pcg5,0,0.0008051669999997735,0.9905985019848363,,,,,32,10,4
poisson_pcg20,0,0.002334584000000195,1.0,,,,,32,10,4
pcg5,0,0.00040641599999968747,0.44368532517344966,,,,,32,10,4
amg_reused,0,0.0005721249999997013,0.9932973209176739,,,,,32,10,4
pcg80,0,0.0031774590000002156,0.9999979548136755,,,,,32,10,4
pcg20,0,0.0011092499999998395,0.7470877105536085,,,,,32,10,4
jacobi20,0,0.0005444169999999637,0.5530240035584006,,,,,32,10,4
oracle,0,0.0025535830000000814,1.0,,,,,32,10,4
adaptive_rank90,0,0.0015085409999997523,0.9999989941706601,10.0,1.0,2.0,0.9514563106796117,32,10,4
poisson_pcg10,0,0.0010391250000001406,0.9999989941706601,,,,,32,10,4
pcg40,0,0.0017563329999998878,0.9575706986267076,,,,,32,10,4
amg,0,0.010571833999999836,0.9932973209176739,,,,,32,10,4
oracle,1,0.0029275420000001162,1.0,,,,,32,10,4
poisson_pcg40,1,0.005374583000000044,1.0,,,,,32,10,4
cg20,1,0.0009617910000003782,0.5473758471318217,,,,,32,10,4
poisson_pcg80,1,0.0045864579999999044,1.0,,,,,32,10,4
poisson_pcg20,1,0.003057334000000189,1.0,,,,,32,10,4
amg,1,0.009975708999999888,0.9932973209176739,,,,,32,10,4
adaptive_rank90,1,0.0022395420000003163,0.9999989941706601,10.0,1.0,2.0,0.9514563106796117,32,10,4
raw,1,2.8583000000192982e-05,0.23523307300979898,,,,,32,10,4
poisson_pcg5,1,0.0007225829999999434,0.9905985019848363,,,,,32,10,4
jacobi20,1,0.0004189999999999472,0.5530240035584006,,,,,32,10,4
pcg10,1,0.0005476250000002736,0.6700597350869036,,,,,32,10,4
oracle_reused,1,0.00016387500000014654,1.0,,,,,32,10,4
pcg5,1,0.00034483399999984954,0.44368532517344966,,,,,32,10,4
pcg80,1,0.003309999999999924,0.9999979548136755,,,,,32,10,4
amg_reused,1,0.0005755419999999845,0.9932973209176739,,,,,32,10,4
poisson,1,0.00022112500000037727,0.8245069536335026,,,,,32,10,4
poisson_pcg10,1,0.001409875000000227,0.9999989941706601,,,,,32,10,4
pcg40,1,0.0016698750000001539,0.9575706986267076,,,,,32,10,4
pcg20,1,0.0008962500000002649,0.7470877105536085,,,,,32,10,4
pcg10,2,0.0005167919999999881,0.6700597350869036,,,,,32,10,4
poisson_pcg40,2,0.005146708999999916,1.0,,,,,32,10,4
pcg5,2,0.0004467079999996848,0.44368532517344966,,,,,32,10,4
adaptive_rank90,2,0.0016872079999998846,0.9999989941706601,10.0,1.0,2.0,0.9514563106796117,32,10,4
cg20,2,0.0009594579999996355,0.5473758471318217,,,,,32,10,4
poisson_pcg20,2,0.002567583000000262,1.0,,,,,32,10,4
raw,2,4.004100000010169e-05,0.23523307300979898,,,,,32,10,4
pcg20,2,0.0009199999999998099,0.7470877105536085,,,,,32,10,4
amg_reused,2,0.0008047079999999873,0.9932973209176739,,,,,32,10,4
pcg80,2,0.0030143749999997915,0.9999979548136755,,,,,32,10,4
poisson,2,0.00013670899999995711,0.8245069536335026,,,,,32,10,4
poisson_pcg80,2,0.004660625000000085,1.0,,,,,32,10,4
pcg40,2,0.001653125000000255,0.9575706986267076,,,,,32,10,4
oracle,2,0.0029767499999997504,1.0,,,,,32,10,4
amg,2,0.009972792000000119,0.9932973209176739,,,,,32,10,4
oracle_reused,2,0.00042366600000010024,1.0,,,,,32,10,4
poisson_pcg5,2,0.0007554590000000694,0.9905985019848363,,,,,32,10,4
jacobi20,2,0.00047054099999987997,0.5530240035584006,,,,,32,10,4
poisson_pcg10,2,0.0012317089999998032,0.9999989941706601,,,,,32,10,4
amg,0,0.009495083000000015,0.9946486861633645,,,,,32,10,5
poisson_pcg80,0,0.0040954169999998236,1.0,,,,,32,10,5
amg_reused,0,0.0009118750000003395,0.9946486861633645,,,,,32,10,5
poisson_pcg10,0,0.001282208000000118,0.9999954625920892,,,,,32,10,5
pcg80,0,0.003512957999999955,0.999988153565553,,,,,32,10,5
pcg40,0,0.0017254160000002017,0.980236626940133,,,,,32,10,5
poisson,0,0.00013333299999995774,0.7001633019812602,,,,,32,10,5
oracle,0,0.0031933330000000204,1.0,,,,,32,10,5
raw,0,4.71669999999591e-05,0.29580095307917886,,,,,32,10,5
oracle_reused,0,0.00018962499999997107,1.0,,,,,32,10,5
adaptive_rank90,0,0.003239332999999789,0.9999999552964736,15.0,1.0,3.0,1.0,32,10,5
pcg20,0,0.0009659580000001,0.6523848325405908,,,,,32,10,5
pcg5,0,0.0004787500000000833,0.4231346224340175,,,,,32,10,5
poisson_pcg5,0,0.0008184579999999109,0.9937751569093769,,,,,32,10,5
cg20,0,0.0009494169999997304,0.5627038480795364,,,,,32,10,5
poisson_pcg40,0,0.004452041999999601,1.0,,,,,32,10,5
poisson_pcg20,0,0.002068791999999764,1.0,,,,,32,10,5
pcg10,0,0.000621542000000197,0.5196215399470709,,,,,32,10,5
jacobi20,0,0.0003473750000000386,0.48173615084757876,,,,,32,10,5
poisson_pcg40,1,0.015639917000000114,1.0,,,,,32,10,5
oracle,1,0.0027846670000002405,1.0,,,,,32,10,5
amg,1,0.009555042000000125,0.9946486861633645,,,,,32,10,5
raw,1,2.74580000003688e-05,0.29580095307917886,,,,,32,10,5
pcg80,1,0.003383665999999952,0.999988153565553,,,,,32,10,5
poisson_pcg20,1,0.002290749999999786,1.0,,,,,32,10,5
cg20,1,0.0008687910000002574,0.5627038480795364,,,,,32,10,5
poisson,1,9.095799999991883e-05,0.7001633019812602,,,,,32,10,5
pcg20,1,0.0008712500000003232,0.6523848325405908,,,,,32,10,5
amg_reused,1,0.000592959000000004,0.9946486861633645,,,,,32,10,5
oracle_reused,1,0.0003597080000004027,1.0,,,,,32,10,5
poisson_pcg10,1,0.0013470419999999095,0.9999954625920892,,,,,32,10,5
pcg5,1,0.0003644170000001168,0.4231346224340175,,,,,32,10,5
poisson_pcg5,1,0.0007335419999998649,0.9937751569093769,,,,,32,10,5
jacobi20,1,0.00046558299999999164,0.48173615084757876,,,,,32,10,5
pcg40,1,0.0017382919999997526,0.980236626940133,,,,,32,10,5
poisson_pcg80,1,0.005136583000000083,1.0,,,,,32,10,5
pcg10,1,0.0005549999999998612,0.5196215399470709,,,,,32,10,5
adaptive_rank90,1,0.002601707999999814,0.9999999552964736,15.0,1.0,3.0,1.0,32,10,5
pcg10,2,0.0005981669999997052,0.5196215399470709,,,,,32,10,5
poisson_pcg20,2,0.0024577919999999587,1.0,,,,,32,10,5
poisson_pcg10,2,0.001597124999999977,0.9999954625920892,,,,,32,10,5
pcg5,2,0.0004035830000002072,0.4231346224340175,,,,,32,10,5
pcg80,2,0.003117125000000165,0.999988153565553,,,,,32,10,5
oracle_reused,2,0.0001871250000000657,1.0,,,,,32,10,5
adaptive_rank90,2,0.002614832999999983,0.9999999552964736,15.0,1.0,3.0,1.0,32,10,5
pcg20,2,0.0009252499999998776,0.6523848325405908,,,,,32,10,5
poisson_pcg80,2,0.004870667000000051,1.0,,,,,32,10,5
jacobi20,2,0.0004875419999996744,0.48173615084757876,,,,,32,10,5
cg20,2,0.0008513329999999542,0.5627038480795364,,,,,32,10,5
oracle,2,0.0026967499999996924,1.0,,,,,32,10,5
amg_reused,2,0.0005837920000000274,0.9946486861633645,,,,,32,10,5
poisson_pcg5,2,0.0007966249999999953,0.9937751569093769,,,,,32,10,5
poisson,2,0.0001807089999998901,0.7001633019812602,,,,,32,10,5
pcg40,2,0.0016427079999998817,0.980236626940133,,,,,32,10,5
raw,2,3.23749999999734e-05,0.29580095307917886,,,,,32,10,5
poisson_pcg40,2,0.004499875000000042,1.0,,,,,32,10,5
amg,2,0.009746833999999982,0.9946486861633645,,,,,32,10,5
jacobi20,0,0.0005412080000000152,0.537827620967742,,,,,32,10,6
poisson_pcg5,0,0.0009392919999999805,0.9980725962913953,,,,,32,10,6
pcg80,0,0.00350462500000015,0.999999273567699,,,,,32,10,6
pcg10,0,0.0005741249999999809,0.6723112170087976,,,,,32,10,6
poisson_pcg80,0,0.003393458000000127,1.0,,,,,32,10,6
oracle_reused,0,0.00022154199999979696,1.0,,,,,32,10,6
amg_reused,0,0.0007886670000001317,0.9894548628495814,,,,,32,10,6
oracle,0,0.002707709000000058,1.0,,,,,32,10,6
pcg5,0,0.0004247080000001624,0.346058903601316,,,,,32,10,6
poisson_pcg20,0,0.002505999999999897,1.0,,,,,32,10,6
adaptive_rank90,0,0.0018795420000001783,0.9999988824118445,10.0,1.0,2.0,0.9320388349514563,32,10,6
cg20,0,0.0011072080000000817,0.5440700213682855,,,,,32,10,6
pcg20,0,0.0009201669999998607,0.9603075714362349,,,,,32,10,6
poisson_pcg10,0,0.0012847499999999457,0.9999988824118445,,,,,32,10,6
pcg40,0,0.0018781249999997307,0.9976424589621627,,,,,32,10,6
poisson,0,0.00014137500000011016,0.7621425170767469,,,,,32,10,6
raw,0,2.299999999966218e-05,0.19291655863314497,,,,,32,10,6
amg,0,0.010302000000000255,0.9894548628495814,,,,,32,10,6
poisson_pcg40,0,0.0033988749999998014,1.0,,,,,32,10,6
poisson_pcg40,1,0.004041457999999665,1.0,,,,,32,10,6
oracle,1,0.0024418749999997047,1.0,,,,,32,10,6
poisson_pcg10,1,0.001165707999999821,0.9999988824118445,,,,,32,10,6
amg,1,0.009885916999999633,0.9894548628495814,,,,,32,10,6
pcg20,1,0.0008328330000000328,0.9603075714362349,,,,,32,10,6
raw,1,1.966600000002927e-05,0.19291655863314497,,,,,32,10,6
poisson_pcg5,1,0.0007485420000001852,0.9980725962913953,,,,,32,10,6
poisson_pcg80,1,0.003199874999999963,1.0,,,,,32,10,6
pcg80,1,0.003706959000000065,0.999999273567699,,,,,32,10,6
pcg10,1,0.0006444999999999368,0.6723112170087976,,,,,32,10,6
jacobi20,1,0.0005095829999999246,0.537827620967742,,,,,32,10,6
poisson,1,0.00013058399999987813,0.7621425170767469,,,,,32,10,6
amg_reused,1,0.0007227499999999942,0.9894548628495814,,,,,32,10,6
cg20,1,0.0007658749999999159,0.5440700213682855,,,,,32,10,6
poisson_pcg20,1,0.0026262919999999745,1.0,,,,,32,10,6
pcg5,1,0.0004921250000000654,0.346058903601316,,,,,32,10,6
pcg40,1,0.0015872089999997563,0.9976424589621627,,,,,32,10,6
adaptive_rank90,1,0.001461124999999619,0.9999988824118445,10.0,1.0,2.0,0.9320388349514563,32,10,6
oracle_reused,1,0.00015441599999999056,1.0,,,,,32,10,6
jacobi20,2,0.00035112500000034075,0.537827620967742,,,,,32,10,6
poisson,2,0.00021908300000017533,0.7621425170767469,,,,,32,10,6
pcg20,2,0.0009815829999997305,0.9603075714362349,,,,,32,10,6
poisson_pcg5,2,0.0007689169999998136,0.9980725962913953,,,,,32,10,6
amg_reused,2,0.0008218339999999102,0.9894548628495814,,,,,32,10,6
pcg40,2,0.001746749999999686,0.9976424589621627,,,,,32,10,6
poisson_pcg20,2,0.002270999999999912,1.0,,,,,32,10,6
pcg80,2,0.0031895419999998786,0.999999273567699,,,,,32,10,6
oracle_reused,2,0.00014066700000014976,1.0,,,,,32,10,6
amg,2,0.009536374999999708,0.9894548628495814,,,,,32,10,6
raw,2,4.81250000001765e-05,0.19291655863314497,,,,,32,10,6
cg20,2,0.0011075410000001007,0.5440700213682855,,,,,32,10,6
pcg5,2,0.00041187499999972843,0.346058903601316,,,,,32,10,6
poisson_pcg40,2,0.004824584000000076,1.0,,,,,32,10,6
adaptive_rank90,2,0.0016180829999998814,0.9999988824118445,10.0,1.0,2.0,0.9320388349514563,32,10,6
poisson_pcg80,2,0.0039023750000000135,1.0,,,,,32,10,6
pcg10,2,0.0005990420000001606,0.6723112170087976,,,,,32,10,6
oracle,2,0.002888540999999911,1.0,,,,,32,10,6
poisson_pcg10,2,0.0012775409999998821,0.9999988824118445,,,,,32,10,6
amg,0,0.013521500000000408,0.9903001394750016,,,,,32,10,7
jacobi20,0,0.0005695409999999512,0.5979119429940634,,,,,32,10,7
pcg40,0,0.002447167000000139,0.9963129872684356,,,,,32,10,7
oracle_reused,0,0.0001828750000001378,1.0,,,,,32,10,7
cg20,0,0.0008920419999998153,0.5538337297045991,,,,,32,10,7
pcg20,0,0.0010316669999999029,0.9385360824511837,,,,,32,10,7
poisson_pcg20,0,0.0024697920000003037,1.0,,,,,32,10,7
pcg80,0,0.003423374999999673,0.9999952278985766,,,,,32,10,7
poisson_pcg80,0,0.004600917000000315,1.0,,,,,32,10,7
adaptive_rank90,0,0.0017317499999998098,0.9999985583112795,10.0,1.0,2.0,0.9029126213592233,32,10,7
pcg10,0,0.0010604170000001467,0.7047079965667692,,,,,32,10,7
poisson,0,0.00022395799999985755,0.4251125411272441,,,,,32,10,7
oracle,0,0.0028936659999998504,1.0,,,,,32,10,7
poisson_pcg5,0,0.0009541249999998058,0.9972537953293754,,,,,32,10,7
amg_reused,0,0.0006385830000001924,0.9903001394750016,,,,,32,10,7
pcg5,0,0.00031945799999988367,0.42078684911665826,,,,,32,10,7
raw,0,2.3624999999860563e-05,0.08261991720906944,,,,,32,10,7
poisson_pcg40,0,0.00447458399999956,1.0,,,,,32,10,7
poisson_pcg10,0,0.0014525830000002848,0.9999985583112795,,,,,32,10,7
pcg10,1,0.0005779589999996837,0.7047079965667692,,,,,32,10,7
oracle_reused,1,0.00021204199999980133,1.0,,,,,32,10,7
amg_reused,1,0.0008105829999998093,0.9903001394750016,,,,,32,10,7
oracle,1,0.003504790999999674,1.0,,,,,32,10,7
pcg5,1,0.00035708299999992477,0.42078684911665826,,,,,32,10,7
poisson_pcg5,1,0.0006029579999999868,0.9972537953293754,,,,,32,10,7
poisson,1,0.00015862500000007884,0.4251125411272441,,,,,32,10,7
pcg40,1,0.0016651669999996344,0.9963129872684356,,,,,32,10,7
adaptive_rank90,1,0.00196112500000023,0.9999985583112795,10.0,1.0,2.0,0.9029126213592233,32,10,7
poisson_pcg20,1,0.0036059580000000757,1.0,,,,,32,10,7
poisson_pcg40,1,0.004143666000000046,1.0,,,,,32,10,7
raw,1,4.079200000006722e-05,0.08261991720906944,,,,,32,10,7
amg,1,0.012282708000000309,0.9903001394750016,,,,,32,10,7
cg20,1,0.0008632909999999328,0.5538337297045991,,,,,32,10,7
pcg80,1,0.004654750000000263,0.9999952278985766,,,,,32,10,7
pcg20,1,0.0026992919999999643,0.9385360824511837,,,,,32,10,7
jacobi20,1,0.0004847909999998734,0.5979119429940634,,,,,32,10,7
poisson_pcg80,1,0.00493616699999988,1.0,,,,,32,10,7
poisson_pcg10,1,0.0014130830000000927,0.9999985583112795,,,,,32,10,7
raw,2,5.7750000000300616e-05,0.08261991720906944,,,,,32,10,7
poisson_pcg5,2,0.0010387910000000389,0.9972537953293754,,,,,32,10,7
poisson_pcg10,2,0.001764291999999834,0.9999985583112795,,,,,32,10,7
pcg40,2,0.0017394159999999381,0.9963129872684356,,,,,32,10,7
adaptive_rank90,2,0.0017636670000000798,0.9999985583112795,10.0,1.0,2.0,0.9029126213592233,32,10,7
pcg5,2,0.0003581249999999869,0.42078684911665826,,,,,32,10,7
poisson_pcg20,2,0.002758583999999953,1.0,,,,,32,10,7
oracle,2,0.0027599999999998737,1.0,,,,,32,10,7
amg_reused,2,0.0007482080000000835,0.9903001394750016,,,,,32,10,7
poisson_pcg80,2,0.008184165999999937,1.0,,,,,32,10,7
jacobi20,2,0.00035624999999983586,0.5979119429940634,,,,,32,10,7
pcg10,2,0.0004752919999999605,0.7047079965667692,,,,,32,10,7
poisson_pcg40,2,0.005553917000000297,1.0,,,,,32,10,7
oracle_reused,2,0.00019416700000007836,1.0,,,,,32,10,7
poisson,2,0.0002004579999996814,0.4251125411272441,,,,,32,10,7
amg,2,0.012441166999999975,0.9903001394750016,,,,,32,10,7
pcg20,2,0.0011937500000001044,0.9385360824511837,,,,,32,10,7
pcg80,2,0.0034610420000000808,0.9999952278985766,,,,,32,10,7
cg20,2,0.0008584160000002505,0.5538337297045991,,,,,32,10,7
pcg80,0,0.003109333999999908,0.9999973177884272,,,,,32,10,8
poisson_pcg20,0,0.0029669580000000195,1.0,,,,,32,10,8
poisson_pcg80,0,0.004706833000000188,1.0,,,,,32,10,8
poisson_pcg40,0,0.004403500000000005,1.0,,,,,32,10,8
oracle_reused,0,0.0002450409999998904,1.0,,,,,32,10,8
jacobi20,0,0.0004956659999999502,0.7883740098168943,,,,,32,10,8
pcg10,0,0.000645875000000018,0.8583312397181889,,,,,32,10,8
poisson_pcg10,0,0.0013028330000000032,0.9999980106930834,,,,,32,10,8
poisson_pcg5,0,0.000802541000000101,0.9901752601745225,,,,,32,10,8
amg_reused,0,0.0005697909999997641,0.9923764841570701,,,,,32,10,8
pcg20,0,0.0009535000000000515,0.9655399180137328,,,,,32,10,8
adaptive_rank90,0,0.0037932500000001923,1.0,15.0,1.0,3.0,1.0,32,10,8
pcg5,0,0.0003592500000002552,0.6378167133073456,,,,,32,10,8
oracle,0,0.002683499999999839,1.0,,,,,32,10,8
amg,0,0.008054958000000223,0.9923764841570701,,,,,32,10,8
pcg40,0,0.0017972920000000059,0.9983892984228595,,,,,32,10,8
raw,0,3.9332999999697194e-05,0.2976296849295472,,,,,32,10,8
poisson,0,0.00018129100000008336,0.46898413471854655,,,,,32,10,8
cg20,0,0.0010881250000003284,0.7228734197303482,,,,,32,10,8
amg_reused,1,0.0005713329999998962,0.9923764841570701,,,,,32,10,8
poisson,1,0.00014087500000004027,0.46898413471854655,,,,,32,10,8
jacobi20,1,0.0004977499999996304,0.7883740098168943,,,,,32,10,8
poisson_pcg5,1,0.0010463750000000438,0.9901752601745225,,,,,32,10,8
pcg40,1,0.0016146249999997586,0.9983892984228595,,,,,32,10,8
pcg10,1,0.0005601669999997227,0.8583312397181889,,,,,32,10,8
pcg5,1,0.00034625000000021444,0.6378167133073456,,,,,32,10,8
adaptive_rank90,1,0.002425042000000044,1.0,15.0,1.0,3.0,1.0,32,10,8
pcg20,1,0.0009597499999998149,0.9655399180137328,,,,,32,10,8
poisson_pcg40,1,0.004180333000000314,1.0,,,,,32,10,8
oracle_reused,1,0.00016308399999998002,1.0,,,,,32,10,8
cg20,1,0.0008496669999997764,0.7228734197303482,,,,,32,10,8
amg,1,0.009812791999999959,0.9923764841570701,,,,,32,10,8
pcg80,1,0.0032288330000000975,0.9999973177884272,,,,,32,10,8
raw,1,3.7333000000305816e-05,0.2976296849295472,,,,,32,10,8
poisson_pcg80,1,0.0037585420000008085,1.0,,,,,32,10,8
poisson_pcg20,1,0.0030677910000003195,1.0,,,,,32,10,8
oracle,1,0.0032662080000003257,1.0,,,,,32,10,8
poisson_pcg10,1,0.0013915420000003564,0.9999980106930834,,,,,32,10,8
pcg20,2,0.0009504580000001539,0.9655399180137328,,,,,32,10,8
pcg40,2,0.0018770000000003506,0.9983892984228595,,,,,32,10,8
oracle_reused,2,0.00018579100000071236,1.0,,,,,32,10,8
poisson_pcg40,2,0.004056874999999849,1.0,,,,,32,10,8
poisson_pcg5,2,0.0006573750000002931,0.9901752601745225,,,,,32,10,8
poisson_pcg80,2,0.0036044170000000264,1.0,,,,,32,10,8
amg_reused,2,0.0005837079999997385,0.9923764841570701,,,,,32,10,8
cg20,2,0.0010259589999996876,0.7228734197303482,,,,,32,10,8
pcg10,2,0.0007074160000000163,0.8583312397181889,,,,,32,10,8
adaptive_rank90,2,0.0026276670000005,1.0,15.0,1.0,3.0,1.0,32,10,8
raw,2,3.50409999994028e-05,0.2976296849295472,,,,,32,10,8
amg,2,0.00833766700000016,0.9923764841570701,,,,,32,10,8
jacobi20,2,0.0005204999999994797,0.7883740098168943,,,,,32,10,8
poisson_pcg10,2,0.0010804579999996733,0.9999980106930834,,,,,32,10,8
poisson_pcg20,2,0.0019197499999998868,1.0,,,,,32,10,8
pcg5,2,0.00035700000000016274,0.6378167133073456,,,,,32,10,8
oracle,2,0.0028464579999996076,1.0,,,,,32,10,8
pcg80,2,0.0035320829999996306,0.9999973177884272,,,,,32,10,8
poisson,2,0.00016000000000016001,0.46898413471854655,,,,,32,10,8
amg,0,0.009357292000000683,0.984154388098133,,,,,32,10,9
jacobi20,0,0.0004707919999997756,0.7021208135147698,,,,,32,10,9
oracle,0,0.0026621249999996266,1.0,,,,,32,10,9
poisson_pcg5,0,0.0007620829999996914,0.9946234957263428,,,,,32,10,9
poisson,0,0.00018766600000041933,0.6326711698018739,,,,,32,10,9
poisson_pcg40,0,0.004424540999999671,1.0,,,,,32,10,9
pcg5,0,0.0003926659999997639,0.5801894311923323,,,,,32,10,9
amg_reused,0,0.0006193750000003106,0.984154388098133,,,,,32,10,9
pcg80,0,0.0030594170000002308,0.9999980665724912,,,,,32,10,9
adaptive_rank90,0,0.0022657500000002884,0.9999989382912523,10.0,1.0,2.0,0.9320388349514563,32,10,9
poisson_pcg80,0,0.004238500000000478,1.0,,,,,32,10,9
pcg20,0,0.0009547500000000042,0.9295504948680352,,,,,32,10,9
oracle_reused,0,0.00019045799999961588,1.0,,,,,32,10,9
pcg40,0,0.0017700840000003382,0.9954861843752235,,,,,32,10,9
pcg10,0,0.0005827500000004093,0.7482421567663257,,,,,32,10,9
poisson_pcg20,0,0.0024324999999993935,1.0,,,,,32,10,9
poisson_pcg10,0,0.0014766250000004533,0.9999989382912523,,,,,32,10,9
cg20,0,0.000911084000000173,0.701218584596953,,,,,32,10,9
raw,0,4.308399999963797e-05,0.3663717388777627,,,,,32,10,9
amg,1,0.010212250000000367,0.984154388098133,,,,,32,10,9
pcg20,1,0.0012863330000003614,0.9295504948680352,,,,,32,10,9
poisson_pcg20,1,0.004068292000000362,1.0,,,,,32,10,9
pcg80,1,0.003239415999999551,0.9999980665724912,,,,,32,10,9
adaptive_rank90,1,0.0014854580000003281,0.9999989382912523,10.0,1.0,2.0,0.9320388349514563,32,10,9
pcg40,1,0.0019326660000000828,0.9954861843752235,,,,,32,10,9
poisson_pcg5,1,0.0007523329999994388,0.9946234957263428,,,,,32,10,9
poisson,1,0.0001562499999998579,0.6326711698018739,,,,,32,10,9
poisson_pcg80,1,0.004701665999999882,1.0,,,,,32,10,9
poisson_pcg40,1,0.004614416999999982,1.0,,,,,32,10,9
jacobi20,1,0.0005063329999996924,0.7021208135147698,,,,,32,10,9
raw,1,2.8207999999807498e-05,0.3663717388777627,,,,,32,10,9
pcg5,1,0.0004941660000001846,0.5801894311923323,,,,,32,10,9
cg20,1,0.0008608749999998722,0.701218584596953,,,,,32,10,9
poisson_pcg10,1,0.0010842910000006256,0.9999989382912523,,,,,32,10,9
pcg10,1,0.00047579100000039176,0.7482421567663257,,,,,32,10,9
oracle_reused,1,0.00014387500000001552,1.0,,,,,32,10,9
amg_reused,1,0.00048220900000028877,0.984154388098133,,,,,32,10,9
oracle,1,0.002685999999999744,1.0,,,,,32,10,9
pcg10,2,0.0005977909999996811,0.7482421567663257,,,,,32,10,9
amg,2,0.00861212499999997,0.984154388098133,,,,,32,10,9
poisson_pcg80,2,0.0035687499999994543,1.0,,,,,32,10,9
amg_reused,2,0.00045383299999990356,0.984154388098133,,,,,32,10,9
pcg40,2,0.001636333000000434,0.9954861843752235,,,,,32,10,9
poisson_pcg40,2,0.0045121670000005665,1.0,,,,,32,10,9
adaptive_rank90,2,0.0019057499999997063,0.9999989382912523,10.0,1.0,2.0,0.9320388349514563,32,10,9
oracle,2,0.0028847499999997694,1.0,,,,,32,10,9
jacobi20,2,0.0005145420000003398,0.7021208135147698,,,,,32,10,9
pcg20,2,0.0009529160000001369,0.9295504948680352,,,,,32,10,9
poisson_pcg5,2,0.00078724999999924,0.9946234957263428,,,,,32,10,9
oracle_reused,2,0.0002185419999998217,1.0,,,,,32,10,9
pcg5,2,0.00042000000000008697,0.5801894311923323,,,,,32,10,9
poisson_pcg20,2,0.002273291999999927,1.0,,,,,32,10,9
poisson,2,0.00010129100000000335,0.6326711698018739,,,,,32,10,9
cg20,2,0.0007335830000005927,0.701218584596953,,,,,32,10,9
poisson_pcg10,2,0.004434374999999768,0.9999989382912523,,,,,32,10,9
pcg80,2,0.003309458000000376,0.9999980665724912,,,,,32,10,9
raw,2,2.3708000000510765e-05,0.3663717388777627,,,,,32,10,9
amg,0,0.0076766250000002145,0.9978485757456546,,,,,32,10,10
poisson_pcg40,0,0.00455950000000005,1.0,,,,,32,10,10
poisson_pcg5,0,0.0007467090000004006,0.9994269566733424,,,,,32,10,10
pcg5,0,0.00037370800000058324,0.19477665000715255,,,,,32,10,10
raw,0,3.120800000022683e-05,0.31923658670695937,,,,,32,10,10
oracle_reused,0,0.0001603750000001014,1.0,,,,,32,10,10
pcg20,0,0.0008355409999998287,0.8366836242042771,,,,,32,10,10
poisson_pcg10,0,0.0010746670000001401,0.9999990835777127,,,,,32,10,10
oracle,0,0.002439083000000508,1.0,,,,,32,10,10
poisson,0,0.00010362500000038466,0.7850589080716686,,,,,32,10,10
pcg80,0,0.0031707079999998555,0.9999993070953436,,,,,32,10,10
cg20,0,0.0008962080000003425,0.3069120592232315,,,,,32,10,10
poisson_pcg80,0,0.00470787500000025,1.0,,,,,32,10,10
amg_reused,0,0.0006247499999991746,0.9978485757456546,,,,,32,10,10
pcg10,0,0.0006284160000005201,0.3431202949538659,,,,,32,10,10
poisson_pcg20,0,0.002445125000000381,1.0,,,,,32,10,10
pcg40,0,0.0017041249999998342,0.9905738815177743,,,,,32,10,10
adaptive_rank90,0,0.001485041999999659,0.9999990835777127,10.0,1.0,2.0,0.9029126213592233,32,10,10
jacobi20,0,0.0003381249999998559,0.2795208452542737,,,,,32,10,10
oracle_reused,1,0.00013754099999996328,1.0,,,,,32,10,10
poisson_pcg40,1,0.004785292000000219,1.0,,,,,32,10,10
pcg40,1,0.0017075420000001174,0.9905738815177743,,,,,32,10,10
poisson_pcg20,1,0.0024105830000005213,1.0,,,,,32,10,10
adaptive_rank90,1,0.001850208000000464,0.9999990835777127,10.0,1.0,2.0,0.9029126213592233,32,10,10
poisson_pcg5,1,0.0007695409999994851,0.9994269566733424,,,,,32,10,10
raw,1,2.0207999999577453e-05,0.31923658670695937,,,,,32,10,10
pcg80,1,0.0027611670000000643,0.9999993070953436,,,,,32,10,10
poisson_pcg80,1,0.004863540999999749,1.0,,,,,32,10,10
amg_reused,1,0.0005810000000003868,0.9978485757456546,,,,,32,10,10
oracle,1,0.002864875000000211,1.0,,,,,32,10,10
cg20,1,0.0008728749999997731,0.3069120592232315,,,,,32,10,10
pcg5,1,0.0003044589999996461,0.19477665000715255,,,,,32,10,10
jacobi20,1,0.00048699999999968213,0.2795208452542737,,,,,32,10,10
poisson,1,0.00021566599999989222,0.7850589080716686,,,,,32,10,10
pcg20,1,0.0010284580000003984,0.8366836242042771,,,,,32,10,10
poisson_pcg10,1,0.0010852909999998772,0.9999990835777127,,,,,32,10,10
pcg10,1,0.0004715420000005466,0.3431202949538659,,,,,32,10,10
amg,1,0.00994779199999929,0.9978485757456546,,,,,32,10,10
oracle,2,0.0027429589999998782,1.0,,,,,32,10,10
pcg5,2,0.0003177079999998611,0.19477665000715255,,,,,32,10,10
oracle_reused,2,0.00011808400000035135,1.0,,,,,32,10,10
adaptive_rank90,2,0.0014514160000000942,0.9999990835777127,10.0,1.0,2.0,0.9029126213592233,32,10,10
pcg40,2,0.0016698330000002315,0.9905738815177743,,,,,32,10,10
poisson_pcg40,2,0.004514832999999996,1.0,,,,,32,10,10
poisson,2,0.00014629200000015885,0.7850589080716686,,,,,32,10,10
amg_reused,2,0.0005889579999998062,0.9978485757456546,,,,,32,10,10
poisson_pcg20,2,0.0022999999999999687,1.0,,,,,32,10,10
jacobi20,2,0.0003528749999999192,0.2795208452542737,,,,,32,10,10
pcg10,2,0.00048525000000054774,0.3431202949538659,,,,,32,10,10
cg20,2,0.0008607910000000274,0.3069120592232315,,,,,32,10,10
raw,2,3.008300000040265e-05,0.31923658670695937,,,,,32,10,10
pcg80,2,0.0034622080000001887,0.9999993070953436,,,,,32,10,10
amg,2,0.009974249999999962,0.9978485757456546,,,,,32,10,10
poisson_pcg5,2,0.0008877920000003314,0.9994269566733424,,,,,32,10,10
pcg20,2,0.0009611669999998185,0.8366836242042771,,,,,32,10,10
poisson_pcg10,2,0.0014962499999997547,0.9999990835777127,,,,,32,10,10
poisson_pcg80,2,0.004659874999999758,1.0,,,,,32,10,10
pcg40,0,0.001764166000000067,0.9892031596452326,,,,,32,10,11
oracle_reused,0,0.0002509170000006833,1.0,,,,,32,10,11
poisson_pcg5,0,0.00079633300000026,0.996629935269294,,,,,32,10,11
cg20,0,0.0010044579999997083,0.5361237572419713,,,,,32,10,11
raw,0,4.216699999926021e-05,0.10653898594521134,,,,,32,10,11
amg,0,0.009176540999999538,0.9904821275302195,,,,,32,10,11
poisson_pcg10,0,0.0010391250000001406,0.9999946355768543,,,,,32,10,11
adaptive_rank90,0,0.0029394579999992843,0.9999998323617766,15.0,1.0,3.0,1.0,32,10,11
oracle,0,0.002507833000000126,1.0,,,,,32,10,11
pcg5,0,0.0003227079999996718,0.4271505748873471,,,,,32,10,11
jacobi20,0,0.0003301660000003537,0.5583312732458335,,,,,32,10,11
pcg10,0,0.00044945799999940306,0.6630367999427794,,,,,32,10,11
poisson_pcg80,0,0.00488112499999982,1.0,,,,,32,10,11
pcg80,0,0.003273749999999964,0.9999940544310134,,,,,32,10,11
poisson_pcg40,0,0.0037863749999997864,1.0,,,,,32,10,11
poisson,0,0.00011595800000030465,0.549789804019741,,,,,32,10,11
pcg20,0,0.0008192920000000825,0.8839775074207852,,,,,32,10,11
amg_reused,0,0.0004639160000001752,0.9904821275302195,,,,,32,10,11
poisson_pcg20,0,0.0024522080000002333,1.0,,,,,32,10,11
poisson_pcg20,1,0.0028298749999997597,1.0,,,,,32,10,11
amg,1,0.010841165999999625,0.9904821275302195,,,,,32,10,11
poisson,1,0.00012616699999945524,0.549789804019741,,,,,32,10,11
pcg40,1,0.001663500000000262,0.9892031596452326,,,,,32,10,11
pcg10,1,0.0004898749999995289,0.6630367999427794,,,,,32,10,11
amg_reused,1,0.0004814169999995954,0.9904821275302195,,,,,32,10,11
pcg5,1,0.00031404199999940374,0.4271505748873471,,,,,32,10,11
raw,1,1.8874999999418662e-05,0.10653898594521134,,,,,32,10,11
adaptive_rank90,1,0.0020584589999996794,0.9999998323617766,15.0,1.0,3.0,1.0,32,10,11
pcg80,1,0.0032908750000002485,0.9999940544310134,,,,,32,10,11
poisson_pcg40,1,0.0038637499999998326,1.0,,,,,32,10,11
cg20,1,0.0009645830000000188,0.5361237572419713,,,,,32,10,11
poisson_pcg5,1,0.0008199579999992324,0.996629935269294,,,,,32,10,11
poisson_pcg80,1,0.005417583000000725,1.0,,,,,32,10,11
pcg20,1,0.0008924170000002007,0.8839775074207852,,,,,32,10,11
oracle,1,0.002812125000000165,1.0,,,,,32,10,11
jacobi20,1,0.0005336670000000154,0.5583312732458335,,,,,32,10,11
oracle_reused,1,0.0002044999999997188,1.0,,,,,32,10,11
poisson_pcg10,1,0.0019400830000000369,0.9999946355768543,,,,,32,10,11
pcg40,2,0.001557459000000705,0.9892031596452326,,,,,32,10,11
pcg10,2,0.0006703749999994457,0.6630367999427794,,,,,32,10,11
pcg80,2,0.003968416000000197,0.9999940544310134,,,,,32,10,11
amg,2,0.011325750000000134,0.9904821275302195,,,,,32,10,11
pcg5,2,0.0004763750000007505,0.4271505748873471,,,,,32,10,11
poisson_pcg10,2,0.0010895829999997275,0.9999946355768543,,,,,32,10,11
amg_reused,2,0.0004710000000001102,0.9904821275302195,,,,,32,10,11
jacobi20,2,0.00034416599999964603,0.5583312732458335,,,,,32,10,11
adaptive_rank90,2,0.002705458000000327,0.9999998323617766,15.0,1.0,3.0,1.0,32,10,11
cg20,2,0.000911332999999459,0.5361237572419713,,,,,32,10,11
raw,2,4.3041999999715586e-05,0.10653898594521134,,,,,32,10,11
oracle_reused,2,0.0001888330000001659,1.0,,,,,32,10,11
poisson_pcg20,2,0.002891166000000389,1.0,,,,,32,10,11
poisson_pcg40,2,0.004613167000000473,1.0,,,,,32,10,11
pcg20,2,0.0010122919999995261,0.8839775074207852,,,,,32,10,11
poisson_pcg80,2,0.004731375000000426,1.0,,,,,32,10,11
poisson_pcg5,2,0.0005728749999995841,0.996629935269294,,,,,32,10,11
oracle,2,0.0027340000000002362,1.0,,,,,32,10,11
poisson,2,0.00023316700000020063,0.549789804019741,,,,,32,10,11
oracle,0,0.002339709000000134,1.0,,,,,32,10,12
adaptive_rank90,0,0.0021763339999996134,0.9999999329447105,15.0,1.0,3.0,1.0,32,10,12
poisson_pcg80,0,0.004959958000000597,1.0,,,,,32,10,12
poisson_pcg10,0,0.0010083329999996948,0.9999953284815107,,,,,32,10,12
poisson_pcg20,0,0.002563332999999446,1.0,,,,,32,10,12
pcg20,0,0.0008058329999993674,0.7100896417459408,,,,,32,10,12
amg_reused,0,0.0004647919999998251,0.9977243781739502,,,,,32,10,12
pcg80,0,0.003291791999999738,0.9999988153565551,,,,,32,10,12
pcg10,0,0.0006013329999996486,0.26315958935340816,,,,,32,10,12
pcg40,0,0.001471167000000051,0.9966721912774479,,,,,32,10,12
pcg5,0,0.00028587500000032406,0.150941780362635,,,,,32,10,12
jacobi20,0,0.00033612499999957635,0.2060367865317216,,,,,32,10,12
amg,0,0.008785207999999933,0.9977243781739502,,,,,32,10,12
poisson_pcg5,0,0.0021898330000000854,0.9966605348329877,,,,,32,10,12
raw,0,2.349999999928798e-05,0.22539074234675627,,,,,32,10,12
poisson,0,9.520799999940266e-05,0.7260638992203705,,,,,32,10,12
cg20,0,0.0007088330000000198,0.32811079545454547,,,,,32,10,12
poisson_pcg40,0,0.0038725000000008336,1.0,,,,,32,10,12
oracle_reused,0,0.00015250000000044395,1.0,,,,,32,10,12
pcg80,1,0.002811582999999729,0.9999988153565551,,,,,32,10,12
amg_reused,1,0.0004726250000004484,0.9977243781739502,,,,,32,10,12
poisson_pcg10,1,0.0013652500000000956,0.9999953284815107,,,,,32,10,12
pcg40,1,0.0017910420000006866,0.9966721912774479,,,,,32,10,12
poisson_pcg80,1,0.00489612500000014,1.0,,,,,32,10,12
pcg20,1,0.0008202089999995721,0.7100896417459408,,,,,32,10,12
raw,1,2.0333000000150037e-05,0.22539074234675627,,,,,32,10,12
poisson_pcg20,1,0.0019320839999998896,1.0,,,,,32,10,12
jacobi20,1,0.0005014169999997264,0.2060367865317216,,,,,32,10,12
oracle_reused,1,0.00016954200000007802,1.0,,,,,32,10,12
poisson_pcg40,1,0.004470833000000063,1.0,,,,,32,10,12
poisson_pcg5,1,0.0005795000000006212,0.9966605348329877,,,,,32,10,12
poisson,1,8.85840000002247e-05,0.7260638992203705,,,,,32,10,12
pcg10,1,0.00047566600000070736,0.26315958935340816,,,,,32,10,12
pcg5,1,0.00029812499999959385,0.150941780362635,,,,,32,10,12
cg20,1,0.0008733329999994766,0.32811079545454547,,,,,32,10,12
amg,1,0.009287708999999644,0.9977243781739502,,,,,32,10,12
oracle,1,0.002795874999999448,1.0,,,,,32,10,12
adaptive_rank90,1,0.0026251659999996235,0.9999999329447105,15.0,1.0,3.0,1.0,32,10,12
oracle_reused,2,0.00021062500000024187,1.0,,,,,32,10,12
pcg10,2,0.0007010000000002847,0.26315958935340816,,,,,32,10,12
amg,2,0.008482207999999325,0.9977243781739502,,,,,32,10,12
pcg5,2,0.00047049999999959624,0.150941780362635,,,,,32,10,12
pcg40,2,0.001562541000000195,0.9966721912774479,,,,,32,10,12
raw,2,4.054199999981023e-05,0.22539074234675627,,,,,32,10,12
cg20,2,0.0007715419999998474,0.32811079545454547,,,,,32,10,12
poisson_pcg5,2,0.0006110829999999012,0.9966605348329877,,,,,32,10,12
poisson,2,9.05419999996937e-05,0.7260638992203705,,,,,32,10,12
pcg20,2,0.0008112089999992023,0.7100896417459408,,,,,32,10,12
oracle,2,0.0024844160000006,1.0,,,,,32,10,12
jacobi20,2,0.0005574159999994777,0.2060367865317216,,,,,32,10,12
adaptive_rank90,2,0.0036247499999992883,0.9999999329447105,15.0,1.0,3.0,1.0,32,10,12
amg_reused,2,0.0006758749999997704,0.9977243781739502,,,,,32,10,12
poisson_pcg80,2,0.004136457999999621,1.0,,,,,32,10,12
poisson_pcg10,2,0.0010758330000006922,0.9999953284815107,,,,,32,10,12
pcg80,2,0.003759209000000041,0.9999988153565551,,,,,32,10,12
poisson_pcg20,2,0.002578500000000261,1.0,,,,,32,10,12
poisson_pcg40,2,0.0037871249999996692,1.0,,,,,32,10,12
pcg20,0,0.001081375000000051,0.8414600730455617,,,,,32,10,13
poisson_pcg40,0,0.005269417000000054,1.0,,,,,32,10,13
amg_reused,0,0.0005808329999998918,0.9372431335383734,,,,,32,10,13
poisson,0,0.0002320829999993279,0.3973867212645733,,,,,32,10,13
poisson_pcg10,0,0.0013225000000005593,0.9999649636113296,,,,,32,10,13
oracle_reused,0,0.00021604199999991636,1.0,,,,,32,10,13
cg20,0,0.0009962909999998715,0.7434066545669122,,,,,32,10,13
poisson_pcg80,0,0.004419125000000079,1.0,,,,,32,10,13
pcg10,0,0.0005244580000001164,0.663610793219369,,,,,32,10,13
oracle,0,0.0030837500000000517,1.0,,,,,32,10,13
adaptive_rank90,0,0.0028005000000002056,0.9999998547135397,15.0,1.0,3.0,1.0,32,10,13
raw,0,2.7792000000026462e-05,0.3913361883985409,,,,,32,10,13
pcg5,0,0.0004723749999993032,0.4822460839711037,,,,,32,10,13
jacobi20,0,0.0004980420000002539,0.592691219333381,,,,,32,10,13
pcg80,0,0.0036381250000001586,0.999994914973893,,,,,32,10,13
amg,0,0.012510291999999978,0.9372431335383734,,,,,32,10,13
pcg40,0,0.001533124999999913,0.9495888169658823,,,,,32,10,13
poisson_pcg20,0,0.001965708000000177,1.0,,,,,32,10,13
poisson_pcg5,0,0.0005700000000006256,0.9775202395214933,,,,,32,10,13
poisson_pcg40,1,0.004482832999999964,1.0,,,,,32,10,13
pcg20,1,0.0010925000000003848,0.8414600730455617,,,,,32,10,13
cg20,1,0.0011018339999999682,0.7434066545669122,,,,,32,10,13
amg_reused,1,0.0005183749999995158,0.9372431335383734,,,,,32,10,13
pcg80,1,0.002758167000000533,0.999994914973893,,,,,32,10,13
poisson_pcg10,1,0.0010599579999999165,0.9999649636113296,,,,,32,10,13
poisson_pcg20,1,0.0024238340000000136,1.0,,,,,32,10,13
raw,1,5.8499999999739316e-05,0.3913361883985409,,,,,32,10,13
pcg5,1,0.0005001659999992469,0.4822460839711037,,,,,32,10,13
poisson_pcg80,1,0.005226874999999964,1.0,,,,,32,10,13
adaptive_rank90,1,0.0026485000000002756,0.9999998547135397,15.0,1.0,3.0,1.0,32,10,13
oracle,1,0.0030175830000001014,1.0,,,,,32,10,13
pcg10,1,0.0005399580000000626,0.663610793219369,,,,,32,10,13
poisson_pcg5,1,0.0005944580000001309,0.9775202395214933,,,,,32,10,13
poisson,1,9.520900000037358e-05,0.3973867212645733,,,,,32,10,13
jacobi20,1,0.0005065829999999494,0.592691219333381,,,,,32,10,13
oracle_reused,1,0.0001993330000003013,1.0,,,,,32,10,13
amg,1,0.012827249999999957,0.9372431335383734,,,,,32,10,13
pcg40,1,0.0017706670000006142,0.9495888169658823,,,,,32,10,13
poisson_pcg20,2,0.0019316250000001034,1.0,,,,,32,10,13
poisson_pcg5,2,0.0005535830000003017,0.9775202395214933,,,,,32,10,13
jacobi20,2,0.00045937500000015064,0.592691219333381,,,,,32,10,13
raw,2,4.887500000005929e-05,0.3913361883985409,,,,,32,10,13
amg_reused,2,0.0006035420000003455,0.9372431335383734,,,,,32,10,13
poisson_pcg40,2,0.004505208000000316,1.0,,,,,32,10,13
cg20,2,0.0007238750000002625,0.7434066545669122,,,,,32,10,13
oracle,2,0.0028490830000000855,1.0,,,,,32,10,13
pcg80,2,0.003246499999999486,0.999994914973893,,,,,32,10,13
pcg5,2,0.00037516600000042644,0.4822460839711037,,,,,32,10,13
poisson_pcg80,2,0.0042102079999999376,1.0,,,,,32,10,13
adaptive_rank90,2,0.002140875000000264,0.9999998547135397,15.0,1.0,3.0,1.0,32,10,13
pcg10,2,0.0006788749999993016,0.663610793219369,,,,,32,10,13
amg,2,0.008562416000000184,0.9372431335383734,,,,,32,10,13
pcg40,2,0.001731499999999997,0.9495888169658823,,,,,32,10,13
pcg20,2,0.0009067499999995121,0.8414600730455617,,,,,32,10,13
oracle_reused,2,0.00016162500000049818,1.0,,,,,32,10,13
poisson,2,0.00011887500000007378,0.3973867212645733,,,,,32,10,13
poisson_pcg10,2,0.0010317909999999486,0.9999649636113296,,,,,32,10,13
poisson_pcg40,0,0.003823666000000614,1.0,,,,,32,10,14
pcg10,0,0.000610916999999489,0.6902104306737715,,,,,32,10,14
pcg5,0,0.0004627079999997008,0.49402285914812955,,,,,32,10,14
oracle_reused,0,0.00018766599999953115,1.0,,,,,32,10,14
poisson_pcg10,0,0.0013747500000000912,0.9999886229525784,,,,,32,10,14
pcg80,0,0.0027999999999996916,0.9999995306129746,,,,,32,10,14
cg20,0,0.0007262079999996729,0.6736669632000573,,,,,32,10,14
amg,0,0.010319374999999908,0.9839612241613618,,,,,32,10,14
pcg40,0,0.0014557499999998669,0.9999097659323367,,,,,32,10,14
amg_reused,0,0.00046487499999958715,0.9839612241613618,,,,,32,10,14
pcg20,0,0.0008691250000003592,0.9695001139939916,,,,,32,10,14
jacobi20,0,0.0005297920000000289,0.6121467192082111,,,,,32,10,14
adaptive_rank90,0,0.0022726659999996457,0.9999999441205921,15.0,1.0,3.0,1.0,32,10,14
raw,0,2.0791999999936195e-05,0.2759108008189685,,,,,32,10,14
oracle,0,0.002438832999999363,1.0,,,,,32,10,14
poisson_pcg20,0,0.0019975830000005246,1.0,,,,,32,10,14
poisson_pcg80,0,0.00439949999999989,1.0,,,,,32,10,14
poisson_pcg5,0,0.0005870830000000993,0.99103677535584,,,,,32,10,14
poisson,0,8.545800000003823e-05,0.5799366327515914,,,,,32,10,14
adaptive_rank90,1,0.0019860829999993612,0.9999999441205921,15.0,1.0,3.0,1.0,32,10,14
amg,1,0.008728666999999746,0.9839612241613618,,,,,32,10,14
pcg80,1,0.0029444999999999055,0.9999995306129746,,,,,32,10,14
pcg10,1,0.0004776249999993709,0.6902104306737715,,,,,32,10,14
jacobi20,1,0.0003339159999997676,0.6121467192082111,,,,,32,10,14
amg_reused,1,0.00046879199999949606,0.9839612241613618,,,,,32,10,14
cg20,1,0.0007116250000001045,0.6736669632000573,,,,,32,10,14
poisson_pcg5,1,0.0005825420000000747,0.99103677535584,,,,,32,10,14
pcg20,1,0.0007709589999995714,0.9695001139939916,,,,,32,10,14
oracle,1,0.0034717909999999463,1.0,,,,,32,10,14
pcg40,1,0.001877125000000035,0.9999097659323367,,,,,32,10,14
raw,1,3.9041999999156474e-05,0.2759108008189685,,,,,32,10,14
oracle_reused,1,0.00019729100000009936,1.0,,,,,32,10,14
poisson_pcg80,1,0.004904750000000568,1.0,,,,,32,10,14
poisson_pcg10,1,0.0018443750000001202,0.9999886229525784,,,,,32,10,14
poisson,1,0.00019491699999996115,0.5799366327515914,,,,,32,10,14
poisson_pcg40,1,0.005544124999999234,1.0,,,,,32,10,14
pcg5,1,0.004777708999999852,0.49402285914812955,,,,,32,10,14
poisson_pcg20,1,0.005866541999999697,1.0,,,,,32,10,14
pcg40,2,0.0019050000000007117,0.9999097659323367,,,,,32,10,14
pcg5,2,0.0004027920000000407,0.49402285914812955,,,,,32,10,14
pcg10,2,0.000463582999999268,0.6902104306737715,,,,,32,10,14
poisson_pcg5,2,0.0005938749999998549,0.99103677535584,,,,,32,10,14
poisson_pcg10,2,0.0010063330000003035,0.9999886229525784,,,,,32,10,14
poisson_pcg20,2,0.0024511250000003315,1.0,,,,,32,10,14
raw,2,5.604100000056178e-05,0.2759108008189685,,,,,32,10,14
pcg80,2,0.003370499999999943,0.9999995306129746,,,,,32,10,14
pcg20,2,0.0009690830000002038,0.9695001139939916,,,,,32,10,14
oracle_reused,2,0.00024141699999979949,1.0,,,,,32,10,14
jacobi20,2,0.0004978750000006471,0.6121467192082111,,,,,32,10,14
poisson_pcg40,2,0.004684124999999817,1.0,,,,,32,10,14
cg20,2,0.0009328340000003266,0.6736669632000573,,,,,32,10,14
poisson_pcg80,2,0.004674624999999821,1.0,,,,,32,10,14
oracle,2,0.002564957999999784,1.0,,,,,32,10,14
amg_reused,2,0.0007229999999998071,0.9839612241613618,,,,,32,10,14
amg,2,0.011165375000000033,0.9839612241613618,,,,,32,10,14
poisson,2,0.00020241600000048265,0.5799366327515914,,,,,32,10,14
adaptive_rank90,2,0.002222917000000102,0.9999999441205921,15.0,1.0,3.0,1.0,32,10,14
pcg40,0,0.0015105410000000319,0.9758600287890706,,,,,32,10,15
oracle_reused,0,0.00023329200000077321,1.0,,,,,32,10,15
poisson_pcg10,0,0.0014624999999997002,0.999987907696159,,,,,32,10,15
jacobi20,0,0.00035649999999964876,0.5028918152313855,,,,,32,10,15
oracle,0,0.002814040999999712,1.0,,,,,32,10,15
poisson_pcg20,0,0.0025978750000001938,1.0,,,,,32,10,15
amg,0,0.009853500000000182,0.9706466812102138,,,,,32,10,15
cg20,0,0.0008355830000006392,0.5251919010621557,,,,,32,10,15
adaptive_rank90,0,0.0021618329999997243,0.9999998547135397,15.0,1.0,3.0,1.0,32,10,15
poisson,0,9.033400000024727e-05,0.5566892009691724,,,,,32,10,15
raw,0,4.6957999999541755e-05,0.2516479619662399,,,,,32,10,15
pcg80,0,0.0031820000000006843,0.9999933615263572,,,,,32,10,15
pcg10,0,0.0004718750000005656,0.5509142429904871,,,,,32,10,15
poisson_pcg5,0,0.0005902500000001254,0.9824795704885201,,,,,32,10,15
amg_reused,0,0.00046504199999919393,0.9706466812102138,,,,,32,10,15
pcg20,0,0.0007686250000000783,0.7172075495315069,,,,,32,10,15
poisson_pcg80,0,0.0037273329999996108,1.0,,,,,32,10,15
pcg5,0,0.00045983299999985405,0.41811227067091045,,,,,32,10,15
poisson_pcg40,0,0.0049046659999998354,1.0,,,,,32,10,15
amg_reused,1,0.0005810410000002264,0.9706466812102138,,,,,32,10,15
poisson_pcg80,1,0.0037715000000000387,1.0,,,,,32,10,15
poisson_pcg40,1,0.0043621250000001055,1.0,,,,,32,10,15
oracle_reused,1,0.00014745800000071085,1.0,,,,,32,10,15
poisson,1,0.0001030829999999483,0.5566892009691724,,,,,32,10,15
cg20,1,0.0007419999999997984,0.5251919010621557,,,,,32,10,15
oracle,1,0.0024448330000002017,1.0,,,,,32,10,15
adaptive_rank90,1,0.0022013330000003606,0.9999998547135397,15.0,1.0,3.0,1.0,32,10,15
raw,1,4.124999999977064e-05,0.2516479619662399,,,,,32,10,15
pcg20,1,0.0010099160000001106,0.7172075495315069,,,,,32,10,15
poisson_pcg10,1,0.00129287499999986,0.999987907696159,,,,,32,10,15
pcg5,1,0.0003051670000004947,0.41811227067091045,,,,,32,10,15
pcg80,1,0.0035173749999994897,0.9999933615263572,,,,,32,10,15
poisson_pcg5,1,0.00058937499999967,0.9824795704885201,,,,,32,10,15
pcg10,1,0.0004626659999997784,0.5509142429904871,,,,,32,10,15
jacobi20,1,0.00033624999999926075,0.5028918152313855,,,,,32,10,15
poisson_pcg20,1,0.002204707999999833,1.0,,,,,32,10,15
pcg40,1,0.0017575000000000784,0.9758600287890706,,,,,32,10,15
amg,1,0.009875833999999806,0.9706466812102138,,,,,32,10,15
poisson_pcg40,2,0.004693540999999968,1.0,,,,,32,10,15
pcg10,2,0.0005634590000003215,0.5509142429904871,,,,,32,10,15
poisson_pcg20,2,0.002206417000000016,1.0,,,,,32,10,15
oracle,2,0.0028243340000004835,1.0,,,,,32,10,15
poisson_pcg5,2,0.0008927500000002198,0.9824795704885201,,,,,32,10,15
poisson,2,0.00018595799999943097,0.5566892009691724,,,,,32,10,15
jacobi20,2,0.0004230419999995405,0.5028918152313855,,,,,32,10,15
adaptive_rank90,2,0.002133541000000072,0.9999998547135397,15.0,1.0,3.0,1.0,32,10,15
pcg80,2,0.003256459000000156,0.9999933615263572,,,,,32,10,15
pcg5,2,0.0004089580000004034,0.41811227067091045,,,,,32,10,15
poisson_pcg80,2,0.00486220799999959,1.0,,,,,32,10,15
raw,2,2.3624999999860563e-05,0.2516479619662399,,,,,32,10,15
poisson_pcg10,2,0.0010103749999998968,0.999987907696159,,,,,32,10,15
oracle_reused,2,0.000138375000000579,1.0,,,,,32,10,15
pcg20,2,0.0007836249999995104,0.7172075495315069,,,,,32,10,15
amg_reused,2,0.0004600420000002714,0.9706466812102138,,,,,32,10,15
pcg40,2,0.0015368330000002928,0.9758600287890706,,,,,32,10,15
amg,2,0.009597083000000062,0.9706466812102138,,,,,32,10,15
cg20,2,0.0007563329999999979,0.5251919010621557,,,,,32,10,15
amg_reused,0,0.0004948750000002278,0.978724664276518,,,,,32,10,16
cg20,0,0.000727499999999992,0.38640552356769897,,,,,32,10,16
jacobi20,0,0.0005912910000001048,0.31811533286245613,,,,,32,10,16
amg,0,0.007684416000000027,0.978724664276518,,,,,32,10,16
pcg10,0,0.0004720419999992842,0.3542220915885845,,,,,32,10,16
poisson_pcg10,0,0.001441291999999983,0.9999915510335454,,,,,32,10,16
poisson_pcg40,0,0.004722749999999998,1.0,,,,,32,10,16
poisson,0,0.00012200000000017752,0.23241857252700093,,,,,32,10,16
adaptive_rank90,0,0.0020618749999998798,0.9999998882411845,15.0,1.0,3.0,0.9805825242718447,32,10,16
oracle_reused,0,0.0001589170000002582,1.0,,,,,32,10,16
pcg40,0,0.0016403750000000272,0.9837594771475572,,,,,32,10,16
pcg5,0,0.00037829199999972474,0.266604051927616,,,,,32,10,16
poisson_pcg80,0,0.005184207999999302,1.0,,,,,32,10,16
raw,0,3.445800000001498e-05,0.21476445712037762,,,,,32,10,16
oracle,0,0.002757041999999821,1.0,,,,,32,10,16
pcg80,0,0.0032260419999996515,0.9999991059294756,,,,,32,10,16
pcg20,0,0.0014012910000005263,0.6710821717867105,,,,,32,10,16
poisson_pcg20,0,0.0024296670000003573,0.9999999888241183,,,,,32,10,16
poisson_pcg5,0,0.0009346670000001112,0.990538286335026,,,,,32,10,16
pcg40,1,0.0016848750000004742,0.9837594771475572,,,,,32,10,16
adaptive_rank90,1,0.002951459000000156,0.9999998882411845,15.0,1.0,3.0,0.9805825242718447,32,10,16
oracle_reused,1,0.00021374999999945743,1.0,,,,,32,10,16
pcg5,1,0.0004220000000003665,0.266604051927616,,,,,32,10,16
poisson,1,0.00017312499999988518,0.23241857252700093,,,,,32,10,16
pcg10,1,0.0005692079999999322,0.3542220915885845,,,,,32,10,16
poisson_pcg80,1,0.005071625000000246,1.0,,,,,32,10,16
amg_reused,1,0.0007247499999998297,0.978724664276518,,,,,32,10,16
amg,1,0.008999958000000419,0.978724664276518,,,,,32,10,16
poisson_pcg5,1,0.0009428750000006758,0.990538286335026,,,,,32,10,16
poisson_pcg10,1,0.001286541000000696,0.9999915510335454,,,,,32,10,16
pcg20,1,0.0009548329999997662,0.6710821717867105,,,,,32,10,16
jacobi20,1,0.0005958750000001345,0.31811533286245613,,,,,32,10,16
oracle,1,0.0028687500000001975,1.0,,,,,32,10,16
cg20,1,0.0008759999999998769,0.38640552356769897,,,,,32,10,16
raw,1,4.008300000002407e-05,0.21476445712037762,,,,,32,10,16
poisson_pcg40,1,0.00453616699999948,1.0,,,,,32,10,16
pcg80,1,0.003057416999999951,0.9999991059294756,,,,,32,10,16
poisson_pcg20,1,0.002502583000000058,0.9999999888241183,,,,,32,10,16
jacobi20,2,0.0005902079999993148,0.31811533286245613,,,,,32,10,16
pcg20,2,0.0010215829999999926,0.6710821717867105,,,,,32,10,16
poisson,2,0.0002774169999995024,0.23241857252700093,,,,,32,10,16
oracle_reused,2,0.00019087499999947966,1.0,,,,,32,10,16
pcg80,2,0.0030754579999996423,0.9999991059294756,,,,,32,10,16
raw,2,3.591699999994091e-05,0.21476445712037762,,,,,32,10,16
poisson_pcg80,2,0.0051496249999996024,1.0,,,,,32,10,16
pcg40,2,0.0017844580000003774,0.9837594771475572,,,,,32,10,16
adaptive_rank90,2,0.0024500830000002694,0.9999998882411845,15.0,1.0,3.0,0.9805825242718447,32,10,16
poisson_pcg40,2,0.003631083000000146,1.0,,,,,32,10,16
oracle,2,0.0028188749999999985,1.0,,,,,32,10,16
pcg5,2,0.0005405830000002609,0.266604051927616,,,,,32,10,16
cg20,2,0.0009125000000000938,0.38640552356769897,,,,,32,10,16
poisson_pcg10,2,0.0015032919999997674,0.9999915510335454,,,,,32,10,16
poisson_pcg20,2,0.002345875000000497,0.9999999888241183,,,,,32,10,16
pcg10,2,0.0006130000000004188,0.3542220915885845,,,,,32,10,16
amg_reused,2,0.0005734579999998601,0.978724664276518,,,,,32,10,16
poisson_pcg5,2,0.0012020000000001474,0.990538286335026,,,,,32,10,16
amg,2,0.009629792000000137,0.978724664276518,,,,,32,10,16
amg_reused,0,0.0006252919999996109,0.9956911947464415,,,,,32,10,17
poisson_pcg20,0,0.002305957999999997,1.0,,,,,32,10,17
adaptive_rank90,0,0.0019312090000003224,0.9999998100100135,10.0,1.0,2.0,0.9611650485436893,32,10,17
poisson_pcg80,0,0.0043107909999999805,1.0,,,,,32,10,17
cg20,0,0.0007135830000004617,0.438005596881482,,,,,32,10,17
pcg20,0,0.0007842920000005194,0.7230563689113796,,,,,32,10,17
poisson_pcg5,0,0.0005641250000003595,0.9981980902653601,,,,,32,10,17
jacobi20,0,0.0003323749999992742,0.40071115487089615,,,,,32,10,17
poisson_pcg10,0,0.0010736670000000004,0.9999998100100135,,,,,32,10,17
poisson_pcg40,0,0.005088375000000589,1.0,,,,,32,10,17
raw,0,4.8292000000671464e-05,0.2382399662935412,,,,,32,10,17
pcg40,0,0.0016628750000000636,0.9874889470531434,,,,,32,10,17
oracle,0,0.0028163330000001707,1.0,,,,,32,10,17
pcg10,0,0.0006007500000002608,0.5260292763393175,,,,,32,10,17
oracle_reused,0,0.00017912499999983567,1.0,,,,,32,10,17
amg,0,0.010825209000000058,0.9956911947464415,,,,,32,10,17
pcg80,0,0.0036952079999998944,0.9999994300300405,,,,,32,10,17
poisson,0,0.00015475000000009231,0.8236921648129605,,,,,32,10,17
pcg5,0,0.0003922499999999829,0.28391032919676706,,,,,32,10,17
jacobi20,1,0.000503750000000025,0.40071115487089615,,,,,32,10,17
pcg5,1,0.00040087499999952314,0.28391032919676706,,,,,32,10,17
pcg80,1,0.004774959000000578,0.9999994300300405,,,,,32,10,17
poisson_pcg5,1,0.0018037089999998202,0.9981980902653601,,,,,32,10,17
oracle,1,0.0028267919999995783,1.0,,,,,32,10,17
poisson_pcg80,1,0.007013916000000009,1.0,,,,,32,10,17
pcg40,1,0.0017612080000004582,0.9874889470531434,,,,,32,10,17
poisson,1,0.00022945800000062633,0.8236921648129605,,,,,32,10,17
amg_reused,1,0.0006086249999999183,0.9956911947464415,,,,,32,10,17
amg,1,0.01207395799999933,0.9956911947464415,,,,,32,10,17
cg20,1,0.0008725839999996765,0.438005596881482,,,,,32,10,17
oracle_reused,1,0.00019141699999991602,1.0,,,,,32,10,17
pcg10,1,0.0006718340000002598,0.5260292763393175,,,,,32,10,17
poisson_pcg20,1,0.002363500000000407,1.0,,,,,32,10,17
poisson_pcg40,1,0.0049443330000000785,1.0,,,,,32,10,17
adaptive_rank90,1,0.0019378340000004712,0.9999998100100135,10.0,1.0,2.0,0.9611650485436893,32,10,17
pcg20,1,0.0009673330000001812,0.7230563689113796,,,,,32,10,17
raw,1,6.32920000001036e-05,0.2382399662935412,,,,,32,10,17
poisson_pcg10,1,0.001510040999999518,0.9999998100100135,,,,,32,10,17
poisson_pcg10,2,0.0014075839999998507,0.9999998100100135,,,,,32,10,17
pcg80,2,0.0042042499999999094,0.9999994300300405,,,,,32,10,17
amg,2,0.013366541999999981,0.9956911947464415,,,,,32,10,17
poisson_pcg80,2,0.004884582999999942,1.0,,,,,32,10,17
pcg20,2,0.000943084000000205,0.7230563689113796,,,,,32,10,17
poisson_pcg40,2,0.004649666000000607,1.0,,,,,32,10,17
raw,2,3.6749999999585725e-05,0.2382399662935412,,,,,32,10,17
cg20,2,0.0009788329999995682,0.438005596881482,,,,,32,10,17
poisson_pcg5,2,0.0007138749999997529,0.9981980902653601,,,,,32,10,17
pcg40,2,0.002862915999999771,0.9874889470531434,,,,,32,10,17
oracle_reused,2,0.00020033300000044107,1.0,,,,,32,10,17
poisson_pcg20,2,0.0036573330000004844,1.0,,,,,32,10,17
jacobi20,2,0.0007883330000000299,0.40071115487089615,,,,,32,10,17
poisson,2,0.00016300000000057935,0.8236921648129605,,,,,32,10,17
adaptive_rank90,2,0.002410667000000366,0.9999998100100135,10.0,1.0,2.0,0.9611650485436893,32,10,17
oracle,2,0.003441999999999723,1.0,,,,,32,10,17
pcg5,2,0.0012652080000004062,0.28391032919676706,,,,,32,10,17
amg_reused,2,0.0011803750000005664,0.9956911947464415,,,,,32,10,17
pcg10,2,0.0007249580000001643,0.5260292763393175,,,,,32,10,17
oracle_reused,0,0.00017633300000063912,1.0,,,,,32,10,18
pcg80,0,0.0033285000000002896,0.9999995082612115,,,,,32,10,18
jacobi20,0,0.0005467079999998958,0.24410046446963732,,,,,32,10,18
poisson_pcg10,0,0.001537875000000355,0.999999474733567,,,,,32,10,18
pcg20,0,0.0010548750000003437,0.68298356921894,,,,,32,10,18
poisson_pcg80,0,0.0042965000000005915,1.0,,,,,32,10,18
oracle,0,0.002755000000000507,1.0,,,,,32,10,18
adaptive_rank90,0,0.0020777089999999276,0.999999474733567,10.0,1.0,2.0,0.9611650485436893,32,10,18
cg20,0,0.0008402500000004309,0.20113601718403543,,,,,32,10,18
raw,0,4.712500000003672e-05,0.113363605071168,,,,,32,10,18
pcg5,0,0.00037387499999930185,0.13964115361919746,,,,,32,10,18
pcg40,0,0.0017366670000003026,0.9908155264287245,,,,,32,10,18
poisson,0,0.00016629200000028987,0.5911525016093269,,,,,32,10,18
pcg10,0,0.0007332079999997632,0.2991124338387812,,,,,32,10,18
poisson_pcg5,0,0.0007999160000000671,0.9971356103819469,,,,,32,10,18
poisson_pcg20,0,0.002082750000000466,1.0,,,,,32,10,18
amg_reused,0,0.0005542499999995343,0.9970528529790429,,,,,32,10,18
amg,0,0.010765875000000591,0.9970528529790429,,,,,32,10,18
poisson_pcg40,0,0.004011832999999854,1.0,,,,,32,10,18
amg,1,0.010568708000000093,0.9970528529790429,,,,,32,10,18
pcg10,1,0.0006409999999998917,0.2991124338387812,,,,,32,10,18
pcg5,1,0.0005088750000004083,0.13964115361919746,,,,,32,10,18
pcg80,1,0.003692957999999358,0.9999995082612115,,,,,32,10,18
pcg40,1,0.0017574169999994282,0.9908155264287245,,,,,32,10,18
amg_reused,1,0.0006029160000000644,0.9970528529790429,,,,,32,10,18
jacobi20,1,0.0005529170000002637,0.24410046446963732,,,,,32,10,18
poisson_pcg10,1,0.0013209999999999056,0.999999474733567,,,,,32,10,18
poisson,1,0.00011020899999980571,0.5911525016093269,,,,,32,10,18
oracle_reused,1,0.00016650000000062448,1.0,,,,,32,10,18
cg20,1,0.001601292000000143,0.20113601718403543,,,,,32,10,18
poisson_pcg40,1,0.004119624999999516,1.0,,,,,32,10,18
adaptive_rank90,1,0.0017134160000003007,0.999999474733567,10.0,1.0,2.0,0.9611650485436893,32,10,18
oracle,1,0.0028797080000000363,1.0,,,,,32,10,18
poisson_pcg5,1,0.0008336669999993163,0.9971356103819469,,,,,32,10,18
poisson_pcg80,1,0.003898167000000008,1.0,,,,,32,10,18
poisson_pcg20,1,0.002330665999999759,1.0,,,,,32,10,18
raw,1,2.3332999999681192e-05,0.113363605071168,,,,,32,10,18
pcg20,1,0.0010316249999995364,0.68298356921894,,,,,32,10,18
poisson_pcg5,2,0.0007766670000002307,0.9971356103819469,,,,,32,10,18
pcg40,2,0.0016958750000002354,0.9908155264287245,,,,,32,10,18
cg20,2,0.0008829999999999671,0.20113601718403543,,,,,32,10,18
poisson_pcg40,2,0.003470334000000186,1.0,,,,,32,10,18
pcg20,2,0.0009986250000002528,0.68298356921894,,,,,32,10,18
poisson,2,0.0001186249999998168,0.5911525016093269,,,,,32,10,18
pcg80,2,0.0035664169999991557,0.9999995082612115,,,,,32,10,18
raw,2,2.562500000014012e-05,0.113363605071168,,,,,32,10,18
oracle,2,0.002877791000000407,1.0,,,,,32,10,18
pcg10,2,0.0006002909999995865,0.2991124338387812,,,,,32,10,18
poisson_pcg10,2,0.00115949999999998,0.999999474733567,,,,,32,10,18
jacobi20,2,0.0003509999999993241,0.24410046446963732,,,,,32,10,18
amg,2,0.011183541999999491,0.9970528529790429,,,,,32,10,18
oracle_reused,2,0.00017370800000016118,1.0,,,,,32,10,18
adaptive_rank90,2,0.001796000000000575,0.999999474733567,10.0,1.0,2.0,0.9611650485436893,32,10,18
poisson_pcg20,2,0.0023197909999996824,1.0,,,,,32,10,18
pcg5,2,0.00039629099999949347,0.13964115361919746,,,,,32,10,18
poisson_pcg80,2,0.004052459000000397,1.0,,,,,32,10,18
amg_reused,2,0.0006059590000004889,0.9970528529790429,,,,,32,10,18
pcg20,0,0.0010353749999998385,0.8978190267148273,,,,,32,10,19
poisson_pcg40,0,0.004636917000000018,1.0,,,,,32,10,19
pcg40,0,0.0016557910000001286,0.9797481962127172,,,,,32,10,19
poisson_pcg10,0,0.0012599999999993727,0.9999972507331376,,,,,32,10,19
poisson_pcg5,0,0.0006825419999998417,0.9923147150597238,,,,,32,10,19
amg_reused,0,0.0006273749999996525,0.9773987688648881,,,,,32,10,19
poisson,0,0.0001515830000000662,0.5373547694192118,,,,,32,10,19
pcg5,0,0.0003834160000000253,0.4426017564015449,,,,,32,10,19
pcg80,0,0.0032028339999996547,0.9999958313961804,,,,,32,10,19
raw,0,3.3957999999501e-05,0.3676282991202346,,,,,32,10,19
poisson_pcg80,0,0.0043091660000005305,1.0,,,,,32,10,19
pcg10,0,0.0005809169999997366,0.6258567989593018,,,,,32,10,19
oracle_reused,0,0.00019841599999992354,1.0,,,,,32,10,19
oracle,0,0.0029054999999997833,1.0,,,,,32,10,19
amg,0,0.010832166000000143,0.9773987688648881,,,,,32,10,19
adaptive_rank90,0,0.0017040000000001498,0.9999972507331376,10.0,1.0,2.0,0.970873786407767,32,10,19
cg20,0,0.0009704580000002849,0.601009539732494,,,,,32,10,19
jacobi20,0,0.0005492079999998012,0.5541065553250839,,,,,32,10,19
poisson_pcg20,0,0.0029885000000007267,1.0,,,,,32,10,19
pcg5,1,0.00045541600000031934,0.4426017564015449,,,,,32,10,19
jacobi20,1,0.0004439170000001269,0.5541065553250839,,,,,32,10,19
amg_reused,1,0.0006472920000000215,0.9773987688648881,,,,,32,10,19
poisson_pcg20,1,0.002270749999999211,1.0,,,,,32,10,19
poisson_pcg5,1,0.0007358750000001635,0.9923147150597238,,,,,32,10,19
poisson_pcg40,1,0.004345000000000709,1.0,,,,,32,10,19
raw,1,4.054200000069841e-05,0.3676282991202346,,,,,32,10,19
cg20,1,0.0009380830000003115,0.601009539732494,,,,,32,10,19
pcg20,1,0.000923582999999617,0.8978190267148273,,,,,32,10,19
pcg80,1,0.0030613749999996998,0.9999958313961804,,,,,32,10,19
poisson,1,0.0002032500000002102,0.5373547694192118,,,,,32,10,19
amg,1,0.011609500000000494,0.9773987688648881,,,,,32,10,19
poisson_pcg80,1,0.005057874999999434,1.0,,,,,32,10,19
adaptive_rank90,1,0.002180625000000269,0.9999972507331376,10.0,1.0,2.0,0.970873786407767,32,10,19
poisson_pcg10,1,0.0014439580000003005,0.9999972507331376,,,,,32,10,19
pcg10,1,0.0006074590000002544,0.6258567989593018,,,,,32,10,19
pcg40,1,0.0019347080000002848,0.9797481962127172,,,,,32,10,19
oracle_reused,1,0.00019391699999982137,1.0,,,,,32,10,19
oracle,1,0.003185417000000079,1.0,,,,,32,10,19
poisson_pcg5,2,0.0009101249999998728,0.9923147150597238,,,,,32,10,19
raw,2,3.7542000000279074e-05,0.3676282991202346,,,,,32,10,19
cg20,2,0.001034666999999878,0.601009539732494,,,,,32,10,19
pcg40,2,0.001629375000000266,0.9797481962127172,,,,,32,10,19
amg_reused,2,0.0006065410000006821,0.9773987688648881,,,,,32,10,19
adaptive_rank90,2,0.0020281669999997476,0.9999972507331376,10.0,1.0,2.0,0.970873786407767,32,10,19
jacobi20,2,0.0003590000000004423,0.5541065553250839,,,,,32,10,19
poisson,2,0.00016337499999963256,0.5373547694192118,,,,,32,10,19
pcg20,2,0.0011721250000000794,0.8978190267148273,,,,,32,10,19
poisson_pcg40,2,0.004794250000000666,1.0,,,,,32,10,19
pcg5,2,0.0004345410000006211,0.4426017564015449,,,,,32,10,19
amg,2,0.012536750000000652,0.9773987688648881,,,,,32,10,19
oracle,2,0.0028537499999998772,1.0,,,,,32,10,19
poisson_pcg20,2,0.002722417000000199,1.0,,,,,32,10,19
pcg80,2,0.0033462079999999617,0.9999958313961804,,,,,32,10,19
poisson_pcg10,2,0.0019942920000000086,0.9999972507331376,,,,,32,10,19
oracle_reused,2,0.00025204099999953655,1.0,,,,,32,10,19
poisson_pcg80,2,0.0065429169999999814,1.0,,,,,32,10,19
pcg10,2,0.0006040839999998937,0.6258567989593018,,,,,32,10,19
poisson,0,0.00020116699999928045,0.5934885626028181,,,,,32,10,20
adaptive_rank90,0,0.0017471249999996274,0.9999995306129746,10.0,1.0,2.0,0.9611650485436893,32,10,20
jacobi20,0,0.0004150410000001159,0.5666208269258278,,,,,32,10,20
poisson_pcg40,0,0.006600875000000173,1.0,,,,,32,10,20
amg,0,0.011743000000000059,0.9966887651097918,,,,,32,10,20
raw,0,6.308399999976899e-05,0.2054918393712896,,,,,32,10,20
oracle_reused,0,0.00025454199999952465,1.0,,,,,32,10,20
oracle,0,0.002808959000000222,1.0,,,,,32,10,20
poisson_pcg10,0,0.0013241250000000093,0.9999995306129746,,,,,32,10,20
pcg10,0,0.0007533330000004668,0.6736100220835418,,,,,32,10,20
pcg20,0,0.0013058340000000612,0.7823519642729417,,,,,32,10,20
pcg5,0,0.0004938330000001656,0.4207540702560617,,,,,32,10,20
poisson_pcg80,0,0.007770499999999458,1.0,,,,,32,10,20
pcg40,0,0.0031896250000000848,0.983759935358701,,,,,32,10,20
amg_reused,0,0.0005769999999998277,0.9966887651097918,,,,,32,10,20
poisson_pcg5,0,0.0006249579999995092,0.9989137154888776,,,,,32,10,20
cg20,0,0.0010047499999998877,0.4927003612044918,,,,,32,10,20
pcg80,0,0.003375541999999676,0.9999990612259494,,,,,32,10,20
poisson_pcg20,0,0.0019528329999998206,1.0,,,,,32,10,20
oracle_reused,1,0.00014137500000011016,1.0,,,,,32,10,20
pcg40,1,0.0020358749999997983,0.983759935358701,,,,,32,10,20
amg_reused,1,0.0008668329999999003,0.9966887651097918,,,,,32,10,20
pcg10,1,0.0005049999999995336,0.6736100220835418,,,,,32,10,20
poisson_pcg80,1,0.004685416999999248,1.0,,,,,32,10,20
adaptive_rank90,1,0.0017627500000001461,0.9999995306129746,10.0,1.0,2.0,0.9611650485436893,32,10,20
poisson_pcg40,1,0.005033041999999988,1.0,,,,,32,10,20
poisson_pcg10,1,0.001081958000000327,0.9999995306129746,,,,,32,10,20
oracle,1,0.003508624999999377,1.0,,,,,32,10,20
pcg20,1,0.0008655410000004693,0.7823519642729417,,,,,32,10,20
amg,1,0.010101125000000266,0.9966887651097918,,,,,32,10,20
cg20,1,0.0009575000000001666,0.4927003612044918,,,,,32,10,20
pcg5,1,0.0003617079999997941,0.4207540702560617,,,,,32,10,20
poisson_pcg5,1,0.0007892910000002473,0.9989137154888776,,,,,32,10,20
poisson_pcg20,1,0.004088124999999998,1.0,,,,,32,10,20
jacobi20,1,0.0004883750000006515,0.5666208269258278,,,,,32,10,20
raw,1,3.487499999987875e-05,0.2054918393712896,,,,,32,10,20
pcg80,1,0.0033740419999999105,0.9999990612259494,,,,,32,10,20
poisson,1,0.00014329199999973952,0.5934885626028181,,,,,32,10,20
poisson_pcg5,2,0.0009921250000006765,0.9989137154888776,,,,,32,10,20
pcg10,2,0.0005791250000006798,0.6736100220835418,,,,,32,10,20
adaptive_rank90,2,0.002113207999999922,0.9999995306129746,10.0,1.0,2.0,0.9611650485436893,32,10,20
cg20,2,0.0010668750000002447,0.4927003612044918,,,,,32,10,20
oracle_reused,2,0.00017491699999983013,1.0,,,,,32,10,20
poisson,2,0.0002734999999995935,0.5934885626028181,,,,,32,10,20
raw,2,5.183299999966806e-05,0.2054918393712896,,,,,32,10,20
amg_reused,2,0.0006716249999998425,0.9966887651097918,,,,,32,10,20
poisson_pcg20,2,0.003711165999999544,1.0,,,,,32,10,20
pcg20,2,0.0011826670000001371,0.7823519642729417,,,,,32,10,20
pcg40,2,0.0018198339999999646,0.983759935358701,,,,,32,10,20
amg,2,0.011288750000000292,0.9966887651097918,,,,,32,10,20
poisson_pcg40,2,0.00591695800000025,1.0,,,,,32,10,20
oracle,2,0.0032482910000002363,1.0,,,,,32,10,20
jacobi20,2,0.0004990830000002333,0.5666208269258278,,,,,32,10,20
pcg5,2,0.0005567079999995173,0.4207540702560617,,,,,32,10,20
pcg80,2,0.006618417000000321,0.9999990612259494,,,,,32,10,20
poisson_pcg10,2,0.0012941660000000965,0.9999995306129746,,,,,32,10,20
poisson_pcg80,2,0.011142249999999798,1.0,,,,,32,10,20
amg_reused,0,0.0009755409999998577,0.9972337234461053,,,,,32,10,21
pcg40,0,0.003838250000000265,0.9555477746584651,,,,,32,10,21
oracle_reused,0,0.00022191700000018244,1.0,,,,,32,10,21
oracle,0,0.0036547080000000065,1.0,,,,,32,10,21
poisson,0,0.0002826250000005359,0.5409670043273013,,,,,32,10,21
poisson_pcg20,0,0.005806542000000192,1.0,,,,,32,10,21
amg,0,0.02462720900000015,0.9972337234461053,,,,,32,10,21
pcg5,0,0.000525457999999368,0.3408863926936556,,,,,32,10,21
jacobi20,0,0.0005410409999999644,0.41353639537586717,,,,,32,10,21
poisson_pcg5,0,0.001725375000000362,0.9849602362134324,,,,,32,10,21
poisson_pcg80,0,0.006770083000000149,1.0,,,,,32,10,21
pcg20,0,0.001353124999999622,0.6843770340104427,,,,,32,10,21
poisson_pcg40,0,0.008100374999999715,1.0,,,,,32,10,21
adaptive_rank90,0,0.002901042000000409,0.9999999552964736,15.0,1.0,3.0,1.0,32,10,21
pcg80,0,0.0041474999999993045,0.9999997764823687,,,,,32,10,21
cg20,0,0.0013106670000002651,0.39786896055360843,,,,,32,10,21
raw,0,3.0000000000640625e-05,0.28338499570846143,,,,,32,10,21
pcg10,0,0.0006094580000004512,0.48989267800944136,,,,,32,10,21
poisson_pcg10,0,0.0013589160000000433,0.9999978765825047,,,,,32,10,21
poisson_pcg40,1,0.009377750000000518,1.0,,,,,32,10,21
amg_reused,1,0.0006887920000000491,0.9972337234461053,,,,,32,10,21
cg20,1,0.001333041999999729,0.39786896055360843,,,,,32,10,21
poisson_pcg5,1,0.0011123749999999433,0.9849602362134324,,,,,32,10,21
adaptive_rank90,1,0.0035461249999997335,0.9999999552964736,15.0,1.0,3.0,1.0,32,10,21
poisson_pcg10,1,0.002356792000000496,0.9999978765825047,,,,,32,10,21
poisson_pcg20,1,0.005795374999999936,1.0,,,,,32,10,21
oracle,1,0.003183583000000212,1.0,,,,,32,10,21
pcg5,1,0.00037924999999994213,0.3408863926936556,,,,,32,10,21
jacobi20,1,0.00035137500000015365,0.41353639537586717,,,,,32,10,21
pcg80,1,0.003281834000000039,0.9999997764823687,,,,,32,10,21
oracle_reused,1,0.00024820899999955515,1.0,,,,,32,10,21
pcg40,1,0.0022401669999991825,0.9555477746584651,,,,,32,10,21
pcg20,1,0.001601292000000143,0.6843770340104427,,,,,32,10,21
poisson,1,0.0001358329999998631,0.5409670043273013,,,,,32,10,21
amg,1,0.015060375000000015,0.9972337234461053,,,,,32,10,21
pcg10,1,0.0006441669999999178,0.48989267800944136,,,,,32,10,21
poisson_pcg80,1,0.005926500000000168,1.0,,,,,32,10,21
raw,1,4.262499999985181e-05,0.28338499570846143,,,,,32,10,21
poisson_pcg10,2,0.002016291999999531,0.9999978765825047,,,,,32,10,21
amg,2,0.012970417000000012,0.9972337234461053,,,,,32,10,21
poisson_pcg80,2,0.005370791999999902,1.0,,,,,32,10,21
pcg40,2,0.003216958000000325,0.9555477746584651,,,,,32,10,21
pcg5,2,0.00040658300000018244,0.3408863926936556,,,,,32,10,21
pcg80,2,0.004294583000000074,0.9999997764823687,,,,,32,10,21
poisson,2,0.000161957999999629,0.5409670043273013,,,,,32,10,21
oracle_reused,2,0.0002895829999998156,1.0,,,,,32,10,21
poisson_pcg40,2,0.005945749999999528,1.0,,,,,32,10,21
oracle,2,0.0029054589999999436,1.0,,,,,32,10,21
amg_reused,2,0.0006173340000001915,0.9972337234461053,,,,,32,10,21
poisson_pcg20,2,0.0025288330000003967,1.0,,,,,32,10,21
poisson_pcg5,2,0.0014563750000000653,0.9849602362134324,,,,,32,10,21
adaptive_rank90,2,0.004863165999999808,0.9999999552964736,15.0,1.0,3.0,1.0,32,10,21
cg20,2,0.0009124579999992832,0.39786896055360843,,,,,32,10,21
pcg10,2,0.0005510840000004791,0.48989267800944136,,,,,32,10,21
pcg20,2,0.0010667910000004,0.6843770340104427,,,,,32,10,21
jacobi20,2,0.0005103330000002515,0.41353639537586717,,,,,32,10,21
raw,2,5.90419999992875e-05,0.28338499570846143,,,,,32,10,21
poisson_pcg80,0,0.0065115000000002254,1.0,,,,,32,10,22
raw,0,3.745800000043431e-05,0.3409934576389385,,,,,32,10,22
amg,0,0.01424170800000013,0.9971644776839997,,,,,32,10,22
poisson_pcg40,0,0.0062737909999999175,1.0,,,,,32,10,22
poisson_pcg5,0,0.0010384580000000199,0.9949862201380443,,,,,32,10,22
poisson,0,0.00017624999999998892,0.6944448827873542,,,,,32,10,22
oracle,0,0.002836374999999336,1.0,,,,,32,10,22
oracle_reused,0,0.00019941700000014606,1.0,,,,,32,10,22
amg_reused,0,0.0005854589999998439,0.9971644776839997,,,,,32,10,22
adaptive_rank90,0,0.004174250000000157,0.9999999552964736,15.0,1.0,3.0,1.0,32,10,22
pcg20,0,0.0009785830000001994,0.6282314614476789,,,,,32,10,22
jacobi20,0,0.00041941599999972823,0.2876756178027322,,,,,32,10,22
cg20,0,0.0007784580000000929,0.3992884427973678,,,,,32,10,22
poisson_pcg20,0,0.0024261250000003898,1.0,,,,,32,10,22
pcg40,0,0.002225999999999395,0.9831694017774121,,,,,32,10,22
poisson_pcg10,0,0.001827167000000074,0.9999936856269221,,,,,32,10,22
pcg80,0,0.003627083000000475,0.9999943450039338,,,,,32,10,22
pcg10,0,0.0006209999999997606,0.3665944071418353,,,,,32,10,22
pcg5,0,0.0007328339999999045,0.242045041037837,,,,,32,10,22
raw,1,4.112500000008623e-05,0.3409934576389385,,,,,32,10,22
poisson,1,0.00014633400000008123,0.6944448827873542,,,,,32,10,22
amg_reused,1,0.0007615000000003036,0.9971644776839997,,,,,32,10,22
pcg10,1,0.0010004999999999598,0.3665944071418353,,,,,32,10,22
poisson_pcg40,1,0.0054551670000000385,1.0,,,,,32,10,22
amg,1,0.012147333000000593,0.9971644776839997,,,,,32,10,22
pcg40,1,0.003654167000000541,0.9831694017774121,,,,,32,10,22
poisson_pcg20,1,0.003067959000000009,1.0,,,,,32,10,22
adaptive_rank90,1,0.003257375000000451,0.9999999552964736,15.0,1.0,3.0,1.0,32,10,22
poisson_pcg5,1,0.0007240409999997865,0.9949862201380443,,,,,32,10,22
pcg5,1,0.0007567499999998617,0.242045041037837,,,,,32,10,22
pcg80,1,0.004041582999999349,0.9999943450039338,,,,,32,10,22
oracle_reused,1,0.00017133299999994023,1.0,,,,,32,10,22
poisson_pcg80,1,0.00546966600000065,1.0,,,,,32,10,22
poisson_pcg10,1,0.002256540999999501,0.9999936856269221,,,,,32,10,22
jacobi20,1,0.0005224579999998369,0.2876756178027322,,,,,32,10,22
oracle,1,0.003175959000000006,1.0,,,,,32,10,22
pcg20,1,0.0010472919999999775,0.6282314614476789,,,,,32,10,22
cg20,1,0.0009259159999999156,0.3992884427973678,,,,,32,10,22
cg20,2,0.0010034579999995685,0.3992884427973678,,,,,32,10,22
pcg40,2,0.0019891669999996253,0.9831694017774121,,,,,32,10,22
raw,2,3.7542000000279074e-05,0.3409934576389385,,,,,32,10,22
amg_reused,2,0.0009175829999996665,0.9971644776839997,,,,,32,10,22
poisson_pcg40,2,0.007233166999999874,1.0,,,,,32,10,22
jacobi20,2,0.0007026249999997347,0.2876756178027322,,,,,32,10,22
pcg10,2,0.0007316250000002356,0.3665944071418353,,,,,32,10,22
oracle,2,0.0029831249999991982,1.0,,,,,32,10,22
poisson_pcg5,2,0.0011357919999994692,0.9949862201380443,,,,,32,10,22
pcg20,2,0.001045625000000605,0.6282314614476789,,,,,32,10,22
poisson_pcg10,2,0.0017993749999991593,0.9999936856269221,,,,,32,10,22
oracle_reused,2,0.00018500000000010175,1.0,,,,,32,10,22
poisson_pcg80,2,0.0049399999999995,1.0,,,,,32,10,22
amg,2,0.013733541999999765,0.9971644776839997,,,,,32,10,22
adaptive_rank90,2,0.00473354100000023,0.9999999552964736,15.0,1.0,3.0,1.0,32,10,22
poisson,2,0.00013337499999988012,0.6944448827873542,,,,,32,10,22
pcg80,2,0.003446915999999689,0.9999943450039338,,,,,32,10,22
poisson_pcg20,2,0.0032997500000000457,1.0,,,,,32,10,22
pcg5,2,0.0005099579999994219,0.242045041037837,,,,,32,10,22
pcg20,0,0.001017542000000482,0.45703549683499034,,,,,32,10,23
pcg5,0,0.00032229099999980804,0.3784496817108933,,,,,32,10,23
poisson_pcg20,0,0.003406334000000122,1.0,,,,,32,10,23
amg_reused,0,0.0009919170000003419,0.9968963906372933,,,,,32,10,23
pcg10,0,0.0007822500000003174,0.3984461948358486,,,,,32,10,23
oracle_reused,0,0.00018354200000025855,1.0,,,,,32,10,23
poisson_pcg10,0,0.00133270899999971,0.9999990724018308,,,,,32,10,23
poisson,0,0.00021625000000025096,0.6806687871039268,,,,,32,10,23
amg,0,0.012582749999999976,0.9968963906372933,,,,,32,10,23
cg20,0,0.0009570830000003028,0.45619585285387304,,,,,32,10,23
poisson_pcg40,0,0.005564833000000213,1.0,,,,,32,10,23
pcg80,0,0.004469708000000239,0.9999977089442815,,,,,32,10,23
poisson_pcg5,0,0.0017044999999997756,0.9987062464237176,,,,,32,10,23
oracle,0,0.003129208000000716,1.0,,,,,32,10,23
jacobi20,0,0.0006072499999998371,0.37899498649953506,,,,,32,10,23
raw,0,4.6750000000095326e-05,0.42419127968314135,,,,,32,10,23
poisson_pcg80,0,0.005962250000000502,1.0,,,,,32,10,23
adaptive_rank90,0,0.0031229580000005086,0.9999990724018308,10.0,1.0,2.0,0.941747572815534,32,10,23
pcg40,0,0.0021910839999996767,0.9084785154853015,,,,,32,10,23
amg,1,0.013264208999999916,0.9968963906372933,,,,,32,10,23
amg_reused,1,0.0007524999999999338,0.9968963906372933,,,,,32,10,23
poisson_pcg10,1,0.001771165999999269,0.9999990724018308,,,,,32,10,23
oracle,1,0.003430250000000079,1.0,,,,,32,10,23
pcg80,1,0.005763416999999826,0.9999977089442815,,,,,32,10,23
jacobi20,1,0.0003890840000000395,0.37899498649953506,,,,,32,10,23
poisson_pcg20,1,0.0020088329999996546,1.0,,,,,32,10,23
poisson_pcg40,1,0.005799291999999845,1.0,,,,,32,10,23
adaptive_rank90,1,0.0027202499999994245,0.9999990724018308,10.0,1.0,2.0,0.941747572815534,32,10,23
poisson,1,0.00011445900000062181,0.6806687871039268,,,,,32,10,23
pcg10,1,0.0006705419999999407,0.3984461948358486,,,,,32,10,23
pcg20,1,0.0013150419999998775,0.45703549683499034,,,,,32,10,23
raw,1,4.8542000000040275e-05,0.42419127968314135,,,,,32,10,23
poisson_pcg80,1,0.007432500000000175,1.0,,,,,32,10,23
pcg5,1,0.00044874999999944265,0.3784496817108933,,,,,32,10,23
oracle_reused,1,0.00021629200000017335,1.0,,,,,32,10,23
cg20,1,0.00115787500000053,0.45619585285387304,,,,,32,10,23
poisson_pcg5,1,0.000631084000000115,0.9987062464237176,,,,,32,10,23
pcg40,1,0.0020335830000002275,0.9084785154853015,,,,,32,10,23
cg20,2,0.0012667089999993664,0.45619585285387304,,,,,32,10,23
pcg10,2,0.0006192500000006262,0.3984461948358486,,,,,32,10,23
amg,2,0.012142082999999637,0.9968963906372933,,,,,32,10,23
amg_reused,2,0.0015630839999998258,0.9968963906372933,,,,,32,10,23
pcg80,2,0.003965707999999957,0.9999977089442815,,,,,32,10,23
poisson,2,0.00019266700000031278,0.6806687871039268,,,,,32,10,23
poisson_pcg20,2,0.0025709579999997345,1.0,,,,,32,10,23
poisson_pcg80,2,0.008917625000000484,1.0,,,,,32,10,23
raw,2,4.816600000001614e-05,0.42419127968314135,,,,,32,10,23
oracle,2,0.0028728329999996305,1.0,,,,,32,10,23
pcg5,2,0.0004119590000000173,0.3784496817108933,,,,,32,10,23
oracle_reused,2,0.00019008299999967448,1.0,,,,,32,10,23
jacobi20,2,0.0005003749999996643,0.37899498649953506,,,,,32,10,23
poisson_pcg10,2,0.001944874999999513,0.9999990724018308,,,,,32,10,23
adaptive_rank90,2,0.0022056670000001333,0.9999990724018308,10.0,1.0,2.0,0.941747572815534,32,10,23
pcg40,2,0.002104707999999178,0.9084785154853015,,,,,32,10,23
pcg20,2,0.0011568750000003902,0.45703549683499034,,,,,32,10,23
poisson_pcg5,2,0.0010825829999996373,0.9987062464237176,,,,,32,10,23
poisson_pcg40,2,0.005908750000000573,1.0,,,,,32,10,23
cg20,0,0.003175542000000142,0.43776005158786924,,,,,32,10,24
pcg80,0,0.0036489170000004734,0.9999983347936484,,,,,32,10,24
adaptive_rank90,0,0.0033853749999996907,0.9999999441205921,15.0,1.0,3.0,1.0,32,10,24
pcg10,0,0.000686999999999216,0.40559386399399183,,,,,32,10,24
amg,0,0.011326124999999188,0.9956305879407765,,,,,32,10,24
amg_reused,0,0.0006006670000004988,0.9956305879407765,,,,,32,10,24
poisson_pcg20,0,0.002562999999999427,1.0,,,,,32,10,24
pcg5,0,0.0005944580000001309,0.32904825075101923,,,,,32,10,24
oracle_reused,0,0.00019845900000081684,1.0,,,,,32,10,24
poisson_pcg80,0,0.006409792000000358,1.0,,,,,32,10,24
pcg20,0,0.0009906250000000227,0.666474936968028,,,,,32,10,24
pcg40,0,0.0031170419999995147,0.99097008887061,,,,,32,10,24
poisson_pcg10,0,0.0018370829999998506,0.9999963566626134,,,,,32,10,24
oracle,0,0.0038872500000000088,1.0,,,,,32,10,24
poisson_pcg40,0,0.005642874999999492,1.0,,,,,32,10,24
jacobi20,0,0.00057174999999976,0.3482790036478077,,,,,32,10,24
poisson_pcg5,0,0.0008462079999995709,0.9924932274157786,,,,,32,10,24
raw,0,5.02079999993299e-05,0.30301010076174806,,,,,32,10,24
poisson,0,0.00017708400000060465,0.7822105558436447,,,,,32,10,24
oracle,1,0.0038024580000000086,1.0,,,,,32,10,24
pcg40,1,0.0017233750000000825,0.99097008887061,,,,,32,10,24
pcg10,1,0.0011431250000004667,0.40559386399399183,,,,,32,10,24
adaptive_rank90,1,0.0031170830000002425,0.9999999441205921,15.0,1.0,3.0,1.0,32,10,24
amg_reused,1,0.0005800420000001694,0.9956305879407765,,,,,32,10,24
raw,1,4.483300000046597e-05,0.30301010076174806,,,,,32,10,24
cg20,1,0.0012110419999995514,0.43776005158786924,,,,,32,10,24
poisson_pcg80,1,0.0076014580000007825,1.0,,,,,32,10,24
poisson,1,0.00012629200000002783,0.7822105558436447,,,,,32,10,24
poisson_pcg5,1,0.0018926669999999035,0.9924932274157786,,,,,32,10,24
poisson_pcg20,1,0.002436166000000739,1.0,,,,,32,10,24
pcg20,1,0.0010750420000000815,0.666474936968028,,,,,32,10,24
pcg80,1,0.0036134170000003962,0.9999983347936484,,,,,32,10,24
oracle_reused,1,0.00020791599999991917,1.0,,,,,32,10,24
pcg5,1,0.0008737920000001509,0.32904825075101923,,,,,32,10,24
amg,1,0.017471792000000264,0.9956305879407765,,,,,32,10,24
jacobi20,1,0.0007795829999999171,0.3482790036478077,,,,,32,10,24
poisson_pcg40,1,0.0069472500000005155,1.0,,,,,32,10,24
poisson_pcg10,1,0.0021130829999993495,0.9999963566626134,,,,,32,10,24
jacobi20,2,0.0005277500000007151,0.3482790036478077,,,,,32,10,24
pcg80,2,0.00365279200000046,0.9999983347936484,,,,,32,10,24
poisson,2,0.00017170799999988162,0.7822105558436447,,,,,32,10,24
amg,2,0.011532583000000152,0.9956305879407765,,,,,32,10,24
adaptive_rank90,2,0.002662332999999961,0.9999999441205921,15.0,1.0,3.0,1.0,32,10,24
poisson_pcg10,2,0.0017978330000003595,0.9999963566626134,,,,,32,10,24
pcg40,2,0.0021205829999999537,0.99097008887061,,,,,32,10,24
amg_reused,2,0.0007908750000007458,0.9956305879407765,,,,,32,10,24
poisson_pcg20,2,0.0032544579999989054,1.0,,,,,32,10,24
poisson_pcg5,2,0.0008077500000016613,0.9924932274157786,,,,,32,10,24
oracle,2,0.0030537079999994887,1.0,,,,,32,10,24
oracle_reused,2,0.00021674999999987676,1.0,,,,,32,10,24
poisson_pcg40,2,0.00501341699999891,1.0,,,,,32,10,24
pcg20,2,0.0010388340000009322,0.666474936968028,,,,,32,10,24
poisson_pcg80,2,0.0057804160000003435,1.0,,,,,32,10,24
raw,2,5.016599999940752e-05,0.30301010076174806,,,,,32,10,24
cg20,2,0.0009116659999985899,0.43776005158786924,,,,,32,10,24
pcg5,2,0.0004430409999987006,0.32904825075101923,,,,,32,10,24
pcg10,2,0.0005423339999985899,0.40559386399399183,,,,,32,10,24
oracle,0,0.003577999999999193,1.0,,,,,32,10,25
poisson_pcg80,0,0.007758958000000149,1.0,,,,,32,10,25
jacobi20,0,0.0005543340000002672,0.38911308203991124,,,,,32,10,25
poisson,0,0.00019524999999909198,0.8813429609827622,,,,,32,10,25
amg_reused,0,0.000568874999999025,0.986675566393677,,,,,32,10,25
cg20,0,0.0009739579999994419,0.5840153824833701,,,,,32,10,25
poisson_pcg10,0,0.0013360420000001483,0.9999976642407552,,,,,32,10,25
poisson_pcg40,0,0.004871750000001285,1.0,,,,,32,10,25
pcg80,0,0.006369250000000548,0.9999984912559902,,,,,32,10,25
pcg5,0,0.00044625000000131365,0.32806435966669045,,,,,32,10,25
raw,0,0.0007929170000000596,0.26175925139475,,,,,32,10,25
poisson_pcg5,0,0.0008590410000000048,0.9973112617123238,,,,,32,10,25
pcg10,0,0.0009891250000002572,0.4526107306344324,,,,,32,10,25
poisson_pcg20,0,0.002366458000000904,1.0,,,,,32,10,25
oracle_reused,0,0.00019437500000130115,1.0,,,,,32,10,25
pcg40,0,0.0017072919999989722,0.9384698988806236,,,,,32,10,25
pcg20,0,0.0014512090000007305,0.6870662752127887,,,,,32,10,25
amg,0,0.012086458000000633,0.986675566393677,,,,,32,10,25
adaptive_rank90,0,0.0025340000000007024,0.9999998994170659,15.0,1.0,3.0,1.0,32,10,25
poisson_pcg40,1,0.004803250000000148,1.0,,,,,32,10,25
amg,1,0.012314958999999348,0.986675566393677,,,,,32,10,25
poisson,1,0.00016950000000015564,0.8813429609827622,,,,,32,10,25
poisson_pcg5,1,0.0006933329999991855,0.9973112617123238,,,,,32,10,25
pcg40,1,0.002445833999999536,0.9384698988806236,,,,,32,10,25
raw,1,2.804100000020071e-05,0.26175925139475,,,,,32,10,25
oracle_reused,1,0.00016908300000118004,1.0,,,,,32,10,25
pcg10,1,0.0005645420000011114,0.4526107306344324,,,,,32,10,25
jacobi20,1,0.0004002910000000526,0.38911308203991124,,,,,32,10,25
poisson_pcg10,1,0.0012968329999996087,0.9999976642407552,,,,,32,10,25
pcg5,1,0.0005071250000003857,0.32806435966669045,,,,,32,10,25
cg20,1,0.0010776249999988607,0.5840153824833701,,,,,32,10,25
oracle,1,0.003065291000000414,1.0,,,,,32,10,25
adaptive_rank90,1,0.0035812919999997916,0.9999998994170659,15.0,1.0,3.0,1.0,32,10,25
pcg80,1,0.004928749999999482,0.9999984912559902,,,,,32,10,25
amg_reused,1,0.0006474589999996283,0.986675566393677,,,,,32,10,25
pcg20,1,0.001029833999998786,0.6870662752127887,,,,,32,10,25
poisson_pcg80,1,0.01050399999999918,1.0,,,,,32,10,25
poisson_pcg20,1,0.0027256659999999044,1.0,,,,,32,10,25
amg,2,0.011644167000000039,0.986675566393677,,,,,32,10,25
pcg10,2,0.0005870419999993715,0.4526107306344324,,,,,32,10,25
poisson_pcg5,2,0.0009779590000000837,0.9973112617123238,,,,,32,10,25
oracle_reused,2,0.00018425000000021896,1.0,,,,,32,10,25
poisson_pcg10,2,0.0013642090000001161,0.9999976642407552,,,,,32,10,25
amg_reused,2,0.0006149999999998101,0.986675566393677,,,,,32,10,25
pcg80,2,0.003588625000000789,0.9999984912559902,,,,,32,10,25
poisson_pcg40,2,0.004310583000000534,1.0,,,,,32,10,25
jacobi20,2,0.0005841670000013011,0.38911308203991124,,,,,32,10,25
pcg40,2,0.0017182499999996992,0.9384698988806236,,,,,32,10,25
raw,2,4.500000000007276e-05,0.26175925139475,,,,,32,10,25
pcg5,2,0.00038887500000051034,0.32806435966669045,,,,,32,10,25
poisson,2,0.0002192500000006703,0.8813429609827622,,,,,32,10,25
pcg20,2,0.000924291999998772,0.6870662752127887,,,,,32,10,25
poisson_pcg80,2,0.006858999999998616,1.0,,,,,32,10,25
adaptive_rank90,2,0.0026854590000002787,0.9999998994170659,15.0,1.0,3.0,1.0,32,10,25
oracle,2,0.0026489170000001394,1.0,,,,,32,10,25
cg20,2,0.0009035419999996464,0.5840153824833701,,,,,32,10,25
poisson_pcg20,2,0.002255167000001279,1.0,,,,,32,10,25
pcg5,0,0.0004096670000013347,0.25850884682783776,,,,,32,10,26
poisson_pcg40,0,0.005017541999999153,1.0,,,,,32,10,26
pcg40,0,0.001819167000000732,0.994114914884486,,,,,32,10,26
jacobi20,0,0.0005842920000009855,0.2904749190866175,,,,,32,10,26
poisson,0,0.0001687090000004332,0.6535407986731993,,,,,32,10,26
adaptive_rank90,0,0.003289207999999988,0.9999999105929473,15.0,1.0,3.0,0.9902912621359223,32,10,26
cg20,0,0.0009196669999997908,0.3899366998068807,,,,,32,10,26
pcg80,0,0.003696458000000291,0.9999968148737572,,,,,32,10,26
oracle_reused,0,0.00020054199999997024,1.0,,,,,32,10,26
poisson_pcg80,0,0.005160333000000961,1.0,,,,,32,10,26
oracle,0,0.0037220409999996207,1.0,,,,,32,10,26
poisson_pcg20,0,0.003282499999999189,1.0,,,,,32,10,26
amg,0,0.010112041999999377,0.993359671160861,,,,,32,10,26
pcg10,0,0.00055779200000039,0.32682167986910804,,,,,32,10,26
poisson_pcg10,0,0.001426041000000211,0.9999961219691008,,,,,32,10,26
amg_reused,0,0.0005675000000007202,0.993359671160861,,,,,32,10,26
pcg20,0,0.0009895410000009264,0.665653207925041,,,,,32,10,26
raw,0,3.72500000000997e-05,0.2689172582433302,,,,,32,10,26
poisson_pcg5,0,0.000728666000000544,0.9967058865603318,,,,,32,10,26
amg,1,0.011665749999998809,0.993359671160861,,,,,32,10,26
pcg5,1,0.0003680409999997636,0.25850884682783776,,,,,32,10,26
pcg20,1,0.0011307499999997361,0.665653207925041,,,,,32,10,26
poisson_pcg40,1,0.005622959000000094,1.0,,,,,32,10,26
poisson_pcg80,1,0.006560541000000697,1.0,,,,,32,10,26
pcg10,1,0.0006565839999996825,0.32682167986910804,,,,,32,10,26
oracle_reused,1,0.00021358299999896246,1.0,,,,,32,10,26
oracle,1,0.003299000000000163,1.0,,,,,32,10,26
adaptive_rank90,1,0.0027069579999992044,0.9999999105929473,15.0,1.0,3.0,0.9902912621359223,32,10,26
poisson_pcg10,1,0.0013112089999989252,0.9999961219691008,,,,,32,10,26
poisson,1,0.00019408400000031634,0.6535407986731993,,,,,32,10,26
raw,1,4.6958000000429934e-05,0.2689172582433302,,,,,32,10,26
poisson_pcg20,1,0.0025438340000007997,1.0,,,,,32,10,26
pcg40,1,0.0020623749999995056,0.994114914884486,,,,,32,10,26
cg20,1,0.0008803329999995668,0.3899366998068807,,,,,32,10,26
jacobi20,1,0.0004961249999997364,0.2904749190866175,,,,,32,10,26
poisson_pcg5,1,0.001138125000000656,0.9967058865603318,,,,,32,10,26
pcg80,1,0.00341033299999971,0.9999968148737572,,,,,32,10,26
amg_reused,1,0.0005756659999995861,0.993359671160861,,,,,32,10,26
poisson_pcg80,2,0.005134540999998549,1.0,,,,,32,10,26
pcg20,2,0.0009229170000004672,0.665653207925041,,,,,32,10,26
amg_reused,2,0.0007608750000009934,0.993359671160861,,,,,32,10,26
pcg10,2,0.0006205420000000572,0.32682167986910804,,,,,32,10,26
poisson_pcg5,2,0.000945790999999474,0.9967058865603318,,,,,32,10,26
cg20,2,0.0008585840000012723,0.3899366998068807,,,,,32,10,26
amg,2,0.010618375000001734,0.993359671160861,,,,,32,10,26
pcg5,2,0.0003740000000007626,0.25850884682783776,,,,,32,10,26
poisson,2,0.00012783300000052122,0.6535407986731993,,,,,32,10,26
jacobi20,2,0.0005200829999996159,0.2904749190866175,,,,,32,10,26
poisson_pcg20,2,0.00238845799999865,1.0,,,,,32,10,26
adaptive_rank90,2,0.0028637079999995763,0.9999999105929473,15.0,1.0,3.0,0.9902912621359223,32,10,26
poisson_pcg10,2,0.001251417000000643,0.9999961219691008,,,,,32,10,26
pcg80,2,0.0030980409999994407,0.9999968148737572,,,,,32,10,26
pcg40,2,0.001966042000001167,0.994114914884486,,,,,32,10,26
poisson_pcg40,2,0.005073874999999006,1.0,,,,,32,10,26
oracle,2,0.0030395409999997014,1.0,,,,,32,10,26
oracle_reused,2,0.00028070900000010113,1.0,,,,,32,10,26
raw,2,3.399999999942338e-05,0.2689172582433302,,,,,32,10,26
cg20,0,0.001375417000000212,0.7785216990916244,,,,,32,10,27
pcg5,0,0.0004094580000000292,0.49337349572634287,,,,,32,10,27
poisson_pcg40,0,0.004474916999999579,1.0,,,,,32,10,27
poisson_pcg5,0,0.0011497910000013434,0.990746984747157,,,,,32,10,27
oracle,0,0.0037645410000006763,1.0,,,,,32,10,27
amg_reused,0,0.0008394579999997376,0.9832748462198697,,,,,32,10,27
oracle_reused,0,0.00020804100000049175,1.0,,,,,32,10,27
pcg80,0,0.0043741250000000065,0.9999973624919534,,,,,32,10,27
pcg20,0,0.0016755409999991144,0.9621228810528574,,,,,32,10,27
poisson_pcg80,0,0.005510499999999752,1.0,,,,,32,10,27
raw,0,5.704099999981338e-05,0.16312352478363493,,,,,32,10,27
poisson,0,0.00023604100000085282,0.4559568454509691,,,,,32,10,27
poisson_pcg10,0,0.0018247500000008188,0.9999915063300192,,,,,32,10,27
amg,0,0.01215587500000126,0.9832748462198697,,,,,32,10,27
pcg10,0,0.0009252079999999552,0.8137160923753665,,,,,32,10,27
poisson_pcg20,0,0.002646999999999622,1.0,,,,,32,10,27
pcg40,0,0.0019211669999990022,0.9931655796259208,,,,,32,10,27
adaptive_rank90,0,0.003228874999999576,0.9999996758994348,15.0,1.0,3.0,1.0,32,10,27
jacobi20,0,0.0006950410000001739,0.6646386949252556,,,,,32,10,27
pcg20,1,0.0011077919999991082,0.9621228810528574,,,,,32,10,27
poisson_pcg10,1,0.0018259579999995168,0.9999915063300192,,,,,32,10,27
pcg10,1,0.0005286249999993942,0.8137160923753665,,,,,32,10,27
cg20,1,0.0008888339999995054,0.7785216990916244,,,,,32,10,27
oracle,1,0.00355475000000105,1.0,,,,,32,10,27
amg,1,0.012397374999999045,0.9832748462198697,,,,,32,10,27
pcg40,1,0.0021949160000005463,0.9931655796259208,,,,,32,10,27
pcg80,1,0.004160082999998593,0.9999973624919534,,,,,32,10,27
poisson_pcg40,1,0.005222250000000983,1.0,,,,,32,10,27
pcg5,1,0.0005894170000004806,0.49337349572634287,,,,,32,10,27
poisson_pcg5,1,0.0007756670000009791,0.990746984747157,,,,,32,10,27
poisson_pcg80,1,0.006154166000001737,1.0,,,,,32,10,27
amg_reused,1,0.0006187919999991465,0.9832748462198697,,,,,32,10,27
raw,1,3.566600000048936e-05,0.16312352478363493,,,,,32,10,27
poisson_pcg20,1,0.0033228750000002805,1.0,,,,,32,10,27
oracle_reused,1,0.0001750420000004027,1.0,,,,,32,10,27
jacobi20,1,0.0005388330000002384,0.6646386949252556,,,,,32,10,27
adaptive_rank90,1,0.0024613749999993217,0.9999996758994348,15.0,1.0,3.0,1.0,32,10,27
poisson,1,0.00017225000000031798,0.4559568454509691,,,,,32,10,27
pcg40,2,0.0018571660000006318,0.9931655796259208,,,,,32,10,27
pcg10,2,0.0007316250000002356,0.8137160923753665,,,,,32,10,27
poisson_pcg5,2,0.0007974999999991184,0.990746984747157,,,,,32,10,27
amg_reused,2,0.0007422090000002157,0.9832748462198697,,,,,32,10,27
poisson_pcg80,2,0.005358375000000137,1.0,,,,,32,10,27
pcg20,2,0.0010822499999996182,0.9621228810528574,,,,,32,10,27
poisson_pcg10,2,0.0016465419999995845,0.9999915063300192,,,,,32,10,27
oracle,2,0.002781499999999326,1.0,,,,,32,10,27
cg20,2,0.0013017080000015113,0.7785216990916244,,,,,32,10,27
jacobi20,2,0.00047533300000068834,0.6646386949252556,,,,,32,10,27
pcg80,2,0.004270375000000826,0.9999973624919534,,,,,32,10,27
adaptive_rank90,2,0.003379916000000094,0.9999996758994348,15.0,1.0,3.0,1.0,32,10,27
amg,2,0.011612124999999196,0.9832748462198697,,,,,32,10,27
oracle_reused,2,0.00014391700000082608,1.0,,,,,32,10,27
raw,2,1.9790999999713677e-05,0.16312352478363493,,,,,32,10,27
poisson,2,0.00013150000000017315,0.4559568454509691,,,,,32,10,27
pcg5,2,0.00031850000000055445,0.49337349572634287,,,,,32,10,27
poisson_pcg40,2,0.004709709000000117,1.0,,,,,32,10,27
poisson_pcg20,2,0.002459500000000503,1.0,,,,,32,10,27
pcg5,0,0.0006593750000014609,0.46857610328302696,,,,,32,10,28
jacobi20,0,0.0004941250000012332,0.6602192372684357,,,,,32,10,28
poisson_pcg40,0,0.00761500000000126,1.0,,,,,32,10,28
poisson,0,0.00021270800000117163,0.48496288489736067,,,,,32,10,28
oracle,0,0.004197167000000945,1.0,,,,,32,10,28
adaptive_rank90,0,0.004662500000000236,0.9999999888241183,15.0,1.0,3.0,1.0,32,10,28
raw,0,5.499999999969418e-05,0.1967663145518918,,,,,32,10,28
pcg40,0,0.002656791999999797,0.9926018681603604,,,,,32,10,28
poisson_pcg10,0,0.0013322090000009723,0.9999982565624775,,,,,32,10,28
poisson_pcg20,0,0.003524207999999973,1.0,,,,,32,10,28
amg_reused,0,0.0006326659999995599,0.9557364235390886,,,,,32,10,28
oracle_reused,0,0.00043020899999923756,1.0,,,,,32,10,28
poisson_pcg5,0,0.001575750000000653,0.9978630038087403,,,,,32,10,28
pcg20,0,0.0010874169999990357,0.93955923440741,,,,,32,10,28
cg20,0,0.0008706670000009353,0.6878351646877905,,,,,32,10,28
amg,0,0.013617292000001058,0.9557364235390886,,,,,32,10,28
pcg10,0,0.0007614169999996534,0.8180077314748586,,,,,32,10,28
poisson_pcg80,0,0.00622362500000051,1.0,,,,,32,10,28
pcg80,0,0.004542665999998974,0.9999993629747512,,,,,32,10,28
pcg10,1,0.0005921249999989442,0.8180077314748586,,,,,32,10,28
pcg20,1,0.0010602500000000958,0.93955923440741,,,,,32,10,28
pcg80,1,0.004160749999998714,0.9999993629747512,,,,,32,10,28
poisson_pcg80,1,0.00436583399999968,1.0,,,,,32,10,28
adaptive_rank90,1,0.0029385830000006052,0.9999999888241183,15.0,1.0,3.0,1.0,32,10,28
pcg5,1,0.0004652089999996889,0.46857610328302696,,,,,32,10,28
pcg40,1,0.0025724999999994225,0.9926018681603604,,,,,32,10,28
amg,1,0.011796374999999415,0.9557364235390886,,,,,32,10,28
poisson_pcg20,1,0.0022147910000001048,1.0,,,,,32,10,28
cg20,1,0.0015543329999996303,0.6878351646877905,,,,,32,10,28
oracle_reused,1,0.00020362499999926342,1.0,,,,,32,10,28
poisson_pcg5,1,0.0010825840000006082,0.9978630038087403,,,,,32,10,28
jacobi20,1,0.0004547089999995535,0.6602192372684357,,,,,32,10,28
amg_reused,1,0.0007852909999996882,0.9557364235390886,,,,,32,10,28
oracle,1,0.0031437909999993963,1.0,,,,,32,10,28
poisson_pcg40,1,0.0067660829999987016,1.0,,,,,32,10,28
poisson,1,0.0003632919999994044,0.48496288489736067,,,,,32,10,28
poisson_pcg10,1,0.0010882080000005345,0.9999982565624775,,,,,32,10,28
raw,1,2.1042000000193184e-05,0.1967663145518918,,,,,32,10,28
poisson_pcg80,2,0.004459791999998686,1.0,,,,,32,10,28
cg20,2,0.0011436669999991267,0.6878351646877905,,,,,32,10,28
pcg20,2,0.0013879580000004665,0.93955923440741,,,,,32,10,28
oracle_reused,2,0.00020445899999899098,1.0,,,,,32,10,28
poisson_pcg20,2,0.0036670409999999265,1.0,,,,,32,10,28
adaptive_rank90,2,0.0034654579999990887,0.9999999888241183,15.0,1.0,3.0,1.0,32,10,28
poisson_pcg40,2,0.005450375000000562,1.0,,,,,32,10,28
poisson,2,0.00015054100000000403,0.48496288489736067,,,,,32,10,28
poisson_pcg10,2,0.002036583000000647,0.9999982565624775,,,,,32,10,28
jacobi20,2,0.0004978330000007247,0.6602192372684357,,,,,32,10,28
pcg40,2,0.0022385000000006983,0.9926018681603604,,,,,32,10,28
amg_reused,2,0.0006039999999991608,0.9557364235390886,,,,,32,10,28
pcg80,2,0.0033254159999991373,0.9999993629747512,,,,,32,10,28
raw,2,3.5624999998873363e-05,0.1967663145518918,,,,,32,10,28
pcg5,2,0.00038033400000081485,0.46857610328302696,,,,,32,10,28
poisson_pcg5,2,0.0007175840000002154,0.9978630038087403,,,,,32,10,28
pcg10,2,0.0009087080000007575,0.8180077314748586,,,,,32,10,28
amg,2,0.010335334000000529,0.9557364235390886,,,,,32,10,28
oracle,2,0.0031270409999990534,1.0,,,,,32,10,28
pcg20,0,0.0009893329999997036,0.73478792647164,,,,,32,10,29
adaptive_rank90,0,0.002950458000000822,0.9999999441205921,15.0,1.0,3.0,0.9902912621359223,32,10,29
poisson_pcg80,0,0.004647290999999498,1.0,,,,,32,10,29
pcg40,0,0.001654916999999756,0.9860501081825332,,,,,32,10,29
cg20,0,0.0011060419999999738,0.6737757380552177,,,,,32,10,29
poisson_pcg10,0,0.0015904159999990952,0.9999916292647164,,,,,32,10,29
jacobi20,0,0.0005100000000002325,0.46266896815320785,,,,,32,10,29
poisson,0,0.0001562079999999355,0.5223712873721479,,,,,32,10,29
poisson_pcg40,0,0.004452167000000173,1.0,,,,,32,10,29
poisson_pcg20,0,0.002202916999999971,0.9999999888241183,,,,,32,10,29
poisson_pcg5,0,0.0007664580000010801,0.9917077082290252,,,,,32,10,29
pcg10,0,0.0005802080000005816,0.5451115688255489,,,,,32,10,29
oracle_reused,0,0.00024216700000145863,1.0,,,,,32,10,29
oracle,0,0.003196083000000627,1.0,,,,,32,10,29
pcg5,0,0.0004198330000004802,0.34783812629640226,,,,,32,10,29
amg,0,0.012048832999999703,0.9922131598240468,,,,,32,10,29
amg_reused,0,0.0006024999999993952,0.9922131598240468,,,,,32,10,29
pcg80,0,0.003140708000000103,0.9999959096273514,,,,,32,10,29
raw,0,0.0001126249999998663,0.3642864646663328,,,,,32,10,29
oracle,1,0.0026745000000012453,1.0,,,,,32,10,29
pcg40,1,0.0017366669999994144,0.9860501081825332,,,,,32,10,29
poisson_pcg80,1,0.004765917000000286,1.0,,,,,32,10,29
poisson_pcg5,1,0.001058999999999699,0.9917077082290252,,,,,32,10,29
poisson_pcg20,1,0.0024667919999998844,0.9999999888241183,,,,,32,10,29
pcg20,1,0.0011015840000005994,0.73478792647164,,,,,32,10,29
adaptive_rank90,1,0.002494416999999416,0.9999999441205921,15.0,1.0,3.0,0.9902912621359223,32,10,29
cg20,1,0.0008902089999995866,0.6737757380552177,,,,,32,10,29
raw,1,5.379099999913706e-05,0.3642864646663328,,,,,32,10,29
jacobi20,1,0.0005357500000009452,0.46266896815320785,,,,,32,10,29
pcg80,1,0.0035187079999996485,0.9999959096273514,,,,,32,10,29
pcg5,1,0.00035575000000065415,0.34783812629640226,,,,,32,10,29
pcg10,1,0.0005268330000003374,0.5451115688255489,,,,,32,10,29
oracle_reused,1,0.00016395799999990857,1.0,,,,,32,10,29
poisson,1,0.0001353749999992715,0.5223712873721479,,,,,32,10,29
poisson_pcg10,1,0.0016038749999989221,0.9999916292647164,,,,,32,10,29
poisson_pcg40,1,0.004375250000000719,1.0,,,,,32,10,29
amg_reused,1,0.0006517909999992355,0.9922131598240468,,,,,32,10,29
amg,1,0.010976208000000653,0.9922131598240468,,,,,32,10,29
pcg40,2,0.0016334160000006648,0.9860501081825332,,,,,32,10,29
jacobi20,2,0.00047475000000041234,0.46266896815320785,,,,,32,10,29
poisson_pcg10,2,0.0012658339999997992,0.9999916292647164,,,,,32,10,29
poisson_pcg40,2,0.004939124999999933,1.0,,,,,32,10,29
amg,2,0.010410208000001475,0.9922131598240468,,,,,32,10,29
amg_reused,2,0.0006411669999994984,0.9922131598240468,,,,,32,10,29
poisson_pcg5,2,0.0009867919999990704,0.9917077082290252,,,,,32,10,29
poisson_pcg80,2,0.005032333999999139,1.0,,,,,32,10,29
raw,2,2.5332999999960748e-05,0.3642864646663328,,,,,32,10,29
poisson,2,0.00010708399999970197,0.5223712873721479,,,,,32,10,29
adaptive_rank90,2,0.0033674160000014552,0.9999999441205921,15.0,1.0,3.0,0.9902912621359223,32,10,29
oracle,2,0.0026149580000005557,1.0,,,,,32,10,29
pcg10,2,0.0005804999999998728,0.5451115688255489,,,,,32,10,29
cg20,2,0.0008336670000002044,0.6737757380552177,,,,,32,10,29
pcg5,2,0.00047595799999911037,0.34783812629640226,,,,,32,10,29
pcg80,2,0.00457341699999958,0.9999959096273514,,,,,32,10,29
poisson_pcg20,2,0.0036604170000007485,0.9999999888241183,,,,,32,10,29
oracle_reused,2,0.0002124590000001092,1.0,,,,,32,10,29
pcg20,2,0.0009865829999995412,0.73478792647164,,,,,32,10,29
poisson_pcg80,0,0.009121541999999039,1.0,,,,,32,100,0
pcg80,0,0.004058208000000008,0.9985538521028537,,,,,32,100,0
amg,0,0.009319666000001448,0.8616495154137758,,,,,32,100,0
oracle,0,0.0031432499999990426,1.0,,,,,32,100,0
poisson_pcg5,0,0.0007644169999991846,0.6025747778234747,,,,,32,100,0
jacobi20,0,0.0005997910000008488,0.49911500429153843,,,,,32,100,0
poisson_pcg40,0,0.005394332999999918,1.0,,,,,32,100,0
pcg10,0,0.0005680829999992199,0.6612428250840425,,,,,32,100,0
poisson,0,0.00023820899999904555,0.5918794368249767,,,,,32,100,0
adaptive_rank90,0,0.0046776249999993524,0.9999999776482369,30.0,1.0,6.0,0.9514563106796117,32,100,0
pcg40,0,0.0019909169999987597,0.7151388379765395,,,,,32,100,0
amg_reused,0,0.000623582999999428,0.8616495154137758,,,,,32,100,0
poisson_pcg20,0,0.0029632920000004503,0.9998264832629997,,,,,32,100,0
oracle_reused,0,0.0001835830000000982,1.0,,,,,32,100,0
pcg20,0,0.0011559169999983965,0.6682412850475644,,,,,32,100,0
raw,0,2.5084000000674678e-05,0.44017317028467196,,,,,32,100,0
pcg5,0,0.00036004200000050446,0.4143932949181031,,,,,32,100,0
poisson_pcg10,0,0.0018955420000015266,0.9664792955618338,,,,,32,100,0
cg20,0,0.0015920420000004043,0.4649975301301766,,,,,32,100,0
pcg40,1,0.002206125000000725,0.7151388379765395,,,,,32,100,0
oracle,1,0.0028838340000003626,1.0,,,,,32,100,0
adaptive_rank90,1,0.005231000000000208,0.9999999776482369,30.0,1.0,6.0,0.9514563106796117,32,100,0
poisson_pcg10,1,0.0017024580000004619,0.9664792955618338,,,,,32,100,0
oracle_reused,1,0.00016850000000090404,1.0,,,,,32,100,0
cg20,1,0.0011983749999995297,0.4649975301301766,,,,,32,100,0
jacobi20,1,0.0005213749999999351,0.49911500429153843,,,,,32,100,0
raw,1,3.474999999930617e-05,0.44017317028467196,,,,,32,100,0
pcg10,1,0.000570999999998989,0.6612428250840425,,,,,32,100,0
pcg20,1,0.0011161660000009732,0.6682412850475644,,,,,32,100,0
poisson_pcg40,1,0.005276792000000086,1.0,,,,,32,100,0
pcg5,1,0.0003705839999987859,0.4143932949181031,,,,,32,100,0
poisson_pcg20,1,0.0025920409999997673,0.9998264832629997,,,,,32,100,0
amg,1,0.01093912500000016,0.8616495154137758,,,,,32,100,0
poisson,1,0.00020995800000100928,0.5918794368249767,,,,,32,100,0
poisson_pcg80,1,0.010635167000000223,1.0,,,,,32,100,0
poisson_pcg5,1,0.0006730420000007342,0.6025747778234747,,,,,32,100,0
pcg80,1,0.0034383749999999935,0.9985538521028537,,,,,32,100,0
amg_reused,1,0.0005693329999996166,0.8616495154137758,,,,,32,100,0
amg,2,0.01149104100000109,0.8616495154137758,,,,,32,100,0
pcg20,2,0.0010592910000006839,0.6682412850475644,,,,,32,100,0
poisson_pcg5,2,0.0007837090000002433,0.6025747778234747,,,,,32,100,0
adaptive_rank90,2,0.005396667000001187,0.9999999776482369,30.0,1.0,6.0,0.9514563106796117,32,100,0
oracle_reused,2,0.0001860000000011297,1.0,,,,,32,100,0
cg20,2,0.0012807910000010025,0.4649975301301766,,,,,32,100,0
oracle,2,0.00271904199999895,1.0,,,,,32,100,0
poisson_pcg40,2,0.005037999999998988,1.0,,,,,32,100,0
poisson_pcg20,2,0.002387583000000859,0.9998264832629997,,,,,32,100,0
raw,2,2.162499999869283e-05,0.44017317028467196,,,,,32,100,0
poisson_pcg10,2,0.0019793339999996107,0.9664792955618338,,,,,32,100,0
jacobi20,2,0.0004855829999996786,0.49911500429153843,,,,,32,100,0
poisson_pcg80,2,0.009240957999999466,1.0,,,,,32,100,0
pcg5,2,0.0005353749999983393,0.4143932949181031,,,,,32,100,0
pcg40,2,0.0019015830000004286,0.7151388379765395,,,,,32,100,0
poisson,2,0.00021787500000058913,0.5918794368249767,,,,,32,100,0
pcg80,2,0.00385462499999889,0.9985538521028537,,,,,32,100,0
amg_reused,2,0.0006679169999994627,0.8616495154137758,,,,,32,100,0
pcg10,2,0.0009068330000001623,0.6612428250840425,,,,,32,100,0
poisson,0,0.0001692920000007092,0.32370131785995276,,,,,32,100,1
poisson_pcg10,0,0.0018709160000014435,0.9921257867820612,,,,,32,100,1
jacobi20,0,0.00048195799999994904,0.5159617851906158,,,,,32,100,1
pcg80,0,0.0049018749999998334,0.9999643936413702,,,,,32,100,1
oracle,0,0.002703000000000344,1.0,,,,,32,100,1
pcg20,0,0.0009792920000002425,0.8410953369751807,,,,,32,100,1
poisson_pcg20,0,0.0032435839999997995,0.9999974295472425,,,,,32,100,1
pcg5,0,0.000410207999999912,0.4190457808811959,,,,,32,100,1
amg_reused,0,0.0005835420000011027,0.8995588656033189,,,,,32,100,1
oracle_reused,0,0.00016824999999975887,1.0,,,,,32,100,1
amg,0,0.012397041999999914,0.8995588656033189,,,,,32,100,1
raw,0,5.6624999999144165e-05,0.00946325593662828,,,,,32,100,1
poisson_pcg40,0,0.005974750000000029,1.0,,,,,32,100,1
pcg40,0,0.0026636250000002804,0.9347699780058651,,,,,32,100,1
adaptive_rank90,0,0.004491041999999723,0.9999996758994348,25.0,1.0,5.0,0.9611650485436893,32,100,1
cg20,0,0.0011390410000000628,0.24404352335312204,,,,,32,100,1
poisson_pcg5,0,0.0007379160000002827,0.7997253080072956,,,,,32,100,1
pcg10,0,0.0005826249999998367,0.5852495239074458,,,,,32,100,1
poisson_pcg80,0,0.009131083999999845,1.0,,,,,32,100,1
raw,1,2.71669999989399e-05,0.00946325593662828,,,,,32,100,1
cg20,1,0.0010487089999990928,0.24404352335312204,,,,,32,100,1
pcg40,1,0.0017205839999991923,0.9347699780058651,,,,,32,100,1
adaptive_rank90,1,0.005011124999999339,0.9999996758994348,25.0,1.0,5.0,0.9611650485436893,32,100,1
oracle,1,0.0027300830000012155,1.0,,,,,32,100,1
poisson_pcg5,1,0.0007941670000004564,0.7997253080072956,,,,,32,100,1
poisson_pcg20,1,0.0028159169999995015,0.9999974295472425,,,,,32,100,1
pcg5,1,0.0004023750000001769,0.4190457808811959,,,,,32,100,1
poisson_pcg10,1,0.0017012499999999875,0.9921257867820612,,,,,32,100,1
jacobi20,1,0.0003481250000003655,0.5159617851906158,,,,,32,100,1
pcg10,1,0.000557374999999638,0.5852495239074458,,,,,32,100,1
amg,1,0.012614541999999673,0.8995588656033189,,,,,32,100,1
pcg80,1,0.003653040999999746,0.9999643936413702,,,,,32,100,1
oracle_reused,1,0.00017099999999992122,1.0,,,,,32,100,1
poisson,1,0.000139499999999515,0.32370131785995276,,,,,32,100,1
pcg20,1,0.0015262499999995072,0.8410953369751807,,,,,32,100,1
poisson_pcg80,1,0.008288000000000295,1.0,,,,,32,100,1
poisson_pcg40,1,0.005561540999998726,1.0,,,,,32,100,1
amg_reused,1,0.0006173749999991429,0.8995588656033189,,,,,32,100,1
pcg20,2,0.000935415999999023,0.8410953369751807,,,,,32,100,1
poisson_pcg40,2,0.005699915999999305,1.0,,,,,32,100,1
adaptive_rank90,2,0.006384041999998757,0.9999996758994348,25.0,1.0,5.0,0.9611650485436893,32,100,1
poisson,2,0.00011987499999932538,0.32370131785995276,,,,,32,100,1
oracle,2,0.003084707999999381,1.0,,,,,32,100,1
jacobi20,2,0.000730749999998892,0.5159617851906158,,,,,32,100,1
poisson_pcg10,2,0.001462541000000428,0.9921257867820612,,,,,32,100,1
cg20,2,0.0010341670000002523,0.24404352335312204,,,,,32,100,1
pcg40,2,0.0016340830000007855,0.9347699780058651,,,,,32,100,1
poisson_pcg5,2,0.0010841250000002134,0.7997253080072956,,,,,32,100,1
oracle_reused,2,0.00019100000000094042,1.0,,,,,32,100,1
amg,2,0.012624332999999766,0.8995588656033189,,,,,32,100,1
poisson_pcg20,2,0.0023778749999987525,0.9999974295472425,,,,,32,100,1
pcg10,2,0.0005679999999994578,0.5852495239074458,,,,,32,100,1
pcg80,2,0.003579709000000264,0.9999643936413702,,,,,32,100,1
pcg5,2,0.0003640000000011412,0.4190457808811959,,,,,32,100,1
raw,2,2.437500000063153e-05,0.00946325593662828,,,,,32,100,1
amg_reused,2,0.0005482919999995062,0.8995588656033189,,,,,32,100,1
poisson_pcg80,2,0.008858208999999562,1.0,,,,,32,100,1
raw,0,6.945900000054905e-05,0.2528329183355983,,,,,32,100,2
adaptive_rank90,0,0.0056584999999991226,0.9999997653064873,30.0,1.0,6.0,0.970873786407767,32,100,2
poisson_pcg80,0,0.011072750000000298,1.0,,,,,32,100,2
oracle_reused,0,0.00019004199999983484,1.0,,,,,32,100,2
cg20,0,0.000871249999999435,0.4599556876296401,,,,,32,100,2
poisson_pcg20,0,0.002323083000000281,0.9999189525069736,,,,,32,100,2
pcg40,0,0.0020845000000004887,0.98102476128317,,,,,32,100,2
pcg10,0,0.0005741669999999033,0.5661016513482583,,,,,32,100,2
poisson_pcg40,0,0.005994375000000218,1.0,,,,,32,100,2
poisson_pcg10,0,0.0012514169999988667,0.952331657696159,,,,,32,100,2
poisson_pcg5,0,0.0007197919999999414,0.6766665139296187,,,,,32,100,2
pcg80,0,0.003566417000000044,0.9998754895036119,,,,,32,100,2
oracle,0,0.0027033750000011736,1.0,,,,,32,100,2
amg_reused,0,0.0006190420000002916,0.9901237505364423,,,,,32,100,2
pcg20,0,0.0009169169999996285,0.8512425009834775,,,,,32,100,2
jacobi20,0,0.0004728329999998948,0.5192917620341891,,,,,32,100,2
pcg5,0,0.0005304999999999893,0.4528147687039553,,,,,32,100,2
amg,0,0.010344665999999947,0.9901237505364423,,,,,32,100,2
poisson,0,0.0001871250000000657,0.4854742261819612,,,,,32,100,2
jacobi20,1,0.00039670900000032816,0.5192917620341891,,,,,32,100,2
pcg10,1,0.0006221249999995848,0.5661016513482583,,,,,32,100,2
poisson_pcg10,1,0.0013197920000003194,0.952331657696159,,,,,32,100,2
oracle,1,0.0039857919999999325,1.0,,,,,32,100,2
pcg80,1,0.003995916999999238,0.9998754895036119,,,,,32,100,2
pcg40,1,0.0020553749999994153,0.98102476128317,,,,,32,100,2
amg_reused,1,0.0007537499999994424,0.9901237505364423,,,,,32,100,2
pcg20,1,0.0009248339999992083,0.8512425009834775,,,,,32,100,2
poisson_pcg40,1,0.005155374999999296,1.0,,,,,32,100,2
amg,1,0.009643458000001104,0.9901237505364423,,,,,32,100,2
oracle_reused,1,0.00016424999999919976,1.0,,,,,32,100,2
raw,1,2.3582999999050003e-05,0.2528329183355983,,,,,32,100,2
adaptive_rank90,1,0.0071126249999995395,0.9999997653064873,30.0,1.0,6.0,0.970873786407767,32,100,2
poisson_pcg20,1,0.003345958000000593,0.9999189525069736,,,,,32,100,2
cg20,1,0.0007197919999999414,0.4599556876296401,,,,,32,100,2
pcg5,1,0.0002964590000011924,0.4528147687039553,,,,,32,100,2
poisson_pcg5,1,0.0005612500000005127,0.6766665139296187,,,,,32,100,2
poisson,1,8.387499999962245e-05,0.4854742261819612,,,,,32,100,2
poisson_pcg80,1,0.009171915999999669,1.0,,,,,32,100,2
jacobi20,2,0.0004152909999994847,0.5192917620341891,,,,,32,100,2
amg_reused,2,0.0007230409999987586,0.9901237505364423,,,,,32,100,2
oracle_reused,2,0.00019770900000004588,1.0,,,,,32,100,2
poisson_pcg10,2,0.001658334000000039,0.952331657696159,,,,,32,100,2
amg,2,0.009711000000001135,0.9901237505364423,,,,,32,100,2
poisson_pcg5,2,0.0007788330000000343,0.6766665139296187,,,,,32,100,2
oracle,2,0.0030714999999990056,1.0,,,,,32,100,2
pcg80,2,0.0035358329999990445,0.9998754895036119,,,,,32,100,2
adaptive_rank90,2,0.005952833000000268,0.9999997653064873,30.0,1.0,6.0,0.970873786407767,32,100,2
cg20,2,0.0013457499999987022,0.4599556876296401,,,,,32,100,2
pcg40,2,0.0017758749999998713,0.98102476128317,,,,,32,100,2
pcg10,2,0.000761958000000007,0.5661016513482583,,,,,32,100,2
raw,2,3.758299999923054e-05,0.2528329183355983,,,,,32,100,2
poisson_pcg40,2,0.004593957999999176,1.0,,,,,32,100,2
poisson_pcg20,2,0.003009125000000168,0.9999189525069736,,,,,32,100,2
pcg20,2,0.0009505409999999159,0.8512425009834775,,,,,32,100,2
pcg5,2,0.0003635000000006272,0.4528147687039553,,,,,32,100,2
poisson_pcg80,2,0.010324541999999326,1.0,,,,,32,100,2
poisson,2,0.00011954200000019455,0.4854742261819612,,,,,32,100,2
oracle_reused,0,0.0002207080000005135,1.0,,,,,32,100,3
poisson_pcg10,0,0.001452624999998875,0.9808738757063156,,,,,32,100,3
pcg20,0,0.0009615000000007257,0.4911463995779987,,,,,32,100,3
jacobi20,0,0.0004704590000006448,0.24138817859952788,,,,,32,100,3
cg20,0,0.0008367499999994976,0.3792922761247407,,,,,32,100,3
poisson,0,0.00014754100000047288,0.3953946539053,,,,,32,100,3
poisson_pcg5,0,0.000881083000001226,0.33759294980688076,,,,,32,100,3
poisson_pcg40,0,0.004691333000000242,1.0,,,,,32,100,3
pcg40,0,0.0019864170000012393,0.7057601387597453,,,,,32,100,3
amg,0,0.012029666000000105,0.5982803894571204,,,,,32,100,3
pcg5,0,0.00040020800000029055,0.20280146940490662,,,,,32,100,3
poisson_pcg80,0,0.011698333000000005,1.0,,,,,32,100,3
adaptive_rank90,0,0.004730874999999912,0.9999994635576853,25.0,1.0,5.0,0.9223300970873787,32,100,3
amg_reused,0,0.0008308750000001197,0.5982803894571204,,,,,32,100,3
poisson_pcg20,0,0.0028551669999998808,0.9999928809634504,,,,,32,100,3
pcg80,0,0.0035328329999995134,0.9828555383198626,,,,,32,100,3
oracle,0,0.0028687080000011633,1.0,,,,,32,100,3
raw,0,4.6165999998848406e-05,0.38860575289678845,,,,,32,100,3
pcg10,0,0.0006296670000001114,0.27566739011873254,,,,,32,100,3
adaptive_rank90,1,0.004471750000000441,0.9999994635576853,25.0,1.0,5.0,0.9223300970873787,32,100,3
pcg40,1,0.0016931249999991849,0.7057601387597453,,,,,32,100,3
pcg10,1,0.0015125410000003114,0.27566739011873254,,,,,32,100,3
oracle_reused,1,0.00016924999999901047,1.0,,,,,32,100,3
poisson,1,0.00013758299999899748,0.3953946539053,,,,,32,100,3
cg20,1,0.0008614580000010363,0.3792922761247407,,,,,32,100,3
poisson_pcg80,1,0.009809041999998769,1.0,,,,,32,100,3
poisson_pcg20,1,0.0030575000000006014,0.9999928809634504,,,,,32,100,3
poisson_pcg10,1,0.001219041000000587,0.9808738757063156,,,,,32,100,3
pcg80,1,0.0032891670000001483,0.9828555383198626,,,,,32,100,3
poisson_pcg40,1,0.004578541999999075,1.0,,,,,32,100,3
pcg20,1,0.0009822919999997737,0.4911463995779987,,,,,32,100,3
jacobi20,1,0.00042050000000060095,0.24138817859952788,,,,,32,100,3
pcg5,1,0.0004055829999991545,0.20280146940490662,,,,,32,100,3
raw,1,4.795799999968153e-05,0.38860575289678845,,,,,32,100,3
oracle,1,0.003382249999999587,1.0,,,,,32,100,3
poisson_pcg5,1,0.0008857920000000519,0.33759294980688076,,,,,32,100,3
amg,1,0.010603582999999972,0.5982803894571204,,,,,32,100,3
amg_reused,1,0.0005171250000000072,0.5982803894571204,,,,,32,100,3
pcg10,2,0.0005858330000005907,0.27566739011873254,,,,,32,100,3
oracle_reused,2,0.00015800000000076864,1.0,,,,,32,100,3
poisson_pcg40,2,0.005508166999998565,1.0,,,,,32,100,3
pcg5,2,0.0003523340000004538,0.20280146940490662,,,,,32,100,3
jacobi20,2,0.0003986249999989866,0.24138817859952788,,,,,32,100,3
poisson,2,0.00010424999999969486,0.3953946539053,,,,,32,100,3
poisson_pcg20,2,0.0031333330000009596,0.9999928809634504,,,,,32,100,3
cg20,2,0.0008943749999996697,0.3792922761247407,,,,,32,100,3
pcg40,2,0.0017023749999989235,0.7057601387597453,,,,,32,100,3
adaptive_rank90,2,0.005288042000000104,0.9999994635576853,25.0,1.0,5.0,0.9223300970873787,32,100,3
amg_reused,2,0.0022100829999995852,0.5982803894571204,,,,,32,100,3
poisson_pcg5,2,0.0010033749999998065,0.33759294980688076,,,,,32,100,3
pcg80,2,0.006754958000000144,0.9828555383198626,,,,,32,100,3
raw,2,3.7583000001006894e-05,0.38860575289678845,,,,,32,100,3
poisson_pcg80,2,0.00992462500000002,1.0,,,,,32,100,3
oracle,2,0.0031858749999997826,1.0,,,,,32,100,3
amg,2,0.011187958999999026,0.5982803894571204,,,,,32,100,3
poisson_pcg10,2,0.0015900000000002024,0.9808738757063156,,,,,32,100,3
pcg20,2,0.0010994580000005527,0.4911463995779987,,,,,32,100,3
amg,0,0.011178667000001141,0.8796334981403331,,,,,32,100,4
poisson_pcg40,0,0.007851958999999908,1.0,,,,,32,100,4
poisson_pcg80,0,0.007503958999999227,1.0,,,,,32,100,4
cg20,0,0.002296792000000991,0.34626715497818467,,,,,32,100,4
adaptive_rank90,0,0.004128334000000677,0.9999997317788427,20.0,1.0,4.0,0.9611650485436893,32,100,4
pcg80,0,0.003336792000000699,0.993049149291896,,,,,32,100,4
oracle,0,0.003177499999999611,1.0,,,,,32,100,4
raw,0,5.0124999999567876e-05,0.3400405572741578,,,,,32,100,4
pcg40,0,0.0021454999999992452,0.8277339335526784,,,,,32,100,4
poisson_pcg5,0,0.0012906250000011,0.8119357073885988,,,,,32,100,4
amg_reused,0,0.0005638749999992143,0.8796334981403331,,,,,32,100,4
pcg5,0,0.0003667499999995272,0.42515380248193974,,,,,32,100,4
poisson_pcg20,0,0.005476041999999737,0.9999997317788427,,,,,32,100,4
jacobi20,0,0.0005292080000014465,0.5367369890386953,,,,,32,100,4
poisson_pcg10,0,0.0012648750000003872,0.9813239731600029,,,,,32,100,4
pcg20,0,0.0011026249999996907,0.7233078262463343,,,,,32,100,4
poisson,0,0.00015950000000053421,0.7726047962413275,,,,,32,100,4
pcg10,0,0.0007147910000000479,0.6646559616622558,,,,,32,100,4
oracle_reused,0,0.00031070799999888266,1.0,,,,,32,100,4
raw,1,3.3916000001354973e-05,0.3400405572741578,,,,,32,100,4
pcg5,1,0.0003810000000008529,0.42515380248193974,,,,,32,100,4
poisson_pcg10,1,0.0015585830000013345,0.9813239731600029,,,,,32,100,4
pcg80,1,0.0061172079999991524,0.993049149291896,,,,,32,100,4
amg,1,0.012162166999999613,0.8796334981403331,,,,,32,100,4
pcg20,1,0.0010440409999983302,0.7233078262463343,,,,,32,100,4
poisson_pcg40,1,0.004383875000000259,1.0,,,,,32,100,4
pcg40,1,0.0016744580000001008,0.8277339335526784,,,,,32,100,4
amg_reused,1,0.0005602909999993244,0.8796334981403331,,,,,32,100,4
poisson_pcg20,1,0.0027534170000009794,0.9999997317788427,,,,,32,100,4
oracle_reused,1,0.00020679200000017772,1.0,,,,,32,100,4
jacobi20,1,0.0008650830000007659,0.5367369890386953,,,,,32,100,4
poisson_pcg5,1,0.0014459169999998522,0.8119357073885988,,,,,32,100,4
poisson_pcg80,1,0.013032374999999874,1.0,,,,,32,100,4
cg20,1,0.0008954169999988437,0.34626715497818467,,,,,32,100,4
pcg10,1,0.0006088750000010634,0.6646559616622558,,,,,32,100,4
adaptive_rank90,1,0.003987249999999776,0.9999997317788427,20.0,1.0,4.0,0.9611650485436893,32,100,4
poisson,1,0.00015879100000049107,0.7726047962413275,,,,,32,100,4
oracle,1,0.010115458000001354,1.0,,,,,32,100,4
oracle,2,0.0044983750000007205,1.0,,,,,32,100,4
pcg40,2,0.004192916999999241,0.8277339335526784,,,,,32,100,4
poisson,2,0.00016733299999849294,0.7726047962413275,,,,,32,100,4
raw,2,4.591600000125595e-05,0.3400405572741578,,,,,32,100,4
poisson_pcg20,2,0.007448874999999688,0.9999997317788427,,,,,32,100,4
amg,2,0.013018125000000325,0.8796334981403331,,,,,32,100,4
pcg80,2,0.0033538330000002503,0.993049149291896,,,,,32,100,4
pcg5,2,0.0003595419999999905,0.42515380248193974,,,,,32,100,4
poisson_pcg5,2,0.000734540999999922,0.8119357073885988,,,,,32,100,4
oracle_reused,2,0.00017270900000099232,1.0,,,,,32,100,4
amg_reused,2,0.0006972080000000602,0.8796334981403331,,,,,32,100,4
poisson_pcg40,2,0.005047708000001094,1.0,,,,,32,100,4
poisson_pcg10,2,0.0014206669999996535,0.9813239731600029,,,,,32,100,4
poisson_pcg80,2,0.007144166999999868,1.0,,,,,32,100,4
adaptive_rank90,2,0.005366167000000033,0.9999997317788427,20.0,1.0,4.0,0.9611650485436893,32,100,4
jacobi20,2,0.0005001670000002179,0.5367369890386953,,,,,32,100,4
cg20,2,0.0009154160000015565,0.34626715497818467,,,,,32,100,4
pcg20,2,0.0009392089999984421,0.7233078262463343,,,,,32,100,4
pcg10,2,0.0005759579999988773,0.6646559616622558,,,,,32,100,4
poisson,0,0.0001657080000008193,0.590463843787998,,,,,32,100,5
cg20,0,0.0008844999999997327,0.42472536388670334,,,,,32,100,5
jacobi20,0,0.0004773750000008903,0.4776540930548602,,,,,32,100,5
pcg40,0,0.0018752079999995175,0.8339027854767184,,,,,32,100,5
poisson_pcg80,0,0.01084866599999934,1.0,,,,,32,100,5
pcg10,0,0.0007383749999991807,0.4420220298977183,,,,,32,100,5
pcg80,0,0.0031978749999996836,0.9793474514519704,,,,,32,100,5
raw,0,4.266600000057963e-05,0.3958889072670052,,,,,32,100,5
pcg5,0,0.00038395899999876804,0.43975145957013084,,,,,32,100,5
poisson_pcg40,0,0.0056836659999994765,1.0,,,,,32,100,5
poisson_pcg20,0,0.0023463330000002003,0.999993663275159,,,,,32,100,5
adaptive_rank90,0,0.004662500000000236,0.9999999329447105,25.0,1.0,5.0,0.970873786407767,32,100,5
amg,0,0.011045041999999228,0.9486198009799012,,,,,32,100,5
poisson_pcg5,0,0.000801792000000745,0.5161802401473428,,,,,32,100,5
amg_reused,0,0.0006753330000002222,0.9486198009799012,,,,,32,100,5
oracle_reused,0,0.0001862909999985618,1.0,,,,,32,100,5
poisson_pcg10,0,0.0018088330000001207,0.9567360390887634,,,,,32,100,5
pcg20,0,0.0010121249999990312,0.5503851991095057,,,,,32,100,5
oracle,0,0.002994082999999037,1.0,,,,,32,100,5
amg_reused,1,0.0006006670000004988,0.9486198009799012,,,,,32,100,5
poisson,1,0.00019208400000003678,0.590463843787998,,,,,32,100,5
pcg80,1,0.0035512080000010826,0.9793474514519704,,,,,32,100,5
raw,1,4.887499999917111e-05,0.3958889072670052,,,,,32,100,5
pcg40,1,0.0017762500000007009,0.8339027854767184,,,,,32,100,5
poisson_pcg20,1,0.00253916700000012,0.999993663275159,,,,,32,100,5
jacobi20,1,0.00040450000000014086,0.4776540930548602,,,,,32,100,5
cg20,1,0.0011598750000008096,0.42472536388670334,,,,,32,100,5
oracle_reused,1,0.0002480829999988998,1.0,,,,,32,100,5
poisson_pcg40,1,0.00460437499999955,1.0,,,,,32,100,5
poisson_pcg10,1,0.0014336670000005824,0.9567360390887634,,,,,32,100,5
adaptive_rank90,1,0.005162000000000333,0.9999999329447105,25.0,1.0,5.0,0.970873786407767,32,100,5
poisson_pcg80,1,0.011027999999999594,1.0,,,,,32,100,5
oracle,1,0.002827082999999675,1.0,,,,,32,100,5
pcg20,1,0.000996166000000187,0.5503851991095057,,,,,32,100,5
poisson_pcg5,1,0.0007589580000004759,0.5161802401473428,,,,,32,100,5
pcg10,1,0.001074125000000592,0.4420220298977183,,,,,32,100,5
pcg5,1,0.0008525410000004285,0.43975145957013084,,,,,32,100,5
amg,1,0.010267082999998678,0.9486198009799012,,,,,32,100,5
oracle_reused,2,0.00021324999999983163,1.0,,,,,32,100,5
poisson_pcg20,2,0.0038855409999989377,0.999993663275159,,,,,32,100,5
poisson_pcg80,2,0.007387459000000263,1.0,,,,,32,100,5
poisson,2,0.0002242920000004034,0.590463843787998,,,,,32,100,5
pcg20,2,0.0009536250000010682,0.5503851991095057,,,,,32,100,5
raw,2,3.300000000017178e-05,0.3958889072670052,,,,,32,100,5
poisson_pcg5,2,0.0008707920000006197,0.5161802401473428,,,,,32,100,5
pcg40,2,0.001674166999999116,0.8339027854767184,,,,,32,100,5
pcg10,2,0.0005443750000004854,0.4420220298977183,,,,,32,100,5
oracle,2,0.0028401250000005263,1.0,,,,,32,100,5
cg20,2,0.0009280419999999623,0.42472536388670334,,,,,32,100,5
amg_reused,2,0.0005593329999999952,0.9486198009799012,,,,,32,100,5
poisson_pcg40,2,0.005272500000000235,1.0,,,,,32,100,5
adaptive_rank90,2,0.004944207999999506,0.9999999329447105,25.0,1.0,5.0,0.970873786407767,32,100,5
poisson_pcg10,2,0.0012177500000003505,0.9567360390887634,,,,,32,100,5
jacobi20,2,0.000438583999999409,0.4776540930548602,,,,,32,100,5
pcg5,2,0.0006971670000002206,0.43975145957013084,,,,,32,100,5
amg,2,0.009535832999999272,0.9486198009799012,,,,,32,100,5
pcg80,2,0.0038305420000011026,0.9793474514519704,,,,,32,100,5
poisson_pcg20,0,0.003027791999999252,0.9999999776482369,,,,,32,100,6
oracle_reused,0,0.00018208300000033262,1.0,,,,,32,100,6
poisson_pcg10,0,0.001232167000001283,0.9993982458336312,,,,,32,100,6
cg20,0,0.0008530409999991662,0.2630526473428224,,,,,32,100,6
pcg80,0,0.0033526669999996983,0.9999890252843143,,,,,32,100,6
pcg5,0,0.0004388750000003938,0.33706545937343535,,,,,32,100,6
amg_reused,0,0.0006458330000000956,0.9810075168979328,,,,,32,100,6
pcg20,0,0.0009787089999999665,0.9469971747371432,,,,,32,100,6
amg,0,0.012314832999999581,0.9810075168979328,,,,,32,100,6
poisson_pcg5,0,0.001386999999999361,0.9779653637078892,,,,,32,100,6
poisson,0,0.0001818330000009638,0.39567899068378504,,,,,32,100,6
raw,0,3.579100000017377e-05,0.1335485323832344,,,,,32,100,6
pcg40,0,0.0018227080000006168,0.9845749700486374,,,,,32,100,6
poisson_pcg40,0,0.00431904200000055,1.0,,,,,32,100,6
poisson_pcg80,0,0.005621208999999183,1.0,,,,,32,100,6
oracle,0,0.003529999999999589,1.0,,,,,32,100,6
pcg10,0,0.000590749999998863,0.6491989016343608,,,,,32,100,6
adaptive_rank90,0,0.005120375000000621,0.9999999776482369,20.0,1.0,4.0,0.970873786407767,32,100,6
jacobi20,0,0.00042079199999989214,0.49730171750947705,,,,,32,100,6
oracle_reused,1,0.00016654200000054686,1.0,,,,,32,100,6
amg,1,0.011597500000000593,0.9810075168979328,,,,,32,100,6
pcg80,1,0.0032167499999999905,0.9999890252843143,,,,,32,100,6
poisson_pcg20,1,0.00251579199999874,0.9999999776482369,,,,,32,100,6
poisson_pcg10,1,0.001312250000001569,0.9993982458336312,,,,,32,100,6
pcg20,1,0.0010017090000005169,0.9469971747371432,,,,,32,100,6
poisson_pcg5,1,0.0006959159999997411,0.9779653637078892,,,,,32,100,6
pcg5,1,0.00034791599999906,0.33706545937343535,,,,,32,100,6
jacobi20,1,0.0004077499999990408,0.49730171750947705,,,,,32,100,6
adaptive_rank90,1,0.004052250000000868,0.9999999776482369,20.0,1.0,4.0,0.970873786407767,32,100,6
poisson,1,0.00020150000000107582,0.39567899068378504,,,,,32,100,6
poisson_pcg40,1,0.005159209000000331,1.0,,,,,32,100,6
amg_reused,1,0.0007326249999994872,0.9810075168979328,,,,,32,100,6
pcg40,1,0.001719334000000572,0.9845749700486374,,,,,32,100,6
pcg10,1,0.0006090000000007478,0.6491989016343608,,,,,32,100,6
poisson_pcg80,1,0.004847459000000498,1.0,,,,,32,100,6
oracle,1,0.003497917000000683,1.0,,,,,32,100,6
raw,1,4.5958000001178334e-05,0.1335485323832344,,,,,32,100,6
cg20,1,0.0009327080000005594,0.2630526473428224,,,,,32,100,6
oracle_reused,2,0.0003118749999995174,1.0,,,,,32,100,6
pcg80,2,0.003539416000000628,0.9999890252843143,,,,,32,100,6
oracle,2,0.0030041670000002796,1.0,,,,,32,100,6
cg20,2,0.0038226669999996687,0.2630526473428224,,,,,32,100,6
pcg10,2,0.0006345840000001601,0.6491989016343608,,,,,32,100,6
pcg20,2,0.0009415000000014828,0.9469971747371432,,,,,32,100,6
adaptive_rank90,2,0.003095458999998968,0.9999999776482369,20.0,1.0,4.0,0.970873786407767,32,100,6
amg_reused,2,0.0006915840000001339,0.9810075168979328,,,,,32,100,6
poisson,2,0.00018208400000041536,0.39567899068378504,,,,,32,100,6
poisson_pcg5,2,0.0007726249999997492,0.9779653637078892,,,,,32,100,6
jacobi20,2,0.0004973750000001331,0.49730171750947705,,,,,32,100,6
raw,2,4.991700000012145e-05,0.1335485323832344,,,,,32,100,6
amg,2,0.010379042000000283,0.9810075168979328,,,,,32,100,6
pcg5,2,0.0003825840000004632,0.33706545937343535,,,,,32,100,6
poisson_pcg40,2,0.005104666999999452,1.0,,,,,32,100,6
poisson_pcg20,2,0.00217870800000064,0.9999999776482369,,,,,32,100,6
poisson_pcg80,2,0.004585541999999165,1.0,,,,,32,100,6
poisson_pcg10,2,0.0018641670000008048,0.9993982458336312,,,,,32,100,6
pcg40,2,0.0020771669999994913,0.9845749700486374,,,,,32,100,6
poisson_pcg80,0,0.006795666999998673,1.0,,,,,32,100,7
poisson_pcg40,0,0.004232874999999581,1.0,,,,,32,100,7
oracle_reused,0,0.00016545900000153324,1.0,,,,,32,100,7
poisson_pcg5,0,0.0006566670000012209,0.7380170521600743,,,,,32,100,7
poisson_pcg20,0,0.002462791000001019,0.9999983571454115,,,,,32,100,7
amg,0,0.010832917000000108,0.9611459972462626,,,,,32,100,7
pcg80,0,0.004202708999999416,0.9955459529897718,,,,,32,100,7
raw,0,2.6416000000750728e-05,0.25559366282812385,,,,,32,100,7
amg_reused,0,0.0008086670000011509,0.9611459972462626,,,,,32,100,7
adaptive_rank90,0,0.0030779589999987422,0.9999983571454115,20.0,1.0,4.0,0.941747572815534,32,100,7
poisson,0,0.00010195900000020686,0.2635607699735355,,,,,32,100,7
pcg40,0,0.0016736660000002956,0.9262608629568699,,,,,32,100,7
oracle,0,0.002807833000000315,1.0,,,,,32,100,7
jacobi20,0,0.000496583000000328,0.4894705761390458,,,,,32,100,7
cg20,0,0.0010391250000001406,0.23885099644159927,,,,,32,100,7
pcg20,0,0.0013849169999993194,0.5826297184571919,,,,,32,100,7
pcg10,0,0.0005769999999998277,0.5527777653601316,,,,,32,100,7
poisson_pcg10,0,0.0012982499999996122,0.9920937567055289,,,,,32,100,7
pcg5,0,0.00040054199999950413,0.3746197294542593,,,,,32,100,7
oracle_reused,1,0.0002389170000007823,1.0,,,,,32,100,7
poisson_pcg20,1,0.005154540999999568,0.9999983571454115,,,,,32,100,7
poisson_pcg80,1,0.006707833999998414,1.0,,,,,32,100,7
raw,1,3.7792000000536063e-05,0.25559366282812385,,,,,32,100,7
pcg5,1,0.00037929200000164087,0.3746197294542593,,,,,32,100,7
adaptive_rank90,1,0.004075584000000632,0.9999983571454115,20.0,1.0,4.0,0.941747572815534,32,100,7
poisson,1,0.00011416700000133062,0.2635607699735355,,,,,32,100,7
oracle,1,0.0027543750000003087,1.0,,,,,32,100,7
pcg10,1,0.001916374999998638,0.5527777653601316,,,,,32,100,7
pcg40,1,0.0016724579999998213,0.9262608629568699,,,,,32,100,7
jacobi20,1,0.00039766700000143373,0.4894705761390458,,,,,32,100,7
cg20,1,0.0009916250000010507,0.23885099644159927,,,,,32,100,7
amg,1,0.010942375000000837,0.9611459972462626,,,,,32,100,7
pcg80,1,0.0032046670000003274,0.9955459529897718,,,,,32,100,7
poisson_pcg10,1,0.0013705000000001633,0.9920937567055289,,,,,32,100,7
amg_reused,1,0.0009222500000003464,0.9611459972462626,,,,,32,100,7
poisson_pcg40,1,0.004765624999999218,1.0,,,,,32,100,7
pcg20,1,0.0011957920000007505,0.5826297184571919,,,,,32,100,7
poisson_pcg5,1,0.0009496249999987327,0.7380170521600743,,,,,32,100,7
pcg20,2,0.000945041999999674,0.5826297184571919,,,,,32,100,7
pcg5,2,0.00036495900000055315,0.3746197294542593,,,,,32,100,7
pcg40,2,0.002359750000000105,0.9262608629568699,,,,,32,100,7
pcg10,2,0.0005863340000011874,0.5527777653601316,,,,,32,100,7
pcg80,2,0.003331333000000214,0.9955459529897718,,,,,32,100,7
poisson_pcg5,2,0.0008080000000010301,0.7380170521600743,,,,,32,100,7
raw,2,4.308299999955523e-05,0.25559366282812385,,,,,32,100,7
adaptive_rank90,2,0.0039255419999992824,0.9999983571454115,20.0,1.0,4.0,0.941747572815534,32,100,7
cg20,2,0.0014779160000006897,0.23885099644159927,,,,,32,100,7
poisson_pcg10,2,0.0012394160000006593,0.9920937567055289,,,,,32,100,7
poisson_pcg80,2,0.007485292000000143,1.0,,,,,32,100,7
jacobi20,2,0.0004264159999998185,0.4894705761390458,,,,,32,100,7
oracle,2,0.0029238340000006247,1.0,,,,,32,100,7
amg,2,0.012742000000001141,0.9611459972462626,,,,,32,100,7
poisson_pcg20,2,0.0023534170000001353,0.9999983571454115,,,,,32,100,7
poisson,2,0.00016549999999959653,0.2635607699735355,,,,,32,100,7
poisson_pcg40,2,0.006047999999999831,1.0,,,,,32,100,7
oracle_reused,2,0.00019550000000023715,1.0,,,,,32,100,7
amg_reused,2,0.0005927090000010793,0.9611459972462626,,,,,32,100,7
oracle,0,0.003131084000001394,1.0,,,,,32,100,8
pcg10,0,0.0006066659999994783,0.4482283992561333,,,,,32,100,8
poisson_pcg40,0,0.004852666999999755,1.0,,,,,32,100,8
oracle_reused,0,0.00016324999999994816,1.0,,,,,32,100,8
poisson_pcg5,0,0.0010115830000003712,0.9197653400150204,,,,,32,100,8
pcg20,0,0.0017169169999995404,0.6214487407016664,,,,,32,100,8
poisson_pcg20,0,0.0027404999999998125,0.9999993182712252,,,,,32,100,8
cg20,0,0.0014547080000006929,0.25017588602388957,,,,,32,100,8
amg,0,0.011162042000000483,0.9870582509298332,,,,,32,100,8
jacobi20,0,0.00048816600000023413,0.42948057855303623,,,,,32,100,8
poisson_pcg10,0,0.0013901660000001925,0.9995629000965595,,,,,32,100,8
pcg5,0,0.00038887500000051034,0.3277234282240183,,,,,32,100,8
raw,0,3.5708000000411744e-05,0.1905440866175524,,,,,32,100,8
poisson,0,0.00017874999999989427,0.2924031945139832,,,,,32,100,8
pcg40,0,0.001790749999999619,0.9157458112795936,,,,,32,100,8
adaptive_rank90,0,0.006124040999999636,0.9999993182712252,20.0,1.0,4.0,0.9320388349514563,32,100,8
pcg80,0,0.004905624999999247,0.9981658143194334,,,,,32,100,8
amg_reused,0,0.0008197909999996256,0.9870582509298332,,,,,32,100,8
poisson_pcg80,0,0.005875791999999436,1.0,,,,,32,100,8
raw,1,4.637500000015393e-05,0.1905440866175524,,,,,32,100,8
pcg20,1,0.0009479579999993604,0.6214487407016664,,,,,32,100,8
amg,1,0.016384916999999888,0.9870582509298332,,,,,32,100,8
poisson_pcg5,1,0.0007350830000003583,0.9197653400150204,,,,,32,100,8
poisson,1,0.0001593750000008498,0.2924031945139832,,,,,32,100,8
amg_reused,1,0.000709875000000082,0.9870582509298332,,,,,32,100,8
poisson_pcg10,1,0.0013250420000012753,0.9995629000965595,,,,,32,100,8
cg20,1,0.0008886659999998159,0.25017588602388957,,,,,32,100,8
adaptive_rank90,1,0.005877791999999715,0.9999993182712252,20.0,1.0,4.0,0.9320388349514563,32,100,8
poisson_pcg40,1,0.004837332999999333,1.0,,,,,32,100,8
poisson_pcg80,1,0.005758957999999481,1.0,,,,,32,100,8
pcg80,1,0.003136292000000651,0.9981658143194334,,,,,32,100,8
oracle,1,0.0029148750000000945,1.0,,,,,32,100,8
jacobi20,1,0.0004093749999984908,0.42948057855303623,,,,,32,100,8
pcg40,1,0.0017922079999994622,0.9157458112795936,,,,,32,100,8
oracle_reused,1,0.0002878339999998758,1.0,,,,,32,100,8
pcg5,1,0.00037499999999823785,0.3277234282240183,,,,,32,100,8
pcg10,1,0.0005354999999998,0.4482283992561333,,,,,32,100,8
poisson_pcg20,1,0.002223082999998738,0.9999993182712252,,,,,32,100,8
pcg20,2,0.0008982080000006221,0.6214487407016664,,,,,32,100,8
adaptive_rank90,2,0.003587457999998378,0.9999993182712252,20.0,1.0,4.0,0.9320388349514563,32,100,8
poisson_pcg20,2,0.002260207999999153,0.9999993182712252,,,,,32,100,8
pcg5,2,0.00035575000000065415,0.3277234282240183,,,,,32,100,8
pcg80,2,0.00340491699999923,0.9981658143194334,,,,,32,100,8
pcg40,2,0.0016392920000001254,0.9157458112795936,,,,,32,100,8
oracle_reused,2,0.0001666250000003089,1.0,,,,,32,100,8
amg,2,0.010117709000001085,0.9870582509298332,,,,,32,100,8
poisson_pcg10,2,0.0022644999999990034,0.9995629000965595,,,,,32,100,8
amg_reused,2,0.0006009159999997848,0.9870582509298332,,,,,32,100,8
jacobi20,2,0.0005097920000007861,0.42948057855303623,,,,,32,100,8
poisson,2,0.00016712500000082287,0.2924031945139832,,,,,32,100,8
poisson_pcg40,2,0.005051790999999639,1.0,,,,,32,100,8
oracle,2,0.00284283299999899,1.0,,,,,32,100,8
raw,2,4.38749999993604e-05,0.1905440866175524,,,,,32,100,8
poisson_pcg80,2,0.007490457999999478,1.0,,,,,32,100,8
pcg10,2,0.000592291999998551,0.4482283992561333,,,,,32,100,8
poisson_pcg5,2,0.0013262090000001336,0.9197653400150204,,,,,32,100,8
cg20,2,0.0008789590000013447,0.25017588602388957,,,,,32,100,8
pcg10,0,0.0012123749999997102,0.5715322245368714,,,,,32,100,9
adaptive_rank90,0,0.01494270899999961,0.9999991394571204,20.0,1.0,4.0,0.9514563106796117,32,100,9
pcg80,0,0.0033684589999989356,0.9998445770152349,,,,,32,100,9
pcg40,0,0.001707500000000195,0.609979950468493,,,,,32,100,9
pcg20,0,0.0014486659999999318,0.6505178009441385,,,,,32,100,9
oracle,0,0.004595124999999811,1.0,,,,,32,100,9
poisson_pcg5,0,0.0007389579999994567,0.9489726123846648,,,,,32,100,9
poisson,0,0.00018949999999939848,0.43720115692725847,,,,,32,100,9
raw,0,4.7292000001419865e-05,0.3062302969208211,,,,,32,100,9
poisson_pcg40,0,0.0067954170000010805,1.0,,,,,32,100,9
poisson_pcg10,0,0.00159104100000107,0.9994594337851369,,,,,32,100,9
cg20,0,0.0008844580000015867,0.3359848298583792,,,,,32,100,9
amg_reused,0,0.0006732080000002583,0.96039400570417,,,,,32,100,9
jacobi20,0,0.0005020000000008906,0.5622927879801158,,,,,32,100,9
amg,0,0.010601959000000605,0.96039400570417,,,,,32,100,9
poisson_pcg20,0,0.0025437909999990183,0.9999991394571204,,,,,32,100,9
oracle_reused,0,0.0002033749999998946,1.0,,,,,32,100,9
poisson_pcg80,0,0.005815166999999732,1.0,,,,,32,100,9
pcg5,0,0.0004152920000013438,0.42678122317788425,,,,,32,100,9
poisson_pcg80,1,0.007185332999998906,1.0,,,,,32,100,9
pcg10,1,0.0005615829999996436,0.5715322245368714,,,,,32,100,9
pcg20,1,0.001145375000000115,0.6505178009441385,,,,,32,100,9
cg20,1,0.0009256250000007071,0.3359848298583792,,,,,32,100,9
amg_reused,1,0.0006001250000000624,0.96039400570417,,,,,32,100,9
amg,1,0.010221707999999552,0.96039400570417,,,,,32,100,9
raw,1,4.266699999888601e-05,0.3062302969208211,,,,,32,100,9
pcg40,1,0.0016914169999999729,0.609979950468493,,,,,32,100,9
pcg5,1,0.00047008299999973246,0.42678122317788425,,,,,32,100,9
jacobi20,1,0.00047383399999922915,0.5622927879801158,,,,,32,100,9
poisson_pcg20,1,0.0023950419999998473,0.9999991394571204,,,,,32,100,9
poisson,1,0.00021295900000062318,0.43720115692725847,,,,,32,100,9
oracle,1,0.002969708000000182,1.0,,,,,32,100,9
poisson_pcg40,1,0.005909709000000873,1.0,,,,,32,100,9
adaptive_rank90,1,0.005625000000000213,0.9999991394571204,20.0,1.0,4.0,0.9514563106796117,32,100,9
pcg80,1,0.0032459160000009035,0.9998445770152349,,,,,32,100,9
poisson_pcg5,1,0.0006871250000006768,0.9489726123846648,,,,,32,100,9
oracle_reused,1,0.0001592089999995494,1.0,,,,,32,100,9
poisson_pcg10,1,0.0014754579999998185,0.9994594337851369,,,,,32,100,9
amg_reused,2,0.0006072499999998371,0.96039400570417,,,,,32,100,9
amg,2,0.011169916999998364,0.96039400570417,,,,,32,100,9
poisson_pcg40,2,0.005985542000001232,1.0,,,,,32,100,9
oracle,2,0.0031611670000000203,1.0,,,,,32,100,9
poisson_pcg10,2,0.0013824170000003022,0.9994594337851369,,,,,32,100,9
pcg80,2,0.003435291999998924,0.9998445770152349,,,,,32,100,9
poisson_pcg20,2,0.0026218749999991076,0.9999991394571204,,,,,32,100,9
adaptive_rank90,2,0.004779208000000423,0.9999991394571204,20.0,1.0,4.0,0.9514563106796117,32,100,9
pcg40,2,0.0017389170000008392,0.609979950468493,,,,,32,100,9
poisson_pcg80,2,0.007087374999999341,1.0,,,,,32,100,9
poisson,2,0.0001888749999992001,0.43720115692725847,,,,,32,100,9
pcg10,2,0.0005790409999999468,0.5715322245368714,,,,,32,100,9
pcg20,2,0.0009957919999994402,0.6505178009441385,,,,,32,100,9
poisson_pcg5,2,0.0008610830000002068,0.9489726123846648,,,,,32,100,9
oracle_reused,2,0.00019354199999987998,1.0,,,,,32,100,9
raw,2,4.470899999908795e-05,0.3062302969208211,,,,,32,100,9
jacobi20,2,0.0005815829999988864,0.5622927879801158,,,,,32,100,9
cg20,2,0.0008682079999999814,0.3359848298583792,,,,,32,100,9
pcg5,2,0.00040037499999989734,0.42678122317788425,,,,,32,100,9
pcg5,0,0.00045654200000022627,0.360029962538445,,,,,32,100,10
oracle,0,0.004093292000000304,1.0,,,,,32,100,10
cg20,0,0.0008758330000002701,0.38688577354981757,,,,,32,100,10
poisson_pcg10,0,0.001193916999998379,0.9979139881803876,,,,,32,100,10
jacobi20,0,0.0003992920000008837,0.3936164929189614,,,,,32,100,10
oracle_reused,0,0.00014887499999893805,1.0,,,,,32,100,10
poisson_pcg20,0,0.0026634999999988196,0.9999985136077533,,,,,32,100,10
poisson_pcg5,0,0.0008154160000000132,0.9385892572956154,,,,,32,100,10
pcg80,0,0.003086582999999976,0.9427097489449966,,,,,32,100,10
pcg40,0,0.0017327080000004713,0.7435281252235176,,,,,32,100,10
pcg10,0,0.0005831670000002731,0.3988804895930191,,,,,32,100,10
amg_reused,0,0.0005806659999993968,0.9595282995672697,,,,,32,100,10
raw,0,2.5833000000474726e-05,0.40608368053072025,,,,,32,100,10
poisson,0,0.0001680410000002297,0.5236113073099207,,,,,32,100,10
poisson_pcg80,0,0.0072412079999999435,1.0,,,,,32,100,10
poisson_pcg40,0,0.00641462500000145,1.0,,,,,32,100,10
amg,0,0.009488750000000934,0.9595282995672697,,,,,32,100,10
adaptive_rank90,0,0.004921917000000775,0.9999998547135397,25.0,1.0,5.0,0.9805825242718447,32,100,10
pcg20,0,0.0011321669999997397,0.4317272660217437,,,,,32,100,10
pcg40,1,0.0016474169999991517,0.7435281252235176,,,,,32,100,10
amg,1,0.011309209000000209,0.9595282995672697,,,,,32,100,10
amg_reused,1,0.000578042000000778,0.9595282995672697,,,,,32,100,10
pcg20,1,0.0011117079999998225,0.4317272660217437,,,,,32,100,10
poisson_pcg5,1,0.001058916999999937,0.9385892572956154,,,,,32,100,10
pcg10,1,0.0005582910000008212,0.3988804895930191,,,,,32,100,10
poisson_pcg20,1,0.0030562500000002046,0.9999985136077533,,,,,32,100,10
pcg80,1,0.003103582999999688,0.9427097489449966,,,,,32,100,10
poisson,1,0.0002669589999992894,0.5236113073099207,,,,,32,100,10
pcg5,1,0.0003783340000005353,0.360029962538445,,,,,32,100,10
poisson_pcg80,1,0.007778124999999747,1.0,,,,,32,100,10
oracle_reused,1,0.0001952079999991696,1.0,,,,,32,100,10
poisson_pcg40,1,0.005731124999998727,1.0,,,,,32,100,10
raw,1,2.512500000051432e-05,0.40608368053072025,,,,,32,100,10
cg20,1,0.000879582999999684,0.38688577354981757,,,,,32,100,10
oracle,1,0.003292542000000509,1.0,,,,,32,100,10
poisson_pcg10,1,0.0014419159999992104,0.9979139881803876,,,,,32,100,10
adaptive_rank90,1,0.004472208999999339,0.9999998547135397,25.0,1.0,5.0,0.9805825242718447,32,100,10
jacobi20,1,0.0005938749999998549,0.3936164929189614,,,,,32,100,10
poisson_pcg40,2,0.005990042000000528,1.0,,,,,32,100,10
poisson_pcg5,2,0.0009022079999994048,0.9385892572956154,,,,,32,100,10
poisson,2,0.00012379100000003973,0.5236113073099207,,,,,32,100,10
amg_reused,2,0.0005937080000002481,0.9595282995672697,,,,,32,100,10
pcg80,2,0.003301999999999694,0.9427097489449966,,,,,32,100,10
poisson_pcg20,2,0.0025514160000010833,0.9999985136077533,,,,,32,100,10
amg,2,0.011691875000000351,0.9595282995672697,,,,,32,100,10
pcg40,2,0.0022502919999993765,0.7435281252235176,,,,,32,100,10
oracle,2,0.0029088340000011925,1.0,,,,,32,100,10
adaptive_rank90,2,0.005494707999998738,0.9999998547135397,25.0,1.0,5.0,0.9805825242718447,32,100,10
jacobi20,2,0.0004238749999991853,0.3936164929189614,,,,,32,100,10
pcg20,2,0.0009545830000003974,0.4317272660217437,,,,,32,100,10
raw,2,2.3167000000157145e-05,0.40608368053072025,,,,,32,100,10
poisson_pcg10,2,0.0012160830000009781,0.9979139881803876,,,,,32,100,10
oracle_reused,2,0.00016670900000015365,1.0,,,,,32,100,10
cg20,2,0.0008594580000007568,0.38688577354981757,,,,,32,100,10
poisson_pcg80,2,0.008691291999999962,1.0,,,,,32,100,10
pcg10,2,0.000561707999999328,0.3988804895930191,,,,,32,100,10
pcg5,2,0.0003987090000006077,0.360029962538445,,,,,32,100,10
poisson_pcg10,0,0.0015402920000013864,0.9871272619984264,,,,,32,100,11
oracle,0,0.002960791999999657,1.0,,,,,32,100,11
oracle_reused,0,0.00018533299999923258,1.0,,,,,32,100,11
adaptive_rank90,0,0.004752459000000542,0.9999996423717903,25.0,1.0,5.0,1.0,32,100,11
pcg5,0,0.00040116599999961977,0.46719741300693796,,,,,32,100,11
amg,0,0.009716499999999684,0.9785459395787139,,,,,32,100,11
pcg10,0,0.0007240830000014853,0.5660204920964165,,,,,32,100,11
amg_reused,0,0.0006001250000000624,0.9785459395787139,,,,,32,100,11
poisson_pcg5,0,0.0007642920000012765,0.6243429140440597,,,,,32,100,11
jacobi20,0,0.00045399999999951035,0.5090799231993419,,,,,32,100,11
pcg40,0,0.0018014580000009772,0.941890992686503,,,,,32,100,11
poisson_pcg40,0,0.005276875000001624,0.9999999888241183,,,,,32,100,11
pcg20,0,0.0009222500000003464,0.8022054484657749,,,,,32,100,11
pcg80,0,0.003392541000000193,0.9999584257206207,,,,,32,100,11
poisson,0,0.0001442499999999569,0.21069064712824548,,,,,32,100,11
poisson_pcg20,0,0.0028832919999999262,0.9999965690043628,,,,,32,100,11
poisson_pcg80,0,0.010546291000000707,1.0,,,,,32,100,11
raw,0,3.77080000006913e-05,0.12258049987483009,,,,,32,100,11
cg20,0,0.0008793339999986216,0.4019311029253987,,,,,32,100,11
adaptive_rank90,1,0.004210332999999622,0.9999996423717903,25.0,1.0,5.0,1.0,32,100,11
amg_reused,1,0.0005896659999997667,0.9785459395787139,,,,,32,100,11
oracle,1,0.002972375000000582,1.0,,,,,32,100,11
pcg10,1,0.0006007090000004212,0.5660204920964165,,,,,32,100,11
cg20,1,0.0008583330000000444,0.4019311029253987,,,,,32,100,11
jacobi20,1,0.0003995840000001749,0.5090799231993419,,,,,32,100,11
oracle_reused,1,0.00016241700000030335,1.0,,,,,32,100,11
poisson_pcg5,1,0.0006869159999993713,0.6243429140440597,,,,,32,100,11
poisson_pcg80,1,0.009109457999999293,1.0,,,,,32,100,11
poisson,1,0.00014958400000075756,0.21069064712824548,,,,,32,100,11
poisson_pcg40,1,0.004543334000000954,0.9999999888241183,,,,,32,100,11
amg,1,0.010665459000000155,0.9785459395787139,,,,,32,100,11
pcg40,1,0.001791167000000371,0.941890992686503,,,,,32,100,11
pcg5,1,0.0004045839999999856,0.46719741300693796,,,,,32,100,11
pcg20,1,0.0013588329999993931,0.8022054484657749,,,,,32,100,11
poisson_pcg20,1,0.0028896249999998957,0.9999965690043628,,,,,32,100,11
pcg80,1,0.0033018750000000097,0.9999584257206207,,,,,32,100,11
poisson_pcg10,1,0.00120050000000127,0.9871272619984264,,,,,32,100,11
raw,1,2.2375000000351974e-05,0.12258049987483009,,,,,32,100,11
oracle,2,0.003315624999999045,1.0,,,,,32,100,11
poisson_pcg5,2,0.0007955420000005375,0.6243429140440597,,,,,32,100,11
amg_reused,2,0.0005729169999995065,0.9785459395787139,,,,,32,100,11
amg,2,0.010233999999998744,0.9785459395787139,,,,,32,100,11
pcg80,2,0.003294999999999604,0.9999584257206207,,,,,32,100,11
pcg20,2,0.0014894170000001594,0.8022054484657749,,,,,32,100,11
pcg10,2,0.0005673329999993371,0.5660204920964165,,,,,32,100,11
poisson_pcg20,2,0.0024636669999988925,0.9999965690043628,,,,,32,100,11
pcg5,2,0.00039537500000008663,0.46719741300693796,,,,,32,100,11
oracle_reused,2,0.00020666599999863422,1.0,,,,,32,100,11
poisson_pcg80,2,0.008421165999999758,1.0,,,,,32,100,11
jacobi20,2,0.0005257499999995474,0.5090799231993419,,,,,32,100,11
poisson,2,0.00015658299999898873,0.21069064712824548,,,,,32,100,11
cg20,2,0.0009256249999989308,0.4019311029253987,,,,,32,100,11
pcg40,2,0.0016537499999991212,0.941890992686503,,,,,32,100,11
adaptive_rank90,2,0.004218791999999638,0.9999996423717903,25.0,1.0,5.0,1.0,32,100,11
poisson_pcg40,2,0.006296374999999799,0.9999999888241183,,,,,32,100,11
poisson_pcg10,2,0.0013706249999998477,0.9871272619984264,,,,,32,100,11
raw,2,3.55420000008877e-05,0.12258049987483009,,,,,32,100,11
poisson_pcg20,0,0.0026969169999997433,0.9999967478184677,,,,,32,100,12
oracle_reused,0,0.0001667499999999933,1.0,,,,,32,100,12
amg,0,0.014963249999999206,0.9600361986803518,,,,,32,100,12
pcg5,0,0.00042233299999949736,0.42339305351906154,,,,,32,100,12
oracle,0,0.0029912920000008114,1.0,,,,,32,100,12
poisson_pcg10,0,0.0013474159999997681,0.9870493437522352,,,,,32,100,12
poisson_pcg5,0,0.0011279579999996514,0.7648964778091695,,,,,32,100,12
jacobi20,0,0.0006792089999994033,0.5333753732744437,,,,,32,100,12
pcg10,0,0.0005971249999987549,0.5838414410628711,,,,,32,100,12
cg20,0,0.0009231249999999136,0.23789569326228446,,,,,32,100,12
amg_reused,0,0.0005817080000003472,0.9600361986803518,,,,,32,100,12
poisson,0,0.0001455830000001157,0.3726501814963164,,,,,32,100,12
poisson_pcg40,0,0.006241041000000891,1.0,,,,,32,100,12
poisson_pcg80,0,0.008918707999999498,1.0,,,,,32,100,12
adaptive_rank90,0,0.004897042000001406,0.9999997429547242,25.0,1.0,5.0,0.9514563106796117,32,100,12
pcg40,0,0.001724541999999829,0.9013677490880478,,,,,32,100,12
raw,0,2.3500000001064336e-05,0.012779832898219011,,,,,32,100,12
pcg20,0,0.0009246660000012952,0.7329686829447106,,,,,32,100,12
pcg80,0,0.0032154580000014477,0.9993844659716756,,,,,32,100,12
raw,1,4.5916999999562336e-05,0.012779832898219011,,,,,32,100,12
amg_reused,1,0.000741707999999619,0.9600361986803518,,,,,32,100,12
amg,1,0.009073958000000104,0.9600361986803518,,,,,32,100,12
pcg10,1,0.0005695830000007618,0.5838414410628711,,,,,32,100,12
pcg5,1,0.00041624999999889667,0.42339305351906154,,,,,32,100,12
poisson_pcg20,1,0.002612458999999845,0.9999967478184677,,,,,32,100,12
oracle_reused,1,0.00017087499999846045,1.0,,,,,32,100,12
oracle,1,0.0028938749999998237,1.0,,,,,32,100,12
poisson_pcg5,1,0.0007679999999989917,0.7648964778091695,,,,,32,100,12
jacobi20,1,0.00046441699999988373,0.5333753732744437,,,,,32,100,12
poisson,1,0.00012237500000011892,0.3726501814963164,,,,,32,100,12
pcg40,1,0.0021954169999993667,0.9013677490880478,,,,,32,100,12
pcg20,1,0.0008968750000004633,0.7329686829447106,,,,,32,100,12
adaptive_rank90,1,0.004475583999999699,0.9999997429547242,25.0,1.0,5.0,0.9514563106796117,32,100,12
pcg80,1,0.0036629999999995277,0.9993844659716756,,,,,32,100,12
cg20,1,0.000899708999998694,0.23789569326228446,,,,,32,100,12
poisson_pcg10,1,0.001548250000000806,0.9870493437522352,,,,,32,100,12
poisson_pcg80,1,0.00895008300000022,1.0,,,,,32,100,12
poisson_pcg40,1,0.005212375000001046,1.0,,,,,32,100,12
pcg40,2,0.0020998339999991344,0.9013677490880478,,,,,32,100,12
poisson_pcg80,2,0.010348332999999599,1.0,,,,,32,100,12
poisson_pcg5,2,0.0006772500000007398,0.7648964778091695,,,,,32,100,12
cg20,2,0.0008655410000013575,0.23789569326228446,,,,,32,100,12
amg_reused,2,0.0009203329999998289,0.9600361986803518,,,,,32,100,12
raw,2,5.762500000017212e-05,0.012779832898219011,,,,,32,100,12
poisson_pcg40,2,0.008061875000000995,1.0,,,,,32,100,12
poisson,2,0.00016241700000030335,0.3726501814963164,,,,,32,100,12
pcg80,2,0.0034883329999999546,0.9993844659716756,,,,,32,100,12
adaptive_rank90,2,0.004143875000000463,0.9999997429547242,25.0,1.0,5.0,0.9514563106796117,32,100,12
oracle,2,0.0035130829999996394,1.0,,,,,32,100,12
pcg5,2,0.00041012500000014995,0.42339305351906154,,,,,32,100,12
poisson_pcg10,2,0.00139804099999985,0.9870493437522352,,,,,32,100,12
oracle_reused,2,0.00023691700000050275,1.0,,,,,32,100,12
amg,2,0.009632791999999668,0.9600361986803518,,,,,32,100,12
jacobi20,2,0.00041537500000110583,0.5333753732744437,,,,,32,100,12
pcg10,2,0.0005461669999995422,0.5838414410628711,,,,,32,100,12
pcg20,2,0.0009964159999995559,0.7329686829447106,,,,,32,100,12
poisson_pcg20,2,0.0022457500000001573,0.9999967478184677,,,,,32,100,12
cg20,0,0.0009618339999999392,0.4166473919962806,,,,,32,100,13
pcg20,0,0.0011980830000002385,0.5015670821114369,,,,,32,100,13
raw,0,2.4666999999922723e-05,0.43145536799942774,,,,,32,100,13
pcg5,0,0.0003627500000007444,0.38209261676561046,,,,,32,100,13
poisson_pcg40,0,0.004764040999999608,1.0,,,,,32,100,13
jacobi20,0,0.0005419579999994539,0.4279636314462485,,,,,32,100,13
amg_reused,0,0.0005883749999995302,0.7470294059795436,,,,,32,100,13
amg,0,0.012305791999999371,0.7470294059795436,,,,,32,100,13
poisson_pcg10,0,0.0012054999999993044,0.9326062267541662,,,,,32,100,13
oracle,0,0.0033750839999999727,1.0,,,,,32,100,13
adaptive_rank90,0,0.003795500000000729,0.9999992512159357,25.0,1.0,5.0,0.9902912621359223,32,100,13
poisson_pcg5,0,0.0008431669999993119,0.38248415259995705,,,,,32,100,13
pcg40,0,0.0016756249999989592,0.4705938751698734,,,,,32,100,13
pcg80,0,0.004330665999999539,0.9884832764108432,,,,,32,100,13
poisson_pcg20,0,0.002439041999998892,0.9999924004005435,,,,,32,100,13
oracle_reused,0,0.00017012499999857766,1.0,,,,,32,100,13
poisson_pcg80,0,0.008325457999999841,1.0,,,,,32,100,13
pcg10,0,0.0007138749999988647,0.4954358482047064,,,,,32,100,13
poisson,0,0.0001197079999997186,0.4384794654352335,,,,,32,100,13
poisson_pcg80,1,0.007721166999999696,1.0,,,,,32,100,13
jacobi20,1,0.0004989159999997383,0.4279636314462485,,,,,32,100,13
cg20,1,0.000913833999998559,0.4166473919962806,,,,,32,100,13
poisson,1,0.00017891699999950106,0.4384794654352335,,,,,32,100,13
raw,1,3.3291999999462973e-05,0.43145536799942774,,,,,32,100,13
poisson_pcg40,1,0.004543082999999726,1.0,,,,,32,100,13
pcg10,1,0.0005857910000006683,0.4954358482047064,,,,,32,100,13
pcg20,1,0.001032083000000128,0.5015670821114369,,,,,32,100,13
adaptive_rank90,1,0.00469449999999938,0.9999992512159357,25.0,1.0,5.0,0.9902912621359223,32,100,13
pcg80,1,0.003308792000000338,0.9884832764108432,,,,,32,100,13
poisson_pcg20,1,0.00266887499999946,0.9999924004005435,,,,,32,100,13
pcg40,1,0.0018453329999985613,0.4705938751698734,,,,,32,100,13
poisson_pcg10,1,0.0012718750000004775,0.9326062267541662,,,,,32,100,13
amg_reused,1,0.0005702920000008049,0.7470294059795436,,,,,32,100,13
oracle_reused,1,0.00016266600000136577,1.0,,,,,32,100,13
amg,1,0.01122916599999968,0.7470294059795436,,,,,32,100,13
oracle,1,0.0028714169999997097,1.0,,,,,32,100,13
poisson_pcg5,1,0.0008951250000013289,0.38248415259995705,,,,,32,100,13
pcg5,1,0.0004187080000015442,0.38209261676561046,,,,,32,100,13
pcg80,2,0.003032875000000601,0.9884832764108432,,,,,32,100,13
raw,2,6.50410000009316e-05,0.43145536799942774,,,,,32,100,13
poisson_pcg10,2,0.0015535829999997475,0.9326062267541662,,,,,32,100,13
pcg20,2,0.0009568340000001285,0.5015670821114369,,,,,32,100,13
poisson_pcg5,2,0.0007292500000009028,0.38248415259995705,,,,,32,100,13
poisson,2,0.0001903329999990433,0.4384794654352335,,,,,32,100,13
amg,2,0.011135125000000912,0.7470294059795436,,,,,32,100,13
adaptive_rank90,2,0.004626999999999271,0.9999992512159357,25.0,1.0,5.0,0.9902912621359223,32,100,13
pcg10,2,0.0005586659999998744,0.4954358482047064,,,,,32,100,13
oracle,2,0.005605708000000931,1.0,,,,,32,100,13
cg20,2,0.0008940000000006165,0.4166473919962806,,,,,32,100,13
jacobi20,2,0.0009227920000007828,0.4279636314462485,,,,,32,100,13
poisson_pcg80,2,0.008468541999999246,1.0,,,,,32,100,13
oracle_reused,2,0.0001525840000002887,1.0,,,,,32,100,13
amg_reused,2,0.000547416999999939,0.7470294059795436,,,,,32,100,13
pcg5,2,0.00035824999999967133,0.38209261676561046,,,,,32,100,13
poisson_pcg40,2,0.004857708999999488,1.0,,,,,32,100,13
poisson_pcg20,2,0.0032247919999992547,0.9999924004005435,,,,,32,100,13
pcg40,2,0.001939583000000411,0.4705938751698734,,,,,32,100,13
poisson_pcg40,0,0.004570750000000956,1.0,,,,,32,100,14
jacobi20,0,0.0005700419999996598,0.7013011631857521,,,,,32,100,14
adaptive_rank90,0,0.004486584000000349,0.9999998211858951,25.0,1.0,5.0,0.9611650485436893,32,100,14
poisson,0,0.00016316700000018614,0.11141874463557683,,,,,32,100,14
raw,0,3.412500000088414e-05,0.2738830376940133,,,,,32,100,14
oracle_reused,0,0.00017537499999953354,1.0,,,,,32,100,14
oracle,0,0.0029020419999987723,1.0,,,,,32,100,14
poisson_pcg5,0,0.0007809999999999206,0.41236906337171875,,,,,32,100,14
amg,0,0.011144666999999941,0.9775876971425506,,,,,32,100,14
poisson_pcg80,0,0.00743495799999927,1.0,,,,,32,100,14
pcg40,0,0.0018570839999991762,0.9805987255024676,,,,,32,100,14
pcg20,0,0.0011307079999998138,0.9098343287318502,,,,,32,100,14
amg_reused,0,0.000753041999999482,0.9775876971425506,,,,,32,100,14
pcg5,0,0.0003921249999994103,0.5888999132751591,,,,,32,100,14
poisson_pcg20,0,0.002367874999999131,0.9999948032150775,,,,,32,100,14
pcg80,0,0.0032544999999988278,0.9999992288641726,,,,,32,100,14
cg20,0,0.0009941669999999903,0.5467156319290465,,,,,32,100,14
poisson_pcg10,0,0.0015689580000000092,0.9879116188934984,,,,,32,100,14
pcg10,0,0.0005711660000002894,0.7577718309670267,,,,,32,100,14
poisson_pcg5,1,0.0007317919999998423,0.41236906337171875,,,,,32,100,14
pcg80,1,0.003211457999999112,0.9999992288641726,,,,,32,100,14
pcg40,1,0.0017069159999998362,0.9805987255024676,,,,,32,100,14
pcg10,1,0.0005617919999991727,0.7577718309670267,,,,,32,100,14
amg_reused,1,0.0007900840000001352,0.9775876971425506,,,,,32,100,14
amg,1,0.010945292000000606,0.9775876971425506,,,,,32,100,14
pcg20,1,0.0009383749999987145,0.9098343287318502,,,,,32,100,14
poisson_pcg20,1,0.0024441670000001636,0.9999948032150775,,,,,32,100,14
raw,1,3.954099999958771e-05,0.2738830376940133,,,,,32,100,14
adaptive_rank90,1,0.004065125000000336,0.9999998211858951,25.0,1.0,5.0,0.9611650485436893,32,100,14
jacobi20,1,0.0004370839999996434,0.7013011631857521,,,,,32,100,14
pcg5,1,0.00038195799999840574,0.5888999132751591,,,,,32,100,14
poisson_pcg80,1,0.007429374999999183,1.0,,,,,32,100,14
poisson,1,0.0001926250000003904,0.11141874463557683,,,,,32,100,14
oracle_reused,1,0.00019933299999941312,1.0,,,,,32,100,14
oracle,1,0.002848708000000144,1.0,,,,,32,100,14
poisson_pcg10,1,0.0017897500000003674,0.9879116188934984,,,,,32,100,14
cg20,1,0.0008642909999991844,0.5467156319290465,,,,,32,100,14
poisson_pcg40,1,0.0045536249999997835,1.0,,,,,32,100,14
pcg40,2,0.002223582999999252,0.9805987255024676,,,,,32,100,14
poisson_pcg40,2,0.005573874999999617,1.0,,,,,32,100,14
jacobi20,2,0.000482375000000701,0.7013011631857521,,,,,32,100,14
adaptive_rank90,2,0.004256125000001276,0.9999998211858951,25.0,1.0,5.0,0.9611650485436893,32,100,14
amg_reused,2,0.0005908330000004014,0.9775876971425506,,,,,32,100,14
poisson_pcg20,2,0.002593999999998431,0.9999948032150775,,,,,32,100,14
poisson_pcg10,2,0.0013462089999993765,0.9879116188934984,,,,,32,100,14
oracle_reused,2,0.00016837499999944328,1.0,,,,,32,100,14
poisson_pcg5,2,0.0007290409999995973,0.41236906337171875,,,,,32,100,14
raw,2,3.887500000132604e-05,0.2738830376940133,,,,,32,100,14
poisson_pcg80,2,0.007055666999999488,1.0,,,,,32,100,14
oracle,2,0.0026679579999999703,1.0,,,,,32,100,14
pcg20,2,0.0009912910000000608,0.9098343287318502,,,,,32,100,14
cg20,2,0.0008554580000001977,0.5467156319290465,,,,,32,100,14
amg,2,0.009665041999999957,0.9775876971425506,,,,,32,100,14
pcg10,2,0.0005485420000006513,0.7577718309670267,,,,,32,100,14
poisson,2,0.0001855840000004605,0.11141874463557683,,,,,32,100,14
pcg5,2,0.00040220900000065285,0.5888999132751591,,,,,32,100,14
pcg80,2,0.003972834000000702,0.9999992288641726,,,,,32,100,14
pcg10,0,0.000633875000000117,0.3921881705528932,,,,,32,100,15
oracle,0,0.0033342919999999054,1.0,,,,,32,100,15
adaptive_rank90,0,0.0052525000000009925,0.999999720602961,25.0,1.0,5.0,0.9805825242718447,32,100,15
jacobi20,0,0.0004961669999996587,0.35597615737429367,,,,,32,100,15
oracle_reused,0,0.00019104199999908644,1.0,,,,,32,100,15
poisson_pcg5,0,0.0007687500000006509,0.7729323836814246,,,,,32,100,15
amg_reused,0,0.0007005409999987222,0.9651785011801731,,,,,32,100,15
pcg5,0,0.00044150000000087175,0.29699689534010437,,,,,32,100,15
raw,0,6.037500000033447e-05,0.1349031833381017,,,,,32,100,15
poisson,0,0.00016691599999951734,0.4176230464559044,,,,,32,100,15
poisson_pcg80,0,0.009050374999999278,1.0,,,,,32,100,15
pcg20,0,0.0009537079999990539,0.531454183355983,,,,,32,100,15
pcg80,0,0.0033039999999999736,0.999170459015807,,,,,32,100,15
poisson_pcg10,0,0.00124170800000023,0.9899347775552536,,,,,32,100,15
poisson_pcg40,0,0.004592709000000639,1.0,,,,,32,100,15
cg20,0,0.0011159589999998332,0.3076568646734854,,,,,32,100,15
pcg40,0,0.0019763340000000795,0.6905662148630283,,,,,32,100,15
poisson_pcg20,0,0.0022945830000011824,0.9999967254667046,,,,,32,100,15
amg,0,0.012497250000000903,0.9651785011801731,,,,,32,100,15
pcg80,1,0.004246332999999325,0.999170459015807,,,,,32,100,15
poisson_pcg80,1,0.009627833000001473,1.0,,,,,32,100,15
pcg10,1,0.0006132080000007534,0.3921881705528932,,,,,32,100,15
poisson_pcg20,1,0.002439250000000115,0.9999967254667046,,,,,32,100,15
pcg5,1,0.0003544160000004126,0.29699689534010437,,,,,32,100,15
poisson_pcg5,1,0.0007525420000007443,0.7729323836814246,,,,,32,100,15
cg20,1,0.0008753749999996785,0.3076568646734854,,,,,32,100,15
poisson_pcg10,1,0.0013669580000001957,0.9899347775552536,,,,,32,100,15
adaptive_rank90,1,0.004057666999999654,0.999999720602961,25.0,1.0,5.0,0.9805825242718447,32,100,15
oracle,1,0.0029712079999999474,1.0,,,,,32,100,15
pcg20,1,0.0010344999999993831,0.531454183355983,,,,,32,100,15
jacobi20,1,0.000507041000000541,0.35597615737429367,,,,,32,100,15
pcg40,1,0.0016739999999995092,0.6905662148630283,,,,,32,100,15
amg_reused,1,0.0006045419999995971,0.9651785011801731,,,,,32,100,15
poisson_pcg40,1,0.005150083000000194,1.0,,,,,32,100,15
amg,1,0.011125708999999873,0.9651785011801731,,,,,32,100,15
oracle_reused,1,0.00022737500000147293,1.0,,,,,32,100,15
raw,1,2.7958000000438687e-05,0.1349031833381017,,,,,32,100,15
poisson,1,0.00015670899999875587,0.4176230464559044,,,,,32,100,15
poisson_pcg5,2,0.0007605410000000035,0.7729323836814246,,,,,32,100,15
pcg40,2,0.0018841670000000477,0.6905662148630283,,,,,32,100,15
poisson_pcg40,2,0.004984916999999811,1.0,,,,,32,100,15
amg_reused,2,0.0006187909999990637,0.9651785011801731,,,,,32,100,15
oracle_reused,2,0.00019874999999913712,1.0,,,,,32,100,15
adaptive_rank90,2,0.005043374999999628,0.999999720602961,25.0,1.0,5.0,0.9805825242718447,32,100,15
cg20,2,0.0009082500000001659,0.3076568646734854,,,,,32,100,15
raw,2,2.3207999999996787e-05,0.1349031833381017,,,,,32,100,15
amg,2,0.010887374999999366,0.9651785011801731,,,,,32,100,15
oracle,2,0.003018834000000581,1.0,,,,,32,100,15
poisson_pcg10,2,0.001608000000000942,0.9899347775552536,,,,,32,100,15
pcg5,2,0.0003961669999998918,0.29699689534010437,,,,,32,100,15
pcg80,2,0.003797125000000179,0.999170459015807,,,,,32,100,15
pcg20,2,0.0009677499999991568,0.531454183355983,,,,,32,100,15
poisson,2,0.0001831249999995066,0.4176230464559044,,,,,32,100,15
poisson_pcg80,2,0.00834870799999976,1.0,,,,,32,100,15
jacobi20,2,0.0004093340000004275,0.35597615737429367,,,,,32,100,15
pcg10,2,0.0007119170000002839,0.3921881705528932,,,,,32,100,15
poisson_pcg20,2,0.002506832999999986,0.9999967254667046,,,,,32,100,15
raw,0,6.47499999999468e-05,0.23886689972105,,,,,32,100,16
pcg5,0,0.001722334000000103,0.3897080636220585,,,,,32,100,16
oracle_reused,0,0.00019174999999904685,1.0,,,,,32,100,16
poisson_pcg10,0,0.0013985000000005243,0.997103267380731,,,,,32,100,16
poisson_pcg5,0,0.0007472919999997885,0.7235557408268364,,,,,32,100,16
adaptive_rank90,0,0.005360792000001169,0.9999998658894214,30.0,1.0,6.0,0.9514563106796117,32,100,16
pcg10,0,0.0006025000000011715,0.4519703749731779,,,,,32,100,16
oracle,0,0.0028994999999998328,1.0,,,,,32,100,16
pcg40,0,0.0023376660000007377,0.978721859130248,,,,,32,100,16
poisson,0,0.00016562499999928093,0.46143044578356335,,,,,32,100,16
pcg80,0,0.003571000000000879,0.9993023455940203,,,,,32,100,16
amg,0,0.010918915999999612,0.8259586782955439,,,,,32,100,16
poisson_pcg80,0,0.00914845899999861,1.0,,,,,32,100,16
amg_reused,0,0.0008750830000003873,0.8259586782955439,,,,,32,100,16
jacobi20,0,0.00041650000000004184,0.4347966324833702,,,,,32,100,16
cg20,0,0.0008988749999989665,0.4050431500786782,,,,,32,100,16
poisson_pcg40,0,0.004748833999999036,1.0,,,,,32,100,16
pcg20,0,0.0009397920000004945,0.564455075191331,,,,,32,100,16
poisson_pcg20,0,0.0026724159999993446,0.9999838396752735,,,,,32,100,16
poisson_pcg5,1,0.0007106670000016635,0.7235557408268364,,,,,32,100,16
raw,1,4.2999999999793204e-05,0.23886689972105,,,,,32,100,16
pcg40,1,0.0017798340000005908,0.978721859130248,,,,,32,100,16
poisson_pcg40,1,0.0047192080000009184,1.0,,,,,32,100,16
cg20,1,0.000906290999999726,0.4050431500786782,,,,,32,100,16
oracle_reused,1,0.00018266600000060862,1.0,,,,,32,100,16
adaptive_rank90,1,0.005034290999999413,0.9999998658894214,30.0,1.0,6.0,0.9514563106796117,32,100,16
poisson_pcg10,1,0.0012580419999999037,0.997103267380731,,,,,32,100,16
pcg20,1,0.0009892499999999416,0.564455075191331,,,,,32,100,16
poisson,1,0.0001297499999992624,0.46143044578356335,,,,,32,100,16
pcg10,1,0.0005341249999997189,0.4519703749731779,,,,,32,100,16
oracle,1,0.0028827920000011886,1.0,,,,,32,100,16
amg_reused,1,0.0006731670000004186,0.8259586782955439,,,,,32,100,16
pcg80,1,0.003189708000000735,0.9993023455940203,,,,,32,100,16
poisson_pcg80,1,0.008858958999999444,1.0,,,,,32,100,16
pcg5,1,0.00038020799999927135,0.3897080636220585,,,,,32,100,16
amg,1,0.011698250000000243,0.8259586782955439,,,,,32,100,16
poisson_pcg20,1,0.0029930000000000234,0.9999838396752735,,,,,32,100,16
jacobi20,1,0.0005382499999999624,0.4347966324833702,,,,,32,100,16
adaptive_rank90,2,0.004915167000000054,0.9999998658894214,30.0,1.0,6.0,0.9514563106796117,32,100,16
pcg5,2,0.0004428329999992542,0.3897080636220585,,,,,32,100,16
amg_reused,2,0.0007064579999997989,0.8259586782955439,,,,,32,100,16
pcg10,2,0.0008269589999994054,0.4519703749731779,,,,,32,100,16
poisson,2,0.0002907499999995622,0.46143044578356335,,,,,32,100,16
pcg40,2,0.0018558329999986967,0.978721859130248,,,,,32,100,16
poisson_pcg10,2,0.001546749999999264,0.997103267380731,,,,,32,100,16
poisson_pcg20,2,0.0043527919999988285,0.9999838396752735,,,,,32,100,16
oracle,2,0.0036272090000011303,1.0,,,,,32,100,16
amg,2,0.014765249999999952,0.8259586782955439,,,,,32,100,16
pcg80,2,0.00455487500000018,0.9993023455940203,,,,,32,100,16
cg20,2,0.0011253329999991735,0.4050431500786782,,,,,32,100,16
pcg20,2,0.0019896670000001393,0.564455075191331,,,,,32,100,16
raw,2,5.1958000000240645e-05,0.23886689972105,,,,,32,100,16
poisson_pcg40,2,0.008553166999998751,1.0,,,,,32,100,16
poisson_pcg80,2,0.010096499999999509,1.0,,,,,32,100,16
jacobi20,2,0.001165459000000979,0.4347966324833702,,,,,32,100,16
poisson_pcg5,2,0.0012057090000006099,0.7235557408268364,,,,,32,100,16
oracle_reused,2,0.00020687499999993975,1.0,,,,,32,100,16
poisson_pcg80,0,0.006030124999998776,1.0,,,,,32,100,17
amg_reused,0,0.0013335839999992771,0.9939660521421927,,,,,32,100,17
raw,0,4.0458000000853644e-05,0.27638571990558614,,,,,32,100,17
pcg5,0,0.00040462499999982526,0.29197801927616046,,,,,32,100,17
poisson_pcg20,0,0.002856792000001107,0.9999998882411845,,,,,32,100,17
cg20,0,0.0009708330000002263,0.24842545239968522,,,,,32,100,17
pcg40,0,0.0022297499999996973,0.9638861669408482,,,,,32,100,17
pcg10,0,0.0008804580000010276,0.460477735408769,,,,,32,100,17
pcg80,0,0.003561375000000311,0.9973980312567055,,,,,32,100,17
poisson_pcg5,0,0.0007806249999990911,0.97988835294328,,,,,32,100,17
jacobi20,0,0.0004087080000001464,0.37447539294399534,,,,,32,100,17
amg,0,0.013860583999999676,0.9939660521421927,,,,,32,100,17
poisson_pcg40,0,0.005852332999999987,1.0,,,,,32,100,17
adaptive_rank90,0,0.003672625000000096,0.9999998882411845,20.0,1.0,4.0,1.0,32,100,17
pcg20,0,0.0009262500000009055,0.6216722471568557,,,,,32,100,17
poisson,0,0.0002159169999984556,0.7881069397754095,,,,,32,100,17
oracle_reused,0,0.0002386659999995544,1.0,,,,,32,100,17
poisson_pcg10,0,0.002325875000000366,0.9995017121450539,,,,,32,100,17
oracle,0,0.0037092499999999973,1.0,,,,,32,100,17
oracle_reused,1,0.0001595420000004566,1.0,,,,,32,100,17
poisson_pcg20,1,0.0024039580000003724,0.9999998882411845,,,,,32,100,17
poisson_pcg5,1,0.0010637920000000634,0.97988835294328,,,,,32,100,17
cg20,1,0.0007588750000007138,0.24842545239968522,,,,,32,100,17
poisson_pcg80,1,0.004728916999999555,1.0,,,,,32,100,17
amg,1,0.0103070419999991,0.9939660521421927,,,,,32,100,17
adaptive_rank90,1,0.0034034169999994646,0.9999998882411845,20.0,1.0,4.0,1.0,32,100,17
poisson_pcg40,1,0.00480024999999884,1.0,,,,,32,100,17
pcg20,1,0.0012593750000000625,0.6216722471568557,,,,,32,100,17
pcg80,1,0.003384207999999944,0.9973980312567055,,,,,32,100,17
poisson_pcg10,1,0.0010611250000014394,0.9995017121450539,,,,,32,100,17
oracle,1,0.00248700000000035,1.0,,,,,32,100,17
pcg5,1,0.0004459580000002461,0.29197801927616046,,,,,32,100,17
amg_reused,1,0.0006701669999991111,0.9939660521421927,,,,,32,100,17
raw,1,3.679199999950811e-05,0.27638571990558614,,,,,32,100,17
poisson,1,0.0001777910000004823,0.7881069397754095,,,,,32,100,17
jacobi20,1,0.00043175000000061914,0.37447539294399534,,,,,32,100,17
pcg10,1,0.0007265420000006628,0.460477735408769,,,,,32,100,17
pcg40,1,0.0016733329999993884,0.9638861669408482,,,,,32,100,17
oracle_reused,2,0.0002065420000008089,1.0,,,,,32,100,17
pcg10,2,0.0007113749999998475,0.460477735408769,,,,,32,100,17
pcg80,2,0.0031992499999997648,0.9973980312567055,,,,,32,100,17
pcg20,2,0.000957290999998861,0.6216722471568557,,,,,32,100,17
adaptive_rank90,2,0.003722417000000533,0.9999998882411845,20.0,1.0,4.0,1.0,32,100,17
poisson_pcg40,2,0.004863416000000953,1.0,,,,,32,100,17
pcg5,2,0.00038441699999935963,0.29197801927616046,,,,,32,100,17
raw,2,3.633300000061013e-05,0.27638571990558614,,,,,32,100,17
pcg40,2,0.001862749999999025,0.9638861669408482,,,,,32,100,17
amg_reused,2,0.0006280840000005838,0.9939660521421927,,,,,32,100,17
poisson,2,0.00020750000000013813,0.7881069397754095,,,,,32,100,17
poisson_pcg80,2,0.00712895799999913,1.0,,,,,32,100,17
poisson_pcg5,2,0.0008542909999995629,0.97988835294328,,,,,32,100,17
poisson_pcg20,2,0.002397916999999694,0.9999998882411845,,,,,32,100,17
cg20,2,0.0008824999999994532,0.24842545239968522,,,,,32,100,17
amg,2,0.008965207999999336,0.9939660521421927,,,,,32,100,17
jacobi20,2,0.0004066250000001048,0.37447539294399534,,,,,32,100,17
oracle,2,0.003247540999998577,1.0,,,,,32,100,17
poisson_pcg10,2,0.0013687500000010289,0.9995017121450539,,,,,32,100,17
pcg80,0,0.003456083000001442,0.9999891146913668,,,,,32,100,18
poisson_pcg5,0,0.0009022499999993272,0.8613678496709819,,,,,32,100,18
pcg10,0,0.0007425409999992638,0.45922776893641365,,,,,32,100,18
adaptive_rank90,0,0.004767958000000405,0.9999999552964736,20.0,1.0,4.0,0.9805825242718447,32,100,18
oracle_reused,0,0.0002098749999994709,1.0,,,,,32,100,18
poisson_pcg10,0,0.001480083000000576,0.9997637306880767,,,,,32,100,18
amg_reused,0,0.000869790999999509,0.9909549790787496,,,,,32,100,18
oracle,0,0.0036839170000000365,1.0,,,,,32,100,18
pcg5,0,0.00046895800000079646,0.31968962341749513,,,,,32,100,18
pcg40,0,0.002149292000000358,0.9143836277805593,,,,,32,100,18
jacobi20,0,0.0006918749999993423,0.4419898433588441,,,,,32,100,18
cg20,0,0.0009304169999992951,0.11364764010085115,,,,,32,100,18
poisson_pcg20,0,0.0032096660000000554,0.9999999552964736,,,,,32,100,18
poisson_pcg40,0,0.006431375000000017,1.0,,,,,32,100,18
pcg20,0,0.0010903750000004209,0.7210549026357198,,,,,32,100,18
raw,0,5.329099999862308e-05,0.09897162890708819,,,,,32,100,18
poisson,0,0.0001990830000000443,0.3550333935340819,,,,,32,100,18
poisson_pcg80,0,0.005288709000000225,1.0,,,,,32,100,18
amg,0,0.014128458999998372,0.9909549790787496,,,,,32,100,18
pcg5,1,0.00043554199999995546,0.31968962341749513,,,,,32,100,18
pcg10,1,0.0004599579999986503,0.45922776893641365,,,,,32,100,18
raw,1,2.3084000000395122e-05,0.09897162890708819,,,,,32,100,18
pcg40,1,0.001461292000000114,0.9143836277805593,,,,,32,100,18
pcg20,1,0.0009937919999991607,0.7210549026357198,,,,,32,100,18
poisson_pcg20,1,0.002423750000000169,0.9999999552964736,,,,,32,100,18
pcg80,1,0.003937583999999106,0.9999891146913668,,,,,32,100,18
adaptive_rank90,1,0.0036162500000003206,0.9999999552964736,20.0,1.0,4.0,0.9805825242718447,32,100,18
poisson_pcg5,1,0.0011024170000002442,0.8613678496709819,,,,,32,100,18
cg20,1,0.0010724159999995209,0.11364764010085115,,,,,32,100,18
oracle,1,0.003114082999999823,1.0,,,,,32,100,18
amg_reused,1,0.0006461669999993092,0.9909549790787496,,,,,32,100,18
poisson_pcg40,1,0.005079041999998424,1.0,,,,,32,100,18
poisson,1,0.00019808400000087545,0.3550333935340819,,,,,32,100,18
amg,1,0.0143836670000006,0.9909549790787496,,,,,32,100,18
oracle_reused,1,0.0002382079999989628,1.0,,,,,32,100,18
jacobi20,1,0.0005588749999994036,0.4419898433588441,,,,,32,100,18
poisson_pcg10,1,0.0011864579999993907,0.9997637306880767,,,,,32,100,18
poisson_pcg80,1,0.004256207999999262,1.0,,,,,32,100,18
pcg20,2,0.0011507079999990566,0.7210549026357198,,,,,32,100,18
adaptive_rank90,2,0.004564084000000079,0.9999999552964736,20.0,1.0,4.0,0.9805825242718447,32,100,18
oracle,2,0.0026481669999984803,1.0,,,,,32,100,18
pcg5,2,0.00042237499999941974,0.31968962341749513,,,,,32,100,18
poisson_pcg5,2,0.0007374589999997738,0.8613678496709819,,,,,32,100,18
pcg10,2,0.0005277919999997494,0.45922776893641365,,,,,32,100,18
poisson_pcg20,2,0.00198299999999918,0.9999999552964736,,,,,32,100,18
jacobi20,2,0.0004952500000001692,0.4419898433588441,,,,,32,100,18
pcg80,2,0.004196042000000233,0.9999891146913668,,,,,32,100,18
amg,2,0.01649008299999899,0.9909549790787496,,,,,32,100,18
pcg40,2,0.0014756669999993477,0.9143836277805593,,,,,32,100,18
poisson_pcg40,2,0.00407949999999957,1.0,,,,,32,100,18
cg20,2,0.0010523750000004384,0.11364764010085115,,,,,32,100,18
oracle_reused,2,0.00029345799999980215,1.0,,,,,32,100,18
poisson_pcg80,2,0.005606667000000343,1.0,,,,,32,100,18
raw,2,5.7250000001118906e-05,0.09897162890708819,,,,,32,100,18
amg_reused,2,0.0009488330000007039,0.9909549790787496,,,,,32,100,18
poisson_pcg10,2,0.002056041999999536,0.9997637306880767,,,,,32,100,18
poisson,2,0.00017616699999933871,0.3550333935340819,,,,,32,100,18
pcg20,0,0.0012216670000011476,0.4859641880051498,,,,,32,100,19
pcg5,0,0.0004579169999985311,0.4148884870538588,,,,,32,100,19
raw,0,4.554199999873276e-05,0.31525280961662255,,,,,32,100,19
poisson_pcg5,0,0.000719667000000257,0.9212988050747443,,,,,32,100,19
poisson_pcg40,0,0.0037263330000012473,1.0,,,,,32,100,19
amg,0,0.011567333000000346,0.9149279267398612,,,,,32,100,19
amg_reused,0,0.0004670000000004393,0.9149279267398612,,,,,32,100,19
cg20,0,0.000915499999999625,0.29337700495315067,,,,,32,100,19
poisson_pcg10,0,0.001408250000000777,0.999233468636006,,,,,32,100,19
oracle_reused,0,0.00022104199999972707,1.0,,,,,32,100,19
poisson_pcg80,0,0.006591625000000434,1.0,,,,,32,100,19
jacobi20,0,0.00035725000000041973,0.47216856805664825,,,,,32,100,19
pcg40,0,0.0016818749999991667,0.6653521967312781,,,,,32,100,19
pcg10,0,0.0005405830000011491,0.4889497688827694,,,,,32,100,19
pcg80,0,0.003219957999998968,0.9977863707889277,,,,,32,100,19
poisson_pcg20,0,0.002521833999999501,0.9999995753165009,,,,,32,100,19
oracle,0,0.0027192910000000126,1.0,,,,,32,100,19
adaptive_rank90,0,0.0034530830000001345,0.9999995753165009,20.0,1.0,4.0,0.970873786407767,32,100,19
poisson,0,0.0001567080000004495,0.386739850064373,,,,,32,100,19
pcg40,1,0.001796541999999235,0.6653521967312781,,,,,32,100,19
poisson_pcg10,1,0.0012874580000001856,0.999233468636006,,,,,32,100,19
poisson,1,0.00022591699999985337,0.386739850064373,,,,,32,100,19
oracle_reused,1,0.00017954199999969944,1.0,,,,,32,100,19
pcg10,1,0.0005505829999989942,0.4889497688827694,,,,,32,100,19
amg_reused,1,0.0006637909999991365,0.9149279267398612,,,,,32,100,19
poisson_pcg5,1,0.0009905000000003383,0.9212988050747443,,,,,32,100,19
amg,1,0.008516874999999757,0.9149279267398612,,,,,32,100,19
cg20,1,0.0008192079999993496,0.29337700495315067,,,,,32,100,19
jacobi20,1,0.0005234579999999767,0.47216856805664825,,,,,32,100,19
pcg80,1,0.002815334000001002,0.9977863707889277,,,,,32,100,19
pcg5,1,0.0004649170000003977,0.4148884870538588,,,,,32,100,19
poisson_pcg20,1,0.0031140419999999835,0.9999995753165009,,,,,32,100,19
poisson_pcg80,1,0.005948624999998486,1.0,,,,,32,100,19
poisson_pcg40,1,0.00461245800000043,1.0,,,,,32,100,19
raw,1,7.12079999996007e-05,0.31525280961662255,,,,,32,100,19
adaptive_rank90,1,0.005290999999999713,0.9999995753165009,20.0,1.0,4.0,0.970873786407767,32,100,19
pcg20,1,0.0009513340000015802,0.4859641880051498,,,,,32,100,19
oracle,1,0.002866084000000768,1.0,,,,,32,100,19
poisson_pcg5,2,0.0009030000000009863,0.9212988050747443,,,,,32,100,19
poisson_pcg80,2,0.006075875000000508,1.0,,,,,32,100,19
pcg10,2,0.0005317080000004637,0.4889497688827694,,,,,32,100,19
pcg20,2,0.0008175829999998996,0.4859641880051498,,,,,32,100,19
amg,2,0.009958416999999997,0.9149279267398612,,,,,32,100,19
jacobi20,2,0.0005143750000016212,0.47216856805664825,,,,,32,100,19
pcg5,2,0.0003747920000005678,0.4148884870538588,,,,,32,100,19
poisson,2,0.00014216699999991533,0.386739850064373,,,,,32,100,19
cg20,2,0.0008217500000000655,0.29337700495315067,,,,,32,100,19
pcg40,2,0.0018528749999990879,0.6653521967312781,,,,,32,100,19
poisson_pcg10,2,0.0020392090000012075,0.999233468636006,,,,,32,100,19
amg_reused,2,0.0006381669999999673,0.9149279267398612,,,,,32,100,19
oracle,2,0.0028770419999997188,1.0,,,,,32,100,19
raw,2,6.929099999908317e-05,0.31525280961662255,,,,,32,100,19
poisson_pcg20,2,0.0021663749999998316,0.9999995753165009,,,,,32,100,19
adaptive_rank90,2,0.0028747080000002256,0.9999995753165009,20.0,1.0,4.0,0.970873786407767,32,100,19
pcg80,2,0.0027245829999991145,0.9977863707889277,,,,,32,100,19
oracle_reused,2,0.00014795800000122483,1.0,,,,,32,100,19
poisson_pcg40,2,0.004354042000001002,1.0,,,,,32,100,19
poisson_pcg80,0,0.006338124999999195,1.0,,,,,32,100,20
poisson_pcg5,0,0.0007151659999991011,0.6503135840605105,,,,,32,100,20
amg,0,0.010201041000000188,0.9050637919319074,,,,,32,100,20
poisson,0,0.00033733299999916255,0.40799196230598667,,,,,32,100,20
poisson_pcg10,0,0.0012032079999997336,0.9976832509298333,,,,,32,100,20
pcg40,0,0.0014799580000008916,0.8944007939346255,,,,,32,100,20
poisson_pcg40,0,0.004095792000001097,1.0,,,,,32,100,20
oracle,0,0.0026597079999994833,1.0,,,,,32,100,20
adaptive_rank90,0,0.004375417000000326,0.9999999441205921,25.0,1.0,5.0,1.0,32,100,20
pcg5,0,0.00047550000000029513,0.4288667432587082,,,,,32,100,20
cg20,0,0.0007529169999997976,0.32854788418210423,,,,,32,100,20
oracle_reused,0,0.0001722080000003956,1.0,,,,,32,100,20
poisson_pcg20,0,0.0022458329999999194,0.9999992623918174,,,,,32,100,20
raw,0,0.0001305829999989072,0.28380123024104137,,,,,32,100,20
jacobi20,0,0.0004011669999997025,0.5858150458658178,,,,,32,100,20
pcg10,0,0.0005138330000011848,0.6575919998569486,,,,,32,100,20
pcg20,0,0.0008132080000002873,0.7567035172734423,,,,,32,100,20
pcg80,0,0.0029572500000014657,0.9703031010836134,,,,,32,100,20
amg_reused,0,0.0006216249999990708,0.9050637919319074,,,,,32,100,20
raw,1,6.320800000025883e-05,0.28380123024104137,,,,,32,100,20
jacobi20,1,0.0004798329999999851,0.5858150458658178,,,,,32,100,20
adaptive_rank90,1,0.004285875000000772,0.9999999441205921,25.0,1.0,5.0,1.0,32,100,20
pcg80,1,0.002904457999999721,0.9703031010836134,,,,,32,100,20
poisson_pcg5,1,0.0006195830000006453,0.6503135840605105,,,,,32,100,20
oracle_reused,1,0.0002142080000009372,1.0,,,,,32,100,20
amg,1,0.011292832999998836,0.9050637919319074,,,,,32,100,20
pcg40,1,0.001477292000000574,0.8944007939346255,,,,,32,100,20
poisson_pcg10,1,0.001325209000000882,0.9976832509298333,,,,,32,100,20
poisson_pcg20,1,0.002745917000000375,0.9999992623918174,,,,,32,100,20
oracle,1,0.0025175419999996507,1.0,,,,,32,100,20
pcg5,1,0.000362042000000784,0.4288667432587082,,,,,32,100,20
poisson_pcg80,1,0.006404790999999577,1.0,,,,,32,100,20
amg_reused,1,0.0006602080000011057,0.9050637919319074,,,,,32,100,20
pcg10,1,0.0005616249999995659,0.6575919998569486,,,,,32,100,20
poisson_pcg40,1,0.004299874999999176,1.0,,,,,32,100,20
poisson,1,0.00020929099999911216,0.40799196230598667,,,,,32,100,20
cg20,1,0.0010065420000007208,0.32854788418210423,,,,,32,100,20
pcg20,1,0.001018916999999675,0.7567035172734423,,,,,32,100,20
oracle_reused,2,0.00018808299999939493,1.0,,,,,32,100,20
pcg20,2,0.0010487920000006312,0.7567035172734423,,,,,32,100,20
pcg5,2,0.0003863749999997168,0.4288667432587082,,,,,32,100,20
raw,2,0.00015545900000013546,0.28380123024104137,,,,,32,100,20
poisson,2,0.00020450000000060697,0.40799196230598667,,,,,32,100,20
oracle,2,0.002498499999999737,1.0,,,,,32,100,20
amg,2,0.009907625000000309,0.9050637919319074,,,,,32,100,20
cg20,2,0.0007424169999996622,0.32854788418210423,,,,,32,100,20
pcg40,2,0.0017245839999997514,0.8944007939346255,,,,,32,100,20
poisson_pcg40,2,0.004274291999999846,1.0,,,,,32,100,20
pcg10,2,0.0005373330000004728,0.6575919998569486,,,,,32,100,20
poisson_pcg10,2,0.0012157080000001486,0.9976832509298333,,,,,32,100,20
pcg80,2,0.002823624999999552,0.9703031010836134,,,,,32,100,20
amg_reused,2,0.000545291999999975,0.9050637919319074,,,,,32,100,20
adaptive_rank90,2,0.003649040999999187,0.9999999441205921,25.0,1.0,5.0,1.0,32,100,20
poisson_pcg5,2,0.0005938340000000153,0.6503135840605105,,,,,32,100,20
poisson_pcg20,2,0.001926334000000196,0.9999992623918174,,,,,32,100,20
poisson_pcg80,2,0.011614874999999358,1.0,,,,,32,100,20
jacobi20,2,0.00035566700000089213,0.5858150458658178,,,,,32,100,20
poisson_pcg80,0,0.006791999999999021,1.0,,,,,32,100,21
poisson_pcg5,0,0.0010418329999986042,0.795004325066161,,,,,32,100,21
cg20,0,0.0007551670000012223,0.18553437477648235,,,,,32,100,21
poisson,0,0.0001248329999992137,0.2557805682712252,,,,,32,100,21
amg_reused,0,0.0004749589999999415,0.9872112599241828,,,,,32,100,21
oracle,0,0.0024490419999985136,1.0,,,,,32,100,21
jacobi20,0,0.000632291999998813,0.6271098611508475,,,,,32,100,21
poisson_pcg40,0,0.004604834000000224,1.0,,,,,32,100,21
adaptive_rank90,0,0.0035387090000007504,0.9999998435376583,25.0,1.0,5.0,0.9902912621359223,32,100,21
pcg5,0,0.00032170799999953203,0.5310723258350618,,,,,32,100,21
amg,0,0.010377458999998979,0.9872112599241828,,,,,32,100,21
pcg40,0,0.001654416999999242,0.8938641616300692,,,,,32,100,21
pcg80,0,0.003114667000000182,0.9999987259495029,,,,,32,100,21
poisson_pcg20,0,0.003137333999999825,0.999997496602532,,,,,32,100,21
raw,0,8.516599999985885e-05,0.027137543809455687,,,,,32,100,21
pcg20,0,0.0008347499999992181,0.8199332464594807,,,,,32,100,21
pcg10,0,0.0005961669999994257,0.7249748095629782,,,,,32,100,21
oracle_reused,0,0.00019845799999984592,1.0,,,,,32,100,21
poisson_pcg10,0,0.0013987499999998931,0.992780905782848,,,,,32,100,21
pcg5,1,0.0003796250000007717,0.5310723258350618,,,,,32,100,21
oracle,1,0.0026593750000003524,1.0,,,,,32,100,21
pcg10,1,0.0008267499999998762,0.7249748095629782,,,,,32,100,21
raw,1,3.524999999982015e-05,0.027137543809455687,,,,,32,100,21
poisson_pcg20,1,0.0023224169999984667,0.999997496602532,,,,,32,100,21
oracle_reused,1,0.0001918750000005076,1.0,,,,,32,100,21
poisson_pcg5,1,0.0006619579999984637,0.795004325066161,,,,,32,100,21
cg20,1,0.0006957499999984407,0.18553437477648235,,,,,32,100,21
pcg20,1,0.0008277499999991278,0.8199332464594807,,,,,32,100,21
poisson_pcg80,1,0.008584082999998799,1.0,,,,,32,100,21
poisson_pcg10,1,0.0016743330000004164,0.992780905782848,,,,,32,100,21
jacobi20,1,0.0004837080000008598,0.6271098611508475,,,,,32,100,21
poisson_pcg40,1,0.004981457999999606,1.0,,,,,32,100,21
pcg80,1,0.002808708999999965,0.9999987259495029,,,,,32,100,21
amg_reused,1,0.0006441669999990296,0.9872112599241828,,,,,32,100,21
poisson,1,0.00021041699999990726,0.2557805682712252,,,,,32,100,21
amg,1,0.010530291000000247,0.9872112599241828,,,,,32,100,21
adaptive_rank90,1,0.0047964170000014406,0.9999998435376583,25.0,1.0,5.0,0.9902912621359223,32,100,21
pcg40,1,0.0018348749999983482,0.8938641616300692,,,,,32,100,21
poisson_pcg20,2,0.0022753749999999684,0.999997496602532,,,,,32,100,21
poisson_pcg80,2,0.008123083999999281,1.0,,,,,32,100,21
amg_reused,2,0.0009066670000006383,0.9872112599241828,,,,,32,100,21
pcg5,2,0.00041695800000063343,0.5310723258350618,,,,,32,100,21
oracle_reused,2,0.0001918750000005076,1.0,,,,,32,100,21
adaptive_rank90,2,0.005219208999999836,0.9999998435376583,25.0,1.0,5.0,0.9902912621359223,32,100,21
poisson_pcg5,2,0.000631750000000153,0.795004325066161,,,,,32,100,21
pcg40,2,0.0017003329999987216,0.8938641616300692,,,,,32,100,21
poisson_pcg40,2,0.0042872080000009305,1.0,,,,,32,100,21
jacobi20,2,0.0003689580000010295,0.6271098611508475,,,,,32,100,21
cg20,2,0.000780000000000669,0.18553437477648235,,,,,32,100,21
pcg80,2,0.003092792000000344,0.9999987259495029,,,,,32,100,21
raw,2,2.1584000000629544e-05,0.027137543809455687,,,,,32,100,21
pcg20,2,0.0018489580000000672,0.8199332464594807,,,,,32,100,21
amg,2,0.008086708000000442,0.9872112599241828,,,,,32,100,21
poisson_pcg10,2,0.0018462079999999048,0.992780905782848,,,,,32,100,21
poisson,2,0.00023112499999911051,0.2557805682712252,,,,,32,100,21
pcg10,2,0.000612583000000555,0.7249748095629782,,,,,32,100,21
oracle,2,0.002672666999998796,1.0,,,,,32,100,21
pcg5,0,0.00048145799999943506,0.33748350439882696,,,,,32,100,22
oracle,0,0.002601625000000496,1.0,,,,,32,100,22
poisson_pcg5,0,0.0006914580000003667,0.8817502436342177,,,,,32,100,22
pcg20,0,0.0008109580000006389,0.6782737062799513,,,,,32,100,22
poisson_pcg10,0,0.0011461249999999978,0.9688051082719404,,,,,32,100,22
jacobi20,0,0.0003455829999996496,0.3864887280058651,,,,,32,100,22
cg20,0,0.001270458000000474,0.3954653748837708,,,,,32,100,22
pcg80,0,0.0027576659999990483,0.9967173753665688,,,,,32,100,22
amg,0,0.009640916000000388,0.9523400060796795,,,,,32,100,22
amg_reused,0,0.00047987499999990746,0.9523400060796795,,,,,32,100,22
oracle_reused,0,0.00013724999999986665,1.0,,,,,32,100,22
raw,0,2.229200000058995e-05,0.3127343582361776,,,,,32,100,22
adaptive_rank90,0,0.005174500000000748,0.9999999888241183,30.0,1.0,6.0,1.0,32,100,22
poisson_pcg20,0,0.0026092500000007846,0.9999920092446891,,,,,32,100,22
pcg10,0,0.0007807499999987755,0.4955720598490809,,,,,32,100,22
pcg40,0,0.001786708000000914,0.7337331914741434,,,,,32,100,22
poisson_pcg80,0,0.00848037499999954,1.0,,,,,32,100,22
poisson_pcg40,0,0.005194334000000467,1.0,,,,,32,100,22
poisson,0,0.000245041999999529,0.41127474340175946,,,,,32,100,22
amg_reused,1,0.0005965410000001725,0.9523400060796795,,,,,32,100,22
poisson_pcg5,1,0.0007367079999998083,0.8817502436342177,,,,,32,100,22
poisson_pcg80,1,0.008811290999998889,1.0,,,,,32,100,22
amg,1,0.009921750000000173,0.9523400060796795,,,,,32,100,22
pcg80,1,0.003435124999999317,0.9967173753665688,,,,,32,100,22
cg20,1,0.0008093749999993349,0.3954653748837708,,,,,32,100,22
pcg5,1,0.00031462499999967974,0.33748350439882696,,,,,32,100,22
raw,1,2.1833999999998355e-05,0.3127343582361776,,,,,32,100,22
pcg20,1,0.0008333339999992972,0.6782737062799513,,,,,32,100,22
pcg40,1,0.0017169589999994628,0.7337331914741434,,,,,32,100,22
adaptive_rank90,1,0.004824041000000889,0.9999999888241183,30.0,1.0,6.0,1.0,32,100,22
poisson_pcg40,1,0.00443745799999995,1.0,,,,,32,100,22
oracle_reused,1,0.00015558299999973713,1.0,,,,,32,100,22
poisson_pcg10,1,0.0010758330000015803,0.9688051082719404,,,,,32,100,22
oracle,1,0.002563000000000315,1.0,,,,,32,100,22
jacobi20,1,0.0006260839999985279,0.3864887280058651,,,,,32,100,22
poisson_pcg20,1,0.0023548749999999785,0.9999920092446891,,,,,32,100,22
pcg10,1,0.0004945000000002864,0.4955720598490809,,,,,32,100,22
poisson,1,0.0002552910000002129,0.41127474340175946,,,,,32,100,22
adaptive_rank90,2,0.003924000000001371,0.9999999888241183,30.0,1.0,6.0,1.0,32,100,22
raw,2,3.679199999950811e-05,0.3127343582361776,,,,,32,100,22
oracle,2,0.0033927919999996448,1.0,,,,,32,100,22
amg_reused,2,0.000718625000001083,0.9523400060796795,,,,,32,100,22
oracle_reused,2,0.0001946660000005096,1.0,,,,,32,100,22
cg20,2,0.0010088750000001312,0.3954653748837708,,,,,32,100,22
pcg5,2,0.0004424579999984246,0.33748350439882696,,,,,32,100,22
amg,2,0.012849040999999062,0.9523400060796795,,,,,32,100,22
jacobi20,2,0.00039416699999961224,0.3864887280058651,,,,,32,100,22
poisson_pcg10,2,0.001313790999999398,0.9688051082719404,,,,,32,100,22
pcg80,2,0.0035605840000005884,0.9967173753665688,,,,,32,100,22
poisson_pcg20,2,0.002180541999999619,0.9999920092446891,,,,,32,100,22
poisson_pcg80,2,0.00930158299999917,1.0,,,,,32,100,22
pcg40,2,0.0016108339999991728,0.7337331914741434,,,,,32,100,22
pcg20,2,0.0013485829999986265,0.6782737062799513,,,,,32,100,22
poisson,2,0.00018537500000093132,0.41127474340175946,,,,,32,100,22
poisson_pcg40,2,0.004887207999999532,1.0,,,,,32,100,22
poisson_pcg5,2,0.0007974159999992736,0.8817502436342177,,,,,32,100,22
pcg10,2,0.0004782919999986035,0.4955720598490809,,,,,32,100,22
oracle_reused,0,0.00019354199999987998,1.0,,,,,32,100,23
pcg80,0,0.0032894159999994343,0.8754929010800372,,,,,32,100,23
jacobi20,0,0.0004777499999999435,0.4101037121808168,,,,,32,100,23
poisson_pcg80,0,0.006974374999998645,1.0,,,,,32,100,23
raw,0,2.9958000000718243e-05,0.4990552356769901,,,,,32,100,23
pcg20,0,0.0009182079999998649,0.382553141316787,,,,,32,100,23
oracle,0,0.0026827090000001164,1.0,,,,,32,100,23
poisson_pcg10,0,0.001288083000000384,0.9998767076747012,,,,,32,100,23
cg20,0,0.001152333000000283,0.4105607498569487,,,,,32,100,23
poisson_pcg40,0,0.004162625000001086,1.0,,,,,32,100,23
amg,0,0.012638124999998723,0.995973240469208,,,,,32,100,23
adaptive_rank90,0,0.003097999999999601,0.9999996200200271,20.0,1.0,4.0,1.0,32,100,23
pcg10,0,0.000540333000000004,0.4293218028038051,,,,,32,100,23
poisson_pcg20,0,0.0025695830000014297,0.9999996200200271,,,,,32,100,23
poisson,0,0.00011066700000128549,0.688689694943137,,,,,32,100,23
amg_reused,0,0.000556874999999124,0.995973240469208,,,,,32,100,23
poisson_pcg5,0,0.0006623329999992933,0.9079391450897646,,,,,32,100,23
pcg40,0,0.0018992079999993194,0.6462090515699878,,,,,32,100,23
pcg5,0,0.00041575000000015905,0.3855364087869251,,,,,32,100,23
poisson_pcg10,1,0.0013419169999995262,0.9998767076747012,,,,,32,100,23
cg20,1,0.0008699999999990382,0.4105607498569487,,,,,32,100,23
pcg40,1,0.0017171669999989092,0.6462090515699878,,,,,32,100,23
raw,1,3.9917000000500025e-05,0.4990552356769901,,,,,32,100,23
adaptive_rank90,1,0.003384290999999706,0.9999996200200271,20.0,1.0,4.0,1.0,32,100,23
poisson_pcg80,1,0.011007082999999085,1.0,,,,,32,100,23
poisson_pcg5,1,0.0010462499999999153,0.9079391450897646,,,,,32,100,23
poisson,1,0.00015658300000076508,0.688689694943137,,,,,32,100,23
pcg80,1,0.0033506249999994964,0.8754929010800372,,,,,32,100,23
poisson_pcg40,1,0.004433625000000774,1.0,,,,,32,100,23
oracle,1,0.00305074999999988,1.0,,,,,32,100,23
amg_reused,1,0.0006639579999987433,0.995973240469208,,,,,32,100,23
amg,1,0.011866374999998541,0.995973240469208,,,,,32,100,23
pcg20,1,0.0009516250000007886,0.382553141316787,,,,,32,100,23
poisson_pcg20,1,0.0027365000000010298,0.9999996200200271,,,,,32,100,23
oracle_reused,1,0.0002035419999995014,1.0,,,,,32,100,23
pcg10,1,0.0007621669999995362,0.4293218028038051,,,,,32,100,23
jacobi20,1,0.0005566249999997552,0.4101037121808168,,,,,32,100,23
pcg5,1,0.0004289169999989184,0.3855364087869251,,,,,32,100,23
pcg80,2,0.029991292000000058,0.8754929010800372,,,,,32,100,23
poisson_pcg10,2,0.006585541999999833,0.9998767076747012,,,,,32,100,23
jacobi20,2,0.000495499999999538,0.4101037121808168,,,,,32,100,23
amg_reused,2,0.0006158750000011537,0.995973240469208,,,,,32,100,23
oracle,2,0.004142583000000144,1.0,,,,,32,100,23
poisson_pcg20,2,0.002559917000001022,0.9999996200200271,,,,,32,100,23
poisson_pcg80,2,0.015384541999999612,1.0,,,,,32,100,23
cg20,2,0.0008885829999982775,0.4105607498569487,,,,,32,100,23
poisson_pcg40,2,0.014082709000000193,1.0,,,,,32,100,23
pcg20,2,0.000989374999999626,0.382553141316787,,,,,32,100,23
raw,2,5.262500000036141e-05,0.4990552356769901,,,,,32,100,23
pcg10,2,0.000637124999999017,0.4293218028038051,,,,,32,100,23
poisson,2,0.00014324999999892896,0.688689694943137,,,,,32,100,23
pcg5,2,0.000577625000000026,0.3855364087869251,,,,,32,100,23
poisson_pcg5,2,0.0008379999999998944,0.9079391450897646,,,,,32,100,23
amg,2,0.011733291000000534,0.995973240469208,,,,,32,100,23
oracle_reused,2,0.0002232500000012294,1.0,,,,,32,100,23
adaptive_rank90,2,0.0034541249999993084,0.9999996200200271,20.0,1.0,4.0,1.0,32,100,23
pcg40,2,0.0015274590000000643,0.6462090515699878,,,,,32,100,23
pcg20,0,0.0009050000000012659,0.7480963226879335,,,,,32,100,24
poisson,0,0.0001808750000016346,0.5801106635791431,,,,,32,100,24
pcg80,0,0.003338166999999004,0.9991065441492024,,,,,32,100,24
raw,0,2.6040999999921155e-05,0.24091176194478217,,,,,32,100,24
poisson_pcg10,0,0.0010712910000005849,0.9888281305879407,,,,,32,100,24
poisson_pcg40,0,0.004437750000001017,1.0,,,,,32,100,24
pcg40,0,0.0017844170000014259,0.9276488180387668,,,,,32,100,24
amg,0,0.009700041000000326,0.9804014488412846,,,,,32,100,24
pcg5,0,0.0003708749999997707,0.3915568561798154,,,,,32,100,24
cg20,0,0.0008058329999993674,0.345495058025177,,,,,32,100,24
poisson_pcg20,0,0.0023665000000008263,0.9999965578284814,,,,,32,100,24
amg_reused,0,0.0005614579999999592,0.9804014488412846,,,,,32,100,24
oracle,0,0.002942833000000533,1.0,,,,,32,100,24
poisson_pcg5,0,0.0007583330000002775,0.8590298105464558,,,,,32,100,24
jacobi20,0,0.0003604580000011737,0.466622726825692,,,,,32,100,24
oracle_reused,0,0.00018512499999978616,1.0,,,,,32,100,24
poisson_pcg80,0,0.009008749999999566,1.0,,,,,32,100,24
adaptive_rank90,0,0.005698458000001239,0.9999999776482369,30.0,1.0,6.0,0.970873786407767,32,100,24
pcg10,0,0.0004939589999999328,0.502436845093341,,,,,32,100,24
poisson,1,0.00018766700000050207,0.5801106635791431,,,,,32,100,24
poisson_pcg5,1,0.0009432919999987632,0.8590298105464558,,,,,32,100,24
pcg40,1,0.0016942499999998972,0.9276488180387668,,,,,32,100,24
poisson_pcg20,1,0.0026313329999965163,0.9999965578284814,,,,,32,100,24
poisson_pcg80,1,0.009080167000000472,1.0,,,,,32,100,24
oracle_reused,1,0.00016916699999924845,1.0,,,,,32,100,24
jacobi20,1,0.00040108299999985775,0.466622726825692,,,,,32,100,24
pcg80,1,0.0035705000000021414,0.9991065441492024,,,,,32,100,24
pcg10,1,0.0006625000000006764,0.502436845093341,,,,,32,100,24
oracle,1,0.002994875000002395,1.0,,,,,32,100,24
amg_reused,1,0.0006692499999978452,0.9804014488412846,,,,,32,100,24
cg20,1,0.0008661669999980859,0.345495058025177,,,,,32,100,24
pcg20,1,0.0011535000000009177,0.7480963226879335,,,,,32,100,24
adaptive_rank90,1,0.004765124999998704,0.9999999776482369,30.0,1.0,6.0,0.970873786407767,32,100,24
raw,1,7.133299999750875e-05,0.24091176194478217,,,,,32,100,24
amg,1,0.013359292000000522,0.9804014488412846,,,,,32,100,24
poisson_pcg10,1,0.004927625000000546,0.9888281305879407,,,,,32,100,24
poisson_pcg40,1,0.005046166999999713,1.0,,,,,32,100,24
pcg5,1,0.0008028330000016126,0.3915568561798154,,,,,32,100,24
oracle_reused,2,0.00021920800000074792,1.0,,,,,32,100,24
cg20,2,0.0013959579999998084,0.345495058025177,,,,,32,100,24
poisson_pcg80,2,0.00899916699999892,1.0,,,,,32,100,24
poisson,2,0.0002846249999990391,0.5801106635791431,,,,,32,100,24
poisson_pcg20,2,0.0031286250000022164,0.9999965578284814,,,,,32,100,24
jacobi20,2,0.0006081249999994043,0.466622726825692,,,,,32,100,24
amg,2,0.016736583000000138,0.9804014488412846,,,,,32,100,24
raw,2,6.045900000017923e-05,0.24091176194478217,,,,,32,100,24
pcg20,2,0.0016136249999973984,0.7480963226879335,,,,,32,100,24
poisson_pcg40,2,0.007683249999999475,1.0,,,,,32,100,24
pcg5,2,0.0005091670000005877,0.3915568561798154,,,,,32,100,24
pcg40,2,0.0017748340000025564,0.9276488180387668,,,,,32,100,24
poisson_pcg5,2,0.0010431670000023985,0.8590298105464558,,,,,32,100,24
adaptive_rank90,2,0.00523895899999971,0.9999999776482369,30.0,1.0,6.0,0.970873786407767,32,100,24
pcg80,2,0.003760124999999448,0.9991065441492024,,,,,32,100,24
oracle,2,0.0032536249999992606,1.0,,,,,32,100,24
amg_reused,2,0.000762292000000997,0.9804014488412846,,,,,32,100,24
poisson_pcg10,2,0.0012924160000018503,0.9888281305879407,,,,,32,100,24
pcg10,2,0.0004880000000007101,0.502436845093341,,,,,32,100,24
poisson_pcg10,0,0.0013371660000025543,0.916751517684715,,,,,32,100,25
poisson,0,0.000247832999999531,0.7853426301766682,,,,,32,100,25
adaptive_rank90,0,0.00440558300000049,0.9999892376260638,20.0,1.0,4.0,0.9223300970873787,32,100,25
amg_reused,0,0.0006770829999993566,0.9706320519812603,,,,,32,100,25
pcg80,0,0.0032296249999994586,0.9999874606608968,,,,,32,100,25
poisson_pcg20,0,0.0036293340000028707,0.9999892376260638,,,,,32,100,25
oracle_reused,0,0.00019787500000134628,1.0,,,,,32,100,25
pcg20,0,0.000982125000000167,0.8243562580466346,,,,,32,100,25
cg20,0,0.001549916999998402,0.45411134977827056,,,,,32,100,25
poisson_pcg80,0,0.009292374999997577,1.0,,,,,32,100,25
pcg40,0,0.0022217500000003554,0.9877595374973176,,,,,32,100,25
pcg5,0,0.0004423749999986626,0.4623516178206136,,,,,32,100,25
poisson_pcg5,0,0.0007359170000000859,0.8523911916171946,,,,,32,100,25
amg,0,0.01444100000000148,0.9706320519812603,,,,,32,100,25
poisson_pcg40,0,0.004855207999998612,1.0,,,,,32,100,25
raw,0,0.00013687499999903707,0.24976151786352907,,,,,32,100,25
jacobi20,0,0.0005120420000004344,0.4885428103318789,,,,,32,100,25
pcg10,0,0.0012592920000003005,0.5695957124848008,,,,,32,100,25
oracle,0,0.0038799169999990113,1.0,,,,,32,100,25
poisson,1,0.00020487499999788383,0.7853426301766682,,,,,32,100,25
poisson_pcg40,1,0.008286625000000214,1.0,,,,,32,100,25
pcg80,1,0.0038861250000010727,0.9999874606608968,,,,,32,100,25
poisson_pcg20,1,0.0031064169999979185,0.9999892376260638,,,,,32,100,25
poisson_pcg5,1,0.0009324580000011906,0.8523911916171946,,,,,32,100,25
adaptive_rank90,1,0.0033293329999999344,0.9999892376260638,20.0,1.0,4.0,0.9223300970873787,32,100,25
pcg40,1,0.005004875000000908,0.9877595374973176,,,,,32,100,25
raw,1,4.1792000001095175e-05,0.24976151786352907,,,,,32,100,25
poisson_pcg10,1,0.002260207999999153,0.916751517684715,,,,,32,100,25
oracle,1,0.0038561249999986558,1.0,,,,,32,100,25
cg20,1,0.0009768329999992886,0.45411134977827056,,,,,32,100,25
oracle_reused,1,0.0001724589999980708,1.0,,,,,32,100,25
amg,1,0.01943437499999945,0.9706320519812603,,,,,32,100,25
jacobi20,1,0.0005237499999992679,0.4885428103318789,,,,,32,100,25
pcg10,1,0.0006645829999989417,0.5695957124848008,,,,,32,100,25
pcg5,1,0.0009464999999977408,0.4623516178206136,,,,,32,100,25
poisson_pcg80,1,0.015597916999997352,1.0,,,,,32,100,25
amg_reused,1,0.0005981669999997052,0.9706320519812603,,,,,32,100,25
pcg20,1,0.0009121249999992642,0.8243562580466346,,,,,32,100,25
amg,2,0.012966416000001146,0.9706320519812603,,,,,32,100,25
pcg80,2,0.0037954999999989525,0.9999874606608968,,,,,32,100,25
poisson_pcg5,2,0.0007525840000006667,0.8523911916171946,,,,,32,100,25
raw,2,4.8875000000947466e-05,0.24976151786352907,,,,,32,100,25
jacobi20,2,0.000626250000003381,0.4885428103318789,,,,,32,100,25
oracle_reused,2,0.00019941700000103424,1.0,,,,,32,100,25
amg_reused,2,0.000664541999999102,0.9706320519812603,,,,,32,100,25
poisson_pcg10,2,0.0012487919999983887,0.916751517684715,,,,,32,100,25
oracle,2,0.002919875000003458,1.0,,,,,32,100,25
poisson_pcg40,2,0.006249833999998344,1.0,,,,,32,100,25
poisson_pcg20,2,0.0025545839999985276,0.9999892376260638,,,,,32,100,25
poisson_pcg80,2,0.010390665999999271,1.0,,,,,32,100,25
pcg10,2,0.0005563750000021628,0.5695957124848008,,,,,32,100,25
poisson,2,0.00011587499999876627,0.7853426301766682,,,,,32,100,25
pcg5,2,0.0003525000000017542,0.4623516178206136,,,,,32,100,25
adaptive_rank90,2,0.003814207999997876,0.9999892376260638,20.0,1.0,4.0,0.9223300970873787,32,100,25
cg20,2,0.0010012910000014585,0.45411134977827056,,,,,32,100,25
pcg20,2,0.0011709579999994446,0.8243562580466346,,,,,32,100,25
pcg40,2,0.00195474999999945,0.9877595374973176,,,,,32,100,25
poisson_pcg80,0,0.013151916999998292,1.0,,,,,32,100,26
cg20,0,0.0011170830000004628,0.40543486472712964,,,,,32,100,26
pcg10,0,0.0005882499999998458,0.7088058570560045,,,,,32,100,26
oracle,0,0.0029079169999981502,1.0,,,,,32,100,26
raw,0,5.404200000214132e-05,0.10967757581718046,,,,,32,100,26
amg,0,0.017538457999997092,0.9608944616801373,,,,,32,100,26
poisson,0,0.0001615410000006534,0.09042309652385379,,,,,32,100,26
pcg80,0,0.007678124999998204,0.9998754559759672,,,,,32,100,26
oracle_reused,0,0.000770625000001246,1.0,,,,,32,100,26
amg_reused,0,0.0006308749999988095,0.9608944616801373,,,,,32,100,26
poisson_pcg5,0,0.0008090830000000437,0.8675309236642585,,,,,32,100,26
pcg20,0,0.0011989579999998057,0.8970499919533651,,,,,32,100,26
poisson_pcg10,0,0.0024972500000011166,0.9193514635934481,,,,,32,100,26
pcg5,0,0.0005356250000012608,0.505288494206423,,,,,32,100,26
poisson_pcg40,0,0.006310542000001362,0.9999999888241183,,,,,32,100,26
pcg40,0,0.0021609580000010453,0.9534593600243185,,,,,32,100,26
adaptive_rank90,0,0.005548541999999657,0.9999999664723552,30.0,1.0,6.0,1.0,32,100,26
poisson_pcg20,0,0.002309832999998207,0.9999753460052929,,,,,32,100,26
jacobi20,0,0.0005162080000005176,0.6540786267970817,,,,,32,100,26
pcg80,1,0.0032335000000003333,0.9998754559759672,,,,,32,100,26
adaptive_rank90,1,0.0038342920000005165,0.9999999664723552,30.0,1.0,6.0,1.0,32,100,26
raw,1,2.6457999997120396e-05,0.10967757581718046,,,,,32,100,26
poisson_pcg40,1,0.005067750000002036,0.9999999888241183,,,,,32,100,26
oracle_reused,1,0.0001937910000009424,1.0,,,,,32,100,26
poisson_pcg10,1,0.0012719170000003999,0.9193514635934481,,,,,32,100,26
poisson_pcg5,1,0.0010372919999994679,0.8675309236642585,,,,,32,100,26
amg,1,0.011812916000000229,0.9608944616801373,,,,,32,100,26
jacobi20,1,0.0005922090000005653,0.6540786267970817,,,,,32,100,26
poisson,1,0.00015695800000159466,0.09042309652385379,,,,,32,100,26
oracle,1,0.003190000000000026,1.0,,,,,32,100,26
pcg40,1,0.0017690830000027802,0.9534593600243185,,,,,32,100,26
pcg5,1,0.00043695800000165264,0.505288494206423,,,,,32,100,26
pcg10,1,0.0007664580000010801,0.7088058570560045,,,,,32,100,26
poisson_pcg80,1,0.008211792000000884,1.0,,,,,32,100,26
pcg20,1,0.0014150000000014984,0.8970499919533651,,,,,32,100,26
cg20,1,0.0008587090000027331,0.40543486472712964,,,,,32,100,26
poisson_pcg20,1,0.003008000000001232,0.9999753460052929,,,,,32,100,26
amg_reused,1,0.0008102080000007561,0.9608944616801373,,,,,32,100,26
poisson_pcg40,2,0.005218917000000545,0.9999999888241183,,,,,32,100,26
poisson_pcg80,2,0.008337832999998795,1.0,,,,,32,100,26
jacobi20,2,0.00048316599999864707,0.6540786267970817,,,,,32,100,26
pcg40,2,0.0017279159999965543,0.9534593600243185,,,,,32,100,26
poisson,2,0.00041891700000107335,0.09042309652385379,,,,,32,100,26
pcg80,2,0.0032275420000011934,0.9998754559759672,,,,,32,100,26
adaptive_rank90,2,0.005227915999999055,0.9999999664723552,30.0,1.0,6.0,1.0,32,100,26
cg20,2,0.0009630830000020296,0.40543486472712964,,,,,32,100,26
pcg5,2,0.0005897499999996114,0.505288494206423,,,,,32,100,26
poisson_pcg5,2,0.0007475839999990797,0.8675309236642585,,,,,32,100,26
amg_reused,2,0.0006002499999979705,0.9608944616801373,,,,,32,100,26
oracle,2,0.0031072089999995,1.0,,,,,32,100,26
poisson_pcg10,2,0.0016457500000015557,0.9193514635934481,,,,,32,100,26
amg,2,0.01073566700000228,0.9608944616801373,,,,,32,100,26
pcg10,2,0.0005868329999998423,0.7088058570560045,,,,,32,100,26
pcg20,2,0.0014752499999985957,0.8970499919533651,,,,,32,100,26
poisson_pcg20,2,0.0035314589999977386,0.9999753460052929,,,,,32,100,26
raw,2,2.691699999957109e-05,0.10967757581718046,,,,,32,100,26
oracle_reused,2,0.00022754099999744426,1.0,,,,,32,100,26
poisson_pcg20,0,0.0027123750000015434,0.9999847113940347,,,,,32,100,27
poisson_pcg5,0,0.0006881249999999284,0.5893587167405765,,,,,32,100,27
poisson_pcg80,0,0.009597083000002726,1.0,,,,,32,100,27
adaptive_rank90,0,0.005473166000001584,0.9999999776482369,30.0,1.0,6.0,0.9805825242718447,32,100,27
pcg10,0,0.0006459159999998576,0.7832036782061369,,,,,32,100,27
jacobi20,0,0.0004929579999988221,0.7162402993348115,,,,,32,100,27
amg_reused,0,0.0005906670000008774,0.8512997550246764,,,,,32,100,27
poisson,0,0.00015199999999992997,0.30053603998283385,,,,,32,100,27
oracle_reused,0,0.00018412500000053456,1.0,,,,,32,100,27
pcg40,0,0.002243292000002839,0.9599109505757815,,,,,32,100,27
pcg5,0,0.00043000000000148475,0.5851755060439168,,,,,32,100,27
pcg20,0,0.0009389999999989129,0.887555745297189,,,,,32,100,27
poisson_pcg10,0,0.0014813330000009728,0.9714121285136972,,,,,32,100,27
oracle,0,0.0030704589999999143,1.0,,,,,32,100,27
cg20,0,0.0010636250000004566,0.4509338007832058,,,,,32,100,27
pcg80,0,0.003156624999999025,0.9979688617588156,,,,,32,100,27
raw,0,5.074999999976626e-05,0.12381278610256777,,,,,32,100,27
amg,0,0.010634582999998088,0.8512997550246764,,,,,32,100,27
poisson_pcg40,0,0.004560582999999951,1.0,,,,,32,100,27
amg_reused,1,0.0005670000000002062,0.8512997550246764,,,,,32,100,27
poisson_pcg40,1,0.005170249999999044,1.0,,,,,32,100,27
poisson_pcg80,1,0.009885999999998063,1.0,,,,,32,100,27
oracle,1,0.0032482080000022506,1.0,,,,,32,100,27
adaptive_rank90,1,0.006101665999999284,0.9999999776482369,30.0,1.0,6.0,0.9805825242718447,32,100,27
pcg20,1,0.001195667000001066,0.887555745297189,,,,,32,100,27
oracle_reused,1,0.00019270800000015242,1.0,,,,,32,100,27
poisson_pcg20,1,0.0035820409999978153,0.9999847113940347,,,,,32,100,27
pcg40,1,0.0018229579999982093,0.9599109505757815,,,,,32,100,27
pcg5,1,0.00037054099999878076,0.5851755060439168,,,,,32,100,27
poisson_pcg5,1,0.001079167000000325,0.5893587167405765,,,,,32,100,27
cg20,1,0.0008979580000030296,0.4509338007832058,,,,,32,100,27
raw,1,4.116600000259041e-05,0.12381278610256777,,,,,32,100,27
pcg80,1,0.003717042000001669,0.9979688617588156,,,,,32,100,27
amg,1,0.010766500000002566,0.8512997550246764,,,,,32,100,27
poisson,1,0.00022991700000218884,0.30053603998283385,,,,,32,100,27
jacobi20,1,0.0005606669999984604,0.7162402993348115,,,,,32,100,27
pcg10,1,0.0005674999999989438,0.7832036782061369,,,,,32,100,27
poisson_pcg10,1,0.0012273339999993027,0.9714121285136972,,,,,32,100,27
poisson_pcg40,2,0.005296749999999406,1.0,,,,,32,100,27
oracle_reused,2,0.00020949999999686497,1.0,,,,,32,100,27
poisson,2,0.00015954199999868024,0.30053603998283385,,,,,32,100,27
oracle,2,0.0028894579999985126,1.0,,,,,32,100,27
cg20,2,0.0011487080000023298,0.4509338007832058,,,,,32,100,27
jacobi20,2,0.0004440000000016653,0.7162402993348115,,,,,32,100,27
poisson_pcg80,2,0.00981654099999929,1.0,,,,,32,100,27
poisson_pcg5,2,0.0006977910000003362,0.5893587167405765,,,,,32,100,27
pcg20,2,0.0009971670000012978,0.887555745297189,,,,,32,100,27
adaptive_rank90,2,0.0049455839999978934,0.9999999776482369,30.0,1.0,6.0,0.9805825242718447,32,100,27
pcg5,2,0.00039187499999826514,0.5851755060439168,,,,,32,100,27
pcg80,2,0.003719457999999065,0.9979688617588156,,,,,32,100,27
amg_reused,2,0.000721957999999745,0.8512997550246764,,,,,32,100,27
poisson_pcg20,2,0.002648374999999703,0.9999847113940347,,,,,32,100,27
raw,2,5.324999999700708e-05,0.12381278610256777,,,,,32,100,27
amg,2,0.010122166999998683,0.8512997550246764,,,,,32,100,27
pcg10,2,0.000549666999997811,0.7832036782061369,,,,,32,100,27
poisson_pcg10,2,0.0021638329999973394,0.9714121285136972,,,,,32,100,27
pcg40,2,0.00206825000000066,0.9599109505757815,,,,,32,100,27
amg,0,0.010816333000001066,0.9095274837279164,,,,,32,100,28
pcg5,0,0.0003635839999986956,0.4741920172913239,,,,,32,100,28
pcg10,0,0.000529916999997937,0.7438650221729489,,,,,32,100,28
poisson_pcg20,0,0.0025511250000000985,0.9999995641406193,,,,,32,100,28
poisson_pcg10,0,0.0012530419999983167,0.9974505243723624,,,,,32,100,28
oracle,0,0.0029774170000003153,1.0,,,,,32,100,28
raw,0,4.570799999825681e-05,0.22322115728488662,,,,,32,100,28
pcg40,0,0.00169154200000321,0.9494483473106357,,,,,32,100,28
pcg20,0,0.0011093749999986358,0.9109444625742078,,,,,32,100,28
cg20,0,0.0008864580000000899,0.3264787032401116,,,,,32,100,28
pcg80,0,0.0031635830000027454,0.9998660347078178,,,,,32,100,28
jacobi20,0,0.0004985419999989915,0.664633755185609,,,,,32,100,28
poisson_pcg5,0,0.0007840419999993742,0.7467144137579571,,,,,32,100,28
adaptive_rank90,0,0.003828166000001687,0.9999995641406193,20.0,1.0,4.0,0.9029126213592233,32,100,28
poisson_pcg40,0,0.00520908400000053,1.0,,,,,32,100,28
oracle_reused,0,0.00022454200000154856,1.0,,,,,32,100,28
poisson,0,0.0001511669999985088,0.417867194764323,,,,,32,100,28
poisson_pcg80,0,0.006333041999997846,1.0,,,,,32,100,28
amg_reused,0,0.0005565000000018472,0.9095274837279164,,,,,32,100,28
poisson_pcg10,1,0.0018919169999982444,0.9974505243723624,,,,,32,100,28
oracle,1,0.002862874999998155,1.0,,,,,32,100,28
jacobi20,1,0.000495499999999538,0.664633755185609,,,,,32,100,28
pcg40,1,0.0016761659999993128,0.9494483473106357,,,,,32,100,28
adaptive_rank90,1,0.00310991699999974,0.9999995641406193,20.0,1.0,4.0,0.9029126213592233,32,100,28
poisson_pcg40,1,0.00491262500000289,1.0,,,,,32,100,28
poisson_pcg5,1,0.0006804999999978634,0.7467144137579571,,,,,32,100,28
pcg80,1,0.003172124999998971,0.9998660347078178,,,,,32,100,28
cg20,1,0.0008456670000001054,0.3264787032401116,,,,,32,100,28
amg_reused,1,0.0006678340000014771,0.9095274837279164,,,,,32,100,28
poisson,1,0.0002612920000011343,0.417867194764323,,,,,32,100,28
pcg10,1,0.0005884579999992923,0.7438650221729489,,,,,32,100,28
poisson_pcg80,1,0.00712429200000031,1.0,,,,,32,100,28
oracle_reused,1,0.00018370800000155896,1.0,,,,,32,100,28
pcg20,1,0.0009931670000007387,0.9109444625742078,,,,,32,100,28
raw,1,4.24169999995172e-05,0.22322115728488662,,,,,32,100,28
pcg5,1,0.00039758300000158897,0.4741920172913239,,,,,32,100,28
poisson_pcg20,1,0.002703707999998528,0.9999995641406193,,,,,32,100,28
amg,1,0.011290208000001911,0.9095274837279164,,,,,32,100,28
poisson_pcg40,2,0.004979708000000471,1.0,,,,,32,100,28
poisson_pcg20,2,0.002742666999999699,0.9999995641406193,,,,,32,100,28
poisson_pcg10,2,0.0011892920000029505,0.9974505243723624,,,,,32,100,28
pcg20,2,0.0010784580000020583,0.9109444625742078,,,,,32,100,28
pcg40,2,0.0019007089999973914,0.9494483473106357,,,,,32,100,28
poisson_pcg5,2,0.0007703339999984848,0.7467144137579571,,,,,32,100,28
pcg10,2,0.0005852920000002371,0.7438650221729489,,,,,32,100,28
poisson_pcg80,2,0.00724045900000192,1.0,,,,,32,100,28
adaptive_rank90,2,0.0036049170000005404,0.9999995641406193,20.0,1.0,4.0,0.9029126213592233,32,100,28
amg,2,0.01000070899999983,0.9095274837279164,,,,,32,100,28
pcg80,2,0.0034371670000012955,0.9998660347078178,,,,,32,100,28
pcg5,2,0.00043958299999857786,0.4741920172913239,,,,,32,100,28
cg20,2,0.0010947080000001108,0.3264787032401116,,,,,32,100,28
oracle_reused,2,0.00016837500000121963,1.0,,,,,32,100,28
amg_reused,2,0.0005597910000005868,0.9095274837279164,,,,,32,100,28
poisson,2,0.00014695899999850326,0.417867194764323,,,,,32,100,28
raw,2,4.308399999786161e-05,0.22322115728488662,,,,,32,100,28
oracle,2,0.0028842910000008715,1.0,,,,,32,100,28
jacobi20,2,0.0004244580000012377,0.664633755185609,,,,,32,100,28
amg_reused,0,0.0007297500000014168,0.9617374025463129,,,,,32,100,29
pcg10,0,0.0005973750000016764,0.5601928733638509,,,,,32,100,29
poisson_pcg40,0,0.004581874999999513,1.0,,,,,32,100,29
cg20,0,0.0008539170000005925,0.42066066223803733,,,,,32,100,29
poisson_pcg5,0,0.0007141250000017862,0.644693479096631,,,,,32,100,29
pcg80,0,0.0033125839999996742,0.9998512266647592,,,,,32,100,29
jacobi20,0,0.0004381250000022874,0.5232915094592661,,,,,32,100,29
pcg40,0,0.0018961660000016423,0.9197946543523353,,,,,32,100,29
raw,0,2.9957999998941887e-05,0.33841641111150844,,,,,32,100,29
poisson_pcg80,0,0.009076999999997781,1.0,,,,,32,100,29
amg,0,0.010004583000000622,0.9617374025463129,,,,,32,100,29
poisson_pcg20,0,0.0023628749999993204,0.9999533742221586,,,,,32,100,29
oracle_reused,0,0.0001787909999997339,1.0,,,,,32,100,29
poisson_pcg10,0,0.0012441249999994852,0.9729396033009083,,,,,32,100,29
adaptive_rank90,0,0.0043999170000006416,0.9999999776482369,30.0,1.0,6.0,0.9611650485436893,32,100,29
oracle,0,0.00302683299999984,1.0,,,,,32,100,29
pcg5,0,0.0004253749999989509,0.4805669077676847,,,,,32,100,29
poisson,0,0.00017833300000091867,0.5225425354051927,,,,,32,100,29
pcg20,0,0.0010482080000002725,0.5639493665510336,,,,,32,100,29
amg,1,0.010723499999997443,0.9617374025463129,,,,,32,100,29
pcg40,1,0.00176316700000001,0.9197946543523353,,,,,32,100,29
poisson_pcg80,1,0.008960749999999962,1.0,,,,,32,100,29
amg_reused,1,0.0007410420000013573,0.9617374025463129,,,,,32,100,29
poisson_pcg5,1,0.0013289999999983593,0.644693479096631,,,,,32,100,29
pcg20,1,0.0009325420000010354,0.5639493665510336,,,,,32,100,29
cg20,1,0.0009329579999999282,0.42066066223803733,,,,,32,100,29
poisson_pcg40,1,0.005221000000002363,1.0,,,,,32,100,29
raw,1,7.229199999869707e-05,0.33841641111150844,,,,,32,100,29
jacobi20,1,0.0005935419999971714,0.5232915094592661,,,,,32,100,29
poisson,1,0.00046008300000011104,0.5225425354051927,,,,,32,100,29
oracle,1,0.004184542000000846,1.0,,,,,32,100,29
oracle_reused,1,0.0001910420000008628,1.0,,,,,32,100,29
poisson_pcg20,1,0.0034670840000003977,0.9999533742221586,,,,,32,100,29
adaptive_rank90,1,0.006048875000001175,0.9999999776482369,30.0,1.0,6.0,0.9611650485436893,32,100,29
pcg10,1,0.0005581669999976668,0.5601928733638509,,,,,32,100,29
poisson_pcg10,1,0.0029501670000016134,0.9729396033009083,,,,,32,100,29
pcg5,1,0.0004317920000005415,0.4805669077676847,,,,,32,100,29
pcg80,1,0.0034012499999995782,0.9998512266647592,,,,,32,100,29
oracle_reused,2,0.00019612499999865918,1.0,,,,,32,100,29
amg,2,0.011090500000001668,0.9617374025463129,,,,,32,100,29
poisson_pcg80,2,0.010258290999999531,1.0,,,,,32,100,29
pcg40,2,0.0017552920000021288,0.9197946543523353,,,,,32,100,29
raw,2,4.308299999777887e-05,0.33841641111150844,,,,,32,100,29
amg_reused,2,0.0006027090000024771,0.9617374025463129,,,,,32,100,29
pcg5,2,0.0004722090000015555,0.4805669077676847,,,,,32,100,29
pcg10,2,0.0006340420000015001,0.5601928733638509,,,,,32,100,29
poisson,2,0.0001828330000002154,0.5225425354051927,,,,,32,100,29
oracle,2,0.003094874999998609,1.0,,,,,32,100,29
cg20,2,0.0009411660000004929,0.42066066223803733,,,,,32,100,29
poisson_pcg10,2,0.0013340829999997084,0.9729396033009083,,,,,32,100,29
poisson_pcg20,2,0.002301250000002142,0.9999533742221586,,,,,32,100,29
adaptive_rank90,2,0.0051191249999966715,0.9999999776482369,30.0,1.0,6.0,0.9611650485436893,32,100,29
poisson_pcg40,2,0.00475133299999797,1.0,,,,,32,100,29
poisson_pcg5,2,0.0007975000000008947,0.644693479096631,,,,,32,100,29
jacobi20,2,0.00049395799999985,0.5232915094592661,,,,,32,100,29
pcg20,2,0.0009268750000011039,0.5639493665510336,,,,,32,100,29
pcg80,2,0.003644624999999735,0.9998512266647592,,,,,32,100,29
amg_reused,0,0.0006270420000014099,0.6476004376475216,,,,,32,500,0
oracle,0,0.0031387920000014446,1.0,,,,,32,500,0
raw,0,4.891700000086985e-05,0.49707356188756163,,,,,32,500,0
adaptive_rank90,0,0.006832333000001967,0.9999999664723552,40.0,1.0,8.0,0.970873786407767,32,500,0
oracle_reused,0,0.00021529099999995083,1.0,,,,,32,500,0
amg,0,0.011786457999999556,0.6476004376475216,,,,,32,500,0
poisson_pcg80,0,0.011286790999999852,1.0,,,,,32,500,0
pcg5,0,0.0003805839999984073,0.44398147485873685,,,,,32,500,0
poisson_pcg10,0,0.001204250000000684,0.8160703253522638,,,,,32,500,0
poisson_pcg20,0,0.002605375000001686,0.9987293804985337,,,,,32,500,0
pcg20,0,0.0010946670000002712,0.6689215162542022,,,,,32,500,0
pcg10,0,0.0005741249999999809,0.6530872366962306,,,,,32,500,0
pcg40,0,0.0015775839999996322,0.6871048096523853,,,,,32,500,0
poisson_pcg40,0,0.005286749999999785,0.9999999664723552,,,,,32,500,0
poisson,0,0.00013929200000006858,0.6124494403118518,,,,,32,500,0
poisson_pcg5,0,0.0006893750000003251,0.6253840368178242,,,,,32,500,0
cg20,0,0.0010251669999981061,0.5297790528216865,,,,,32,500,0
jacobi20,0,0.000484000000000151,0.4989827042057077,,,,,32,500,0
pcg80,0,0.0033303339999974924,0.9942385089585866,,,,,32,500,0
pcg10,1,0.0005540000000010536,0.6530872366962306,,,,,32,500,0
poisson_pcg10,1,0.00122408300000032,0.8160703253522638,,,,,32,500,0
oracle,1,0.0028446250000015993,1.0,,,,,32,500,0
pcg40,1,0.0017193339999970192,0.6871048096523853,,,,,32,500,0
poisson_pcg40,1,0.004710750000000985,0.9999999664723552,,,,,32,500,0
poisson,1,0.00016404200000152969,0.6124494403118518,,,,,32,500,0
poisson_pcg80,1,0.009767166999999688,1.0,,,,,32,500,0
amg_reused,1,0.0005662909999983867,0.6476004376475216,,,,,32,500,0
amg,1,0.010051999999998174,0.6476004376475216,,,,,32,500,0
raw,1,2.537499999988313e-05,0.49707356188756163,,,,,32,500,0
pcg5,1,0.0004794170000010922,0.44398147485873685,,,,,32,500,0
poisson_pcg20,1,0.0023692500000009886,0.9987293804985337,,,,,32,500,0
adaptive_rank90,1,0.006946875000000574,0.9999999664723552,40.0,1.0,8.0,0.970873786407767,32,500,0
pcg20,1,0.0009803340000011929,0.6689215162542022,,,,,32,500,0
oracle_reused,1,0.00021149999999892088,1.0,,,,,32,500,0
poisson_pcg5,1,0.00072741700000023,0.6253840368178242,,,,,32,500,0
pcg80,1,0.0030566250000028106,0.9942385089585866,,,,,32,500,0
jacobi20,1,0.0006087499999978263,0.4989827042057077,,,,,32,500,0
cg20,1,0.0008518749999986142,0.5297790528216865,,,,,32,500,0
amg,2,0.009719041999996847,0.6476004376475216,,,,,32,500,0
adaptive_rank90,2,0.007269582999999358,0.9999999664723552,40.0,1.0,8.0,0.970873786407767,32,500,0
poisson_pcg10,2,0.0012060829999995804,0.8160703253522638,,,,,32,500,0
poisson_pcg5,2,0.0006483749999972588,0.6253840368178242,,,,,32,500,0
oracle_reused,2,0.00016420800000105373,1.0,,,,,32,500,0
pcg80,2,0.0035444170000005215,0.9942385089585866,,,,,32,500,0
poisson_pcg80,2,0.008969499999999186,1.0,,,,,32,500,0
pcg10,2,0.0005369579999978669,0.6530872366962306,,,,,32,500,0
amg_reused,2,0.0006367910000015797,0.6476004376475216,,,,,32,500,0
jacobi20,2,0.0005271669999977746,0.4989827042057077,,,,,32,500,0
poisson_pcg40,2,0.004607000000000028,0.9999999664723552,,,,,32,500,0
pcg40,2,0.0018175830000011217,0.6871048096523853,,,,,32,500,0
poisson_pcg20,2,0.0023302919999999006,0.9987293804985337,,,,,32,500,0
pcg5,2,0.00046641700000193964,0.44398147485873685,,,,,32,500,0
poisson,2,0.00014758300000039526,0.6124494403118518,,,,,32,500,0
raw,2,2.595800000193549e-05,0.49707356188756163,,,,,32,500,0
pcg20,2,0.0009282080000012627,0.6689215162542022,,,,,32,500,0
cg20,2,0.000849499999997505,0.5297790528216865,,,,,32,500,0
oracle,2,0.0029098330000003614,1.0,,,,,32,500,0
cg20,0,0.0008931670000009717,0.166997856465918,,,,,32,500,1
poisson_pcg80,0,0.010053250000002123,1.0,,,,,32,500,1
pcg10,0,0.0006424999999978809,0.584243582808812,,,,,32,500,1
pcg40,0,0.0017887500000028922,0.878992058418568,,,,,32,500,1
poisson_pcg5,0,0.0008594159999972817,0.4025196248480079,,,,,32,500,1
pcg80,0,0.00316479199999975,0.999529171286031,,,,,32,500,1
jacobi20,0,0.00044741700000017204,0.5084246142085688,,,,,32,500,1
pcg5,0,0.00039329099999818595,0.3777835544667763,,,,,32,500,1
amg,0,0.010962125000002487,0.8807332607646089,,,,,32,500,1
adaptive_rank90,0,0.0054115840000008575,0.9999993517988698,30.0,1.0,6.0,0.9223300970873787,32,500,1
poisson_pcg20,0,0.0024365410000015686,0.9997673740254629,,,,,32,500,1
pcg20,0,0.0009631670000018744,0.834180673771547,,,,,32,500,1
poisson,0,0.00010816700000049195,0.2804257899113082,,,,,32,500,1
poisson_pcg10,0,0.0013926670000010688,0.9433423597203348,,,,,32,500,1
raw,0,4.1166999999120435e-05,-0.03036977639296188,,,,,32,500,1
oracle_reused,0,0.00022012499999846113,1.0,,,,,32,500,1
poisson_pcg40,0,0.004296291999999369,0.9999999888241183,,,,,32,500,1
oracle,0,0.0029305830000012634,1.0,,,,,32,500,1
amg_reused,0,0.0028710409999987974,0.8807332607646089,,,,,32,500,1
amg_reused,1,0.0005507089999987613,0.8807332607646089,,,,,32,500,1
pcg80,1,0.003184583000003016,0.999529171286031,,,,,32,500,1
poisson_pcg5,1,0.0006749590000012518,0.4025196248480079,,,,,32,500,1
pcg40,1,0.001640499999997047,0.878992058418568,,,,,32,500,1
poisson_pcg40,1,0.00454837500000238,0.9999999888241183,,,,,32,500,1
poisson_pcg20,1,0.002492666000001975,0.9997673740254629,,,,,32,500,1
oracle,1,0.0026341250000001537,1.0,,,,,32,500,1
poisson_pcg10,1,0.00122191699999874,0.9433423597203348,,,,,32,500,1
poisson_pcg80,1,0.00921037499999855,1.0,,,,,32,500,1
amg,1,0.010569541999998933,0.8807332607646089,,,,,32,500,1
raw,1,2.408299999956398e-05,-0.03036977639296188,,,,,32,500,1
pcg20,1,0.0009033330000001172,0.834180673771547,,,,,32,500,1
pcg5,1,0.00032670799999934275,0.3777835544667763,,,,,32,500,1
oracle_reused,1,0.00015908299999978226,1.0,,,,,32,500,1
adaptive_rank90,1,0.004740958999999378,0.9999993517988698,30.0,1.0,6.0,0.9223300970873787,32,500,1
poisson,1,0.00011116700000002311,0.2804257899113082,,,,,32,500,1
jacobi20,1,0.0004994160000002523,0.5084246142085688,,,,,32,500,1
cg20,1,0.000948040999997346,0.166997856465918,,,,,32,500,1
pcg10,1,0.0005585000000003504,0.584243582808812,,,,,32,500,1
pcg40,2,0.0018311249999989343,0.878992058418568,,,,,32,500,1
oracle,2,0.002820916000001006,1.0,,,,,32,500,1
jacobi20,2,0.0004991670000009663,0.5084246142085688,,,,,32,500,1
raw,2,3.9375000000063665e-05,-0.03036977639296188,,,,,32,500,1
adaptive_rank90,2,0.005396250000000435,0.9999993517988698,30.0,1.0,6.0,0.9223300970873787,32,500,1
amg_reused,2,0.0005514160000004154,0.8807332607646089,,,,,32,500,1
poisson_pcg20,2,0.0024360000000029913,0.9997673740254629,,,,,32,500,1
poisson_pcg80,2,0.009387041000000096,1.0,,,,,32,500,1
amg,2,0.011208708999998152,0.8807332607646089,,,,,32,500,1
poisson_pcg5,2,0.0008570829999996477,0.4025196248480079,,,,,32,500,1
pcg5,2,0.00037154200000344417,0.3777835544667763,,,,,32,500,1
oracle_reused,2,0.00018374999999792863,1.0,,,,,32,500,1
pcg10,2,0.000554042000000976,0.584243582808812,,,,,32,500,1
pcg80,2,0.003407666000001086,0.999529171286031,,,,,32,500,1
poisson_pcg40,2,0.004708749999998929,0.9999999888241183,,,,,32,500,1
poisson,2,0.0001589170000002582,0.2804257899113082,,,,,32,500,1
cg20,2,0.0008766659999999149,0.166997856465918,,,,,32,500,1
pcg20,2,0.0009249169999989704,0.834180673771547,,,,,32,500,1
poisson_pcg10,2,0.001184666000000334,0.9433423597203348,,,,,32,500,1
cg20,0,0.000887707999996934,0.3327683105643373,,,,,32,500,2
pcg20,0,0.0009188330000000633,0.7726592674880194,,,,,32,500,2
poisson_pcg20,0,0.0026067500000017674,0.9994867923431799,,,,,32,500,2
poisson,0,0.00015458400000056827,0.3883395545740647,,,,,32,500,2
poisson_pcg40,0,0.0043737079999992545,0.9999999776482369,,,,,32,500,2
pcg40,0,0.002252499999997326,0.8424883770831842,,,,,32,500,2
oracle_reused,0,0.00016504200000255764,1.0,,,,,32,500,2
pcg5,0,0.00037395900000092297,0.4714272159537944,,,,,32,500,2
jacobi20,0,0.00042250000000265686,0.5542524452828839,,,,,32,500,2
poisson_pcg5,0,0.0007200419999975338,0.5083011765968098,,,,,32,500,2
adaptive_rank90,0,0.005717125000000323,0.9999991841606466,35.0,1.0,7.0,0.9805825242718447,32,500,2
pcg10,0,0.0005546249999994757,0.6424370015556826,,,,,32,500,2
amg,0,0.009822750000001435,0.9913222297224805,,,,,32,500,2
amg_reused,0,0.0005486250000004134,0.9913222297224805,,,,,32,500,2
oracle,0,0.0029224169999970684,1.0,,,,,32,500,2
poisson_pcg80,0,0.008791666000000475,1.0,,,,,32,500,2
pcg80,0,0.0031530840000009164,0.9996178742579215,,,,,32,500,2
raw,0,4.9583999999214257e-05,0.20254063550532866,,,,,32,500,2
poisson_pcg10,0,0.0012648330000004648,0.7220844471961948,,,,,32,500,2
pcg20,1,0.0008914160000017546,0.7726592674880194,,,,,32,500,2
oracle_reused,1,0.00018275000000045338,1.0,,,,,32,500,2
poisson_pcg5,1,0.0007097920000020963,0.5083011765968098,,,,,32,500,2
pcg80,1,0.0032665000000022815,0.9996178742579215,,,,,32,500,2
pcg10,1,0.0005679589999978418,0.6424370015556826,,,,,32,500,2
amg,1,0.009463917000001487,0.9913222297224805,,,,,32,500,2
cg20,1,0.0008305409999991298,0.3327683105643373,,,,,32,500,2
raw,1,3.820799999942892e-05,0.20254063550532866,,,,,32,500,2
pcg40,1,0.00199933400000063,0.8424883770831842,,,,,32,500,2
jacobi20,1,0.0005018750000012062,0.5542524452828839,,,,,32,500,2
amg_reused,1,0.0005561660000026336,0.9913222297224805,,,,,32,500,2
oracle,1,0.002808874999999489,1.0,,,,,32,500,2
poisson,1,0.00018262500000076898,0.3883395545740647,,,,,32,500,2
poisson_pcg40,1,0.006506458000000492,0.9999999776482369,,,,,32,500,2
poisson_pcg20,1,0.002317790999999403,0.9994867923431799,,,,,32,500,2
poisson_pcg80,1,0.00871616699999933,1.0,,,,,32,500,2
poisson_pcg10,1,0.0012418750000016132,0.7220844471961948,,,,,32,500,2
pcg5,1,0.00047129099999665414,0.4714272159537944,,,,,32,500,2
adaptive_rank90,1,0.0051257499999977085,0.9999991841606466,35.0,1.0,7.0,0.9805825242718447,32,500,2
amg_reused,2,0.0007327499999973952,0.9913222297224805,,,,,32,500,2
poisson_pcg5,2,0.0008719590000012545,0.5083011765968098,,,,,32,500,2
oracle,2,0.0027718750000005343,1.0,,,,,32,500,2
poisson_pcg10,2,0.0012669589999987352,0.7220844471961948,,,,,32,500,2
pcg80,2,0.0035656250000002387,0.9996178742579215,,,,,32,500,2
amg,2,0.009946458000001712,0.9913222297224805,,,,,32,500,2
pcg20,2,0.0009228749999969921,0.7726592674880194,,,,,32,500,2
poisson,2,0.00013050000000092155,0.3883395545740647,,,,,32,500,2
pcg40,2,0.0017799170000003528,0.8424883770831842,,,,,32,500,2
poisson_pcg20,2,0.0025820830000000683,0.9994867923431799,,,,,32,500,2
cg20,2,0.0008898750000021494,0.3327683105643373,,,,,32,500,2
poisson_pcg40,2,0.004743624999999696,0.9999999776482369,,,,,32,500,2
oracle_reused,2,0.00020087500000087744,1.0,,,,,32,500,2
adaptive_rank90,2,0.006016834000000415,0.9999991841606466,35.0,1.0,7.0,0.9805825242718447,32,500,2
jacobi20,2,0.00042516699999950447,0.5542524452828839,,,,,32,500,2
pcg10,2,0.0005482089999979678,0.6424370015556826,,,,,32,500,2
pcg5,2,0.00033408300000203894,0.4714272159537944,,,,,32,500,2
poisson_pcg80,2,0.009300042000003117,1.0,,,,,32,500,2
raw,2,2.7250000002254637e-05,0.20254063550532866,,,,,32,500,2
poisson_pcg20,0,0.0024816249999979334,0.9992188170552893,,,,,32,500,3
oracle_reused,0,0.0001710409999979845,1.0,,,,,32,500,3
raw,0,2.7917000000599046e-05,0.33508679189614476,,,,,32,500,3
adaptive_rank90,0,0.005673958999999229,0.9999998547135397,35.0,1.0,7.0,0.9611650485436893,32,500,3
pcg40,0,0.0017470000000017194,0.47298195989199626,,,,,32,500,3
pcg10,0,0.0005341250000014952,0.3278113041806737,,,,,32,500,3
pcg20,0,0.0013762919999997791,0.423400351369716,,,,,32,500,3
amg,0,0.010017334000000488,0.3501711250983477,,,,,32,500,3
poisson,0,0.0001424159999992014,0.399148934267935,,,,,32,500,3
pcg5,0,0.0004050839999969469,0.2881969726772048,,,,,32,500,3
poisson_pcg80,0,0.009186582999998194,1.0,,,,,32,500,3
pcg80,0,0.0032093749999972943,0.85340390530005,,,,,32,500,3
poisson_pcg5,0,0.000792624999998992,0.2589838888491524,,,,,32,500,3
jacobi20,0,0.00042829199999872003,0.3136404987125384,,,,,32,500,3
poisson_pcg40,0,0.0042663750000002665,0.9999999888241183,,,,,32,500,3
amg_reused,0,0.0006717919999985611,0.3501711250983477,,,,,32,500,3
oracle,0,0.002675624999998405,1.0,,,,,32,500,3
cg20,0,0.0014290419999980486,0.3449314471425506,,,,,32,500,3
poisson_pcg10,0,0.0012507920000004447,0.9390962623381732,,,,,32,500,3
pcg5,1,0.0003525830000015162,0.2881969726772048,,,,,32,500,3
poisson,1,0.00010758400000199231,0.399148934267935,,,,,32,500,3
pcg80,1,0.0031509999999990157,0.85340390530005,,,,,32,500,3
oracle,1,0.0028293330000010997,1.0,,,,,32,500,3
jacobi20,1,0.0010414169999997114,0.3136404987125384,,,,,32,500,3
amg,1,0.015379875000000709,0.3501711250983477,,,,,32,500,3
poisson_pcg40,1,0.00454462500000119,0.9999999888241183,,,,,32,500,3
pcg40,1,0.0018314579999980651,0.47298195989199626,,,,,32,500,3
adaptive_rank90,1,0.005763542000000399,0.9999998547135397,35.0,1.0,7.0,0.9611650485436893,32,500,3
poisson_pcg10,1,0.0013413330000027202,0.9390962623381732,,,,,32,500,3
oracle_reused,1,0.0002610420000017655,1.0,,,,,32,500,3
raw,1,3.9125000000694854e-05,0.33508679189614476,,,,,32,500,3
poisson_pcg80,1,0.016805707999999697,1.0,,,,,32,500,3
cg20,1,0.0014240409999999315,0.3449314471425506,,,,,32,500,3
poisson_pcg20,1,0.003548083999998397,0.9992188170552893,,,,,32,500,3
pcg10,1,0.0006489579999993111,0.3278113041806737,,,,,32,500,3
poisson_pcg5,1,0.0015312919999992403,0.2589838888491524,,,,,32,500,3
pcg20,1,0.0009858749999978045,0.423400351369716,,,,,32,500,3
amg_reused,1,0.0019404160000000559,0.3501711250983477,,,,,32,500,3
pcg20,2,0.0010609999999999786,0.423400351369716,,,,,32,500,3
poisson_pcg20,2,0.0031380409999997028,0.9992188170552893,,,,,32,500,3
pcg80,2,0.00558466700000082,0.85340390530005,,,,,32,500,3
cg20,2,0.0009588749999984714,0.3449314471425506,,,,,32,500,3
oracle,2,0.0032596250000018756,1.0,,,,,32,500,3
poisson_pcg80,2,0.011149792000001213,1.0,,,,,32,500,3
jacobi20,2,0.00040329200000144283,0.3136404987125384,,,,,32,500,3
oracle_reused,2,0.00019395900000063193,1.0,,,,,32,500,3
poisson_pcg10,2,0.0015569579999983318,0.9390962623381732,,,,,32,500,3
amg,2,0.012761208000000579,0.3501711250983477,,,,,32,500,3
raw,2,3.750000000124487e-05,0.33508679189614476,,,,,32,500,3
pcg5,2,0.00041891699999752063,0.2881969726772048,,,,,32,500,3
poisson,2,0.00026041700000334345,0.399148934267935,,,,,32,500,3
adaptive_rank90,2,0.005252042000002177,0.9999998547135397,35.0,1.0,7.0,0.9611650485436893,32,500,3
poisson_pcg40,2,0.004867624999999265,0.9999999888241183,,,,,32,500,3
pcg40,2,0.0016772500000001855,0.47298195989199626,,,,,32,500,3
amg_reused,2,0.000912916000000763,0.3501711250983477,,,,,32,500,3
pcg10,2,0.0005661249999988627,0.3278113041806737,,,,,32,500,3
poisson_pcg5,2,0.0009263339999989739,0.2589838888491524,,,,,32,500,3
oracle_reused,0,0.00026345799999916153,1.0,,,,,32,500,4
raw,0,5.3250000000559794e-05,0.34970436440526426,,,,,32,500,4
pcg10,0,0.0006644999999991796,0.6400511296581074,,,,,32,500,4
amg_reused,0,0.0007054169999989313,0.81896452104642,,,,,32,500,4
cg20,0,0.00108841700000184,0.36995972212288103,,,,,32,500,4
pcg20,0,0.0009536670000009906,0.6864454885201344,,,,,32,500,4
poisson_pcg40,0,0.004865458999997685,1.0,,,,,32,500,4
adaptive_rank90,0,0.007678041000001912,0.9999996982511979,25.0,1.0,5.0,0.941747572815534,32,500,4
amg,0,0.010726166999997844,0.81896452104642,,,,,32,500,4
poisson_pcg80,0,0.008136916999998078,1.0,,,,,32,500,4
oracle,0,0.0037900830000019425,1.0,,,,,32,500,4
jacobi20,0,0.0005048340000008977,0.5097180101566411,,,,,32,500,4
poisson_pcg5,0,0.0008119589999999732,0.7777603309849082,,,,,32,500,4
poisson_pcg10,0,0.0012204589999988968,0.9188097574386667,,,,,32,500,4
poisson_pcg20,0,0.002627791999998408,0.9999956749338387,,,,,32,500,4
pcg40,0,0.0018363329999999678,0.8550286214326585,,,,,32,500,4
pcg80,0,0.003365375000001336,0.8884216414240754,,,,,32,500,4
pcg5,0,0.0003905000000017367,0.4391064770939131,,,,,32,500,4
poisson,0,0.000170042000000592,0.7713021578392104,,,,,32,500,4
poisson_pcg80,1,0.007611291999999992,1.0,,,,,32,500,4
amg,1,0.01012987500000051,0.81896452104642,,,,,32,500,4
amg_reused,1,0.0005273329999972987,0.81896452104642,,,,,32,500,4
poisson_pcg10,1,0.0016619999999996082,0.9188097574386667,,,,,32,500,4
adaptive_rank90,1,0.004600708999998204,0.9999996982511979,25.0,1.0,5.0,0.941747572815534,32,500,4
poisson_pcg20,1,0.0024858339999980217,0.9999956749338387,,,,,32,500,4
poisson_pcg5,1,0.0008403749999992272,0.7777603309849082,,,,,32,500,4
pcg80,1,0.0035813749999995537,0.8884216414240754,,,,,32,500,4
pcg40,1,0.0017349580000001197,0.8550286214326585,,,,,32,500,4
oracle,1,0.0028141250000004447,1.0,,,,,32,500,4
raw,1,3.979199999903926e-05,0.34970436440526426,,,,,32,500,4
pcg10,1,0.0005974589999979685,0.6400511296581074,,,,,32,500,4
poisson_pcg40,1,0.005409750000001878,1.0,,,,,32,500,4
pcg20,1,0.0009866250000030163,0.6864454885201344,,,,,32,500,4
poisson,1,0.0001393749999998306,0.7713021578392104,,,,,32,500,4
jacobi20,1,0.0004054579999994701,0.5097180101566411,,,,,32,500,4
pcg5,1,0.0003530420000004142,0.4391064770939131,,,,,32,500,4
oracle_reused,1,0.0001661249999997949,1.0,,,,,32,500,4
cg20,1,0.0008514159999997162,0.36995972212288103,,,,,32,500,4
poisson_pcg10,2,0.0013173749999992879,0.9188097574386667,,,,,32,500,4
adaptive_rank90,2,0.004818624999998633,0.9999996982511979,25.0,1.0,5.0,0.941747572815534,32,500,4
raw,2,3.704199999887692e-05,0.34970436440526426,,,,,32,500,4
amg,2,0.010553916999999302,0.81896452104642,,,,,32,500,4
poisson_pcg20,2,0.0025839999999988095,0.9999956749338387,,,,,32,500,4
amg_reused,2,0.0005937920000000929,0.81896452104642,,,,,32,500,4
poisson_pcg5,2,0.0007562080000020899,0.7777603309849082,,,,,32,500,4
oracle_reused,2,0.00019754199999866273,1.0,,,,,32,500,4
poisson,2,0.00023279100000195285,0.7713021578392104,,,,,32,500,4
jacobi20,2,0.000589083999997797,0.5097180101566411,,,,,32,500,4
pcg20,2,0.0009070000000015455,0.6864454885201344,,,,,32,500,4
pcg40,2,0.0016863749999984634,0.8550286214326585,,,,,32,500,4
poisson_pcg80,2,0.008229207999999488,1.0,,,,,32,500,4
oracle,2,0.0033467090000023347,1.0,,,,,32,500,4
pcg5,2,0.0003994170000005681,0.4391064770939131,,,,,32,500,4
pcg10,2,0.0006456250000006492,0.6400511296581074,,,,,32,500,4
pcg80,2,0.0033747500000025354,0.8884216414240754,,,,,32,500,4
poisson_pcg40,2,0.004838666000001268,1.0,,,,,32,500,4
cg20,2,0.0008917079999974931,0.36995972212288103,,,,,32,500,4
poisson_pcg80,0,0.008610791000002394,1.0,,,,,32,500,5
adaptive_rank90,0,0.006511917000000977,0.9999999552964736,35.0,1.0,7.0,0.9611650485436893,32,500,5
pcg5,0,0.0003639580000012188,0.49250544265431656,,,,,32,500,5
poisson_pcg20,0,0.0024753749999995023,0.9999537094986052,,,,,32,500,5
cg20,0,0.0009237500000018883,0.41844702185108357,,,,,32,500,5
pcg40,0,0.0017064160000010986,0.6075636019419212,,,,,32,500,5
pcg10,0,0.0005689999999987094,0.43222325164508973,,,,,32,500,5
amg,0,0.010130707999998378,0.9292796920821114,,,,,32,500,5
pcg20,0,0.0009846249999974077,0.4907682859773979,,,,,32,500,5
oracle_reused,0,0.00016633399999932408,1.0,,,,,32,500,5
poisson_pcg10,0,0.0019863330000013946,0.9108314297081753,,,,,32,500,5
raw,0,2.7582999997832758e-05,0.42164169229668835,,,,,32,500,5
poisson,0,0.00011283299999931273,0.6170394978005865,,,,,32,500,5
poisson_pcg5,0,0.0006736250000010102,0.6016598866318575,,,,,32,500,5
jacobi20,0,0.0005405419999995331,0.4839193816608253,,,,,32,500,5
amg_reused,0,0.0006121249999999634,0.9292796920821114,,,,,32,500,5
poisson_pcg40,0,0.013538540999999071,0.9999999664723552,,,,,32,500,5
pcg80,0,0.0032605829999994285,0.8407531091302481,,,,,32,500,5
oracle,0,0.003281540999999777,1.0,,,,,32,500,5
amg_reused,1,0.0006420420000026184,0.9292796920821114,,,,,32,500,5
poisson_pcg5,1,0.0009415829999994685,0.6016598866318575,,,,,32,500,5
amg,1,0.010892459000000798,0.9292796920821114,,,,,32,500,5
raw,1,3.887499999777333e-05,0.42164169229668835,,,,,32,500,5
poisson_pcg20,1,0.0023535410000015133,0.9999537094986052,,,,,32,500,5
poisson_pcg10,1,0.0013214169999997694,0.9108314297081753,,,,,32,500,5
pcg10,1,0.0006172079999977598,0.43222325164508973,,,,,32,500,5
cg20,1,0.0008562080000018568,0.41844702185108357,,,,,32,500,5
adaptive_rank90,1,0.006422167000000201,0.9999999552964736,35.0,1.0,7.0,0.9611650485436893,32,500,5
pcg40,1,0.0016687500000003297,0.6075636019419212,,,,,32,500,5
pcg80,1,0.0033685830000003136,0.8407531091302481,,,,,32,500,5
oracle,1,0.0030229160000025956,1.0,,,,,32,500,5
oracle_reused,1,0.00019325000000236514,1.0,,,,,32,500,5
poisson,1,0.00016166600000033782,0.6170394978005865,,,,,32,500,5
pcg20,1,0.000963750000000374,0.4907682859773979,,,,,32,500,5
poisson_pcg80,1,0.008031292000001855,1.0,,,,,32,500,5
pcg5,1,0.00043012500000116916,0.49250544265431656,,,,,32,500,5
poisson_pcg40,1,0.004462292000003032,0.9999999664723552,,,,,32,500,5
jacobi20,1,0.0004182090000028893,0.4839193816608253,,,,,32,500,5
pcg40,2,0.0018696670000011295,0.6075636019419212,,,,,32,500,5
amg,2,0.009660124999999908,0.9292796920821114,,,,,32,500,5
raw,2,4.841700000213223e-05,0.42164169229668835,,,,,32,500,5
poisson_pcg80,2,0.009430124999997958,1.0,,,,,32,500,5
oracle_reused,2,0.00018437500000345608,1.0,,,,,32,500,5
poisson_pcg40,2,0.005025207999999282,0.9999999664723552,,,,,32,500,5
amg_reused,2,0.0005960420000015176,0.9292796920821114,,,,,32,500,5
jacobi20,2,0.0005332500000001517,0.4839193816608253,,,,,32,500,5
pcg10,2,0.0005917499999981146,0.43222325164508973,,,,,32,500,5
poisson_pcg5,2,0.0007051669999995624,0.6016598866318575,,,,,32,500,5
oracle,2,0.0029476249999973447,1.0,,,,,32,500,5
pcg80,2,0.0032898750000001087,0.8407531091302481,,,,,32,500,5
pcg5,2,0.00044270899999787616,0.49250544265431656,,,,,32,500,5
cg20,2,0.0010337500000012767,0.41844702185108357,,,,,32,500,5
poisson_pcg20,2,0.0023029170000015142,0.9999537094986052,,,,,32,500,5
adaptive_rank90,2,0.0059444579999983205,0.9999999552964736,35.0,1.0,7.0,0.9611650485436893,32,500,5
pcg20,2,0.001441124999999488,0.4907682859773979,,,,,32,500,5
poisson,2,0.0002502920000004849,0.6170394978005865,,,,,32,500,5
poisson_pcg10,2,0.0012687090000014223,0.9108314297081753,,,,,32,500,5
pcg5,0,0.0004506249999991496,0.4014177611580001,,,,,32,500,6
jacobi20,0,0.0005446669999997766,0.5671971000822544,,,,,32,500,6
raw,0,3.375000000005457e-05,0.20061369000786783,,,,,32,500,6
poisson_pcg80,0,0.005444874999998461,1.0,,,,,32,500,6
cg20,0,0.0008977500000000305,0.2651620614584078,,,,,32,500,6
poisson_pcg20,0,0.0022935830000001545,0.9999996423717903,,,,,32,500,6
adaptive_rank90,0,0.003449499999998551,0.9999996423717903,20.0,1.0,4.0,0.9320388349514563,32,500,6
amg,0,0.00991270900000174,0.9688196033903154,,,,,32,500,6
oracle,0,0.0028849999999991383,1.0,,,,,32,500,6
amg_reused,0,0.0005885420000026897,0.9688196033903154,,,,,32,500,6
poisson_pcg40,0,0.00461733299999878,1.0,,,,,32,500,6
pcg40,0,0.0018241670000023191,0.891191952471211,,,,,32,500,6
poisson,0,0.00013450000000148066,0.1994802432765896,,,,,32,500,6
pcg10,0,0.0008188750000002187,0.6633543067377154,,,,,32,500,6
poisson_pcg5,0,0.0007451250000016785,0.314859418585938,,,,,32,500,6
pcg80,0,0.0034022920000005286,0.9986224273120663,,,,,32,500,6
pcg20,0,0.0009552079999970431,0.8797011010478505,,,,,32,500,6
oracle_reused,0,0.00018691700000061928,1.0,,,,,32,500,6
poisson_pcg10,0,0.0015314999999986867,0.9845393301623632,,,,,32,500,6
poisson_pcg5,1,0.0008853749999992999,0.314859418585938,,,,,32,500,6
pcg20,1,0.0009733749999973895,0.8797011010478505,,,,,32,500,6
amg_reused,1,0.0007177499999997394,0.9688196033903154,,,,,32,500,6
jacobi20,1,0.0004938330000001656,0.5671971000822544,,,,,32,500,6
cg20,1,0.0008676659999977687,0.2651620614584078,,,,,32,500,6
pcg40,1,0.0020454589999978623,0.891191952471211,,,,,32,500,6
pcg80,1,0.003386667000000898,0.9986224273120663,,,,,32,500,6
pcg10,1,0.0006523750000013706,0.6633543067377154,,,,,32,500,6
oracle,1,0.002887582999999694,1.0,,,,,32,500,6
raw,1,2.6458999997203136e-05,0.20061369000786783,,,,,32,500,6
oracle_reused,1,0.0001946249999988936,1.0,,,,,32,500,6
poisson_pcg10,1,0.0018651249999983577,0.9845393301623632,,,,,32,500,6
amg,1,0.009110499999998467,0.9688196033903154,,,,,32,500,6
poisson,1,0.0001405410000003826,0.1994802432765896,,,,,32,500,6
pcg5,1,0.0003818340000023568,0.4014177611580001,,,,,32,500,6
poisson_pcg40,1,0.005098249999999638,1.0,,,,,32,500,6
poisson_pcg80,1,0.005078375000000079,1.0,,,,,32,500,6
poisson_pcg20,1,0.0023517500000025393,0.9999996423717903,,,,,32,500,6
adaptive_rank90,1,0.004299416999998584,0.9999996423717903,20.0,1.0,4.0,0.9320388349514563,32,500,6
oracle,2,0.002740875000000642,1.0,,,,,32,500,6
pcg10,2,0.0007902079999979605,0.6633543067377154,,,,,32,500,6
pcg80,2,0.0037481250000013233,0.9986224273120663,,,,,32,500,6
pcg40,2,0.0021942909999985716,0.891191952471211,,,,,32,500,6
amg,2,0.011336082999999775,0.9688196033903154,,,,,32,500,6
amg_reused,2,0.0007703749999983245,0.9688196033903154,,,,,32,500,6
pcg20,2,0.001050625000001304,0.8797011010478505,,,,,32,500,6
raw,2,3.816699999958928e-05,0.20061369000786783,,,,,32,500,6
adaptive_rank90,2,0.0038726659999994695,0.9999996423717903,20.0,1.0,4.0,0.9320388349514563,32,500,6
jacobi20,2,0.0004902089999987425,0.5671971000822544,,,,,32,500,6
poisson_pcg20,2,0.003244333000001376,0.9999996423717903,,,,,32,500,6
cg20,2,0.0009072910000007539,0.2651620614584078,,,,,32,500,6
pcg5,2,0.00036554199999727643,0.4014177611580001,,,,,32,500,6
oracle_reused,2,0.00017079199999869843,1.0,,,,,32,500,6
poisson,2,0.00014241699999928414,0.1994802432765896,,,,,32,500,6
poisson_pcg5,2,0.0006812089999996829,0.314859418585938,,,,,32,500,6
poisson_pcg80,2,0.0059733749999999475,1.0,,,,,32,500,6
poisson_pcg10,2,0.002835624999999453,0.9845393301623632,,,,,32,500,6
poisson_pcg40,2,0.004581707999999907,1.0,,,,,32,500,6
poisson_pcg40,0,0.00585016700000196,1.0,,,,,32,500,7
jacobi20,0,0.0005334579999995981,0.33444543040555036,,,,,32,500,7
poisson_pcg5,0,0.0007713749999993524,0.3341212851369716,,,,,32,500,7
oracle_reused,0,0.00018608299999911537,1.0,,,,,32,500,7
cg20,0,0.0010324999999973272,0.2760657320649452,,,,,32,500,7
pcg40,0,0.0017680830000017522,0.5454611168728989,,,,,32,500,7
raw,0,4.7333000001259506e-05,0.29177164544739287,,,,,32,500,7
pcg20,0,0.0011007919999990179,0.34214641745940916,,,,,32,500,7
poisson_pcg10,0,0.001355874999998008,0.9590039607324224,,,,,32,500,7
poisson_pcg20,0,0.0024398750000003133,0.9999888688219726,,,,,32,500,7
adaptive_rank90,0,0.004603166999999075,0.9999989047636078,25.0,1.0,5.0,0.912621359223301,32,500,7
amg,0,0.009509790999999268,0.9688430615656961,,,,,32,500,7
amg_reused,0,0.0006780000000006225,0.9688430615656961,,,,,32,500,7
pcg80,0,0.012537625000000219,0.9805218801409055,,,,,32,500,7
poisson_pcg80,0,0.008179584000000517,1.0,,,,,32,500,7
pcg5,0,0.00038779099999786126,0.26791407758744007,,,,,32,500,7
oracle,0,0.002680166999997624,1.0,,,,,32,500,7
poisson,0,0.0001962500000018963,0.3717473937844217,,,,,32,500,7
pcg10,0,0.0005989170000013644,0.3432630333130677,,,,,32,500,7
poisson,1,0.00016395899999821495,0.3717473937844217,,,,,32,500,7
pcg40,1,0.001691167000000604,0.5454611168728989,,,,,32,500,7
oracle_reused,1,0.00019024999999928127,1.0,,,,,32,500,7
poisson_pcg5,1,0.0007614169999996534,0.3341212851369716,,,,,32,500,7
amg_reused,1,0.0006684579999998164,0.9688430615656961,,,,,32,500,7
poisson_pcg40,1,0.005333792000001836,1.0,,,,,32,500,7
jacobi20,1,0.0004971669999989103,0.33444543040555036,,,,,32,500,7
poisson_pcg80,1,0.00762795800000049,1.0,,,,,32,500,7
poisson_pcg10,1,0.0012742919999979563,0.9590039607324224,,,,,32,500,7
oracle,1,0.0026732500000008486,1.0,,,,,32,500,7
amg,1,0.009065959000000845,0.9688430615656961,,,,,32,500,7
pcg20,1,0.0009017500000005896,0.34214641745940916,,,,,32,500,7
adaptive_rank90,1,0.004914749999997525,0.9999989047636078,25.0,1.0,5.0,0.912621359223301,32,500,7
raw,1,3.504200000037372e-05,0.29177164544739287,,,,,32,500,7
cg20,1,0.0008815829999981872,0.2760657320649452,,,,,32,500,7
pcg5,1,0.0005125839999990944,0.26791407758744007,,,,,32,500,7
pcg10,1,0.000553583000002078,0.3432630333130677,,,,,32,500,7
poisson_pcg20,1,0.002529416999998091,0.9999888688219726,,,,,32,500,7
pcg80,1,0.003246041999997118,0.9805218801409055,,,,,32,500,7
poisson_pcg80,2,0.008024207999998367,1.0,,,,,32,500,7
jacobi20,2,0.00048095899999722747,0.33444543040555036,,,,,32,500,7
pcg80,2,0.0037219579999998587,0.9805218801409055,,,,,32,500,7
poisson_pcg40,2,0.004316165999998844,1.0,,,,,32,500,7
cg20,2,0.0008972909999975798,0.2760657320649452,,,,,32,500,7
raw,2,3.762499999737656e-05,0.29177164544739287,,,,,32,500,7
poisson_pcg10,2,0.0017377500000002044,0.9590039607324224,,,,,32,500,7
oracle_reused,2,0.0002217090000016242,1.0,,,,,32,500,7
adaptive_rank90,2,0.004496708000001348,0.9999989047636078,25.0,1.0,5.0,0.912621359223301,32,500,7
pcg20,2,0.0009633750000013208,0.34214641745940916,,,,,32,500,7
amg_reused,2,0.0005515410000000998,0.9688430615656961,,,,,32,500,7
oracle,2,0.0033017500000021016,1.0,,,,,32,500,7
poisson_pcg20,2,0.0024108330000025546,0.9999888688219726,,,,,32,500,7
poisson,2,0.00015975000000167938,0.3717473937844217,,,,,32,500,7
pcg5,2,0.0004051670000002616,0.26791407758744007,,,,,32,500,7
poisson_pcg5,2,0.0007200000000011642,0.3341212851369716,,,,,32,500,7
pcg40,2,0.0023630830000023195,0.5454611168728989,,,,,32,500,7
pcg10,2,0.0009237500000018883,0.3432630333130677,,,,,32,500,7
amg,2,0.011536749999997653,0.9688430615656961,,,,,32,500,7
jacobi20,0,0.0003961250000017458,0.5765944071418353,,,,,32,500,8
poisson_pcg80,0,0.00596566600000159,1.0,,,,,32,500,8
pcg5,0,0.00040258399999970607,0.45520446275302195,,,,,32,500,8
pcg10,0,0.0006984170000023937,0.5891231850368357,,,,,32,500,8
pcg40,0,0.0017332500000009077,0.8197458716293541,,,,,32,500,8
oracle_reused,0,0.0001903329999990433,1.0,,,,,32,500,8
poisson_pcg5,0,0.0009824170000030108,0.5634656073421072,,,,,32,500,8
oracle,0,0.003088167000001363,1.0,,,,,32,500,8
pcg80,0,0.0032952919999971186,0.995186234890208,,,,,32,500,8
adaptive_rank90,0,0.005897208000000376,0.999999921768829,25.0,1.0,5.0,0.9902912621359223,32,500,8
poisson_pcg10,0,0.0012255840000001683,0.9584809630033617,,,,,32,500,8
raw,0,2.2832999999167214e-05,0.2282722981188756,,,,,32,500,8
pcg20,0,0.0009217499999998324,0.727885064998927,,,,,32,500,8
poisson_pcg40,0,0.004532832999998959,1.0,,,,,32,500,8
poisson_pcg20,0,0.002537832999998102,0.9999831802982618,,,,,32,500,8
amg_reused,0,0.0006664579999977605,0.97014603524426,,,,,32,500,8
poisson,0,0.00016262499999797342,0.28628382939346253,,,,,32,500,8
amg,0,0.010576042000000285,0.97014603524426,,,,,32,500,8
cg20,0,0.0009366250000013565,0.24028388974322296,,,,,32,500,8
pcg5,1,0.0003627500000007444,0.45520446275302195,,,,,32,500,8
cg20,1,0.0008348749999989025,0.24028388974322296,,,,,32,500,8
poisson_pcg5,1,0.0007777910000008603,0.5634656073421072,,,,,32,500,8
poisson_pcg20,1,0.0031773330000000044,0.9999831802982618,,,,,32,500,8
adaptive_rank90,1,0.004605042000001447,0.999999921768829,25.0,1.0,5.0,0.9902912621359223,32,500,8
poisson,1,0.00013875000000140858,0.28628382939346253,,,,,32,500,8
raw,1,3.058299999736391e-05,0.2282722981188756,,,,,32,500,8
amg,1,0.010444041999999598,0.97014603524426,,,,,32,500,8
pcg40,1,0.0017450829999994255,0.8197458716293541,,,,,32,500,8
oracle_reused,1,0.00021299999999868646,1.0,,,,,32,500,8
jacobi20,1,0.00043370799999919996,0.5765944071418353,,,,,32,500,8
amg_reused,1,0.0005636250000016219,0.97014603524426,,,,,32,500,8
pcg80,1,0.0037997499999988804,0.995186234890208,,,,,32,500,8
oracle,1,0.0030481669999993244,1.0,,,,,32,500,8
poisson_pcg40,1,0.004671500000000606,1.0,,,,,32,500,8
poisson_pcg10,1,0.0013687919999973985,0.9584809630033617,,,,,32,500,8
pcg10,1,0.0007837920000000054,0.5891231850368357,,,,,32,500,8
pcg20,1,0.0009941670000017666,0.727885064998927,,,,,32,500,8
poisson_pcg80,1,0.005877832999999555,1.0,,,,,32,500,8
pcg40,2,0.001642041000000205,0.8197458716293541,,,,,32,500,8
oracle,2,0.0027908330000023795,1.0,,,,,32,500,8
pcg10,2,0.0006515419999999494,0.5891231850368357,,,,,32,500,8
raw,2,0.00020929200000097126,0.2282722981188756,,,,,32,500,8
pcg5,2,0.00037154199999989146,0.45520446275302195,,,,,32,500,8
poisson_pcg80,2,0.0058567079999996,1.0,,,,,32,500,8
oracle_reused,2,0.00025300000000072487,1.0,,,,,32,500,8
poisson,2,0.00012004199999893217,0.28628382939346253,,,,,32,500,8
jacobi20,2,0.00040350000000088926,0.5765944071418353,,,,,32,500,8
amg_reused,2,0.0005536249999984477,0.97014603524426,,,,,32,500,8
pcg20,2,0.0009219159999993565,0.727885064998927,,,,,32,500,8
amg,2,0.00975158399999998,0.97014603524426,,,,,32,500,8
cg20,2,0.0009236249999986512,0.24028388974322296,,,,,32,500,8
poisson_pcg10,2,0.0012335419999978114,0.9584809630033617,,,,,32,500,8
poisson_pcg5,2,0.0006911659999992992,0.5634656073421072,,,,,32,500,8
poisson_pcg20,2,0.002479167000000615,0.9999831802982618,,,,,32,500,8
pcg80,2,0.003306165999998001,0.995186234890208,,,,,32,500,8
adaptive_rank90,2,0.004928083999999444,0.999999921768829,25.0,1.0,5.0,0.9902912621359223,32,500,8
poisson_pcg40,2,0.00427374999999941,1.0,,,,,32,500,8
poisson,0,0.00021470800000145118,0.31917039196051783,,,,,32,500,9
pcg5,0,0.0003797920000003785,0.42685610158429294,,,,,32,500,9
jacobi20,0,0.00047245900000092433,0.5884332755167727,,,,,32,500,9
poisson_pcg20,0,0.002355416000000332,0.9999641589478576,,,,,32,500,9
pcg80,0,0.003314165999999119,0.9420760764609112,,,,,32,500,9
adaptive_rank90,0,0.0038892500000002883,0.9999986141906874,25.0,1.0,5.0,0.9805825242718447,32,500,9
poisson_pcg40,0,0.004815457999999495,1.0,,,,,32,500,9
cg20,0,0.0008579169999975989,0.2532732257170445,,,,,32,500,9
amg_reused,0,0.0005641250000003595,0.9745767358379228,,,,,32,500,9
oracle,0,0.0029447919999974204,1.0,,,,,32,500,9
oracle_reused,0,0.00018283400000029815,1.0,,,,,32,500,9
poisson_pcg10,0,0.001271541000001264,0.9672783487411485,,,,,32,500,9
pcg40,0,0.0017587500000004752,0.6957293045025391,,,,,32,500,9
poisson_pcg5,0,0.0007478340000020012,0.3670568539446391,,,,,32,500,9
pcg10,0,0.0005432079999998507,0.646682953651384,,,,,32,500,9
amg,0,0.010409084000002622,0.9745767358379228,,,,,32,500,9
pcg20,0,0.0009895829999990724,0.7599670870288247,,,,,32,500,9
raw,0,2.3624999997196028e-05,0.25364833300550743,,,,,32,500,9
poisson_pcg80,0,0.0065860829999984105,1.0,,,,,32,500,9
adaptive_rank90,1,0.005962500000002535,0.9999986141906874,25.0,1.0,5.0,0.9805825242718447,32,500,9
amg_reused,1,0.0006063750000002699,0.9745767358379228,,,,,32,500,9
poisson,1,0.00017758300000281224,0.31917039196051783,,,,,32,500,9
poisson_pcg20,1,0.0023216670000003603,0.9999641589478576,,,,,32,500,9
raw,1,5.541599999858704e-05,0.25364833300550743,,,,,32,500,9
pcg80,1,0.003047833000000111,0.9420760764609112,,,,,32,500,9
poisson_pcg10,1,0.0012669169999988128,0.9672783487411485,,,,,32,500,9
oracle,1,0.002736625000000714,1.0,,,,,32,500,9
pcg10,1,0.0005692080000017086,0.646682953651384,,,,,32,500,9
poisson_pcg40,1,0.0044655830000017716,1.0,,,,,32,500,9
poisson_pcg5,1,0.0008978329999997925,0.3670568539446391,,,,,32,500,9
poisson_pcg80,1,0.00689495799999662,1.0,,,,,32,500,9
pcg5,1,0.000370792000001785,0.42685610158429294,,,,,32,500,9
jacobi20,1,0.00039829199999985576,0.5884332755167727,,,,,32,500,9
pcg20,1,0.0008990830000001893,0.7599670870288247,,,,,32,500,9
pcg40,1,0.0017747909999989986,0.6957293045025391,,,,,32,500,9
amg,1,0.010053708999997468,0.9745767358379228,,,,,32,500,9
oracle_reused,1,0.0001774999999994975,1.0,,,,,32,500,9
cg20,1,0.0008980409999992389,0.2532732257170445,,,,,32,500,9
pcg5,2,0.00035549999999773263,0.42685610158429294,,,,,32,500,9
poisson_pcg80,2,0.007001999999999953,1.0,,,,,32,500,9
poisson_pcg40,2,0.004291334000001257,1.0,,,,,32,500,9
pcg40,2,0.0017264590000003466,0.6957293045025391,,,,,32,500,9
amg,2,0.010394708999999835,0.9745767358379228,,,,,32,500,9
poisson_pcg10,2,0.001365041999999761,0.9672783487411485,,,,,32,500,9
raw,2,3.775000000061368e-05,0.25364833300550743,,,,,32,500,9
oracle_reused,2,0.00018958300000093686,1.0,,,,,32,500,9
poisson_pcg20,2,0.002269083000001615,0.9999641589478576,,,,,32,500,9
jacobi20,2,0.0004001249999987522,0.5884332755167727,,,,,32,500,9
poisson_pcg5,2,0.0006518749999990803,0.3670568539446391,,,,,32,500,9
cg20,2,0.0008352500000015084,0.2532732257170445,,,,,32,500,9
pcg80,2,0.0038804170000013016,0.9420760764609112,,,,,32,500,9
poisson,2,0.00020675000000025534,0.31917039196051783,,,,,32,500,9
adaptive_rank90,2,0.0042349159999979236,0.9999986141906874,25.0,1.0,5.0,0.9805825242718447,32,500,9
pcg10,2,0.0005690840000021069,0.646682953651384,,,,,32,500,9
oracle,2,0.0028936250000022312,1.0,,,,,32,500,9
pcg20,2,0.0009427500000001032,0.7599670870288247,,,,,32,500,9
amg_reused,2,0.0007531660000026363,0.9745767358379228,,,,,32,500,9
raw,0,2.1875000001614353e-05,0.4215710383735069,,,,,32,500,10
jacobi20,0,0.00039979199999962134,0.4122614061047135,,,,,32,500,10
poisson_pcg5,0,0.0008749999999970726,0.4162488824118446,,,,,32,500,10
pcg80,0,0.004468875000000594,0.8881109966204133,,,,,32,500,10
amg_reused,0,0.0006062090000007458,0.880549328106001,,,,,32,500,10
oracle,0,0.0027791249999999934,1.0,,,,,32,500,10
cg20,0,0.0009086659999972824,0.41098851789929186,,,,,32,500,10
poisson_pcg40,0,0.004999167000001137,1.0,,,,,32,500,10
pcg40,0,0.0018335839999998882,0.5203771524747872,,,,,32,500,10
pcg20,0,0.000923249999999598,0.4724104700128747,,,,,32,500,10
adaptive_rank90,0,0.004413374999998609,0.9999996982511979,30.0,1.0,6.0,0.941747572815534,32,500,10
poisson,0,0.00016924999999901047,0.4531523697339246,,,,,32,500,10
oracle_reused,0,0.0002113750000027892,1.0,,,,,32,500,10
pcg10,0,0.0007357080000005567,0.41593383431085035,,,,,32,500,10
pcg5,0,0.0003874999999986528,0.37069296053572703,,,,,32,500,10
poisson_pcg20,0,0.002603917000001843,0.9999626278520849,,,,,32,500,10
poisson_pcg80,0,0.00913533299999969,1.0,,,,,32,500,10
poisson_pcg10,0,0.0012789170000004901,0.9921423382626421,,,,,32,500,10
amg,0,0.00986599999999882,0.880549328106001,,,,,32,500,10
poisson,1,0.00016379199999860816,0.4531523697339246,,,,,32,500,10
oracle_reused,1,0.00020574999999922738,1.0,,,,,32,500,10
adaptive_rank90,1,0.005252250000001624,0.9999996982511979,30.0,1.0,6.0,0.941747572815534,32,500,10
pcg10,1,0.000770459000001722,0.41593383431085035,,,,,32,500,10
oracle,1,0.002902208999998379,1.0,,,,,32,500,10
poisson_pcg10,1,0.0016807090000021674,0.9921423382626421,,,,,32,500,10
amg,1,0.009219292000000934,0.880549328106001,,,,,32,500,10
pcg80,1,0.0035131670000012605,0.8881109966204133,,,,,32,500,10
poisson_pcg20,1,0.0026799580000016476,0.9999626278520849,,,,,32,500,10
jacobi20,1,0.0004784999999998263,0.4122614061047135,,,,,32,500,10
poisson_pcg80,1,0.009087000000000955,1.0,,,,,32,500,10
pcg5,1,0.0004853340000003925,0.37069296053572703,,,,,32,500,10
pcg20,1,0.000973000000001889,0.4724104700128747,,,,,32,500,10
poisson_pcg5,1,0.000678125000000307,0.4162488824118446,,,,,32,500,10
poisson_pcg40,1,0.004485583000001014,1.0,,,,,32,500,10
raw,1,3.137499999894544e-05,0.4215710383735069,,,,,32,500,10
cg20,1,0.0012590420000009317,0.41098851789929186,,,,,32,500,10
amg_reused,1,0.0006349580000026833,0.880549328106001,,,,,32,500,10
pcg40,1,0.0018729579999998691,0.5203771524747872,,,,,32,500,10
poisson_pcg10,2,0.001257250000001875,0.9921423382626421,,,,,32,500,10
poisson,2,0.00017658300000178428,0.4531523697339246,,,,,32,500,10
jacobi20,2,0.00047225000000139516,0.4122614061047135,,,,,32,500,10
adaptive_rank90,2,0.004925958000001174,0.9999996982511979,30.0,1.0,6.0,0.941747572815534,32,500,10
poisson_pcg80,2,0.008065542000000647,1.0,,,,,32,500,10
cg20,2,0.0009834580000003257,0.41098851789929186,,,,,32,500,10
pcg40,2,0.0017764580000019237,0.5203771524747872,,,,,32,500,10
oracle,2,0.0028170000000002915,1.0,,,,,32,500,10
pcg5,2,0.0004670830000002013,0.37069296053572703,,,,,32,500,10
poisson_pcg5,2,0.0007129580000011515,0.4162488824118446,,,,,32,500,10
pcg10,2,0.0005479579999985162,0.41593383431085035,,,,,32,500,10
pcg80,2,0.0033683749999973145,0.8881109966204133,,,,,32,500,10
pcg20,2,0.0009967920000022445,0.4724104700128747,,,,,32,500,10
poisson_pcg20,2,0.002241916999999205,0.9999626278520849,,,,,32,500,10
amg_reused,2,0.0005487500000000978,0.880549328106001,,,,,32,500,10
poisson_pcg40,2,0.004502957999999779,1.0,,,,,32,500,10
raw,2,4.3583000000069205e-05,0.4215710383735069,,,,,32,500,10
oracle_reused,2,0.00018075000000195018,1.0,,,,,32,500,10
amg,2,0.009741999999999251,0.880549328106001,,,,,32,500,10
oracle,0,0.0027605830000005938,1.0,,,,,32,500,11
pcg20,0,0.0009570839999994973,0.8887296598955725,,,,,32,500,11
jacobi20,0,0.0005781660000003797,0.6438122384843715,,,,,32,500,11
poisson_pcg5,0,0.0007680000000007681,0.42291635746727696,,,,,32,500,11
amg,0,0.010212291999998513,0.9907604628603103,,,,,32,500,11
pcg5,0,0.00036425000000051,0.5838115902832415,,,,,32,500,11
poisson_pcg80,0,0.008815666000000277,1.0,,,,,32,500,11
poisson_pcg20,0,0.002407333000000733,0.999652977701881,,,,,32,500,11
oracle_reused,0,0.00017891600000297103,1.0,,,,,32,500,11
adaptive_rank90,0,0.0051879170000006525,0.9999995976682639,30.0,1.0,6.0,0.9514563106796117,32,500,11
cg20,0,0.000992082999999866,0.24857145411630066,,,,,32,500,11
amg_reused,0,0.0006072500000016134,0.9907604628603103,,,,,32,500,11
poisson,0,0.00012687500000296836,0.23316997174737142,,,,,32,500,11
pcg80,0,0.0031600840000010066,0.9996479820828265,,,,,32,500,11
poisson_pcg40,0,0.004412916999999794,1.0,,,,,32,500,11
pcg10,0,0.0005555410000006589,0.685088714147772,,,,,32,500,11
raw,0,4.2957999998094465e-05,0.11600956208425718,,,,,32,500,11
pcg40,0,0.0019724579999973457,0.959727900811816,,,,,32,500,11
poisson_pcg10,0,0.0013085000000003788,0.8922469109863385,,,,,32,500,11
pcg20,1,0.000952708999999885,0.8887296598955725,,,,,32,500,11
poisson_pcg5,1,0.0007619159999983083,0.42291635746727696,,,,,32,500,11
poisson_pcg20,1,0.0024477499999981944,0.999652977701881,,,,,32,500,11
raw,1,4.766700000047308e-05,0.11600956208425718,,,,,32,500,11
adaptive_rank90,1,0.005992791999997138,0.9999995976682639,30.0,1.0,6.0,0.9514563106796117,32,500,11
pcg40,1,0.0017379169999998112,0.959727900811816,,,,,32,500,11
pcg80,1,0.003894584000001089,0.9996479820828265,,,,,32,500,11
poisson_pcg40,1,0.004448166999999614,1.0,,,,,32,500,11
poisson_pcg10,1,0.001343875000003436,0.8922469109863385,,,,,32,500,11
oracle,1,0.0026897919999981923,1.0,,,,,32,500,11
amg,1,0.010706083000002309,0.9907604628603103,,,,,32,500,11
poisson,1,0.00019883300000245185,0.23316997174737142,,,,,32,500,11
poisson_pcg80,1,0.009510541999997457,1.0,,,,,32,500,11
jacobi20,1,0.0005464589999988334,0.6438122384843715,,,,,32,500,11
pcg10,1,0.0006155420000020229,0.685088714147772,,,,,32,500,11
cg20,1,0.0008850420000001691,0.24857145411630066,,,,,32,500,11
pcg5,1,0.0003804160000022705,0.5838115902832415,,,,,32,500,11
amg_reused,1,0.0005708750000010809,0.9907604628603103,,,,,32,500,11
oracle_reused,1,0.00018891699999912248,1.0,,,,,32,500,11
pcg10,2,0.0005762500000017212,0.685088714147772,,,,,32,500,11
pcg5,2,0.0004162090000008334,0.5838115902832415,,,,,32,500,11
pcg80,2,0.0033143339999988086,0.9996479820828265,,,,,32,500,11
pcg40,2,0.0016677920000027768,0.959727900811816,,,,,32,500,11
raw,2,2.2582999999798403e-05,0.11600956208425718,,,,,32,500,11
cg20,2,0.0008486249999997142,0.24857145411630066,,,,,32,500,11
oracle,2,0.0028949579999988373,1.0,,,,,32,500,11
poisson_pcg5,2,0.0007583750000001999,0.42291635746727696,,,,,32,500,11
poisson_pcg10,2,0.0012184170000004713,0.8922469109863385,,,,,32,500,11
amg_reused,2,0.0007582500000005155,0.9907604628603103,,,,,32,500,11
oracle_reused,2,0.0001738749999979916,1.0,,,,,32,500,11
pcg20,2,0.0009142500000010045,0.8887296598955725,,,,,32,500,11
poisson,2,0.00013329100000092353,0.23316997174737142,,,,,32,500,11
poisson_pcg80,2,0.010259916999999064,1.0,,,,,32,500,11
poisson_pcg20,2,0.0021895000000000664,0.999652977701881,,,,,32,500,11
poisson_pcg40,2,0.0045328749999988815,1.0,,,,,32,500,11
jacobi20,2,0.0005174579999973616,0.6438122384843715,,,,,32,500,11
amg,2,0.00960658400000014,0.9907604628603103,,,,,32,500,11
adaptive_rank90,2,0.005086666000000406,0.9999995976682639,30.0,1.0,6.0,0.9514563106796117,32,500,11
poisson_pcg20,0,0.002408666999997422,0.9997747501072883,,,,,32,500,12
poisson_pcg5,0,0.0013676660000001561,0.4316914920248909,,,,,32,500,12
pcg10,0,0.0005858749999987367,0.6694419211787425,,,,,32,500,12
oracle_reused,0,0.0002874159999990411,1.0,,,,,32,500,12
pcg40,0,0.002480792000000065,0.8184207585294326,,,,,32,500,12
pcg20,0,0.0010120000000028995,0.7813803219547957,,,,,32,500,12
amg,0,0.010444082999999438,0.8638367360167369,,,,,32,500,12
jacobi20,0,0.0005817090000022063,0.6264126984836564,,,,,32,500,12
pcg80,0,0.0032078750000010814,0.9211616770080823,,,,,32,500,12
adaptive_rank90,0,0.005754875000000936,0.9999999441205921,35.0,1.0,7.0,0.9805825242718447,32,500,12
poisson_pcg40,0,0.005140749999998917,0.9999999888241183,,,,,32,500,12
oracle,0,0.0029035839999984603,1.0,,,,,32,500,12
poisson,0,0.0001226669999994101,0.13904399274014734,,,,,32,500,12
amg_reused,0,0.0007232089999966718,0.8638367360167369,,,,,32,500,12
poisson_pcg10,0,0.001849041999999912,0.9264741546563193,,,,,32,500,12
raw,0,4.412499999872921e-05,-0.09268199923109935,,,,,32,500,12
pcg5,0,0.0003774999999990314,0.5240217750876188,,,,,32,500,12
poisson_pcg80,0,0.008729666000000691,1.0,,,,,32,500,12
cg20,0,0.0010441249999999513,0.04477683999713897,,,,,32,500,12
jacobi20,1,0.0005410419999982707,0.6264126984836564,,,,,32,500,12
amg,1,0.00928783300000191,0.8638367360167369,,,,,32,500,12
pcg40,1,0.0019675000000027865,0.8184207585294326,,,,,32,500,12
pcg5,1,0.00048808399999700214,0.5240217750876188,,,,,32,500,12
pcg80,1,0.0031841670000005706,0.9211616770080823,,,,,32,500,12
raw,1,3.345800000076338e-05,-0.09268199923109935,,,,,32,500,12
poisson_pcg10,1,0.0013917079999998805,0.9264741546563193,,,,,32,500,12
amg_reused,1,0.0005723330000009241,0.8638367360167369,,,,,32,500,12
pcg10,1,0.0006490829999989955,0.6694419211787425,,,,,32,500,12
poisson_pcg5,1,0.0009202500000000668,0.4316914920248909,,,,,32,500,12
poisson,1,0.0001068750000001728,0.13904399274014734,,,,,32,500,12
oracle_reused,1,0.00016312499999671104,1.0,,,,,32,500,12
pcg20,1,0.0009395419999975729,0.7813803219547957,,,,,32,500,12
cg20,1,0.0008649579999975288,0.04477683999713897,,,,,32,500,12
oracle,1,0.0029359160000019813,1.0,,,,,32,500,12
poisson_pcg40,1,0.004819250000000608,0.9999999888241183,,,,,32,500,12
adaptive_rank90,1,0.005415500000001572,0.9999999441205921,35.0,1.0,7.0,0.9805825242718447,32,500,12
poisson_pcg80,1,0.009686082999998291,1.0,,,,,32,500,12
poisson_pcg20,1,0.0022729999999988593,0.9997747501072883,,,,,32,500,12
amg,2,0.008962042000000281,0.8638367360167369,,,,,32,500,12
poisson_pcg80,2,0.008941666999998432,1.0,,,,,32,500,12
poisson_pcg20,2,0.0024620000000012965,0.9997747501072883,,,,,32,500,12
pcg20,2,0.0009453329999971061,0.7813803219547957,,,,,32,500,12
oracle_reused,2,0.00021195800000128884,1.0,,,,,32,500,12
pcg40,2,0.001708541999999369,0.8184207585294326,,,,,32,500,12
cg20,2,0.0008391249999988304,0.04477683999713897,,,,,32,500,12
pcg80,2,0.003143874999999241,0.9211616770080823,,,,,32,500,12
pcg10,2,0.0006136659999995686,0.6694419211787425,,,,,32,500,12
adaptive_rank90,2,0.005886415999999173,0.9999999441205921,35.0,1.0,7.0,0.9805825242718447,32,500,12
raw,2,4.01249999981701e-05,-0.09268199923109935,,,,,32,500,12
poisson_pcg40,2,0.0043929160000004686,0.9999999888241183,,,,,32,500,12
poisson_pcg5,2,0.0007576250000020934,0.4316914920248909,,,,,32,500,12
pcg5,2,0.0005768330000002209,0.5240217750876188,,,,,32,500,12
oracle,2,0.0029771670000009465,1.0,,,,,32,500,12
jacobi20,2,0.0005046250000013686,0.6264126984836564,,,,,32,500,12
poisson,2,0.00016483300000302847,0.13904399274014734,,,,,32,500,12
poisson_pcg10,2,0.0014166250000009484,0.9264741546563193,,,,,32,500,12
amg_reused,2,0.0005631669999992539,0.8638367360167369,,,,,32,500,12
adaptive_rank90,0,0.004894332999999307,0.9999989941706601,30.0,1.0,6.0,0.9223300970873787,32,500,13
amg_reused,0,0.0005844159999988108,0.7163491971246692,,,,,32,500,13
poisson,0,0.00015791699999923026,0.5282663749016522,,,,,32,500,13
poisson_pcg80,0,0.009184292000000482,1.0,,,,,32,500,13
pcg40,0,0.0016689169999999365,0.297888998909234,,,,,32,500,13
pcg20,0,0.0009460000000025559,0.35112924459981404,,,,,32,500,13
pcg80,0,0.003090791999998288,0.9647211841070025,,,,,32,500,13
raw,0,3.9375000000063665e-05,0.4857805347435805,,,,,32,500,13
pcg10,0,0.0005747919999983253,0.43262335938058794,,,,,32,500,13
cg20,0,0.0008883750000023838,0.47271986311780273,,,,,32,500,13
poisson_pcg5,0,0.0006877499999973224,0.47107832728345606,,,,,32,500,13
poisson_pcg20,0,0.002200957999999531,0.9981628527108217,,,,,32,500,13
oracle,0,0.002714041000000833,1.0,,,,,32,500,13
poisson_pcg10,0,0.0012696250000026055,0.5777003388527286,,,,,32,500,13
amg,0,0.010618250000000273,0.7163491971246692,,,,,32,500,13
oracle_reused,0,0.00024349999999984107,1.0,,,,,32,500,13
jacobi20,0,0.00048229200000093897,0.3868974746978041,,,,,32,500,13
poisson_pcg40,0,0.004470874999999097,0.9999999441205921,,,,,32,500,13
pcg5,0,0.0003887920000025247,0.36606207755167725,,,,,32,500,13
pcg10,1,0.0005672919999994974,0.43262335938058794,,,,,32,500,13
pcg5,1,0.00034599999999684883,0.36606207755167725,,,,,32,500,13
amg,1,0.011819208000002135,0.7163491971246692,,,,,32,500,13
cg20,1,0.0009750000000003922,0.47271986311780273,,,,,32,500,13
raw,1,4.237499999959482e-05,0.4857805347435805,,,,,32,500,13
poisson,1,0.00025508400000262554,0.5282663749016522,,,,,32,500,13
amg_reused,1,0.0006018750000009732,0.7163491971246692,,,,,32,500,13
poisson_pcg40,1,0.008120208000001128,0.9999999441205921,,,,,32,500,13
pcg20,1,0.002453792000000732,0.35112924459981404,,,,,32,500,13
poisson_pcg20,1,0.002285709000002356,0.9981628527108217,,,,,32,500,13
oracle,1,0.0028700830000012445,1.0,,,,,32,500,13
adaptive_rank90,1,0.004408084000001367,0.9999989941706601,30.0,1.0,6.0,0.9223300970873787,32,500,13
oracle_reused,1,0.00020362499999748707,1.0,,,,,32,500,13
jacobi20,1,0.00043162500000093473,0.3868974746978041,,,,,32,500,13
poisson_pcg80,1,0.008684291999998095,1.0,,,,,32,500,13
pcg40,1,0.0016223750000001758,0.297888998909234,,,,,32,500,13
pcg80,1,0.003384832999998366,0.9647211841070025,,,,,32,500,13
poisson_pcg5,1,0.0007128750000013895,0.47107832728345606,,,,,32,500,13
poisson_pcg10,1,0.0011904999999998722,0.5777003388527286,,,,,32,500,13
adaptive_rank90,2,0.004510666000001606,0.9999989941706601,30.0,1.0,6.0,0.9223300970873787,32,500,13
poisson_pcg5,2,0.002903374999998931,0.47107832728345606,,,,,32,500,13
pcg10,2,0.0005937910000000102,0.43262335938058794,,,,,32,500,13
poisson_pcg10,2,0.0012187909999994417,0.5777003388527286,,,,,32,500,13
raw,2,3.0750000000523414e-05,0.4857805347435805,,,,,32,500,13
poisson,2,0.000138333999998963,0.5282663749016522,,,,,32,500,13
jacobi20,2,0.000544708999999699,0.3868974746978041,,,,,32,500,13
pcg80,2,0.0030696670000018855,0.9647211841070025,,,,,32,500,13
poisson_pcg80,2,0.009640458999999879,1.0,,,,,32,500,13
pcg40,2,0.0016838749999976699,0.297888998909234,,,,,32,500,13
amg_reused,2,0.0005491659999989906,0.7163491971246692,,,,,32,500,13
oracle_reused,2,0.0002058749999989118,1.0,,,,,32,500,13
oracle,2,0.0030579579999994166,1.0,,,,,32,500,13
pcg20,2,0.000996000000000663,0.35112924459981404,,,,,32,500,13
amg,2,0.011479375000000402,0.7163491971246692,,,,,32,500,13
cg20,2,0.0008918750000006526,0.47271986311780273,,,,,32,500,13
poisson_pcg20,2,0.00223266600000116,0.9981628527108217,,,,,32,500,13
pcg5,2,0.00034491699999961156,0.36606207755167725,,,,,32,500,13
poisson_pcg40,2,0.004519084000001783,0.9999999441205921,,,,,32,500,13
amg_reused,0,0.0006535420000020054,0.9666407646985193,,,,,32,500,14
poisson_pcg20,0,0.0025292919999984065,0.9999785870109433,,,,,32,500,14
cg20,0,0.0008964159999997889,0.36669685644803657,,,,,32,500,14
oracle_reused,0,0.0002295419999995829,1.0,,,,,32,500,14
pcg5,0,0.00048229199999738626,0.623864295740648,,,,,32,500,14
amg,0,0.010585166999998563,0.9666407646985193,,,,,32,500,14
pcg10,0,0.000733540999998894,0.7711502105536083,,,,,32,500,14
oracle,0,0.0029829160000005572,1.0,,,,,32,500,14
adaptive_rank90,0,0.005721875000002541,1.0,35.0,1.0,7.0,0.9320388349514563,32,500,14
poisson_pcg5,0,0.0011109169999983237,0.1933735069022244,,,,,32,500,14
jacobi20,0,0.00035829199999781736,0.7413493088834847,,,,,32,500,14
poisson,0,0.0001034169999982737,0.101855799835491,,,,,32,500,14
poisson_pcg10,0,0.001353000000001714,0.9375458769937773,,,,,32,500,14
pcg40,0,0.0017149169999974845,0.9828935921965523,,,,,32,500,14
pcg20,0,0.0010150000000024306,0.8514387494635577,,,,,32,500,14
poisson_pcg40,0,0.004564667000000355,1.0,,,,,32,500,14
pcg80,0,0.0034037500000003718,0.9999992512159357,,,,,32,500,14
raw,0,2.5208000000276343e-05,0.2570436105249982,,,,,32,500,14
poisson_pcg80,0,0.008193542000000775,1.0,,,,,32,500,14
cg20,1,0.0008740829999993593,0.36669685644803657,,,,,32,500,14
oracle_reused,1,0.0002840830000003791,1.0,,,,,32,500,14
amg_reused,1,0.0006947920000008878,0.9666407646985193,,,,,32,500,14
poisson,1,0.00016912499999932606,0.101855799835491,,,,,32,500,14
pcg80,1,0.003289292000001609,0.9999992512159357,,,,,32,500,14
poisson_pcg5,1,0.0007399579999969319,0.1933735069022244,,,,,32,500,14
poisson_pcg80,1,0.00867770800000045,1.0,,,,,32,500,14
raw,1,2.5875000002173465e-05,0.2570436105249982,,,,,32,500,14
pcg40,1,0.0017012499999999875,0.9828935921965523,,,,,32,500,14
pcg5,1,0.0003490829999996947,0.623864295740648,,,,,32,500,14
poisson_pcg10,1,0.001219042000002446,0.9375458769937773,,,,,32,500,14
pcg20,1,0.0009633749999977681,0.8514387494635577,,,,,32,500,14
jacobi20,1,0.000630666999999363,0.7413493088834847,,,,,32,500,14
amg,1,0.009685999999998529,0.9666407646985193,,,,,32,500,14
poisson_pcg20,1,0.003043957999999236,0.9999785870109433,,,,,32,500,14
oracle,1,0.0027020409999991557,1.0,,,,,32,500,14
pcg10,1,0.0006739590000002238,0.7711502105536083,,,,,32,500,14
adaptive_rank90,1,0.005484917000000422,1.0,35.0,1.0,7.0,0.9320388349514563,32,500,14
poisson_pcg40,1,0.0046624999999984595,1.0,,,,,32,500,14
poisson_pcg20,2,0.002440124999999682,0.9999785870109433,,,,,32,500,14
poisson_pcg10,2,0.0016319580000008216,0.9375458769937773,,,,,32,500,14
jacobi20,2,0.0005139159999991705,0.7413493088834847,,,,,32,500,14
amg,2,0.009748999999999342,0.9666407646985193,,,,,32,500,14
pcg5,2,0.0003825830000003805,0.623864295740648,,,,,32,500,14
cg20,2,0.0008470420000001866,0.36669685644803657,,,,,32,500,14
poisson_pcg5,2,0.001067833000000462,0.1933735069022244,,,,,32,500,14
pcg10,2,0.0005860829999981831,0.7711502105536083,,,,,32,500,14
raw,2,2.958299999988867e-05,0.2570436105249982,,,,,32,500,14
poisson_pcg80,2,0.007773374999999305,1.0,,,,,32,500,14
amg_reused,2,0.0006195409999989465,0.9666407646985193,,,,,32,500,14
oracle_reused,2,0.00023095799999950373,1.0,,,,,32,500,14
pcg20,2,0.000986915999998672,0.8514387494635577,,,,,32,500,14
adaptive_rank90,2,0.005975124999999082,1.0,35.0,1.0,7.0,0.9320388349514563,32,500,14
pcg40,2,0.0016527079999981709,0.9828935921965523,,,,,32,500,14
poisson,2,0.0002556249999976501,0.101855799835491,,,,,32,500,14
poisson_pcg40,2,0.004616792000000203,1.0,,,,,32,500,14
pcg80,2,0.0032573330000005285,0.9999992512159357,,,,,32,500,14
oracle,2,0.002892500000001519,1.0,,,,,32,500,14
poisson,0,0.00015791599999914752,0.44027644660610826,,,,,32,500,15
poisson_pcg5,0,0.0007226250000016421,0.652544781757385,,,,,32,500,15
adaptive_rank90,0,0.004789292000001666,0.9999992400400542,30.0,1.0,6.0,0.970873786407767,32,500,15
poisson_pcg80,0,0.009262958000000765,1.0,,,,,32,500,15
jacobi20,0,0.0004501670000003344,0.4144316170159502,,,,,32,500,15
poisson_pcg10,0,0.0012227500000001612,0.952250699610185,,,,,32,500,15
oracle,0,0.002694749999999857,1.0,,,,,32,500,15
pcg5,0,0.0004135830000002727,0.37086442091052135,,,,,32,500,15
amg_reused,0,0.0006343330000007086,0.8485548020527859,,,,,32,500,15
pcg20,0,0.0009898749999983636,0.5346167790215292,,,,,32,500,15
pcg10,0,0.0005463329999990663,0.4276814739646663,,,,,32,500,15
poisson_pcg20,0,0.0024132090000001938,0.999674256580359,,,,,32,500,15
raw,0,5.662500000269688e-05,0.1061535186145483,,,,,32,500,15
poisson_pcg40,0,0.005312709000001803,0.9999999776482369,,,,,32,500,15
cg20,0,0.0009270000000007883,0.19690396788498676,,,,,32,500,15
amg,0,0.011124292000001645,0.8485548020527859,,,,,32,500,15
pcg40,0,0.0016712499999975705,0.5853993813031971,,,,,32,500,15
pcg80,0,0.0033091670000011675,0.9945007398433588,,,,,32,500,15
oracle_reused,0,0.00018408299999705946,1.0,,,,,32,500,15
adaptive_rank90,1,0.005322250000002526,0.9999992400400542,30.0,1.0,6.0,0.970873786407767,32,500,15
pcg5,1,0.0003925000000002399,0.37086442091052135,,,,,32,500,15
poisson_pcg20,1,0.00229454199999779,0.999674256580359,,,,,32,500,15
pcg10,1,0.0005740420000002189,0.4276814739646663,,,,,32,500,15
jacobi20,1,0.0005076670000008221,0.4144316170159502,,,,,32,500,15
oracle,1,0.002753459000000902,1.0,,,,,32,500,15
poisson_pcg5,1,0.0009403329999990717,0.652544781757385,,,,,32,500,15
pcg20,1,0.0009207919999987269,0.5346167790215292,,,,,32,500,15
oracle_reused,1,0.00018358299999832184,1.0,,,,,32,500,15
poisson,1,0.00020241699999701268,0.44027644660610826,,,,,32,500,15
poisson_pcg40,1,0.005466124999998101,0.9999999776482369,,,,,32,500,15
poisson_pcg10,1,0.0011128330000005349,0.952250699610185,,,,,32,500,15
raw,1,2.7375000001939043e-05,0.1061535186145483,,,,,32,500,15
cg20,1,0.0008119170000000508,0.19690396788498676,,,,,32,500,15
poisson_pcg80,1,0.011196959000002948,1.0,,,,,32,500,15
pcg80,1,0.0035032089999980087,0.9945007398433588,,,,,32,500,15
amg_reused,1,0.0008223749999984875,0.8485548020527859,,,,,32,500,15
pcg40,1,0.0017710000000015214,0.5853993813031971,,,,,32,500,15
amg,1,0.010895624999999853,0.8485548020527859,,,,,32,500,15
poisson,2,0.0001146249999983695,0.44027644660610826,,,,,32,500,15
jacobi20,2,0.0003601250000002665,0.4144316170159502,,,,,32,500,15
adaptive_rank90,2,0.0041325000000007606,0.9999992400400542,30.0,1.0,6.0,0.970873786407767,32,500,15
amg_reused,2,0.0005329589999973905,0.8485548020527859,,,,,32,500,15
pcg20,2,0.001125708000000003,0.5346167790215292,,,,,32,500,15
oracle_reused,2,0.00019683300000039594,1.0,,,,,32,500,15
amg,2,0.01133645899999891,0.8485548020527859,,,,,32,500,15
pcg80,2,0.003253457999999654,0.9945007398433588,,,,,32,500,15
pcg40,2,0.0017082500000000778,0.5853993813031971,,,,,32,500,15
poisson_pcg20,2,0.002519667000001391,0.999674256580359,,,,,32,500,15
cg20,2,0.0009706250000007799,0.19690396788498676,,,,,32,500,15
poisson_pcg40,2,0.004454124999998754,0.9999999776482369,,,,,32,500,15
raw,2,2.4375000002407887e-05,0.1061535186145483,,,,,32,500,15
pcg10,2,0.0005521249999986821,0.4276814739646663,,,,,32,500,15
poisson_pcg5,2,0.0007710000000002992,0.652544781757385,,,,,32,500,15
pcg5,2,0.0003626670000009824,0.37086442091052135,,,,,32,500,15
poisson_pcg10,2,0.0017717499999996278,0.952250699610185,,,,,32,500,15
poisson_pcg80,2,0.008045999999996667,1.0,,,,,32,500,15
oracle,2,0.002645208000000565,1.0,,,,,32,500,15
poisson,0,0.0001772500000001287,0.4759166569809026,,,,,32,500,16
pcg5,0,0.00037458299999926226,0.4602715850976325,,,,,32,500,16
poisson_pcg80,0,0.009591791000001848,1.0,,,,,32,500,16
pcg80,0,0.0030384169999990718,0.9905938528181102,,,,,32,500,16
raw,0,3.9125000000694854e-05,0.23575342205493166,,,,,32,500,16
amg,0,0.010412792000000337,0.6618107945604749,,,,,32,500,16
adaptive_rank90,0,0.00612704199999925,0.9999999888241183,40.0,1.0,8.0,0.9902912621359223,32,500,16
pcg20,0,0.0013524999999994236,0.5175105500321865,,,,,32,500,16
jacobi20,0,0.0004886669999990545,0.45780492275230666,,,,,32,500,16
cg20,0,0.0008858749999980375,0.34173711197339246,,,,,32,500,16
poisson_pcg5,0,0.0007153329999987079,0.5692422305271438,,,,,32,500,16
oracle_reused,0,0.00023741699999746402,1.0,,,,,32,500,16
poisson_pcg10,0,0.0012726659999984236,0.9414425604391673,,,,,32,500,16
pcg40,0,0.0016977079999982436,0.7033119613225091,,,,,32,500,16
pcg10,0,0.0005881660000000011,0.46926965614047633,,,,,32,500,16
oracle,0,0.003422249999999849,1.0,,,,,32,500,16
poisson_pcg20,0,0.0023464169999982687,0.9998958743115657,,,,,32,500,16
poisson_pcg40,0,0.0047144160000023305,0.9999999888241183,,,,,32,500,16
amg_reused,0,0.0006282089999984919,0.6618107945604749,,,,,32,500,16
poisson_pcg40,1,0.004358207999999308,0.9999999888241183,,,,,32,500,16
amg,1,0.010127125000000348,0.6618107945604749,,,,,32,500,16
pcg20,1,0.0011461659999980611,0.5175105500321865,,,,,32,500,16
poisson_pcg80,1,0.009544707999999957,1.0,,,,,32,500,16
cg20,1,0.0008583749999999668,0.34173711197339246,,,,,32,500,16
amg_reused,1,0.0005443329999970103,0.6618107945604749,,,,,32,500,16
pcg10,1,0.0007694579999970586,0.46926965614047633,,,,,32,500,16
pcg40,1,0.0014927080000006754,0.7033119613225091,,,,,32,500,16
oracle_reused,1,0.00014379199999936532,1.0,,,,,32,500,16
pcg80,1,0.002793333000003173,0.9905938528181102,,,,,32,500,16
poisson_pcg5,1,0.000956583000000677,0.5692422305271438,,,,,32,500,16
poisson,1,0.0001944579999992868,0.4759166569809026,,,,,32,500,16
oracle,1,0.0028299159999995993,1.0,,,,,32,500,16
adaptive_rank90,1,0.006816000000000599,0.9999999888241183,40.0,1.0,8.0,0.9902912621359223,32,500,16
raw,1,2.487500000114551e-05,0.23575342205493166,,,,,32,500,16
poisson_pcg20,1,0.0024634580000011397,0.9998958743115657,,,,,32,500,16
pcg5,1,0.0004063329999972609,0.4602715850976325,,,,,32,500,16
poisson_pcg10,1,0.0012587079999981654,0.9414425604391673,,,,,32,500,16
jacobi20,1,0.00040966699999955836,0.45780492275230666,,,,,32,500,16
poisson_pcg20,2,0.00203066599999957,0.9998958743115657,,,,,32,500,16
pcg40,2,0.0017753330000012113,0.7033119613225091,,,,,32,500,16
adaptive_rank90,2,0.005786458999999411,0.9999999888241183,40.0,1.0,8.0,0.9902912621359223,32,500,16
amg,2,0.010340166999998956,0.6618107945604749,,,,,32,500,16
jacobi20,2,0.0005633339999988607,0.45780492275230666,,,,,32,500,16
cg20,2,0.0008850420000001691,0.34173711197339246,,,,,32,500,16
oracle_reused,2,0.00018466599999911182,1.0,,,,,32,500,16
poisson,2,0.00017049999999940724,0.4759166569809026,,,,,32,500,16
pcg5,2,0.00037862499999974375,0.4602715850976325,,,,,32,500,16
pcg80,2,0.003969459000000342,0.9905938528181102,,,,,32,500,16
amg_reused,2,0.0006093339999999614,0.6618107945604749,,,,,32,500,16
pcg10,2,0.0005848329999977864,0.46926965614047633,,,,,32,500,16
raw,2,6.08750000026248e-05,0.23575342205493166,,,,,32,500,16
poisson_pcg5,2,0.0009066250000024922,0.5692422305271438,,,,,32,500,16
poisson_pcg40,2,0.0048669580000009205,0.9999999888241183,,,,,32,500,16
oracle,2,0.002697125000000966,1.0,,,,,32,500,16
poisson_pcg80,2,0.009439749999998526,1.0,,,,,32,500,16
poisson_pcg10,2,0.001244540999998378,0.9414425604391673,,,,,32,500,16
pcg20,2,0.0009096670000019458,0.5175105500321865,,,,,32,500,16
poisson_pcg20,0,0.002363082999998767,0.9999920874758599,,,,,32,500,17
adaptive_rank90,0,0.004062957999998673,0.9999997541306056,25.0,1.0,5.0,1.0,32,500,17
oracle,0,0.0029227089999999123,1.0,,,,,32,500,17
pcg20,0,0.0009723329999999919,0.547490511676561,,,,,32,500,17
oracle_reused,0,0.00017637500000233786,1.0,,,,,32,500,17
amg,0,0.010237541000002182,0.9544447039732493,,,,,32,500,17
jacobi20,0,0.0004920420000011916,0.3624576098812674,,,,,32,500,17
pcg40,0,0.0016183329999996943,0.7795638835741363,,,,,32,500,17
pcg80,0,0.003272958000000159,0.9777469758064515,,,,,32,500,17
raw,0,2.4374999998855174e-05,0.24713298404978185,,,,,32,500,17
poisson_pcg5,0,0.0009512080000000367,0.7630455394821543,,,,,32,500,17
poisson,0,0.00021637500000082355,0.6976274162255919,,,,,32,500,17
poisson_pcg40,0,0.0047729160000002935,1.0,,,,,32,500,17
pcg5,0,0.0003774999999990314,0.31233827381803875,,,,,32,500,17
amg_reused,0,0.0008640829999997379,0.9544447039732493,,,,,32,500,17
poisson_pcg10,0,0.00206983400000027,0.98487518775481,,,,,32,500,17
cg20,0,0.0015267080000000988,0.23138226655818608,,,,,32,500,17
poisson_pcg80,0,0.007327457999998899,1.0,,,,,32,500,17
pcg10,0,0.0005862500000013426,0.4487359407410056,,,,,32,500,17
poisson_pcg10,1,0.0017764999999982933,0.98487518775481,,,,,32,500,17
pcg40,1,0.0017352089999995712,0.7795638835741363,,,,,32,500,17
poisson_pcg5,1,0.0008029160000013746,0.7630455394821543,,,,,32,500,17
poisson_pcg40,1,0.0045874169999997605,1.0,,,,,32,500,17
jacobi20,1,0.0004065420000003428,0.3624576098812674,,,,,32,500,17
poisson_pcg20,1,0.0033753749999974048,0.9999920874758599,,,,,32,500,17
oracle,1,0.0027488749999982076,1.0,,,,,32,500,17
adaptive_rank90,1,0.004449582999999535,0.9999997541306056,25.0,1.0,5.0,1.0,32,500,17
pcg10,1,0.0005775409999984049,0.4487359407410056,,,,,32,500,17
pcg80,1,0.0035589999999992017,0.9777469758064515,,,,,32,500,17
poisson,1,0.00016725000000050727,0.6976274162255919,,,,,32,500,17
pcg5,1,0.0003679579999982252,0.31233827381803875,,,,,32,500,17
poisson_pcg80,1,0.006713707999999485,1.0,,,,,32,500,17
pcg20,1,0.0009593750000007617,0.547490511676561,,,,,32,500,17
amg,1,0.01023470900000234,0.9544447039732493,,,,,32,500,17
cg20,1,0.0008577499999979921,0.23138226655818608,,,,,32,500,17
raw,1,3.116699999949901e-05,0.24713298404978185,,,,,32,500,17
amg_reused,1,0.0006104590000006738,0.9544447039732493,,,,,32,500,17
oracle_reused,1,0.00019574999999960596,1.0,,,,,32,500,17
poisson_pcg40,2,0.004834833000000316,1.0,,,,,32,500,17
poisson_pcg20,2,0.002263082999999,0.9999920874758599,,,,,32,500,17
pcg40,2,0.0018790000000024065,0.7795638835741363,,,,,32,500,17
poisson_pcg5,2,0.0007763340000010999,0.7630455394821543,,,,,32,500,17
oracle,2,0.0026119590000028836,1.0,,,,,32,500,17
poisson,2,0.0002101249999988397,0.6976274162255919,,,,,32,500,17
amg_reused,2,0.0005734579999980838,0.9544447039732493,,,,,32,500,17
pcg80,2,0.003502250000000373,0.9777469758064515,,,,,32,500,17
amg,2,0.00973691599999782,0.9544447039732493,,,,,32,500,17
pcg5,2,0.0003759169999995038,0.31233827381803875,,,,,32,500,17
raw,2,3.7249999998323347e-05,0.24713298404978185,,,,,32,500,17
adaptive_rank90,2,0.004103125000000318,0.9999997541306056,25.0,1.0,5.0,1.0,32,500,17
pcg20,2,0.0009412500000003376,0.547490511676561,,,,,32,500,17
poisson_pcg80,2,0.006817334000000841,1.0,,,,,32,500,17
poisson_pcg10,2,0.0013286669999992284,0.98487518775481,,,,,32,500,17
pcg10,2,0.0006458330000000956,0.4487359407410056,,,,,32,500,17
jacobi20,2,0.00043291599999761843,0.3624576098812674,,,,,32,500,17
cg20,2,0.0008792920000004756,0.23138226655818608,,,,,32,500,17
oracle_reused,2,0.00016641599999900336,1.0,,,,,32,500,17
pcg20,0,0.0011064589999989494,0.7876702086760603,,,,,32,500,18
pcg10,0,0.0005800829999991208,0.587600851155139,,,,,32,500,18
poisson,0,0.00013291700000195306,0.2876257510192403,,,,,32,500,18
adaptive_rank90,0,0.003104291999999731,0.9999985806630426,20.0,1.0,4.0,0.912621359223301,32,500,18
oracle,0,0.0028110420000011516,1.0,,,,,32,500,18
pcg5,0,0.0003695000000014659,0.40267860176310705,,,,,32,500,18
poisson_pcg10,0,0.0012259170000028519,0.8950207871396895,,,,,32,500,18
pcg40,0,0.0018103749999980323,0.9741965882268793,,,,,32,500,18
amg,0,0.012174500000000421,0.9685283599170302,,,,,32,500,18
pcg80,0,0.0032740830000008714,0.9998778140869752,,,,,32,500,18
poisson_pcg20,0,0.00292808300000047,0.9999985806630426,,,,,32,500,18
oracle_reused,0,0.00019354200000165633,1.0,,,,,32,500,18
jacobi20,0,0.0005442920000007234,0.5559703012123596,,,,,32,500,18
poisson_pcg5,0,0.0007584160000000395,0.5354796576603962,,,,,32,500,18
poisson_pcg40,0,0.0047701250000002915,1.0,,,,,32,500,18
raw,0,4.062500000046043e-05,0.1578384280452042,,,,,32,500,18
poisson_pcg80,0,0.006219208000000975,1.0,,,,,32,500,18
amg_reused,0,0.0006794170000006261,0.9685283599170302,,,,,32,500,18
cg20,0,0.0009682499999996708,0.19448672528789068,,,,,32,500,18
pcg20,1,0.0011378330000013648,0.7876702086760603,,,,,32,500,18
poisson,1,0.0001564999999992267,0.2876257510192403,,,,,32,500,18
amg_reused,1,0.0006048340000006647,0.9685283599170302,,,,,32,500,18
amg,1,0.01346445899999793,0.9685283599170302,,,,,32,500,18
oracle_reused,1,0.0002768750000008424,1.0,,,,,32,500,18
raw,1,5.345800000000622e-05,0.1578384280452042,,,,,32,500,18
pcg5,1,0.00044358400000277243,0.40267860176310705,,,,,32,500,18
poisson_pcg40,1,0.0057890419999999665,1.0,,,,,32,500,18
poisson_pcg5,1,0.0013474579999979142,0.5354796576603962,,,,,32,500,18
poisson_pcg80,1,0.0058520830000006185,1.0,,,,,32,500,18
pcg40,1,0.0017115829999987398,0.9741965882268793,,,,,32,500,18
pcg10,1,0.0007437080000016749,0.587600851155139,,,,,32,500,18
jacobi20,1,0.0005383340000015835,0.5559703012123596,,,,,32,500,18
oracle,1,0.003446332999999413,1.0,,,,,32,500,18
poisson_pcg20,1,0.0030912499999971033,0.9999985806630426,,,,,32,500,18
adaptive_rank90,1,0.004234457999999108,0.9999985806630426,20.0,1.0,4.0,0.912621359223301,32,500,18
cg20,1,0.001044083000000029,0.19448672528789068,,,,,32,500,18
pcg80,1,0.003411458000002199,0.9998778140869752,,,,,32,500,18
poisson_pcg10,1,0.002299167000000324,0.8950207871396895,,,,,32,500,18
oracle,2,0.004493417000002609,1.0,,,,,32,500,18
amg_reused,2,0.0008748330000010185,0.9685283599170302,,,,,32,500,18
amg,2,0.012333833999999655,0.9685283599170302,,,,,32,500,18
poisson,2,0.00013462500000116506,0.2876257510192403,,,,,32,500,18
pcg20,2,0.0009531250000023306,0.7876702086760603,,,,,32,500,18
pcg5,2,0.00037133400000044503,0.40267860176310705,,,,,32,500,18
adaptive_rank90,2,0.003821209000001602,0.9999985806630426,20.0,1.0,4.0,0.912621359223301,32,500,18
pcg10,2,0.0005994160000000193,0.587600851155139,,,,,32,500,18
jacobi20,2,0.00042412499999855413,0.5559703012123596,,,,,32,500,18
poisson_pcg40,2,0.004744875000000093,1.0,,,,,32,500,18
raw,2,3.2166999996974255e-05,0.1578384280452042,,,,,32,500,18
poisson_pcg80,2,0.0055116670000003865,1.0,,,,,32,500,18
poisson_pcg20,2,0.0022157910000011327,0.9999985806630426,,,,,32,500,18
cg20,2,0.000866458000000847,0.19448672528789068,,,,,32,500,18
pcg80,2,0.0032982920000002025,0.9998778140869752,,,,,32,500,18
oracle_reused,2,0.00021020799999860174,1.0,,,,,32,500,18
poisson_pcg10,2,0.0013460830000013857,0.8950207871396895,,,,,32,500,18
pcg40,2,0.0017897920000002898,0.9741965882268793,,,,,32,500,18
poisson_pcg5,2,0.0008637080000006847,0.5354796576603962,,,,,32,500,18
amg,0,0.00926520800000219,0.8235842840283241,,,,,32,500,19
oracle_reused,0,0.00016270800000128816,1.0,,,,,32,500,19
raw,0,4.633300000023155e-05,0.3047213070416994,,,,,32,500,19
jacobi20,0,0.0004800829999993539,0.39240852540948423,,,,,32,500,19
pcg80,0,0.0034629580000000715,0.9070857324225734,,,,,32,500,19
poisson,0,0.00017829199999752632,0.35318509271511334,,,,,32,500,19
pcg40,0,0.0017597090000016635,0.10468679591946212,,,,,32,500,19
poisson_pcg5,0,0.0007019580000005021,0.3247594056219154,,,,,32,500,19
pcg20,0,0.000932583000000875,0.41250746548887773,,,,,32,500,19
oracle,0,0.003221249999999287,1.0,,,,,32,500,19
pcg5,0,0.00044870800000040845,0.3391633846827838,,,,,32,500,19
poisson_pcg20,0,0.0025878339999998445,0.999980699252557,,,,,32,500,19
poisson_pcg40,0,0.004737999999999687,1.0,,,,,32,500,19
adaptive_rank90,0,0.004052458000000314,0.999999519437093,25.0,1.0,5.0,0.9611650485436893,32,500,19
poisson_pcg80,0,0.009415708000002354,1.0,,,,,32,500,19
pcg10,0,0.0006806659999973874,0.4000234805271439,,,,,32,500,19
cg20,0,0.001093457999999714,0.27523383296974463,,,,,32,500,19
poisson_pcg10,0,0.001817040999998909,0.9762178246370073,,,,,32,500,19
amg_reused,0,0.0007908749999998577,0.8235842840283241,,,,,32,500,19
adaptive_rank90,1,0.004738500000001977,0.999999519437093,25.0,1.0,5.0,0.9611650485436893,32,500,19
poisson_pcg40,1,0.006077417000000196,1.0,,,,,32,500,19
amg_reused,1,0.0007509579999975813,0.8235842840283241,,,,,32,500,19
poisson_pcg20,1,0.0031237080000003914,0.999980699252557,,,,,32,500,19
poisson_pcg80,1,0.010003499999999832,1.0,,,,,32,500,19
pcg80,1,0.0032019999999981508,0.9070857324225734,,,,,32,500,19
oracle_reused,1,0.00014170800000101735,1.0,,,,,32,500,19
pcg20,1,0.0008632919999982391,0.41250746548887773,,,,,32,500,19
oracle,1,0.003130208000001744,1.0,,,,,32,500,19
raw,1,3.658400000006168e-05,0.3047213070416994,,,,,32,500,19
pcg10,1,0.0005575830000026372,0.4000234805271439,,,,,32,500,19
jacobi20,1,0.00039800000000056457,0.39240852540948423,,,,,32,500,19
poisson_pcg5,1,0.0006978330000002586,0.3247594056219154,,,,,32,500,19
pcg5,1,0.0005162080000005176,0.3391633846827838,,,,,32,500,19
amg,1,0.010322333000001294,0.8235842840283241,,,,,32,500,19
cg20,1,0.0010217919999995217,0.27523383296974463,,,,,32,500,19
pcg40,1,0.002715500000000759,0.10468679591946212,,,,,32,500,19
poisson,1,0.00018608299999911537,0.35318509271511334,,,,,32,500,19
poisson_pcg10,1,0.0013133750000022815,0.9762178246370073,,,,,32,500,19
pcg5,2,0.00037316699999934144,0.3391633846827838,,,,,32,500,19
poisson_pcg40,2,0.004950875000002242,1.0,,,,,32,500,19
oracle,2,0.0035707499999979575,1.0,,,,,32,500,19
pcg20,2,0.0012577080000006902,0.41250746548887773,,,,,32,500,19
amg,2,0.010619375000000986,0.8235842840283241,,,,,32,500,19
raw,2,2.55839999994123e-05,0.3047213070416994,,,,,32,500,19
poisson_pcg10,2,0.0012305419999982803,0.9762178246370073,,,,,32,500,19
pcg80,2,0.003232125000000252,0.9070857324225734,,,,,32,500,19
oracle_reused,2,0.00019645899999787275,1.0,,,,,32,500,19
poisson_pcg20,2,0.0023117910000003405,0.999980699252557,,,,,32,500,19
adaptive_rank90,2,0.004099749999998181,0.999999519437093,25.0,1.0,5.0,0.9611650485436893,32,500,19
pcg40,2,0.0017830830000029607,0.10468679591946212,,,,,32,500,19
pcg10,2,0.0005537090000018452,0.4000234805271439,,,,,32,500,19
poisson_pcg80,2,0.008116416000000015,1.0,,,,,32,500,19
poisson,2,0.00011954200000019455,0.35318509271511334,,,,,32,500,19
jacobi20,2,0.0005016669999982071,0.39240852540948423,,,,,32,500,19
cg20,2,0.0012852499999986833,0.27523383296974463,,,,,32,500,19
poisson_pcg5,2,0.0007688749999985589,0.3247594056219154,,,,,32,500,19
amg_reused,2,0.0006133750000003602,0.8235842840283241,,,,,32,500,19
pcg5,0,0.0013451250000002801,0.35793580350118015,,,,,32,500,20
pcg80,0,0.004176917000002334,0.947942866658322,,,,,32,500,20
poisson,0,0.00017479200000281025,0.37087365218868457,,,,,32,500,20
cg20,0,0.0008725419999997541,0.28052122076389385,,,,,32,500,20
poisson_pcg40,0,0.007232250000001272,1.0,,,,,32,500,20
jacobi20,0,0.0006043750000017667,0.5272738113332379,,,,,32,500,20
amg_reused,0,0.0018478749999992772,0.8641693079000072,,,,,32,500,20
pcg10,0,0.0006027920000022391,0.6081959780237464,,,,,32,500,20
poisson_pcg5,0,0.0009735830000003887,0.37284497711179454,,,,,32,500,20
poisson_pcg10,0,0.0013195000000010282,0.9433111119555111,,,,,32,500,20
poisson_pcg80,0,0.00979045799999767,1.0,,,,,32,500,20
pcg40,0,0.0019600420000003282,0.7702604874472498,,,,,32,500,20
oracle_reused,0,0.000253750000002384,1.0,,,,,32,500,20
oracle,0,0.0028843750000007162,1.0,,,,,32,500,20
adaptive_rank90,0,0.006284957999998397,0.9999998994170659,30.0,1.0,6.0,0.9902912621359223,32,500,20
poisson_pcg20,0,0.0028673750000010045,0.9999868236356483,,,,,32,500,20
pcg20,0,0.0012871250000010548,0.7077743902439023,,,,,32,500,20
raw,0,5.01669999977139e-05,0.25713368813031967,,,,,32,500,20
amg,0,0.012759583000001129,0.8641693079000072,,,,,32,500,20
adaptive_rank90,1,0.005398707999997754,0.9999998994170659,30.0,1.0,6.0,0.9902912621359223,32,500,20
oracle_reused,1,0.00017812500000147224,1.0,,,,,32,500,20
raw,1,7.075000000256182e-05,0.25713368813031967,,,,,32,500,20
poisson_pcg40,1,0.005396958000002172,1.0,,,,,32,500,20
cg20,1,0.001117833000002122,0.28052122076389385,,,,,32,500,20
poisson_pcg5,1,0.0013870830000008993,0.37284497711179454,,,,,32,500,20
jacobi20,1,0.0003820839999981729,0.5272738113332379,,,,,32,500,20
pcg10,1,0.0006895419999999319,0.6081959780237464,,,,,32,500,20
poisson_pcg80,1,0.008291166999999433,1.0,,,,,32,500,20
pcg80,1,0.003976291999997272,0.947942866658322,,,,,32,500,20
poisson,1,0.00020441599999898585,0.37087365218868457,,,,,32,500,20
poisson_pcg20,1,0.0019190410000007319,0.9999868236356483,,,,,32,500,20
poisson_pcg10,1,0.0010667079999997497,0.9433111119555111,,,,,32,500,20
pcg20,1,0.0008072080000012249,0.7077743902439023,,,,,32,500,20
amg_reused,1,0.00046779099999838536,0.8641693079000072,,,,,32,500,20
oracle,1,0.002753000000002004,1.0,,,,,32,500,20
pcg40,1,0.0018868330000003652,0.7702604874472498,,,,,32,500,20
amg,1,0.011123041000001166,0.8641693079000072,,,,,32,500,20
pcg5,1,0.00038233300000101167,0.35793580350118015,,,,,32,500,20
jacobi20,2,0.0004941249999994568,0.5272738113332379,,,,,32,500,20
oracle_reused,2,0.0001975410000021327,1.0,,,,,32,500,20
amg_reused,2,0.0006679170000012391,0.8641693079000072,,,,,32,500,20
poisson_pcg40,2,0.004628540999998876,1.0,,,,,32,500,20
poisson_pcg80,2,0.010725917000002028,1.0,,,,,32,500,20
oracle,2,0.0027012500000012096,1.0,,,,,32,500,20
poisson,2,0.00018975000000054365,0.37087365218868457,,,,,32,500,20
pcg80,2,0.0033351669999994726,0.947942866658322,,,,,32,500,20
poisson_pcg5,2,0.0007868339999994589,0.37284497711179454,,,,,32,500,20
poisson_pcg20,2,0.0025873750000009466,0.9999868236356483,,,,,32,500,20
pcg5,2,0.0003491669999995395,0.35793580350118015,,,,,32,500,20
cg20,2,0.0009924580000024719,0.28052122076389385,,,,,32,500,20
adaptive_rank90,2,0.005088790999998594,0.9999998994170659,30.0,1.0,6.0,0.9902912621359223,32,500,20
pcg20,2,0.001045833999999246,0.7077743902439023,,,,,32,500,20
pcg10,2,0.000602208000000104,0.6081959780237464,,,,,32,500,20
amg,2,0.01102979199999865,0.8641693079000072,,,,,32,500,20
poisson_pcg10,2,0.0013280410000007237,0.9433111119555111,,,,,32,500,20
raw,2,4.612500000078512e-05,0.25713368813031967,,,,,32,500,20
pcg40,2,0.0018373340000010785,0.7702604874472498,,,,,32,500,20
raw,0,2.4792000001383485e-05,-0.06123499079107359,,,,,32,500,21
poisson_pcg20,0,0.002579665999999037,0.9998595526965165,,,,,32,500,21
pcg5,0,0.0004274170000009292,0.599594181389028,,,,,32,500,21
poisson_pcg80,0,0.00972962499999852,1.0,,,,,32,500,21
oracle_reused,0,0.00023600000000101318,1.0,,,,,32,500,21
poisson_pcg5,0,0.0007636670000010781,0.6327977366604678,,,,,32,500,21
adaptive_rank90,0,0.005871208999998601,0.9999993853265143,30.0,1.0,6.0,0.9902912621359223,32,500,21
pcg20,0,0.0009294580000016595,0.9498390561297473,,,,,32,500,21
cg20,0,0.000806832999998619,0.08278046992346756,,,,,32,500,21
poisson_pcg10,0,0.0012161660000025165,0.9444560139653816,,,,,32,500,21
poisson,0,0.00023112500000266323,0.1489550550747443,,,,,32,500,21
pcg40,0,0.001863917000001436,0.9727149122022744,,,,,32,500,21
pcg10,0,0.0005935420000007241,0.7877906176239181,,,,,32,500,21
amg_reused,0,0.0006898339999992231,0.9796696968206849,,,,,32,500,21
poisson_pcg40,0,0.0048597919999977535,0.9999999776482369,,,,,32,500,21
jacobi20,0,0.000562209000001701,0.7229089925613331,,,,,32,500,21
oracle,0,0.0030047089999989396,1.0,,,,,32,500,21
amg,0,0.010888915999998972,0.9796696968206849,,,,,32,500,21
pcg80,0,0.004010208000000404,0.9999979324619126,,,,,32,500,21
cg20,1,0.0010012920000015413,0.08278046992346756,,,,,32,500,21
amg_reused,1,0.0006256249999978536,0.9796696968206849,,,,,32,500,21
jacobi20,1,0.0004753340000007711,0.7229089925613331,,,,,32,500,21
poisson_pcg40,1,0.00526324999999872,0.9999999776482369,,,,,32,500,21
oracle_reused,1,0.00019200000000196837,1.0,,,,,32,500,21
poisson_pcg20,1,0.003560749999998336,0.9998595526965165,,,,,32,500,21
pcg80,1,0.0033259590000014327,0.9999979324619126,,,,,32,500,21
oracle,1,0.0036465409999983933,1.0,,,,,32,500,21
raw,1,7.329099999964228e-05,-0.06123499079107359,,,,,32,500,21
pcg40,1,0.002085666999999347,0.9727149122022744,,,,,32,500,21
adaptive_rank90,1,0.005485207999999631,0.9999993853265143,30.0,1.0,6.0,0.9902912621359223,32,500,21
pcg20,1,0.0009458749999993188,0.9498390561297473,,,,,32,500,21
poisson_pcg10,1,0.0012062919999991095,0.9444560139653816,,,,,32,500,21
amg,1,0.011616917000001337,0.9796696968206849,,,,,32,500,21
pcg5,1,0.0004061670000012896,0.599594181389028,,,,,32,500,21
poisson_pcg5,1,0.0008302919999998437,0.6327977366604678,,,,,32,500,21
poisson,1,0.00021616600000129438,0.1489550550747443,,,,,32,500,21
poisson_pcg80,1,0.009749333000002025,1.0,,,,,32,500,21
pcg10,1,0.0006072500000016134,0.7877906176239181,,,,,32,500,21
poisson_pcg20,2,0.004035541000000364,0.9998595526965165,,,,,32,500,21
pcg40,2,0.0018855000000002065,0.9727149122022744,,,,,32,500,21
oracle,2,0.003242957999997742,1.0,,,,,32,500,21
pcg5,2,0.0004182920000026513,0.599594181389028,,,,,32,500,21
amg,2,0.014065875000000005,0.9796696968206849,,,,,32,500,21
pcg80,2,0.0035012079999994228,0.9999979324619126,,,,,32,500,21
cg20,2,0.0014812919999975804,0.08278046992346756,,,,,32,500,21
adaptive_rank90,2,0.007426291999998114,0.9999993853265143,30.0,1.0,6.0,0.9902912621359223,32,500,21
pcg10,2,0.0009002920000007464,0.7877906176239181,,,,,32,500,21
poisson_pcg80,2,0.011964583000001028,1.0,,,,,32,500,21
poisson_pcg5,2,0.0009907079999997848,0.6327977366604678,,,,,32,500,21
raw,2,4.9458000002999825e-05,-0.06123499079107359,,,,,32,500,21
oracle_reused,2,0.0001931669999990504,1.0,,,,,32,500,21
poisson,2,0.0002498749999979566,0.1489550550747443,,,,,32,500,21
poisson_pcg10,2,0.001668124999998355,0.9444560139653816,,,,,32,500,21
poisson_pcg40,2,0.00541920800000284,0.9999999776482369,,,,,32,500,21
pcg20,2,0.001079459000003169,0.9498390561297473,,,,,32,500,21
amg_reused,2,0.0007355420000010326,0.9796696968206849,,,,,32,500,21
jacobi20,2,0.00042733300000108443,0.7229089925613331,,,,,32,500,21
poisson_pcg10,0,0.0014113330000000701,0.8944299071060724,,,,,32,500,22
pcg80,0,0.0036889579999979105,0.962242094181389,,,,,32,500,22
pcg5,0,0.0003893750000010243,0.486297609255418,,,,,32,500,22
amg,0,0.01429225000000045,0.9400491962305986,,,,,32,500,22
pcg40,0,0.001971167000000662,0.5670781775266432,,,,,32,500,22
poisson,0,0.00017850000000052546,0.26169011739145986,,,,,32,500,22
poisson_pcg80,0,0.010305500000001189,1.0,,,,,32,500,22
cg20,0,0.0012478750000006755,0.278961995297189,,,,,32,500,22
pcg20,0,0.001233333000001835,0.5908585423968242,,,,,32,500,22
jacobi20,0,0.0005334589999996808,0.521355958533009,,,,,32,500,22
oracle,0,0.003022582999999912,1.0,,,,,32,500,22
adaptive_rank90,0,0.007606499999997851,0.999999921768829,35.0,1.0,7.0,0.9805825242718447,32,500,22
oracle_reused,0,0.0001952090000010287,1.0,,,,,32,500,22
amg_reused,0,0.0005998329999989949,0.9400491962305986,,,,,32,500,22
raw,0,2.8375000002967e-05,0.20764080493169298,,,,,32,500,22
poisson_pcg5,0,0.0007757909999988044,0.830750359863386,,,,,32,500,22
poisson_pcg20,0,0.0026356249999999193,0.9998306630427007,,,,,32,500,22
poisson_pcg40,0,0.006930707999998731,0.9999999888241183,,,,,32,500,22
pcg10,0,0.0008375829999991424,0.542109000607968,,,,,32,500,22
jacobi20,1,0.0005613340000003575,0.521355958533009,,,,,32,500,22
poisson_pcg10,1,0.0017490000000002226,0.8944299071060724,,,,,32,500,22
poisson_pcg80,1,0.009626167000000407,1.0,,,,,32,500,22
adaptive_rank90,1,0.006340042000001489,0.999999921768829,35.0,1.0,7.0,0.9805825242718447,32,500,22
poisson_pcg20,1,0.002516041999999885,0.9998306630427007,,,,,32,500,22
oracle_reused,1,0.00014212499999999295,1.0,,,,,32,500,22
amg,1,0.010742458999999371,0.9400491962305986,,,,,32,500,22
poisson,1,0.00012058300000106215,0.26169011739145986,,,,,32,500,22
raw,1,6.579199999734442e-05,0.20764080493169298,,,,,32,500,22
pcg40,1,0.0015174999999985062,0.5670781775266432,,,,,32,500,22
poisson_pcg40,1,0.004336333000001247,0.9999999888241183,,,,,32,500,22
pcg20,1,0.0013280840000007288,0.5908585423968242,,,,,32,500,22
amg_reused,1,0.0005863340000011874,0.9400491962305986,,,,,32,500,22
cg20,1,0.0008487909999992382,0.278961995297189,,,,,32,500,22
pcg10,1,0.0006202089999973737,0.542109000607968,,,,,32,500,22
pcg80,1,0.003924166000000895,0.962242094181389,,,,,32,500,22
poisson_pcg5,1,0.0010486669999991705,0.830750359863386,,,,,32,500,22
oracle,1,0.0026821659999995973,1.0,,,,,32,500,22
pcg5,1,0.0003864580000012552,0.486297609255418,,,,,32,500,22
pcg40,2,0.0020231250000009027,0.5670781775266432,,,,,32,500,22
poisson_pcg5,2,0.0009684159999991948,0.830750359863386,,,,,32,500,22
raw,2,5.783299999961855e-05,0.20764080493169298,,,,,32,500,22
poisson_pcg40,2,0.006150582999996601,0.9999999888241183,,,,,32,500,22
pcg5,2,0.0003832500000022776,0.486297609255418,,,,,32,500,22
cg20,2,0.0008943330000015237,0.278961995297189,,,,,32,500,22
pcg20,2,0.0012325000000004138,0.5908585423968242,,,,,32,500,22
oracle,2,0.003231750000001199,1.0,,,,,32,500,22
oracle_reused,2,0.0001710410000015372,1.0,,,,,32,500,22
poisson,2,0.00015920799999946667,0.26169011739145986,,,,,32,500,22
amg_reused,2,0.0005867080000001579,0.9400491962305986,,,,,32,500,22
poisson_pcg20,2,0.0024906659999999192,0.9998306630427007,,,,,32,500,22
poisson_pcg80,2,0.011146958999997736,1.0,,,,,32,500,22
poisson_pcg10,2,0.0012548330000008434,0.8944299071060724,,,,,32,500,22
jacobi20,2,0.00041766600000059384,0.521355958533009,,,,,32,500,22
pcg80,2,0.004290915999998646,0.962242094181389,,,,,32,500,22
pcg10,2,0.0006227089999981672,0.542109000607968,,,,,32,500,22
adaptive_rank90,2,0.0060916659999996625,0.999999921768829,35.0,1.0,7.0,0.9805825242718447,32,500,22
amg,2,0.012993666999999931,0.9400491962305986,,,,,32,500,22
poisson_pcg10,0,0.0021567500000010398,0.9781987272906086,,,,,32,500,23
poisson_pcg80,0,0.013287875000003169,1.0,,,,,32,500,23
pcg80,0,0.004326917000000208,0.7931634115048994,,,,,32,500,23
pcg10,0,0.0007946249999974953,0.43333924164938126,,,,,32,500,23
pcg40,0,0.0021566250000013554,0.3327335312209427,,,,,32,500,23
amg_reused,0,0.0006166670000027352,0.9910488341320363,,,,,32,500,23
poisson_pcg20,0,0.0026278330000018,0.999995138491524,,,,,32,500,23
poisson,0,0.00019541699999692241,0.6474898411236678,,,,,32,500,23
raw,0,9.245800000101667e-05,0.48343503013017664,,,,,32,500,23
amg,0,0.012017000000000166,0.9910488341320363,,,,,32,500,23
oracle,0,0.003082957999996694,1.0,,,,,32,500,23
cg20,0,0.0011921670000027973,0.4774051167656104,,,,,32,500,23
pcg5,0,0.0003764160000017114,0.38262201827480147,,,,,32,500,23
poisson_pcg5,0,0.0017941249999999798,0.6004449230205278,,,,,32,500,23
pcg20,0,0.0013792089999995483,0.38256227201201626,,,,,32,500,23
oracle_reused,0,0.00020312499999874944,1.0,,,,,32,500,23
jacobi20,0,0.000619791000001868,0.42081595111222364,,,,,32,500,23
adaptive_rank90,0,0.003928874999999721,0.9999997876582504,25.0,1.0,5.0,0.970873786407767,32,500,23
poisson_pcg40,0,0.003949541000000778,1.0,,,,,32,500,23
poisson_pcg80,1,0.011288458000002777,1.0,,,,,32,500,23
pcg5,1,0.0007346669999996891,0.38262201827480147,,,,,32,500,23
adaptive_rank90,1,0.005091333999999392,0.9999997876582504,25.0,1.0,5.0,0.970873786407767,32,500,23
poisson_pcg40,1,0.005187624999997809,1.0,,,,,32,500,23
pcg80,1,0.003716209000000248,0.7931634115048994,,,,,32,500,23
pcg40,1,0.0020917499999981715,0.3327335312209427,,,,,32,500,23
poisson_pcg10,1,0.0016573330000007047,0.9781987272906086,,,,,32,500,23
poisson_pcg5,1,0.0010177089999992006,0.6004449230205278,,,,,32,500,23
poisson_pcg20,1,0.003078208000001581,0.999995138491524,,,,,32,500,23
poisson,1,0.0002648749999991651,0.6474898411236678,,,,,32,500,23
amg,1,0.013046333000001908,0.9910488341320363,,,,,32,500,23
pcg10,1,0.000719166999999743,0.43333924164938126,,,,,32,500,23
raw,1,3.0207999998310697e-05,0.48343503013017664,,,,,32,500,23
cg20,1,0.0009832909999971662,0.4774051167656104,,,,,32,500,23
oracle_reused,1,0.00022766700000076412,1.0,,,,,32,500,23
pcg20,1,0.0010913749999978961,0.38256227201201626,,,,,32,500,23
amg_reused,1,0.000766249999998081,0.9910488341320363,,,,,32,500,23
jacobi20,1,0.0005317500000003861,0.42081595111222364,,,,,32,500,23
oracle,1,0.0027160839999993414,1.0,,,,,32,500,23
oracle,2,0.003021749999998491,1.0,,,,,32,500,23
amg,2,0.011360166999999421,0.9910488341320363,,,,,32,500,23
poisson_pcg5,2,0.000792458999999468,0.6004449230205278,,,,,32,500,23
jacobi20,2,0.0005470830000007254,0.42081595111222364,,,,,32,500,23
cg20,2,0.0010017090000005169,0.4774051167656104,,,,,32,500,23
poisson_pcg10,2,0.0015937909999976796,0.9781987272906086,,,,,32,500,23
pcg40,2,0.0016030000000029077,0.3327335312209427,,,,,32,500,23
poisson,2,0.00011316599999844357,0.6474898411236678,,,,,32,500,23
pcg5,2,0.0005034170000008942,0.38262201827480147,,,,,32,500,23
adaptive_rank90,2,0.005330374999999776,0.9999997876582504,25.0,1.0,5.0,0.970873786407767,32,500,23
pcg20,2,0.0012039159999979177,0.38256227201201626,,,,,32,500,23
pcg80,2,0.0030573330000009946,0.7931634115048994,,,,,32,500,23
amg_reused,2,0.0006031250000013699,0.9910488341320363,,,,,32,500,23
raw,2,5.0209000001189e-05,0.48343503013017664,,,,,32,500,23
poisson_pcg40,2,0.00577841699999837,1.0,,,,,32,500,23
pcg10,2,0.0007194580000025041,0.43333924164938126,,,,,32,500,23
poisson_pcg20,2,0.0020753750000004345,0.999995138491524,,,,,32,500,23
poisson_pcg80,2,0.008278374999999727,1.0,,,,,32,500,23
oracle_reused,2,0.00018058400000242614,1.0,,,,,32,500,23
amg,0,0.012237625000000918,0.9658337095880122,,,,,32,500,24
jacobi20,0,0.0005169589999987068,0.5319234921500607,,,,,32,500,24
pcg20,0,0.0014250830000008818,0.7542367655210642,,,,,32,500,24
adaptive_rank90,0,0.007910292000001817,0.9999998323617766,35.0,1.0,7.0,1.0,32,500,24
amg_reused,0,0.0010281250000012676,0.9658337095880122,,,,,32,500,24
cg20,0,0.0009584159999995734,0.26536067922537726,,,,,32,500,24
pcg40,0,0.0022079579999996213,0.9262863327909304,,,,,32,500,24
oracle,0,0.002944999999996867,1.0,,,,,32,500,24
oracle_reused,0,0.0002199589999989371,1.0,,,,,32,500,24
poisson,0,0.00027295900000012807,0.44917218010156634,,,,,32,500,24
pcg80,0,0.003392083999997908,0.9743188858987196,,,,,32,500,24
poisson_pcg20,0,0.002651584000002316,0.9995640847400041,,,,,32,500,24
poisson_pcg10,0,0.0014828750000006607,0.9660716776339316,,,,,32,500,24
pcg5,0,0.00042450000000116006,0.4579937169193906,,,,,32,500,24
poisson_pcg40,0,0.005887165999997279,0.9999999776482369,,,,,32,500,24
poisson_pcg5,0,0.0007817080000016574,0.7437608741327515,,,,,32,500,24
poisson_pcg80,0,0.008369125000001532,1.0,,,,,32,500,24
pcg10,0,0.0005037919999999474,0.5831759843716472,,,,,32,500,24
raw,0,2.337500000137993e-05,0.21936059428867746,,,,,32,500,24
poisson,1,0.00014816600000244762,0.44917218010156634,,,,,32,500,24
cg20,1,0.0013484159999990197,0.26536067922537726,,,,,32,500,24
poisson_pcg20,1,0.0032947499999984586,0.9995640847400041,,,,,32,500,24
poisson_pcg10,1,0.0010655829999990374,0.9660716776339316,,,,,32,500,24
poisson_pcg5,1,0.001253582999996894,0.7437608741327515,,,,,32,500,24
poisson_pcg40,1,0.004923041999997935,0.9999999776482369,,,,,32,500,24
poisson_pcg80,1,0.012631542000001161,1.0,,,,,32,500,24
amg_reused,1,0.0008186250000008499,0.9658337095880122,,,,,32,500,24
raw,1,7.975000000115529e-05,0.21936059428867746,,,,,32,500,24
jacobi20,1,0.000633833000001971,0.5319234921500607,,,,,32,500,24
adaptive_rank90,1,0.006860332999998775,0.9999998323617766,35.0,1.0,7.0,1.0,32,500,24
oracle_reused,1,0.00023520799999943165,1.0,,,,,32,500,24
pcg10,1,0.0005219580000002111,0.5831759843716472,,,,,32,500,24
pcg80,1,0.0036118750000007083,0.9743188858987196,,,,,32,500,24
pcg20,1,0.001185207999998994,0.7542367655210642,,,,,32,500,24
amg,1,0.01248541700000061,0.9658337095880122,,,,,32,500,24
oracle,1,0.002835707999999215,1.0,,,,,32,500,24
pcg40,1,0.002002041999997317,0.9262863327909304,,,,,32,500,24
pcg5,1,0.0004329579999975408,0.4579937169193906,,,,,32,500,24
poisson_pcg80,2,0.007479333999999227,1.0,,,,,32,500,24
pcg80,2,0.0034219160000006354,0.9743188858987196,,,,,32,500,24
poisson_pcg40,2,0.005129000000000161,0.9999999776482369,,,,,32,500,24
cg20,2,0.0008813750000022935,0.26536067922537726,,,,,32,500,24
poisson,2,0.00014574999999794613,0.44917218010156634,,,,,32,500,24
amg_reused,2,0.0005302090000007809,0.9658337095880122,,,,,32,500,24
jacobi20,2,0.0003657910000001152,0.5319234921500607,,,,,32,500,24
pcg10,2,0.0007122089999995751,0.5831759843716472,,,,,32,500,24
pcg40,2,0.0020608750000015164,0.9262863327909304,,,,,32,500,24
poisson_pcg10,2,0.0013728749999977197,0.9660716776339316,,,,,32,500,24
poisson_pcg20,2,0.002245249999997867,0.9995640847400041,,,,,32,500,24
oracle,2,0.003819624999998439,1.0,,,,,32,500,24
raw,2,4.433400000181109e-05,0.21936059428867746,,,,,32,500,24
poisson_pcg5,2,0.00087941700000016,0.7437608741327515,,,,,32,500,24
pcg5,2,0.0005677499999983127,0.4579937169193906,,,,,32,500,24
amg,2,0.010990041999999534,0.9658337095880122,,,,,32,500,24
adaptive_rank90,2,0.006658874999999398,0.9999998323617766,35.0,1.0,7.0,1.0,32,500,24
oracle_reused,2,0.00022020799999822316,1.0,,,,,32,500,24
pcg20,2,0.001097249999997274,0.7542367655210642,,,,,32,500,24
cg20,0,0.0010170000000009338,0.31658885272870324,,,,,32,500,25
pcg40,0,0.0017484169999981702,0.9911936512052071,,,,,32,500,25
pcg5,0,0.00041629100000051267,0.5212245301659394,,,,,32,500,25
adaptive_rank90,0,0.005896416999998877,0.999998971818897,30.0,1.0,6.0,0.9223300970873787,32,500,25
poisson_pcg5,0,0.000609374999999801,0.8496062736928689,,,,,32,500,25
oracle_reused,0,0.0001445830000008641,1.0,,,,,32,500,25
raw,0,2.537499999988313e-05,0.17350178367069594,,,,,32,500,25
poisson_pcg20,0,0.0030491670000003523,0.9997986441420497,,,,,32,500,25
pcg10,0,0.000526749999998799,0.6342003097954366,,,,,32,500,25
oracle,0,0.0029072909999996455,1.0,,,,,32,500,25
pcg20,0,0.001117374999999754,0.8836557873185035,,,,,32,500,25
poisson_pcg80,0,0.010722375000000284,1.0,,,,,32,500,25
amg_reused,0,0.0005883749999995302,0.9671818785315784,,,,,32,500,25
amg,0,0.010427499999998702,0.9671818785315784,,,,,32,500,25
jacobi20,0,0.0003463329999995324,0.5410149376832845,,,,,32,500,25
poisson_pcg40,0,0.004919083000000768,0.9999999552964736,,,,,32,500,25
poisson_pcg10,0,0.0013322919999971816,0.8323618102245904,,,,,32,500,25
pcg80,0,0.004513415999998216,0.9999738819648093,,,,,32,500,25
poisson,0,0.00014783299999976407,0.7175728890994921,,,,,32,500,25
oracle_reused,1,0.00015237499999898318,1.0,,,,,32,500,25
poisson,1,0.00010666700000072638,0.7175728890994921,,,,,32,500,25
adaptive_rank90,1,0.006331374999998474,0.999998971818897,30.0,1.0,6.0,0.9223300970873787,32,500,25
oracle,1,0.0035799169999997105,1.0,,,,,32,500,25
raw,1,5.600000000072214e-05,0.17350178367069594,,,,,32,500,25
poisson_pcg80,1,0.012349166999999994,1.0,,,,,32,500,25
jacobi20,1,0.00036874999999980673,0.5410149376832845,,,,,32,500,25
poisson_pcg20,1,0.00511991599999817,0.9997986441420497,,,,,32,500,25
pcg5,1,0.0005145830000010676,0.5212245301659394,,,,,32,500,25
pcg80,1,0.0028161669999988703,0.9999738819648093,,,,,32,500,25
amg_reused,1,0.0005009579999999403,0.9671818785315784,,,,,32,500,25
cg20,1,0.0007239169999984085,0.31658885272870324,,,,,32,500,25
poisson_pcg5,1,0.0006697500000001355,0.8496062736928689,,,,,32,500,25
poisson_pcg40,1,0.00536487500000149,0.9999999552964736,,,,,32,500,25
amg,1,0.008957540999997349,0.9671818785315784,,,,,32,500,25
pcg10,1,0.000718166999998715,0.6342003097954366,,,,,32,500,25
poisson_pcg10,1,0.001488709000000199,0.8323618102245904,,,,,32,500,25
pcg40,1,0.0016710000000017544,0.9911936512052071,,,,,32,500,25
pcg20,1,0.0009285000000005539,0.8836557873185035,,,,,32,500,25
amg,2,0.010477875000002967,0.9671818785315784,,,,,32,500,25
pcg10,2,0.0006306250000029934,0.6342003097954366,,,,,32,500,25
pcg20,2,0.0009281660000013403,0.8836557873185035,,,,,32,500,25
oracle_reused,2,0.00017158400000027996,1.0,,,,,32,500,25
poisson_pcg40,2,0.0051994999999998015,0.9999999552964736,,,,,32,500,25
amg_reused,2,0.0007239579999982482,0.9671818785315784,,,,,32,500,25
pcg80,2,0.002904999999998381,0.9999738819648093,,,,,32,500,25
pcg40,2,0.0020079580000000874,0.9911936512052071,,,,,32,500,25
pcg5,2,0.0004908749999970041,0.5212245301659394,,,,,32,500,25
poisson,2,0.00029324999999857937,0.7175728890994921,,,,,32,500,25
cg20,2,0.0010561660000014683,0.31658885272870324,,,,,32,500,25
oracle,2,0.0028648749999966583,1.0,,,,,32,500,25
poisson_pcg5,2,0.0007400840000002518,0.8496062736928689,,,,,32,500,25
poisson_pcg80,2,0.009748625000000288,1.0,,,,,32,500,25
poisson_pcg20,2,0.002155500000000643,0.9997986441420497,,,,,32,500,25
jacobi20,2,0.0005462909999991439,0.5410149376832845,,,,,32,500,25
raw,2,4.7750000000235104e-05,0.17350178367069594,,,,,32,500,25
adaptive_rank90,2,0.005336958000000891,0.999998971818897,30.0,1.0,6.0,0.9223300970873787,32,500,25
poisson_pcg10,2,0.0014153750000005516,0.8323618102245904,,,,,32,500,25
pcg40,0,0.0017899999999997362,0.9596028426972318,,,,,32,500,26
poisson_pcg80,0,0.011481709000001672,1.0,,,,,32,500,26
poisson_pcg10,0,0.0036980419999999015,0.4444297171160861,,,,,32,500,26
oracle_reused,0,0.0002535829999992245,1.0,,,,,32,500,26
pcg80,0,0.003952000000001732,0.9851928398362062,,,,,32,500,26
adaptive_rank90,0,0.0067544169999997905,1.0,40.0,1.0,8.0,0.9805825242718447,32,500,26
pcg10,0,0.000602915999998288,0.6842128379586581,,,,,32,500,26
pcg5,0,0.0004517079999999396,0.5415722788963593,,,,,32,500,26
poisson_pcg40,0,0.004348499999998978,1.0,,,,,32,500,26
raw,0,3.1166000002968985e-05,0.09260146582862457,,,,,32,500,26
amg,0,0.01162700000000072,0.9056244076782777,,,,,32,500,26
cg20,0,0.0007471250000001817,0.2542242597096059,,,,,32,500,26
amg_reused,0,0.0004728329999998948,0.9056244076782777,,,,,32,500,26
jacobi20,0,0.0005494580000018345,0.6557606640261783,,,,,32,500,26
poisson_pcg5,0,0.0008169590000015603,0.22926289473213646,,,,,32,500,26
pcg20,0,0.001450916999999663,0.8868954295114796,,,,,32,500,26
poisson,0,0.00019166699999928483,0.1533223548923539,,,,,32,500,26
poisson_pcg20,0,0.002710332999999565,0.9995366591266718,,,,,32,500,26
oracle,0,0.004048208000000386,1.0,,,,,32,500,26
pcg80,1,0.0031263330000008693,0.9851928398362062,,,,,32,500,26
oracle_reused,1,0.00019758399999858511,1.0,,,,,32,500,26
pcg20,1,0.0012671669999981816,0.8868954295114796,,,,,32,500,26
amg_reused,1,0.0006177499999999725,0.9056244076782777,,,,,32,500,26
pcg40,1,0.0016608749999988959,0.9596028426972318,,,,,32,500,26
adaptive_rank90,1,0.008978165999998566,1.0,40.0,1.0,8.0,0.9805825242718447,32,500,26
raw,1,5.6750000002381285e-05,0.09260146582862457,,,,,32,500,26
pcg5,1,0.0003784170000002973,0.5415722788963593,,,,,32,500,26
poisson_pcg40,1,0.0051813749999993775,1.0,,,,,32,500,26
jacobi20,1,0.00037379099999768073,0.6557606640261783,,,,,32,500,26
pcg10,1,0.0005008750000001783,0.6842128379586581,,,,,32,500,26
poisson_pcg5,1,0.0010432919999985302,0.22926289473213646,,,,,32,500,26
cg20,1,0.0012712079999985804,0.2542242597096059,,,,,32,500,26
poisson,1,0.00012608299999783412,0.1533223548923539,,,,,32,500,26
oracle,1,0.0028473330000018393,1.0,,,,,32,500,26
poisson_pcg20,1,0.002332749999997219,0.9995366591266718,,,,,32,500,26
poisson_pcg10,1,0.0011274999999990598,0.4444297171160861,,,,,32,500,26
amg,1,0.010487332999996823,0.9056244076782777,,,,,32,500,26
poisson_pcg80,1,0.009599625000003442,1.0,,,,,32,500,26
poisson_pcg10,2,0.0016879589999980738,0.4444297171160861,,,,,32,500,26
poisson_pcg40,2,0.0037186659999974836,1.0,,,,,32,500,26
adaptive_rank90,2,0.005079250000001423,1.0,40.0,1.0,8.0,0.9805825242718447,32,500,26
jacobi20,2,0.000536541999998974,0.6557606640261783,,,,,32,500,26
pcg80,2,0.0033481250000022555,0.9851928398362062,,,,,32,500,26
pcg40,2,0.0016822499999982199,0.9596028426972318,,,,,32,500,26
pcg10,2,0.0006218340000003764,0.6842128379586581,,,,,32,500,26
oracle_reused,2,0.00017437500000028194,1.0,,,,,32,500,26
amg_reused,2,0.0004925000000000068,0.9056244076782777,,,,,32,500,26
poisson_pcg20,2,0.002658166999999878,0.9995366591266718,,,,,32,500,26
amg,2,0.012509374999996936,0.9056244076782777,,,,,32,500,26
pcg5,2,0.0009095409999986259,0.5415722788963593,,,,,32,500,26
cg20,2,0.0008595000000006792,0.2542242597096059,,,,,32,500,26
poisson,2,0.00013599999999769352,0.1533223548923539,,,,,32,500,26
raw,2,2.1000000000270802e-05,0.09260146582862457,,,,,32,500,26
oracle,2,0.002525458999997454,1.0,,,,,32,500,26
poisson_pcg80,2,0.009466500000002043,1.0,,,,,32,500,26
poisson_pcg5,2,0.0007672079999991865,0.22926289473213646,,,,,32,500,26
pcg20,2,0.0009185000000009325,0.8868954295114796,,,,,32,500,26
amg,0,0.008269708000000264,0.8537457084614833,,,,,32,500,27
pcg40,0,0.0016406250000002842,0.9100927039374865,,,,,32,500,27
pcg80,0,0.003187957999998048,0.9637247536835705,,,,,32,500,27
pcg20,0,0.001086208000000255,0.7562483571454115,,,,,32,500,27
adaptive_rank90,0,0.005885916000000435,0.9999991729847649,30.0,1.0,6.0,0.9320388349514563,32,500,27
amg_reused,0,0.0006362909999992894,0.8537457084614833,,,,,32,500,27
poisson,0,0.0002485419999977978,0.24762400758171804,,,,,32,500,27
poisson_pcg40,0,0.0054664580000007845,0.9999999664723552,,,,,32,500,27
poisson_pcg80,0,0.009244875000000263,1.0,,,,,32,500,27
poisson_pcg20,0,0.0020672919999995543,0.999252791735212,,,,,32,500,27
jacobi20,0,0.0005191660000001264,0.6069101593233673,,,,,32,500,27
raw,0,5.316700000079777e-05,0.03413831718045919,,,,,32,500,27
pcg5,0,0.00045741699999979346,0.5281878866855018,,,,,32,500,27
oracle_reused,0,0.0002101669999987621,1.0,,,,,32,500,27
cg20,0,0.001057875000000763,0.15597396690150916,,,,,32,500,27
oracle,0,0.00303008299999874,1.0,,,,,32,500,27
poisson_pcg10,0,0.0011467499999966435,0.8444871611472713,,,,,32,500,27
pcg10,0,0.0006089170000009858,0.6752000594556897,,,,,32,500,27
poisson_pcg5,0,0.0007856249999989018,0.5217364637722623,,,,,32,500,27
poisson_pcg80,1,0.009538083999999003,1.0,,,,,32,500,27
amg_reused,1,0.000503125000001603,0.8537457084614833,,,,,32,500,27
poisson_pcg5,1,0.0006080419999996423,0.5217364637722623,,,,,32,500,27
pcg20,1,0.0007876660000007973,0.7562483571454115,,,,,32,500,27
poisson_pcg40,1,0.005346958000000512,0.9999999664723552,,,,,32,500,27
oracle,1,0.002693457999999538,1.0,,,,,32,500,27
adaptive_rank90,1,0.004649167000000176,0.9999991729847649,30.0,1.0,6.0,0.9320388349514563,32,500,27
jacobi20,1,0.0004561249999994743,0.6069101593233673,,,,,32,500,27
poisson_pcg20,1,0.002681875000000389,0.999252791735212,,,,,32,500,27
pcg40,1,0.0015272499999987588,0.9100927039374865,,,,,32,500,27
cg20,1,0.0011018749999998079,0.15597396690150916,,,,,32,500,27
raw,1,4.4999999996520046e-05,0.03413831718045919,,,,,32,500,27
pcg5,1,0.0004775839999986431,0.5281878866855018,,,,,32,500,27
pcg10,1,0.0006074160000011375,0.6752000594556897,,,,,32,500,27
poisson,1,0.00020920899999765652,0.24762400758171804,,,,,32,500,27
pcg80,1,0.00272933299999778,0.9637247536835705,,,,,32,500,27
poisson_pcg10,1,0.0012999579999970479,0.8444871611472713,,,,,32,500,27
amg,1,0.011293042000001918,0.8537457084614833,,,,,32,500,27
oracle_reused,1,0.0001468749999986585,1.0,,,,,32,500,27
poisson_pcg5,2,0.0009708340000003091,0.5217364637722623,,,,,32,500,27
poisson_pcg40,2,0.004087874999999741,0.9999999664723552,,,,,32,500,27
pcg10,2,0.0006943339999985199,0.6752000594556897,,,,,32,500,27
amg_reused,2,0.0007124579999988612,0.8537457084614833,,,,,32,500,27
pcg20,2,0.0008597909999998876,0.7562483571454115,,,,,32,500,27
oracle_reused,2,0.00017599999999973193,1.0,,,,,32,500,27
pcg80,2,0.0028769159999981753,0.9637247536835705,,,,,32,500,27
jacobi20,2,0.0004612080000008234,0.6069101593233673,,,,,32,500,27
poisson,2,0.0001867080000010901,0.24762400758171804,,,,,32,500,27
adaptive_rank90,2,0.005795332999998237,0.9999991729847649,30.0,1.0,6.0,0.9320388349514563,32,500,27
oracle,2,0.0024809169999997494,1.0,,,,,32,500,27
raw,2,5.09580000027654e-05,0.03413831718045919,,,,,32,500,27
poisson_pcg10,2,0.0019485000000010189,0.8444871611472713,,,,,32,500,27
pcg40,2,0.0016405830000003618,0.9100927039374865,,,,,32,500,27
cg20,2,0.0008110419999987073,0.15597396690150916,,,,,32,500,27
amg,2,0.011102624999999477,0.8537457084614833,,,,,32,500,27
poisson_pcg20,2,0.0026178330000021788,0.999252791735212,,,,,32,500,27
pcg5,2,0.0003755830000002902,0.5281878866855018,,,,,32,500,27
poisson_pcg80,2,0.009639249999999322,1.0,,,,,32,500,27
jacobi20,0,0.0003645839999997236,0.6430077538266218,,,,,32,500,28
pcg40,0,0.0025984590000014407,0.911411480312567,,,,,32,500,28
poisson_pcg5,0,0.0008399590000003343,0.4348744501466275,,,,,32,500,28
oracle,0,0.002965332999998793,1.0,,,,,32,500,28
poisson_pcg20,0,0.0020926659999993547,0.9999749995529646,,,,,32,500,28
pcg20,0,0.0008437079999978891,0.8911146265467419,,,,,32,500,28
pcg80,0,0.004303832999998036,0.9879654307631786,,,,,32,500,28
raw,0,5.5041999999616564e-05,0.3048482427043845,,,,,32,500,28
amg_reused,0,0.0005016670000017598,0.8667134973356698,,,,,32,500,28
pcg10,0,0.0008002500000010571,0.7272039844252914,,,,,32,500,28
poisson,0,0.00021145800000255122,0.37863743652099274,,,,,32,500,28
amg,0,0.012858916999999082,0.8667134973356698,,,,,32,500,28
adaptive_rank90,0,0.005624375000000015,0.9999992288641726,25.0,1.0,5.0,0.9611650485436893,32,500,28
poisson_pcg40,0,0.00506199999999879,1.0,,,,,32,500,28
oracle_reused,0,0.0002847920000021986,1.0,,,,,32,500,28
cg20,0,0.0009380840000012824,0.32886855375151985,,,,,32,500,28
poisson_pcg80,0,0.009089707999997643,1.0,,,,,32,500,28
pcg5,0,0.000426500000003216,0.49232018006580347,,,,,32,500,28
poisson_pcg10,0,0.001511874999998497,0.9634419144732135,,,,,32,500,28
poisson_pcg20,1,0.0023385830000002272,0.9999749995529646,,,,,32,500,28
poisson_pcg80,1,0.006480458999998717,1.0,,,,,32,500,28
pcg10,1,0.00048149999999935744,0.7272039844252914,,,,,32,500,28
adaptive_rank90,1,0.004916957999999028,0.9999992288641726,25.0,1.0,5.0,0.9611650485436893,32,500,28
pcg40,1,0.0019200420000018426,0.911411480312567,,,,,32,500,28
poisson,1,0.00018249999999753186,0.37863743652099274,,,,,32,500,28
raw,1,4.3832999999438016e-05,0.3048482427043845,,,,,32,500,28
pcg20,1,0.0012039590000014755,0.8911146265467419,,,,,32,500,28
pcg5,1,0.0004109169999999551,0.49232018006580347,,,,,32,500,28
oracle_reused,1,0.00022891600000107815,1.0,,,,,32,500,28
poisson_pcg40,1,0.004810709000000912,1.0,,,,,32,500,28
oracle,1,0.0035546249999995894,1.0,,,,,32,500,28
poisson_pcg10,1,0.001386875000001453,0.9634419144732135,,,,,32,500,28
amg_reused,1,0.0006422499999985121,0.8667134973356698,,,,,32,500,28
cg20,1,0.0009315420000000074,0.32886855375151985,,,,,32,500,28
amg,1,0.009529209000000094,0.8667134973356698,,,,,32,500,28
jacobi20,1,0.0003813329999999837,0.6430077538266218,,,,,32,500,28
poisson_pcg5,1,0.0009567080000003614,0.4348744501466275,,,,,32,500,28
pcg80,1,0.003872667000003105,0.9879654307631786,,,,,32,500,28
pcg5,2,0.00042937499999951,0.49232018006580347,,,,,32,500,28
poisson_pcg20,2,0.003260500000003219,0.9999749995529646,,,,,32,500,28
poisson_pcg80,2,0.008160791999998196,1.0,,,,,32,500,28
poisson_pcg5,2,0.0005897499999996114,0.4348744501466275,,,,,32,500,28
amg,2,0.010241958999998246,0.8667134973356698,,,,,32,500,28
oracle,2,0.0026511249999998654,1.0,,,,,32,500,28
pcg80,2,0.0028751249999992012,0.9879654307631786,,,,,32,500,28
pcg20,2,0.0010766669999995315,0.8911146265467419,,,,,32,500,28
poisson_pcg10,2,0.0015907080000019391,0.9634419144732135,,,,,32,500,28
amg_reused,2,0.0007822500000003174,0.8667134973356698,,,,,32,500,28
adaptive_rank90,2,0.00617866700000036,0.9999992288641726,25.0,1.0,5.0,0.9611650485436893,32,500,28
cg20,2,0.0008931250000010493,0.32886855375151985,,,,,32,500,28
poisson,2,0.00017166700000004198,0.37863743652099274,,,,,32,500,28
oracle_reused,2,0.00019954200000071864,1.0,,,,,32,500,28
poisson_pcg40,2,0.005189957999998995,1.0,,,,,32,500,28
raw,2,2.524999999664601e-05,0.3048482427043845,,,,,32,500,28
jacobi20,2,0.00035283400000096776,0.6430077538266218,,,,,32,500,28
pcg10,2,0.00048270799999983183,0.7272039844252914,,,,,32,500,28
pcg40,2,0.0014083329999969862,0.911411480312567,,,,,32,500,28
oracle,0,0.003235667000001996,1.0,,,,,32,500,29
cg20,0,0.0010187500000000682,0.37599114423145696,,,,,32,500,29
raw,0,4.40420000025199e-05,0.3251715497818468,,,,,32,500,29
jacobi20,0,0.0005112080000024832,0.5149647177419354,,,,,32,500,29
pcg20,0,0.0012085000000006119,0.49519539911308197,,,,,32,500,29
pcg10,0,0.0005912079999994546,0.5065501730026464,,,,,32,500,29
amg,0,0.0103870420000014,0.834715506759173,,,,,32,500,29
poisson,0,0.0003590419999994765,0.4960757344789357,,,,,32,500,29
poisson_pcg20,0,0.0027958750000003363,0.9995680410020741,,,,,32,500,29
poisson_pcg80,0,0.010246040999998485,1.0,,,,,32,500,29
pcg40,0,0.0019683750000005773,0.814965175953079,,,,,32,500,29
oracle_reused,0,0.00014662499999928968,1.0,,,,,32,500,29
adaptive_rank90,0,0.00443437499999888,0.9999998994170659,35.0,1.0,7.0,0.9514563106796117,32,500,29
amg_reused,0,0.00046529199999767457,0.834715506759173,,,,,32,500,29
pcg5,0,0.0006812919999994449,0.44613877762677917,,,,,32,500,29
poisson_pcg40,0,0.005026083000000625,0.9999999776482369,,,,,32,500,29
poisson_pcg10,0,0.001410499999998649,0.6773572169372719,,,,,32,500,29
pcg80,0,0.0029962089999990837,0.9901117252878905,,,,,32,500,29
poisson_pcg5,0,0.0009049589999996499,0.6619458550890494,,,,,32,500,29
adaptive_rank90,1,0.004703249999998604,0.9999998994170659,35.0,1.0,7.0,0.9514563106796117,32,500,29
poisson_pcg80,1,0.00897362499999943,1.0,,,,,32,500,29
poisson_pcg5,1,0.0008946670000007373,0.6619458550890494,,,,,32,500,29
pcg5,1,0.0004625409999974295,0.44613877762677917,,,,,32,500,29
jacobi20,1,0.00047637499999808597,0.5149647177419354,,,,,32,500,29
raw,1,4.34580000003848e-05,0.3251715497818468,,,,,32,500,29
amg_reused,1,0.0006617499999990173,0.834715506759173,,,,,32,500,29
poisson_pcg10,1,0.0012600000000020373,0.6773572169372719,,,,,32,500,29
pcg80,1,0.003124167000002842,0.9901117252878905,,,,,32,500,29
pcg40,1,0.0020664170000017634,0.814965175953079,,,,,32,500,29
poisson_pcg40,1,0.004087166999998004,0.9999999776482369,,,,,32,500,29
pcg20,1,0.0009851669999996204,0.49519539911308197,,,,,32,500,29
oracle,1,0.0026785000000018044,1.0,,,,,32,500,29
poisson_pcg20,1,0.00200637500000056,0.9995680410020741,,,,,32,500,29
oracle_reused,1,0.0001294999999998936,1.0,,,,,32,500,29
cg20,1,0.0007123330000027295,0.37599114423145696,,,,,32,500,29
amg,1,0.010540750000000543,0.834715506759173,,,,,32,500,29
poisson,1,0.0001845829999993498,0.4960757344789357,,,,,32,500,29
pcg10,1,0.000583624999997312,0.5065501730026464,,,,,32,500,29
poisson_pcg20,2,0.0024903750000007108,0.9995680410020741,,,,,32,500,29
poisson_pcg5,2,0.0007042909999981362,0.6619458550890494,,,,,32,500,29
poisson_pcg40,2,0.00461837499999973,0.9999999776482369,,,,,32,500,29
pcg20,2,0.0010694159999999897,0.49519539911308197,,,,,32,500,29
oracle,2,0.004059041999997959,1.0,,,,,32,500,29
amg_reused,2,0.0006390000000031648,0.834715506759173,,,,,32,500,29
pcg80,2,0.00509395899999987,0.9901117252878905,,,,,32,500,29
amg,2,0.011981375000001293,0.834715506759173,,,,,32,500,29
cg20,2,0.0014463330000005215,0.37599114423145696,,,,,32,500,29
poisson,2,0.0002662079999993239,0.4960757344789357,,,,,32,500,29
adaptive_rank90,2,0.012978207999999825,0.9999998994170659,35.0,1.0,7.0,0.9514563106796117,32,500,29
raw,2,4.80419999995263e-05,0.3251715497818468,,,,,32,500,29
oracle_reused,2,0.00020533299999669907,1.0,,,,,32,500,29
pcg40,2,0.00447129099999799,0.814965175953079,,,,,32,500,29
poisson_pcg10,2,0.006219957999999082,0.6773572169372719,,,,,32,500,29
poisson_pcg80,2,0.0097069999999988,1.0,,,,,32,500,29
pcg10,2,0.0005674589999991042,0.5065501730026464,,,,,32,500,29
jacobi20,2,0.00048149999999935744,0.5149647177419354,,,,,32,500,29
pcg5,2,0.0005296249999986458,0.44613877762677917,,,,,32,500,29
cg20,0,0.0015627920000014228,0.40541397356101716,,,,,64,10,0
pcg10,0,0.0014106669999982557,0.3717259348281285,,,,,64,10,0
poisson_pcg20,0,0.004806333999997747,1.0,,,,,64,10,0
pcg20,0,0.0017649169999991443,0.6842205604562684,,,,,64,10,0
oracle,0,0.013508166999997684,1.0,,,,,64,10,0
amg_reused,0,0.0011105839999991929,0.9104471726050779,,,,,64,10,0
pcg40,0,0.003326582999999772,0.7798756676256124,,,,,64,10,0
poisson_pcg40,0,0.008503958999998673,1.0,,,,,64,10,0
adaptive_rank90,0,0.005166833000000537,0.9999999905703584,15.0,1.0,3.0,0.9951219512195122,64,10,0
poisson_pcg80,0,0.008430750000002263,1.0,,,,,64,10,0
poisson,0,0.00036300000000011323,0.5259852183871475,,,,,64,10,0
poisson_pcg10,0,0.002170166999999168,0.9999982808366326,,,,,64,10,0
oracle_reused,0,0.000535458999998184,1.0,,,,,64,10,0
poisson_pcg5,0,0.0013107080000018811,0.9943651108903505,,,,,64,10,0
pcg80,0,0.00604666599999959,0.9884811033963138,,,,,64,10,0
pcg5,0,0.0006845000000019752,0.23002811472099213,,,,,64,10,0
jacobi20,0,0.0009595420000003685,0.2988264713202549,,,,,64,10,0
amg,0,0.02064179199999927,0.9104471726050779,,,,,64,10,0
raw,0,5.720799999764381e-05,0.29298983031310993,,,,,64,10,0
amg,1,0.02018179199999892,0.9104471726050779,,,,,64,10,0
pcg40,1,0.0030234169999978633,0.7798756676256124,,,,,64,10,0
raw,1,6.591700000058154e-05,0.29298983031310993,,,,,64,10,0
amg_reused,1,0.0011219589999988955,0.9104471726050779,,,,,64,10,0
poisson_pcg5,1,0.0011204170000027602,0.9943651108903505,,,,,64,10,0
jacobi20,1,0.0009534580000014614,0.2988264713202549,,,,,64,10,0
poisson_pcg80,1,0.00920149999999964,1.0,,,,,64,10,0
adaptive_rank90,1,0.004164708000001127,0.9999999905703584,15.0,1.0,3.0,0.9951219512195122,64,10,0
pcg5,1,0.0005657499999998095,0.23002811472099213,,,,,64,10,0
oracle,1,0.01427966699999672,1.0,,,,,64,10,0
pcg20,1,0.0024432079999989753,0.6842205604562684,,,,,64,10,0
poisson_pcg20,1,0.007961417000000637,1.0,,,,,64,10,0
poisson,1,0.00029891700000206356,0.5259852183871475,,,,,64,10,0
poisson_pcg40,1,0.008830666000001486,1.0,,,,,64,10,0
oracle_reused,1,0.0007195830000021886,1.0,,,,,64,10,0
pcg10,1,0.0009529169999993314,0.3717259348281285,,,,,64,10,0
pcg80,1,0.006183416999999025,0.9884811033963138,,,,,64,10,0
poisson_pcg10,1,0.002557332999998607,0.9999982808366326,,,,,64,10,0
cg20,1,0.0017822079999980645,0.40541397356101716,,,,,64,10,0
oracle,2,0.013440124999998915,1.0,,,,,64,10,0
amg_reused,2,0.0011924169999986134,0.9104471726050779,,,,,64,10,0
poisson_pcg40,2,0.008789416999999133,1.0,,,,,64,10,0
raw,2,7.108399999822268e-05,0.29298983031310993,,,,,64,10,0
oracle_reused,2,0.0010396250000006546,1.0,,,,,64,10,0
amg,2,0.021303791000001127,0.9104471726050779,,,,,64,10,0
pcg80,2,0.005923041999999157,0.9884811033963138,,,,,64,10,0
adaptive_rank90,2,0.004600208999999467,0.9999999905703584,15.0,1.0,3.0,0.9951219512195122,64,10,0
pcg10,2,0.000903665999999248,0.3717259348281285,,,,,64,10,0
poisson_pcg20,2,0.005924290999999471,1.0,,,,,64,10,0
poisson_pcg80,2,0.012329959000002333,1.0,,,,,64,10,0
cg20,2,0.0018686670000001016,0.40541397356101716,,,,,64,10,0
jacobi20,2,0.0014914160000003562,0.2988264713202549,,,,,64,10,0
pcg5,2,0.0011555419999993433,0.23002811472099213,,,,,64,10,0
pcg20,2,0.0034233750000005614,0.6842205604562684,,,,,64,10,0
poisson_pcg10,2,0.002267165999999321,0.9999982808366326,,,,,64,10,0
poisson_pcg5,2,0.0015372919999983026,0.9943651108903505,,,,,64,10,0
poisson,2,0.00026224999999868714,0.5259852183871475,,,,,64,10,0
pcg40,2,0.004312708000000498,0.7798756676256124,,,,,64,10,0
pcg80,0,0.006327292000001705,0.9982892433325868,,,,,64,10,1
poisson_pcg80,0,0.010145084000001248,1.0,,,,,64,10,1
oracle,0,0.014787333000001013,1.0,,,,,64,10,1
poisson_pcg5,0,0.002189749999999435,0.9946541184050625,,,,,64,10,1
poisson_pcg20,0,0.006479625000000766,0.9999999998253771,,,,,64,10,1
pcg40,0,0.0033878750000013724,0.9372848349611549,,,,,64,10,1
poisson_pcg10,0,0.0024175419999998837,0.9999968883928853,,,,,64,10,1
amg,0,0.019839875000002394,0.9690206397951777,,,,,64,10,1
oracle_reused,0,0.0005859589999985815,1.0,,,,,64,10,1
amg_reused,0,0.0011568329999995797,0.9690206397951777,,,,,64,10,1
adaptive_rank90,0,0.00924520900000303,0.9999999835854386,15.0,1.0,3.0,0.9975609756097561,64,10,1
jacobi20,0,0.0013319169999981284,0.274793039273242,,,,,64,10,1
raw,0,6.979199999790353e-05,0.09501665145490848,,,,,64,10,1
pcg5,0,0.0013392920000008246,0.21162070093557692,,,,,64,10,1
poisson_pcg40,0,0.0607856670000011,1.0,,,,,64,10,1
poisson,0,0.00041304199999814273,0.38383618329234026,,,,,64,10,1
pcg10,0,0.03560904200000081,0.37424426818185785,,,,,64,10,1
cg20,0,0.009063583999999736,0.35847100260867193,,,,,64,10,1
pcg20,0,0.0014039999999972963,0.5900230754157313,,,,,64,10,1
amg_reused,1,0.0011930410000005054,0.9690206397951777,,,,,64,10,1
poisson,1,0.0005675419999988662,0.38383618329234026,,,,,64,10,1
cg20,1,0.0017702079999999398,0.35847100260867193,,,,,64,10,1
raw,1,0.0003788339999992729,0.09501665145490848,,,,,64,10,1
poisson_pcg40,1,0.07142062499999824,1.0,,,,,64,10,1
pcg20,1,0.010539666999999753,0.5900230754157313,,,,,64,10,1
poisson_pcg20,1,0.022948624999997946,0.9999999998253771,,,,,64,10,1
pcg80,1,0.00925316600000059,0.9982892433325868,,,,,64,10,1
oracle,1,0.03161462499999956,1.0,,,,,64,10,1
poisson_pcg10,1,0.006889375000000086,0.9999968883928853,,,,,64,10,1
pcg10,1,0.002491916000000316,0.37424426818185785,,,,,64,10,1
adaptive_rank90,1,0.012086082999999803,0.9999999835854386,15.0,1.0,3.0,0.9975609756097561,64,10,1
poisson_pcg80,1,0.025494041999998274,1.0,,,,,64,10,1
amg,1,0.03687887499999931,0.9690206397951777,,,,,64,10,1
jacobi20,1,0.0024524170000006507,0.274793039273242,,,,,64,10,1
pcg40,1,0.0033775419999990675,0.9372848349611549,,,,,64,10,1
poisson_pcg5,1,0.001638459000002257,0.9946541184050625,,,,,64,10,1
pcg5,1,0.0011274999999990598,0.21162070093557692,,,,,64,10,1
oracle_reused,1,0.0007205829999996638,1.0,,,,,64,10,1
poisson_pcg5,2,0.0021380830000019557,0.9946541184050625,,,,,64,10,1
pcg10,2,0.0012206250000019736,0.37424426818185785,,,,,64,10,1
raw,2,8.15830000000517e-05,0.09501665145490848,,,,,64,10,1
pcg40,2,0.003820707999999229,0.9372848349611549,,,,,64,10,1
jacobi20,2,0.0010655840000026728,0.274793039273242,,,,,64,10,1
poisson,2,0.00022808299999965698,0.38383618329234026,,,,,64,10,1
oracle,2,0.01588329100000152,1.0,,,,,64,10,1
poisson_pcg80,2,0.012984207999998887,1.0,,,,,64,10,1
poisson_pcg20,2,0.005141999999999314,0.9999999998253771,,,,,64,10,1
amg,2,0.017304083000002635,0.9690206397951777,,,,,64,10,1
oracle_reused,2,0.0007965829999996288,1.0,,,,,64,10,1
amg_reused,2,0.0012282920000004083,0.9690206397951777,,,,,64,10,1
poisson_pcg40,2,0.014057167000000703,1.0,,,,,64,10,1
pcg20,2,0.0016015829999993514,0.5900230754157313,,,,,64,10,1
pcg5,2,0.0005444580000002475,0.21162070093557692,,,,,64,10,1
adaptive_rank90,2,0.00610583299999945,0.9999999835854386,15.0,1.0,3.0,0.9975609756097561,64,10,1
cg20,2,0.00406579199999868,0.35847100260867193,,,,,64,10,1
pcg80,2,0.00639579199999929,0.9982892433325868,,,,,64,10,1
poisson_pcg10,2,0.002715709000000288,0.9999968883928853,,,,,64,10,1
pcg20,0,0.0017863339999983907,0.7442341759507426,,,,,64,10,2
poisson_pcg20,0,0.006121374999999318,0.9999999989522621,,,,,64,10,2
pcg40,0,0.0030738330000019687,0.8838898802119795,,,,,64,10,2
amg,0,0.01974129200000263,0.9621497359616524,,,,,64,10,2
amg_reused,0,0.0013219579999983466,0.9621497359616524,,,,,64,10,2
oracle,0,0.013514750000002351,1.0,,,,,64,10,2
poisson_pcg10,0,0.0023610830000002636,0.9999842772949429,,,,,64,10,2
poisson_pcg5,0,0.00130770800000235,0.9924169134019711,,,,,64,10,2
cg20,0,0.0018752499999976635,0.4910883385382161,,,,,64,10,2
pcg5,0,0.0006595829999973546,0.3063375643506685,,,,,64,10,2
poisson_pcg80,0,0.009902792000001881,1.0,,,,,64,10,2
poisson,0,0.0002751249999981553,0.5145407775352799,,,,,64,10,2
adaptive_rank90,0,0.0051317079999968485,0.9999999790452408,15.0,1.0,3.0,0.9951219512195122,64,10,2
pcg80,0,0.0069233750000030625,0.9713994137542904,,,,,64,10,2
poisson_pcg40,0,0.010345665999999198,1.0,,,,,64,10,2
pcg10,0,0.0010279159999981857,0.45311267999858745,,,,,64,10,2
jacobi20,0,0.0011946250000001157,0.3808984306547787,,,,,64,10,2
raw,0,6.879200000042829e-05,0.23038715670795926,,,,,64,10,2
oracle_reused,0,0.0007495419999976605,1.0,,,,,64,10,2
amg,1,0.01989733399999949,0.9621497359616524,,,,,64,10,2
oracle_reused,1,0.000587458000001817,1.0,,,,,64,10,2
oracle,1,0.014584333000001948,1.0,,,,,64,10,2
raw,1,5.850000000151567e-05,0.23038715670795926,,,,,64,10,2
adaptive_rank90,1,0.0040443329999995115,0.9999999790452408,15.0,1.0,3.0,0.9951219512195122,64,10,2
amg_reused,1,0.0014358329999986097,0.9621497359616524,,,,,64,10,2
cg20,1,0.001415207999997392,0.4910883385382161,,,,,64,10,2
pcg80,1,0.005654125000003063,0.9713994137542904,,,,,64,10,2
pcg10,1,0.001032417000001118,0.45311267999858745,,,,,64,10,2
jacobi20,1,0.0011358749999992312,0.3808984306547787,,,,,64,10,2
poisson_pcg40,1,0.010611332999999945,1.0,,,,,64,10,2
poisson_pcg10,1,0.002585166999999444,0.9999842772949429,,,,,64,10,2
pcg40,1,0.0035928750000024934,0.8838898802119795,,,,,64,10,2
pcg20,1,0.001869333000001916,0.7442341759507426,,,,,64,10,2
poisson,1,0.0003163750000005905,0.5145407775352799,,,,,64,10,2
poisson_pcg20,1,0.005473958000003165,0.9999999989522621,,,,,64,10,2
pcg5,1,0.00066066700000178,0.3063375643506685,,,,,64,10,2
poisson_pcg5,1,0.0025662079999975163,0.9924169134019711,,,,,64,10,2
poisson_pcg80,1,0.009290291000002782,1.0,,,,,64,10,2
amg_reused,2,0.00115895800000132,0.9621497359616524,,,,,64,10,2
poisson_pcg10,2,0.0019834160000016254,0.9999842772949429,,,,,64,10,2
amg,2,0.01865395800000158,0.9621497359616524,,,,,64,10,2
pcg20,2,0.001770416999999469,0.7442341759507426,,,,,64,10,2
cg20,2,0.0015024160000010056,0.4910883385382161,,,,,64,10,2
oracle,2,0.013290624999999778,1.0,,,,,64,10,2
pcg10,2,0.0011128330000005349,0.45311267999858745,,,,,64,10,2
pcg80,2,0.006578749999999189,0.9713994137542904,,,,,64,10,2
adaptive_rank90,2,0.006029208000001063,0.9999999790452408,15.0,1.0,3.0,0.9951219512195122,64,10,2
jacobi20,2,0.0010434590000016897,0.3808984306547787,,,,,64,10,2
raw,2,7.579100000043582e-05,0.23038715670795926,,,,,64,10,2
poisson_pcg5,2,0.001346666999999968,0.9924169134019711,,,,,64,10,2
poisson_pcg20,2,0.0045842500000006225,0.9999999989522621,,,,,64,10,2
pcg40,2,0.003175124999998502,0.8838898802119795,,,,,64,10,2
oracle_reused,2,0.0007874169999979586,1.0,,,,,64,10,2
poisson_pcg80,2,0.01041070800000199,1.0,,,,,64,10,2
poisson,2,0.00021404099999955406,0.5145407775352799,,,,,64,10,2
poisson_pcg40,2,0.02080858300000088,1.0,,,,,64,10,2
pcg5,2,0.0006111669999988578,0.3063375643506685,,,,,64,10,2
raw,0,9.425000000007344e-05,0.3573702068502952,,,,,64,10,3
pcg80,0,0.007263749999999902,0.9794194051603247,,,,,64,10,3
jacobi20,0,0.0010587079999986315,0.16777004701996504,,,,,64,10,3
pcg10,0,0.0009727089999991279,0.16484882890975575,,,,,64,10,3
pcg20,0,0.002416833999998147,0.31573139726585653,,,,,64,10,3
poisson_pcg10,0,0.0026905419999998514,0.9999967017209055,,,,,64,10,3
amg,0,0.017461249999996653,0.9658625049076046,,,,,64,10,3
adaptive_rank90,0,0.0047077910000012935,0.999999978870618,15.0,1.0,3.0,0.9975609756097561,64,10,3
poisson,0,0.000259332999998918,0.7724760333085118,,,,,64,10,3
pcg5,0,0.0006087499999978263,0.16155083602224804,,,,,64,10,3
poisson_pcg5,0,0.0012121250000021178,0.9977021066964928,,,,,64,10,3
cg20,0,0.0016107090000012647,0.3519022981838762,,,,,64,10,3
poisson_pcg80,0,0.009536875000001999,1.0,,,,,64,10,3
amg_reused,0,0.0011522080000005985,0.9658625049076046,,,,,64,10,3
oracle,0,0.015212209000001309,1.0,,,,,64,10,3
poisson_pcg20,0,0.005504915999999582,0.999999999476131,,,,,64,10,3
poisson_pcg40,0,0.00898654199999882,1.0,,,,,64,10,3
oracle_reused,0,0.0005547089999993204,1.0,,,,,64,10,3
pcg40,0,0.0029598339999985512,0.7045815591986476,,,,,64,10,3
amg,1,0.017573625000000703,0.9658625049076046,,,,,64,10,3
cg20,1,0.0015003329999991877,0.3519022981838762,,,,,64,10,3
poisson_pcg20,1,0.004573624999999026,0.999999999476131,,,,,64,10,3
poisson_pcg80,1,0.010575791999997364,1.0,,,,,64,10,3
pcg20,1,0.0018392910000031293,0.31573139726585653,,,,,64,10,3
pcg5,1,0.0006187499999974477,0.16155083602224804,,,,,64,10,3
pcg10,1,0.0009009580000025608,0.16484882890975575,,,,,64,10,3
poisson_pcg10,1,0.0019195829999993919,0.9999967017209055,,,,,64,10,3
pcg40,1,0.003083540999998746,0.7045815591986476,,,,,64,10,3
poisson,1,0.00024295800000118106,0.7724760333085118,,,,,64,10,3
poisson_pcg40,1,0.008769832999998783,1.0,,,,,64,10,3
jacobi20,1,0.0009162079999995854,0.16777004701996504,,,,,64,10,3
oracle_reused,1,0.0007027079999986086,1.0,,,,,64,10,3
oracle,1,0.013096875000002228,1.0,,,,,64,10,3
poisson_pcg5,1,0.0016925420000006852,0.9977021066964928,,,,,64,10,3
pcg80,1,0.006231958000000759,0.9794194051603247,,,,,64,10,3
amg_reused,1,0.001049625000000276,0.9658625049076046,,,,,64,10,3
raw,1,0.00011008299999915039,0.3573702068502952,,,,,64,10,3
adaptive_rank90,1,0.006096082999999197,0.999999978870618,15.0,1.0,3.0,0.9975609756097561,64,10,3
pcg10,2,0.0009914999999978136,0.16484882890975575,,,,,64,10,3
poisson_pcg40,2,0.008801249999997651,1.0,,,,,64,10,3
oracle,2,0.014088457999999804,1.0,,,,,64,10,3
amg,2,0.016911916000001526,0.9658625049076046,,,,,64,10,3
jacobi20,2,0.0011667089999995994,0.16777004701996504,,,,,64,10,3
poisson_pcg5,2,0.0012727920000017434,0.9977021066964928,,,,,64,10,3
adaptive_rank90,2,0.005236541999998678,0.999999978870618,15.0,1.0,3.0,0.9975609756097561,64,10,3
amg_reused,2,0.0011024169999984679,0.9658625049076046,,,,,64,10,3
poisson_pcg20,2,0.00714049999999844,0.999999999476131,,,,,64,10,3
pcg20,2,0.0016384580000021742,0.31573139726585653,,,,,64,10,3
cg20,2,0.0016476669999967442,0.3519022981838762,,,,,64,10,3
pcg40,2,0.002905999999999409,0.7045815591986476,,,,,64,10,3
poisson_pcg80,2,0.014551416999999844,1.0,,,,,64,10,3
poisson,2,0.0002866669999974647,0.7724760333085118,,,,,64,10,3
oracle_reused,2,0.0009220829999989633,1.0,,,,,64,10,3
pcg5,2,0.0008843339999984323,0.16155083602224804,,,,,64,10,3
raw,2,7.020899999687913e-05,0.3573702068502952,,,,,64,10,3
pcg80,2,0.013131582999999836,0.9794194051603247,,,,,64,10,3
poisson_pcg10,2,0.008019457999999702,0.9999967017209055,,,,,64,10,3
poisson_pcg20,0,0.0037436669999983962,1.0,,,,,64,10,4
raw,0,4.154099999809091e-05,0.0642268120292723,,,,,64,10,4
adaptive_rank90,0,0.004004583000000395,0.9999996608821474,10.0,1.0,2.0,0.9512195121951219,64,10,4
oracle_reused,0,0.0005501670000001013,1.0,,,,,64,10,4
poisson,0,0.0002589159999999424,0.7892412531761829,,,,,64,10,4
pcg80,0,0.006031042000000042,0.9642885009194391,,,,,64,10,4
poisson_pcg5,0,0.001782916999999884,0.9924212822946368,,,,,64,10,4
cg20,0,0.0015217089999985944,0.3011888930584203,,,,,64,10,4
amg,0,0.017914791999999125,0.9726513972270205,,,,,64,10,4
amg_reused,0,0.0011290420000023005,0.9726513972270205,,,,,64,10,4
pcg20,0,0.002058208000001116,0.6649309892026553,,,,,64,10,4
pcg40,0,0.0034042919999990318,0.7444097153653594,,,,,64,10,4
poisson_pcg40,0,0.007709500000000702,1.0,,,,,64,10,4
poisson_pcg10,0,0.0024260419999997396,0.9999996608821474,,,,,64,10,4
pcg5,0,0.000573290999998477,0.19696201795532292,,,,,64,10,4
oracle,0,0.013128749999999911,1.0,,,,,64,10,4
jacobi20,0,0.0010340000000006455,0.267635880681869,,,,,64,10,4
poisson_pcg80,0,0.00940783300000092,1.0,,,,,64,10,4
pcg10,0,0.0011049170000028141,0.42808465318281,,,,,64,10,4
pcg5,1,0.0007969170000023951,0.19696201795532292,,,,,64,10,4
pcg80,1,0.00631641700000074,0.9642885009194391,,,,,64,10,4
oracle,1,0.013447958000000426,1.0,,,,,64,10,4
amg_reused,1,0.0011045000000002858,0.9726513972270205,,,,,64,10,4
oracle_reused,1,0.0006737499999971419,1.0,,,,,64,10,4
poisson_pcg20,1,0.005233875000001831,1.0,,,,,64,10,4
adaptive_rank90,1,0.003971041999999869,0.9999996608821474,10.0,1.0,2.0,0.9512195121951219,64,10,4
amg,1,0.016870125000000513,0.9726513972270205,,,,,64,10,4
jacobi20,1,0.0010645000000018001,0.267635880681869,,,,,64,10,4
poisson_pcg80,1,0.010147791000001405,1.0,,,,,64,10,4
pcg20,1,0.0019314170000015451,0.6649309892026553,,,,,64,10,4
poisson_pcg10,1,0.0023938329999992902,0.9999996608821474,,,,,64,10,4
pcg40,1,0.0030490830000005076,0.7444097153653594,,,,,64,10,4
poisson_pcg40,1,0.008971374999998005,1.0,,,,,64,10,4
pcg10,1,0.000967624999997696,0.42808465318281,,,,,64,10,4
poisson_pcg5,1,0.0010843330000014362,0.9924212822946368,,,,,64,10,4
poisson,1,0.00029849999999953525,0.7892412531761829,,,,,64,10,4
raw,1,7.375000000209297e-05,0.0642268120292723,,,,,64,10,4
cg20,1,0.0016936250000014752,0.3011888930584203,,,,,64,10,4
pcg80,2,0.00641574999999861,0.9642885009194391,,,,,64,10,4
jacobi20,2,0.0010420419999981334,0.267635880681869,,,,,64,10,4
pcg20,2,0.0019177500000004954,0.6649309892026553,,,,,64,10,4
pcg10,2,0.0011324170000008849,0.42808465318281,,,,,64,10,4
poisson_pcg40,2,0.008287625000001242,1.0,,,,,64,10,4
oracle_reused,2,0.0006803750000017317,1.0,,,,,64,10,4
oracle,2,0.013042915999999849,1.0,,,,,64,10,4
pcg5,2,0.000600583000000654,0.19696201795532292,,,,,64,10,4
adaptive_rank90,2,0.003479290999997886,0.9999996608821474,10.0,1.0,2.0,0.9512195121951219,64,10,4
amg_reused,2,0.0011274579999991374,0.9726513972270205,,,,,64,10,4
poisson_pcg80,2,0.009672458999997247,1.0,,,,,64,10,4
amg,2,0.01726504099999815,0.9726513972270205,,,,,64,10,4
pcg40,2,0.0039941660000017976,0.7444097153653594,,,,,64,10,4
raw,2,8.391599999768573e-05,0.0642268120292723,,,,,64,10,4
poisson_pcg20,2,0.003917958000002386,1.0,,,,,64,10,4
cg20,2,0.0015983750000003738,0.3011888930584203,,,,,64,10,4
poisson_pcg10,2,0.002246000000003079,0.9999996608821474,,,,,64,10,4
poisson_pcg5,2,0.0011697499999989702,0.9924212822946368,,,,,64,10,4
poisson,2,0.00025141700000119727,0.7892412531761829,,,,,64,10,4
pcg40,0,0.003294541999999012,0.9426274539000886,,,,,64,10,5
cg20,0,0.0016309159999998712,0.5826112883860455,,,,,64,10,5
poisson_pcg80,0,0.010485624999997611,1.0,,,,,64,10,5
pcg10,0,0.0012070420000007687,0.5823959412154186,,,,,64,10,5
pcg80,0,0.007944709000000216,0.9975809473266647,,,,,64,10,5
poisson_pcg10,0,0.0029552499999994097,0.9999971873474495,,,,,64,10,5
jacobi20,0,0.0014489580000009994,0.48217395976803595,,,,,64,10,5
pcg5,0,0.0005678749999979971,0.37717510138331584,,,,,64,10,5
poisson_pcg40,0,0.009787374999998377,1.0,,,,,64,10,5
oracle,0,0.0145047500000004,1.0,,,,,64,10,5
poisson_pcg5,0,0.00124962499999981,0.9839875002277084,,,,,64,10,5
raw,0,7.087499999869351e-05,0.2625773106631337,,,,,64,10,5
oracle_reused,0,0.0005437920000019858,1.0,,,,,64,10,5
poisson,0,0.00019979200000008746,0.4163675687369187,,,,,64,10,5
poisson_pcg20,0,0.0037165829999992184,1.0,,,,,64,10,5
amg,0,0.01705779199999924,0.9537847270650999,,,,,64,10,5
pcg20,0,0.001926875000002326,0.8556402647038707,,,,,64,10,5
amg_reused,0,0.0011444579999988491,0.9537847270650999,,,,,64,10,5
adaptive_rank90,0,0.007408417000000611,0.9999999945866874,15.0,1.0,3.0,0.9975609756097561,64,10,5
oracle,1,0.015206750000000824,1.0,,,,,64,10,5
pcg10,1,0.000951167000000197,0.5823959412154186,,,,,64,10,5
poisson_pcg5,1,0.0011044589999968935,0.9839875002277084,,,,,64,10,5
jacobi20,1,0.0019389590000002954,0.48217395976803595,,,,,64,10,5
raw,1,0.00011770799999766268,0.2625773106631337,,,,,64,10,5
pcg20,1,0.0030957080000000303,0.8556402647038707,,,,,64,10,5
poisson,1,0.00024204099999991513,0.4163675687369187,,,,,64,10,5
pcg80,1,0.007239040999998281,0.9975809473266647,,,,,64,10,5
pcg5,1,0.0005712090000002945,0.37717510138331584,,,,,64,10,5
cg20,1,0.004604958000001602,0.5826112883860455,,,,,64,10,5
poisson_pcg20,1,0.005675291999999388,1.0,,,,,64,10,5
oracle_reused,1,0.0005386660000006316,1.0,,,,,64,10,5
adaptive_rank90,1,0.005917750000001831,0.9999999945866874,15.0,1.0,3.0,0.9975609756097561,64,10,5
poisson_pcg40,1,0.013052166999997894,1.0,,,,,64,10,5
poisson_pcg80,1,0.012320541000001128,1.0,,,,,64,10,5
pcg40,1,0.004439334000000628,0.9426274539000886,,,,,64,10,5
amg,1,0.027664832999999334,0.9537847270650999,,,,,64,10,5
poisson_pcg10,1,0.004079374999999885,0.9999971873474495,,,,,64,10,5
amg_reused,1,0.001119541000001334,0.9537847270650999,,,,,64,10,5
oracle_reused,2,0.0006534580000021606,1.0,,,,,64,10,5
pcg20,2,0.0017813330000002736,0.8556402647038707,,,,,64,10,5
oracle,2,0.018390290999999337,1.0,,,,,64,10,5
cg20,2,0.00156929099999914,0.5826112883860455,,,,,64,10,5
amg,2,0.023838041000001198,0.9537847270650999,,,,,64,10,5
poisson_pcg5,2,0.0014950000000020225,0.9839875002277084,,,,,64,10,5
poisson_pcg20,2,0.005972958999997502,1.0,,,,,64,10,5
pcg5,2,0.0007281249999984141,0.37717510138331584,,,,,64,10,5
poisson_pcg80,2,0.00977587499999899,1.0,,,,,64,10,5
adaptive_rank90,2,0.004844458000000884,0.9999999945866874,15.0,1.0,3.0,0.9975609756097561,64,10,5
poisson_pcg40,2,0.009969874999999462,1.0,,,,,64,10,5
raw,2,7.087500000224622e-05,0.2625773106631337,,,,,64,10,5
pcg80,2,0.00708345800000032,0.9975809473266647,,,,,64,10,5
poisson,2,0.000212708999999478,0.4163675687369187,,,,,64,10,5
poisson_pcg10,2,0.0030566669999991802,0.9999971873474495,,,,,64,10,5
jacobi20,2,0.0010536250000008351,0.48217395976803595,,,,,64,10,5
pcg40,2,0.003686583000000354,0.9426274539000886,,,,,64,10,5
pcg10,2,0.0010354160000005663,0.5823959412154186,,,,,64,10,5
amg_reused,2,0.0010941249999980585,0.9537847270650999,,,,,64,10,5
adaptive_rank90,0,0.003730415999999792,0.9999996511032597,10.0,1.0,2.0,0.9121951219512195,64,10,6
pcg40,0,0.003173042000000237,0.9881862013078452,,,,,64,10,6
pcg80,0,0.007310125000000056,0.9996335129617201,,,,,64,10,6
amg_reused,0,0.0011900000000011346,0.9803970965979752,,,,,64,10,6
poisson_pcg40,0,0.008007167000002369,1.0,,,,,64,10,6
poisson,0,0.00020733299999875499,0.5169189436317537,,,,,64,10,6
cg20,0,0.001868709000000024,0.333872000214465,,,,,64,10,6
poisson_pcg20,0,0.005153832999997832,1.0,,,,,64,10,6
pcg20,0,0.0019069999999992149,0.7411678066684302,,,,,64,10,6
amg,0,0.018156583999999754,0.9803970965979752,,,,,64,10,6
poisson_pcg10,0,0.0022450420000019733,0.9999996511032597,,,,,64,10,6
oracle,0,0.014662624999999707,1.0,,,,,64,10,6
poisson_pcg80,0,0.0068254999999979304,1.0,,,,,64,10,6
pcg10,0,0.0009046670000003587,0.4106474714646472,,,,,64,10,6
jacobi20,0,0.0012356669999995518,0.36497076709813353,,,,,64,10,6
oracle_reused,0,0.0006962080000008086,1.0,,,,,64,10,6
pcg5,0,0.0006342920000008689,0.24549159683423322,,,,,64,10,6
raw,0,5.824999999859415e-05,0.06531103676409122,,,,,64,10,6
poisson_pcg5,0,0.0013813750000011282,0.9980680682941867,,,,,64,10,6
pcg40,1,0.0031798329999972452,0.9881862013078452,,,,,64,10,6
cg20,1,0.0022755409999994924,0.333872000214465,,,,,64,10,6
pcg5,1,0.0006818750000014973,0.24549159683423322,,,,,64,10,6
poisson_pcg40,1,0.008619667000001385,1.0,,,,,64,10,6
poisson_pcg5,1,0.0015358330000019293,0.9980680682941867,,,,,64,10,6
amg_reused,1,0.001473999999998199,0.9803970965979752,,,,,64,10,6
oracle_reused,1,0.0007151669999991839,1.0,,,,,64,10,6
poisson,1,0.0002551659999987521,0.5169189436317537,,,,,64,10,6
raw,1,7.350000000272416e-05,0.06531103676409122,,,,,64,10,6
poisson_pcg10,1,0.0024120829999993987,0.9999996511032597,,,,,64,10,6
pcg10,1,0.0009228750000005448,0.4106474714646472,,,,,64,10,6
oracle,1,0.014164666999999298,1.0,,,,,64,10,6
amg,1,0.018465499999997803,0.9803970965979752,,,,,64,10,6
pcg80,1,0.006549083999999539,0.9996335129617201,,,,,64,10,6
adaptive_rank90,1,0.0037705830000014373,0.9999996511032597,10.0,1.0,2.0,0.9121951219512195,64,10,6
jacobi20,1,0.0009429580000031024,0.36497076709813353,,,,,64,10,6
pcg20,1,0.002064374999999785,0.7411678066684302,,,,,64,10,6
poisson_pcg20,1,0.004929832999998496,1.0,,,,,64,10,6
poisson_pcg80,1,0.009057916999999804,1.0,,,,,64,10,6
pcg80,2,0.006226790999999565,0.9996335129617201,,,,,64,10,6
oracle,2,0.013549583999999726,1.0,,,,,64,10,6
jacobi20,2,0.0017692079999989119,0.36497076709813353,,,,,64,10,6
oracle_reused,2,0.0007819580000010262,1.0,,,,,64,10,6
raw,2,7.416700000106857e-05,0.06531103676409122,,,,,64,10,6
pcg10,2,0.001290666000002716,0.4106474714646472,,,,,64,10,6
adaptive_rank90,2,0.0033037080000006824,0.9999996511032597,10.0,1.0,2.0,0.9121951219512195,64,10,6
amg_reused,2,0.0012633330000006993,0.9803970965979752,,,,,64,10,6
cg20,2,0.001519500000000562,0.333872000214465,,,,,64,10,6
pcg40,2,0.0030108750000010787,0.9881862013078452,,,,,64,10,6
poisson_pcg10,2,0.0030228749999992033,0.9999996511032597,,,,,64,10,6
poisson_pcg20,2,0.004532999999998566,1.0,,,,,64,10,6
poisson_pcg80,2,0.008641167000000394,1.0,,,,,64,10,6
poisson_pcg5,2,0.0013141670000003103,0.9980680682941867,,,,,64,10,6
poisson,2,0.00017800000000178784,0.5169189436317537,,,,,64,10,6
pcg20,2,0.0015897080000009112,0.7411678066684302,,,,,64,10,6
poisson_pcg40,2,0.007679625000001522,1.0,,,,,64,10,6
pcg5,2,0.0005735410000013985,0.24549159683423322,,,,,64,10,6
amg,2,0.016798292000000714,0.9803970965979752,,,,,64,10,6
pcg10,0,0.0012011249999979157,0.1684260182937283,,,,,64,10,7
poisson_pcg80,0,0.010069666999999782,1.0,,,,,64,10,7
poisson_pcg40,0,0.008943957999999697,1.0,,,,,64,10,7
oracle,0,0.014007082999999199,1.0,,,,,64,10,7
poisson_pcg10,0,0.003180125000000089,0.9999996645492304,,,,,64,10,7
adaptive_rank90,0,0.005754958000000698,0.9999999968567862,15.0,1.0,3.0,1.0,64,10,7
poisson,0,0.0002670830000006674,0.7140940203233783,,,,,64,10,7
pcg5,0,0.0008404580000025419,0.10245533217176912,,,,,64,10,7
amg,0,0.018906040999997487,0.9947664338187797,,,,,64,10,7
cg20,0,0.0017075409999982583,0.1583252959608277,,,,,64,10,7
pcg80,0,0.0061455839999986495,0.9921918474140375,,,,,64,10,7
jacobi20,0,0.0010542499999992572,0.13684493589268615,,,,,64,10,7
poisson_pcg20,0,0.003835084000002098,0.9999999998253771,,,,,64,10,7
pcg20,0,0.0017164580000006424,0.3841710579809246,,,,,64,10,7
pcg40,0,0.002886416999999142,0.7729407780856917,,,,,64,10,7
raw,0,9.079200000172705e-05,-0.0438061826779467,,,,,64,10,7
poisson_pcg5,0,0.001261583999998095,0.9976713613499582,,,,,64,10,7
amg_reused,0,0.0012581669999995881,0.9947664338187797,,,,,64,10,7
oracle_reused,0,0.0006513749999967899,1.0,,,,,64,10,7
oracle,1,0.013816583000000549,1.0,,,,,64,10,7
poisson_pcg20,1,0.004820083999998559,0.9999999998253771,,,,,64,10,7
cg20,1,0.0015120419999981038,0.1583252959608277,,,,,64,10,7
pcg5,1,0.0005626670000005163,0.10245533217176912,,,,,64,10,7
amg,1,0.0186491249999996,0.9947664338187797,,,,,64,10,7
pcg40,1,0.003585875000002403,0.7729407780856917,,,,,64,10,7
adaptive_rank90,1,0.005103874999999647,0.9999999968567862,15.0,1.0,3.0,1.0,64,10,7
poisson_pcg80,1,0.009699582999999734,1.0,,,,,64,10,7
pcg10,1,0.0011419579999980556,0.1684260182937283,,,,,64,10,7
pcg80,1,0.008047874999999038,0.9921918474140375,,,,,64,10,7
raw,1,5.741599999709024e-05,-0.0438061826779467,,,,,64,10,7
pcg20,1,0.0015770839999973418,0.3841710579809246,,,,,64,10,7
jacobi20,1,0.0010742079999985776,0.13684493589268615,,,,,64,10,7
poisson,1,0.0002237090000001274,0.7140940203233783,,,,,64,10,7
poisson_pcg40,1,0.009245958000001053,1.0,,,,,64,10,7
poisson_pcg5,1,0.0012642499999984125,0.9976713613499582,,,,,64,10,7
amg_reused,1,0.00113449999999915,0.9947664338187797,,,,,64,10,7
poisson_pcg10,1,0.001955041000002211,0.9999996645492304,,,,,64,10,7
oracle_reused,1,0.0005395000000021355,1.0,,,,,64,10,7
poisson_pcg5,2,0.0015354579999993234,0.9976713613499582,,,,,64,10,7
pcg5,2,0.000590625000000955,0.10245533217176912,,,,,64,10,7
adaptive_rank90,2,0.005322832999997473,0.9999999968567862,15.0,1.0,3.0,1.0,64,10,7
oracle,2,0.013209040999999644,1.0,,,,,64,10,7
poisson_pcg80,2,0.009815499999998423,1.0,,,,,64,10,7
oracle_reused,2,0.0005834579999977052,1.0,,,,,64,10,7
pcg10,2,0.0009309160000015027,0.1684260182937283,,,,,64,10,7
poisson_pcg40,2,0.007156542000000599,1.0,,,,,64,10,7
cg20,2,0.0015399170000023332,0.1583252959608277,,,,,64,10,7
amg,2,0.016804000000000485,0.9947664338187797,,,,,64,10,7
jacobi20,2,0.0011089169999998205,0.13684493589268615,,,,,64,10,7
raw,2,7.616699999957177e-05,-0.0438061826779467,,,,,64,10,7
pcg40,2,0.003102999999999412,0.7729407780856917,,,,,64,10,7
amg_reused,2,0.00122787499999788,0.9947664338187797,,,,,64,10,7
pcg20,2,0.0017834160000020916,0.3841710579809246,,,,,64,10,7
poisson_pcg10,2,0.0026306660000017246,0.9999996645492304,,,,,64,10,7
poisson,2,0.0002647909999993203,0.7140940203233783,,,,,64,10,7
poisson_pcg20,2,0.0061648749999996255,0.9999999998253771,,,,,64,10,7
pcg80,2,0.005932125000001065,0.9921918474140375,,,,,64,10,7
raw,0,6.450000000057798e-05,0.20113575475773618,,,,,64,10,8
adaptive_rank90,0,0.005108499999998628,0.9999999970314093,15.0,1.0,3.0,0.9951219512195122,64,10,8
pcg10,0,0.000947332999999162,0.5691130394565264,,,,,64,10,8
amg,0,0.017989875000001376,0.9782594209384201,,,,,64,10,8
oracle,0,0.014100500000001404,1.0,,,,,64,10,8
pcg20,0,0.0016112909999996816,0.7744658680780004,,,,,64,10,8
amg_reused,0,0.0010757499999982656,0.9782594209384201,,,,,64,10,8
poisson_pcg10,0,0.0021173749999974234,0.999999284220351,,,,,64,10,8
poisson_pcg40,0,0.007829041999997344,1.0,,,,,64,10,8
poisson_pcg20,0,0.006350333000000319,1.0,,,,,64,10,8
poisson_pcg5,0,0.0010688750000014124,0.9792064993937648,,,,,64,10,8
cg20,0,0.004615708999999413,0.4683537257715487,,,,,64,10,8
pcg80,0,0.006245082999999596,0.9962541941299741,,,,,64,10,8
poisson_pcg80,0,0.00813666699999871,1.0,,,,,64,10,8
pcg40,0,0.0030764589999989767,0.8960893716776929,,,,,64,10,8
poisson,0,0.00037891699999903494,0.5320602662296566,,,,,64,10,8
pcg5,0,0.0006213340000016387,0.384274833981031,,,,,64,10,8
oracle_reused,0,0.0006914999999985127,1.0,,,,,64,10,8
jacobi20,0,0.0010750000000001592,0.49883608833235665,,,,,64,10,8
poisson,1,0.00026387499999813713,0.5320602662296566,,,,,64,10,8
raw,1,5.783399999970129e-05,0.20113575475773618,,,,,64,10,8
poisson_pcg40,1,0.007923041999998048,1.0,,,,,64,10,8
poisson_pcg10,1,0.0024362920000022825,0.999999284220351,,,,,64,10,8
jacobi20,1,0.0010843749999978058,0.49883608833235665,,,,,64,10,8
amg_reused,1,0.0012578330000003746,0.9782594209384201,,,,,64,10,8
oracle_reused,1,0.0005364159999992069,1.0,,,,,64,10,8
pcg80,1,0.005968124999998992,0.9962541941299741,,,,,64,10,8
poisson_pcg20,1,0.003985333999999341,1.0,,,,,64,10,8
poisson_pcg80,1,0.008446375000001893,1.0,,,,,64,10,8
pcg10,1,0.0009997909999981403,0.5691130394565264,,,,,64,10,8
pcg40,1,0.0030159159999989527,0.8960893716776929,,,,,64,10,8
amg,1,0.01747887499999834,0.9782594209384201,,,,,64,10,8
cg20,1,0.001447667000000763,0.4683537257715487,,,,,64,10,8
pcg5,1,0.0005732919999985597,0.384274833981031,,,,,64,10,8
poisson_pcg5,1,0.0010550420000008387,0.9792064993937648,,,,,64,10,8
adaptive_rank90,1,0.004533500000000856,0.9999999970314093,15.0,1.0,3.0,0.9951219512195122,64,10,8
oracle,1,0.013235166999997716,1.0,,,,,64,10,8
pcg20,1,0.0017790829999988489,0.7744658680780004,,,,,64,10,8
poisson,2,0.00026970800000114536,0.5320602662296566,,,,,64,10,8
adaptive_rank90,2,0.005155792000000048,0.9999999970314093,15.0,1.0,3.0,0.9951219512195122,64,10,8
poisson_pcg80,2,0.008780125000001249,1.0,,,,,64,10,8
poisson_pcg20,2,0.004576333999999349,1.0,,,,,64,10,8
pcg5,2,0.0010219169999992062,0.384274833981031,,,,,64,10,8
amg_reused,2,0.0011089579999996602,0.9782594209384201,,,,,64,10,8
cg20,2,0.001554999999999751,0.4683537257715487,,,,,64,10,8
pcg10,2,0.000994249999997976,0.5691130394565264,,,,,64,10,8
jacobi20,2,0.000981875000000798,0.49883608833235665,,,,,64,10,8
pcg20,2,0.0019296250000024884,0.7744658680780004,,,,,64,10,8
oracle,2,0.013624124999999765,1.0,,,,,64,10,8
poisson_pcg5,2,0.001575042000002469,0.9792064993937648,,,,,64,10,8
amg,2,0.01747775000000118,0.9782594209384201,,,,,64,10,8
pcg80,2,0.00643912499999999,0.9962541941299741,,,,,64,10,8
oracle_reused,2,0.0005434579999992195,1.0,,,,,64,10,8
raw,2,7.279100000090466e-05,0.20113575475773618,,,,,64,10,8
poisson_pcg10,2,0.0022599169999999447,0.999999284220351,,,,,64,10,8
poisson_pcg40,2,0.009909624999998812,1.0,,,,,64,10,8
pcg40,2,0.0031090410000018665,0.8960893716776929,,,,,64,10,8
amg,0,0.019102082999999936,0.9586413649754109,,,,,64,10,9
adaptive_rank90,0,0.003981040999999408,0.9999996018595757,10.0,1.0,2.0,0.9,64,10,9
poisson,0,0.0004134580000005883,0.6560688499486134,,,,,64,10,9
jacobi20,0,0.000942458000000812,0.4862768497520298,,,,,64,10,9
pcg10,0,0.000912291999998871,0.6025911275677682,,,,,64,10,9
pcg20,0,0.0016264170000006573,0.8286752651657137,,,,,64,10,9
pcg80,0,0.005958041999999608,0.9974454964618309,,,,,64,10,9
poisson_pcg10,0,0.0020104590000009637,0.9999996018595757,,,,,64,10,9
cg20,0,0.0019143340000020714,0.4507078042675736,,,,,64,10,9
poisson_pcg40,0,0.008443040999999596,1.0,,,,,64,10,9
poisson_pcg5,0,0.001330708000001124,0.9922849476628348,,,,,64,10,9
raw,0,7.112499999806232e-05,0.10383673503114939,,,,,64,10,9
pcg40,0,0.003547000000001077,0.9650370562564319,,,,,64,10,9
oracle_reused,0,0.0008861249999974063,1.0,,,,,64,10,9
amg_reused,0,0.0012812079999982018,0.9586413649754109,,,,,64,10,9
poisson_pcg20,0,0.005382416999999862,1.0,,,,,64,10,9
poisson_pcg80,0,0.009777875000001046,1.0,,,,,64,10,9
pcg5,0,0.0008499999999997954,0.37026971823979354,,,,,64,10,9
oracle,0,0.019283250000000862,1.0,,,,,64,10,9
poisson_pcg40,1,0.007706083999998725,1.0,,,,,64,10,9
oracle_reused,1,0.0007611250000003622,1.0,,,,,64,10,9
oracle,1,0.014629750000000996,1.0,,,,,64,10,9
pcg10,1,0.0012879169999990836,0.6025911275677682,,,,,64,10,9
pcg5,1,0.000613083999997599,0.37026971823979354,,,,,64,10,9
poisson_pcg20,1,0.004649249999999938,1.0,,,,,64,10,9
poisson_pcg5,1,0.0013729170000011948,0.9922849476628348,,,,,64,10,9
pcg80,1,0.006084833999999262,0.9974454964618309,,,,,64,10,9
raw,1,6.358399999939479e-05,0.10383673503114939,,,,,64,10,9
poisson_pcg10,1,0.0029233330000018043,0.9999996018595757,,,,,64,10,9
poisson_pcg80,1,0.007843125000000839,1.0,,,,,64,10,9
pcg20,1,0.0037433329999991827,0.8286752651657137,,,,,64,10,9
jacobi20,1,0.0010603750000015566,0.4862768497520298,,,,,64,10,9
cg20,1,0.0014129999999994425,0.4507078042675736,,,,,64,10,9
amg,1,0.016584707999999893,0.9586413649754109,,,,,64,10,9
amg_reused,1,0.0010252090000015812,0.9586413649754109,,,,,64,10,9
adaptive_rank90,1,0.003864290999999298,0.9999996018595757,10.0,1.0,2.0,0.9,64,10,9
poisson,1,0.00022849999999863257,0.6560688499486134,,,,,64,10,9
pcg40,1,0.0032697499999976287,0.9650370562564319,,,,,64,10,9
raw,2,4.195899999714925e-05,0.10383673503114939,,,,,64,10,9
pcg20,2,0.0025446250000022985,0.8286752651657137,,,,,64,10,9
oracle_reused,2,0.0007008749999997121,1.0,,,,,64,10,9
poisson_pcg10,2,0.0020170840000020007,0.9999996018595757,,,,,64,10,9
pcg5,2,0.0005616249999995659,0.37026971823979354,,,,,64,10,9
cg20,2,0.0014676250000000834,0.4507078042675736,,,,,64,10,9
adaptive_rank90,2,0.0030605000000001326,0.9999996018595757,10.0,1.0,2.0,0.9,64,10,9
amg,2,0.01728254100000015,0.9586413649754109,,,,,64,10,9
poisson_pcg20,2,0.004538957999997706,1.0,,,,,64,10,9
poisson,2,0.0002811670000006927,0.6560688499486134,,,,,64,10,9
oracle,2,0.012263374999999854,1.0,,,,,64,10,9
amg_reused,2,0.0012588340000014853,0.9586413649754109,,,,,64,10,9
pcg10,2,0.0012809999999987554,0.6025911275677682,,,,,64,10,9
poisson_pcg5,2,0.0010904590000002656,0.9922849476628348,,,,,64,10,9
jacobi20,2,0.0009422499999978129,0.4862768497520298,,,,,64,10,9
poisson_pcg40,2,0.009257583000000125,1.0,,,,,64,10,9
pcg40,2,0.002961083000002418,0.9650370562564319,,,,,64,10,9
poisson_pcg80,2,0.009641790999999955,1.0,,,,,64,10,9
pcg80,2,0.006533334000000224,0.9974454964618309,,,,,64,10,9
amg_reused,0,0.0011496659999998826,0.9954520641094373,,,,,64,10,10
poisson_pcg5,0,0.001570792000002541,0.9988495026960672,,,,,64,10,10
poisson_pcg10,0,0.002402166999999622,0.9999996834085134,,,,,64,10,10
adaptive_rank90,0,0.005172625000000153,0.9999999966821631,15.0,1.0,3.0,0.9926829268292683,64,10,10
poisson_pcg40,0,0.009116082999998554,1.0,,,,,64,10,10
poisson_pcg80,0,0.008948959000001366,1.0,,,,,64,10,10
pcg5,0,0.0005767079999969837,0.155134987659882,,,,,64,10,10
cg20,0,0.0014572079999979337,0.2281250483705691,,,,,64,10,10
pcg40,0,0.00371520800000269,0.7736750663748982,,,,,64,10,10
pcg80,0,0.005948458000002432,0.9805813926572067,,,,,64,10,10
poisson_pcg20,0,0.004012334000002227,1.0,,,,,64,10,10
poisson,0,0.00027108300000122654,0.6863874751644194,,,,,64,10,10
oracle_reused,0,0.0005516249999999445,1.0,,,,,64,10,10
oracle,0,0.013602834000000286,1.0,,,,,64,10,10
amg,0,0.021235874999998572,0.9954520641094373,,,,,64,10,10
pcg10,0,0.0009132080000000542,0.21951019780119202,,,,,64,10,10
raw,0,6.69170000016095e-05,0.11116953850942708,,,,,64,10,10
jacobi20,0,0.0009404170000024692,0.1841109291725787,,,,,64,10,10
pcg20,0,0.0015820419999990065,0.3823115459228297,,,,,64,10,10
raw,1,6.291700000105038e-05,0.11116953850942708,,,,,64,10,10
poisson_pcg10,1,0.0022432909999992034,0.9999996834085134,,,,,64,10,10
amg_reused,1,0.0011349590000016008,0.9954520641094373,,,,,64,10,10
pcg5,1,0.0006126670000021761,0.155134987659882,,,,,64,10,10
pcg80,1,0.005945874999998324,0.9805813926572067,,,,,64,10,10
adaptive_rank90,1,0.005025833000001256,0.9999999966821631,15.0,1.0,3.0,0.9926829268292683,64,10,10
poisson_pcg80,1,0.01748370800000032,1.0,,,,,64,10,10
poisson_pcg5,1,0.0010563750000009975,0.9988495026960672,,,,,64,10,10
poisson_pcg40,1,0.009409416000000448,1.0,,,,,64,10,10
pcg40,1,0.002971583000000777,0.7736750663748982,,,,,64,10,10
cg20,1,0.0013946249999996496,0.2281250483705691,,,,,64,10,10
poisson,1,0.0003388330000007045,0.6863874751644194,,,,,64,10,10
oracle,1,0.013269292000000377,1.0,,,,,64,10,10
oracle_reused,1,0.0006914580000021431,1.0,,,,,64,10,10
pcg20,1,0.0016372499999981471,0.3823115459228297,,,,,64,10,10
poisson_pcg20,1,0.004562499999998693,1.0,,,,,64,10,10
pcg10,1,0.0012455830000028811,0.21951019780119202,,,,,64,10,10
jacobi20,1,0.0009194170000021984,0.1841109291725787,,,,,64,10,10
amg,1,0.019967250000000547,0.9954520641094373,,,,,64,10,10
pcg40,2,0.0029618330000005244,0.7736750663748982,,,,,64,10,10
poisson_pcg20,2,0.004500250000003092,1.0,,,,,64,10,10
pcg5,2,0.0006208339999993484,0.155134987659882,,,,,64,10,10
raw,2,5.808299999898736e-05,0.11116953850942708,,,,,64,10,10
poisson_pcg5,2,0.001106416000002497,0.9988495026960672,,,,,64,10,10
pcg80,2,0.006868374999999816,0.9805813926572067,,,,,64,10,10
cg20,2,0.001506625000001094,0.2281250483705691,,,,,64,10,10
poisson,2,0.00019779200000158426,0.6863874751644194,,,,,64,10,10
adaptive_rank90,2,0.00645875000000018,0.9999999966821631,15.0,1.0,3.0,0.9926829268292683,64,10,10
pcg20,2,0.0018908330000009244,0.3823115459228297,,,,,64,10,10
amg_reused,2,0.0011366250000008904,0.9954520641094373,,,,,64,10,10
amg,2,0.020354582999999593,0.9954520641094373,,,,,64,10,10
poisson_pcg80,2,0.010153083999998813,1.0,,,,,64,10,10
pcg10,2,0.001342125000000749,0.21951019780119202,,,,,64,10,10
oracle_reused,2,0.0007342079999972384,1.0,,,,,64,10,10
poisson_pcg40,2,0.008683375000000382,1.0,,,,,64,10,10
oracle,2,0.013265667000002423,1.0,,,,,64,10,10
poisson_pcg10,2,0.0033419580000000337,0.9999996834085134,,,,,64,10,10
jacobi20,2,0.0010144170000003783,0.1841109291725787,,,,,64,10,10
poisson_pcg5,0,0.0015823340000018504,0.9926430330650454,,,,,64,10,11
amg_reused,0,0.0011856670000014446,0.9870409482816427,,,,,64,10,11
poisson_pcg40,0,0.00877104199999934,1.0,,,,,64,10,11
oracle_reused,0,0.0005799580000029891,1.0,,,,,64,10,11
poisson_pcg80,0,0.00934700000000177,1.0,,,,,64,10,11
poisson_pcg10,0,0.002318833000000353,0.9999979195416597,,,,,64,10,11
oracle,0,0.013921290999999059,1.0,,,,,64,10,11
pcg5,0,0.0008429579999997827,0.1680894778764123,,,,,64,10,11
pcg80,0,0.006030624999997514,0.9633876219455227,,,,,64,10,11
raw,0,6.69999999978188e-05,-0.0547819497352883,,,,,64,10,11
adaptive_rank90,0,0.005836459000001071,0.999999975727404,15.0,1.0,3.0,1.0,64,10,11
pcg20,0,0.0017464579999995067,0.6021924077442978,,,,,64,10,11
amg,0,0.015804374999998316,0.9870409482816427,,,,,64,10,11
cg20,0,0.0015676249999998504,0.2503579479739151,,,,,64,10,11
pcg10,0,0.001045541999999955,0.33963827514029077,,,,,64,10,11
poisson_pcg20,0,0.003727542000000028,1.0,,,,,64,10,11
jacobi20,0,0.0011474169999985406,0.2330418257412285,,,,,64,10,11
pcg40,0,0.0029741669999978626,0.7742432972780158,,,,,64,10,11
poisson,0,0.00029849999999953525,0.6195711420989158,,,,,64,10,11
poisson_pcg40,1,0.007853750000002435,1.0,,,,,64,10,11
cg20,1,0.0020233750000002715,0.2503579479739151,,,,,64,10,11
poisson_pcg80,1,0.009106166000002247,1.0,,,,,64,10,11
oracle,1,0.014010750000000627,1.0,,,,,64,10,11
poisson,1,0.00027520799999791734,0.6195711420989158,,,,,64,10,11
poisson_pcg20,1,0.003690999999999889,1.0,,,,,64,10,11
amg_reused,1,0.0013428749999988554,0.9870409482816427,,,,,64,10,11
poisson_pcg10,1,0.002648707999998834,0.9999979195416597,,,,,64,10,11
oracle_reused,1,0.0007385830000004034,1.0,,,,,64,10,11
pcg80,1,0.005791458000000915,0.9633876219455227,,,,,64,10,11
pcg40,1,0.003261083000001719,0.7742432972780158,,,,,64,10,11
pcg10,1,0.000965833000002192,0.33963827514029077,,,,,64,10,11
pcg5,1,0.0006838340000001608,0.1680894778764123,,,,,64,10,11
adaptive_rank90,1,0.004973917000000938,0.999999975727404,15.0,1.0,3.0,1.0,64,10,11
pcg20,1,0.0016170409999993751,0.6021924077442978,,,,,64,10,11
amg,1,0.02076554199999947,0.9870409482816427,,,,,64,10,11
raw,1,4.304200000149194e-05,-0.0547819497352883,,,,,64,10,11
poisson_pcg5,1,0.001069790999999043,0.9926430330650454,,,,,64,10,11
jacobi20,1,0.0010510830000001192,0.2330418257412285,,,,,64,10,11
poisson_pcg5,2,0.0015929169999999715,0.9926430330650454,,,,,64,10,11
poisson,2,0.0002371669999980952,0.6195711420989158,,,,,64,10,11
poisson_pcg20,2,0.003642458999998155,1.0,,,,,64,10,11
pcg5,2,0.0005411670000015079,0.1680894778764123,,,,,64,10,11
amg_reused,2,0.0016254169999996293,0.9870409482816427,,,,,64,10,11
poisson_pcg80,2,0.009511374999998878,1.0,,,,,64,10,11
oracle_reused,2,0.0005379999999988172,1.0,,,,,64,10,11
cg20,2,0.002806708000001379,0.2503579479739151,,,,,64,10,11
oracle,2,0.01351016699999974,1.0,,,,,64,10,11
pcg40,2,0.003250792000002889,0.7742432972780158,,,,,64,10,11
amg,2,0.015297582999998838,0.9870409482816427,,,,,64,10,11
raw,2,4.212499999312058e-05,-0.0547819497352883,,,,,64,10,11
poisson_pcg40,2,0.008928749999995489,1.0,,,,,64,10,11
jacobi20,2,0.0010323329999977204,0.2330418257412285,,,,,64,10,11
pcg80,2,0.005695124999995471,0.9633876219455227,,,,,64,10,11
poisson_pcg10,2,0.0024193329999988578,0.9999979195416597,,,,,64,10,11
pcg10,2,0.001094417000004455,0.33963827514029077,,,,,64,10,11
pcg20,2,0.001703374999998175,0.6021924077442978,,,,,64,10,11
adaptive_rank90,2,0.005043458000002943,0.999999975727404,15.0,1.0,3.0,1.0,64,10,11
poisson,0,0.00032174999999767806,0.3807112583802273,,,,,64,10,12
amg_reused,0,0.0013283330000035676,0.9848101929788035,,,,,64,10,12
jacobi20,0,0.001032041999998512,0.38378935464426756,,,,,64,10,12
poisson_pcg80,0,0.008655666999999312,1.0,,,,,64,10,12
amg,0,0.01882083299999948,0.9848101929788035,,,,,64,10,12
poisson_pcg40,0,0.008913124999999411,1.0,,,,,64,10,12
pcg80,0,0.005838582999999176,0.9922818112592549,,,,,64,10,12
poisson_pcg5,0,0.0010860829999970179,0.9933611538844314,,,,,64,10,12
pcg40,0,0.0037743749999989973,0.9185954832729055,,,,,64,10,12
oracle_reused,0,0.0005816670000058366,1.0,,,,,64,10,12
poisson_pcg20,0,0.0037389169999997307,0.9999999996507541,,,,,64,10,12
adaptive_rank90,0,0.004870791999998403,0.9999999577412357,15.0,1.0,3.0,0.9853658536585366,64,10,12
poisson_pcg10,0,0.0028910830000015153,0.9999968615009441,,,,,64,10,12
cg20,0,0.001544500000001392,0.37791181413815933,,,,,64,10,12
pcg5,0,0.0007146669999968935,0.30000919267822834,,,,,64,10,12
oracle,0,0.012054792000000703,1.0,,,,,64,10,12
pcg20,0,0.0017453749999987167,0.6952414504442856,,,,,64,10,12
raw,0,6.912500000311184e-05,-0.03851876695659113,,,,,64,10,12
pcg10,0,0.000949499999997272,0.45974660750830815,,,,,64,10,12
pcg10,1,0.001002499999998463,0.45974660750830815,,,,,64,10,12
oracle,1,0.013410249999999735,1.0,,,,,64,10,12
amg_reused,1,0.0011163329999988036,0.9848101929788035,,,,,64,10,12
raw,1,6.908299999963674e-05,-0.03851876695659113,,,,,64,10,12
amg,1,0.01801875000000308,0.9848101929788035,,,,,64,10,12
pcg5,1,0.000725708000004488,0.30000919267822834,,,,,64,10,12
poisson_pcg80,1,0.010160958000000164,1.0,,,,,64,10,12
pcg40,1,0.003040125000005389,0.9185954832729055,,,,,64,10,12
poisson_pcg20,1,0.004704416999999239,0.9999999996507541,,,,,64,10,12
adaptive_rank90,1,0.004930957999995655,0.9999999577412357,15.0,1.0,3.0,0.9853658536585366,64,10,12
poisson,1,0.00032687499999894953,0.3807112583802273,,,,,64,10,12
jacobi20,1,0.001040291999998999,0.38378935464426756,,,,,64,10,12
poisson_pcg40,1,0.009851292000000456,1.0,,,,,64,10,12
poisson_pcg5,1,0.0015062500000055934,0.9933611538844314,,,,,64,10,12
poisson_pcg10,1,0.0029482080000065025,0.9999968615009441,,,,,64,10,12
cg20,1,0.0014312079999996286,0.37791181413815933,,,,,64,10,12
pcg20,1,0.002548916999998596,0.6952414504442856,,,,,64,10,12
pcg80,1,0.0065968749999996135,0.9922818112592549,,,,,64,10,12
oracle_reused,1,0.000787583000004588,1.0,,,,,64,10,12
oracle_reused,2,0.0009817079999976386,1.0,,,,,64,10,12
raw,2,7.245799999822111e-05,-0.03851876695659113,,,,,64,10,12
amg_reused,2,0.0017696250000014402,0.9848101929788035,,,,,64,10,12
pcg80,2,0.008934541999998658,0.9922818112592549,,,,,64,10,12
poisson_pcg5,2,0.0010938339999952973,0.9933611538844314,,,,,64,10,12
cg20,2,0.004987665999998114,0.37791181413815933,,,,,64,10,12
poisson_pcg10,2,0.0029760000000038644,0.9999968615009441,,,,,64,10,12
poisson,2,0.00021191699999434377,0.3807112583802273,,,,,64,10,12
jacobi20,2,0.0011376249999983656,0.38378935464426756,,,,,64,10,12
amg,2,0.0204473329999999,0.9848101929788035,,,,,64,10,12
pcg20,2,0.0022910829999958082,0.6952414504442856,,,,,64,10,12
pcg40,2,0.0044010000000014315,0.9185954832729055,,,,,64,10,12
pcg10,2,0.0013392500000009022,0.45974660750830815,,,,,64,10,12
poisson_pcg20,2,0.006130083000002173,0.9999999996507541,,,,,64,10,12
oracle,2,0.01324499999999773,1.0,,,,,64,10,12
poisson_pcg80,2,0.011192042000004676,1.0,,,,,64,10,12
poisson_pcg40,2,0.009512917000002119,1.0,,,,,64,10,12
adaptive_rank90,2,0.005398792000001151,0.9999999577412357,15.0,1.0,3.0,0.9853658536585366,64,10,12
pcg5,2,0.0006602080000064348,0.30000919267822834,,,,,64,10,12
amg_reused,0,0.0012839170000020772,0.9931260748394474,,,,,64,10,13
pcg5,0,0.00072958300000181,0.1554195136500978,,,,,64,10,13
adaptive_rank90,0,0.007519166999998106,0.9999999867286526,15.0,1.0,3.0,0.9926829268292683,64,10,13
poisson_pcg80,0,0.010552500000002851,1.0,,,,,64,10,13
pcg10,0,0.0010810830000025362,0.290567754042648,,,,,64,10,13
pcg80,0,0.00669095899999661,0.9485949018481875,,,,,64,10,13
poisson_pcg20,0,0.006889042000004508,0.9999999998253771,,,,,64,10,13
poisson_pcg5,0,0.001064541999994617,0.9948144774936387,,,,,64,10,13
amg,0,0.021609875000002887,0.9931260748394474,,,,,64,10,13
poisson_pcg10,0,0.002105958000001351,0.9999985169269192,,,,,64,10,13
raw,0,4.3165999997540894e-05,0.10194534938736106,,,,,64,10,13
poisson_pcg40,0,0.008916500000005101,1.0,,,,,64,10,13
poisson,0,0.0001872090000034632,0.44287429694687486,,,,,64,10,13
oracle,0,0.013344291999999314,1.0,,,,,64,10,13
oracle_reused,0,0.0005170839999948385,1.0,,,,,64,10,13
cg20,0,0.0017699590000006538,0.21278822834691652,,,,,64,10,13
pcg40,0,0.0029604579999968905,0.6382237882086285,,,,,64,10,13
jacobi20,0,0.0012154170000044928,0.21946280215226055,,,,,64,10,13
pcg20,0,0.0016454579999987118,0.5217438265253835,,,,,64,10,13
amg_reused,1,0.0012627919999985693,0.9931260748394474,,,,,64,10,13
amg,1,0.018814708000000735,0.9931260748394474,,,,,64,10,13
raw,1,6.925000000279624e-05,0.10194534938736106,,,,,64,10,13
poisson_pcg5,1,0.0012562920000007693,0.9948144774936387,,,,,64,10,13
cg20,1,0.0015149999999977126,0.21278822834691652,,,,,64,10,13
poisson_pcg80,1,0.010200791000002596,1.0,,,,,64,10,13
pcg80,1,0.006107792000001666,0.9485949018481875,,,,,64,10,13
pcg20,1,0.0022576249999985976,0.5217438265253835,,,,,64,10,13
pcg5,1,0.0006202500000043187,0.1554195136500978,,,,,64,10,13
poisson_pcg20,1,0.0037157920000012723,0.9999999998253771,,,,,64,10,13
oracle_reused,1,0.0006970839999951295,1.0,,,,,64,10,13
oracle,1,0.013503958000001148,1.0,,,,,64,10,13
poisson,1,0.0002729579999964926,0.44287429694687486,,,,,64,10,13
pcg40,1,0.0035235409999998524,0.6382237882086285,,,,,64,10,13
adaptive_rank90,1,0.005004708000001301,0.9999999867286526,15.0,1.0,3.0,0.9926829268292683,64,10,13
pcg10,1,0.0009853330000026972,0.290567754042648,,,,,64,10,13
jacobi20,1,0.0013080419999980109,0.21946280215226055,,,,,64,10,13
poisson_pcg40,1,0.007572332999998821,1.0,,,,,64,10,13
poisson_pcg10,1,0.002398415999998349,0.9999985169269192,,,,,64,10,13
poisson_pcg40,2,0.008043749999998795,1.0,,,,,64,10,13
poisson_pcg10,2,0.00220174999999756,0.9999985169269192,,,,,64,10,13
adaptive_rank90,2,0.004736167000004343,0.9999999867286526,15.0,1.0,3.0,0.9926829268292683,64,10,13
poisson_pcg5,2,0.0010594999999966603,0.9948144774936387,,,,,64,10,13
pcg20,2,0.0060090409999986605,0.5217438265253835,,,,,64,10,13
pcg10,2,0.0009387500000030968,0.290567754042648,,,,,64,10,13
pcg40,2,0.0029484580000058713,0.6382237882086285,,,,,64,10,13
jacobi20,2,0.001116750000001332,0.21946280215226055,,,,,64,10,13
oracle,2,0.012304583999998897,1.0,,,,,64,10,13
poisson,2,0.00022674999999594547,0.44287429694687486,,,,,64,10,13
pcg5,2,0.0012503330000015467,0.1554195136500978,,,,,64,10,13
poisson_pcg20,2,0.004272958000001381,0.9999999998253771,,,,,64,10,13
amg_reused,2,0.0011306670000053032,0.9931260748394474,,,,,64,10,13
pcg80,2,0.006459749999997655,0.9485949018481875,,,,,64,10,13
raw,2,5.783299999961855e-05,0.10194534938736106,,,,,64,10,13
poisson_pcg80,2,0.008981750000003785,1.0,,,,,64,10,13
oracle_reused,2,0.0005377919999958181,1.0,,,,,64,10,13
amg,2,0.020633916000001307,0.9931260748394474,,,,,64,10,13
cg20,2,0.0017014160000030643,0.21278822834691652,,,,,64,10,13
jacobi20,0,0.0010638330000034557,0.41389047906407217,,,,,64,10,14
oracle_reused,0,0.0007487499999996317,1.0,,,,,64,10,14
raw,0,6.533399999852918e-05,0.22064683423042056,,,,,64,10,14
pcg10,0,0.0019325419999987048,0.5152293601768828,,,,,64,10,14
poisson_pcg40,0,0.009787084000002721,1.0,,,,,64,10,14
pcg20,0,0.004524666999998317,0.7202355167549784,,,,,64,10,14
poisson,0,0.0002509589999988293,0.5040846165608759,,,,,64,10,14
amg,0,0.03577900000000511,0.9644058168371882,,,,,64,10,14
adaptive_rank90,0,0.004612166999997669,0.9999999671708774,15.0,1.0,3.0,0.9926829268292683,64,10,14
poisson_pcg20,0,0.0045579579999994735,1.0,,,,,64,10,14
pcg5,0,0.0006562499999986926,0.32416561222318485,,,,,64,10,14
cg20,0,0.0017803750000027208,0.45461651889649896,,,,,64,10,14
poisson_pcg80,0,0.008594915999999841,1.0,,,,,64,10,14
amg_reused,0,0.0010880840000027092,0.9644058168371882,,,,,64,10,14
pcg80,0,0.006164042000001757,0.9869005983687363,,,,,64,10,14
pcg40,0,0.003448625000004313,0.9065995763730004,,,,,64,10,14
poisson_pcg5,0,0.0013014170000005265,0.9926743698596578,,,,,64,10,14
poisson_pcg10,0,0.0026740829999951643,0.9999863991389328,,,,,64,10,14
oracle,0,0.013441000000000258,1.0,,,,,64,10,14
poisson,1,0.0002800000000036107,0.5040846165608759,,,,,64,10,14
oracle,1,0.013300499999999715,1.0,,,,,64,10,14
amg,1,0.01704824999999488,0.9644058168371882,,,,,64,10,14
poisson_pcg80,1,0.00875379200000026,1.0,,,,,64,10,14
pcg5,1,0.0006389170000034028,0.32416561222318485,,,,,64,10,14
cg20,1,0.0015663329999995312,0.45461651889649896,,,,,64,10,14
poisson_pcg20,1,0.004469084000000123,1.0,,,,,64,10,14
oracle_reused,1,0.0008332499999994525,1.0,,,,,64,10,14
poisson_pcg40,1,0.008040250000000526,1.0,,,,,64,10,14
pcg80,1,0.005800041999997063,0.9869005983687363,,,,,64,10,14
pcg40,1,0.0031363749999968604,0.9065995763730004,,,,,64,10,14
raw,1,6.095899999536414e-05,0.22064683423042056,,,,,64,10,14
adaptive_rank90,1,0.004988250000003802,0.9999999671708774,15.0,1.0,3.0,0.9926829268292683,64,10,14
amg_reused,1,0.0011033749999995734,0.9644058168371882,,,,,64,10,14
poisson_pcg5,1,0.0010901249999974993,0.9926743698596578,,,,,64,10,14
poisson_pcg10,1,0.0018787079999995626,0.9999863991389328,,,,,64,10,14
jacobi20,1,0.0011652920000031486,0.41389047906407217,,,,,64,10,14
pcg10,1,0.0009610000000037644,0.5152293601768828,,,,,64,10,14
pcg20,1,0.0017095829999931311,0.7202355167549784,,,,,64,10,14
adaptive_rank90,2,0.004287708999996198,0.9999999671708774,15.0,1.0,3.0,0.9926829268292683,64,10,14
poisson_pcg5,2,0.001789292000005105,0.9926743698596578,,,,,64,10,14
poisson_pcg20,2,0.003625958000000651,1.0,,,,,64,10,14
cg20,2,0.0013944999999964125,0.45461651889649896,,,,,64,10,14
amg_reused,2,0.0010816670000011186,0.9644058168371882,,,,,64,10,14
poisson_pcg10,2,0.0024280419999982428,0.9999863991389328,,,,,64,10,14
pcg40,2,0.0032021669999977576,0.9065995763730004,,,,,64,10,14
jacobi20,2,0.0009520839999979103,0.41389047906407217,,,,,64,10,14
pcg20,2,0.001703790999997068,0.7202355167549784,,,,,64,10,14
oracle_reused,2,0.0007150420000030522,1.0,,,,,64,10,14
poisson_pcg40,2,0.0086453750000004,1.0,,,,,64,10,14
raw,2,5.2749999994716745e-05,0.22064683423042056,,,,,64,10,14
pcg10,2,0.0009593339999938166,0.5152293601768828,,,,,64,10,14
poisson_pcg80,2,0.008101457999998729,1.0,,,,,64,10,14
oracle,2,0.012981667000005359,1.0,,,,,64,10,14
amg,2,0.01752158300000417,0.9644058168371882,,,,,64,10,14
pcg5,2,0.0006100840000016206,0.32416561222318485,,,,,64,10,14
poisson,2,0.0001984999999962156,0.5040846165608759,,,,,64,10,14
pcg80,2,0.005732000000001847,0.9869005983687363,,,,,64,10,14
jacobi20,0,0.0011785000000017476,0.3016926075758663,,,,,64,10,15
pcg40,0,0.0029457499999949732,0.6111031237971969,,,,,64,10,15
poisson_pcg5,0,0.0015693750000025375,0.9808889053197484,,,,,64,10,15
pcg5,0,0.0006522919999980559,0.26337485857633036,,,,,64,10,15
oracle_reused,0,0.0006948329999971747,1.0,,,,,64,10,15
poisson_pcg10,0,0.001994582999998329,0.999993322940611,,,,,64,10,15
pcg20,0,0.0021801660000022594,0.4045508793357353,,,,,64,10,15
amg_reused,0,0.0012514579999987063,0.9507790497502864,,,,,64,10,15
amg,0,0.020277541999995208,0.9507790497502864,,,,,64,10,15
poisson,0,0.0002841670000037766,0.5420387746444733,,,,,64,10,15
adaptive_rank90,0,0.007919207999997013,0.9999999285791958,15.0,1.0,3.0,0.9902439024390244,64,10,15
cg20,0,0.0021529999999998495,0.3613249582120193,,,,,64,10,15
poisson_pcg20,0,0.00508104200000048,1.0,,,,,64,10,15
poisson_pcg80,0,0.008571582999998384,1.0,,,,,64,10,15
pcg80,0,0.009292957999996077,0.9580748445045112,,,,,64,10,15
pcg10,0,0.0010444580000026349,0.3339339255441644,,,,,64,10,15
poisson_pcg40,0,0.00893383300000039,1.0,,,,,64,10,15
raw,0,6.516599999883965e-05,0.19965157648800025,,,,,64,10,15
oracle,0,0.01232545899999593,1.0,,,,,64,10,15
pcg40,1,0.0030680829999951698,0.6111031237971969,,,,,64,10,15
pcg5,1,0.0006085420000019326,0.26337485857633036,,,,,64,10,15
pcg20,1,0.0016014580000032197,0.4045508793357353,,,,,64,10,15
cg20,1,0.0015725830000050678,0.3613249582120193,,,,,64,10,15
poisson_pcg10,1,0.0022166669999990063,0.999993322940611,,,,,64,10,15
oracle_reused,1,0.000639582999994559,1.0,,,,,64,10,15
jacobi20,1,0.0010984999999976708,0.3016926075758663,,,,,64,10,15
adaptive_rank90,1,0.004942374999998833,0.9999999285791958,15.0,1.0,3.0,0.9902439024390244,64,10,15
oracle,1,0.012853583000001834,1.0,,,,,64,10,15
poisson_pcg40,1,0.008801374999997336,1.0,,,,,64,10,15
raw,1,4.3500000003859896e-05,0.19965157648800025,,,,,64,10,15
amg,1,0.016382667000002016,0.9507790497502864,,,,,64,10,15
pcg10,1,0.0009578749999974434,0.3339339255441644,,,,,64,10,15
pcg80,1,0.006162540999994803,0.9580748445045112,,,,,64,10,15
amg_reused,1,0.0011016670000003614,0.9507790497502864,,,,,64,10,15
poisson_pcg20,1,0.004564291000001219,1.0,,,,,64,10,15
poisson_pcg80,1,0.007706833999996832,1.0,,,,,64,10,15
poisson,1,0.00017116600000122162,0.5420387746444733,,,,,64,10,15
poisson_pcg5,1,0.0012667909999990457,0.9808889053197484,,,,,64,10,15
amg,2,0.016224917000002392,0.9507790497502864,,,,,64,10,15
poisson_pcg20,2,0.004613708000000827,1.0,,,,,64,10,15
pcg10,2,0.0009107090000028961,0.3339339255441644,,,,,64,10,15
pcg80,2,0.006249416999999369,0.9580748445045112,,,,,64,10,15
poisson_pcg80,2,0.009515624999998806,1.0,,,,,64,10,15
raw,2,7.324999999980264e-05,0.19965157648800025,,,,,64,10,15
poisson_pcg10,2,0.003386916000003737,0.999993322940611,,,,,64,10,15
poisson_pcg5,2,0.0030232499999982565,0.9808889053197484,,,,,64,10,15
oracle_reused,2,0.0006876659999974777,1.0,,,,,64,10,15
adaptive_rank90,2,0.005032375000006084,0.9999999285791958,15.0,1.0,3.0,0.9902439024390244,64,10,15
oracle,2,0.01308870799999795,1.0,,,,,64,10,15
pcg5,2,0.0006165420000030508,0.26337485857633036,,,,,64,10,15
poisson_pcg40,2,0.008489459000003308,1.0,,,,,64,10,15
cg20,2,0.0019378340000031358,0.3613249582120193,,,,,64,10,15
pcg20,2,0.0016022500000048012,0.4045508793357353,,,,,64,10,15
poisson,2,0.00022358300000036024,0.5420387746444733,,,,,64,10,15
pcg40,2,0.007414125000003935,0.6111031237971969,,,,,64,10,15
jacobi20,2,0.0009517499999986967,0.3016926075758663,,,,,64,10,15
amg_reused,2,0.0010961670000000368,0.9507790497502864,,,,,64,10,15
amg,0,0.01796424999999857,0.9822882210057657,,,,,64,10,16
pcg40,0,0.003098708000003114,0.7129767656494053,,,,,64,10,16
amg_reused,0,0.0011522080000005985,0.9822882210057657,,,,,64,10,16
jacobi20,0,0.001038125000000889,0.15552017455062941,,,,,64,10,16
cg20,0,0.001516374999994241,0.20407073193744465,,,,,64,10,16
poisson_pcg80,0,0.010002582999995013,1.0,,,,,64,10,16
oracle_reused,0,0.0009276669999991327,1.0,,,,,64,10,16
poisson_pcg10,0,0.0021917090000016515,0.9999969161579412,,,,,64,10,16
oracle,0,0.012619667000002721,1.0,,,,,64,10,16
poisson_pcg20,0,0.003895624999998404,0.999999999301508,,,,,64,10,16
poisson_pcg5,0,0.0012630000000015684,0.9934724877423041,,,,,64,10,16
poisson_pcg40,0,0.008104958000004103,1.0,,,,,64,10,16
raw,0,6.624999999615966e-05,0.14758804400510603,,,,,64,10,16
poisson,0,0.00028862500000315094,0.39685515671617355,,,,,64,10,16
pcg5,0,0.0006547079999990046,0.1261714854161023,,,,,64,10,16
adaptive_rank90,0,0.006358042000002229,0.9999999739811739,15.0,1.0,3.0,0.9902439024390244,64,10,16
pcg20,0,0.0017760830000028704,0.3757503286334882,,,,,64,10,16
pcg10,0,0.001212208999994857,0.21882751113032992,,,,,64,10,16
pcg80,0,0.006415750000002163,0.9935884199474556,,,,,64,10,16
oracle,1,0.014183792000004303,1.0,,,,,64,10,16
pcg20,1,0.0019377919999996607,0.3757503286334882,,,,,64,10,16
cg20,1,0.0015181250000040336,0.20407073193744465,,,,,64,10,16
amg_reused,1,0.0012764590000031717,0.9822882210057657,,,,,64,10,16
pcg5,1,0.0006497500000008927,0.1261714854161023,,,,,64,10,16
pcg80,1,0.005735166999997432,0.9935884199474556,,,,,64,10,16
raw,1,7.07920000024842e-05,0.14758804400510603,,,,,64,10,16
poisson_pcg20,1,0.004397625000002847,0.999999999301508,,,,,64,10,16
amg,1,0.018666791999997656,0.9822882210057657,,,,,64,10,16
pcg40,1,0.0032043750000028126,0.7129767656494053,,,,,64,10,16
poisson_pcg80,1,0.009550957999998388,1.0,,,,,64,10,16
poisson_pcg10,1,0.0021141249999985234,0.9999969161579412,,,,,64,10,16
poisson_pcg5,1,0.001248125000003597,0.9934724877423041,,,,,64,10,16
oracle_reused,1,0.0005670829999999683,1.0,,,,,64,10,16
poisson,1,0.00021270799999939527,0.39685515671617355,,,,,64,10,16
jacobi20,1,0.0009938749999989227,0.15552017455062941,,,,,64,10,16
adaptive_rank90,1,0.004751292000001683,0.9999999739811739,15.0,1.0,3.0,0.9902439024390244,64,10,16
pcg10,1,0.0009974170000006666,0.21882751113032992,,,,,64,10,16
poisson_pcg40,1,0.008183542000004707,1.0,,,,,64,10,16
adaptive_rank90,2,0.004322584000000518,0.9999999739811739,15.0,1.0,3.0,0.9902439024390244,64,10,16
pcg80,2,0.005579999999994811,0.9935884199474556,,,,,64,10,16
oracle,2,0.012915374999998619,1.0,,,,,64,10,16
poisson_pcg20,2,0.00400504099999921,0.999999999301508,,,,,64,10,16
amg_reused,2,0.0010914589999941882,0.9822882210057657,,,,,64,10,16
poisson_pcg5,2,0.0010272919999962937,0.9934724877423041,,,,,64,10,16
poisson,2,0.00016470799999979135,0.39685515671617355,,,,,64,10,16
pcg5,2,0.0005411659999978724,0.1261714854161023,,,,,64,10,16
poisson_pcg40,2,0.008345042000001968,1.0,,,,,64,10,16
oracle_reused,2,0.0006959170000016002,1.0,,,,,64,10,16
raw,2,6.100000000230921e-05,0.14758804400510603,,,,,64,10,16
pcg40,2,0.0029537499999960914,0.7129767656494053,,,,,64,10,16
cg20,2,0.0015439160000028096,0.20407073193744465,,,,,64,10,16
jacobi20,2,0.0011176669999954925,0.15552017455062941,,,,,64,10,16
pcg10,2,0.0009333329999989814,0.21882751113032992,,,,,64,10,16
poisson_pcg10,2,0.001956332999995425,0.9999969161579412,,,,,64,10,16
amg,2,0.016833000000005427,0.9822882210057657,,,,,64,10,16
poisson_pcg80,2,0.009435458999995205,1.0,,,,,64,10,16
pcg20,2,0.0017317080000012197,0.3757503286334882,,,,,64,10,16
pcg5,0,0.0008141669999943701,0.11920881038938076,,,,,64,10,17
oracle_reused,0,0.0005397079999980292,1.0,,,,,64,10,17
poisson_pcg40,0,0.00940516600000052,1.0,,,,,64,10,17
poisson_pcg10,0,0.0022412500000044133,0.9999999249121131,,,,,64,10,17
cg20,0,0.001549916999998402,0.14759247122185135,,,,,64,10,17
jacobi20,0,0.0009054590000019402,0.148869925728231,,,,,64,10,17
adaptive_rank90,0,0.003232874999994806,0.9999999249121131,10.0,1.0,2.0,0.9609756097560975,64,10,17
poisson,0,0.0002909160000044153,0.8031183087961486,,,,,64,10,17
poisson_pcg5,0,0.0012222909999977105,0.9991325106886036,,,,,64,10,17
oracle,0,0.014905917000000102,1.0,,,,,64,10,17
raw,0,6.762499999979354e-05,0.07885531858470328,,,,,64,10,17
poisson_pcg20,0,0.004436333999997544,1.0,,,,,64,10,17
pcg40,0,0.00315287500000494,0.8161614811251265,,,,,64,10,17
pcg20,0,0.0015947919999987903,0.46102206851859806,,,,,64,10,17
amg,0,0.01511574999999965,0.9947107809469943,,,,,64,10,17
poisson_pcg80,0,0.008553249999998513,1.0,,,,,64,10,17
pcg80,0,0.006043167000001404,0.9865641541686896,,,,,64,10,17
amg_reused,0,0.0012043750000003683,0.9947107809469943,,,,,64,10,17
pcg10,0,0.0011820000000000164,0.18015146595863052,,,,,64,10,17
pcg10,1,0.0009831249999976421,0.18015146595863052,,,,,64,10,17
poisson_pcg5,1,0.0011375410000056263,0.9991325106886036,,,,,64,10,17
poisson_pcg10,1,0.0019537080000020524,0.9999999249121131,,,,,64,10,17
poisson_pcg20,1,0.0044922080000020514,1.0,,,,,64,10,17
pcg5,1,0.0006710839999968243,0.11920881038938076,,,,,64,10,17
poisson,1,0.00024858300000119016,0.8031183087961486,,,,,64,10,17
oracle,1,0.01454591699999952,1.0,,,,,64,10,17
raw,1,7.754199999965294e-05,0.07885531858470328,,,,,64,10,17
amg,1,0.01593954199999814,0.9947107809469943,,,,,64,10,17
pcg40,1,0.003184457999999779,0.8161614811251265,,,,,64,10,17
poisson_pcg80,1,0.007249500000000353,1.0,,,,,64,10,17
pcg80,1,0.005917459000002623,0.9865641541686896,,,,,64,10,17
jacobi20,1,0.0009222919999984924,0.148869925728231,,,,,64,10,17
cg20,1,0.0016166670000004046,0.14759247122185135,,,,,64,10,17
amg_reused,1,0.0011875419999967107,0.9947107809469943,,,,,64,10,17
adaptive_rank90,1,0.003777874999997266,0.9999999249121131,10.0,1.0,2.0,0.9609756097560975,64,10,17
oracle_reused,1,0.0005518330000029437,1.0,,,,,64,10,17
pcg20,1,0.0016192909999972471,0.46102206851859806,,,,,64,10,17
poisson_pcg40,1,0.007797707999998238,1.0,,,,,64,10,17
cg20,2,0.001609332999997548,0.14759247122185135,,,,,64,10,17
oracle,2,0.013501791000003038,1.0,,,,,64,10,17
poisson_pcg40,2,0.00778208399999869,1.0,,,,,64,10,17
poisson,2,0.0002504590000000917,0.8031183087961486,,,,,64,10,17
amg_reused,2,0.0012018749999995748,0.9947107809469943,,,,,64,10,17
pcg40,2,0.0029579589999997324,0.8161614811251265,,,,,64,10,17
amg,2,0.01578033299999504,0.9947107809469943,,,,,64,10,17
poisson_pcg80,2,0.009211000000000524,1.0,,,,,64,10,17
raw,2,5.270799999834708e-05,0.07885531858470328,,,,,64,10,17
pcg5,2,0.0006338749999983406,0.11920881038938076,,,,,64,10,17
pcg20,2,0.002136124999999822,0.46102206851859806,,,,,64,10,17
poisson_pcg20,2,0.004313166999999396,1.0,,,,,64,10,17
pcg80,2,0.007036708999997643,0.9865641541686896,,,,,64,10,17
adaptive_rank90,2,0.0036312920000014515,0.9999999249121131,10.0,1.0,2.0,0.9609756097560975,64,10,17
poisson_pcg5,2,0.0009221250000024384,0.9991325106886036,,,,,64,10,17
poisson_pcg10,2,0.0017316659999977446,0.9999999249121131,,,,,64,10,17
jacobi20,2,0.0010263340000022936,0.148869925728231,,,,,64,10,17
oracle_reused,2,0.0006992500000038149,1.0,,,,,64,10,17
pcg10,2,0.0010709590000033131,0.18015146595863052,,,,,64,10,17
pcg80,0,0.005914291999999932,0.9918065554002483,,,,,64,10,18
pcg10,0,0.0009901659999940193,0.1858469647883491,,,,,64,10,18
pcg40,0,0.0030899160000004144,0.648898903191583,,,,,64,10,18
poisson_pcg20,0,0.004225124999997831,1.0,,,,,64,10,18
raw,0,6.295899999742005e-05,0.01247508374359958,,,,,64,10,18
amg_reused,0,0.0012590420000009317,0.9938172743812257,,,,,64,10,18
oracle_reused,0,0.0007122920000028898,1.0,,,,,64,10,18
jacobi20,0,0.0011730419999977926,0.14924458494796736,,,,,64,10,18
poisson_pcg40,0,0.008092959000002509,1.0,,,,,64,10,18
pcg20,0,0.0016508749999957217,0.3568099008624756,,,,,64,10,18
poisson_pcg5,0,0.0013391250000012178,0.9953129957546777,,,,,64,10,18
pcg5,0,0.0006167499999989445,0.14029151565968712,,,,,64,10,18
poisson_pcg80,0,0.008446874999997078,1.0,,,,,64,10,18
adaptive_rank90,0,0.005575458000002698,0.9999999973806551,15.0,1.0,3.0,1.0,64,10,18
cg20,0,0.0020972080000021265,0.13579789066320752,,,,,64,10,18
poisson,0,0.0002732920000028116,0.7752090411850984,,,,,64,10,18
oracle,0,0.012639915999997697,1.0,,,,,64,10,18
amg,0,0.017507166999997992,0.9938172743812257,,,,,64,10,18
poisson_pcg10,0,0.0029924580000013634,0.9999996554688346,,,,,64,10,18
oracle,1,0.012511666999998283,1.0,,,,,64,10,18
pcg10,1,0.0010197920000010186,0.1858469647883491,,,,,64,10,18
jacobi20,1,0.0010515410000024872,0.14924458494796736,,,,,64,10,18
amg_reused,1,0.0011026669999978367,0.9938172743812257,,,,,64,10,18
poisson_pcg40,1,0.008612540999997975,1.0,,,,,64,10,18
pcg40,1,0.0029660420000041654,0.648898903191583,,,,,64,10,18
oracle_reused,1,0.0005530000000035784,1.0,,,,,64,10,18
pcg5,1,0.0007257500000008577,0.14029151565968712,,,,,64,10,18
poisson_pcg10,1,0.0027137500000051773,0.9999996554688346,,,,,64,10,18
poisson_pcg20,1,0.004355291999999622,1.0,,,,,64,10,18
pcg80,1,0.0063219169999939595,0.9918065554002483,,,,,64,10,18
adaptive_rank90,1,0.005091333999999392,0.9999999973806551,15.0,1.0,3.0,1.0,64,10,18
poisson_pcg5,1,0.0013717920000004824,0.9953129957546777,,,,,64,10,18
raw,1,6.108299999851852e-05,0.01247508374359958,,,,,64,10,18
poisson,1,0.00035237499999851707,0.7752090411850984,,,,,64,10,18
poisson_pcg80,1,0.008700874999995278,1.0,,,,,64,10,18
pcg20,1,0.0017882499999970491,0.3568099008624756,,,,,64,10,18
amg,1,0.015039999999999054,0.9938172743812257,,,,,64,10,18
cg20,1,0.001630582999993635,0.13579789066320752,,,,,64,10,18
cg20,2,0.001232874999999467,0.13579789066320752,,,,,64,10,18
poisson_pcg20,2,0.004293957999998099,1.0,,,,,64,10,18
poisson,2,0.000353291999999783,0.7752090411850984,,,,,64,10,18
pcg5,2,0.0006762920000014105,0.14029151565968712,,,,,64,10,18
poisson_pcg80,2,0.007983791999997436,1.0,,,,,64,10,18
pcg80,2,0.005826208000001998,0.9918065554002483,,,,,64,10,18
jacobi20,2,0.0008237500000021214,0.14924458494796736,,,,,64,10,18
poisson_pcg5,2,0.0009520830000013802,0.9953129957546777,,,,,64,10,18
adaptive_rank90,2,0.005007457999994358,0.9999999973806551,15.0,1.0,3.0,1.0,64,10,18
poisson_pcg10,2,0.0026188749999960237,0.9999996554688346,,,,,64,10,18
amg_reused,2,0.0009417089999956829,0.9938172743812257,,,,,64,10,18
pcg40,2,0.003522375000002853,0.648898903191583,,,,,64,10,18
oracle,2,0.011159833000000674,1.0,,,,,64,10,18
pcg20,2,0.0017136660000005577,0.3568099008624756,,,,,64,10,18
amg,2,0.015498334000000114,0.9938172743812257,,,,,64,10,18
oracle_reused,2,0.00048533300000030977,1.0,,,,,64,10,18
raw,2,4.145900000196434e-05,0.01247508374359958,,,,,64,10,18
poisson_pcg40,2,0.008182042000001388,1.0,,,,,64,10,18
pcg10,2,0.0010287089999962973,0.1858469647883491,,,,,64,10,18
pcg10,0,0.0008890420000042809,0.38973099279011,,,,,64,10,19
jacobi20,0,0.0007907500000001733,0.37651491069416915,,,,,64,10,19
oracle,0,0.011268583000003218,1.0,,,,,64,10,19
poisson_pcg10,0,0.002869500000002745,0.9999991443473335,,,,,64,10,19
pcg40,0,0.0031007919999979094,0.8611119321302173,,,,,64,10,19
poisson_pcg20,0,0.0036404999999959387,1.0,,,,,64,10,19
poisson_pcg80,0,0.008175833999999327,1.0,,,,,64,10,19
poisson,0,0.000250082999997403,0.38822678159597707,,,,,64,10,19
poisson_pcg5,0,0.0009457499999996344,0.9752961845197304,,,,,64,10,19
adaptive_rank90,0,0.0043182920000006675,0.9999999869032756,15.0,1.0,3.0,0.9951219512195122,64,10,19
raw,0,6.758299999631845e-05,0.23370407279074257,,,,,64,10,19
pcg20,0,0.0017864169999981527,0.47821608178161945,,,,,64,10,19
poisson_pcg40,0,0.00925441700000107,1.0,,,,,64,10,19
cg20,0,0.0014420830000005935,0.387957810323499,,,,,64,10,19
oracle_reused,0,0.0008628749999957108,1.0,,,,,64,10,19
pcg80,0,0.00626866599999687,0.9764743803482134,,,,,64,10,19
amg,0,0.017830457999998828,0.8953505376027288,,,,,64,10,19
pcg5,0,0.0005836250000044174,0.3376708808224056,,,,,64,10,19
amg_reused,0,0.0010782909999988988,0.8953505376027288,,,,,64,10,19
poisson_pcg20,1,0.005003207999997983,1.0,,,,,64,10,19
cg20,1,0.0017034580000014898,0.387957810323499,,,,,64,10,19
poisson_pcg80,1,0.00872445899999974,1.0,,,,,64,10,19
pcg20,1,0.002265125000000978,0.47821608178161945,,,,,64,10,19
amg_reused,1,0.004461624999997582,0.8953505376027288,,,,,64,10,19
jacobi20,1,0.005282165999993538,0.37651491069416915,,,,,64,10,19
amg,1,0.017489541999999858,0.8953505376027288,,,,,64,10,19
pcg5,1,0.000687624999997638,0.3376708808224056,,,,,64,10,19
pcg40,1,0.003101082999997118,0.8611119321302173,,,,,64,10,19
adaptive_rank90,1,0.004872624999997299,0.9999999869032756,15.0,1.0,3.0,0.9951219512195122,64,10,19
poisson,1,0.0002353340000027515,0.38822678159597707,,,,,64,10,19
poisson_pcg10,1,0.0025922499999992965,0.9999991443473335,,,,,64,10,19
oracle,1,0.013724666999998192,1.0,,,,,64,10,19
pcg80,1,0.005920250000002625,0.9764743803482134,,,,,64,10,19
pcg10,1,0.0009792500000003201,0.38973099279011,,,,,64,10,19
raw,1,0.00011166699999876073,0.23370407279074257,,,,,64,10,19
poisson_pcg40,1,0.00938774999999481,1.0,,,,,64,10,19
poisson_pcg5,1,0.0013878339999990885,0.9752961845197304,,,,,64,10,19
oracle_reused,1,0.0007948750000039695,1.0,,,,,64,10,19
poisson_pcg20,2,0.003752957999999751,1.0,,,,,64,10,19
amg,2,0.017239999999993927,0.8953505376027288,,,,,64,10,19
poisson_pcg80,2,0.008974999999999511,1.0,,,,,64,10,19
pcg40,2,0.00309966700000075,0.8611119321302173,,,,,64,10,19
poisson_pcg10,2,0.002560416999997983,0.9999991443473335,,,,,64,10,19
poisson,2,0.00031083399999687344,0.38822678159597707,,,,,64,10,19
poisson_pcg5,2,0.0013201669999958199,0.9752961845197304,,,,,64,10,19
raw,2,6.32499999966285e-05,0.23370407279074257,,,,,64,10,19
poisson_pcg40,2,0.00860187499999654,1.0,,,,,64,10,19
cg20,2,0.0015923750000013115,0.387957810323499,,,,,64,10,19
jacobi20,2,0.0011746250000044256,0.37651491069416915,,,,,64,10,19
pcg20,2,0.001736917000002336,0.47821608178161945,,,,,64,10,19
oracle_reused,2,0.0009426669999967885,1.0,,,,,64,10,19
pcg80,2,0.006160375000000329,0.9764743803482134,,,,,64,10,19
pcg5,2,0.0006729589999991958,0.3376708808224056,,,,,64,10,19
oracle,2,0.012220583000001284,1.0,,,,,64,10,19
pcg10,2,0.0011253329999973971,0.38973099279011,,,,,64,10,19
adaptive_rank90,2,0.00474658400000294,0.9999999869032756,15.0,1.0,3.0,0.9951219512195122,64,10,19
amg_reused,2,0.0011987500000003593,0.8953505376027288,,,,,64,10,19
poisson_pcg5,0,0.0014795000000020764,0.9973941059626852,,,,,64,10,20
amg_reused,0,0.0011064170000025797,0.9964706648249391,,,,,64,10,20
adaptive_rank90,0,0.004114207999997177,0.9999999975552782,15.0,1.0,3.0,0.9975609756097561,64,10,20
amg,0,0.01703975000000213,0.9964706648249391,,,,,64,10,20
jacobi20,0,0.0010733749999971565,0.21273996621869304,,,,,64,10,20
pcg20,0,0.001898250000003543,0.5537055372839368,,,,,64,10,20
oracle_reused,0,0.0007057919999979845,1.0,,,,,64,10,20
poisson_pcg40,0,0.008792374999998742,1.0,,,,,64,10,20
pcg10,0,0.0010554170000034446,0.2965533224441229,,,,,64,10,20
pcg80,0,0.006190207999999586,0.9503909796592992,,,,,64,10,20
pcg40,0,0.0035111669999992046,0.7338507302607845,,,,,64,10,20
pcg5,0,0.0005543750000001069,0.16156034337111003,,,,,64,10,20
poisson_pcg20,0,0.004636165999997388,1.0,,,,,64,10,20
cg20,0,0.0015672919999971668,0.16663391804515454,,,,,64,10,20
poisson,0,0.0002804590000025087,0.4928452726845606,,,,,64,10,20
raw,0,6.975000000153386e-05,-0.0396025036201442,,,,,64,10,20
poisson_pcg10,0,0.003154165999994518,0.9999998159473653,,,,,64,10,20
poisson_pcg80,0,0.011690624999999955,1.0,,,,,64,10,20
oracle,0,0.012397749999998098,1.0,,,,,64,10,20
adaptive_rank90,1,0.004996290999997655,0.9999999975552782,15.0,1.0,3.0,0.9975609756097561,64,10,20
amg,1,0.01968125000000498,0.9964706648249391,,,,,64,10,20
amg_reused,1,0.0011002500000003579,0.9964706648249391,,,,,64,10,20
pcg20,1,0.001663416999996059,0.5537055372839368,,,,,64,10,20
pcg10,1,0.0009594169999971314,0.2965533224441229,,,,,64,10,20
oracle,1,0.013626584000000719,1.0,,,,,64,10,20
poisson_pcg10,1,0.0024060000000005743,0.9999998159473653,,,,,64,10,20
poisson_pcg5,1,0.0013074159999959534,0.9973941059626852,,,,,64,10,20
jacobi20,1,0.0012059999999962656,0.21273996621869304,,,,,64,10,20
pcg5,1,0.0006813749999992069,0.16156034337111003,,,,,64,10,20
pcg80,1,0.008158792000003245,0.9503909796592992,,,,,64,10,20
poisson_pcg40,1,0.012256792000002292,1.0,,,,,64,10,20
pcg40,1,0.003013458000005187,0.7338507302607845,,,,,64,10,20
poisson,1,0.00019341699999841921,0.4928452726845606,,,,,64,10,20
poisson_pcg80,1,0.010422624999996799,1.0,,,,,64,10,20
oracle_reused,1,0.0007637499999972874,1.0,,,,,64,10,20
raw,1,6.974999999442844e-05,-0.0396025036201442,,,,,64,10,20
poisson_pcg20,1,0.004212832999996863,1.0,,,,,64,10,20
cg20,1,0.0015234160000048291,0.16663391804515454,,,,,64,10,20
poisson_pcg40,2,0.007520249999998896,1.0,,,,,64,10,20
poisson_pcg20,2,0.004521541999999101,1.0,,,,,64,10,20
poisson_pcg5,2,0.0010509589999969648,0.9973941059626852,,,,,64,10,20
adaptive_rank90,2,0.004557416000004366,0.9999999975552782,15.0,1.0,3.0,0.9975609756097561,64,10,20
pcg80,2,0.0059350419999972814,0.9503909796592992,,,,,64,10,20
pcg20,2,0.0016266250000001037,0.5537055372839368,,,,,64,10,20
pcg5,2,0.0005459590000000958,0.16156034337111003,,,,,64,10,20
raw,2,6.099999999520378e-05,-0.0396025036201442,,,,,64,10,20
amg_reused,2,0.0012171250000037048,0.9964706648249391,,,,,64,10,20
amg,2,0.017492040999997016,0.9964706648249391,,,,,64,10,20
poisson_pcg80,2,0.008071457999996312,1.0,,,,,64,10,20
poisson_pcg10,2,0.0018831250000062028,0.9999998159473653,,,,,64,10,20
oracle,2,0.013004124999994815,1.0,,,,,64,10,20
cg20,2,0.0015426669999953901,0.16663391804515454,,,,,64,10,20
pcg40,2,0.0029848329999992984,0.7338507302607845,,,,,64,10,20
pcg10,2,0.0009079589999956283,0.2965533224441229,,,,,64,10,20
oracle_reused,2,0.0005332499999965989,1.0,,,,,64,10,20
poisson,2,0.0002022500000009586,0.4928452726845606,,,,,64,10,20
jacobi20,2,0.0012340829999999414,0.21273996621869304,,,,,64,10,20
cg20,0,0.0014586250000050427,0.29162631513465587,,,,,64,10,21
poisson_pcg10,0,0.0026915829999936136,0.9999954398951569,,,,,64,10,21
pcg80,0,0.005724749999998835,0.9363006671059344,,,,,64,10,21
oracle,0,0.012341541000004952,1.0,,,,,64,10,21
pcg10,0,0.0009880419999959145,0.23205462328763296,,,,,64,10,21
pcg40,0,0.0036226659999982758,0.6549256021182412,,,,,64,10,21
poisson_pcg40,0,0.008398291999995422,1.0,,,,,64,10,21
poisson_pcg80,0,0.010090916999999422,1.0,,,,,64,10,21
raw,0,7.137500000453656e-05,0.18752238631847568,,,,,64,10,21
oracle_reused,0,0.0007246249999965926,1.0,,,,,64,10,21
adaptive_rank90,0,0.00628712500000006,0.9999999870778985,15.0,1.0,3.0,1.0,64,10,21
amg,0,0.018255166999999517,0.9812065943118392,,,,,64,10,21
amg_reused,0,0.001284791999999868,0.9812065943118392,,,,,64,10,21
pcg5,0,0.0006442910000004076,0.2263006767451235,,,,,64,10,21
pcg20,0,0.0016081249999970737,0.46315510636607815,,,,,64,10,21
poisson_pcg20,0,0.004980791000001261,0.999999999476131,,,,,64,10,21
jacobi20,0,0.0011253750000008722,0.22251303504764494,,,,,64,10,21
poisson_pcg5,0,0.001648959000000616,0.9946725950893445,,,,,64,10,21
poisson,0,0.00020733299999875499,0.5962662949795303,,,,,64,10,21
pcg40,1,0.0032052500000006034,0.6549256021182412,,,,,64,10,21
poisson_pcg10,1,0.0022296249999982365,0.9999954398951569,,,,,64,10,21
raw,1,7.166700000027504e-05,0.18752238631847568,,,,,64,10,21
amg_reused,1,0.0010466669999971145,0.9812065943118392,,,,,64,10,21
pcg80,1,0.005728791999999316,0.9363006671059344,,,,,64,10,21
pcg20,1,0.0019059170000019776,0.46315510636607815,,,,,64,10,21
pcg10,1,0.0009496670000004315,0.23205462328763296,,,,,64,10,21
amg,1,0.017541833000002782,0.9812065943118392,,,,,64,10,21
poisson_pcg20,1,0.0043408330000005435,0.999999999476131,,,,,64,10,21
oracle_reused,1,0.0007777920000009431,1.0,,,,,64,10,21
poisson_pcg5,1,0.0016002500000027453,0.9946725950893445,,,,,64,10,21
adaptive_rank90,1,0.00440133299999701,0.9999999870778985,15.0,1.0,3.0,1.0,64,10,21
oracle,1,0.013323833000001173,1.0,,,,,64,10,21
cg20,1,0.0016647499999962179,0.29162631513465587,,,,,64,10,21
pcg5,1,0.0005774999999985653,0.2263006767451235,,,,,64,10,21
poisson,1,0.0002512080000016681,0.5962662949795303,,,,,64,10,21
poisson_pcg80,1,0.009482750000003648,1.0,,,,,64,10,21
poisson_pcg40,1,0.009527417000001037,1.0,,,,,64,10,21
jacobi20,1,0.001305625000000532,0.22251303504764494,,,,,64,10,21
pcg80,2,0.006160958000002381,0.9363006671059344,,,,,64,10,21
cg20,2,0.0014502499999977658,0.29162631513465587,,,,,64,10,21
pcg5,2,0.0005567919999975857,0.2263006767451235,,,,,64,10,21
adaptive_rank90,2,0.004396915999997475,0.9999999870778985,15.0,1.0,3.0,1.0,64,10,21
poisson,2,0.00019724999999937154,0.5962662949795303,,,,,64,10,21
jacobi20,2,0.0009455829999964749,0.22251303504764494,,,,,64,10,21
amg_reused,2,0.0010963749999959305,0.9812065943118392,,,,,64,10,21
pcg40,2,0.0029496249999994006,0.6549256021182412,,,,,64,10,21
pcg10,2,0.0009624999999999773,0.23205462328763296,,,,,64,10,21
poisson_pcg10,2,0.0022787500000021055,0.9999954398951569,,,,,64,10,21
oracle,2,0.012512082999997176,1.0,,,,,64,10,21
poisson_pcg80,2,0.008996374999995282,1.0,,,,,64,10,21
poisson_pcg20,2,0.004524834000001476,0.999999999476131,,,,,64,10,21
raw,2,4.329200000086075e-05,0.18752238631847568,,,,,64,10,21
oracle_reused,2,0.0005455420000046729,1.0,,,,,64,10,21
poisson_pcg5,2,0.0010410419999971054,0.9946725950893445,,,,,64,10,21
pcg20,2,0.001680833000001769,0.46315510636607815,,,,,64,10,21
amg,2,0.01834879200000472,0.9812065943118392,,,,,64,10,21
poisson_pcg40,2,0.008643999999996765,1.0,,,,,64,10,21
pcg40,0,0.0031460420000044564,0.6819315381754362,,,,,64,10,22
amg_reused,0,0.001162125000000458,0.9870549132316508,,,,,64,10,22
poisson_pcg10,0,0.0024003750000005653,0.9999963280277002,,,,,64,10,22
pcg5,0,0.0006048329999970292,0.2993405603643468,,,,,64,10,22
poisson_pcg5,0,0.0012055409999973676,0.9897603214203012,,,,,64,10,22
pcg20,0,0.0016230829999983598,0.544615284870731,,,,,64,10,22
pcg10,0,0.0009816659999941635,0.36903564357737195,,,,,64,10,22
poisson_pcg40,0,0.008398958000000789,1.0,,,,,64,10,22
poisson,0,0.00025683400000531265,0.43440749908525494,,,,,64,10,22
cg20,0,0.001596749999997371,0.42477885517137753,,,,,64,10,22
adaptive_rank90,0,0.004515582999999879,0.9999999552965138,15.0,1.0,3.0,0.9951219512195122,64,10,22
amg,0,0.016999916000003168,0.9870549132316508,,,,,64,10,22
jacobi20,0,0.0010422909999974195,0.3343158894183272,,,,,64,10,22
pcg80,0,0.005989540999998155,0.9337323639857315,,,,,64,10,22
poisson_pcg20,0,0.004441499999998655,0.9999999996507541,,,,,64,10,22
oracle_reused,0,0.000717625000000055,1.0,,,,,64,10,22
poisson_pcg80,0,0.009322625000002915,1.0,,,,,64,10,22
oracle,0,0.013005124999999396,1.0,,,,,64,10,22
raw,0,0.00014395800000244208,0.2285166659276622,,,,,64,10,22
poisson_pcg20,1,0.0045786250000006135,0.9999999996507541,,,,,64,10,22
amg,1,0.016659209000003727,0.9870549132316508,,,,,64,10,22
poisson,1,0.00028191700000235187,0.43440749908525494,,,,,64,10,22
pcg40,1,0.003159583000005739,0.6819315381754362,,,,,64,10,22
poisson_pcg80,1,0.008829249999998012,1.0,,,,,64,10,22
oracle_reused,1,0.0005341669999978649,1.0,,,,,64,10,22
poisson_pcg5,1,0.0014884590000008302,0.9897603214203012,,,,,64,10,22
adaptive_rank90,1,0.0045354169999995975,0.9999999552965138,15.0,1.0,3.0,0.9951219512195122,64,10,22
poisson_pcg10,1,0.0020472500000039418,0.9999963280277002,,,,,64,10,22
raw,1,5.474999999677266e-05,0.2285166659276622,,,,,64,10,22
oracle,1,0.013276582999999675,1.0,,,,,64,10,22
pcg10,1,0.001105250000001945,0.36903564357737195,,,,,64,10,22
pcg80,1,0.009245374999999001,0.9337323639857315,,,,,64,10,22
poisson_pcg40,1,0.011749582999996733,1.0,,,,,64,10,22
pcg5,1,0.0006474999999994679,0.2993405603643468,,,,,64,10,22
cg20,1,0.0015532920000040917,0.42477885517137753,,,,,64,10,22
pcg20,1,0.0016545000000007803,0.544615284870731,,,,,64,10,22
amg_reused,1,0.0017937499999973738,0.9870549132316508,,,,,64,10,22
jacobi20,1,0.0010363750000053074,0.3343158894183272,,,,,64,10,22
poisson_pcg80,2,0.007955041999998969,1.0,,,,,64,10,22
poisson_pcg10,2,0.002413875000002008,0.9999963280277002,,,,,64,10,22
poisson_pcg40,2,0.013174792000000934,1.0,,,,,64,10,22
pcg5,2,0.0008538330000007477,0.2993405603643468,,,,,64,10,22
poisson_pcg5,2,0.001738625000001548,0.9897603214203012,,,,,64,10,22
pcg10,2,0.001039833000000101,0.36903564357737195,,,,,64,10,22
amg_reused,2,0.0033216249999981073,0.9870549132316508,,,,,64,10,22
pcg40,2,0.00323095800000317,0.6819315381754362,,,,,64,10,22
amg,2,0.01830624999999486,0.9870549132316508,,,,,64,10,22
raw,2,6.766700000326864e-05,0.2285166659276622,,,,,64,10,22
adaptive_rank90,2,0.006731833000003462,0.9999999552965138,15.0,1.0,3.0,0.9951219512195122,64,10,22
poisson,2,0.0002372919999942269,0.43440749908525494,,,,,64,10,22
jacobi20,2,0.0023757499999987886,0.3343158894183272,,,,,64,10,22
poisson_pcg20,2,0.004669583999998395,0.9999999996507541,,,,,64,10,22
cg20,2,0.0015019579999986377,0.42477885517137753,,,,,64,10,22
oracle_reused,2,0.000690874999996538,1.0,,,,,64,10,22
oracle,2,0.0133687919999943,1.0,,,,,64,10,22
pcg20,2,0.0016497920000020372,0.544615284870731,,,,,64,10,22
pcg80,2,0.006125625000002799,0.9337323639857315,,,,,64,10,22
poisson_pcg40,0,0.009771166000000164,1.0,,,,,64,10,23
amg,0,0.020079084000002467,0.9532784057756123,,,,,64,10,23
raw,0,4.433400000181109e-05,0.26170818426117654,,,,,64,10,23
pcg10,0,0.0009244159999965973,0.35939039598543693,,,,,64,10,23
amg_reused,0,0.0010589590000051885,0.9532784057756123,,,,,64,10,23
jacobi20,0,0.0010710000000031528,0.28799318632256604,,,,,64,10,23
adaptive_rank90,0,0.00289645799999505,0.9999968496265806,10.0,1.0,2.0,0.9146341463414634,64,10,23
oracle,0,0.012616624999999715,1.0,,,,,64,10,23
pcg40,0,0.003068583000001013,0.4559332878489331,,,,,64,10,23
poisson_pcg5,0,0.0012119579999989583,0.9928649048491884,,,,,64,10,23
cg20,0,0.0015037920000011695,0.34713190866535737,,,,,64,10,23
poisson,0,0.0003759999999957131,0.5121851942081493,,,,,64,10,23
pcg20,0,0.0016124579999967636,0.43522080602509117,,,,,64,10,23
poisson_pcg20,0,0.003679749999996318,1.0,,,,,64,10,23
oracle_reused,0,0.0008062499999965667,1.0,,,,,64,10,23
poisson_pcg80,0,0.008921499999999583,1.0,,,,,64,10,23
poisson_pcg10,0,0.0023521250000015925,0.9999968496265806,,,,,64,10,23
pcg80,0,0.006036458000004075,0.6900416352205581,,,,,64,10,23
pcg5,0,0.0005737500000009277,0.2488056786112147,,,,,64,10,23
poisson_pcg10,1,0.0020120410000004085,0.9999968496265806,,,,,64,10,23
raw,1,4.2167000003701105e-05,0.26170818426117654,,,,,64,10,23
poisson,1,0.0002770420000004492,0.5121851942081493,,,,,64,10,23
poisson_pcg5,1,0.0010581250000001319,0.9928649048491884,,,,,64,10,23
amg_reused,1,0.0010900830000011297,0.9532784057756123,,,,,64,10,23
pcg5,1,0.0005588750000029563,0.2488056786112147,,,,,64,10,23
pcg40,1,0.0029629580000047895,0.4559332878489331,,,,,64,10,23
amg,1,0.017839375000001212,0.9532784057756123,,,,,64,10,23
adaptive_rank90,1,0.0036171249999981114,0.9999968496265806,10.0,1.0,2.0,0.9146341463414634,64,10,23
poisson_pcg80,1,0.008951582999998209,1.0,,,,,64,10,23
cg20,1,0.0014062919999986434,0.34713190866535737,,,,,64,10,23
poisson_pcg20,1,0.0038674999999983584,1.0,,,,,64,10,23
poisson_pcg40,1,0.008785875000000942,1.0,,,,,64,10,23
oracle_reused,1,0.0007409169999945675,1.0,,,,,64,10,23
pcg10,1,0.0009972090000047729,0.35939039598543693,,,,,64,10,23
oracle,1,0.013165291999996498,1.0,,,,,64,10,23
jacobi20,1,0.0010032500000036748,0.28799318632256604,,,,,64,10,23
pcg20,1,0.001911624999998196,0.43522080602509117,,,,,64,10,23
pcg80,1,0.005813958000004504,0.6900416352205581,,,,,64,10,23
pcg40,2,0.002920708000004879,0.4559332878489331,,,,,64,10,23
pcg80,2,0.00598633300000273,0.6900416352205581,,,,,64,10,23
raw,2,5.7458000000565335e-05,0.26170818426117654,,,,,64,10,23
poisson_pcg10,2,0.0022782910000032075,0.9999968496265806,,,,,64,10,23
poisson_pcg5,2,0.0012824579999985986,0.9928649048491884,,,,,64,10,23
pcg10,2,0.001039791999993156,0.35939039598543693,,,,,64,10,23
adaptive_rank90,2,0.002768250000002581,0.9999968496265806,10.0,1.0,2.0,0.9146341463414634,64,10,23
poisson_pcg80,2,0.008248250000001178,1.0,,,,,64,10,23
pcg5,2,0.0005613749999966444,0.2488056786112147,,,,,64,10,23
oracle_reused,2,0.0005300839999975437,1.0,,,,,64,10,23
pcg20,2,0.0015493329999998195,0.43522080602509117,,,,,64,10,23
amg,2,0.017805750000000842,0.9532784057756123,,,,,64,10,23
oracle,2,0.013027999999998485,1.0,,,,,64,10,23
poisson_pcg40,2,0.008729959000000065,1.0,,,,,64,10,23
amg_reused,2,0.0010780420000031654,0.9532784057756123,,,,,64,10,23
poisson,2,0.00017625000000265345,0.5121851942081493,,,,,64,10,23
jacobi20,2,0.0010432500000021605,0.28799318632256604,,,,,64,10,23
cg20,2,0.0015737919999949668,0.34713190866535737,,,,,64,10,23
poisson_pcg20,2,0.00426554099999521,1.0,,,,,64,10,23
pcg5,0,0.0006681249999971328,0.2826254104967474,,,,,64,10,24
amg_reused,0,0.0011472910000023262,0.9926679804043386,,,,,64,10,24
raw,0,4.437500000165073e-05,0.15806999312851538,,,,,64,10,24
poisson_pcg5,0,0.0013340829999961556,0.9893874777558248,,,,,64,10,24
amg,0,0.017159834000004537,0.9926679804043386,,,,,64,10,24
oracle_reused,0,0.0006533749999988459,1.0,,,,,64,10,24
pcg40,0,0.002928334000003474,0.58982488897051,,,,,64,10,24
poisson_pcg10,0,0.0023102090000008957,0.9999961415303434,,,,,64,10,24
poisson_pcg40,0,0.008645916999995507,1.0,,,,,64,10,24
cg20,0,0.001470790999995586,0.36273614302288104,,,,,64,10,24
pcg10,0,0.0010381670000043641,0.34983198631251894,,,,,64,10,24
poisson_pcg80,0,0.009667041000000154,1.0,,,,,64,10,24
pcg20,0,0.0016612919999943188,0.43428449901445576,,,,,64,10,24
pcg80,0,0.006448708999997166,0.9848029564273445,,,,,64,10,24
poisson_pcg20,0,0.004411208000000499,0.9999999998253771,,,,,64,10,24
oracle,0,0.011919792000000484,1.0,,,,,64,10,24
jacobi20,0,0.001277208000004748,0.3157615188590598,,,,,64,10,24
adaptive_rank90,0,0.0050667910000044,0.9999999771243879,15.0,1.0,3.0,0.9975609756097561,64,10,24
poisson,0,0.0002521249999958286,0.6588198054018128,,,,,64,10,24
poisson,1,0.00024145900000149823,0.6588198054018128,,,,,64,10,24
poisson_pcg5,1,0.001190167000004294,0.9893874777558248,,,,,64,10,24
pcg40,1,0.0029787089999970817,0.58982488897051,,,,,64,10,24
poisson_pcg10,1,0.0022221250000029613,0.9999961415303434,,,,,64,10,24
poisson_pcg20,1,0.004662457999998537,0.9999999998253771,,,,,64,10,24
oracle_reused,1,0.0006791249999977822,1.0,,,,,64,10,24
cg20,1,0.0013900419999970381,0.36273614302288104,,,,,64,10,24
poisson_pcg40,1,0.00845087500000119,1.0,,,,,64,10,24
poisson_pcg80,1,0.010175791999998296,1.0,,,,,64,10,24
amg,1,0.016462999999994565,0.9926679804043386,,,,,64,10,24
amg_reused,1,0.0011735830000034753,0.9926679804043386,,,,,64,10,24
pcg20,1,0.0019338749999988636,0.43428449901445576,,,,,64,10,24
pcg80,1,0.0060566249999993715,0.9848029564273445,,,,,64,10,24
raw,1,7.745799999980818e-05,0.15806999312851538,,,,,64,10,24
pcg5,1,0.0005931250000017485,0.2826254104967474,,,,,64,10,24
oracle,1,0.013426333000005286,1.0,,,,,64,10,24
adaptive_rank90,1,0.005033916000002137,0.9999999771243879,15.0,1.0,3.0,0.9975609756097561,64,10,24
pcg10,1,0.000936916999997095,0.34983198631251894,,,,,64,10,24
jacobi20,1,0.0011141669999972237,0.3157615188590598,,,,,64,10,24
oracle_reused,2,0.0007660830000020269,1.0,,,,,64,10,24
pcg5,2,0.0007329580000003943,0.2826254104967474,,,,,64,10,24
jacobi20,2,0.0010649580000006154,0.3157615188590598,,,,,64,10,24
adaptive_rank90,2,0.004482207999998877,0.9999999771243879,15.0,1.0,3.0,0.9975609756097561,64,10,24
oracle,2,0.012313208000001907,1.0,,,,,64,10,24
poisson,2,0.00021870799999845758,0.6588198054018128,,,,,64,10,24
poisson_pcg80,2,0.010379125000000045,1.0,,,,,64,10,24
pcg20,2,0.0020195000000029495,0.43428449901445576,,,,,64,10,24
poisson_pcg10,2,0.0021837910000002125,0.9999961415303434,,,,,64,10,24
cg20,2,0.001735082999999804,0.36273614302288104,,,,,64,10,24
poisson_pcg40,2,0.010694041000000709,1.0,,,,,64,10,24
amg_reused,2,0.0012593750000036152,0.9926679804043386,,,,,64,10,24
pcg10,2,0.0010532499999982292,0.34983198631251894,,,,,64,10,24
poisson_pcg5,2,0.0018417499999969777,0.9893874777558248,,,,,64,10,24
pcg40,2,0.003049416999999721,0.58982488897051,,,,,64,10,24
amg,2,0.017121457999998313,0.9926679804043386,,,,,64,10,24
raw,2,5.358300000324334e-05,0.15806999312851538,,,,,64,10,24
pcg80,2,0.005914957999998194,0.9848029564273445,,,,,64,10,24
poisson_pcg20,2,0.0047273750000016435,0.9999999998253771,,,,,64,10,24
amg,0,0.01821879200000609,0.996240837217228,,,,,64,10,25
jacobi20,0,0.0010336670000015147,0.23166402622731186,,,,,64,10,25
oracle,0,0.012799833999999066,1.0,,,,,64,10,25
poisson_pcg80,0,0.010054416999999205,1.0,,,,,64,10,25
pcg5,0,0.0006258339999973828,0.21364179199847827,,,,,64,10,25
raw,0,5.979200000183482e-05,0.27718815619828363,,,,,64,10,25
pcg20,0,0.0018628750000004857,0.4475709304279085,,,,,64,10,25
pcg40,0,0.0030829999999966162,0.7930818328817723,,,,,64,10,25
poisson_pcg40,0,0.00914145800000199,1.0,,,,,64,10,25
pcg80,0,0.005764249999998583,0.9895112706150128,,,,,64,10,25
adaptive_rank90,0,0.004924417000005121,0.9999999907449812,15.0,1.0,3.0,0.9951219512195122,64,10,25
poisson_pcg20,0,0.004607000000000028,0.9999999998253771,,,,,64,10,25
oracle_reused,0,0.0005365409999953386,1.0,,,,,64,10,25
amg_reused,0,0.0010947909999998728,0.996240837217228,,,,,64,10,25
pcg10,0,0.0012985420000006798,0.2649629113335408,,,,,64,10,25
poisson_pcg5,0,0.0011382499999967877,0.998896510681954,,,,,64,10,25
poisson_pcg10,0,0.001922083000003738,0.9999994626850501,,,,,64,10,25
cg20,0,0.00148187499999608,0.31420142952948016,,,,,64,10,25
poisson,0,0.00024816699999519187,0.9219779021866487,,,,,64,10,25
pcg80,1,0.006087958000001947,0.9895112706150128,,,,,64,10,25
poisson_pcg80,1,0.009939541999997914,1.0,,,,,64,10,25
oracle_reused,1,0.0008532920000021704,1.0,,,,,64,10,25
pcg40,1,0.0030337500000001683,0.7930818328817723,,,,,64,10,25
poisson_pcg40,1,0.00805899999999582,1.0,,,,,64,10,25
poisson_pcg20,1,0.004335916000002271,0.9999999998253771,,,,,64,10,25
poisson,1,0.00022562499999878582,0.9219779021866487,,,,,64,10,25
pcg5,1,0.0006358340000005569,0.21364179199847827,,,,,64,10,25
cg20,1,0.0016542079999979364,0.31420142952948016,,,,,64,10,25
pcg20,1,0.0017828750000035143,0.4475709304279085,,,,,64,10,25
raw,1,4.770900000039546e-05,0.27718815619828363,,,,,64,10,25
poisson_pcg5,1,0.0012598750000023529,0.998896510681954,,,,,64,10,25
pcg10,1,0.000914999999999111,0.2649629113335408,,,,,64,10,25
amg,1,0.017436249999995823,0.996240837217228,,,,,64,10,25
amg_reused,1,0.0012605000000007749,0.996240837217228,,,,,64,10,25
oracle,1,0.012595291000003783,1.0,,,,,64,10,25
adaptive_rank90,1,0.00470849999999956,0.9999999907449812,15.0,1.0,3.0,0.9951219512195122,64,10,25
poisson_pcg10,1,0.002340042000000153,0.9999994626850501,,,,,64,10,25
jacobi20,1,0.0012762920000000122,0.23166402622731186,,,,,64,10,25
poisson_pcg40,2,0.008146249999995803,1.0,,,,,64,10,25
pcg80,2,0.006439583999998888,0.9895112706150128,,,,,64,10,25
pcg40,2,0.003373832999997717,0.7930818328817723,,,,,64,10,25
pcg5,2,0.0007080419999994092,0.21364179199847827,,,,,64,10,25
adaptive_rank90,2,0.004486582999994937,0.9999999907449812,15.0,1.0,3.0,0.9951219512195122,64,10,25
jacobi20,2,0.0010434999999944239,0.23166402622731186,,,,,64,10,25
poisson_pcg80,2,0.00863883300000623,1.0,,,,,64,10,25
amg,2,0.018210125000003075,0.996240837217228,,,,,64,10,25
oracle_reused,2,0.0007075419999935662,1.0,,,,,64,10,25
oracle,2,0.012960292000002482,1.0,,,,,64,10,25
pcg10,2,0.0009372080000034089,0.2649629113335408,,,,,64,10,25
raw,2,4.1917000004332294e-05,0.27718815619828363,,,,,64,10,25
poisson_pcg20,2,0.004367791999996484,0.9999999998253771,,,,,64,10,25
poisson,2,0.0002863750000017262,0.9219779021866487,,,,,64,10,25
pcg20,2,0.0016602079999969988,0.4475709304279085,,,,,64,10,25
amg_reused,2,0.0010935410000030288,0.996240837217228,,,,,64,10,25
poisson_pcg5,2,0.0010805839999932232,0.998896510681954,,,,,64,10,25
poisson_pcg10,2,0.002329374999995082,0.9999994626850501,,,,,64,10,25
cg20,2,0.0015255829999958337,0.31420142952948016,,,,,64,10,25
poisson_pcg5,0,0.0011712079999952607,0.9970903099759295,,,,,64,10,26
raw,0,4.2167000003701105e-05,0.03473402644552075,,,,,64,10,26
pcg5,0,0.0005769169999965129,0.1353237178160045,,,,,64,10,26
jacobi20,0,0.0010520839999941245,0.15426220814490813,,,,,64,10,26
amg,0,0.017155834000000425,0.992512900692714,,,,,64,10,26
adaptive_rank90,0,0.004595500000000641,0.9999999862047837,15.0,1.0,3.0,0.9975609756097561,64,10,26
pcg40,0,0.0029469999999989227,0.8111868200739442,,,,,64,10,26
pcg10,0,0.0011109159999946883,0.16995804658142386,,,,,64,10,26
poisson_pcg10,0,0.0023852910000030647,0.999997860169842,,,,,64,10,26
poisson_pcg40,0,0.008267541000002154,1.0,,,,,64,10,26
poisson_pcg20,0,0.004330916999997214,0.9999999996507541,,,,,64,10,26
poisson_pcg80,0,0.010040916999997762,1.0,,,,,64,10,26
cg20,0,0.0014914999999930956,0.17496473139407376,,,,,64,10,26
pcg20,0,0.0016383749999988595,0.29595865239748154,,,,,64,10,26
pcg80,0,0.00724029199999876,0.993128914383939,,,,,64,10,26
oracle,0,0.01275220799999488,1.0,,,,,64,10,26
poisson,0,0.00034600000000040154,0.5331976271696838,,,,,64,10,26
oracle_reused,0,0.0005472090000040453,1.0,,,,,64,10,26
amg_reused,0,0.0011344170000029408,0.992512900692714,,,,,64,10,26
pcg80,1,0.005716917000000876,0.993128914383939,,,,,64,10,26
oracle_reused,1,0.0008289590000032376,1.0,,,,,64,10,26
adaptive_rank90,1,0.004231791999998791,0.9999999862047837,15.0,1.0,3.0,0.9975609756097561,64,10,26
poisson_pcg5,1,0.001211459000003856,0.9970903099759295,,,,,64,10,26
pcg10,1,0.0009917080000008127,0.16995804658142386,,,,,64,10,26
oracle,1,0.01282300000000447,1.0,,,,,64,10,26
poisson_pcg10,1,0.0023982919999951946,0.999997860169842,,,,,64,10,26
pcg20,1,0.0016022920000011709,0.29595865239748154,,,,,64,10,26
amg,1,0.017180208000006303,0.992512900692714,,,,,64,10,26
cg20,1,0.0014469169999955511,0.17496473139407376,,,,,64,10,26
jacobi20,1,0.0012282080000005635,0.15426220814490813,,,,,64,10,26
amg_reused,1,0.0010772919999979536,0.992512900692714,,,,,64,10,26
poisson,1,0.0002592080000027863,0.5331976271696838,,,,,64,10,26
raw,1,6.88749999966376e-05,0.03473402644552075,,,,,64,10,26
poisson_pcg20,1,0.005043374999999628,0.9999999996507541,,,,,64,10,26
poisson_pcg80,1,0.009218333999996275,1.0,,,,,64,10,26
pcg40,1,0.00492783299999644,0.8111868200739442,,,,,64,10,26
pcg5,1,0.0006426249999975653,0.1353237178160045,,,,,64,10,26
poisson_pcg40,1,0.008403375000000324,1.0,,,,,64,10,26
poisson_pcg5,2,0.0013134160000021211,0.9970903099759295,,,,,64,10,26
poisson_pcg10,2,0.002306666999999152,0.999997860169842,,,,,64,10,26
poisson_pcg40,2,0.00912500000000449,1.0,,,,,64,10,26
poisson,2,0.0002330419999978517,0.5331976271696838,,,,,64,10,26
pcg10,2,0.0012986670000003642,0.16995804658142386,,,,,64,10,26
amg_reused,2,0.0011249160000019742,0.992512900692714,,,,,64,10,26
poisson_pcg80,2,0.009561208999997461,1.0,,,,,64,10,26
adaptive_rank90,2,0.004584999999998729,0.9999999862047837,15.0,1.0,3.0,0.9975609756097561,64,10,26
oracle,2,0.013333667000004823,1.0,,,,,64,10,26
oracle_reused,2,0.0005511660000010465,1.0,,,,,64,10,26
pcg40,2,0.0030280000000004748,0.8111868200739442,,,,,64,10,26
cg20,2,0.001560499999996523,0.17496473139407376,,,,,64,10,26
jacobi20,2,0.000956500000000915,0.15426220814490813,,,,,64,10,26
raw,2,4.2290999999750056e-05,0.03473402644552075,,,,,64,10,26
amg,2,0.017976666999999225,0.992512900692714,,,,,64,10,26
pcg5,2,0.0006979999999998654,0.1353237178160045,,,,,64,10,26
poisson_pcg20,2,0.0037472500000035325,0.9999999996507541,,,,,64,10,26
pcg20,2,0.0016054160000038564,0.29595865239748154,,,,,64,10,26
pcg80,2,0.006446208999996372,0.993128914383939,,,,,64,10,26
oracle,0,0.013892667000000358,1.0,,,,,64,10,27
amg,0,0.016445125000004168,0.9615151067608659,,,,,64,10,27
raw,0,8.61669999991932e-05,0.19315118126028738,,,,,64,10,27
jacobi20,0,0.0011134160000025872,0.3433843988241642,,,,,64,10,27
pcg20,0,0.0016772500000001855,0.800816705801775,,,,,64,10,27
cg20,0,0.0014603750000006244,0.5332530884800457,,,,,64,10,27
oracle_reused,0,0.0006622080000013852,1.0,,,,,64,10,27
pcg40,0,0.003272374999994554,0.9585779871316545,,,,,64,10,27
poisson,0,0.0002655420000010622,0.34752900816207427,,,,,64,10,27
amg_reused,0,0.0011090409999994222,0.9615151067608659,,,,,64,10,27
poisson_pcg5,0,0.001346666999999968,0.9951667706511667,,,,,64,10,27
pcg5,0,0.0005830409999987296,0.2671820589221565,,,,,64,10,27
pcg80,0,0.005918790999999146,0.997831197093424,,,,,64,10,27
pcg10,0,0.0009525000000039086,0.45502923073654145,,,,,64,10,27
poisson_pcg10,0,0.0024875829999970733,0.9999951910573918,,,,,64,10,27
poisson_pcg40,0,0.008528624999996737,1.0,,,,,64,10,27
poisson_pcg20,0,0.005520791999998664,0.9999999996507541,,,,,64,10,27
poisson_pcg80,0,0.010524250000003121,1.0,,,,,64,10,27
adaptive_rank90,0,0.004872333000001561,0.9999999785213719,15.0,1.0,3.0,0.9951219512195122,64,10,27
cg20,1,0.0016364159999966432,0.5332530884800457,,,,,64,10,27
amg,1,0.017817540999999437,0.9615151067608659,,,,,64,10,27
poisson_pcg20,1,0.0042101250000001755,0.9999999996507541,,,,,64,10,27
poisson,1,0.00028066600000187236,0.34752900816207427,,,,,64,10,27
oracle,1,0.012086000000003594,1.0,,,,,64,10,27
adaptive_rank90,1,0.005739292000001228,0.9999999785213719,15.0,1.0,3.0,0.9951219512195122,64,10,27
jacobi20,1,0.0010403340000024741,0.3433843988241642,,,,,64,10,27
raw,1,6.991699999758794e-05,0.19315118126028738,,,,,64,10,27
poisson_pcg80,1,0.00991958299999851,1.0,,,,,64,10,27
pcg80,1,0.005820542000002149,0.997831197093424,,,,,64,10,27
poisson_pcg5,1,0.0013299579999994648,0.9951667706511667,,,,,64,10,27
pcg20,1,0.0017815000000069858,0.800816705801775,,,,,64,10,27
pcg10,1,0.0010238329999978646,0.45502923073654145,,,,,64,10,27
oracle_reused,1,0.000676417000001095,1.0,,,,,64,10,27
amg_reused,1,0.0011089999999995825,0.9615151067608659,,,,,64,10,27
pcg40,1,0.0031481669999990913,0.9585779871316545,,,,,64,10,27
pcg5,1,0.0007718750000051955,0.2671820589221565,,,,,64,10,27
poisson_pcg40,1,0.008463875000003895,1.0,,,,,64,10,27
poisson_pcg10,1,0.004403041000003327,0.9999951910573918,,,,,64,10,27
pcg40,2,0.0030990830000021674,0.9585779871316545,,,,,64,10,27
poisson_pcg40,2,0.008111833000000956,1.0,,,,,64,10,27
pcg5,2,0.000643166999999778,0.2671820589221565,,,,,64,10,27
amg_reused,2,0.0011860000000041282,0.9615151067608659,,,,,64,10,27
raw,2,0.00011091600000412427,0.19315118126028738,,,,,64,10,27
cg20,2,0.001617416999998511,0.5332530884800457,,,,,64,10,27
poisson_pcg80,2,0.008956709000003116,1.0,,,,,64,10,27
poisson_pcg10,2,0.002476124999994056,0.9999951910573918,,,,,64,10,27
amg,2,0.018312792000003242,0.9615151067608659,,,,,64,10,27
pcg20,2,0.0016721670000023892,0.800816705801775,,,,,64,10,27
oracle_reused,2,0.0005470830000007254,1.0,,,,,64,10,27
jacobi20,2,0.0011554579999994985,0.3433843988241642,,,,,64,10,27
pcg80,2,0.0059685000000015975,0.997831197093424,,,,,64,10,27
poisson_pcg5,2,0.0012528749999987099,0.9951667706511667,,,,,64,10,27
adaptive_rank90,2,0.0051699579999962,0.9999999785213719,15.0,1.0,3.0,0.9951219512195122,64,10,27
poisson,2,0.00025099999999866895,0.34752900816207427,,,,,64,10,27
poisson_pcg20,2,0.0044709169999990195,0.9999999996507541,,,,,64,10,27
oracle,2,0.013821374999999136,1.0,,,,,64,10,27
pcg10,2,0.0013997499999973684,0.45502923073654145,,,,,64,10,27
pcg80,0,0.005941040999999814,0.9308834677343648,,,,,64,10,28
amg_reused,0,0.0011327090000037288,0.9910706048747698,,,,,64,10,28
raw,0,9.550000000047021e-05,-0.033943282542629245,,,,,64,10,28
amg,0,0.018654500000003793,0.9910706048747698,,,,,64,10,28
poisson_pcg10,0,0.0022209999999986962,0.9999994853860391,,,,,64,10,28
pcg20,0,0.0018706659999949693,0.550607143541665,,,,,64,10,28
oracle_reused,0,0.0006122089999962554,1.0,,,,,64,10,28
poisson_pcg5,0,0.0012504999999976008,0.9973990294579771,,,,,64,10,28
cg20,0,0.0018423750000025052,0.17723508665156137,,,,,64,10,28
poisson_pcg40,0,0.01003174999999601,1.0,,,,,64,10,28
poisson_pcg80,0,0.008670332999997754,1.0,,,,,64,10,28
pcg5,0,0.0005887079999951084,0.16880509757066728,,,,,64,10,28
poisson,0,0.0001859169999960386,0.6281508635861384,,,,,64,10,28
adaptive_rank90,0,0.004805541999999718,0.9999999975552782,15.0,1.0,3.0,1.0,64,10,28
oracle,0,0.012373083999996481,1.0,,,,,64,10,28
pcg40,0,0.003290415999998686,0.7207035599858759,,,,,64,10,28
pcg10,0,0.0009120839999994246,0.30851378925832224,,,,,64,10,28
jacobi20,0,0.0009101250000043137,0.24240607106032647,,,,,64,10,28
poisson_pcg20,0,0.004077041999998698,1.0,,,,,64,10,28
pcg10,1,0.0014946249999994166,0.30851378925832224,,,,,64,10,28
jacobi20,1,0.0012047919999957912,0.24240607106032647,,,,,64,10,28
poisson_pcg5,1,0.0014337500000038972,0.9973990294579771,,,,,64,10,28
pcg40,1,0.003122875000002523,0.7207035599858759,,,,,64,10,28
amg_reused,1,0.0014737499999952774,0.9910706048747698,,,,,64,10,28
poisson_pcg40,1,0.007842208999996103,1.0,,,,,64,10,28
poisson,1,0.0003275839999972163,0.6281508635861384,,,,,64,10,28
amg,1,0.0191752919999999,0.9910706048747698,,,,,64,10,28
pcg80,1,0.0070928750000049945,0.9308834677343648,,,,,64,10,28
poisson_pcg80,1,0.009609999999995011,1.0,,,,,64,10,28
pcg5,1,0.0006067079999994007,0.16880509757066728,,,,,64,10,28
oracle_reused,1,0.0006865840000003232,1.0,,,,,64,10,28
raw,1,8.158299999649898e-05,-0.033943282542629245,,,,,64,10,28
oracle,1,0.013237250000003087,1.0,,,,,64,10,28
pcg20,1,0.0016229169999988358,0.550607143541665,,,,,64,10,28
adaptive_rank90,1,0.00497883300000268,0.9999999975552782,15.0,1.0,3.0,1.0,64,10,28
poisson_pcg10,1,0.0019221670000035829,0.9999994853860391,,,,,64,10,28
cg20,1,0.001898374999996122,0.17723508665156137,,,,,64,10,28
poisson_pcg20,1,0.00373587500000383,1.0,,,,,64,10,28
pcg40,2,0.003996041000000616,0.7207035599858759,,,,,64,10,28
cg20,2,0.0015217079999985117,0.17723508665156137,,,,,64,10,28
pcg5,2,0.0010304589999989844,0.16880509757066728,,,,,64,10,28
oracle_reused,2,0.0006458749999964652,1.0,,,,,64,10,28
jacobi20,2,0.001037500000002467,0.24240607106032647,,,,,64,10,28
poisson_pcg40,2,0.00865399999999994,1.0,,,,,64,10,28
pcg80,2,0.006438500000001568,0.9308834677343648,,,,,64,10,28
poisson_pcg5,2,0.0013762090000000171,0.9973990294579771,,,,,64,10,28
poisson,2,0.00031387499999624424,0.6281508635861384,,,,,64,10,28
pcg20,2,0.001761833000003321,0.550607143541665,,,,,64,10,28
raw,2,4.150000000180398e-05,-0.033943282542629245,,,,,64,10,28
poisson_pcg80,2,0.010724875000001077,1.0,,,,,64,10,28
adaptive_rank90,2,0.004743458999996619,0.9999999975552782,15.0,1.0,3.0,1.0,64,10,28
amg_reused,2,0.0013305420000051527,0.9910706048747698,,,,,64,10,28
poisson_pcg10,2,0.0021944579999981784,0.9999994853860391,,,,,64,10,28
amg,2,0.018309290999994232,0.9910706048747698,,,,,64,10,28
poisson_pcg20,2,0.004733915999999283,1.0,,,,,64,10,28
pcg10,2,0.0009517499999986967,0.30851378925832224,,,,,64,10,28
oracle,2,0.012764791999998693,1.0,,,,,64,10,28
jacobi20,0,0.001130625000001828,0.42940954856547636,,,,,64,10,29
poisson_pcg10,0,0.0022905420000043364,0.9999956808748874,,,,,64,10,29
pcg10,0,0.0009034169999964092,0.4660527332591591,,,,,64,10,29
amg,0,0.01688674999999762,0.9728715655638652,,,,,64,10,29
poisson_pcg80,0,0.00967570800000317,1.0,,,,,64,10,29
pcg20,0,0.0015890419999990968,0.6916034733994141,,,,,64,10,29
amg_reused,0,0.0013059159999997405,0.9728715655638652,,,,,64,10,29
pcg5,0,0.000692292000003647,0.35989574619645975,,,,,64,10,29
oracle,0,0.012343374999993273,1.0,,,,,64,10,29
poisson,0,0.0003081660000034958,0.41749768160036915,,,,,64,10,29
poisson_pcg5,0,0.0012939579999979856,0.9868381076097852,,,,,64,10,29
raw,0,5.287500000150658e-05,0.1921643753755093,,,,,64,10,29
adaptive_rank90,0,0.004100375000000156,0.9999999638530406,15.0,1.0,3.0,0.9951219512195122,64,10,29
poisson_pcg20,0,0.004178916999997284,0.9999999998253771,,,,,64,10,29
oracle_reused,0,0.0005441659999974036,1.0,,,,,64,10,29
cg20,0,0.0014555000000058271,0.4674719472352459,,,,,64,10,29
pcg80,0,0.005798584000004325,0.9880045071312119,,,,,64,10,29
pcg40,0,0.003223499999997159,0.854458495914325,,,,,64,10,29
poisson_pcg40,0,0.00879845899999765,1.0,,,,,64,10,29
oracle_reused,1,0.0008378750000019863,1.0,,,,,64,10,29
raw,1,6.679199999837238e-05,0.1921643753755093,,,,,64,10,29
poisson_pcg5,1,0.0011324999999970942,0.9868381076097852,,,,,64,10,29
poisson_pcg80,1,0.009382999999999697,1.0,,,,,64,10,29
poisson_pcg20,1,0.00443716700000607,0.9999999998253771,,,,,64,10,29
pcg5,1,0.0006167080000025749,0.35989574619645975,,,,,64,10,29
pcg20,1,0.0016357079999949065,0.6916034733994141,,,,,64,10,29
adaptive_rank90,1,0.004668666999997129,0.9999999638530406,15.0,1.0,3.0,0.9951219512195122,64,10,29
pcg40,1,0.0031035829999979114,0.854458495914325,,,,,64,10,29
poisson,1,0.00019029199999920365,0.41749768160036915,,,,,64,10,29
oracle,1,0.012224625000001765,1.0,,,,,64,10,29
amg,1,0.017020834000000207,0.9728715655638652,,,,,64,10,29
amg_reused,1,0.001080041999998116,0.9728715655638652,,,,,64,10,29
poisson_pcg10,1,0.00195854100000048,0.9999956808748874,,,,,64,10,29
cg20,1,0.0013774999999967008,0.4674719472352459,,,,,64,10,29
pcg10,1,0.0008764580000004685,0.4660527332591591,,,,,64,10,29
pcg80,1,0.005863333999997167,0.9880045071312119,,,,,64,10,29
jacobi20,1,0.0009974170000006666,0.42940954856547636,,,,,64,10,29
poisson_pcg40,1,0.0077450419999962605,1.0,,,,,64,10,29
poisson_pcg10,2,0.0025567909999963945,0.9999956808748874,,,,,64,10,29
adaptive_rank90,2,0.0052580420000012396,0.9999999638530406,15.0,1.0,3.0,0.9951219512195122,64,10,29
jacobi20,2,0.001022249999998337,0.42940954856547636,,,,,64,10,29
pcg20,2,0.0017838340000011499,0.6916034733994141,,,,,64,10,29
poisson_pcg5,2,0.0012119169999991186,0.9868381076097852,,,,,64,10,29
amg_reused,2,0.0010297910000005572,0.9728715655638652,,,,,64,10,29
cg20,2,0.0014973329999961038,0.4674719472352459,,,,,64,10,29
amg,2,0.01628279199999838,0.9728715655638652,,,,,64,10,29
poisson_pcg80,2,0.009018875000002424,1.0,,,,,64,10,29
pcg5,2,0.0006037919999997143,0.35989574619645975,,,,,64,10,29
pcg80,2,0.00586799999999954,0.9880045071312119,,,,,64,10,29
raw,2,5.2458000006083694e-05,0.1921643753755093,,,,,64,10,29
oracle_reused,2,0.0005395409999948697,1.0,,,,,64,10,29
oracle,2,0.013040666999998507,1.0,,,,,64,10,29
poisson,2,0.00022020800000177587,0.41749768160036915,,,,,64,10,29
pcg40,2,0.0031367919999993887,0.854458495914325,,,,,64,10,29
poisson_pcg20,2,0.004181167000005814,0.9999999998253771,,,,,64,10,29
pcg10,2,0.0008864169999966975,0.4660527332591591,,,,,64,10,29
poisson_pcg40,2,0.0071087080000040714,1.0,,,,,64,10,29
pcg40,0,0.00342091600000316,0.6933185996579848,,,,,64,100,0
poisson_pcg10,0,0.002191541999998492,0.928147173976916,,,,,64,100,0
poisson_pcg20,0,0.004054333999995663,0.9999556003577622,,,,,64,100,0
poisson_pcg80,0,0.01543620799999701,1.0,,,,,64,100,0
poisson_pcg40,0,0.006094750000002591,1.0,,,,,64,100,0
raw,0,3.583299999831979e-05,0.4203358628102534,,,,,64,100,0
jacobi20,0,0.0007866250000034825,0.40190031848300284,,,,,64,100,0
pcg5,0,0.0005571670000037443,0.3892448760794216,,,,,64,100,0
amg_reused,0,0.0010846659999970143,0.6982747747698664,,,,,64,100,0
cg20,0,0.0016453329999990274,0.444669751703147,,,,,64,100,0
oracle_reused,0,0.000542124999995508,1.0,,,,,64,100,0
oracle,0,0.012433583000003523,1.0,,,,,64,100,0
pcg20,0,0.0016581249999987335,0.6539634524762267,,,,,64,100,0
poisson,0,0.0002518750000035652,0.5194282238310263,,,,,64,100,0
poisson_pcg5,0,0.0012739579999987427,0.5370752653668793,,,,,64,100,0
pcg10,0,0.001003791000002252,0.4449369199932207,,,,,64,100,0
amg,0,0.016348666000006062,0.6982747747698664,,,,,64,100,0
pcg80,0,0.005848999999997773,0.7473664750172332,,,,,64,100,0
adaptive_rank90,0,0.008817875000005415,0.9999999912688504,30.0,1.0,6.0,0.973170731707317,64,100,0
pcg10,1,0.0009592090000012377,0.4449369199932207,,,,,64,100,0
adaptive_rank90,1,0.00850391600000222,0.9999999912688504,30.0,1.0,6.0,0.973170731707317,64,100,0
oracle_reused,1,0.0007288750000000732,1.0,,,,,64,100,0
amg,1,0.017734750000002464,0.6982747747698664,,,,,64,100,0
raw,1,6.125000000167802e-05,0.4203358628102534,,,,,64,100,0
cg20,1,0.0015986670000032177,0.444669751703147,,,,,64,100,0
poisson_pcg40,1,0.00751833400000379,1.0,,,,,64,100,0
jacobi20,1,0.0008622080000009191,0.40190031848300284,,,,,64,100,0
poisson_pcg10,1,0.0019496250000017312,0.928147173976916,,,,,64,100,0
pcg80,1,0.006491750000002128,0.7473664750172332,,,,,64,100,0
poisson,1,0.00019887500000237424,0.5194282238310263,,,,,64,100,0
amg_reused,1,0.0010772919999979536,0.6982747747698664,,,,,64,100,0
poisson_pcg80,1,0.01681412499999624,1.0,,,,,64,100,0
pcg40,1,0.003118874999998411,0.6933185996579848,,,,,64,100,0
poisson_pcg5,1,0.000955583999996179,0.5370752653668793,,,,,64,100,0
pcg20,1,0.0013452499999999645,0.6539634524762267,,,,,64,100,0
poisson_pcg20,1,0.004095917000000782,0.9999556003577622,,,,,64,100,0
oracle,1,0.01186212500000039,1.0,,,,,64,100,0
pcg5,1,0.0005915830000020605,0.3892448760794216,,,,,64,100,0
poisson_pcg5,2,0.0013327090000032626,0.5370752653668793,,,,,64,100,0
poisson,2,0.00024158299999754718,0.5194282238310263,,,,,64,100,0
amg,2,0.01613512499999814,0.6982747747698664,,,,,64,100,0
poisson_pcg10,2,0.001759582999994791,0.928147173976916,,,,,64,100,0
poisson_pcg20,2,0.0037807919999934825,0.9999556003577622,,,,,64,100,0
raw,2,3.691599999910977e-05,0.4203358628102534,,,,,64,100,0
adaptive_rank90,2,0.009353665999995542,0.9999999912688504,30.0,1.0,6.0,0.973170731707317,64,100,0
poisson_pcg80,2,0.015717416000001094,1.0,,,,,64,100,0
cg20,2,0.0015875830000027236,0.444669751703147,,,,,64,100,0
oracle_reused,2,0.0007343330000040282,1.0,,,,,64,100,0
oracle,2,0.01132137500000141,1.0,,,,,64,100,0
pcg5,2,0.0005183329999951525,0.3892448760794216,,,,,64,100,0
pcg10,2,0.001274541999997325,0.4449369199932207,,,,,64,100,0
jacobi20,2,0.0010455000000035852,0.40190031848300284,,,,,64,100,0
amg_reused,2,0.0010579590000006078,0.6982747747698664,,,,,64,100,0
pcg40,2,0.003144792000000507,0.6933185996579848,,,,,64,100,0
pcg20,2,0.0016307500000039,0.6539634524762267,,,,,64,100,0
pcg80,2,0.0053542500000034465,0.7473664750172332,,,,,64,100,0
poisson_pcg40,2,0.007469708999998659,1.0,,,,,64,100,0
poisson,0,0.00030795800000049667,0.19117305775645718,,,,,64,100,1
poisson_pcg5,0,0.001310583999995174,0.6807468615638085,,,,,64,100,1
cg20,0,0.0011903329999967127,0.1361752195192632,,,,,64,100,1
poisson_pcg80,0,0.01625991600000276,1.0,,,,,64,100,1
raw,0,0.00018662499999777538,-0.007211860117091841,,,,,64,100,1
poisson_pcg40,0,0.007710166999999046,1.0,,,,,64,100,1
oracle,0,0.011271166000000221,1.0,,,,,64,100,1
pcg80,0,0.0058520409999971434,0.9460899402501586,,,,,64,100,1
oracle_reused,0,0.0007535840000016947,1.0,,,,,64,100,1
adaptive_rank90,0,0.00756620900000371,0.9999999587889736,25.0,1.0,5.0,0.9585365853658536,64,100,1
amg,0,0.01625800000000055,0.9399710803717833,,,,,64,100,1
pcg20,0,0.0016783330000009755,0.5647739877649911,,,,,64,100,1
poisson_pcg20,0,0.0032019159999947533,0.9999991780495712,,,,,64,100,1
jacobi20,0,0.0011706670000037889,0.3283263734894692,,,,,64,100,1
pcg10,0,0.000976250000000789,0.3640658845428532,,,,,64,100,1
poisson_pcg10,0,0.0022168330000056358,0.987433016715304,,,,,64,100,1
pcg5,0,0.00064270800000088,0.28629541776413725,,,,,64,100,1
pcg40,0,0.0030934580000021583,0.8074076926443655,,,,,64,100,1
amg_reused,0,0.001082875000001593,0.9399710803717833,,,,,64,100,1
jacobi20,1,0.0009170419999975365,0.3283263734894692,,,,,64,100,1
cg20,1,0.0018628750000004857,0.1361752195192632,,,,,64,100,1
oracle,1,0.012769333000001382,1.0,,,,,64,100,1
poisson_pcg80,1,0.01706283400000075,1.0,,,,,64,100,1
pcg80,1,0.006205457999996611,0.9460899402501586,,,,,64,100,1
poisson,1,0.0003356670000016493,0.19117305775645718,,,,,64,100,1
amg,1,0.019197958000006565,0.9399710803717833,,,,,64,100,1
adaptive_rank90,1,0.00734662499999672,0.9999999587889736,25.0,1.0,5.0,0.9585365853658536,64,100,1
pcg10,1,0.0009572499999990214,0.3640658845428532,,,,,64,100,1
amg_reused,1,0.0011139579999976945,0.9399710803717833,,,,,64,100,1
poisson_pcg10,1,0.0023820839999970644,0.987433016715304,,,,,64,100,1
pcg20,1,0.001634833000004221,0.5647739877649911,,,,,64,100,1
pcg5,1,0.0006138749999990978,0.28629541776413725,,,,,64,100,1
poisson_pcg5,1,0.0014108750000048076,0.6807468615638085,,,,,64,100,1
poisson_pcg20,1,0.004273500000003594,0.9999991780495712,,,,,64,100,1
poisson_pcg40,1,0.008233124999996733,1.0,,,,,64,100,1
raw,1,5.312499999376996e-05,-0.007211860117091841,,,,,64,100,1
pcg40,1,0.0029399999999952797,0.8074076926443655,,,,,64,100,1
oracle_reused,1,0.0005463749999989886,1.0,,,,,64,100,1
oracle,2,0.011410791000002973,1.0,,,,,64,100,1
pcg10,2,0.0009406249999983629,0.3640658845428532,,,,,64,100,1
pcg40,2,0.0031879999999944175,0.8074076926443655,,,,,64,100,1
cg20,2,0.0015509580000028222,0.1361752195192632,,,,,64,100,1
adaptive_rank90,2,0.007347166999998933,0.9999999587889736,25.0,1.0,5.0,0.9585365853658536,64,100,1
poisson,2,0.00021037500000176124,0.19117305775645718,,,,,64,100,1
amg_reused,2,0.001408791999999437,0.9399710803717833,,,,,64,100,1
poisson_pcg5,2,0.0013514999999983957,0.6807468615638085,,,,,64,100,1
amg,2,0.014815499999997428,0.9399710803717833,,,,,64,100,1
pcg5,2,0.0005532079999994721,0.28629541776413725,,,,,64,100,1
poisson_pcg20,2,0.004490791999998578,0.9999991780495712,,,,,64,100,1
oracle_reused,2,0.000671583999995562,1.0,,,,,64,100,1
pcg20,2,0.0016905419999986293,0.5647739877649911,,,,,64,100,1
jacobi20,2,0.0011343749999994657,0.3283263734894692,,,,,64,100,1
raw,2,6.65829999988432e-05,-0.007211860117091841,,,,,64,100,1
pcg80,2,0.005930417000001853,0.9460899402501586,,,,,64,100,1
poisson_pcg10,2,0.0016915409999995745,0.987433016715304,,,,,64,100,1
poisson_pcg40,2,0.008108874999997795,1.0,,,,,64,100,1
poisson_pcg80,2,0.016282207999999798,1.0,,,,,64,100,1
oracle,0,0.010951916999999867,1.0,,,,,64,100,2
pcg20,0,0.0017378329999999664,0.4956478395349921,,,,,64,100,2
poisson,0,0.0002585830000043643,0.40392041681418817,,,,,64,100,2
jacobi20,0,0.0010472080000027972,0.2972313721760249,,,,,64,100,2
poisson_pcg20,0,0.0037570000000002324,0.9999419460620587,,,,,64,100,2
amg_reused,0,0.0013870000000011373,0.9676182289166066,,,,,64,100,2
poisson_pcg40,0,0.007295040999999003,0.999999999476131,,,,,64,100,2
pcg40,0,0.002803790999998057,0.7590669145740405,,,,,64,100,2
pcg5,0,0.0005790419999982532,0.26087145775861414,,,,,64,100,2
adaptive_rank90,0,0.007485417000005157,0.9999988488852294,25.0,1.0,5.0,0.9341463414634147,64,100,2
poisson_pcg5,0,0.0012165840000051276,0.7400518134709598,,,,,64,100,2
pcg10,0,0.001481708000000026,0.3569329472083679,,,,,64,100,2
poisson_pcg80,0,0.0152907910000053,1.0,,,,,64,100,2
raw,0,4.2582999995488535e-05,0.22964878520930396,,,,,64,100,2
poisson_pcg10,0,0.0017736249999984466,0.7929125687190373,,,,,64,100,2
amg,0,0.016133957999997506,0.9676182289166066,,,,,64,100,2
oracle_reused,0,0.0006371659999970802,1.0,,,,,64,100,2
cg20,0,0.0014739589999948066,0.30371716525442766,,,,,64,100,2
pcg80,0,0.005666374999997004,0.7909824019278155,,,,,64,100,2
adaptive_rank90,1,0.006918957999999975,0.9999988488852294,25.0,1.0,5.0,0.9341463414634147,64,100,2
poisson_pcg40,1,0.008201833000001102,0.999999999476131,,,,,64,100,2
pcg10,1,0.0009385840000035728,0.3569329472083679,,,,,64,100,2
pcg5,1,0.0006871249999989004,0.26087145775861414,,,,,64,100,2
pcg40,1,0.0031363330000004908,0.7590669145740405,,,,,64,100,2
poisson,1,0.00017183300000311874,0.40392041681418817,,,,,64,100,2
poisson_pcg80,1,0.0143787079999953,1.0,,,,,64,100,2
poisson_pcg5,1,0.0012901249999970332,0.7400518134709598,,,,,64,100,2
amg_reused,1,0.0010477499999979045,0.9676182289166066,,,,,64,100,2
jacobi20,1,0.0011082910000013158,0.2972313721760249,,,,,64,100,2
oracle,1,0.012823791999998946,1.0,,,,,64,100,2
pcg20,1,0.0018980830000003834,0.4956478395349921,,,,,64,100,2
amg,1,0.015883125000001996,0.9676182289166066,,,,,64,100,2
poisson_pcg10,1,0.0022459589999996865,0.7929125687190373,,,,,64,100,2
poisson_pcg20,1,0.0033796250000008854,0.9999419460620587,,,,,64,100,2
raw,1,8.208300000234203e-05,0.22964878520930396,,,,,64,100,2
oracle_reused,1,0.000712624999998468,1.0,,,,,64,100,2
pcg80,1,0.005793666999998948,0.7909824019278155,,,,,64,100,2
cg20,1,0.0014315829999986818,0.30371716525442766,,,,,64,100,2
poisson_pcg10,2,0.002975042000002759,0.7929125687190373,,,,,64,100,2
amg,2,0.013783166999999708,0.9676182289166066,,,,,64,100,2
jacobi20,2,0.0008883749999952784,0.2972313721760249,,,,,64,100,2
adaptive_rank90,2,0.0065087500000018395,0.9999988488852294,25.0,1.0,5.0,0.9341463414634147,64,100,2
cg20,2,0.0014477080000006026,0.30371716525442766,,,,,64,100,2
pcg40,2,0.002884874999999454,0.7590669145740405,,,,,64,100,2
poisson_pcg5,2,0.0009402920000027848,0.7400518134709598,,,,,64,100,2
pcg20,2,0.0013679170000031604,0.4956478395349921,,,,,64,100,2
pcg5,2,0.0004695000000012328,0.26087145775861414,,,,,64,100,2
oracle_reused,2,0.0008278749999988122,1.0,,,,,64,100,2
pcg80,2,0.005840124999998864,0.7909824019278155,,,,,64,100,2
poisson_pcg40,2,0.007931415999998137,0.999999999476131,,,,,64,100,2
oracle,2,0.012494791999998256,1.0,,,,,64,100,2
poisson_pcg20,2,0.004768250000005025,0.9999419460620587,,,,,64,100,2
pcg10,2,0.0010170420000008562,0.3569329472083679,,,,,64,100,2
poisson,2,0.0002497079999983498,0.40392041681418817,,,,,64,100,2
amg_reused,2,0.0010564170000009199,0.9676182289166066,,,,,64,100,2
poisson_pcg80,2,0.014693915999998808,1.0,,,,,64,100,2
raw,2,5.233299999929386e-05,0.22964878520930396,,,,,64,100,2
pcg20,0,0.0018066250000003947,0.3605960518034616,,,,,64,100,3
oracle,0,0.013509082999995314,1.0,,,,,64,100,3
jacobi20,0,0.0011099580000006881,0.19270104526809126,,,,,64,100,3
poisson_pcg20,0,0.005316874999998333,0.9999597839754318,,,,,64,100,3
poisson_pcg5,0,0.0011475829999980647,0.6242403934722628,,,,,64,100,3
adaptive_rank90,0,0.009162791999997921,0.9999999435967731,30.0,1.0,6.0,0.9146341463414634,64,100,3
cg20,0,0.0014834170000028735,0.25765027733484075,,,,,64,100,3
pcg5,0,0.0005542079999969474,0.1510473092594443,,,,,64,100,3
poisson_pcg80,0,0.016595750000000464,1.0,,,,,64,100,3
pcg80,0,0.006019375000001048,0.9204978010145567,,,,,64,100,3
amg_reused,0,0.0010845420000009653,0.8101406870749818,,,,,64,100,3
oracle_reused,0,0.0006620830000017008,1.0,,,,,64,100,3
pcg40,0,0.003119625000003623,0.5698220758639396,,,,,64,100,3
poisson,0,0.00025262500000167165,0.4698514179401013,,,,,64,100,3
raw,0,5.704099999803702e-05,0.27386459693297205,,,,,64,100,3
poisson_pcg10,0,0.0022970000000057667,0.962972720682392,,,,,64,100,3
pcg10,0,0.0009122499999989486,0.20865674018071162,,,,,64,100,3
poisson_pcg40,0,0.00755741700000101,0.999999998603016,,,,,64,100,3
amg,0,0.02151391700000005,0.8101406870749818,,,,,64,100,3
amg,1,0.02063883299999958,0.8101406870749818,,,,,64,100,3
cg20,1,0.0013252500000007217,0.25765027733484075,,,,,64,100,3
poisson_pcg40,1,0.00874304199999898,0.999999998603016,,,,,64,100,3
pcg10,1,0.0008149579999994216,0.20865674018071162,,,,,64,100,3
pcg40,1,0.003083707999998353,0.5698220758639396,,,,,64,100,3
poisson_pcg5,1,0.0009995419999953015,0.6242403934722628,,,,,64,100,3
pcg20,1,0.0013836660000023926,0.3605960518034616,,,,,64,100,3
amg_reused,1,0.000937875000005306,0.8101406870749818,,,,,64,100,3
pcg80,1,0.005533208999999317,0.9204978010145567,,,,,64,100,3
adaptive_rank90,1,0.008318917000003978,0.9999999435967731,30.0,1.0,6.0,0.9146341463414634,64,100,3
jacobi20,1,0.0008043750000013006,0.19270104526809126,,,,,64,100,3
raw,1,3.783399999690573e-05,0.27386459693297205,,,,,64,100,3
poisson_pcg20,1,0.0031236250000006294,0.9999597839754318,,,,,64,100,3
pcg5,1,0.00048029199999888306,0.1510473092594443,,,,,64,100,3
oracle_reused,1,0.00045862500000026785,1.0,,,,,64,100,3
poisson_pcg10,1,0.0022772080000024175,0.962972720682392,,,,,64,100,3
poisson,1,0.00028883299999904466,0.4698514179401013,,,,,64,100,3
oracle,1,0.012213584000001276,1.0,,,,,64,100,3
poisson_pcg80,1,0.013048083000001043,1.0,,,,,64,100,3
jacobi20,2,0.001096125000003667,0.19270104526809126,,,,,64,100,3
amg,2,0.019305041000002632,0.8101406870749818,,,,,64,100,3
pcg20,2,0.0017163340000010407,0.3605960518034616,,,,,64,100,3
amg_reused,2,0.0011182909999973845,0.8101406870749818,,,,,64,100,3
poisson,2,0.0002700830000037513,0.4698514179401013,,,,,64,100,3
pcg40,2,0.003107458000002339,0.5698220758639396,,,,,64,100,3
pcg10,2,0.0008234999999956472,0.20865674018071162,,,,,64,100,3
cg20,2,0.0012825420000055487,0.25765027733484075,,,,,64,100,3
pcg80,2,0.0063530420000006416,0.9204978010145567,,,,,64,100,3
pcg5,2,0.000584125000003155,0.1510473092594443,,,,,64,100,3
poisson_pcg40,2,0.006384582999999111,0.999999998603016,,,,,64,100,3
poisson_pcg20,2,0.003144333000001609,0.9999597839754318,,,,,64,100,3
poisson_pcg80,2,0.015180792000002441,1.0,,,,,64,100,3
oracle_reused,2,0.0005923749999965366,1.0,,,,,64,100,3
poisson_pcg5,2,0.0013524169999996616,0.6242403934722628,,,,,64,100,3
adaptive_rank90,2,0.009044583999994416,0.9999999435967731,30.0,1.0,6.0,0.9146341463414634,64,100,3
oracle,2,0.0124213750000024,1.0,,,,,64,100,3
raw,2,5.5000000003246896e-05,0.27386459693297205,,,,,64,100,3
poisson_pcg10,2,0.0019662499999952843,0.962972720682392,,,,,64,100,3
amg,0,0.01483237500000456,0.938216383320604,,,,,64,100,4
poisson_pcg10,0,0.001953999999997791,0.9747824049075823,,,,,64,100,4
oracle,0,0.013009083000000032,1.0,,,,,64,100,4
pcg40,0,0.0033985000000029686,0.6907014918559189,,,,,64,100,4
poisson_pcg40,0,0.007544208000005881,1.0,,,,,64,100,4
pcg20,0,0.0013736669999957485,0.615039369137976,,,,,64,100,4
raw,0,6.704199999774119e-05,0.15784219097290209,,,,,64,100,4
pcg80,0,0.00595179200000473,0.8393243997397475,,,,,64,100,4
pcg5,0,0.0005842919999992091,0.14827257015457795,,,,,64,100,4
amg_reused,0,0.0010612499999993474,0.938216383320604,,,,,64,100,4
poisson_pcg5,0,0.001387207999997031,0.8149194838175057,,,,,64,100,4
oracle_reused,0,0.000545875000000251,1.0,,,,,64,100,4
pcg10,0,0.0008903340000046001,0.3109169700985645,,,,,64,100,4
poisson,0,0.00018641700000188166,0.7705489992537872,,,,,64,100,4
adaptive_rank90,0,0.006306458000004511,0.999999948486217,20.0,1.0,4.0,0.9463414634146341,64,100,4
poisson_pcg80,0,0.014187208999999257,1.0,,,,,64,100,4
jacobi20,0,0.0009344169999963015,0.18965145812853548,,,,,64,100,4
cg20,0,0.0017483749999982479,0.1780540243098117,,,,,64,100,4
poisson_pcg20,0,0.00404312500000259,0.999999948486217,,,,,64,100,4
adaptive_rank90,1,0.005596666999998945,0.999999948486217,20.0,1.0,4.0,0.9463414634146341,64,100,4
poisson_pcg80,1,0.014184334000006515,1.0,,,,,64,100,4
poisson_pcg40,1,0.006682124999997541,1.0,,,,,64,100,4
pcg5,1,0.0004826250000036225,0.14827257015457795,,,,,64,100,4
oracle,1,0.012724458999997523,1.0,,,,,64,100,4
oracle_reused,1,0.0007248750000030668,1.0,,,,,64,100,4
amg_reused,1,0.0011022919999987835,0.938216383320604,,,,,64,100,4
pcg40,1,0.003018333999996514,0.6907014918559189,,,,,64,100,4
amg,1,0.014245583000004558,0.938216383320604,,,,,64,100,4
cg20,1,0.0014823750000019231,0.1780540243098117,,,,,64,100,4
jacobi20,1,0.0010260830000063947,0.18965145812853548,,,,,64,100,4
poisson,1,0.00018779199999841012,0.7705489992537872,,,,,64,100,4
raw,1,3.995800000211602e-05,0.15784219097290209,,,,,64,100,4
poisson_pcg20,1,0.0034210419999993746,0.999999948486217,,,,,64,100,4
poisson_pcg10,1,0.0026199170000040795,0.9747824049075823,,,,,64,100,4
pcg20,1,0.0013837079999987623,0.615039369137976,,,,,64,100,4
pcg10,1,0.0007723340000040935,0.3109169700985645,,,,,64,100,4
poisson_pcg5,1,0.0012763749999962215,0.8149194838175057,,,,,64,100,4
pcg80,1,0.006297166999999604,0.8393243997397475,,,,,64,100,4
pcg10,2,0.000975166000003469,0.3109169700985645,,,,,64,100,4
poisson_pcg20,2,0.004333957999996585,0.999999948486217,,,,,64,100,4
pcg40,2,0.0028745830000005412,0.6907014918559189,,,,,64,100,4
poisson_pcg80,2,0.01066129199999466,1.0,,,,,64,100,4
cg20,2,0.0015831250000033492,0.1780540243098117,,,,,64,100,4
pcg80,2,0.005847000000002822,0.8393243997397475,,,,,64,100,4
jacobi20,2,0.0010552920000037602,0.18965145812853548,,,,,64,100,4
poisson_pcg40,2,0.018611292000002777,1.0,,,,,64,100,4
poisson_pcg10,2,0.004912042000000838,0.9747824049075823,,,,,64,100,4
amg,2,0.01566970799999723,0.938216383320604,,,,,64,100,4
oracle_reused,2,0.0005391249999959769,1.0,,,,,64,100,4
adaptive_rank90,2,0.005854040999999199,0.999999948486217,20.0,1.0,4.0,0.9463414634146341,64,100,4
oracle,2,0.012915624999997988,1.0,,,,,64,100,4
pcg20,2,0.0016500830000012456,0.615039369137976,,,,,64,100,4
amg_reused,2,0.0009250829999984944,0.938216383320604,,,,,64,100,4
pcg5,2,0.00047066700000186756,0.14827257015457795,,,,,64,100,4
poisson_pcg5,2,0.0009100000000046293,0.8149194838175057,,,,,64,100,4
raw,2,9.249999999383363e-05,0.15784219097290209,,,,,64,100,4
poisson,2,0.0002645830000034266,0.7705489992537872,,,,,64,100,4
raw,0,6.074999999583497e-05,0.2789286934201945,,,,,64,100,5
poisson_pcg40,0,0.0067949160000040365,1.0,,,,,64,100,5
oracle,0,0.012677583000005654,1.0,,,,,64,100,5
poisson_pcg10,0,0.0024139579999982175,0.9661309503902502,,,,,64,100,5
poisson_pcg80,0,0.013145917000002783,1.0,,,,,64,100,5
jacobi20,0,0.0009562920000050212,0.37651861374936185,,,,,64,100,5
cg20,0,0.0012701670000012655,0.3055300508778759,,,,,64,100,5
pcg80,0,0.005729915999999946,0.9291120405780809,,,,,64,100,5
pcg5,0,0.000633833000001971,0.32860552755254674,,,,,64,100,5
poisson,0,0.00022450000000162618,0.5486579557662916,,,,,64,100,5
poisson_pcg20,0,0.0038749590000008993,0.999999901861878,,,,,64,100,5
oracle_reused,0,0.0006953750000064929,1.0,,,,,64,100,5
poisson_pcg5,0,0.0014937079999981506,0.429230964075105,,,,,64,100,5
adaptive_rank90,0,0.006517583000004379,0.9999999865540296,25.0,1.0,5.0,0.9780487804878049,64,100,5
amg_reused,0,0.001167916999996521,0.5934124144640701,,,,,64,100,5
pcg40,0,0.003043124999997815,0.7847708832475697,,,,,64,100,5
pcg20,0,0.0016338340000032758,0.5878882840041539,,,,,64,100,5
amg,0,0.017394291000002227,0.5934124144640701,,,,,64,100,5
pcg10,0,0.0008189580000035335,0.4446358641904736,,,,,64,100,5
poisson_pcg5,1,0.0012627500000021996,0.429230964075105,,,,,64,100,5
oracle,1,0.01216916599999962,1.0,,,,,64,100,5
pcg80,1,0.00682570800000093,0.9291120405780809,,,,,64,100,5
jacobi20,1,0.001127332999999453,0.37651861374936185,,,,,64,100,5
cg20,1,0.0015187499999953502,0.3055300508778759,,,,,64,100,5
oracle_reused,1,0.0006917500000014343,1.0,,,,,64,100,5
raw,1,6.112500000199361e-05,0.2789286934201945,,,,,64,100,5
poisson,1,0.0002445840000007138,0.5486579557662916,,,,,64,100,5
poisson_pcg40,1,0.0075919579999990106,1.0,,,,,64,100,5
pcg40,1,0.003230291000001273,0.7847708832475697,,,,,64,100,5
adaptive_rank90,1,0.0074736669999992955,0.9999999865540296,25.0,1.0,5.0,0.9780487804878049,64,100,5
poisson_pcg10,1,0.0020252090000028034,0.9661309503902502,,,,,64,100,5
poisson_pcg80,1,0.014343416999999192,1.0,,,,,64,100,5
poisson_pcg20,1,0.004340292000001966,0.999999901861878,,,,,64,100,5
pcg10,1,0.0007624579999969683,0.4446358641904736,,,,,64,100,5
amg_reused,1,0.0009097499999981551,0.5934124144640701,,,,,64,100,5
pcg5,1,0.0005302910000040129,0.32860552755254674,,,,,64,100,5
pcg20,1,0.001823457999996947,0.5878882840041539,,,,,64,100,5
amg,1,0.017513375000000053,0.5934124144640701,,,,,64,100,5
cg20,2,0.0015609160000025213,0.3055300508778759,,,,,64,100,5
poisson_pcg40,2,0.008893624999998906,1.0,,,,,64,100,5
poisson_pcg10,2,0.0023099589999944214,0.9661309503902502,,,,,64,100,5
pcg10,2,0.000972499999996046,0.4446358641904736,,,,,64,100,5
raw,2,4.5042000003547855e-05,0.2789286934201945,,,,,64,100,5
pcg40,2,0.0028021660000021598,0.7847708832475697,,,,,64,100,5
poisson_pcg80,2,0.015275166999998646,1.0,,,,,64,100,5
oracle,2,0.013301583000000505,1.0,,,,,64,100,5
pcg5,2,0.0006342910000043389,0.32860552755254674,,,,,64,100,5
amg,2,0.021148959000001355,0.5934124144640701,,,,,64,100,5
oracle_reused,2,0.000626833999994858,1.0,,,,,64,100,5
poisson,2,0.0002463749999961351,0.5486579557662916,,,,,64,100,5
adaptive_rank90,2,0.007012707999997758,0.9999999865540296,25.0,1.0,5.0,0.9780487804878049,64,100,5
poisson_pcg5,2,0.0009966670000025601,0.429230964075105,,,,,64,100,5
amg_reused,2,0.0010782089999992195,0.5934124144640701,,,,,64,100,5
pcg20,2,0.0016807080000020846,0.5878882840041539,,,,,64,100,5
poisson_pcg20,2,0.004217083000000343,0.999999901861878,,,,,64,100,5
jacobi20,2,0.0012794160000026977,0.37651861374936185,,,,,64,100,5
pcg80,2,0.006821084000002031,0.9291120405780809,,,,,64,100,5
poisson_pcg80,0,0.011714582999999834,1.0,,,,,64,100,6
pcg5,0,0.0007122499999994147,0.17239503670323858,,,,,64,100,6
oracle,0,0.013272917000001883,1.0,,,,,64,100,6
poisson_pcg5,0,0.0012604169999974602,0.9758985226112469,,,,,64,100,6
oracle_reused,0,0.0006501249999999459,1.0,,,,,64,100,6
amg_reused,0,0.0011442079999994803,0.9767337190671433,,,,,64,100,6
poisson,0,0.0002455829999945536,0.3645605864183768,,,,,64,100,6
poisson_pcg40,0,0.00829033399999446,1.0,,,,,64,100,6
pcg20,0,0.0016126659999997628,0.6803439195309867,,,,,64,100,6
pcg40,0,0.0032161250000015684,0.8949983146436439,,,,,64,100,6
raw,0,9.220800000520057e-05,0.0339369781287076,,,,,64,100,6
poisson_pcg20,0,0.004106708000001902,0.9999999381834606,,,,,64,100,6
amg,0,0.017154250000004367,0.9767337190671433,,,,,64,100,6
cg20,0,0.0014154160000003913,0.06737716239843368,,,,,64,100,6
pcg80,0,0.005856333000004099,0.9845693494541927,,,,,64,100,6
adaptive_rank90,0,0.006750416999999231,0.9999999381834606,20.0,1.0,4.0,0.973170731707317,64,100,6
pcg10,0,0.0009143330000043193,0.2905076477606683,,,,,64,100,6
jacobi20,0,0.0010106249999992656,0.2562055725927061,,,,,64,100,6
poisson_pcg10,0,0.0021154590000023177,0.9998483842846906,,,,,64,100,6
raw,1,5.008400000150459e-05,0.0339369781287076,,,,,64,100,6
adaptive_rank90,1,0.006631040999998561,0.9999999381834606,20.0,1.0,4.0,0.973170731707317,64,100,6
poisson_pcg5,1,0.0013608329999996727,0.9758985226112469,,,,,64,100,6
pcg40,1,0.00303441599999843,0.8949983146436439,,,,,64,100,6
pcg20,1,0.001590832999994518,0.6803439195309867,,,,,64,100,6
poisson_pcg20,1,0.004241041000000223,0.9999999381834606,,,,,64,100,6
pcg5,1,0.0006167909999987842,0.17239503670323858,,,,,64,100,6
oracle_reused,1,0.0007041249999986121,1.0,,,,,64,100,6
cg20,1,0.0013207920000013473,0.06737716239843368,,,,,64,100,6
poisson_pcg40,1,0.006955500000003667,1.0,,,,,64,100,6
pcg10,1,0.0009000410000012948,0.2905076477606683,,,,,64,100,6
poisson,1,0.0002552079999986745,0.3645605864183768,,,,,64,100,6
amg_reused,1,0.0010412919999964743,0.9767337190671433,,,,,64,100,6
poisson_pcg80,1,0.011126250000003779,1.0,,,,,64,100,6
jacobi20,1,0.0010385420000034173,0.2562055725927061,,,,,64,100,6
oracle,1,0.012995540999995114,1.0,,,,,64,100,6
pcg80,1,0.005766332999996848,0.9845693494541927,,,,,64,100,6
amg,1,0.017003209000002073,0.9767337190671433,,,,,64,100,6
poisson_pcg10,1,0.0019510000000053651,0.9998483842846906,,,,,64,100,6
oracle_reused,2,0.0004647080000026449,1.0,,,,,64,100,6
pcg5,2,0.0008049160000069833,0.17239503670323858,,,,,64,100,6
cg20,2,0.0012548330000043961,0.06737716239843368,,,,,64,100,6
raw,2,5.045900000055781e-05,0.0339369781287076,,,,,64,100,6
amg_reused,2,0.0009463749999980564,0.9767337190671433,,,,,64,100,6
amg,2,0.016633458999997686,0.9767337190671433,,,,,64,100,6
poisson_pcg40,2,0.008246333999998967,1.0,,,,,64,100,6
poisson,2,0.00022316599999783193,0.3645605864183768,,,,,64,100,6
jacobi20,2,0.001482625000001292,0.2562055725927061,,,,,64,100,6
adaptive_rank90,2,0.005486458000000027,0.9999999381834606,20.0,1.0,4.0,0.973170731707317,64,100,6
poisson_pcg20,2,0.004315957999999398,0.9999999381834606,,,,,64,100,6
pcg80,2,0.005781749999997032,0.9845693494541927,,,,,64,100,6
poisson_pcg5,2,0.0013174589999991326,0.9758985226112469,,,,,64,100,6
poisson_pcg10,2,0.0022831669999945348,0.9998483842846906,,,,,64,100,6
oracle,2,0.012876374999997608,1.0,,,,,64,100,6
pcg20,2,0.001667124999997327,0.6803439195309867,,,,,64,100,6
pcg40,2,0.0034913329999994858,0.8949983146436439,,,,,64,100,6
pcg10,2,0.000808250000005728,0.2905076477606683,,,,,64,100,6
poisson_pcg80,2,0.011398042000003272,1.0,,,,,64,100,6
cg20,0,0.0013145409999992808,0.12594757595625228,,,,,64,100,7
oracle,0,0.011776582999999619,1.0,,,,,64,100,7
jacobi20,0,0.0007949579999930734,0.17690864363420122,,,,,64,100,7
poisson_pcg20,0,0.003730875000002243,0.9999998878920384,,,,,64,100,7
raw,0,3.8709000001801996e-05,0.15136697271371846,,,,,64,100,7
pcg10,0,0.0007986669999979767,0.19941271336275496,,,,,64,100,7
poisson_pcg10,0,0.0016439169999955539,0.9929398341785646,,,,,64,100,7
pcg5,0,0.0004841670000033105,0.1832091198073548,,,,,64,100,7
pcg20,0,0.0016490000000004557,0.22651814244190335,,,,,64,100,7
poisson_pcg40,0,0.006080499999995936,0.9999999998253771,,,,,64,100,7
pcg80,0,0.004835292000002767,0.9284459932083671,,,,,64,100,7
poisson,0,0.00016987500000453792,0.6029530293554942,,,,,64,100,7
poisson_pcg5,0,0.0012403329999983725,0.8831605070361612,,,,,64,100,7
pcg40,0,0.0029830419999967717,0.29959029394553865,,,,,64,100,7
amg_reused,0,0.0011935420000028785,0.9903799363615139,,,,,64,100,7
poisson_pcg80,0,0.013785915999996234,1.0,,,,,64,100,7
amg,0,0.016773874999998384,0.9903799363615139,,,,,64,100,7
adaptive_rank90,0,0.0076892079999950624,0.9999999966821631,25.0,1.0,5.0,0.9926829268292683,64,100,7
oracle_reused,0,0.0005538340000015296,1.0,,,,,64,100,7
poisson_pcg80,1,0.013635416999996153,1.0,,,,,64,100,7
poisson_pcg10,1,0.0016477080000001365,0.9929398341785646,,,,,64,100,7
pcg80,1,0.005253332999998861,0.9284459932083671,,,,,64,100,7
pcg5,1,0.0006357090000008725,0.1832091198073548,,,,,64,100,7
oracle,1,0.011164665999999102,1.0,,,,,64,100,7
cg20,1,0.0012769999999946435,0.12594757595625228,,,,,64,100,7
jacobi20,1,0.0008017079999973475,0.17690864363420122,,,,,64,100,7
pcg20,1,0.0013999159999968924,0.22651814244190335,,,,,64,100,7
amg_reused,1,0.0012234169999985056,0.9903799363615139,,,,,64,100,7
poisson_pcg20,1,0.0053526669999968135,0.9999998878920384,,,,,64,100,7
poisson_pcg5,1,0.0009531249999952252,0.8831605070361612,,,,,64,100,7
pcg10,1,0.001087832999999705,0.19941271336275496,,,,,64,100,7
amg,1,0.016937791999993124,0.9903799363615139,,,,,64,100,7
raw,1,6.970799999805877e-05,0.15136697271371846,,,,,64,100,7
poisson_pcg40,1,0.007622000000004903,0.9999999998253771,,,,,64,100,7
adaptive_rank90,1,0.00712858400000016,0.9999999966821631,25.0,1.0,5.0,0.9926829268292683,64,100,7
poisson,1,0.00015137500000150794,0.6029530293554942,,,,,64,100,7
oracle_reused,1,0.0004683330000005981,1.0,,,,,64,100,7
pcg40,1,0.0029631669999972132,0.29959029394553865,,,,,64,100,7
pcg20,2,0.001755750000000944,0.22651814244190335,,,,,64,100,7
cg20,2,0.001703500000004965,0.12594757595625228,,,,,64,100,7
jacobi20,2,0.0009118330000035257,0.17690864363420122,,,,,64,100,7
pcg40,2,0.002755166999996561,0.29959029394553865,,,,,64,100,7
oracle_reused,2,0.0004716249999958677,1.0,,,,,64,100,7
adaptive_rank90,2,0.008092375000003926,0.9999999966821631,25.0,1.0,5.0,0.9926829268292683,64,100,7
oracle,2,0.010858374999997977,1.0,,,,,64,100,7
poisson_pcg80,2,0.012615833000005239,1.0,,,,,64,100,7
amg_reused,2,0.0012792500000031737,0.9903799363615139,,,,,64,100,7
pcg5,2,0.0006061249999973484,0.1832091198073548,,,,,64,100,7
poisson_pcg20,2,0.004332375000004163,0.9999998878920384,,,,,64,100,7
poisson,2,0.00023708300000180316,0.6029530293554942,,,,,64,100,7
pcg10,2,0.0010141670000010095,0.19941271336275496,,,,,64,100,7
raw,2,4.591700000133869e-05,0.15136697271371846,,,,,64,100,7
poisson_pcg5,2,0.0010703329999941502,0.8831605070361612,,,,,64,100,7
pcg80,2,0.00588650000000257,0.9284459932083671,,,,,64,100,7
poisson_pcg10,2,0.0025725839999992672,0.9929398341785646,,,,,64,100,7
amg,2,0.014633541999998556,0.9903799363615139,,,,,64,100,7
poisson_pcg40,2,0.00753025000000207,0.9999999998253771,,,,,64,100,7
poisson,0,0.00035591700000026094,0.5019747712662307,,,,,64,100,8
poisson_pcg80,0,0.011122333999999512,1.0,,,,,64,100,8
pcg5,0,0.0005969999999990705,0.1474633949693826,,,,,64,100,8
pcg80,0,0.005978708000000665,0.8888651128042184,,,,,64,100,8
poisson_pcg20,0,0.004112333000001911,0.999999925435982,,,,,64,100,8
oracle_reused,0,0.0006432910000029324,1.0,,,,,64,100,8
raw,0,0.00011591700000224137,0.06890652628849976,,,,,64,100,8
adaptive_rank90,0,0.005007457999994358,0.999999925435982,20.0,1.0,4.0,0.9585365853658536,64,100,8
cg20,0,0.0012172500000033892,0.0686567815314364,,,,,64,100,8
oracle,0,0.010530167000005974,1.0,,,,,64,100,8
pcg10,0,0.0008550420000048575,0.15950258182889337,,,,,64,100,8
poisson_pcg40,0,0.007195207999998843,1.0,,,,,64,100,8
amg,0,0.015391000000001043,0.9218658962048752,,,,,64,100,8
poisson_pcg5,0,0.0012750420000031681,0.9520635784087415,,,,,64,100,8
poisson_pcg10,0,0.002261208000000181,0.9998587830839327,,,,,64,100,8
jacobi20,0,0.0008013340000019298,0.16168437825776658,,,,,64,100,8
amg_reused,0,0.001264417000001572,0.9218658962048752,,,,,64,100,8
pcg40,0,0.002634041000000309,0.3447319738919347,,,,,64,100,8
pcg20,0,0.0015627920000014228,0.1877427614089444,,,,,64,100,8
pcg10,1,0.0010361249999988331,0.15950258182889337,,,,,64,100,8
amg,1,0.01667366699999917,0.9218658962048752,,,,,64,100,8
pcg40,1,0.0027974999999997863,0.3447319738919347,,,,,64,100,8
pcg80,1,0.004782709000004104,0.8888651128042184,,,,,64,100,8
oracle,1,0.012409749999996222,1.0,,,,,64,100,8
jacobi20,1,0.0009617079999983957,0.16168437825776658,,,,,64,100,8
raw,1,4.2541999995648894e-05,0.06890652628849976,,,,,64,100,8
adaptive_rank90,1,0.006966374999997527,0.999999925435982,20.0,1.0,4.0,0.9585365853658536,64,100,8
pcg20,1,0.0016125420000037138,0.1877427614089444,,,,,64,100,8
amg_reused,1,0.001102000000003045,0.9218658962048752,,,,,64,100,8
oracle_reused,1,0.0006737499999971419,1.0,,,,,64,100,8
poisson_pcg10,1,0.002294415999998023,0.9998587830839327,,,,,64,100,8
poisson_pcg40,1,0.006808415999998374,1.0,,,,,64,100,8
poisson_pcg80,1,0.01068416699999375,1.0,,,,,64,100,8
poisson_pcg5,1,0.0012764590000031717,0.9520635784087415,,,,,64,100,8
poisson,1,0.00017183399999964877,0.5019747712662307,,,,,64,100,8
cg20,1,0.0014890829999956168,0.0686567815314364,,,,,64,100,8
pcg5,1,0.0005944580000019073,0.1474633949693826,,,,,64,100,8
poisson_pcg20,1,0.0041832080000006044,0.999999925435982,,,,,64,100,8
pcg5,2,0.0007231660000002194,0.1474633949693826,,,,,64,100,8
poisson,2,0.00024537499999865986,0.5019747712662307,,,,,64,100,8
pcg40,2,0.0031497080000022493,0.3447319738919347,,,,,64,100,8
amg,2,0.01733474999999629,0.9218658962048752,,,,,64,100,8
pcg80,2,0.005986790999997993,0.8888651128042184,,,,,64,100,8
poisson_pcg10,2,0.0024250410000021816,0.9998587830839327,,,,,64,100,8
oracle,2,0.012959666000000425,1.0,,,,,64,100,8
poisson_pcg5,2,0.0015024590000010107,0.9520635784087415,,,,,64,100,8
poisson_pcg80,2,0.011409874999998237,1.0,,,,,64,100,8
raw,2,3.833400000274878e-05,0.06890652628849976,,,,,64,100,8
jacobi20,2,0.001045292000000586,0.16168437825776658,,,,,64,100,8
amg_reused,2,0.0010952919999951405,0.9218658962048752,,,,,64,100,8
poisson_pcg40,2,0.008844957999997405,1.0,,,,,64,100,8
pcg10,2,0.0010234589999953414,0.15950258182889337,,,,,64,100,8
poisson_pcg20,2,0.004665875000000597,0.999999925435982,,,,,64,100,8
adaptive_rank90,2,0.006807416999997429,0.999999925435982,20.0,1.0,4.0,0.9585365853658536,64,100,8
oracle_reused,2,0.0005446249999963015,1.0,,,,,64,100,8
pcg20,2,0.001631665999994425,0.1877427614089444,,,,,64,100,8
cg20,2,0.001699333000004799,0.0686567815314364,,,,,64,100,8
pcg10,0,0.0011327080000000933,0.4398918750491738,,,,,64,100,9
oracle_reused,0,0.00045745900000326856,1.0,,,,,64,100,9
poisson,0,0.00017283300000059398,0.20193911656886662,,,,,64,100,9
pcg80,0,0.005682665999998449,0.8934788763245084,,,,,64,100,9
raw,0,4.9959000001820186e-05,0.13345649021558031,,,,,64,100,9
amg,0,0.0151884169999974,0.9263585579809246,,,,,64,100,9
pcg5,0,0.0005997500000063383,0.3161266976218751,,,,,64,100,9
poisson_pcg10,0,0.0022528749999963793,0.9992429324905832,,,,,64,100,9
cg20,0,0.001556917000002045,0.1922959939641353,,,,,64,100,9
adaptive_rank90,0,0.005915042000005144,0.9999995622201563,20.0,1.0,4.0,0.9024390243902439,64,100,9
poisson_pcg20,0,0.003618834000000959,0.9999995622201563,,,,,64,100,9
amg_reused,0,0.0010744160000015768,0.9263585579809246,,,,,64,100,9
oracle,0,0.012240333000001158,1.0,,,,,64,100,9
jacobi20,0,0.0009349999999983538,0.39742906112033866,,,,,64,100,9
pcg40,0,0.0030682920000018044,0.8593279127352744,,,,,64,100,9
poisson_pcg5,0,0.0012113330000005362,0.9204325925979633,,,,,64,100,9
pcg20,0,0.0016702920000000177,0.6526958956010989,,,,,64,100,9
poisson_pcg80,0,0.013412750000000528,1.0,,,,,64,100,9
poisson_pcg40,0,0.00813399999999831,1.0,,,,,64,100,9
poisson_pcg20,1,0.004091290999994612,0.9999995622201563,,,,,64,100,9
oracle,1,0.012545332999998493,1.0,,,,,64,100,9
pcg10,1,0.0009507079999977464,0.4398918750491738,,,,,64,100,9
poisson_pcg80,1,0.013429915999999764,1.0,,,,,64,100,9
poisson,1,0.0002971250000030068,0.20193911656886662,,,,,64,100,9
raw,1,6.25000000056275e-05,0.13345649021558031,,,,,64,100,9
pcg40,1,0.002983582999995349,0.8593279127352744,,,,,64,100,9
poisson_pcg10,1,0.0022441670000006297,0.9992429324905832,,,,,64,100,9
cg20,1,0.0014674580000004767,0.1922959939641353,,,,,64,100,9
oracle_reused,1,0.0005532079999994721,1.0,,,,,64,100,9
pcg5,1,0.000586125000005211,0.3161266976218751,,,,,64,100,9
pcg20,1,0.0016003750000024297,0.6526958956010989,,,,,64,100,9
poisson_pcg40,1,0.007536041999998133,1.0,,,,,64,100,9
amg_reused,1,0.0011148749999989604,0.9263585579809246,,,,,64,100,9
pcg80,1,0.006127792000000909,0.8934788763245084,,,,,64,100,9
poisson_pcg5,1,0.0012787909999971703,0.9204325925979633,,,,,64,100,9
amg,1,0.01569695900000312,0.9263585579809246,,,,,64,100,9
jacobi20,1,0.001142584000000113,0.39742906112033866,,,,,64,100,9
adaptive_rank90,1,0.006997583000000418,0.9999995622201563,20.0,1.0,4.0,0.9024390243902439,64,100,9
pcg10,2,0.0009291249999989759,0.4398918750491738,,,,,64,100,9
raw,2,5.541700000577521e-05,0.13345649021558031,,,,,64,100,9
pcg40,2,0.0032983749999999645,0.8593279127352744,,,,,64,100,9
amg_reused,2,0.0011782090000025391,0.9263585579809246,,,,,64,100,9
poisson_pcg5,2,0.0010944169999973496,0.9204325925979633,,,,,64,100,9
pcg80,2,0.005773374999996861,0.8934788763245084,,,,,64,100,9
pcg20,2,0.001785416999993572,0.6526958956010989,,,,,64,100,9
jacobi20,2,0.0009533750000016994,0.39742906112033866,,,,,64,100,9
poisson_pcg40,2,0.008111249999998904,1.0,,,,,64,100,9
oracle_reused,2,0.0008896669999955975,1.0,,,,,64,100,9
poisson_pcg80,2,0.013018583000004469,1.0,,,,,64,100,9
poisson_pcg10,2,0.0021099159999948824,0.9992429324905832,,,,,64,100,9
oracle,2,0.013045750000003409,1.0,,,,,64,100,9
poisson_pcg20,2,0.00451208399999814,0.9999995622201563,,,,,64,100,9
adaptive_rank90,2,0.0061205000000015275,0.9999995622201563,20.0,1.0,4.0,0.9024390243902439,64,100,9
amg,2,0.015815374999995413,0.9263585579809246,,,,,64,100,9
poisson,2,0.00021279199999924003,0.20193911656886662,,,,,64,100,9
cg20,2,0.0014795409999948106,0.1922959939641353,,,,,64,100,9
pcg5,2,0.0005537910000015245,0.3161266976218751,,,,,64,100,9
poisson_pcg10,0,0.002161375000000021,0.9952449053602049,,,,,64,100,10
poisson_pcg20,0,0.005359499999997297,0.9999996575643104,,,,,64,100,10
oracle_reused,0,0.0008515000000031137,1.0,,,,,64,100,10
poisson_pcg40,0,0.008197667000004571,1.0,,,,,64,100,10
oracle,0,0.012099665999997455,1.0,,,,,64,100,10
pcg10,0,0.0009941660000052366,0.26352887081759774,,,,,64,100,10
amg,0,0.020515249999995433,0.9788207482961266,,,,,64,100,10
poisson_pcg80,0,0.013223041999999907,1.0,,,,,64,100,10
poisson,0,0.00027512500000170803,0.49515628122259125,,,,,64,100,10
adaptive_rank90,0,0.007873000000003572,0.9999999776482569,25.0,1.0,5.0,0.9707317073170731,64,100,10
poisson_pcg5,0,0.0013975830000063638,0.8961963782031724,,,,,64,100,10
cg20,0,0.0015118330000021274,0.2222580605065598,,,,,64,100,10
raw,0,4.287499999833244e-05,0.2727267018212089,,,,,64,100,10
pcg5,0,0.0006527089999934788,0.24158292778190918,,,,,64,100,10
pcg40,0,0.0030884580000005712,0.3869291431163113,,,,,64,100,10
amg_reused,0,0.001171624999997789,0.9788207482961266,,,,,64,100,10
pcg80,0,0.0059077089999988175,0.7633482399203697,,,,,64,100,10
pcg20,0,0.0018245409999977369,0.31543973495777977,,,,,64,100,10
jacobi20,0,0.0009577909999975986,0.24541623880540883,,,,,64,100,10
pcg40,1,0.0028784590000014987,0.3869291431163113,,,,,64,100,10
pcg80,1,0.005864124999995113,0.7633482399203697,,,,,64,100,10
oracle_reused,1,0.0007005410000004986,1.0,,,,,64,100,10
poisson_pcg20,1,0.004362624999998843,0.9999996575643104,,,,,64,100,10
poisson_pcg10,1,0.002025625000001696,0.9952449053602049,,,,,64,100,10
poisson,1,0.0003155419999956166,0.49515628122259125,,,,,64,100,10
jacobi20,1,0.0009714999999985707,0.24541623880540883,,,,,64,100,10
adaptive_rank90,1,0.007580834000002312,0.9999999776482569,25.0,1.0,5.0,0.9707317073170731,64,100,10
poisson_pcg40,1,0.008429917000000842,1.0,,,,,64,100,10
amg,1,0.020359749999997234,0.9788207482961266,,,,,64,100,10
raw,1,4.349999999675447e-05,0.2727267018212089,,,,,64,100,10
pcg10,1,0.0010132920000032186,0.26352887081759774,,,,,64,100,10
poisson_pcg5,1,0.0009098750000049449,0.8961963782031724,,,,,64,100,10
pcg5,1,0.0004632500000028017,0.24158292778190918,,,,,64,100,10
oracle,1,0.011504541000000756,1.0,,,,,64,100,10
pcg20,1,0.001719083000004673,0.31543973495777977,,,,,64,100,10
amg_reused,1,0.0012169589999970754,0.9788207482961266,,,,,64,100,10
cg20,1,0.001596124999998949,0.2222580605065598,,,,,64,100,10
poisson_pcg80,1,0.013992542000003994,1.0,,,,,64,100,10
poisson_pcg5,2,0.001380834000002551,0.8961963782031724,,,,,64,100,10
pcg20,2,0.0015887089999964132,0.31543973495777977,,,,,64,100,10
adaptive_rank90,2,0.0072270000000003165,0.9999999776482569,25.0,1.0,5.0,0.9707317073170731,64,100,10
oracle_reused,2,0.0007514579999963189,1.0,,,,,64,100,10
poisson_pcg10,2,0.002077749999997991,0.9952449053602049,,,,,64,100,10
amg_reused,2,0.0010700419999949418,0.9788207482961266,,,,,64,100,10
cg20,2,0.0014672089999976379,0.2222580605065598,,,,,64,100,10
pcg5,2,0.0005970420000025456,0.24158292778190918,,,,,64,100,10
poisson_pcg40,2,0.00792112500000286,1.0,,,,,64,100,10
poisson_pcg80,2,0.01474129099999999,1.0,,,,,64,100,10
poisson_pcg20,2,0.0037160409999970057,0.9999996575643104,,,,,64,100,10
pcg80,2,0.0061664999999990755,0.7633482399203697,,,,,64,100,10
amg,2,0.0195734170000037,0.9788207482961266,,,,,64,100,10
pcg10,2,0.0010439580000038973,0.26352887081759774,,,,,64,100,10
pcg40,2,0.0029620410000035235,0.3869291431163113,,,,,64,100,10
oracle,2,0.012066791999998827,1.0,,,,,64,100,10
poisson,2,0.00029149999999589227,0.49515628122259125,,,,,64,100,10
raw,2,6.199999999978445e-05,0.2727267018212089,,,,,64,100,10
jacobi20,2,0.0009720830000006231,0.24541623880540883,,,,,64,100,10
raw,0,8.141700000408036e-05,-0.036223576991640895,,,,,64,100,11
amg,0,0.01636537499999946,0.9825973255315132,,,,,64,100,11
cg20,0,0.001490875000001779,0.15133437409335745,,,,,64,100,11
poisson_pcg80,0,0.014728624999996498,1.0,,,,,64,100,11
jacobi20,0,0.00107479100000063,0.39294948733762575,,,,,64,100,11
poisson_pcg20,0,0.004026666000001455,0.9999993605305992,,,,,64,100,11
pcg40,0,0.003042792000002237,0.7666359883753614,,,,,64,100,11
pcg20,0,0.001788957999998786,0.632564581624822,,,,,64,100,11
poisson_pcg5,0,0.0012149160000021197,0.6487300651089514,,,,,64,100,11
pcg80,0,0.006062500000005855,0.9636857739425169,,,,,64,100,11
pcg5,0,0.0005822080000044139,0.3010901137206399,,,,,64,100,11
oracle_reused,0,0.0005599579999966409,1.0,,,,,64,100,11
adaptive_rank90,0,0.007640250000001458,0.9999999526771689,25.0,1.0,5.0,0.9390243902439024,64,100,11
poisson_pcg40,0,0.008319499999998925,1.0,,,,,64,100,11
pcg10,0,0.0009175839999997493,0.5122617457851318,,,,,64,100,11
amg_reused,0,0.0010641659999990338,0.9825973255315132,,,,,64,100,11
poisson_pcg10,0,0.0023811659999992685,0.9891134810082267,,,,,64,100,11
oracle,0,0.011879999999997892,1.0,,,,,64,100,11
poisson,0,0.0002742080000004421,0.18452505231565178,,,,,64,100,11
poisson_pcg80,1,0.015406042000002174,1.0,,,,,64,100,11
oracle_reused,1,0.0005512500000008913,1.0,,,,,64,100,11
pcg40,1,0.002961874999996894,0.7666359883753614,,,,,64,100,11
adaptive_rank90,1,0.00735112499999957,0.9999999526771689,25.0,1.0,5.0,0.9390243902439024,64,100,11
poisson_pcg5,1,0.001238291999996477,0.6487300651089514,,,,,64,100,11
pcg10,1,0.0009600839999990285,0.5122617457851318,,,,,64,100,11
raw,1,5.4415999997559084e-05,-0.036223576991640895,,,,,64,100,11
pcg20,1,0.0017974999999950114,0.632564581624822,,,,,64,100,11
poisson,1,0.00027645899999839685,0.18452505231565178,,,,,64,100,11
poisson_pcg40,1,0.008354959000001827,1.0,,,,,64,100,11
poisson_pcg20,1,0.003616125000000636,0.9999993605305992,,,,,64,100,11
oracle,1,0.012293624999998087,1.0,,,,,64,100,11
amg,1,0.014854999999997176,0.9825973255315132,,,,,64,100,11
pcg5,1,0.0007675000000020304,0.3010901137206399,,,,,64,100,11
cg20,1,0.001479499999994971,0.15133437409335745,,,,,64,100,11
poisson_pcg10,1,0.0019330830000043875,0.9891134810082267,,,,,64,100,11
amg_reused,1,0.0011139999999940642,0.9825973255315132,,,,,64,100,11
jacobi20,1,0.0010575410000015495,0.39294948733762575,,,,,64,100,11
pcg80,1,0.005787957999999094,0.9636857739425169,,,,,64,100,11
pcg10,2,0.000912208000002579,0.5122617457851318,,,,,64,100,11
poisson_pcg80,2,0.014768624999994984,1.0,,,,,64,100,11
poisson_pcg40,2,0.008358667000003095,1.0,,,,,64,100,11
oracle,2,0.012660625000002312,1.0,,,,,64,100,11
cg20,2,0.0014805830000028664,0.15133437409335745,,,,,64,100,11
pcg5,2,0.0005432499999997731,0.3010901137206399,,,,,64,100,11
jacobi20,2,0.000909583999998631,0.39294948733762575,,,,,64,100,11
pcg20,2,0.002254167000003804,0.632564581624822,,,,,64,100,11
poisson_pcg10,2,0.0019969169999995984,0.9891134810082267,,,,,64,100,11
adaptive_rank90,2,0.008607124999997495,0.9999999526771689,25.0,1.0,5.0,0.9390243902439024,64,100,11
poisson,2,0.0002699590000005969,0.18452505231565178,,,,,64,100,11
amg,2,0.015272833000004482,0.9825973255315132,,,,,64,100,11
raw,2,4.320800000101599e-05,-0.036223576991640895,,,,,64,100,11
poisson_pcg5,2,0.001102459000001943,0.6487300651089514,,,,,64,100,11
pcg80,2,0.006283290999995472,0.9636857739425169,,,,,64,100,11
oracle_reused,2,0.000565290999993806,1.0,,,,,64,100,11
pcg40,2,0.003031875000004902,0.7666359883753614,,,,,64,100,11
poisson_pcg20,2,0.0037421669999986307,0.9999993605305992,,,,,64,100,11
amg_reused,2,0.001092999999997346,0.9825973255315132,,,,,64,100,11
pcg80,0,0.006033332999997754,0.9185133069146906,,,,,64,100,12
oracle_reused,0,0.0006890830000045867,1.0,,,,,64,100,12
poisson,0,0.0002896250000006262,0.12902968156421524,,,,,64,100,12
oracle,0,0.011987957999998855,1.0,,,,,64,100,12
pcg20,0,0.001696041999998954,0.6953987358189366,,,,,64,100,12
pcg5,0,0.0005729169999995065,0.3055894167583647,,,,,64,100,12
poisson_pcg40,0,0.007495667000000594,0.9999999996507541,,,,,64,100,12
poisson_pcg20,0,0.003861333999999772,0.9999968990448878,,,,,64,100,12
jacobi20,0,0.0009545420000023341,0.3877441149117643,,,,,64,100,12
pcg40,0,0.00322450000000174,0.857065429482318,,,,,64,100,12
adaptive_rank90,0,0.009703250000001162,0.9999999921419654,30.0,1.0,6.0,0.9804878048780488,64,100,12
poisson_pcg80,0,0.014540166000003296,1.0,,,,,64,100,12
poisson_pcg5,0,0.0013309160000005704,0.6958272068602417,,,,,64,100,12
amg,0,0.01579687499999949,0.9433021906845648,,,,,64,100,12
cg20,0,0.0014795000000020764,0.05505864859908214,,,,,64,100,12
raw,0,6.325000000373393e-05,-0.17572038952131286,,,,,64,100,12
pcg10,0,0.0010682079999995153,0.4810629897755863,,,,,64,100,12
amg_reused,0,0.0010609579999965035,0.9433021906845648,,,,,64,100,12
poisson_pcg10,0,0.002031707999996968,0.9704380406607266,,,,,64,100,12
poisson,1,0.00023516599999595655,0.12902968156421524,,,,,64,100,12
pcg5,1,0.0006087920000013014,0.3055894167583647,,,,,64,100,12
poisson_pcg40,1,0.008705834000004131,0.9999999996507541,,,,,64,100,12
pcg40,1,0.0031855000000007294,0.857065429482318,,,,,64,100,12
raw,1,7.158300000043027e-05,-0.17572038952131286,,,,,64,100,12
poisson_pcg5,1,0.001211417000000381,0.6958272068602417,,,,,64,100,12
adaptive_rank90,1,0.008181249999999807,0.9999999921419654,30.0,1.0,6.0,0.9804878048780488,64,100,12
pcg80,1,0.006007624999995187,0.9185133069146906,,,,,64,100,12
poisson_pcg20,1,0.00432212500000162,0.9999968990448878,,,,,64,100,12
pcg20,1,0.0015614170000048944,0.6953987358189366,,,,,64,100,12
oracle,1,0.01258079199999429,1.0,,,,,64,100,12
poisson_pcg10,1,0.002567500000004941,0.9704380406607266,,,,,64,100,12
cg20,1,0.0016090829999981793,0.05505864859908214,,,,,64,100,12
amg_reused,1,0.001106041999996421,0.9433021906845648,,,,,64,100,12
pcg10,1,0.0009226660000010156,0.4810629897755863,,,,,64,100,12
oracle_reused,1,0.0007022909999960802,1.0,,,,,64,100,12
jacobi20,1,0.0010546660000017027,0.3877441149117643,,,,,64,100,12
amg,1,0.016914833999997825,0.9433021906845648,,,,,64,100,12
poisson_pcg80,1,0.015699332999993487,1.0,,,,,64,100,12
poisson_pcg5,2,0.0012063750000024243,0.6958272068602417,,,,,64,100,12
oracle,2,0.01215966699999882,1.0,,,,,64,100,12
amg_reused,2,0.001099166999999568,0.9433021906845648,,,,,64,100,12
amg,2,0.01669074999999509,0.9433021906845648,,,,,64,100,12
adaptive_rank90,2,0.00798941700000455,0.9999999921419654,30.0,1.0,6.0,0.9804878048780488,64,100,12
poisson_pcg10,2,0.002202208999996458,0.9704380406607266,,,,,64,100,12
poisson_pcg20,2,0.004071332999998845,0.9999968990448878,,,,,64,100,12
jacobi20,2,0.0009528749999958563,0.3877441149117643,,,,,64,100,12
pcg40,2,0.0029402090000019143,0.857065429482318,,,,,64,100,12
pcg80,2,0.006345041000002993,0.9185133069146906,,,,,64,100,12
oracle_reused,2,0.0005771659999993517,1.0,,,,,64,100,12
raw,2,4.32909999972253e-05,-0.17572038952131286,,,,,64,100,12
pcg20,2,0.0016981249999972192,0.6953987358189366,,,,,64,100,12
cg20,2,0.0016115829999989728,0.05505864859908214,,,,,64,100,12
pcg5,2,0.0006190419999967389,0.3055894167583647,,,,,64,100,12
poisson_pcg40,2,0.00785587499999707,0.9999999996507541,,,,,64,100,12
pcg10,2,0.0009291249999989759,0.4810629897755863,,,,,64,100,12
poisson_pcg80,2,0.016171750000005147,1.0,,,,,64,100,12
poisson,2,0.0001738749999944389,0.12902968156421524,,,,,64,100,12
pcg5,0,0.0006827919999992105,0.30832359495825146,,,,,64,100,13
adaptive_rank90,0,0.007025583000000779,0.999999972758813,25.0,1.0,5.0,0.9463414634146341,64,100,13
poisson_pcg10,0,0.0019357919999976048,0.971667759177961,,,,,64,100,13
cg20,0,0.0016280000000037376,0.35381550279603546,,,,,64,100,13
pcg40,0,0.0035319170000036593,0.4865680306245145,,,,,64,100,13
pcg20,0,0.0017215839999948912,0.4398650377652258,,,,,64,100,13
pcg10,0,0.0009177499999992733,0.3338146651993865,,,,,64,100,13
poisson_pcg40,0,0.007825916000001598,0.9999999998253771,,,,,64,100,13
poisson_pcg20,0,0.00421024999999986,0.9999995374236913,,,,,64,100,13
poisson,0,0.00020820799999654582,0.6370579972483328,,,,,64,100,13
amg,0,0.02124037499999787,0.9487331290439891,,,,,64,100,13
oracle,0,0.01278274999999951,1.0,,,,,64,100,13
amg_reused,0,0.0010930000000044515,0.9487331290439891,,,,,64,100,13
jacobi20,0,0.0009841669999985925,0.3068498830668559,,,,,64,100,13
oracle_reused,0,0.0007141660000016259,1.0,,,,,64,100,13
pcg80,0,0.006433832999995559,0.511752877619289,,,,,64,100,13
poisson_pcg80,0,0.015754708000002893,1.0,,,,,64,100,13
raw,0,6.262499999820648e-05,0.3752889848137228,,,,,64,100,13
poisson_pcg5,0,0.0011904999999998722,0.47371861245994573,,,,,64,100,13
pcg40,1,0.0031869589999971026,0.4865680306245145,,,,,64,100,13
poisson_pcg40,1,0.008250583999995342,0.9999999998253771,,,,,64,100,13
poisson_pcg20,1,0.003900292000004413,0.9999995374236913,,,,,64,100,13
jacobi20,1,0.0010815000000050645,0.3068498830668559,,,,,64,100,13
poisson,1,0.0002815409999996632,0.6370579972483328,,,,,64,100,13
pcg5,1,0.0006058330000016099,0.30832359495825146,,,,,64,100,13
poisson_pcg80,1,0.0157705419999985,1.0,,,,,64,100,13
oracle_reused,1,0.0006586249999998017,1.0,,,,,64,100,13
amg,1,0.02041804099999922,0.9487331290439891,,,,,64,100,13
pcg80,1,0.006052375000002996,0.511752877619289,,,,,64,100,13
poisson_pcg5,1,0.001450916000003133,0.47371861245994573,,,,,64,100,13
amg_reused,1,0.0010703750000047307,0.9487331290439891,,,,,64,100,13
cg20,1,0.0016942499999998972,0.35381550279603546,,,,,64,100,13
pcg20,1,0.0018719169999954488,0.4398650377652258,,,,,64,100,13
raw,1,5.312500000087539e-05,0.3752889848137228,,,,,64,100,13
adaptive_rank90,1,0.007129833000000474,0.999999972758813,25.0,1.0,5.0,0.9463414634146341,64,100,13
poisson_pcg10,1,0.0023875420000010195,0.971667759177961,,,,,64,100,13
pcg10,1,0.0008968329999987645,0.3338146651993865,,,,,64,100,13
oracle,1,0.012897000000002379,1.0,,,,,64,100,13
adaptive_rank90,2,0.007258041000000048,0.999999972758813,25.0,1.0,5.0,0.9463414634146341,64,100,13
oracle_reused,2,0.0006988329999941811,1.0,,,,,64,100,13
poisson_pcg10,2,0.002464457999998615,0.971667759177961,,,,,64,100,13
poisson,2,0.00018091599999792152,0.6370579972483328,,,,,64,100,13
poisson_pcg40,2,0.007729209000004289,0.9999999998253771,,,,,64,100,13
cg20,2,0.0017117080000019769,0.35381550279603546,,,,,64,100,13
pcg80,2,0.005784333000001141,0.511752877619289,,,,,64,100,13
oracle,2,0.012548666000000708,1.0,,,,,64,100,13
poisson_pcg20,2,0.004193417000003308,0.9999995374236913,,,,,64,100,13
amg,2,0.02143733399999803,0.9487331290439891,,,,,64,100,13
raw,2,6.183299999662495e-05,0.3752889848137228,,,,,64,100,13
pcg5,2,0.0005839589999965256,0.30832359495825146,,,,,64,100,13
pcg40,2,0.0034489170000000513,0.4865680306245145,,,,,64,100,13
jacobi20,2,0.0010459999999952174,0.3068498830668559,,,,,64,100,13
pcg10,2,0.0009402500000064151,0.3338146651993865,,,,,64,100,13
poisson_pcg80,2,0.015083500000002914,1.0,,,,,64,100,13
amg_reused,2,0.0011573339999984,0.9487331290439891,,,,,64,100,13
pcg20,2,0.0016893750000051,0.4398650377652258,,,,,64,100,13
poisson_pcg5,2,0.0011631250000050386,0.47371861245994573,,,,,64,100,13
poisson_pcg80,0,0.014612833000001046,1.0,,,,,64,100,14
pcg5,0,0.0006113749999983042,0.4149263594232379,,,,,64,100,14
poisson_pcg10,0,0.0027479589999970244,0.9561795701812883,,,,,64,100,14
pcg40,0,0.0032440419999986148,0.844873372415915,,,,,64,100,14
cg20,0,0.001629208000004212,0.3076926386028797,,,,,64,100,14
jacobi20,0,0.0009156670000010081,0.5130841917939376,,,,,64,100,14
pcg10,0,0.0011640839999955688,0.5704118643248075,,,,,64,100,14
poisson,0,0.00019433399999968515,0.0497290731246217,,,,,64,100,14
poisson_pcg5,0,0.001096375000003036,0.47002400360678903,,,,,64,100,14
oracle,0,0.012997999999996068,1.0,,,,,64,100,14
oracle_reused,0,0.0005318340000002308,1.0,,,,,64,100,14
amg_reused,0,0.001124499999995976,0.9640888364652039,,,,,64,100,14
poisson_pcg40,0,0.008631917000002431,1.0,,,,,64,100,14
raw,0,9.36670000015738e-05,0.1791875454648425,,,,,64,100,14
adaptive_rank90,0,0.008508542000001285,0.9999999982537702,30.0,1.0,6.0,0.9902439024390244,64,100,14
poisson_pcg20,0,0.004068207999999629,0.9999979520215364,,,,,64,100,14
pcg20,0,0.001802666999999758,0.7283189251203195,,,,,64,100,14
amg,0,0.017529041000003076,0.9640888364652039,,,,,64,100,14
pcg80,0,0.006211999999997886,0.9785787634356329,,,,,64,100,14
oracle,1,0.012140875000000051,1.0,,,,,64,100,14
jacobi20,1,0.001013583999998957,0.5130841917939376,,,,,64,100,14
pcg40,1,0.002603166000000101,0.844873372415915,,,,,64,100,14
poisson,1,0.00017354199999886077,0.0497290731246217,,,,,64,100,14
poisson_pcg5,1,0.0012510000000034438,0.47002400360678903,,,,,64,100,14
pcg5,1,0.0004950830000041151,0.4149263594232379,,,,,64,100,14
pcg80,1,0.005025416000002281,0.9785787634356329,,,,,64,100,14
poisson_pcg40,1,0.008612208000002397,1.0,,,,,64,100,14
amg,1,0.01671749999999861,0.9640888364652039,,,,,64,100,14
pcg20,1,0.00180762499999787,0.7283189251203195,,,,,64,100,14
pcg10,1,0.0009657080000025076,0.5704118643248075,,,,,64,100,14
poisson_pcg80,1,0.013476250000003631,1.0,,,,,64,100,14
adaptive_rank90,1,0.00900004100000018,0.9999999982537702,30.0,1.0,6.0,0.9902439024390244,64,100,14
raw,1,5.8791000000724125e-05,0.1791875454648425,,,,,64,100,14
poisson_pcg10,1,0.0022501250000033224,0.9561795701812883,,,,,64,100,14
cg20,1,0.0017865420000049426,0.3076926386028797,,,,,64,100,14
poisson_pcg20,1,0.004170709000000272,0.9999979520215364,,,,,64,100,14
amg_reused,1,0.0011080000000021073,0.9640888364652039,,,,,64,100,14
oracle_reused,1,0.0005377089999996087,1.0,,,,,64,100,14
raw,2,4.304200000149194e-05,0.1791875454648425,,,,,64,100,14
cg20,2,0.0017935000000051105,0.3076926386028797,,,,,64,100,14
pcg40,2,0.003006458000001544,0.844873372415915,,,,,64,100,14
pcg5,2,0.0006379580000057672,0.4149263594232379,,,,,64,100,14
poisson_pcg10,2,0.0022802080000019487,0.9561795701812883,,,,,64,100,14
poisson_pcg40,2,0.008661291999999321,1.0,,,,,64,100,14
adaptive_rank90,2,0.008903125000003342,0.9999999982537702,30.0,1.0,6.0,0.9902439024390244,64,100,14
amg,2,0.01699433399999606,0.9640888364652039,,,,,64,100,14
poisson,2,0.00024058399999660196,0.0497290731246217,,,,,64,100,14
pcg20,2,0.0017001249999992751,0.7283189251203195,,,,,64,100,14
pcg80,2,0.006108124999997244,0.9785787634356329,,,,,64,100,14
pcg10,2,0.0010006669999995665,0.5704118643248075,,,,,64,100,14
amg_reused,2,0.001070125000005362,0.9640888364652039,,,,,64,100,14
oracle_reused,2,0.0005369580000049723,1.0,,,,,64,100,14
oracle,2,0.01287716600000266,1.0,,,,,64,100,14
poisson_pcg20,2,0.004259249999996939,0.9999979520215364,,,,,64,100,14
poisson_pcg80,2,0.014714709000003268,1.0,,,,,64,100,14
jacobi20,2,0.000972499999996046,0.5130841917939376,,,,,64,100,14
poisson_pcg5,2,0.001095790999997348,0.47002400360678903,,,,,64,100,14
poisson,0,0.0003625829999975849,0.36096926689104464,,,,,64,100,15
pcg5,0,0.0007517089999993232,0.40324340539060344,,,,,64,100,15
poisson_pcg10,0,0.0021882909999959566,0.9761958783273923,,,,,64,100,15
pcg80,0,0.01313137500000039,0.7827516038982223,,,,,64,100,15
poisson_pcg5,0,0.002736166000005369,0.5972961119045049,,,,,64,100,15
amg_reused,0,0.0010732910000044171,0.8278714426991272,,,,,64,100,15
amg,0,0.01934558300000333,0.8278714426991272,,,,,64,100,15
jacobi20,0,0.0010405000000019982,0.44477015224079586,,,,,64,100,15
oracle_reused,0,0.0007304589999961308,1.0,,,,,64,100,15
raw,0,6.799999999884676e-05,0.07612585398327062,,,,,64,100,15
oracle,0,0.012771083000004069,1.0,,,,,64,100,15
cg20,0,0.0016020830000016417,0.26973751345714636,,,,,64,100,15
pcg40,0,0.0032936249999977463,0.6545371300451238,,,,,64,100,15
adaptive_rank90,0,0.007916417000004117,0.9999999305000488,25.0,1.0,5.0,0.9780487804878049,64,100,15
poisson_pcg80,0,0.022090292000001455,1.0,,,,,64,100,15
pcg10,0,0.0014915829999964103,0.48867446011879057,,,,,64,100,15
poisson_pcg20,0,0.008234999999999104,0.9999985087196387,,,,,64,100,15
poisson_pcg40,0,0.012633415999999897,1.0,,,,,64,100,15
pcg20,0,0.0016761660000028655,0.5745815909101831,,,,,64,100,15
pcg10,1,0.0010643330000021933,0.48867446011879057,,,,,64,100,15
poisson_pcg10,1,0.0022530829999993784,0.9761958783273923,,,,,64,100,15
oracle_reused,1,0.0006833750000012628,1.0,,,,,64,100,15
amg,1,0.02117516700000266,0.8278714426991272,,,,,64,100,15
poisson_pcg40,1,0.010349167000001103,1.0,,,,,64,100,15
pcg5,1,0.000571041000000605,0.40324340539060344,,,,,64,100,15
pcg40,1,0.0029227079999998296,0.6545371300451238,,,,,64,100,15
poisson_pcg5,1,0.00125945900000346,0.5972961119045049,,,,,64,100,15
pcg20,1,0.0017434999999963452,0.5745815909101831,,,,,64,100,15
poisson_pcg20,1,0.004487125000004255,0.9999985087196387,,,,,64,100,15
amg_reused,1,0.0010695829999960438,0.8278714426991272,,,,,64,100,15
poisson,1,0.00019108300000425515,0.36096926689104464,,,,,64,100,15
adaptive_rank90,1,0.007608707999999353,0.9999999305000488,25.0,1.0,5.0,0.9780487804878049,64,100,15
cg20,1,0.0015900420000036775,0.26973751345714636,,,,,64,100,15
jacobi20,1,0.0009465000000048462,0.44477015224079586,,,,,64,100,15
pcg80,1,0.005793083000000365,0.7827516038982223,,,,,64,100,15
oracle,1,0.012104999999998256,1.0,,,,,64,100,15
raw,1,7.908299999570545e-05,0.07612585398327062,,,,,64,100,15
poisson_pcg80,1,0.01525808399999562,1.0,,,,,64,100,15
jacobi20,2,0.0010716669999979445,0.44477015224079586,,,,,64,100,15
amg,2,0.018156083000000933,0.8278714426991272,,,,,64,100,15
poisson_pcg20,2,0.004142417000004173,0.9999985087196387,,,,,64,100,15
cg20,2,0.0014894170000019358,0.26973751345714636,,,,,64,100,15
oracle,2,0.01228533300000123,1.0,,,,,64,100,15
pcg80,2,0.005877333999997347,0.7827516038982223,,,,,64,100,15
amg_reused,2,0.0010553340000001299,0.8278714426991272,,,,,64,100,15
poisson_pcg80,2,0.014361208000003955,1.0,,,,,64,100,15
poisson,2,0.00022879200000147648,0.36096926689104464,,,,,64,100,15
poisson_pcg40,2,0.007861415999997234,1.0,,,,,64,100,15
pcg10,2,0.0008980000000065047,0.48867446011879057,,,,,64,100,15
adaptive_rank90,2,0.0076603329999969105,0.9999999305000488,25.0,1.0,5.0,0.9780487804878049,64,100,15
pcg40,2,0.0030108750000010787,0.6545371300451238,,,,,64,100,15
oracle_reused,2,0.000534375000000864,1.0,,,,,64,100,15
pcg20,2,0.0015628330000012625,0.5745815909101831,,,,,64,100,15
poisson_pcg5,2,0.0014229589999956715,0.5972961119045049,,,,,64,100,15
raw,2,7.858300000407326e-05,0.07612585398327062,,,,,64,100,15
pcg5,2,0.0005637920000012286,0.40324340539060344,,,,,64,100,15
poisson_pcg10,2,0.0024093749999991587,0.9761958783273923,,,,,64,100,15
cg20,0,0.0016350419999966448,0.24501240549683012,,,,,64,100,16
amg_reused,0,0.0011577080000009232,0.8051091128978721,,,,,64,100,16
oracle_reused,0,0.0005376669999961337,1.0,,,,,64,100,16
poisson_pcg40,0,0.008466875000003427,0.999999999301508,,,,,64,100,16
jacobi20,0,0.0011043750000041541,0.2647102659139382,,,,,64,100,16
poisson_pcg5,0,0.0012411659999997937,0.7217558131715024,,,,,64,100,16
poisson_pcg80,0,0.024511459000002844,1.0,,,,,64,100,16
poisson_pcg10,0,0.0021445839999998384,0.9964026221025436,,,,,64,100,16
amg,0,0.017920249999995974,0.8051091128978721,,,,,64,100,16
pcg20,0,0.0017579590000025291,0.42863316897537823,,,,,64,100,16
oracle,0,0.012778874999995082,1.0,,,,,64,100,16
pcg5,0,0.0006289170000002287,0.23801871236245853,,,,,64,100,16
pcg80,0,0.005602834000001167,0.9769430943060277,,,,,64,100,16
raw,0,6.529200000215951e-05,0.1474683909332166,,,,,64,100,16
adaptive_rank90,0,0.008441791999999282,0.9999999724095672,30.0,1.0,6.0,0.9536585365853658,64,100,16
pcg40,0,0.0033085419999991927,0.6169766500699386,,,,,64,100,16
pcg10,0,0.0009549169999942819,0.30713255141767054,,,,,64,100,16
poisson,0,0.0002364170000035415,0.5228964725652471,,,,,64,100,16
poisson_pcg20,0,0.004356125000001043,0.9999933463400921,,,,,64,100,16
poisson_pcg10,1,0.002394750000000556,0.9964026221025436,,,,,64,100,16
cg20,1,0.001563167000000476,0.24501240549683012,,,,,64,100,16
oracle,1,0.012846500000001981,1.0,,,,,64,100,16
jacobi20,1,0.0009671250000025111,0.2647102659139382,,,,,64,100,16
pcg40,1,0.003166708999998491,0.6169766500699386,,,,,64,100,16
poisson_pcg5,1,0.0013350420000008967,0.7217558131715024,,,,,64,100,16
poisson_pcg40,1,0.009156958000005488,0.999999999301508,,,,,64,100,16
pcg5,1,0.0005896249999963743,0.23801871236245853,,,,,64,100,16
amg,1,0.017748959000002174,0.8051091128978721,,,,,64,100,16
pcg80,1,0.006139874999995243,0.9769430943060277,,,,,64,100,16
adaptive_rank90,1,0.0073811669999983565,0.9999999724095672,30.0,1.0,6.0,0.9536585365853658,64,100,16
raw,1,4.3665999996278515e-05,0.1474683909332166,,,,,64,100,16
pcg10,1,0.0008780000000001564,0.30713255141767054,,,,,64,100,16
poisson_pcg80,1,0.016466874999998993,1.0,,,,,64,100,16
poisson_pcg20,1,0.0043615000000016835,0.9999933463400921,,,,,64,100,16
pcg20,1,0.0016188749999983543,0.42863316897537823,,,,,64,100,16
amg_reused,1,0.0010785830000017427,0.8051091128978721,,,,,64,100,16
poisson,1,0.00017733300000344343,0.5228964725652471,,,,,64,100,16
oracle_reused,1,0.0007579580000012243,1.0,,,,,64,100,16
pcg80,2,0.005900290999996116,0.9769430943060277,,,,,64,100,16
raw,2,4.437500000165073e-05,0.1474683909332166,,,,,64,100,16
poisson_pcg40,2,0.008547583999998665,0.999999999301508,,,,,64,100,16
poisson_pcg5,2,0.001194916999999407,0.7217558131715024,,,,,64,100,16
poisson_pcg80,2,0.014952915999998595,1.0,,,,,64,100,16
cg20,2,0.0015187499999953502,0.24501240549683012,,,,,64,100,16
pcg10,2,0.0009427920000035783,0.30713255141767054,,,,,64,100,16
amg_reused,2,0.0012171250000037048,0.8051091128978721,,,,,64,100,16
adaptive_rank90,2,0.00849533299999905,0.9999999724095672,30.0,1.0,6.0,0.9536585365853658,64,100,16
jacobi20,2,0.0010361250000059385,0.2647102659139382,,,,,64,100,16
oracle,2,0.012260707999999454,1.0,,,,,64,100,16
poisson_pcg20,2,0.004443000000001973,0.9999933463400921,,,,,64,100,16
amg,2,0.017487416000001588,0.8051091128978721,,,,,64,100,16
pcg20,2,0.0015838329999979806,0.42863316897537823,,,,,64,100,16
pcg40,2,0.0029286669999990522,0.6169766500699386,,,,,64,100,16
oracle_reused,2,0.0005326249999981769,1.0,,,,,64,100,16
poisson_pcg10,2,0.0020287500000009118,0.9964026221025436,,,,,64,100,16
pcg5,2,0.0005549999999985289,0.23801871236245853,,,,,64,100,16
poisson,2,0.00017449999999996635,0.5228964725652471,,,,,64,100,16
raw,0,9.091700000141145e-05,0.10162670817608883,,,,,64,100,17
poisson_pcg40,0,0.008524667000003205,1.0,,,,,64,100,17
oracle,0,0.012859542000001056,1.0,,,,,64,100,17
pcg10,0,0.0009597499999998149,0.17784673721267952,,,,,64,100,17
pcg5,0,0.0005792500000012524,0.11682990511377707,,,,,64,100,17
pcg20,0,0.001765083000002221,0.34846209163225617,,,,,64,100,17
amg_reused,0,0.0010603749999944512,0.9771807921720397,,,,,64,100,17
poisson_pcg80,0,0.011421832999999992,1.0,,,,,64,100,17
poisson_pcg5,0,0.0008740419999995197,0.9621721327575078,,,,,64,100,17
pcg40,0,0.0031680409999950143,0.524339027523713,,,,,64,100,17
amg,0,0.018842708000001096,0.9771807921720397,,,,,64,100,17
cg20,0,0.00187058299999876,0.08466202449600173,,,,,64,100,17
adaptive_rank90,0,0.006200790999997707,0.999999955471137,20.0,1.0,4.0,0.9951219512195122,64,100,17
pcg80,0,0.006423665999996331,0.9301210876696274,,,,,64,100,17
poisson,0,0.00020541699999654384,0.7043432410717639,,,,,64,100,17
oracle_reused,0,0.0005301249999973834,1.0,,,,,64,100,17
jacobi20,0,0.0009169580000047972,0.1292455534769366,,,,,64,100,17
poisson_pcg10,0,0.002220292000004065,0.999890865693349,,,,,64,100,17
poisson_pcg20,0,0.004332167000001164,0.999999955471137,,,,,64,100,17
poisson_pcg80,1,0.013134291000000076,1.0,,,,,64,100,17
poisson_pcg20,1,0.0041314579999962575,0.999999955471137,,,,,64,100,17
pcg20,1,0.001707499999994866,0.34846209163225617,,,,,64,100,17
poisson_pcg5,1,0.0012183750000005489,0.9621721327575078,,,,,64,100,17
pcg10,1,0.0018945830000021147,0.17784673721267952,,,,,64,100,17
cg20,1,0.001507209000003229,0.08466202449600173,,,,,64,100,17
pcg80,1,0.005828583000003107,0.9301210876696274,,,,,64,100,17
pcg40,1,0.003197040999999956,0.524339027523713,,,,,64,100,17
adaptive_rank90,1,0.0045190829999981474,0.999999955471137,20.0,1.0,4.0,0.9951219512195122,64,100,17
poisson_pcg40,1,0.008171291000003578,1.0,,,,,64,100,17
oracle,1,0.013471000000002675,1.0,,,,,64,100,17
pcg5,1,0.0006222080000028996,0.11682990511377707,,,,,64,100,17
oracle_reused,1,0.0006689160000021843,1.0,,,,,64,100,17
amg_reused,1,0.0013041660000041588,0.9771807921720397,,,,,64,100,17
poisson,1,0.00025395899999836047,0.7043432410717639,,,,,64,100,17
poisson_pcg10,1,0.0023347079999993525,0.999890865693349,,,,,64,100,17
amg,1,0.01730241599999971,0.9771807921720397,,,,,64,100,17
jacobi20,1,0.0007882080000030101,0.1292455534769366,,,,,64,100,17
raw,1,3.4958000000528955e-05,0.10162670817608883,,,,,64,100,17
amg,2,0.015817624999996838,0.9771807921720397,,,,,64,100,17
amg_reused,2,0.0008786660000055235,0.9771807921720397,,,,,64,100,17
poisson_pcg5,2,0.0009012919999946689,0.9621721327575078,,,,,64,100,17
raw,2,4.299999999801685e-05,0.10162670817608883,,,,,64,100,17
poisson_pcg80,2,0.013179624999999362,1.0,,,,,64,100,17
poisson_pcg40,2,0.00659650000000056,1.0,,,,,64,100,17
poisson,2,0.00014591699999755292,0.7043432410717639,,,,,64,100,17
poisson_pcg10,2,0.0017523750000023597,0.999890865693349,,,,,64,100,17
adaptive_rank90,2,0.006033416000001068,0.999999955471137,20.0,1.0,4.0,0.9951219512195122,64,100,17
pcg40,2,0.003021875000001728,0.524339027523713,,,,,64,100,17
cg20,2,0.0014864580000022443,0.08466202449600173,,,,,64,100,17
pcg5,2,0.0006307499999991251,0.11682990511377707,,,,,64,100,17
pcg10,2,0.0009630830000020296,0.17784673721267952,,,,,64,100,17
jacobi20,2,0.0009731670000050485,0.1292455534769366,,,,,64,100,17
pcg80,2,0.005310791999995956,0.9301210876696274,,,,,64,100,17
oracle_reused,2,0.0006444590000000971,1.0,,,,,64,100,17
poisson_pcg20,2,0.0039215420000005,0.999999955471137,,,,,64,100,17
oracle,2,0.012949542000001202,1.0,,,,,64,100,17
pcg20,2,0.001608040999997229,0.34846209163225617,,,,,64,100,17
amg,0,0.018995166000003394,0.9857223686633926,,,,,64,100,18
poisson_pcg20,0,0.004611333999996248,0.9999998362036325,,,,,64,100,18
poisson,0,0.00027733299999965766,0.47189662828006246,,,,,64,100,18
pcg5,0,0.0006906249999971692,0.1372657292848515,,,,,64,100,18
pcg80,0,0.006641625000000317,0.8671390852512806,,,,,64,100,18
poisson_pcg40,0,0.007650292000001002,1.0,,,,,64,100,18
oracle_reused,0,0.0005509580000051528,1.0,,,,,64,100,18
cg20,0,0.0021473749999998404,0.0382767054366033,,,,,64,100,18
pcg20,0,0.002169375000001139,0.41450159545345433,,,,,64,100,18
adaptive_rank90,0,0.006605833999998367,0.9999998362036325,20.0,1.0,4.0,0.9463414634146341,64,100,18
pcg40,0,0.004128375000000517,0.6627727342233574,,,,,64,100,18
pcg10,0,0.0011867079999987595,0.26238123331442376,,,,,64,100,18
raw,0,4.412500000228192e-05,0.02228501758188114,,,,,64,100,18
poisson_pcg10,0,0.002360792000004608,0.9997761888528952,,,,,64,100,18
poisson_pcg5,0,0.0015302919999982123,0.8922640442428169,,,,,64,100,18
oracle,0,0.0163927500000014,1.0,,,,,64,100,18
amg_reused,0,0.0013217919999988226,0.9857223686633926,,,,,64,100,18
poisson_pcg80,0,0.01448270800000273,1.0,,,,,64,100,18
jacobi20,0,0.0015612090000018952,0.19838425797325793,,,,,64,100,18
oracle,1,0.028459292000000858,1.0,,,,,64,100,18
raw,1,8.187500000644832e-05,0.02228501758188114,,,,,64,100,18
pcg80,1,0.006255416000001901,0.8671390852512806,,,,,64,100,18
poisson_pcg20,1,0.004938875000000564,0.9999998362036325,,,,,64,100,18
poisson,1,0.0002653749999979027,0.47189662828006246,,,,,64,100,18
poisson_pcg40,1,0.010426041999998859,1.0,,,,,64,100,18
adaptive_rank90,1,0.007283791999995515,0.9999998362036325,20.0,1.0,4.0,0.9463414634146341,64,100,18
poisson_pcg80,1,0.012729666999995004,1.0,,,,,64,100,18
oracle_reused,1,0.0011039170000017862,1.0,,,,,64,100,18
cg20,1,0.001482791000000816,0.0382767054366033,,,,,64,100,18
amg,1,0.01670445900000317,0.9857223686633926,,,,,64,100,18
poisson_pcg5,1,0.0016571659999939925,0.8922640442428169,,,,,64,100,18
jacobi20,1,0.0013678329999962102,0.19838425797325793,,,,,64,100,18
pcg5,1,0.0007647919999982378,0.1372657292848515,,,,,64,100,18
amg_reused,1,0.0011647500000009359,0.9857223686633926,,,,,64,100,18
pcg20,1,0.001646457999996187,0.41450159545345433,,,,,64,100,18
pcg40,1,0.003540000000000987,0.6627727342233574,,,,,64,100,18
pcg10,1,0.0009640829999995049,0.26238123331442376,,,,,64,100,18
poisson_pcg10,1,0.0028069999999971174,0.9997761888528952,,,,,64,100,18
adaptive_rank90,2,0.008600375000000327,0.9999998362036325,20.0,1.0,4.0,0.9463414634146341,64,100,18
poisson,2,0.0003673329999998032,0.47189662828006246,,,,,64,100,18
jacobi20,2,0.0010718750000009436,0.19838425797325793,,,,,64,100,18
poisson_pcg80,2,0.011460958000000687,1.0,,,,,64,100,18
raw,2,4.879200000118544e-05,0.02228501758188114,,,,,64,100,18
poisson_pcg5,2,0.0017191250000010427,0.8922640442428169,,,,,64,100,18
amg_reused,2,0.001632624999999166,0.9857223686633926,,,,,64,100,18
poisson_pcg40,2,0.008148792000000071,1.0,,,,,64,100,18
amg,2,0.01827970899999798,0.9857223686633926,,,,,64,100,18
pcg40,2,0.0026091659999991634,0.6627727342233574,,,,,64,100,18
cg20,2,0.0014846250000033478,0.0382767054366033,,,,,64,100,18
pcg20,2,0.0017537080000025185,0.41450159545345433,,,,,64,100,18
oracle,2,0.014109499999996444,1.0,,,,,64,100,18
pcg10,2,0.001449833999998873,0.26238123331442376,,,,,64,100,18
poisson_pcg10,2,0.002256875000000491,0.9997761888528952,,,,,64,100,18
pcg80,2,0.005895082999998635,0.8671390852512806,,,,,64,100,18
poisson_pcg20,2,0.006296667000000866,0.9999998362036325,,,,,64,100,18
pcg5,2,0.0005846250000018927,0.1372657292848515,,,,,64,100,18
oracle_reused,2,0.00046970800000423196,1.0,,,,,64,100,18
cg20,0,0.001853624999995418,0.2560193238991655,,,,,64,100,19
oracle,0,0.01391720800000229,1.0,,,,,64,100,19
pcg20,0,0.0028382919999998535,0.5319916753656857,,,,,64,100,19
raw,0,6.533300000199915e-05,0.25307985593994226,,,,,64,100,19
adaptive_rank90,0,0.007930708000003506,0.9999998566345227,20.0,1.0,4.0,0.9097560975609756,64,100,19
jacobi20,0,0.0010406249999945771,0.41101295232524065,,,,,64,100,19
pcg80,0,0.006370542000006196,0.45152132162811665,,,,,64,100,19
amg_reused,0,0.0010616660000053457,0.8060600042462726,,,,,64,100,19
poisson_pcg5,0,0.0013806249999959164,0.9561672231133118,,,,,64,100,19
amg,0,0.019331957999995097,0.8060600042462726,,,,,64,100,19
poisson_pcg10,0,0.0024441670000001636,0.9998057577643251,,,,,64,100,19
poisson,0,0.00024362499999597276,0.4210431110782168,,,,,64,100,19
pcg10,0,0.0009841669999985925,0.4640856221797688,,,,,64,100,19
poisson_pcg20,0,0.008323208000000193,0.9999998566345227,,,,,64,100,19
poisson_pcg80,0,0.016994500000002688,1.0,,,,,64,100,19
pcg40,0,0.003229417000000012,0.5233022679377768,,,,,64,100,19
oracle_reused,0,0.0007368750000011914,1.0,,,,,64,100,19
poisson_pcg40,0,0.00837679099999633,1.0,,,,,64,100,19
pcg5,0,0.0005744589999991945,0.3400701034832621,,,,,64,100,19
amg,1,0.02274183299999777,0.8060600042462726,,,,,64,100,19
cg20,1,0.001953290999999524,0.2560193238991655,,,,,64,100,19
poisson_pcg5,1,0.0013854589999979794,0.9561672231133118,,,,,64,100,19
jacobi20,1,0.0010511250000035943,0.41101295232524065,,,,,64,100,19
poisson,1,0.000544625000003407,0.4210431110782168,,,,,64,100,19
poisson_pcg80,1,0.012200583000002041,1.0,,,,,64,100,19
pcg80,1,0.006368957999995928,0.45152132162811665,,,,,64,100,19
pcg10,1,0.0009158749999969018,0.4640856221797688,,,,,64,100,19
raw,1,6.708300000468626e-05,0.25307985593994226,,,,,64,100,19
poisson_pcg10,1,0.0020425409999944577,0.9998057577643251,,,,,64,100,19
amg_reused,1,0.0011784579999982725,0.8060600042462726,,,,,64,100,19
pcg40,1,0.003106375000001549,0.5233022679377768,,,,,64,100,19
oracle_reused,1,0.00072525000000212,1.0,,,,,64,100,19
pcg20,1,0.0016682920000050672,0.5319916753656857,,,,,64,100,19
pcg5,1,0.0005731250000025057,0.3400701034832621,,,,,64,100,19
adaptive_rank90,1,0.005271749999998576,0.9999998566345227,20.0,1.0,4.0,0.9097560975609756,64,100,19
poisson_pcg20,1,0.004271707999997432,0.9999998566345227,,,,,64,100,19
oracle,1,0.012679583000000605,1.0,,,,,64,100,19
poisson_pcg40,1,0.008252208000001815,1.0,,,,,64,100,19
adaptive_rank90,2,0.005194708000004766,0.9999998566345227,20.0,1.0,4.0,0.9097560975609756,64,100,19
poisson_pcg20,2,0.00465112500000231,0.9999998566345227,,,,,64,100,19
oracle,2,0.01271079099999639,1.0,,,,,64,100,19
pcg5,2,0.0006241249999945353,0.3400701034832621,,,,,64,100,19
raw,2,4.845799999486644e-05,0.25307985593994226,,,,,64,100,19
pcg80,2,0.006017624999998361,0.45152132162811665,,,,,64,100,19
poisson_pcg10,2,0.0020318340000002877,0.9998057577643251,,,,,64,100,19
poisson_pcg40,2,0.00819779199999715,1.0,,,,,64,100,19
cg20,2,0.0017153749999962997,0.2560193238991655,,,,,64,100,19
pcg20,2,0.0016353749999993283,0.5319916753656857,,,,,64,100,19
pcg40,2,0.0031522499999994125,0.5233022679377768,,,,,64,100,19
poisson_pcg80,2,0.012966417000001229,1.0,,,,,64,100,19
jacobi20,2,0.0009416659999956778,0.41101295232524065,,,,,64,100,19
poisson_pcg5,2,0.00107370799999984,0.9561672231133118,,,,,64,100,19
amg_reused,2,0.0011928750000009813,0.8060600042462726,,,,,64,100,19
poisson,2,0.00027604100000644394,0.4210431110782168,,,,,64,100,19
amg,2,0.015765250000001174,0.8060600042462726,,,,,64,100,19
oracle_reused,2,0.000651875000002633,1.0,,,,,64,100,19
pcg10,2,0.001019624999997859,0.4640856221797688,,,,,64,100,19
jacobi20,0,0.0011149589999988052,0.26405780945178103,,,,,64,100,20
poisson_pcg10,0,0.002213208000000577,0.9355735181031797,,,,,64,100,20
amg_reused,0,0.001114249999993433,0.8834718767713757,,,,,64,100,20
adaptive_rank90,0,0.009311916999998004,0.9999999982537702,30.0,1.0,6.0,0.9853658536585366,64,100,20
pcg10,0,0.0010866669999956002,0.4105677845318227,,,,,64,100,20
poisson_pcg40,0,0.008329833000004783,1.0,,,,,64,100,20
raw,0,6.162500000073123e-05,0.04632230582845171,,,,,64,100,20
amg,0,0.016763249999996788,0.8834718767713757,,,,,64,100,20
pcg5,0,0.0006094579999995631,0.18458953133200295,,,,,64,100,20
poisson_pcg5,0,0.001132166000004986,0.5752956768906893,,,,,64,100,20
oracle_reused,0,0.0006409579999981929,1.0,,,,,64,100,20
poisson,0,0.0002924169999971582,0.33351949244527845,,,,,64,100,20
oracle,0,0.012828958000000057,1.0,,,,,64,100,20
poisson_pcg80,0,0.015315041000000917,1.0,,,,,64,100,20
pcg80,0,0.006000291999995966,0.9461382600039698,,,,,64,100,20
poisson_pcg20,0,0.004362207999996315,0.9999986735637441,,,,,64,100,20
cg20,0,0.0015719169999997007,0.11331091582719108,,,,,64,100,20
pcg20,0,0.0016255419999993137,0.7187151321538431,,,,,64,100,20
pcg40,0,0.0029346249999946394,0.8327316898920835,,,,,64,100,20
amg_reused,1,0.0010641670000026693,0.8834718767713757,,,,,64,100,20
pcg40,1,0.003458249999994223,0.8327316898920835,,,,,64,100,20
poisson_pcg40,1,0.008238084000005585,1.0,,,,,64,100,20
poisson_pcg80,1,0.01439175000000148,1.0,,,,,64,100,20
poisson_pcg10,1,0.002557207999998923,0.9355735181031797,,,,,64,100,20
jacobi20,1,0.0009475829999985308,0.26405780945178103,,,,,64,100,20
poisson_pcg5,1,0.0010705000000044151,0.5752956768906893,,,,,64,100,20
oracle,1,0.013048666999999625,1.0,,,,,64,100,20
pcg80,1,0.005874833000000024,0.9461382600039698,,,,,64,100,20
pcg20,1,0.001828457999998534,0.7187151321538431,,,,,64,100,20
adaptive_rank90,1,0.008911750000002883,0.9999999982537702,30.0,1.0,6.0,0.9853658536585366,64,100,20
oracle_reused,1,0.0005428340000008802,1.0,,,,,64,100,20
poisson_pcg20,1,0.004721166999999582,0.9999986735637441,,,,,64,100,20
pcg5,1,0.0005639159999972776,0.18458953133200295,,,,,64,100,20
amg,1,0.016978915999999344,0.8834718767713757,,,,,64,100,20
raw,1,6.195800000341478e-05,0.04632230582845171,,,,,64,100,20
pcg10,1,0.0009584169999996561,0.4105677845318227,,,,,64,100,20
poisson,1,0.00026195799999584324,0.33351949244527845,,,,,64,100,20
cg20,1,0.0015699160000011148,0.11331091582719108,,,,,64,100,20
amg_reused,2,0.0010833750000003306,0.8834718767713757,,,,,64,100,20
oracle,2,0.012848624999996616,1.0,,,,,64,100,20
jacobi20,2,0.001053333000001544,0.26405780945178103,,,,,64,100,20
pcg80,2,0.005986290999999255,0.9461382600039698,,,,,64,100,20
oracle_reused,2,0.0007787499999949432,1.0,,,,,64,100,20
poisson_pcg5,2,0.0011819160000001716,0.5752956768906893,,,,,64,100,20
poisson_pcg40,2,0.008236791999998161,1.0,,,,,64,100,20
cg20,2,0.0015070410000035395,0.11331091582719108,,,,,64,100,20
pcg5,2,0.0008227920000010158,0.18458953133200295,,,,,64,100,20
amg,2,0.016788000000005354,0.8834718767713757,,,,,64,100,20
raw,2,4.6666999999445125e-05,0.04632230582845171,,,,,64,100,20
pcg10,2,0.0009209999999981733,0.4105677845318227,,,,,64,100,20
poisson,2,0.00023670899999927997,0.33351949244527845,,,,,64,100,20
poisson_pcg20,2,0.0045991659999984336,0.9999986735637441,,,,,64,100,20
pcg20,2,0.0016962500000019531,0.7187151321538431,,,,,64,100,20
poisson_pcg10,2,0.0021998329999988187,0.9355735181031797,,,,,64,100,20
adaptive_rank90,2,0.009328750000001662,0.9999999982537702,30.0,1.0,6.0,0.9853658536585366,64,100,20
poisson_pcg80,2,0.013503415999998936,1.0,,,,,64,100,20
pcg40,2,0.0030732090000000767,0.8327316898920835,,,,,64,100,20
poisson_pcg10,0,0.002067499999995448,0.9938367196992506,,,,,64,100,21
poisson_pcg40,0,0.008543583999994553,0.999999999476131,,,,,64,100,21
jacobi20,0,0.0010340409999969324,0.3544833405752981,,,,,64,100,21
pcg20,0,0.0016105000000052883,0.7515155171598243,,,,,64,100,21
amg,0,0.017499458999999717,0.9785298620126316,,,,,64,100,21
pcg80,0,0.005817957999994405,0.9003126638662168,,,,,64,100,21
pcg10,0,0.0009294590000052949,0.46420056706651697,,,,,64,100,21
raw,0,4.262499999896363e-05,-0.0010555554810497453,,,,,64,100,21
poisson_pcg20,0,0.0043156249999967145,0.9999894901405345,,,,,64,100,21
pcg5,0,0.0005711669999968194,0.28840533273335667,,,,,64,100,21
pcg40,0,0.002946207999997341,0.8204678460116891,,,,,64,100,21
poisson_pcg80,0,0.01719345800000127,1.0,,,,,64,100,21
oracle,0,0.012102374999997778,1.0,,,,,64,100,21
amg_reused,0,0.0011575000000050295,0.9785298620126316,,,,,64,100,21
adaptive_rank90,0,0.008539166999995018,0.9999999732826821,30.0,1.0,6.0,0.975609756097561,64,100,21
poisson_pcg5,0,0.001284000000005392,0.8449977619618706,,,,,64,100,21
cg20,0,0.0014538750000028244,0.1424472681168701,,,,,64,100,21
oracle_reused,0,0.0007316670000037107,1.0,,,,,64,100,21
poisson,0,0.00020374999999717147,0.30135590877549556,,,,,64,100,21
raw,1,5.470800000040299e-05,-0.0010555554810497453,,,,,64,100,21
pcg10,1,0.000890916999999547,0.46420056706651697,,,,,64,100,21
poisson_pcg5,1,0.001185958000000653,0.8449977619618706,,,,,64,100,21
pcg40,1,0.00290091699999806,0.8204678460116891,,,,,64,100,21
amg,1,0.01627545800000263,0.9785298620126316,,,,,64,100,21
pcg80,1,0.0060483749999988845,0.9003126638662168,,,,,64,100,21
pcg5,1,0.0006345000000038681,0.28840533273335667,,,,,64,100,21
poisson_pcg40,1,0.007709915999996042,0.999999999476131,,,,,64,100,21
amg_reused,1,0.0010941249999945057,0.9785298620126316,,,,,64,100,21
poisson_pcg10,1,0.0025660000000016225,0.9938367196992506,,,,,64,100,21
jacobi20,1,0.0010301249999997708,0.3544833405752981,,,,,64,100,21
pcg20,1,0.0016864999999981478,0.7515155171598243,,,,,64,100,21
poisson,1,0.00019008299999967448,0.30135590877549556,,,,,64,100,21
cg20,1,0.0014804159999997069,0.1424472681168701,,,,,64,100,21
oracle_reused,1,0.000631208000001493,1.0,,,,,64,100,21
poisson_pcg80,1,0.016448707999998646,1.0,,,,,64,100,21
adaptive_rank90,1,0.00935833300000155,0.9999999732826821,30.0,1.0,6.0,0.975609756097561,64,100,21
poisson_pcg20,1,0.004647417000001042,0.9999894901405345,,,,,64,100,21
oracle,1,0.016957708999996157,1.0,,,,,64,100,21
poisson_pcg10,2,0.002238832999999829,0.9938367196992506,,,,,64,100,21
jacobi20,2,0.0009570830000029673,0.3544833405752981,,,,,64,100,21
pcg10,2,0.0009463329999945813,0.46420056706651697,,,,,64,100,21
poisson,2,0.0002412910000018087,0.30135590877549556,,,,,64,100,21
oracle_reused,2,0.0007972920000014483,1.0,,,,,64,100,21
cg20,2,0.0014658330000045794,0.1424472681168701,,,,,64,100,21
amg,2,0.01639683300000172,0.9785298620126316,,,,,64,100,21
pcg40,2,0.003020791000004408,0.8204678460116891,,,,,64,100,21
adaptive_rank90,2,0.008229000000000042,0.9999999732826821,30.0,1.0,6.0,0.975609756097561,64,100,21
poisson_pcg80,2,0.014611750000000256,1.0,,,,,64,100,21
oracle,2,0.012398124999997151,1.0,,,,,64,100,21
raw,2,5.3250000000559794e-05,-0.0010555554810497453,,,,,64,100,21
pcg5,2,0.0005782499999966717,0.28840533273335667,,,,,64,100,21
pcg20,2,0.0015956669999965811,0.7515155171598243,,,,,64,100,21
pcg80,2,0.005825375000000577,0.9003126638662168,,,,,64,100,21
poisson_pcg40,2,0.007487375000003738,0.999999999476131,,,,,64,100,21
amg_reused,2,0.0009407499999980473,0.9785298620126316,,,,,64,100,21
poisson_pcg5,2,0.0014796669999981304,0.8449977619618706,,,,,64,100,21
poisson_pcg20,2,0.003090917000001525,0.9999894901405345,,,,,64,100,21
raw,0,5.979200000183482e-05,0.3129566983242787,,,,,64,100,22
jacobi20,0,0.000801709000000983,0.3461106634592474,,,,,64,100,22
pcg20,0,0.001530166999998528,0.44232524803030854,,,,,64,100,22
amg_reused,0,0.0010988330000003543,0.9843007007103831,,,,,64,100,22
oracle_reused,0,0.0005480000000019913,1.0,,,,,64,100,22
poisson_pcg40,0,0.008806709000005242,0.9999999996507541,,,,,64,100,22
pcg5,0,0.0005710840000006101,0.3567770123679459,,,,,64,100,22
amg,0,0.01556533299999785,0.9843007007103831,,,,,64,100,22
pcg40,0,0.002885499999997876,0.580073767632452,,,,,64,100,22
pcg10,0,0.0010682500000029904,0.34722651398973253,,,,,64,100,22
poisson_pcg20,0,0.004603166000002545,0.9999867122379595,,,,,64,100,22
poisson_pcg10,0,0.001949416000002202,0.9371218333028234,,,,,64,100,22
pcg80,0,0.006012374999997405,0.6632757799347396,,,,,64,100,22
oracle,0,0.011659999999999116,1.0,,,,,64,100,22
poisson_pcg5,0,0.0012685829999981024,0.8766438423587997,,,,,64,100,22
poisson,0,0.00025812500000199634,0.5861395333897603,,,,,64,100,22
cg20,0,0.001518832999998665,0.3747245701214974,,,,,64,100,22
adaptive_rank90,0,0.006988457999995035,0.9999999839346847,30.0,1.0,6.0,0.9853658536585366,64,100,22
poisson_pcg80,0,0.01550791600000423,1.0,,,,,64,100,22
pcg80,1,0.005684791999996719,0.6632757799347396,,,,,64,100,22
poisson_pcg40,1,0.007550250000001313,0.9999999996507541,,,,,64,100,22
raw,1,0.00010916599999433174,0.3129566983242787,,,,,64,100,22
adaptive_rank90,1,0.008153708999998344,0.9999999839346847,30.0,1.0,6.0,0.9853658536585366,64,100,22
pcg10,1,0.000965833999998722,0.34722651398973253,,,,,64,100,22
oracle_reused,1,0.0006831669999982637,1.0,,,,,64,100,22
amg_reused,1,0.001057832999997288,0.9843007007103831,,,,,64,100,22
poisson_pcg20,1,0.00418304200000108,0.9999867122379595,,,,,64,100,22
pcg5,1,0.0005564169999985324,0.3567770123679459,,,,,64,100,22
poisson_pcg10,1,0.0021128750000016794,0.9371218333028234,,,,,64,100,22
amg,1,0.015098250000001201,0.9843007007103831,,,,,64,100,22
cg20,1,0.0015445830000047067,0.3747245701214974,,,,,64,100,22
poisson_pcg80,1,0.013438000000000727,1.0,,,,,64,100,22
oracle,1,0.012296749999997303,1.0,,,,,64,100,22
pcg40,1,0.0030365840000001754,0.580073767632452,,,,,64,100,22
poisson,1,0.00019166599999920209,0.5861395333897603,,,,,64,100,22
pcg20,1,0.0015723750000020686,0.44232524803030854,,,,,64,100,22
jacobi20,1,0.0010557499999990227,0.3461106634592474,,,,,64,100,22
poisson_pcg5,1,0.0010079999999987876,0.8766438423587997,,,,,64,100,22
pcg40,2,0.0025605840000011426,0.580073767632452,,,,,64,100,22
pcg20,2,0.0014994579999978441,0.44232524803030854,,,,,64,100,22
poisson_pcg80,2,0.01545120800000177,1.0,,,,,64,100,22
jacobi20,2,0.0009232079999961229,0.3461106634592474,,,,,64,100,22
poisson_pcg5,2,0.0015610830000056808,0.8766438423587997,,,,,64,100,22
pcg80,2,0.005703207999999904,0.6632757799347396,,,,,64,100,22
raw,2,5.7625000003724836e-05,0.3129566983242787,,,,,64,100,22
adaptive_rank90,2,0.008529209000002425,0.9999999839346847,30.0,1.0,6.0,0.9853658536585366,64,100,22
amg_reused,2,0.001053499999997598,0.9843007007103831,,,,,64,100,22
poisson_pcg20,2,0.0038988750000044092,0.9999867122379595,,,,,64,100,22
cg20,2,0.0014847089999960872,0.3747245701214974,,,,,64,100,22
poisson_pcg10,2,0.006779332999997223,0.9371218333028234,,,,,64,100,22
poisson_pcg40,2,0.008600041999997643,0.9999999996507541,,,,,64,100,22
pcg5,2,0.0005923750000036421,0.3567770123679459,,,,,64,100,22
poisson,2,0.00018187500000266255,0.5861395333897603,,,,,64,100,22
amg,2,0.01530458399999901,0.9843007007103831,,,,,64,100,22
pcg10,2,0.0009581250000039176,0.34722651398973253,,,,,64,100,22
oracle_reused,2,0.0007074999999971965,1.0,,,,,64,100,22
oracle,2,0.012272541000001524,1.0,,,,,64,100,22
cg20,0,0.0015287080000021547,0.2806951900962667,,,,,64,100,23
amg_reused,0,0.0011287499999994566,0.897237208774948,,,,,64,100,23
poisson_pcg10,0,0.0023028750000051446,0.9743272860482768,,,,,64,100,23
poisson_pcg20,0,0.004178124999995703,0.9999995271209347,,,,,64,100,23
oracle,0,0.011771207999998978,1.0,,,,,64,100,23
poisson,0,0.00017404100000106837,0.5205714421501126,,,,,64,100,23
adaptive_rank90,0,0.006740707999995266,0.9999999671708774,25.0,1.0,5.0,0.9658536585365853,64,100,23
pcg20,0,0.0019630419999998594,0.3881194387466126,,,,,64,100,23
poisson_pcg40,0,0.008008625000002212,0.9999999998253771,,,,,64,100,23
raw,0,6.370899999552648e-05,0.31647277524858497,,,,,64,100,23
pcg5,0,0.0006162500000002069,0.2663760087900465,,,,,64,100,23
jacobi20,0,0.0009420840000018416,0.2807418282306539,,,,,64,100,23
oracle_reused,0,0.0005327920000013364,1.0,,,,,64,100,23
amg,0,0.018824874999999963,0.897237208774948,,,,,64,100,23
pcg10,0,0.0009135419999992678,0.3215868133879789,,,,,64,100,23
poisson_pcg5,0,0.0012487090000021794,0.6051339886417383,,,,,64,100,23
pcg40,0,0.0030816250000000878,0.34076775569388307,,,,,64,100,23
poisson_pcg80,0,0.015067583000003992,1.0,,,,,64,100,23
pcg80,0,0.005854542000001572,0.42472674574936903,,,,,64,100,23
poisson_pcg10,1,0.002078250000003834,0.9743272860482768,,,,,64,100,23
poisson,1,0.0002552500000021496,0.5205714421501126,,,,,64,100,23
oracle_reused,1,0.0004716660000028128,1.0,,,,,64,100,23
pcg5,1,0.0005690839999985542,0.2663760087900465,,,,,64,100,23
poisson_pcg20,1,0.003649582999997847,0.9999995271209347,,,,,64,100,23
pcg20,1,0.0018272919999944293,0.3881194387466126,,,,,64,100,23
amg,1,0.01995470800000021,0.897237208774948,,,,,64,100,23
pcg10,1,0.0009179170000024328,0.3215868133879789,,,,,64,100,23
raw,1,7.104200000185301e-05,0.31647277524858497,,,,,64,100,23
poisson_pcg5,1,0.0014293330000043625,0.6051339886417383,,,,,64,100,23
cg20,1,0.0015477910000001316,0.2806951900962667,,,,,64,100,23
amg_reused,1,0.0010613330000026622,0.897237208774948,,,,,64,100,23
pcg80,1,0.006075666000000979,0.42472674574936903,,,,,64,100,23
pcg40,1,0.0029847919999994588,0.34076775569388307,,,,,64,100,23
adaptive_rank90,1,0.006868042000000685,0.9999999671708774,25.0,1.0,5.0,0.9658536585365853,64,100,23
poisson_pcg40,1,0.00861154199999703,0.9999999998253771,,,,,64,100,23
oracle,1,0.011666916999999444,1.0,,,,,64,100,23
poisson_pcg80,1,0.013096208000000331,1.0,,,,,64,100,23
jacobi20,1,0.0010619169999941391,0.2807418282306539,,,,,64,100,23
oracle_reused,2,0.00057974999999999,1.0,,,,,64,100,23
poisson,2,0.0002004999999982715,0.5205714421501126,,,,,64,100,23
poisson_pcg5,2,0.001093415999996239,0.6051339886417383,,,,,64,100,23
amg_reused,2,0.0012071250000005307,0.897237208774948,,,,,64,100,23
adaptive_rank90,2,0.007317874999998253,0.9999999671708774,25.0,1.0,5.0,0.9658536585365853,64,100,23
poisson_pcg40,2,0.008087458999995079,0.9999999998253771,,,,,64,100,23
pcg10,2,0.0007613329999998086,0.3215868133879789,,,,,64,100,23
pcg20,2,0.0013327090000032626,0.3881194387466126,,,,,64,100,23
poisson_pcg80,2,0.015058791000001293,1.0,,,,,64,100,23
poisson_pcg10,2,0.0019329170000048634,0.9743272860482768,,,,,64,100,23
cg20,2,0.0014155829999964453,0.2806951900962667,,,,,64,100,23
oracle,2,0.010143874999997138,1.0,,,,,64,100,23
pcg40,2,0.002990957999998045,0.34076775569388307,,,,,64,100,23
raw,2,9.474999999525835e-05,0.31647277524858497,,,,,64,100,23
pcg80,2,0.005682082999996396,0.42472674574936903,,,,,64,100,23
jacobi20,2,0.0009030829999971957,0.2807418282306539,,,,,64,100,23
pcg5,2,0.0005601249999998004,0.2663760087900465,,,,,64,100,23
amg,2,0.01740954199999578,0.897237208774948,,,,,64,100,23
poisson_pcg20,2,0.004288791999996988,0.9999995271209347,,,,,64,100,23
pcg10,0,0.0012010410000016236,0.36541157787324957,,,,,64,100,24
jacobi20,0,0.0010036660000025677,0.32064833825826056,,,,,64,100,24
poisson_pcg10,0,0.002273040999995146,0.9805509054034558,,,,,64,100,24
poisson_pcg20,0,0.00420695800000459,0.9999584479349113,,,,,64,100,24
amg,0,0.01774295900000311,0.9947875057499861,,,,,64,100,24
pcg40,0,0.002671042000002899,0.6784052084367101,,,,,64,100,24
pcg20,0,0.001392334000001938,0.4809085975546858,,,,,64,100,24
poisson_pcg80,0,0.01647537499999885,1.0,,,,,64,100,24
oracle,0,0.01153966599999734,1.0,,,,,64,100,24
pcg80,0,0.006091834000002905,0.9293444704176357,,,,,64,100,24
raw,0,4.1416999998489246e-05,0.1335252190317158,,,,,64,100,24
amg_reused,0,0.0010924999999986085,0.9947875057499861,,,,,64,100,24
pcg5,0,0.0006850000000042655,0.28304917178130434,,,,,64,100,24
poisson,0,0.0002895829999971511,0.48286463090063664,,,,,64,100,24
poisson_pcg40,0,0.00851600000000019,0.9999999989522621,,,,,64,100,24
cg20,0,0.0015985000000000582,0.1656584968810378,,,,,64,100,24
poisson_pcg5,0,0.001579917000000819,0.8145075396201412,,,,,64,100,24
oracle_reused,0,0.0004865420000044196,1.0,,,,,64,100,24
adaptive_rank90,0,0.007595916999996177,0.9999999685678611,30.0,1.0,6.0,0.9390243902439024,64,100,24
jacobi20,1,0.0010913750000014488,0.32064833825826056,,,,,64,100,24
amg,1,0.017614957999995795,0.9947875057499861,,,,,64,100,24
adaptive_rank90,1,0.008804791999999395,0.9999999685678611,30.0,1.0,6.0,0.9390243902439024,64,100,24
oracle,1,0.010878290999997375,1.0,,,,,64,100,24
cg20,1,0.0012535000000042373,0.1656584968810378,,,,,64,100,24
poisson_pcg5,1,0.001609790999999916,0.8145075396201412,,,,,64,100,24
poisson,1,0.00018504199999824777,0.48286463090063664,,,,,64,100,24
poisson_pcg20,1,0.004147833000004653,0.9999584479349113,,,,,64,100,24
poisson_pcg10,1,0.0016656659999938483,0.9805509054034558,,,,,64,100,24
pcg80,1,0.004984374999999375,0.9293444704176357,,,,,64,100,24
amg_reused,1,0.0009446250000024747,0.9947875057499861,,,,,64,100,24
poisson_pcg80,1,0.016816292000001454,1.0,,,,,64,100,24
raw,1,7.64999999987026e-05,0.1335252190317158,,,,,64,100,24
poisson_pcg40,1,0.008494083999998736,0.9999999989522621,,,,,64,100,24
pcg20,1,0.0016328749999985348,0.4809085975546858,,,,,64,100,24
pcg5,1,0.0004917090000020607,0.28304917178130434,,,,,64,100,24
pcg10,1,0.0009124159999984727,0.36541157787324957,,,,,64,100,24
pcg40,1,0.003237334000004921,0.6784052084367101,,,,,64,100,24
oracle_reused,1,0.00046224999999822103,1.0,,,,,64,100,24
raw,2,5.9750000005465154e-05,0.1335252190317158,,,,,64,100,24
pcg80,2,0.005710209000000077,0.9293444704176357,,,,,64,100,24
adaptive_rank90,2,0.007131457999996371,0.9999999685678611,30.0,1.0,6.0,0.9390243902439024,64,100,24
cg20,2,0.0016299170000024787,0.1656584968810378,,,,,64,100,24
oracle_reused,2,0.0006999169999986066,1.0,,,,,64,100,24
amg_reused,2,0.001199458000002096,0.9947875057499861,,,,,64,100,24
pcg40,2,0.002556708000000185,0.6784052084367101,,,,,64,100,24
amg,2,0.014944291999995585,0.9947875057499861,,,,,64,100,24
poisson_pcg5,2,0.0009724160000033066,0.8145075396201412,,,,,64,100,24
jacobi20,2,0.0010537500000040723,0.32064833825826056,,,,,64,100,24
poisson_pcg20,2,0.004177042000002018,0.9999584479349113,,,,,64,100,24
pcg5,2,0.0005124579999957746,0.28304917178130434,,,,,64,100,24
pcg10,2,0.0007399579999969319,0.36541157787324957,,,,,64,100,24
poisson,2,0.00016083299999536393,0.48286463090063664,,,,,64,100,24
pcg20,2,0.0013526249999955553,0.4809085975546858,,,,,64,100,24
poisson_pcg40,2,0.008924624999998798,0.9999999989522621,,,,,64,100,24
oracle,2,0.012549624999998343,1.0,,,,,64,100,24
poisson_pcg10,2,0.002237583999999515,0.9805509054034558,,,,,64,100,24
poisson_pcg80,2,0.014313250000000721,1.0,,,,,64,100,24
pcg40,0,0.002683333000000232,0.6888814494837194,,,,,64,100,25
poisson_pcg80,0,0.019576792000002285,1.0,,,,,64,100,25
poisson,0,0.00029450000000252885,0.7843296453446125,,,,,64,100,25
amg,0,0.016326290999998605,0.9840847585992184,,,,,64,100,25
poisson_pcg10,0,0.002658834000001775,0.9969123069801252,,,,,64,100,25
pcg10,0,0.0011124580000014817,0.40356889060084616,,,,,64,100,25
poisson_pcg20,0,0.004665249999995069,0.9999951402421008,,,,,64,100,25
jacobi20,0,0.000984916999996699,0.27756630194070125,,,,,64,100,25
pcg20,0,0.001654999999999518,0.5750879310589541,,,,,64,100,25
pcg5,0,0.0005505000000027849,0.2416396008012206,,,,,64,100,25
oracle,0,0.012582208000004869,1.0,,,,,64,100,25
adaptive_rank90,0,0.008568541999999013,0.999999977997503,30.0,1.0,6.0,0.9658536585365853,64,100,25
raw,0,4.262499999896363e-05,0.16227668775078657,,,,,64,100,25
poisson_pcg40,0,0.008033791999999096,0.9999999996507541,,,,,64,100,25
poisson_pcg5,0,0.0011359169999991536,0.8766093429671582,,,,,64,100,25
cg20,0,0.0015219169999980409,0.23132028907257926,,,,,64,100,25
oracle_reused,0,0.0006707089999977711,1.0,,,,,64,100,25
amg_reused,0,0.0011541659999991793,0.9840847585992184,,,,,64,100,25
pcg80,0,0.006219083000004844,0.8937926081849513,,,,,64,100,25
cg20,1,0.0015240419999997812,0.23132028907257926,,,,,64,100,25
poisson,1,0.00023891700000433502,0.7843296453446125,,,,,64,100,25
adaptive_rank90,1,0.008758249999999634,0.999999977997503,30.0,1.0,6.0,0.9658536585365853,64,100,25
pcg10,1,0.001169125000004101,0.40356889060084616,,,,,64,100,25
poisson_pcg20,1,0.00410933399999891,0.9999951402421008,,,,,64,100,25
pcg5,1,0.0007100420000014651,0.2416396008012206,,,,,64,100,25
jacobi20,1,0.0009786250000018981,0.27756630194070125,,,,,64,100,25
poisson_pcg10,1,0.0019995420000000763,0.9969123069801252,,,,,64,100,25
pcg40,1,0.003006042000002651,0.6888814494837194,,,,,64,100,25
poisson_pcg80,1,0.015329125000000943,1.0,,,,,64,100,25
poisson_pcg5,1,0.0013582079999991947,0.8766093429671582,,,,,64,100,25
oracle_reused,1,0.000691834000001279,1.0,,,,,64,100,25
raw,1,6.954199999853472e-05,0.16227668775078657,,,,,64,100,25
pcg20,1,0.0015703329999965376,0.5750879310589541,,,,,64,100,25
amg,1,0.01715383300000184,0.9840847585992184,,,,,64,100,25
oracle,1,0.011583584000000258,1.0,,,,,64,100,25
pcg80,1,0.0057508749999968245,0.8937926081849513,,,,,64,100,25
poisson_pcg40,1,0.008155542000004345,0.9999999996507541,,,,,64,100,25
amg_reused,1,0.0012423749999967981,0.9840847585992184,,,,,64,100,25
oracle_reused,2,0.0005353339999984996,1.0,,,,,64,100,25
pcg80,2,0.006053459000000316,0.8937926081849513,,,,,64,100,25
poisson_pcg40,2,0.0061433340000007775,0.9999999996507541,,,,,64,100,25
cg20,2,0.0012122500000018022,0.23132028907257926,,,,,64,100,25
poisson_pcg80,2,0.014066999999997165,1.0,,,,,64,100,25
poisson_pcg10,2,0.002295541999998818,0.9969123069801252,,,,,64,100,25
pcg20,2,0.00163279099999869,0.5750879310589541,,,,,64,100,25
poisson_pcg5,2,0.0010664160000004586,0.8766093429671582,,,,,64,100,25
raw,2,4.050000000432874e-05,0.16227668775078657,,,,,64,100,25
amg_reused,2,0.0010576670000048694,0.9840847585992184,,,,,64,100,25
oracle,2,0.012407792000004747,1.0,,,,,64,100,25
adaptive_rank90,2,0.008998875000003181,0.999999977997503,30.0,1.0,6.0,0.9658536585365853,64,100,25
jacobi20,2,0.0010310409999974013,0.27756630194070125,,,,,64,100,25
pcg5,2,0.0006512919999934752,0.2416396008012206,,,,,64,100,25
poisson,2,0.00020900000000523278,0.7843296453446125,,,,,64,100,25
pcg10,2,0.0012122090000019625,0.40356889060084616,,,,,64,100,25
poisson_pcg20,2,0.0032599580000010064,0.9999951402421008,,,,,64,100,25
pcg40,2,0.0024498339999965424,0.6888814494837194,,,,,64,100,25
amg,2,0.016858374999998205,0.9840847585992184,,,,,64,100,25
poisson_pcg80,0,0.01298366700000031,1.0,,,,,64,100,26
jacobi20,0,0.0009185410000043248,0.3654677636944101,,,,,64,100,26
poisson_pcg20,0,0.0037555000000040195,0.9999927222375145,,,,,64,100,26
pcg10,0,0.0009186249999970642,0.39464642626221413,,,,,64,100,26
poisson,0,0.00027554099999349546,0.3385521889243649,,,,,64,100,26
raw,0,6.750000000010914e-05,0.042693172041199184,,,,,64,100,26
oracle,0,0.010889791000003868,1.0,,,,,64,100,26
poisson_pcg10,0,0.0016972080000030587,0.9809981746099733,,,,,64,100,26
amg,0,0.01634141600000305,0.8980804123935721,,,,,64,100,26
adaptive_rank90,0,0.011556500000004633,0.9999999872525215,30.0,1.0,6.0,0.9707317073170731,64,100,26
pcg40,0,0.004252791999995509,0.7479057598891377,,,,,64,100,26
poisson_pcg5,0,0.0013472090000021808,0.8729536367990383,,,,,64,100,26
pcg20,0,0.0017075829999981806,0.5628290511863859,,,,,64,100,26
amg_reused,0,0.0011393750000010527,0.8980804123935721,,,,,64,100,26
poisson_pcg40,0,0.007914292000002376,1.0,,,,,64,100,26
cg20,0,0.0015037080000013248,0.1734216262460538,,,,,64,100,26
pcg80,0,0.005814583000002926,0.9203509921463799,,,,,64,100,26
pcg5,0,0.00048770799999431347,0.3133742072325659,,,,,64,100,26
oracle_reused,0,0.0004697919999969713,1.0,,,,,64,100,26
pcg20,1,0.0017547919999998385,0.5628290511863859,,,,,64,100,26
pcg5,1,0.0005588749999958509,0.3133742072325659,,,,,64,100,26
cg20,1,0.001609208000004969,0.1734216262460538,,,,,64,100,26
poisson_pcg10,1,0.0017021670000048061,0.9809981746099733,,,,,64,100,26
pcg40,1,0.00254583299999922,0.7479057598891377,,,,,64,100,26
amg,1,0.014433875000001706,0.8980804123935721,,,,,64,100,26
raw,1,6.683400000184747e-05,0.042693172041199184,,,,,64,100,26
poisson,1,0.0002694169999983842,0.3385521889243649,,,,,64,100,26
jacobi20,1,0.0008317079999997645,0.3654677636944101,,,,,64,100,26
pcg10,1,0.0010614999999987162,0.39464642626221413,,,,,64,100,26
pcg80,1,0.005559042000001568,0.9203509921463799,,,,,64,100,26
poisson_pcg80,1,0.014039582999998856,1.0,,,,,64,100,26
poisson_pcg20,1,0.0035745830000024625,0.9999927222375145,,,,,64,100,26
poisson_pcg5,1,0.0014295419999967862,0.8729536367990383,,,,,64,100,26
oracle_reused,1,0.0006980830000031801,1.0,,,,,64,100,26
poisson_pcg40,1,0.0063352920000028234,1.0,,,,,64,100,26
adaptive_rank90,1,0.008408958000003963,0.9999999872525215,30.0,1.0,6.0,0.9707317073170731,64,100,26
oracle,1,0.012386958000000448,1.0,,,,,64,100,26
amg_reused,1,0.0009351659999978779,0.8980804123935721,,,,,64,100,26
cg20,2,0.0012214159999999197,0.1734216262460538,,,,,64,100,26
oracle,2,0.011010542000001067,1.0,,,,,64,100,26
poisson_pcg10,2,0.0022654590000001917,0.9809981746099733,,,,,64,100,26
jacobi20,2,0.0010259160000032352,0.3654677636944101,,,,,64,100,26
pcg80,2,0.0058690410000039606,0.9203509921463799,,,,,64,100,26
pcg5,2,0.0005623750000012251,0.3133742072325659,,,,,64,100,26
amg,2,0.01601616699999653,0.8980804123935721,,,,,64,100,26
poisson_pcg5,2,0.0013027500000006853,0.8729536367990383,,,,,64,100,26
amg_reused,2,0.001089125000000024,0.8980804123935721,,,,,64,100,26
poisson_pcg20,2,0.0037323749999984557,0.9999927222375145,,,,,64,100,26
pcg20,2,0.0012877920000065046,0.5628290511863859,,,,,64,100,26
pcg10,2,0.0009484170000035874,0.39464642626221413,,,,,64,100,26
poisson_pcg40,2,0.006290875000004803,1.0,,,,,64,100,26
adaptive_rank90,2,0.009047209000001999,0.9999999872525215,30.0,1.0,6.0,0.9707317073170731,64,100,26
pcg40,2,0.0031463750000000346,0.7479057598891377,,,,,64,100,26
poisson_pcg80,2,0.013741917000004378,1.0,,,,,64,100,26
raw,2,6.783399999932271e-05,0.042693172041199184,,,,,64,100,26
poisson,2,0.0001805830000023434,0.3385521889243649,,,,,64,100,26
oracle_reused,2,0.0005425000000016666,1.0,,,,,64,100,26
pcg80,0,0.006632375000002355,0.8672010971939846,,,,,64,100,27
oracle,0,0.012864458000002799,1.0,,,,,64,100,27
poisson_pcg20,0,0.0038313749999971947,0.9999333411648255,,,,,64,100,27
poisson_pcg40,0,0.007003416999999956,0.9999999996507541,,,,,64,100,27
pcg10,0,0.0010380000000012046,0.544192698449672,,,,,64,100,27
oracle_reused,0,0.0005501249999966262,1.0,,,,,64,100,27
amg,0,0.014782875000001638,0.732012899742765,,,,,64,100,27
poisson,0,0.0001801669999963451,0.3329129925639663,,,,,64,100,27
jacobi20,0,0.0007846660000012662,0.46349361321292004,,,,,64,100,27
amg_reused,0,0.0011354580000002557,0.732012899742765,,,,,64,100,27
pcg40,0,0.002765666999998473,0.7746740976154267,,,,,64,100,27
adaptive_rank90,0,0.008634125000000381,0.9999999495339551,30.0,1.0,6.0,0.9585365853658536,64,100,27
pcg5,0,0.0006458750000035707,0.41120995377883046,,,,,64,100,27
poisson_pcg5,0,0.0013480829999963362,0.6747428892958397,,,,,64,100,27
cg20,0,0.001573125000000175,0.33139361431514036,,,,,64,100,27
poisson_pcg10,0,0.0025972079999974085,0.8879180064091947,,,,,64,100,27
raw,0,4.8040999999443557e-05,0.13625100851763464,,,,,64,100,27
pcg20,0,0.0016059999999953334,0.7346690686129224,,,,,64,100,27
poisson_pcg80,0,0.013178792000005046,1.0,,,,,64,100,27
pcg80,1,0.006169666999994661,0.8672010971939846,,,,,64,100,27
amg_reused,1,0.000937082999996619,0.732012899742765,,,,,64,100,27
poisson_pcg10,1,0.0017094580000005521,0.8879180064091947,,,,,64,100,27
jacobi20,1,0.0010626670000064564,0.46349361321292004,,,,,64,100,27
raw,1,7.454099999648633e-05,0.13625100851763464,,,,,64,100,27
cg20,1,0.001561625000000788,0.33139361431514036,,,,,64,100,27
oracle_reused,1,0.0008176669999997443,1.0,,,,,64,100,27
oracle,1,0.013206499999995458,1.0,,,,,64,100,27
poisson_pcg80,1,0.015273958000001642,1.0,,,,,64,100,27
poisson,1,0.0002482499999985066,0.3329129925639663,,,,,64,100,27
pcg5,1,0.0005938340000000153,0.41120995377883046,,,,,64,100,27
poisson_pcg40,1,0.008935041000000865,0.9999999996507541,,,,,64,100,27
pcg20,1,0.0016422919999996566,0.7346690686129224,,,,,64,100,27
poisson_pcg5,1,0.0013697079999985817,0.6747428892958397,,,,,64,100,27
amg,1,0.017256750000001375,0.732012899742765,,,,,64,100,27
poisson_pcg20,1,0.0037566249999940737,0.9999333411648255,,,,,64,100,27
pcg10,1,0.0009527079999998023,0.544192698449672,,,,,64,100,27
adaptive_rank90,1,0.008705249999998443,0.9999999495339551,30.0,1.0,6.0,0.9585365853658536,64,100,27
pcg40,1,0.003106750000000602,0.7746740976154267,,,,,64,100,27
adaptive_rank90,2,0.011709084000003145,0.9999999495339551,30.0,1.0,6.0,0.9585365853658536,64,100,27
oracle_reused,2,0.0004795420000007766,1.0,,,,,64,100,27
oracle,2,0.012494249999996043,1.0,,,,,64,100,27
pcg5,2,0.0006244160000008492,0.41120995377883046,,,,,64,100,27
poisson_pcg5,2,0.001961999999998909,0.6747428892958397,,,,,64,100,27
poisson_pcg10,2,0.002241125000004729,0.8879180064091947,,,,,64,100,27
poisson,2,0.0002263330000005226,0.3329129925639663,,,,,64,100,27
raw,2,9.37499999977831e-05,0.13625100851763464,,,,,64,100,27
pcg20,2,0.001361416000001725,0.7346690686129224,,,,,64,100,27
pcg40,2,0.003130875000003641,0.7746740976154267,,,,,64,100,27
jacobi20,2,0.0008475839999988466,0.46349361321292004,,,,,64,100,27
amg_reused,2,0.0009329170000000886,0.732012899742765,,,,,64,100,27
poisson_pcg80,2,0.016159958999999446,1.0,,,,,64,100,27
pcg10,2,0.0009607499999972902,0.544192698449672,,,,,64,100,27
poisson_pcg20,2,0.004340040999998962,0.9999333411648255,,,,,64,100,27
pcg80,2,0.00581908299999867,0.8672010971939846,,,,,64,100,27
cg20,2,0.0016285409999952094,0.33139361431514036,,,,,64,100,27
poisson_pcg40,2,0.0070394160000049055,0.9999999996507541,,,,,64,100,27
amg,2,0.01562066700000031,0.732012899742765,,,,,64,100,27
amg,0,0.015664958999998646,0.9765935298073904,,,,,64,100,28
amg_reused,0,0.0010533749999979136,0.9765935298073904,,,,,64,100,28
jacobi20,0,0.0010795419999993783,0.3082357367170855,,,,,64,100,28
pcg5,0,0.0006482920000010495,0.25521038008943603,,,,,64,100,28
poisson,0,0.0003831249999990405,0.2764308016086661,,,,,64,100,28
cg20,0,0.0015541249999984075,0.09679567785460819,,,,,64,100,28
oracle,0,0.011549832999996568,1.0,,,,,64,100,28
poisson_pcg80,0,0.011247208000000342,1.0,,,,,64,100,28
oracle_reused,0,0.0005823750000004679,1.0,,,,,64,100,28
pcg80,0,0.005319208000003073,0.8648161567731146,,,,,64,100,28
pcg10,0,0.001001875000000041,0.39622834591065925,,,,,64,100,28
poisson_pcg10,0,0.002564749999997673,0.996499947180037,,,,,64,100,28
raw,0,0.00010116600000031895,0.057464462754061085,,,,,64,100,28
pcg20,0,0.0016426250000023401,0.6675487881625279,,,,,64,100,28
poisson_pcg20,0,0.004271666999997592,0.9999998700804932,,,,,64,100,28
poisson_pcg40,0,0.008101124999996046,1.0,,,,,64,100,28
poisson_pcg5,0,0.0011509169999968094,0.6896017862688884,,,,,64,100,28
adaptive_rank90,0,0.007436458000000812,0.9999999883002594,25.0,1.0,5.0,0.9853658536585366,64,100,28
pcg40,0,0.002887499999999932,0.811292724204468,,,,,64,100,28
poisson_pcg80,1,0.01403866599999759,1.0,,,,,64,100,28
amg,1,0.01621662499999843,0.9765935298073904,,,,,64,100,28
pcg40,1,0.002956249999996885,0.811292724204468,,,,,64,100,28
poisson,1,0.00028645799999793553,0.2764308016086661,,,,,64,100,28
raw,1,6.270800000152121e-05,0.057464462754061085,,,,,64,100,28
jacobi20,1,0.0010979580000025635,0.3082357367170855,,,,,64,100,28
adaptive_rank90,1,0.0076585000000051195,0.9999999883002594,25.0,1.0,5.0,0.9853658536585366,64,100,28
poisson_pcg10,1,0.0020422499999952493,0.996499947180037,,,,,64,100,28
amg_reused,1,0.0010603750000015566,0.9765935298073904,,,,,64,100,28
pcg5,1,0.0005724170000007689,0.25521038008943603,,,,,64,100,28
pcg20,1,0.001659375000002683,0.6675487881625279,,,,,64,100,28
pcg80,1,0.006135790999998392,0.8648161567731146,,,,,64,100,28
oracle_reused,1,0.0006726249999999823,1.0,,,,,64,100,28
poisson_pcg40,1,0.007694499999999493,1.0,,,,,64,100,28
poisson_pcg5,1,0.001520459000005303,0.6896017862688884,,,,,64,100,28
poisson_pcg20,1,0.00308762499999915,0.9999998700804932,,,,,64,100,28
pcg10,1,0.000757875000005015,0.39622834591065925,,,,,64,100,28
cg20,1,0.0015419580000042288,0.09679567785460819,,,,,64,100,28
oracle,1,0.01234295799999785,1.0,,,,,64,100,28
poisson_pcg5,2,0.0015379170000002773,0.6896017862688884,,,,,64,100,28
raw,2,8.641600000203198e-05,0.057464462754061085,,,,,64,100,28
poisson_pcg80,2,0.013667916999999363,1.0,,,,,64,100,28
amg,2,0.016615542000003813,0.9765935298073904,,,,,64,100,28
amg_reused,2,0.0010212079999973867,0.9765935298073904,,,,,64,100,28
poisson_pcg20,2,0.0041940410000052,0.9999998700804932,,,,,64,100,28
poisson_pcg10,2,0.002308333000001994,0.996499947180037,,,,,64,100,28
pcg10,2,0.0011425420000037434,0.39622834591065925,,,,,64,100,28
pcg80,2,0.0058095420000015,0.8648161567731146,,,,,64,100,28
poisson_pcg40,2,0.008187792000001082,1.0,,,,,64,100,28
jacobi20,2,0.0007927910000020688,0.3082357367170855,,,,,64,100,28
adaptive_rank90,2,0.006385250000001008,0.9999999883002594,25.0,1.0,5.0,0.9853658536585366,64,100,28
oracle,2,0.012042624999999418,1.0,,,,,64,100,28
cg20,2,0.0018100420000024542,0.09679567785460819,,,,,64,100,28
pcg5,2,0.0005725420000004533,0.25521038008943603,,,,,64,100,28
pcg40,2,0.0031069580000036012,0.811292724204468,,,,,64,100,28
pcg20,2,0.0017059580000022834,0.6675487881625279,,,,,64,100,28
poisson,2,0.0002462500000035561,0.2764308016086661,,,,,64,100,28
oracle_reused,2,0.0005596660000009024,1.0,,,,,64,100,28
poisson_pcg10,0,0.0021002499999980273,0.9496330695939404,,,,,64,100,29
pcg5,0,0.0005787910000023544,0.44929970801359165,,,,,64,100,29
oracle_reused,0,0.0006429160000038792,1.0,,,,,64,100,29
amg_reused,0,0.0013116250000066998,0.8548738819308843,,,,,64,100,29
oracle,0,0.011976541999999313,1.0,,,,,64,100,29
adaptive_rank90,0,0.0076777499999991505,0.9999999519786769,30.0,1.0,6.0,0.975609756097561,64,100,29
amg,0,0.017367832999994448,0.8548738819308843,,,,,64,100,29
poisson_pcg80,0,0.016165125000000558,1.0,,,,,64,100,29
cg20,0,0.0016872910000031993,0.3056350157113197,,,,,64,100,29
jacobi20,0,0.0011071250000043165,0.5084087315254462,,,,,64,100,29
poisson_pcg5,0,0.0012697499999987372,0.5722021476211375,,,,,64,100,29
pcg80,0,0.005642749999999808,0.786893189115137,,,,,64,100,29
poisson_pcg40,0,0.007541250000002719,0.999999999476131,,,,,64,100,29
poisson,0,0.00025208299999945893,0.40265965923454444,,,,,64,100,29
pcg20,0,0.0016809999999978231,0.5612672231356635,,,,,64,100,29
poisson_pcg20,0,0.0044857080000042515,0.9999482511744725,,,,,64,100,29
pcg40,0,0.003135917000001598,0.528055416928182,,,,,64,100,29
raw,0,6.545800000168356e-05,0.24707585241445768,,,,,64,100,29
pcg10,0,0.00094454199999916,0.552775587947236,,,,,64,100,29
pcg40,1,0.0031860419999958367,0.528055416928182,,,,,64,100,29
pcg20,1,0.0015776669999993942,0.5612672231356635,,,,,64,100,29
jacobi20,1,0.0010580000000004475,0.5084087315254462,,,,,64,100,29
amg,1,0.01635116599999975,0.8548738819308843,,,,,64,100,29
poisson_pcg5,1,0.0014917499999995698,0.5722021476211375,,,,,64,100,29
adaptive_rank90,1,0.007858666999993602,0.9999999519786769,30.0,1.0,6.0,0.975609756097561,64,100,29
poisson_pcg20,1,0.004187708000003454,0.9999482511744725,,,,,64,100,29
poisson,1,0.00026595799999995506,0.40265965923454444,,,,,64,100,29
amg_reused,1,0.001059082999994132,0.8548738819308843,,,,,64,100,29
oracle_reused,1,0.0006317499999966003,1.0,,,,,64,100,29
poisson_pcg10,1,0.0024047089999967852,0.9496330695939404,,,,,64,100,29
cg20,1,0.0016086249999958113,0.3056350157113197,,,,,64,100,29
pcg80,1,0.005960832999996057,0.786893189115137,,,,,64,100,29
pcg10,1,0.0009559590000023377,0.552775587947236,,,,,64,100,29
pcg5,1,0.000587499999994634,0.44929970801359165,,,,,64,100,29
poisson_pcg40,1,0.008094249999999192,0.999999999476131,,,,,64,100,29
poisson_pcg80,1,0.01571983400000221,1.0,,,,,64,100,29
raw,1,5.2334000002929315e-05,0.24707585241445768,,,,,64,100,29
oracle,1,0.012868749999995543,1.0,,,,,64,100,29
pcg10,2,0.001171292000002211,0.552775587947236,,,,,64,100,29
poisson_pcg80,2,0.01599220800000012,1.0,,,,,64,100,29
amg_reused,2,0.0011061249999997358,0.8548738819308843,,,,,64,100,29
oracle,2,0.01201416699999669,1.0,,,,,64,100,29
oracle_reused,2,0.0006324579999983371,1.0,,,,,64,100,29
poisson_pcg40,2,0.007626957999995909,0.999999999476131,,,,,64,100,29
poisson_pcg5,2,0.0010514579999991724,0.5722021476211375,,,,,64,100,29
adaptive_rank90,2,0.009005082999998137,0.9999999519786769,30.0,1.0,6.0,0.975609756097561,64,100,29
raw,2,5.1374999998188287e-05,0.24707585241445768,,,,,64,100,29
amg,2,0.016479250000003276,0.8548738819308843,,,,,64,100,29
poisson,2,0.0002664589999952227,0.40265965923454444,,,,,64,100,29
jacobi20,2,0.0010497080000035908,0.5084087315254462,,,,,64,100,29
pcg20,2,0.001690000000003522,0.5612672231356635,,,,,64,100,29
pcg80,2,0.00585608300000473,0.786893189115137,,,,,64,100,29
pcg40,2,0.0030145419999954015,0.528055416928182,,,,,64,100,29
poisson_pcg10,2,0.002243416999995418,0.9496330695939404,,,,,64,100,29
poisson_pcg20,2,0.003677000000003261,0.9999482511744725,,,,,64,100,29
pcg5,2,0.0005442920000007234,0.44929970801359165,,,,,64,100,29
cg20,2,0.0016316250000016908,0.3056350157113197,,,,,64,100,29
poisson,0,0.00021825000000319505,0.4300362643760824,,,,,64,500,0
jacobi20,0,0.0007764590000007843,0.3937133406965563,,,,,64,500,0
poisson_pcg20,0,0.004632333000003541,0.9989000408603835,,,,,64,500,0
pcg40,0,0.0029587499999976785,0.6570813481143735,,,,,64,500,0
pcg20,0,0.0017331250000012233,0.5776468689734113,,,,,64,500,0
oracle_reused,0,0.0005893749999970055,1.0,,,,,64,500,0
pcg5,0,0.0006867499999998472,0.357242211164908,,,,,64,500,0
poisson_pcg5,0,0.0010820000000038021,0.433452600663031,,,,,64,500,0
amg_reused,0,0.0009047920000000431,0.6062883734027444,,,,,64,500,0
poisson_pcg40,0,0.006915249999998707,0.9999999909196045,,,,,64,500,0
cg20,0,0.0012682499999954189,0.4277822653558711,,,,,64,500,0
raw,0,4.258300000259396e-05,0.415857244215313,,,,,64,500,0
pcg10,0,0.0009195000000019604,0.44428855547166207,,,,,64,500,0
poisson_pcg80,0,0.015806167000000926,1.0,,,,,64,500,0
adaptive_rank90,0,0.011476500000000556,0.9999999909196045,40.0,1.0,8.0,0.9902439024390244,64,500,0
pcg80,0,0.005825916999995684,0.6879039766740561,,,,,64,500,0
amg,0,0.015913291000003937,0.6062883734027444,,,,,64,500,0
poisson_pcg10,0,0.002303625000003251,0.4476520064866435,,,,,64,500,0
oracle,0,0.011999750000001086,1.0,,,,,64,500,0
amg_reused,1,0.0011319169999950418,0.6062883734027444,,,,,64,500,0
poisson_pcg20,1,0.00436329200000074,0.9989000408603835,,,,,64,500,0
poisson_pcg5,1,0.0011397079999966309,0.433452600663031,,,,,64,500,0
amg,1,0.014703707999998983,0.6062883734027444,,,,,64,500,0
oracle,1,0.012225374999999872,1.0,,,,,64,500,0
pcg20,1,0.0016947919999950045,0.5776468689734113,,,,,64,500,0
cg20,1,0.0017037920000007034,0.4277822653558711,,,,,64,500,0
poisson_pcg10,1,0.002472916999998631,0.4476520064866435,,,,,64,500,0
poisson_pcg40,1,0.007453542000000368,0.9999999909196045,,,,,64,500,0
jacobi20,1,0.0009555000000034397,0.3937133406965563,,,,,64,500,0
pcg10,1,0.000928708000003553,0.44428855547166207,,,,,64,500,0
poisson,1,0.00026262499999774036,0.4300362643760824,,,,,64,500,0
pcg5,1,0.0006569170000005897,0.357242211164908,,,,,64,500,0
oracle_reused,1,0.0006348750000029213,1.0,,,,,64,500,0
pcg40,1,0.003161249999998006,0.6570813481143735,,,,,64,500,0
adaptive_rank90,1,0.012052416999999593,0.9999999909196045,40.0,1.0,8.0,0.9902439024390244,64,500,0
pcg80,1,0.006065124999999227,0.6879039766740561,,,,,64,500,0
poisson_pcg80,1,0.015429500000003316,1.0,,,,,64,500,0
raw,1,4.549999999881038e-05,0.415857244215313,,,,,64,500,0
cg20,2,0.0016946669999953201,0.4277822653558711,,,,,64,500,0
poisson_pcg80,2,0.01663725000000227,1.0,,,,,64,500,0
amg,2,0.014535542000004398,0.6062883734027444,,,,,64,500,0
raw,2,4.837500000576256e-05,0.415857244215313,,,,,64,500,0
poisson_pcg5,2,0.0011982910000014613,0.433452600663031,,,,,64,500,0
pcg5,2,0.0005792500000012524,0.357242211164908,,,,,64,500,0
poisson,2,0.00014795799999944848,0.4300362643760824,,,,,64,500,0
poisson_pcg20,2,0.0033287500000014347,0.9989000408603835,,,,,64,500,0
poisson_pcg10,2,0.0022938329999959706,0.4476520064866435,,,,,64,500,0
pcg40,2,0.002902500000004693,0.6570813481143735,,,,,64,500,0
oracle_reused,2,0.000562209000001701,1.0,,,,,64,500,0
poisson_pcg40,2,0.008340957999998011,0.9999999909196045,,,,,64,500,0
pcg10,2,0.0009130000000041605,0.44428855547166207,,,,,64,500,0
pcg80,2,0.005990957999998159,0.6879039766740561,,,,,64,500,0
pcg20,2,0.0016331670000013787,0.5776468689734113,,,,,64,500,0
jacobi20,2,0.0010505830000013816,0.3937133406965563,,,,,64,500,0
adaptive_rank90,2,0.009972666999999547,0.9999999909196045,40.0,1.0,8.0,0.9902439024390244,64,500,0
oracle,2,0.012115416000000323,1.0,,,,,64,500,0
amg_reused,2,0.0009352920000011977,0.6062883734027444,,,,,64,500,0
cg20,0,0.0015311670000031086,-0.03489694114160187,,,,,64,500,1
pcg80,0,0.00613716599999492,0.8634598210444009,,,,,64,500,1
pcg40,0,0.0030488330000011388,0.7246895053006042,,,,,64,500,1
poisson_pcg5,0,0.0013582500000026698,0.26164332037574844,,,,,64,500,1
raw,0,7.066699999569437e-05,-0.07907133264054106,,,,,64,500,1
amg_reused,0,0.0015908330000016235,0.9034335504469901,,,,,64,500,1
poisson_pcg20,0,0.003693916999999658,0.999794417572527,,,,,64,500,1
poisson_pcg80,0,0.01567312499999929,1.0,,,,,64,500,1
pcg5,0,0.0005305419999999117,0.29268136647912435,,,,,64,500,1
poisson_pcg10,0,0.0016512079999984053,0.9090198645040126,,,,,64,500,1
pcg20,0,0.0019603329999995367,0.5317392407160358,,,,,64,500,1
amg,0,0.0166620420000001,0.9034335504469901,,,,,64,500,1
jacobi20,0,0.0009939999999986071,0.3268750491389103,,,,,64,500,1
oracle,0,0.011973166000004198,1.0,,,,,64,500,1
poisson,0,0.000203458000001433,0.07311128346866197,,,,,64,500,1
pcg10,0,0.0008603329999985476,0.3512440933074076,,,,,64,500,1
adaptive_rank90,0,0.011057083000004297,0.9999999912688504,35.0,1.0,7.0,0.9804878048780488,64,500,1
poisson_pcg40,0,0.008173624999997742,0.9999999989522621,,,,,64,500,1
oracle_reused,0,0.0007355830000008723,1.0,,,,,64,500,1
cg20,1,0.0017514589999976238,-0.03489694114160187,,,,,64,500,1
adaptive_rank90,1,0.011108165999999642,0.9999999912688504,35.0,1.0,7.0,0.9804878048780488,64,500,1
poisson_pcg80,1,0.017359292000001858,1.0,,,,,64,500,1
poisson_pcg40,1,0.008443040999999596,0.9999999989522621,,,,,64,500,1
poisson,1,0.0003066250000003379,0.07311128346866197,,,,,64,500,1
pcg5,1,0.0005946250000050668,0.29268136647912435,,,,,64,500,1
pcg10,1,0.0009267920000013419,0.3512440933074076,,,,,64,500,1
amg_reused,1,0.0011416669999988471,0.9034335504469901,,,,,64,500,1
amg,1,0.01606591699999882,0.9034335504469901,,,,,64,500,1
poisson_pcg20,1,0.0045819170000029885,0.999794417572527,,,,,64,500,1
oracle,1,0.012313458999997806,1.0,,,,,64,500,1
pcg40,1,0.003042708999998922,0.7246895053006042,,,,,64,500,1
poisson_pcg10,1,0.0021794580000005226,0.9090198645040126,,,,,64,500,1
poisson_pcg5,1,0.001133083000006252,0.26164332037574844,,,,,64,500,1
pcg20,1,0.002038292000001718,0.5317392407160358,,,,,64,500,1
raw,1,5.808299999898736e-05,-0.07907133264054106,,,,,64,500,1
jacobi20,1,0.000969874999995568,0.3268750491389103,,,,,64,500,1
pcg80,1,0.005643499999997914,0.8634598210444009,,,,,64,500,1
oracle_reused,1,0.0006587080000031165,1.0,,,,,64,500,1
oracle_reused,2,0.000668834000002505,1.0,,,,,64,500,1
poisson_pcg10,2,0.00228320899999801,0.9090198645040126,,,,,64,500,1
poisson,2,0.00024333300000023428,0.07311128346866197,,,,,64,500,1
amg_reused,2,0.0010992079999994075,0.9034335504469901,,,,,64,500,1
pcg20,2,0.0016896670000008385,0.5317392407160358,,,,,64,500,1
raw,2,6.754099999994878e-05,-0.07907133264054106,,,,,64,500,1
adaptive_rank90,2,0.01032704100000359,0.9999999912688504,35.0,1.0,7.0,0.9804878048780488,64,500,1
oracle,2,0.012123083999995288,1.0,,,,,64,500,1
poisson_pcg20,2,0.0059007079999986445,0.999794417572527,,,,,64,500,1
pcg80,2,0.005708957999999598,0.8634598210444009,,,,,64,500,1
cg20,2,0.001406667000004802,-0.03489694114160187,,,,,64,500,1
poisson_pcg40,2,0.008536042000002908,0.9999999989522621,,,,,64,500,1
pcg5,2,0.0006010829999993916,0.29268136647912435,,,,,64,500,1
jacobi20,2,0.0011197919999972328,0.3268750491389103,,,,,64,500,1
pcg10,2,0.0009623750000002929,0.3512440933074076,,,,,64,500,1
pcg40,2,0.00302574999999905,0.7246895053006042,,,,,64,500,1
poisson_pcg5,2,0.0010808339999996974,0.26164332037574844,,,,,64,500,1
poisson_pcg80,2,0.016512667000000647,1.0,,,,,64,500,1
amg,2,0.016961958999999638,0.9034335504469901,,,,,64,500,1
poisson_pcg40,0,0.008480708999996978,0.9999999853316685,,,,,64,500,2
cg20,0,0.0015202079999951934,0.22232401962740092,,,,,64,500,2
pcg40,0,0.003014249999999663,0.5467677465576081,,,,,64,500,2
pcg5,0,0.0005795000000006212,0.3458106265816652,,,,,64,500,2
poisson_pcg20,0,0.0036311659999981316,0.9949468363091326,,,,,64,500,2
poisson,0,0.0002624580000016863,0.1571241581635048,,,,,64,500,2
amg,0,0.015733750000002544,0.9541907639412293,,,,,64,500,2
oracle,0,0.01192941600000097,1.0,,,,,64,500,2
poisson_pcg10,0,0.0023779590000003736,0.7833261371197856,,,,,64,500,2
poisson_pcg80,0,0.01573258300000191,1.0,,,,,64,500,2
pcg80,0,0.00572037499999567,0.5548955224345564,,,,,64,500,2
pcg10,0,0.0009352920000011977,0.40596099161217314,,,,,64,500,2
poisson_pcg5,0,0.0014488330000048677,0.6533100354129844,,,,,64,500,2
oracle_reused,0,0.0005397500000015043,1.0,,,,,64,500,2
raw,0,4.2708999998808395e-05,0.17723642967700168,,,,,64,500,2
adaptive_rank90,0,0.010639375000003781,0.9999998517450789,35.0,1.0,7.0,0.9804878048780488,64,500,2
amg_reused,0,0.00107479199999716,0.9541907639412293,,,,,64,500,2
pcg20,0,0.001661708000000317,0.4941794745996468,,,,,64,500,2
jacobi20,0,0.0009092910000063625,0.3786230783857192,,,,,64,500,2
poisson_pcg40,1,0.007864042000001348,0.9999999853316685,,,,,64,500,2
jacobi20,1,0.0009149159999992662,0.3786230783857192,,,,,64,500,2
pcg20,1,0.001762708000001112,0.4941794745996468,,,,,64,500,2
pcg80,1,0.0058492920000006166,0.5548955224345564,,,,,64,500,2
pcg5,1,0.0005647500000023342,0.3458106265816652,,,,,64,500,2
amg_reused,1,0.0011122920000019576,0.9541907639412293,,,,,64,500,2
poisson_pcg20,1,0.004207375000000013,0.9949468363091326,,,,,64,500,2
raw,1,6.629199999963475e-05,0.17723642967700168,,,,,64,500,2
amg,1,0.01672558399999957,0.9541907639412293,,,,,64,500,2
poisson_pcg80,1,0.016877958999998555,1.0,,,,,64,500,2
oracle_reused,1,0.0005534590000024764,1.0,,,,,64,500,2
oracle,1,0.01242225000000019,1.0,,,,,64,500,2
adaptive_rank90,1,0.010574125000005097,0.9999998517450789,35.0,1.0,7.0,0.9804878048780488,64,500,2
cg20,1,0.0014593749999960437,0.22232401962740092,,,,,64,500,2
pcg40,1,0.0029375000000015916,0.5467677465576081,,,,,64,500,2
pcg10,1,0.0010985830000009855,0.40596099161217314,,,,,64,500,2
poisson,1,0.00024687500000197815,0.1571241581635048,,,,,64,500,2
poisson_pcg5,1,0.0012495000000001255,0.6533100354129844,,,,,64,500,2
poisson_pcg10,1,0.0022391249999955676,0.7833261371197856,,,,,64,500,2
pcg40,2,0.0034182919999992123,0.5467677465576081,,,,,64,500,2
jacobi20,2,0.0010707920000001536,0.3786230783857192,,,,,64,500,2
raw,2,4.691600000228391e-05,0.17723642967700168,,,,,64,500,2
cg20,2,0.001512167000001341,0.22232401962740092,,,,,64,500,2
pcg10,2,0.0009054999999946745,0.40596099161217314,,,,,64,500,2
poisson_pcg20,2,0.004511582999995767,0.9949468363091326,,,,,64,500,2
poisson_pcg80,2,0.016151042000004168,1.0,,,,,64,500,2
amg_reused,2,0.0010762089999971636,0.9541907639412293,,,,,64,500,2
oracle,2,0.013239208000001668,1.0,,,,,64,500,2
pcg80,2,0.005688374999998302,0.5548955224345564,,,,,64,500,2
amg,2,0.015721167000002367,0.9541907639412293,,,,,64,500,2
poisson,2,0.0002002499999989027,0.1571241581635048,,,,,64,500,2
pcg5,2,0.0005692080000017086,0.3458106265816652,,,,,64,500,2
oracle_reused,2,0.0006577079999985358,1.0,,,,,64,500,2
pcg20,2,0.0016775420000030294,0.4941794745996468,,,,,64,500,2
adaptive_rank90,2,0.009734458000004054,0.9999998517450789,35.0,1.0,7.0,0.9804878048780488,64,500,2
poisson_pcg10,2,0.0019427499999977726,0.7833261371197856,,,,,64,500,2
poisson_pcg5,2,0.0010410419999971054,0.6533100354129844,,,,,64,500,2
poisson_pcg40,2,0.008007540999997786,0.9999999853316685,,,,,64,500,2
adaptive_rank90,0,0.011430541999999377,0.9999999711872062,40.0,1.0,8.0,0.9780487804878049,64,500,3
oracle_reused,0,0.0005517079999961538,1.0,,,,,64,500,3
poisson_pcg40,0,0.007716916999996215,0.9999999711872062,,,,,64,500,3
poisson_pcg5,0,0.0010197500000046489,0.47052352891862936,,,,,64,500,3
pcg20,0,0.001556166999996833,0.5053100142067679,,,,,64,500,3
oracle,0,0.01256974999999727,1.0,,,,,64,500,3
poisson_pcg80,0,0.01612112499999796,1.0,,,,,64,500,3
jacobi20,0,0.0009677500000009331,0.28038952913594417,,,,,64,500,3
poisson_pcg10,0,0.001945792000000779,0.8487316894520336,,,,,64,500,3
pcg80,0,0.006067999999999074,0.8761524309043359,,,,,64,500,3
poisson_pcg20,0,0.004141083000000378,0.9987586501944379,,,,,64,500,3
amg,0,0.020617458000003808,0.667443653071666,,,,,64,500,3
amg_reused,0,0.0010694999999998345,0.667443653071666,,,,,64,500,3
cg20,0,0.001487749999995458,0.24779638792059278,,,,,64,500,3
pcg10,0,0.0009734169999973119,0.3339452323829708,,,,,64,500,3
poisson,0,0.00020329199999480352,0.36479661069762254,,,,,64,500,3
pcg40,0,0.002963416000000052,0.620942048544801,,,,,64,500,3
raw,0,4.150000000180398e-05,0.21049407965887443,,,,,64,500,3
pcg5,0,0.0006058330000016099,0.20607617503392997,,,,,64,500,3
pcg20,1,0.0017069579999997586,0.5053100142067679,,,,,64,500,3
amg_reused,1,0.001031582999999614,0.667443653071666,,,,,64,500,3
poisson_pcg40,1,0.007900999999996827,0.9999999711872062,,,,,64,500,3
cg20,1,0.0013149579999947036,0.24779638792059278,,,,,64,500,3
adaptive_rank90,1,0.00958666700000066,0.9999999711872062,40.0,1.0,8.0,0.9780487804878049,64,500,3
poisson,1,0.00026591599999647997,0.36479661069762254,,,,,64,500,3
pcg40,1,0.0031121250000012424,0.620942048544801,,,,,64,500,3
raw,1,5.695800000182771e-05,0.21049407965887443,,,,,64,500,3
poisson_pcg10,1,0.0022440840000044204,0.8487316894520336,,,,,64,500,3
pcg5,1,0.0005482499999942547,0.20607617503392997,,,,,64,500,3
pcg10,1,0.0008758749999984161,0.3339452323829708,,,,,64,500,3
jacobi20,1,0.000906915999998148,0.28038952913594417,,,,,64,500,3
poisson_pcg5,1,0.0011968749999979877,0.47052352891862936,,,,,64,500,3
poisson_pcg20,1,0.00405620900000514,0.9987586501944379,,,,,64,500,3
amg,1,0.018802292000003717,0.667443653071666,,,,,64,500,3
pcg80,1,0.007593374999999014,0.8761524309043359,,,,,64,500,3
poisson_pcg80,1,0.016350166999998805,1.0,,,,,64,500,3
oracle,1,0.012267583999999943,1.0,,,,,64,500,3
oracle_reused,1,0.0005117500000011432,1.0,,,,,64,500,3
adaptive_rank90,2,0.011615958000000148,0.9999999711872062,40.0,1.0,8.0,0.9780487804878049,64,500,3
poisson_pcg40,2,0.007066124999994372,0.9999999711872062,,,,,64,500,3
pcg40,2,0.0030013750000037476,0.620942048544801,,,,,64,500,3
poisson_pcg80,2,0.016783000000003767,1.0,,,,,64,500,3
poisson_pcg5,2,0.0010694169999965197,0.47052352891862936,,,,,64,500,3
poisson_pcg20,2,0.0036047919999973033,0.9987586501944379,,,,,64,500,3
poisson_pcg10,2,0.002436792000004573,0.8487316894520336,,,,,64,500,3
pcg10,2,0.001010125000000528,0.3339452323829708,,,,,64,500,3
pcg80,2,0.005475833999994961,0.8761524309043359,,,,,64,500,3
raw,2,3.8583000005587564e-05,0.21049407965887443,,,,,64,500,3
amg_reused,2,0.000920000000000698,0.667443653071666,,,,,64,500,3
jacobi20,2,0.0010887080000046012,0.28038952913594417,,,,,64,500,3
poisson,2,0.00018641700000188166,0.36479661069762254,,,,,64,500,3
pcg20,2,0.0016595829999985767,0.5053100142067679,,,,,64,500,3
oracle_reused,2,0.0007512079999969501,1.0,,,,,64,500,3
oracle,2,0.012818124999995462,1.0,,,,,64,500,3
cg20,2,0.001610542000001658,0.24779638792059278,,,,,64,500,3
pcg5,2,0.0007773749999984148,0.20607617503392997,,,,,64,500,3
amg,2,0.01867662499999767,0.667443653071666,,,,,64,500,3
amg_reused,0,0.0011040830000013102,0.912213442795128,,,,,64,500,4
poisson_pcg10,0,0.001972084000001928,0.9070112804637496,,,,,64,500,4
poisson_pcg80,0,0.016711334000000022,1.0,,,,,64,500,4
poisson_pcg40,0,0.0077941670000001295,0.9999999998253771,,,,,64,500,4
poisson_pcg20,0,0.00337637499999488,0.9999982270527505,,,,,64,500,4
pcg20,0,0.0016855410000005122,0.6302093822936532,,,,,64,500,4
pcg80,0,0.004700167000002864,0.8505024223072968,,,,,64,500,4
poisson,0,0.00015495899999962148,0.7667812595134607,,,,,64,500,4
cg20,0,0.0013683750000055284,0.20909222565302854,,,,,64,500,4
jacobi20,0,0.0009097920000016302,0.23155744211485263,,,,,64,500,4
pcg5,0,0.0006172089999978425,0.19664453082741237,,,,,64,500,4
pcg10,0,0.0011100000000041632,0.3261324809258606,,,,,64,500,4
raw,0,6.279200000136598e-05,0.20225042920236244,,,,,64,500,4
oracle_reused,0,0.0006618750000058071,1.0,,,,,64,500,4
poisson_pcg5,0,0.001269833000002052,0.793100524177713,,,,,64,500,4
amg,0,0.015169583000002262,0.912213442795128,,,,,64,500,4
oracle,0,0.012565541999997265,1.0,,,,,64,500,4
pcg40,0,0.003078457999997397,0.6816423017299803,,,,,64,500,4
adaptive_rank90,0,0.009005041000001768,0.9999999944120642,30.0,1.0,6.0,0.9804878048780488,64,500,4
poisson_pcg20,1,0.0036835419999974306,0.9999982270527505,,,,,64,500,4
pcg5,1,0.0005586660000034271,0.19664453082741237,,,,,64,500,4
amg_reused,1,0.0009087919999970495,0.912213442795128,,,,,64,500,4
poisson_pcg5,1,0.0010664580000039336,0.793100524177713,,,,,64,500,4
pcg10,1,0.0009339580000045089,0.3261324809258606,,,,,64,500,4
raw,1,7.133299999395604e-05,0.20225042920236244,,,,,64,500,4
jacobi20,1,0.0010502910000056431,0.23155744211485263,,,,,64,500,4
pcg80,1,0.005896791999994377,0.8505024223072968,,,,,64,500,4
poisson_pcg80,1,0.015454374999997356,1.0,,,,,64,500,4
poisson,1,0.00023799999999596366,0.7667812595134607,,,,,64,500,4
cg20,1,0.0015435420000002864,0.20909222565302854,,,,,64,500,4
amg,1,0.01531241699999697,0.912213442795128,,,,,64,500,4
adaptive_rank90,1,0.00900870799999609,0.9999999944120642,30.0,1.0,6.0,0.9804878048780488,64,500,4
pcg40,1,0.0030193750000009345,0.6816423017299803,,,,,64,500,4
oracle,1,0.012697541000001422,1.0,,,,,64,500,4
oracle_reused,1,0.0006264160000029051,1.0,,,,,64,500,4
poisson_pcg10,1,0.0018754589999971927,0.9070112804637496,,,,,64,500,4
pcg20,1,0.0014499159999985523,0.6302093822936532,,,,,64,500,4
poisson_pcg40,1,0.007513624999994306,0.9999999998253771,,,,,64,500,4
pcg80,2,0.006133500000004233,0.8505024223072968,,,,,64,500,4
pcg5,2,0.0005637920000012286,0.19664453082741237,,,,,64,500,4
poisson_pcg5,2,0.0010677080000007777,0.793100524177713,,,,,64,500,4
oracle_reused,2,0.0006855829999992125,1.0,,,,,64,500,4
poisson,2,0.00017299999999664806,0.7667812595134607,,,,,64,500,4
poisson_pcg20,2,0.004472292000002653,0.9999982270527505,,,,,64,500,4
pcg10,2,0.00090970799999468,0.3261324809258606,,,,,64,500,4
cg20,2,0.0015584159999946223,0.20909222565302854,,,,,64,500,4
pcg20,2,0.0016941660000000525,0.6302093822936532,,,,,64,500,4
amg,2,0.013321791999999277,0.912213442795128,,,,,64,500,4
poisson_pcg10,2,0.0016770000000008167,0.9070112804637496,,,,,64,500,4
amg_reused,2,0.0010539999999963356,0.912213442795128,,,,,64,500,4
jacobi20,2,0.0010551670000040758,0.23155744211485263,,,,,64,500,4
poisson_pcg40,2,0.00862445799999989,0.9999999998253771,,,,,64,500,4
poisson_pcg80,2,0.016003124999997453,1.0,,,,,64,500,4
oracle,2,0.012384832999998707,1.0,,,,,64,500,4
raw,2,6.908299999963674e-05,0.20225042920236244,,,,,64,500,4
adaptive_rank90,2,0.007977958999994428,0.9999999944120642,30.0,1.0,6.0,0.9804878048780488,64,500,4
pcg40,2,0.0032689999999959696,0.6816423017299803,,,,,64,500,4
amg_reused,0,0.001090832999999236,0.3830858151940556,,,,,64,500,5
pcg40,0,0.002537832999998102,0.8011129933490712,,,,,64,500,5
pcg20,0,0.0016034999999945398,0.6249588736657686,,,,,64,500,5
cg20,0,0.0012313749999961487,0.27807861384659194,,,,,64,500,5
poisson_pcg20,0,0.003171292000004655,0.9999967953188297,,,,,64,500,5
pcg5,0,0.0006435829999986709,0.3395563807982098,,,,,64,500,5
poisson_pcg80,0,0.015901708999997766,1.0,,,,,64,500,5
poisson,0,0.00023187499999721695,0.5516094135148474,,,,,64,500,5
pcg80,0,0.005939125000004708,0.8189775259020382,,,,,64,500,5
oracle_reused,0,0.0006818749999979445,1.0,,,,,64,500,5
raw,0,7.90839999993409e-05,0.25114625588605216,,,,,64,500,5
poisson_pcg10,0,0.0025822499999961224,0.8786220309970063,,,,,64,500,5
oracle,0,0.011449209000005567,1.0,,,,,64,500,5
jacobi20,0,0.001111500000000376,0.39705790169463095,,,,,64,500,5
adaptive_rank90,0,0.006556292000006181,0.9999999849824226,30.0,1.0,6.0,0.9585365853658536,64,500,5
amg,0,0.016961874999999793,0.3830858151940556,,,,,64,500,5
pcg10,0,0.0009499579999996399,0.46276374393317815,,,,,64,500,5
poisson_pcg40,0,0.007506208000002346,0.999999999476131,,,,,64,500,5
poisson_pcg5,0,0.0010319169999988276,0.5299039083545564,,,,,64,500,5
oracle_reused,1,0.0005682910000004426,1.0,,,,,64,500,5
pcg40,1,0.003073125000000232,0.8011129933490712,,,,,64,500,5
pcg10,1,0.0009551669999936507,0.46276374393317815,,,,,64,500,5
cg20,1,0.0014779159999989133,0.27807861384659194,,,,,64,500,5
pcg20,1,0.0016970000000000596,0.6249588736657686,,,,,64,500,5
poisson_pcg10,1,0.002139292000002513,0.8786220309970063,,,,,64,500,5
oracle,1,0.013357333000001859,1.0,,,,,64,500,5
jacobi20,1,0.0010881250000025489,0.39705790169463095,,,,,64,500,5
poisson_pcg80,1,0.01547304199999644,1.0,,,,,64,500,5
poisson_pcg5,1,0.0014054999999970619,0.5299039083545564,,,,,64,500,5
amg,1,0.017960500000000934,0.3830858151940556,,,,,64,500,5
poisson_pcg20,1,0.0037437080000017886,0.9999967953188297,,,,,64,500,5
adaptive_rank90,1,0.0100817080000013,0.9999999849824226,30.0,1.0,6.0,0.9585365853658536,64,500,5
poisson_pcg40,1,0.00596137499999827,0.999999999476131,,,,,64,500,5
pcg80,1,0.0062948750000018094,0.8189775259020382,,,,,64,500,5
amg_reused,1,0.0010591670000010822,0.3830858151940556,,,,,64,500,5
pcg5,1,0.0005907500000006394,0.3395563807982098,,,,,64,500,5
raw,1,5.59169999974074e-05,0.25114625588605216,,,,,64,500,5
poisson,1,0.000425707999994529,0.5516094135148474,,,,,64,500,5
cg20,2,0.0016058750000027544,0.27807861384659194,,,,,64,500,5
raw,2,6.249999999852207e-05,0.25114625588605216,,,,,64,500,5
poisson_pcg10,2,0.0016451250000031337,0.8786220309970063,,,,,64,500,5
pcg5,2,0.0005401669999969272,0.3395563807982098,,,,,64,500,5
poisson_pcg40,2,0.007870541999999148,0.999999999476131,,,,,64,500,5
poisson_pcg20,2,0.004076957999998854,0.9999967953188297,,,,,64,500,5
oracle,2,0.013387041999997962,1.0,,,,,64,500,5
pcg20,2,0.0016794160000017655,0.6249588736657686,,,,,64,500,5
adaptive_rank90,2,0.00891012499999988,0.9999999849824226,30.0,1.0,6.0,0.9585365853658536,64,500,5
poisson,2,0.00024362499999597276,0.5516094135148474,,,,,64,500,5
oracle_reused,2,0.0006826670000066315,1.0,,,,,64,500,5
pcg40,2,0.002990332999999623,0.8011129933490712,,,,,64,500,5
pcg10,2,0.0011451250000007462,0.46276374393317815,,,,,64,500,5
amg_reused,2,0.0010573750000020254,0.3830858151940556,,,,,64,500,5
jacobi20,2,0.0010587080000021842,0.39705790169463095,,,,,64,500,5
poisson_pcg5,2,0.0012765829999992206,0.5299039083545564,,,,,64,500,5
amg,2,0.018823790999995538,0.3830858151940556,,,,,64,500,5
poisson_pcg80,2,0.01608895800000454,1.0,,,,,64,500,5
pcg80,2,0.0058694579999993834,0.8189775259020382,,,,,64,500,5
amg_reused,0,0.0013358329999988428,0.9615221260813215,,,,,64,500,6
pcg80,0,0.0061992919999980245,0.9428857773609364,,,,,64,500,6
amg,0,0.017045041999999455,0.9615221260813215,,,,,64,500,6
poisson,0,0.00030091699999701405,0.48034321405409436,,,,,64,500,6
poisson_pcg20,0,0.003740291999996259,0.9999980779247146,,,,,64,500,6
pcg10,0,0.0010330829999958269,0.3242839837369276,,,,,64,500,6
pcg40,0,0.0033449160000031952,0.878226135525827,,,,,64,500,6
adaptive_rank90,0,0.006258459000001437,0.9999998603016057,25.0,1.0,5.0,0.9634146341463414,64,500,6
oracle_reused,0,0.0005397080000051346,1.0,,,,,64,500,6
raw,0,6.620899999632002e-05,0.06159435102440274,,,,,64,500,6
oracle,0,0.012856790999997258,1.0,,,,,64,500,6
jacobi20,0,0.0009384999999966226,0.29642545667824266,,,,,64,500,6
poisson_pcg10,0,0.002726834000000622,0.9810695313275326,,,,,64,500,6
poisson_pcg80,0,0.01331033299999973,1.0,,,,,64,500,6
cg20,0,0.0014459160000015459,0.07005732237237378,,,,,64,500,6
poisson_pcg40,0,0.008131625000004306,1.0,,,,,64,500,6
poisson_pcg5,0,0.001568583000000956,0.2919668914385895,,,,,64,500,6
pcg20,0,0.001711249999999609,0.6415674973957425,,,,,64,500,6
pcg5,0,0.0005719999999982406,0.20069015355004916,,,,,64,500,6
pcg20,1,0.0016159170000022982,0.6415674973957425,,,,,64,500,6
poisson_pcg40,1,0.008679790999998716,1.0,,,,,64,500,6
pcg80,1,0.005647790999994129,0.9428857773609364,,,,,64,500,6
poisson_pcg10,1,0.0023312499999974534,0.9810695313275326,,,,,64,500,6
oracle,1,0.01356887499999715,1.0,,,,,64,500,6
poisson_pcg5,1,0.0011214170000002355,0.2919668914385895,,,,,64,500,6
cg20,1,0.0014798329999976545,0.07005732237237378,,,,,64,500,6
adaptive_rank90,1,0.007634208000006026,0.9999998603016057,25.0,1.0,5.0,0.9634146341463414,64,500,6
jacobi20,1,0.0009283329999973944,0.29642545667824266,,,,,64,500,6
pcg40,1,0.003010833000004709,0.878226135525827,,,,,64,500,6
pcg10,1,0.0009076250000035202,0.3242839837369276,,,,,64,500,6
poisson,1,0.00026304200000026867,0.48034321405409436,,,,,64,500,6
raw,1,6.858399999742915e-05,0.06159435102440274,,,,,64,500,6
poisson_pcg80,1,0.013113832999998465,1.0,,,,,64,500,6
oracle_reused,1,0.0007412920000007261,1.0,,,,,64,500,6
amg,1,0.0165751250000028,0.9615221260813215,,,,,64,500,6
pcg5,1,0.000588458000002845,0.20069015355004916,,,,,64,500,6
poisson_pcg20,1,0.004485875000000306,0.9999980779247146,,,,,64,500,6
amg_reused,1,0.0014584580000018832,0.9615221260813215,,,,,64,500,6
pcg80,2,0.005752665999999351,0.9428857773609364,,,,,64,500,6
poisson,2,0.0002654170000013778,0.48034321405409436,,,,,64,500,6
poisson_pcg20,2,0.004644874999996773,0.9999980779247146,,,,,64,500,6
pcg5,2,0.0008237089999951763,0.20069015355004916,,,,,64,500,6
amg_reused,2,0.0011671660000018846,0.9615221260813215,,,,,64,500,6
poisson_pcg80,2,0.01548066700000561,1.0,,,,,64,500,6
jacobi20,2,0.0011142500000005384,0.29642545667824266,,,,,64,500,6
pcg10,2,0.0012120829999986427,0.3242839837369276,,,,,64,500,6
oracle_reused,2,0.0005912920000028521,1.0,,,,,64,500,6
oracle,2,0.014477750000004619,1.0,,,,,64,500,6
adaptive_rank90,2,0.00757250000000198,0.9999998603016057,25.0,1.0,5.0,0.9634146341463414,64,500,6
amg,2,0.02061920799999939,0.9615221260813215,,,,,64,500,6
pcg40,2,0.00339054100000169,0.878226135525827,,,,,64,500,6
cg20,2,0.0014081249999975398,0.07005732237237378,,,,,64,500,6
poisson_pcg40,2,0.008896082999996224,1.0,,,,,64,500,6
poisson_pcg10,2,0.0021592920000017557,0.9810695313275326,,,,,64,500,6
raw,2,5.8750000000884484e-05,0.06159435102440274,,,,,64,500,6
pcg20,2,0.0053317090000035705,0.6415674973957425,,,,,64,500,6
poisson_pcg5,2,0.0013899580000042988,0.2919668914385895,,,,,64,500,6
amg,0,0.030403291999995474,0.9882353400434943,,,,,64,500,7
oracle_reused,0,0.0010688340000015728,1.0,,,,,64,500,7
adaptive_rank90,0,0.0170993749999937,0.9999999889987514,30.0,1.0,6.0,0.9121951219512195,64,500,7
raw,0,6.383299999868086e-05,0.21861501590242705,,,,,64,500,7
poisson_pcg80,0,0.021666457999998556,1.0,,,,,64,500,7
poisson_pcg10,0,0.0026649579999968864,0.9815586969556815,,,,,64,500,7
amg_reused,0,0.0010465420000045356,0.9882353400434943,,,,,64,500,7
jacobi20,0,0.0010423750000043697,0.18725421901025813,,,,,64,500,7
pcg20,0,0.0016552080000025171,0.2394734556566003,,,,,64,500,7
pcg5,0,0.0005593339999947489,0.20642792004988242,,,,,64,500,7
poisson_pcg5,0,0.0013183750000038685,0.7341053363473542,,,,,64,500,7
poisson_pcg40,0,0.009843415999995386,0.9999999996507541,,,,,64,500,7
cg20,0,0.0014427500000024907,0.21050625140536586,,,,,64,500,7
poisson,0,0.0001833749999988754,0.6830192283035541,,,,,64,500,7
pcg80,0,0.005852042000000779,0.6338759625848025,,,,,64,500,7
pcg40,0,0.0030416249999944966,0.2709708817695607,,,,,64,500,7
poisson_pcg20,0,0.004250249999998346,0.9999989863135249,,,,,64,500,7
pcg10,0,0.001043541999997899,0.19918448774638325,,,,,64,500,7
oracle,0,0.012791667000001894,1.0,,,,,64,500,7
pcg5,1,0.0005974170000015988,0.20642792004988242,,,,,64,500,7
poisson,1,0.0002550000000027808,0.6830192283035541,,,,,64,500,7
poisson_pcg20,1,0.004241333999999597,0.9999989863135249,,,,,64,500,7
jacobi20,1,0.0011580000000037671,0.18725421901025813,,,,,64,500,7
pcg80,1,0.005547417000002497,0.6338759625848025,,,,,64,500,7
amg_reused,1,0.0011027500000011514,0.9882353400434943,,,,,64,500,7
cg20,1,0.00138204099999939,0.21050625140536586,,,,,64,500,7
poisson_pcg40,1,0.008972834000005037,0.9999999996507541,,,,,64,500,7
amg,1,0.016502334000001895,0.9882353400434943,,,,,64,500,7
poisson_pcg10,1,0.001985208000000682,0.9815586969556815,,,,,64,500,7
adaptive_rank90,1,0.008663957999999639,0.9999999889987514,30.0,1.0,6.0,0.9121951219512195,64,500,7
raw,1,4.3583000000069205e-05,0.21861501590242705,,,,,64,500,7
poisson_pcg80,1,0.015893124999998065,1.0,,,,,64,500,7
pcg10,1,0.0009646670000051927,0.19918448774638325,,,,,64,500,7
oracle_reused,1,0.0005383339999980308,1.0,,,,,64,500,7
oracle,1,0.013391249999997967,1.0,,,,,64,500,7
poisson_pcg5,1,0.0011186250000037035,0.7341053363473542,,,,,64,500,7
pcg20,1,0.0015982090000008498,0.2394734556566003,,,,,64,500,7
pcg40,1,0.0030724580000054402,0.2709708817695607,,,,,64,500,7
pcg40,2,0.003187750000002154,0.2709708817695607,,,,,64,500,7
poisson_pcg40,2,0.00781258299999621,0.9999999996507541,,,,,64,500,7
adaptive_rank90,2,0.009087707999995587,0.9999999889987514,30.0,1.0,6.0,0.9121951219512195,64,500,7
oracle_reused,2,0.0007403329999959851,1.0,,,,,64,500,7
amg,2,0.016752250000003244,0.9882353400434943,,,,,64,500,7
amg_reused,2,0.001048083000000588,0.9882353400434943,,,,,64,500,7
pcg10,2,0.001106499999998789,0.19918448774638325,,,,,64,500,7
poisson_pcg20,2,0.0036940840000028174,0.9999989863135249,,,,,64,500,7
poisson,2,0.00016908399999948642,0.6830192283035541,,,,,64,500,7
poisson_pcg10,2,0.0018793329999979846,0.9815586969556815,,,,,64,500,7
raw,2,6.104199999867888e-05,0.21861501590242705,,,,,64,500,7
poisson_pcg5,2,0.0014908329999983039,0.7341053363473542,,,,,64,500,7
pcg80,2,0.005933792000000437,0.6338759625848025,,,,,64,500,7
oracle,2,0.013299750000001609,1.0,,,,,64,500,7
poisson_pcg80,2,0.01509504100000214,1.0,,,,,64,500,7
cg20,2,0.0015023329999976909,0.21050625140536586,,,,,64,500,7
pcg20,2,0.001833584000003441,0.2394734556566003,,,,,64,500,7
pcg5,2,0.0005543750000001069,0.20642792004988242,,,,,64,500,7
jacobi20,2,0.0010538330000002816,0.18725421901025813,,,,,64,500,7
amg_reused,0,0.0011148749999989604,0.8988922388796725,,,,,64,500,8
poisson_pcg40,0,0.008482749999998873,0.9999999996507541,,,,,64,500,8
poisson,0,0.00024725000000103137,0.5287852116439059,,,,,64,500,8
adaptive_rank90,0,0.007535832999998604,0.9999998789862657,25.0,1.0,5.0,0.973170731707317,64,500,8
pcg80,0,0.006097875000001807,0.6278504076133726,,,,,64,500,8
poisson_pcg5,0,0.0012150000000019645,0.7270304005639121,,,,,64,500,8
poisson_pcg10,0,0.0022070830000018304,0.9680825923171693,,,,,64,500,8
raw,0,5.537500000230011e-05,0.09109982436559048,,,,,64,500,8
pcg10,0,0.0009163329999992698,0.21889244242023337,,,,,64,500,8
pcg5,0,0.0005966659999998569,0.19773127641976038,,,,,64,500,8
pcg40,0,0.0029722910000060665,0.38488443883378437,,,,,64,500,8
poisson_pcg80,0,0.01307595800000172,1.0,,,,,64,500,8
pcg20,0,0.0017849999999981492,0.25638586873765623,,,,,64,500,8
amg,0,0.016819957999999247,0.8988922388796725,,,,,64,500,8
poisson_pcg20,0,0.00426241699999963,0.9999959787817139,,,,,64,500,8
oracle,0,0.012708666000001756,1.0,,,,,64,500,8
jacobi20,0,0.0010638329999963503,0.21510448867146606,,,,,64,500,8
cg20,0,0.0017373749999975985,0.0842654996835552,,,,,64,500,8
oracle_reused,0,0.0005462909999991439,1.0,,,,,64,500,8
poisson_pcg20,1,0.004398250000001269,0.9999959787817139,,,,,64,500,8
oracle_reused,1,0.0006597920000004365,1.0,,,,,64,500,8
poisson_pcg80,1,0.012775541999999973,1.0,,,,,64,500,8
poisson_pcg40,1,0.008398208000002683,0.9999999996507541,,,,,64,500,8
jacobi20,1,0.001186416999999551,0.21510448867146606,,,,,64,500,8
poisson_pcg5,1,0.0011160410000030652,0.7270304005639121,,,,,64,500,8
pcg10,1,0.0009494159999974272,0.21889244242023337,,,,,64,500,8
poisson,1,0.00020324999999843385,0.5287852116439059,,,,,64,500,8
amg_reused,1,0.0010798330000056922,0.8988922388796725,,,,,64,500,8
pcg5,1,0.0005507910000019933,0.19773127641976038,,,,,64,500,8
raw,1,6.0333000000412085e-05,0.09109982436559048,,,,,64,500,8
cg20,1,0.0015275829999978896,0.0842654996835552,,,,,64,500,8
oracle,1,0.01302929200000591,1.0,,,,,64,500,8
pcg20,1,0.0017421249999998167,0.25638586873765623,,,,,64,500,8
amg,1,0.016599958999997,0.8988922388796725,,,,,64,500,8
adaptive_rank90,1,0.007716291000001263,0.9999998789862657,25.0,1.0,5.0,0.973170731707317,64,500,8
pcg80,1,0.005896542000002114,0.6278504076133726,,,,,64,500,8
pcg40,1,0.003052374999995777,0.38488443883378437,,,,,64,500,8
poisson_pcg10,1,0.0022217909999966423,0.9680825923171693,,,,,64,500,8
poisson_pcg20,2,0.0045753750000017135,0.9999959787817139,,,,,64,500,8
raw,2,5.491699999993216e-05,0.09109982436559048,,,,,64,500,8
poisson_pcg40,2,0.008251500000000078,0.9999999996507541,,,,,64,500,8
poisson_pcg80,2,0.01354491699999727,1.0,,,,,64,500,8
pcg5,2,0.000596542000003808,0.19773127641976038,,,,,64,500,8
jacobi20,2,0.0009488749999988499,0.21510448867146606,,,,,64,500,8
amg,2,0.015859167000002117,0.8988922388796725,,,,,64,500,8
oracle,2,0.012326292000004457,1.0,,,,,64,500,8
pcg10,2,0.0010642920000023537,0.21889244242023337,,,,,64,500,8
poisson_pcg10,2,0.0022822090000005346,0.9680825923171693,,,,,64,500,8
cg20,2,0.0021542920000001686,0.0842654996835552,,,,,64,500,8
amg_reused,2,0.0010454580000001101,0.8988922388796725,,,,,64,500,8
adaptive_rank90,2,0.007562958000001174,0.9999998789862657,25.0,1.0,5.0,0.973170731707317,64,500,8
poisson_pcg5,2,0.0011519580000012297,0.7270304005639121,,,,,64,500,8
pcg20,2,0.001618333999999777,0.25638586873765623,,,,,64,500,8
pcg80,2,0.005738041999997279,0.6278504076133726,,,,,64,500,8
oracle_reused,2,0.000688541000002374,1.0,,,,,64,500,8
poisson,2,0.00034808299999866676,0.5287852116439059,,,,,64,500,8
pcg40,2,0.002988957999995989,0.38488443883378437,,,,,64,500,8
poisson_pcg20,0,0.004240084000002753,0.999989603296234,,,,,64,500,9
oracle,0,0.013624333999999294,1.0,,,,,64,500,9
poisson_pcg5,0,0.0013293340000046783,0.2121904189281043,,,,,64,500,9
poisson_pcg80,0,0.016085583000005954,1.0,,,,,64,500,9
pcg80,0,0.005868582999994487,0.8591649152678946,,,,,64,500,9
cg20,0,0.0017397920000021827,0.12475748655570591,,,,,64,500,9
amg,0,0.016709042000002228,0.8890569068255296,,,,,64,500,9
pcg20,0,0.0017382910000023344,0.6474958139026837,,,,,64,500,9
jacobi20,0,0.0010484160000032716,0.3909125235685162,,,,,64,500,9
oracle_reused,0,0.000581457999999202,1.0,,,,,64,500,9
poisson_pcg10,0,0.002008457999998825,0.9254349715568482,,,,,64,500,9
pcg5,0,0.0005747499999984029,0.2989468412195312,,,,,64,500,9
poisson_pcg40,0,0.008456375000001515,0.9999999996507541,,,,,64,500,9
amg_reused,0,0.0010967920000055642,0.8890569068255296,,,,,64,500,9
poisson,0,0.00019137499999999363,0.22056617604450815,,,,,64,500,9
pcg10,0,0.000979499999999689,0.43497053355734255,,,,,64,500,9
adaptive_rank90,0,0.008635125000004962,0.9999995190882768,25.0,1.0,5.0,0.9243902439024391,64,500,9
pcg40,0,0.002903708999994592,0.8188982484601326,,,,,64,500,9
raw,0,6.816699999490083e-05,0.11006798139480019,,,,,64,500,9
pcg40,1,0.0031103749999985553,0.8188982484601326,,,,,64,500,9
poisson_pcg20,1,0.0037648340000018266,0.999989603296234,,,,,64,500,9
amg_reused,1,0.0010828329999981179,0.8890569068255296,,,,,64,500,9
poisson_pcg40,1,0.008402707999998427,0.9999999996507541,,,,,64,500,9
poisson_pcg80,1,0.0148173749999998,1.0,,,,,64,500,9
poisson_pcg10,1,0.002274458999998785,0.9254349715568482,,,,,64,500,9
poisson_pcg5,1,0.0013397079999961647,0.2121904189281043,,,,,64,500,9
oracle_reused,1,0.0005947919999940154,1.0,,,,,64,500,9
pcg5,1,0.000584708999994632,0.2989468412195312,,,,,64,500,9
jacobi20,1,0.0009914159999979688,0.3909125235685162,,,,,64,500,9
amg,1,0.0151765829999988,0.8890569068255296,,,,,64,500,9
oracle,1,0.013456499999996652,1.0,,,,,64,500,9
pcg80,1,0.0060807089999954655,0.8591649152678946,,,,,64,500,9
adaptive_rank90,1,0.006599292000004198,0.9999995190882768,25.0,1.0,5.0,0.9243902439024391,64,500,9
pcg20,1,0.0016050409999976978,0.6474958139026837,,,,,64,500,9
raw,1,6.295899999742005e-05,0.11006798139480019,,,,,64,500,9
cg20,1,0.0016419170000006034,0.12475748655570591,,,,,64,500,9
pcg10,1,0.000963833000000136,0.43497053355734255,,,,,64,500,9
poisson,1,0.00027200000000249247,0.22056617604450815,,,,,64,500,9
pcg40,2,0.0029314169999992146,0.8188982484601326,,,,,64,500,9
poisson_pcg20,2,0.004472999999997285,0.999989603296234,,,,,64,500,9
amg_reused,2,0.001077875000000006,0.8890569068255296,,,,,64,500,9
poisson_pcg5,2,0.0010510420000002796,0.2121904189281043,,,,,64,500,9
cg20,2,0.0016161659999980316,0.12475748655570591,,,,,64,500,9
jacobi20,2,0.0011283340000005637,0.3909125235685162,,,,,64,500,9
raw,2,6.812499999853117e-05,0.11006798139480019,,,,,64,500,9
poisson_pcg40,2,0.008167249999999626,0.9999999996507541,,,,,64,500,9
pcg20,2,0.0022482919999973205,0.6474958139026837,,,,,64,500,9
pcg5,2,0.0005859580000020514,0.2989468412195312,,,,,64,500,9
pcg10,2,0.0009597919999961846,0.43497053355734255,,,,,64,500,9
amg,2,0.016112124999999367,0.8890569068255296,,,,,64,500,9
oracle_reused,2,0.0005787500000025148,1.0,,,,,64,500,9
adaptive_rank90,2,0.007985417000000439,0.9999995190882768,25.0,1.0,5.0,0.9243902439024391,64,500,9
poisson,2,0.00017437500000028194,0.22056617604450815,,,,,64,500,9
poisson_pcg10,2,0.0019468749999944635,0.9254349715568482,,,,,64,500,9
oracle,2,0.013573000000000945,1.0,,,,,64,500,9
pcg80,2,0.006347665999996366,0.8591649152678946,,,,,64,500,9
poisson_pcg80,2,0.0161417919999991,1.0,,,,,64,500,9
oracle_reused,0,0.0007427500000005693,1.0,,,,,64,500,10
amg_reused,0,0.001067624999997463,0.9705735749953509,,,,,64,500,10
poisson,0,0.0002168330000031915,0.5369177610149949,,,,,64,500,10
amg,0,0.02189983299999909,0.9705735749953509,,,,,64,500,10
poisson_pcg10,0,0.0021627920000000245,0.9803067503284031,,,,,64,500,10
cg20,0,0.0016266250000001037,0.2684506942688901,,,,,64,500,10
jacobi20,0,0.0010350829999978828,0.24922701927184057,,,,,64,500,10
adaptive_rank90,0,0.009695749999998782,0.9999999575666126,30.0,1.0,6.0,0.9195121951219513,64,500,10
raw,0,6.495899999947596e-05,0.2850314726163766,,,,,64,500,10
pcg20,0,0.001590958000001308,0.3743294068445284,,,,,64,500,10
pcg80,0,0.00560412499999785,0.49987792019237476,,,,,64,500,10
poisson_pcg20,0,0.004149959000002923,0.9999641708542658,,,,,64,500,10
poisson_pcg40,0,0.009428165999999294,0.999999999126885,,,,,64,500,10
pcg5,0,0.0005930419999984338,0.22953599429717625,,,,,64,500,10
pcg40,0,0.003101125000000593,0.42245966519687195,,,,,64,500,10
poisson_pcg5,0,0.0012567089999961922,0.48155200784730584,,,,,64,500,10
oracle,0,0.013175542000006146,1.0,,,,,64,500,10
poisson_pcg80,0,0.01694554100000545,1.0,,,,,64,500,10
pcg10,0,0.0008960000000044488,0.28734072078001327,,,,,64,500,10
cg20,1,0.001608707999999126,0.2684506942688901,,,,,64,500,10
poisson_pcg80,1,0.01674737500000134,1.0,,,,,64,500,10
amg,1,0.020136083000004135,0.9705735749953509,,,,,64,500,10
oracle,1,0.013120958000001792,1.0,,,,,64,500,10
jacobi20,1,0.0010410830000040505,0.24922701927184057,,,,,64,500,10
amg_reused,1,0.0011326249999967786,0.9705735749953509,,,,,64,500,10
pcg40,1,0.003037209000005703,0.42245966519687195,,,,,64,500,10
poisson_pcg10,1,0.0025527499999995484,0.9803067503284031,,,,,64,500,10
poisson_pcg20,1,0.0036403750000033597,0.9999641708542658,,,,,64,500,10
pcg5,1,0.0008112079999946786,0.22953599429717625,,,,,64,500,10
oracle_reused,1,0.000671124999996664,1.0,,,,,64,500,10
poisson,1,0.00026583300000027066,0.5369177610149949,,,,,64,500,10
poisson_pcg40,1,0.008206375000000321,0.999999999126885,,,,,64,500,10
raw,1,4.74579999973912e-05,0.2850314726163766,,,,,64,500,10
poisson_pcg5,1,0.0012883329999979765,0.48155200784730584,,,,,64,500,10
pcg10,1,0.0011996250000052555,0.28734072078001327,,,,,64,500,10
adaptive_rank90,1,0.009007625000002406,0.9999999575666126,30.0,1.0,6.0,0.9195121951219513,64,500,10
pcg80,1,0.006640832999998736,0.49987792019237476,,,,,64,500,10
pcg20,1,0.0016252080000001001,0.3743294068445284,,,,,64,500,10
amg_reused,2,0.0011173750000068594,0.9705735749953509,,,,,64,500,10
poisson_pcg80,2,0.01708741699999905,1.0,,,,,64,500,10
jacobi20,2,0.0011935410000063484,0.24922701927184057,,,,,64,500,10
oracle,2,0.013840832999996167,1.0,,,,,64,500,10
poisson_pcg5,2,0.0013120830000019623,0.48155200784730584,,,,,64,500,10
poisson_pcg10,2,0.001994209000002911,0.9803067503284031,,,,,64,500,10
amg,2,0.021104375000000175,0.9705735749953509,,,,,64,500,10
pcg5,2,0.0006603750000024888,0.22953599429717625,,,,,64,500,10
pcg20,2,0.0016234169999975734,0.3743294068445284,,,,,64,500,10
cg20,2,0.0014787499999968645,0.2684506942688901,,,,,64,500,10
pcg40,2,0.002980707999995502,0.42245966519687195,,,,,64,500,10
oracle_reused,2,0.000562667000004069,1.0,,,,,64,500,10
pcg80,2,0.0057797910000019215,0.49987792019237476,,,,,64,500,10
poisson_pcg20,2,0.004129708000000676,0.9999641708542658,,,,,64,500,10
pcg10,2,0.0010047919999962573,0.28734072078001327,,,,,64,500,10
raw,2,5.333300000387453e-05,0.2850314726163766,,,,,64,500,10
adaptive_rank90,2,0.008572166000000436,0.9999999575666126,30.0,1.0,6.0,0.9195121951219513,64,500,10
poisson,2,0.00034787500000277305,0.5369177610149949,,,,,64,500,10
poisson_pcg40,2,0.008810624999995298,0.999999999126885,,,,,64,500,10
oracle,0,0.01201504199999448,1.0,,,,,64,500,11
poisson_pcg40,0,0.00837370899999712,0.999999998603016,,,,,64,500,11
poisson,0,0.00025420800000119925,0.08016360539986822,,,,,64,500,11
amg,0,0.015953291999998953,0.9803177026825333,,,,,64,500,11
pcg5,0,0.0006133330000039905,0.3431935959629623,,,,,64,500,11
amg_reused,0,0.0013129169999999135,0.9803177026825333,,,,,64,500,11
jacobi20,0,0.0011852089999990767,0.4479365701954258,,,,,64,500,11
pcg10,0,0.0009569579999961775,0.552091778625151,,,,,64,500,11
pcg80,0,0.006332125000000133,0.9047448587638056,,,,,64,500,11
pcg20,0,0.011443499999998608,0.7117936154173607,,,,,64,500,11
poisson_pcg5,0,0.0011206250000057594,0.3723959412503431,,,,,64,500,11
poisson_pcg10,0,0.004025500000004456,0.8734126321141689,,,,,64,500,11
cg20,0,0.0015585000000015725,0.04235289346946886,,,,,64,500,11
adaptive_rank90,0,0.033041624999995634,0.9999999912688504,35.0,1.0,7.0,0.9780487804878049,64,500,11
poisson_pcg80,0,0.02925899999999615,1.0,,,,,64,500,11
oracle_reused,0,0.0007269170000014924,1.0,,,,,64,500,11
pcg40,0,0.0035205000000004816,0.8488914195485887,,,,,64,500,11
raw,0,5.9041000000092936e-05,-0.032365579690222725,,,,,64,500,11
poisson_pcg20,0,0.003773417000004997,0.9998476503442504,,,,,64,500,11
pcg5,1,0.000599041000000966,0.3431935959629623,,,,,64,500,11
pcg40,1,0.0036291250000033415,0.8488914195485887,,,,,64,500,11
oracle_reused,1,0.0006460829999994644,1.0,,,,,64,500,11
pcg20,1,0.0017209170000000995,0.7117936154173607,,,,,64,500,11
poisson,1,0.0002882499999969923,0.08016360539986822,,,,,64,500,11
oracle,1,0.015112874999999804,1.0,,,,,64,500,11
amg_reused,1,0.001172083000000157,0.9803177026825333,,,,,64,500,11
amg,1,0.01833249999999964,0.9803177026825333,,,,,64,500,11
poisson_pcg20,1,0.0047531669999969495,0.9998476503442504,,,,,64,500,11
cg20,1,0.0015278750000007335,0.04235289346946886,,,,,64,500,11
poisson_pcg10,1,0.0022500829999998473,0.8734126321141689,,,,,64,500,11
jacobi20,1,0.0034935839999974405,0.4479365701954258,,,,,64,500,11
raw,1,6.400000000184036e-05,-0.032365579690222725,,,,,64,500,11
pcg10,1,0.0009257080000040219,0.552091778625151,,,,,64,500,11
poisson_pcg5,1,0.001472374999998749,0.3723959412503431,,,,,64,500,11
pcg80,1,0.005697292000000687,0.9047448587638056,,,,,64,500,11
poisson_pcg40,1,0.009087540999999533,0.999999998603016,,,,,64,500,11
poisson_pcg80,1,0.016530000000003042,1.0,,,,,64,500,11
adaptive_rank90,1,0.011551250000003677,0.9999999912688504,35.0,1.0,7.0,0.9780487804878049,64,500,11
pcg80,2,0.005571790999994164,0.9047448587638056,,,,,64,500,11
poisson_pcg5,2,0.0013621249999999918,0.3723959412503431,,,,,64,500,11
amg_reused,2,0.0010437500000008981,0.9803177026825333,,,,,64,500,11
amg,2,0.015471458000000382,0.9803177026825333,,,,,64,500,11
poisson_pcg80,2,0.016708291000000486,1.0,,,,,64,500,11
oracle,2,0.013097750000000019,1.0,,,,,64,500,11
oracle_reused,2,0.0006310830000018086,1.0,,,,,64,500,11
poisson_pcg10,2,0.0019911249999964298,0.8734126321141689,,,,,64,500,11
cg20,2,0.0017440000000021882,0.04235289346946886,,,,,64,500,11
jacobi20,2,0.0009602909999983922,0.4479365701954258,,,,,64,500,11
pcg5,2,0.0005625829999971188,0.3431935959629623,,,,,64,500,11
poisson,2,0.0001847909999952435,0.08016360539986822,,,,,64,500,11
pcg20,2,0.0016081250000041791,0.7117936154173607,,,,,64,500,11
pcg10,2,0.0008906249999967031,0.552091778625151,,,,,64,500,11
poisson_pcg40,2,0.007455292000003055,0.999999998603016,,,,,64,500,11
adaptive_rank90,2,0.009344290999997895,0.9999999912688504,35.0,1.0,7.0,0.9780487804878049,64,500,11
poisson_pcg20,2,0.004238166000000376,0.9998476503442504,,,,,64,500,11
pcg40,2,0.002928666000002522,0.8488914195485887,,,,,64,500,11
raw,2,6.795800000247709e-05,-0.032365579690222725,,,,,64,500,11
pcg80,0,0.006047041999998726,0.8831638325564427,,,,,64,500,12
adaptive_rank90,0,0.0130619170000017,0.9999999905703584,40.0,1.0,8.0,0.9365853658536586,64,500,12
poisson_pcg80,0,0.018258041999999364,1.0,,,,,64,500,12
cg20,0,0.0015670829999976377,-0.10753657943088663,,,,,64,500,12
pcg5,0,0.0007408749999981978,0.33642448546007936,,,,,64,500,12
oracle,0,0.013676374999995744,1.0,,,,,64,500,12
poisson_pcg5,0,0.0012386669999955302,0.4119895755940423,,,,,64,500,12
jacobi20,0,0.0012055409999973676,0.41992473253065987,,,,,64,500,12
poisson_pcg40,0,0.011701375000001235,0.9999999905703584,,,,,64,500,12
pcg10,0,0.0009739580000029946,0.5054543954660942,,,,,64,500,12
pcg20,0,0.0024299590000040894,0.7056400523623111,,,,,64,500,12
pcg40,0,0.0038474159999992708,0.8315730675549026,,,,,64,500,12
amg_reused,0,0.0012451249999969605,0.9240472344230144,,,,,64,500,12
poisson,0,0.0003010830000036435,0.16868310961473643,,,,,64,500,12
raw,0,7.124999999774673e-05,-0.18168838229315026,,,,,64,500,12
oracle_reused,0,0.0007979169999998703,1.0,,,,,64,500,12
amg,0,0.019425667000000146,0.9240472344230144,,,,,64,500,12
poisson_pcg20,0,0.005714582999999607,0.9998517890838111,,,,,64,500,12
poisson_pcg10,0,0.0023693340000008334,0.7341078610465891,,,,,64,500,12
poisson,1,0.00024462500000055343,0.16868310961473643,,,,,64,500,12
oracle,1,0.017617541999996433,1.0,,,,,64,500,12
pcg20,1,0.002027875000003121,0.7056400523623111,,,,,64,500,12
raw,1,9.912499999842339e-05,-0.18168838229315026,,,,,64,500,12
pcg80,1,0.006388874999998961,0.8831638325564427,,,,,64,500,12
poisson_pcg10,1,0.002457333000002393,0.7341078610465891,,,,,64,500,12
amg_reused,1,0.0022494589999979553,0.9240472344230144,,,,,64,500,12
oracle_reused,1,0.0007299159999973881,1.0,,,,,64,500,12
pcg40,1,0.003496708000000126,0.8315730675549026,,,,,64,500,12
jacobi20,1,0.001250916000003599,0.41992473253065987,,,,,64,500,12
poisson_pcg80,1,0.02077954100000312,1.0,,,,,64,500,12
poisson_pcg40,1,0.009385084000001598,0.9999999905703584,,,,,64,500,12
adaptive_rank90,1,0.012169792000001678,0.9999999905703584,40.0,1.0,8.0,0.9365853658536586,64,500,12
amg,1,0.01736945799999745,0.9240472344230144,,,,,64,500,12
cg20,1,0.00144499999999681,-0.10753657943088663,,,,,64,500,12
pcg10,1,0.0008865000000000123,0.5054543954660942,,,,,64,500,12
poisson_pcg20,1,0.00506679200000093,0.9998517890838111,,,,,64,500,12
pcg5,1,0.0005842500000028394,0.33642448546007936,,,,,64,500,12
poisson_pcg5,1,0.0010717500000012592,0.4119895755940423,,,,,64,500,12
poisson_pcg5,2,0.0010369169999933092,0.4119895755940423,,,,,64,500,12
pcg10,2,0.0010483749999963266,0.5054543954660942,,,,,64,500,12
amg,2,0.01694875000000451,0.9240472344230144,,,,,64,500,12
pcg80,2,0.005544707999995069,0.8831638325564427,,,,,64,500,12
raw,2,5.491699999993216e-05,-0.18168838229315026,,,,,64,500,12
pcg20,2,0.0021671249999997144,0.7056400523623111,,,,,64,500,12
pcg5,2,0.0006070410000020843,0.33642448546007936,,,,,64,500,12
poisson_pcg20,2,0.003976209000001063,0.9998517890838111,,,,,64,500,12
poisson_pcg40,2,0.007818374999999378,0.9999999905703584,,,,,64,500,12
poisson,2,0.00017899999999571037,0.16868310961473643,,,,,64,500,12
cg20,2,0.0014918749999992542,-0.10753657943088663,,,,,64,500,12
poisson_pcg80,2,0.016140082999996253,1.0,,,,,64,500,12
jacobi20,2,0.0010324160000010352,0.41992473253065987,,,,,64,500,12
pcg40,2,0.0035018339999979275,0.8315730675549026,,,,,64,500,12
poisson_pcg10,2,0.0022263749999993365,0.7341078610465891,,,,,64,500,12
adaptive_rank90,2,0.01135525000000115,0.9999999905703584,40.0,1.0,8.0,0.9365853658536586,64,500,12
oracle,2,0.012650542000002929,1.0,,,,,64,500,12
amg_reused,2,0.0010931249999970305,0.9240472344230144,,,,,64,500,12
oracle_reused,2,0.0006919169999974883,1.0,,,,,64,500,12
pcg80,0,0.005814333000003558,0.37851084644179245,,,,,64,500,13
cg20,0,0.0015474169999976084,0.40881127716407345,,,,,64,500,13
adaptive_rank90,0,0.010287458000000527,0.9999999931897032,35.0,1.0,7.0,0.9634146341463414,64,500,13
poisson_pcg40,0,0.0071707500000002256,0.999999998603016,,,,,64,500,13
raw,0,4.18329999973821e-05,0.41298115671919106,,,,,64,500,13
oracle,0,0.012417582999994181,1.0,,,,,64,500,13
pcg10,0,0.0009290829999955008,0.32072692419311327,,,,,64,500,13
poisson_pcg80,0,0.01440379200000308,1.0,,,,,64,500,13
pcg40,0,0.003315208000003622,0.4180544289462114,,,,,64,500,13
amg,0,0.02022724999999781,0.9336103585675014,,,,,64,500,13
poisson_pcg20,0,0.004139167000005273,0.9997768124316037,,,,,64,500,13
jacobi20,0,0.0011682919999955743,0.30635432239545196,,,,,64,500,13
pcg5,0,0.0005960829999978046,0.3091827393860513,,,,,64,500,13
oracle_reused,0,0.0006617499999990173,1.0,,,,,64,500,13
poisson_pcg5,0,0.0013742909999976405,0.39147742179180967,,,,,64,500,13
poisson,0,0.0001722919999949113,0.6975101183197905,,,,,64,500,13
poisson_pcg10,0,0.0024272920000001363,0.663251177301235,,,,,64,500,13
pcg20,0,0.001897040999999433,0.37237452810580823,,,,,64,500,13
amg_reused,0,0.0010465000000010605,0.9336103585675014,,,,,64,500,13
pcg10,1,0.0009847090000008052,0.32072692419311327,,,,,64,500,13
pcg40,1,0.003332833999998286,0.4180544289462114,,,,,64,500,13
oracle,1,0.011958082999996122,1.0,,,,,64,500,13
oracle_reused,1,0.0008550839999941218,1.0,,,,,64,500,13
poisson_pcg80,1,0.015123832999996978,1.0,,,,,64,500,13
amg,1,0.01983870800000176,0.9336103585675014,,,,,64,500,13
poisson_pcg5,1,0.0013255409999999301,0.39147742179180967,,,,,64,500,13
adaptive_rank90,1,0.010583667000005903,0.9999999931897032,35.0,1.0,7.0,0.9634146341463414,64,500,13
pcg80,1,0.006051833000000784,0.37851084644179245,,,,,64,500,13
pcg20,1,0.001598583999999903,0.37237452810580823,,,,,64,500,13
poisson_pcg10,1,0.0019251659999994786,0.663251177301235,,,,,64,500,13
poisson_pcg20,1,0.003595707999998865,0.9997768124316037,,,,,64,500,13
poisson_pcg40,1,0.008678166999999348,0.999999998603016,,,,,64,500,13
raw,1,5.666599999898381e-05,0.41298115671919106,,,,,64,500,13
cg20,1,0.0016472920000012437,0.40881127716407345,,,,,64,500,13
jacobi20,1,0.000953250000002015,0.30635432239545196,,,,,64,500,13
poisson,1,0.00020241699999701268,0.6975101183197905,,,,,64,500,13
pcg5,1,0.000737833000002297,0.3091827393860513,,,,,64,500,13
amg_reused,1,0.0011241670000003978,0.9336103585675014,,,,,64,500,13
pcg40,2,0.0031380829999960724,0.4180544289462114,,,,,64,500,13
jacobi20,2,0.0012802090000008093,0.30635432239545196,,,,,64,500,13
raw,2,6.199999999978445e-05,0.41298115671919106,,,,,64,500,13
oracle,2,0.014657291999995437,1.0,,,,,64,500,13
pcg5,2,0.000664000000000442,0.3091827393860513,,,,,64,500,13
pcg20,2,0.0025959589999970945,0.37237452810580823,,,,,64,500,13
poisson,2,0.0002899999999996794,0.6975101183197905,,,,,64,500,13
poisson_pcg40,2,0.009888083999996411,0.999999998603016,,,,,64,500,13
amg,2,0.023283208999998806,0.9336103585675014,,,,,64,500,13
poisson_pcg20,2,0.004289208000002986,0.9997768124316037,,,,,64,500,13
amg_reused,2,0.0010623330000001374,0.9336103585675014,,,,,64,500,13
adaptive_rank90,2,0.011191959000001361,0.9999999931897032,35.0,1.0,7.0,0.9634146341463414,64,500,13
poisson_pcg5,2,0.0012250420000015083,0.39147742179180967,,,,,64,500,13
poisson_pcg10,2,0.0024343749999999886,0.663251177301235,,,,,64,500,13
pcg10,2,0.0010414159999996286,0.32072692419311327,,,,,64,500,13
oracle_reused,2,0.0007349159999989752,1.0,,,,,64,500,13
cg20,2,0.0017683750000045961,0.40881127716407345,,,,,64,500,13
pcg80,2,0.007278874999997242,0.37851084644179245,,,,,64,500,13
poisson_pcg80,2,0.019789125000002628,1.0,,,,,64,500,13
poisson_pcg10,0,0.0018444580000007704,0.9727428651000778,,,,,64,500,14
poisson,0,0.0001644170000005829,0.05832644550399158,,,,,64,500,14
pcg5,0,0.0005099170000022468,0.41049858458285166,,,,,64,500,14
pcg20,0,0.0019031670000018153,0.7423745516100632,,,,,64,500,14
poisson_pcg40,0,0.006403082999995036,0.9999999979045241,,,,,64,500,14
oracle,0,0.01865408299999416,1.0,,,,,64,500,14
poisson_pcg80,0,0.01599170800000138,1.0,,,,,64,500,14
adaptive_rank90,0,0.015439458999999545,0.9999999860301606,35.0,1.0,7.0,0.9853658536585366,64,500,14
raw,0,5.5916000000877375e-05,0.14255075040110204,,,,,64,500,14
pcg10,0,0.0008217500000000655,0.5910322546968836,,,,,64,500,14
poisson_pcg20,0,0.0031648750000030645,0.999993778706623,,,,,64,500,14
cg20,0,0.002210042000001522,0.184741284300985,,,,,64,500,14
pcg80,0,0.008072333000001208,0.9854966722864538,,,,,64,500,14
jacobi20,0,0.000893874999995603,0.526071273471286,,,,,64,500,14
pcg40,0,0.002540666999998109,0.8556765380904995,,,,,64,500,14
amg,0,0.02069112500000614,0.945763965920912,,,,,64,500,14
poisson_pcg5,0,0.001871500000000026,0.06745874259374993,,,,,64,500,14
amg_reused,0,0.0012015420000039967,0.945763965920912,,,,,64,500,14
oracle_reused,0,0.0009650829999969801,1.0,,,,,64,500,14
oracle_reused,1,0.0009550840000045469,1.0,,,,,64,500,14
oracle,1,0.015791875000005007,1.0,,,,,64,500,14
pcg80,1,0.006117082999999468,0.9854966722864538,,,,,64,500,14
amg_reused,1,0.001333459000001369,0.945763965920912,,,,,64,500,14
poisson_pcg10,1,0.0038549590000016565,0.9727428651000778,,,,,64,500,14
adaptive_rank90,1,0.011000541999997893,0.9999999860301606,35.0,1.0,7.0,0.9853658536585366,64,500,14
pcg10,1,0.0007989590000008207,0.5910322546968836,,,,,64,500,14
poisson_pcg5,1,0.001248291000003121,0.06745874259374993,,,,,64,500,14
cg20,1,0.001232874999999467,0.184741284300985,,,,,64,500,14
jacobi20,1,0.0019167499999994675,0.526071273471286,,,,,64,500,14
pcg40,1,0.004187041999998087,0.8556765380904995,,,,,64,500,14
pcg5,1,0.0006713329999996631,0.41049858458285166,,,,,64,500,14
raw,1,9.591699999589309e-05,0.14255075040110204,,,,,64,500,14
amg,1,0.01998033399999599,0.945763965920912,,,,,64,500,14
poisson,1,0.00028662500000109503,0.05832644550399158,,,,,64,500,14
poisson_pcg40,1,0.011185042000001033,0.9999999979045241,,,,,64,500,14
pcg20,1,0.002063374999998757,0.7423745516100632,,,,,64,500,14
poisson_pcg80,1,0.015549540999998612,1.0,,,,,64,500,14
poisson_pcg20,1,0.007322166000001573,0.999993778706623,,,,,64,500,14
pcg10,2,0.001323166999995351,0.5910322546968836,,,,,64,500,14
raw,2,5.3999999998666226e-05,0.14255075040110204,,,,,64,500,14
pcg40,2,0.0033010840000002872,0.8556765380904995,,,,,64,500,14
adaptive_rank90,2,0.008764292000002172,0.9999999860301606,35.0,1.0,7.0,0.9853658536585366,64,500,14
cg20,2,0.0017418329999969728,0.184741284300985,,,,,64,500,14
poisson_pcg5,2,0.0016072089999994432,0.06745874259374993,,,,,64,500,14
jacobi20,2,0.0014505840000040848,0.526071273471286,,,,,64,500,14
pcg20,2,0.001989375000000848,0.7423745516100632,,,,,64,500,14
poisson_pcg80,2,0.02010208300000471,1.0,,,,,64,500,14
amg,2,0.017355500000000745,0.945763965920912,,,,,64,500,14
poisson_pcg10,2,0.001706916999999919,0.9727428651000778,,,,,64,500,14
poisson,2,0.000318457999995303,0.05832644550399158,,,,,64,500,14
pcg80,2,0.007168499999998801,0.9854966722864538,,,,,64,500,14
amg_reused,2,0.0016384159999986991,0.945763965920912,,,,,64,500,14
oracle_reused,2,0.0010620409999972935,1.0,,,,,64,500,14
pcg5,2,0.0007817919999979495,0.41049858458285166,,,,,64,500,14
poisson_pcg20,2,0.005515041000002441,0.999993778706623,,,,,64,500,14
poisson_pcg40,2,0.013689625000004924,0.9999999979045241,,,,,64,500,14
oracle,2,0.01237116600000121,1.0,,,,,64,500,14
amg,0,0.04143587499999768,0.7914918014714265,,,,,64,500,15
poisson_pcg20,0,0.008578374999999028,0.9998312665165413,,,,,64,500,15
pcg40,0,0.011903499999995404,0.6468890430064861,,,,,64,500,15
cg20,0,0.0015556669999980954,0.05450677463173269,,,,,64,500,15
pcg10,0,0.0007909999999995421,0.496123113030921,,,,,64,500,15
jacobi20,0,0.001146958000006748,0.438557435297571,,,,,64,500,15
oracle_reused,0,0.0007656659999994986,1.0,,,,,64,500,15
pcg20,0,0.0014481669999995006,0.5936602151433507,,,,,64,500,15
oracle,0,0.014567250000006027,1.0,,,,,64,500,15
poisson,0,0.00022720900000194888,0.3343972570974607,,,,,64,500,15
poisson_pcg40,0,0.009715166999995972,0.9999999987776391,,,,,64,500,15
pcg80,0,0.005757917000003943,0.6822337400288875,,,,,64,500,15
pcg5,0,0.0007026249999952938,0.3867708262436399,,,,,64,500,15
amg_reused,0,0.0014905840000025705,0.7914918014714265,,,,,64,500,15
poisson_pcg80,0,0.01707795800000156,1.0,,,,,64,500,15
poisson_pcg10,0,0.0016733750000028635,0.8973146182746957,,,,,64,500,15
adaptive_rank90,0,0.00930312500000241,0.9999998756684289,30.0,1.0,6.0,0.9512195121951219,64,500,15
raw,0,4.3083000001331584e-05,-0.0028905134508319767,,,,,64,500,15
poisson_pcg5,0,0.0010397920000002614,0.5243003347355142,,,,,64,500,15
pcg20,1,0.001578082999998287,0.5936602151433507,,,,,64,500,15
pcg5,1,0.0005333750000033888,0.3867708262436399,,,,,64,500,15
poisson,1,0.00029408399999653057,0.3343972570974607,,,,,64,500,15
amg_reused,1,0.0011169999999935953,0.7914918014714265,,,,,64,500,15
poisson_pcg20,1,0.0037409170000017866,0.9998312665165413,,,,,64,500,15
oracle_reused,1,0.0006030420000016079,1.0,,,,,64,500,15
amg,1,0.029408082999999863,0.7914918014714265,,,,,64,500,15
poisson_pcg10,1,0.0020480829999982575,0.8973146182746957,,,,,64,500,15
cg20,1,0.001513292000005606,0.05450677463173269,,,,,64,500,15
poisson_pcg80,1,0.016797375000003,1.0,,,,,64,500,15
raw,1,8.304199999997763e-05,-0.0028905134508319767,,,,,64,500,15
pcg10,1,0.001275624999998115,0.496123113030921,,,,,64,500,15
jacobi20,1,0.0014849999999952956,0.438557435297571,,,,,64,500,15
adaptive_rank90,1,0.012137457999997991,0.9999998756684289,30.0,1.0,6.0,0.9512195121951219,64,500,15
pcg40,1,0.0030965409999978988,0.6468890430064861,,,,,64,500,15
poisson_pcg5,1,0.0012680419999995252,0.5243003347355142,,,,,64,500,15
poisson_pcg40,1,0.011388916000001359,0.9999999987776391,,,,,64,500,15
oracle,1,0.011999540999994451,1.0,,,,,64,500,15
pcg80,1,0.009492874999999401,0.6822337400288875,,,,,64,500,15
poisson_pcg20,2,0.004933082999997396,0.9998312665165413,,,,,64,500,15
jacobi20,2,0.0014616670000009435,0.438557435297571,,,,,64,500,15
pcg20,2,0.0021871249999989573,0.5936602151433507,,,,,64,500,15
oracle_reused,2,0.0007438340000049948,1.0,,,,,64,500,15
raw,2,0.0001127920000030258,-0.0028905134508319767,,,,,64,500,15
pcg10,2,0.0013070420000005356,0.496123113030921,,,,,64,500,15
poisson_pcg5,2,0.0010844999999974902,0.5243003347355142,,,,,64,500,15
poisson_pcg40,2,0.008981999999996049,0.9999999987776391,,,,,64,500,15
amg_reused,2,0.0010830000000012774,0.7914918014714265,,,,,64,500,15
oracle,2,0.014064208000000633,1.0,,,,,64,500,15
adaptive_rank90,2,0.007799208000001556,0.9999998756684289,30.0,1.0,6.0,0.9512195121951219,64,500,15
poisson,2,0.00029329100000552444,0.3343972570974607,,,,,64,500,15
pcg5,2,0.0005930000000020641,0.3867708262436399,,,,,64,500,15
pcg80,2,0.00584208400000108,0.6822337400288875,,,,,64,500,15
amg,2,0.017733249999999146,0.7914918014714265,,,,,64,500,15
poisson_pcg10,2,0.003276707999994244,0.8973146182746957,,,,,64,500,15
cg20,2,0.0018670830000004912,0.05450677463173269,,,,,64,500,15
pcg40,2,0.004380208000000607,0.6468890430064861,,,,,64,500,15
poisson_pcg80,2,0.017654083000003595,1.0,,,,,64,500,15
amg,0,0.019021457999997438,0.6429064363087639,,,,,64,500,16
pcg80,0,0.005868874999997331,0.5800961600627325,,,,,64,500,16
pcg40,0,0.0035402500000003556,0.49414378532692993,,,,,64,500,16
pcg5,0,0.0006132500000006758,0.24303367954367353,,,,,64,500,16
raw,0,6.787500000626778e-05,0.12643320686577375,,,,,64,500,16
poisson,0,0.0002829999999960364,0.5904039187341471,,,,,64,500,16
oracle_reused,0,0.0005740000000002965,1.0,,,,,64,500,16
poisson_pcg10,0,0.0024428749999998445,0.9331965003275089,,,,,64,500,16
jacobi20,0,0.0009200829999969073,0.2654960550640221,,,,,64,500,16
poisson_pcg80,0,0.018644207999997775,1.0,,,,,64,500,16
poisson_pcg5,0,0.0010652079999999842,0.5864229279976035,,,,,64,500,16
poisson_pcg20,0,0.0046219999999976835,0.9999369022515248,,,,,64,500,16
pcg10,0,0.0009292089999988207,0.3078626618517659,,,,,64,500,16
amg_reused,0,0.0012386670000026356,0.6429064363087639,,,,,64,500,16
adaptive_rank90,0,0.012801833000004592,0.999999927356835,35.0,1.0,7.0,0.9317073170731708,64,500,16
cg20,0,0.0015184999999959814,0.16371773955452754,,,,,64,500,16
pcg20,0,0.001641915999996968,0.3943512353473148,,,,,64,500,16
poisson_pcg40,0,0.009746458999998708,0.9999999910942273,,,,,64,500,16
oracle,0,0.012312000000001433,1.0,,,,,64,500,16
raw,1,5.408300000198096e-05,0.12643320686577375,,,,,64,500,16
poisson_pcg5,1,0.0013885840000043004,0.5864229279976035,,,,,64,500,16
pcg20,1,0.00199758299999786,0.3943512353473148,,,,,64,500,16
poisson_pcg40,1,0.007090916999999308,0.9999999910942273,,,,,64,500,16
pcg5,1,0.0008276249999994434,0.24303367954367353,,,,,64,500,16
adaptive_rank90,1,0.009091957999999067,0.999999927356835,35.0,1.0,7.0,0.9317073170731708,64,500,16
oracle,1,0.013925541999995517,1.0,,,,,64,500,16
poisson_pcg80,1,0.017181333999999993,1.0,,,,,64,500,16
amg,1,0.018015875000003234,0.6429064363087639,,,,,64,500,16
poisson,1,0.0002665000000021678,0.5904039187341471,,,,,64,500,16
oracle_reused,1,0.0006423339999983568,1.0,,,,,64,500,16
pcg10,1,0.000967665999993983,0.3078626618517659,,,,,64,500,16
cg20,1,0.0015635000000031596,0.16371773955452754,,,,,64,500,16
poisson_pcg10,1,0.002396916000002136,0.9331965003275089,,,,,64,500,16
jacobi20,1,0.0013838340000020821,0.2654960550640221,,,,,64,500,16
pcg80,1,0.0059443749999985585,0.5800961600627325,,,,,64,500,16
pcg40,1,0.0032650420000024383,0.49414378532692993,,,,,64,500,16
poisson_pcg20,1,0.004957499999996173,0.9999369022515248,,,,,64,500,16
amg_reused,1,0.0013526669999990304,0.6429064363087639,,,,,64,500,16
oracle_reused,2,0.0007092499999998836,1.0,,,,,64,500,16
poisson_pcg5,2,0.0015640420000053723,0.5864229279976035,,,,,64,500,16
jacobi20,2,0.001103084000000365,0.2654960550640221,,,,,64,500,16
adaptive_rank90,2,0.008617000000000985,0.999999927356835,35.0,1.0,7.0,0.9317073170731708,64,500,16
amg,2,0.02475091699999865,0.6429064363087639,,,,,64,500,16
poisson_pcg80,2,0.01634404100000353,1.0,,,,,64,500,16
poisson_pcg10,2,0.0022567910000006464,0.9331965003275089,,,,,64,500,16
raw,2,5.5291999998985375e-05,0.12643320686577375,,,,,64,500,16
poisson,2,0.00025800000000231194,0.5904039187341471,,,,,64,500,16
amg_reused,2,0.0010800000000017462,0.6429064363087639,,,,,64,500,16
pcg80,2,0.0060155829999999355,0.5800961600627325,,,,,64,500,16
pcg5,2,0.000994458000000975,0.24303367954367353,,,,,64,500,16
pcg10,2,0.0009530000000026462,0.3078626618517659,,,,,64,500,16
poisson_pcg20,2,0.0040821250000036,0.9999369022515248,,,,,64,500,16
poisson_pcg40,2,0.008873583000003293,0.9999999910942273,,,,,64,500,16
oracle,2,0.01328525000000269,1.0,,,,,64,500,16
pcg40,2,0.00310170799999554,0.49414378532692993,,,,,64,500,16
pcg20,2,0.0021157920000050012,0.3943512353473148,,,,,64,500,16
cg20,2,0.001603082999999117,0.16371773955452754,,,,,64,500,16
cg20,0,0.0025679170000003637,0.0743477127475232,,,,,64,500,17
pcg5,0,0.0006806669999974702,0.09940278796644737,,,,,64,500,17
amg_reused,0,0.0011007079999956204,0.9544909483752407,,,,,64,500,17
pcg10,0,0.0014678749999958995,0.15324974420525472,,,,,64,500,17
poisson_pcg5,0,0.002134500000003925,0.7316075384829962,,,,,64,500,17
oracle,0,0.014383791000000201,1.0,,,,,64,500,17
pcg40,0,0.0032657910000040147,0.41516352853082666,,,,,64,500,17
jacobi20,0,0.00102816700000119,0.09371306845930999,,,,,64,500,17
poisson,0,0.0003133340000047724,0.6620258840798928,,,,,64,500,17
pcg20,0,0.0016508750000028272,0.31701036295961893,,,,,64,500,17
poisson_pcg80,0,0.015471874999995805,1.0,,,,,64,500,17
poisson_pcg20,0,0.004236416999994219,0.999998879444253,,,,,64,500,17
pcg80,0,0.005714917000005926,0.5632043327624698,,,,,64,500,17
amg,0,0.018623332999993636,0.9544909483752407,,,,,64,500,17
raw,0,4.2749999998648036e-05,0.08267189810611446,,,,,64,500,17
poisson_pcg40,0,0.008473916999996334,1.0,,,,,64,500,17
adaptive_rank90,0,0.008728541000003531,0.9999999076244367,25.0,1.0,5.0,0.975609756097561,64,500,17
oracle_reused,0,0.0007558749999958536,1.0,,,,,64,500,17
poisson_pcg10,0,0.0019935830000008536,0.9871540713267033,,,,,64,500,17
amg,1,0.019740208000001758,0.9544909483752407,,,,,64,500,17
pcg20,1,0.0019293329999996445,0.31701036295961893,,,,,64,500,17
oracle_reused,1,0.0007364160000022935,1.0,,,,,64,500,17
poisson_pcg5,1,0.001122375000001341,0.7316075384829962,,,,,64,500,17
poisson_pcg80,1,0.020885916000004556,1.0,,,,,64,500,17
poisson_pcg20,1,0.0036273750000006544,0.999998879444253,,,,,64,500,17
pcg80,1,0.008032000000000039,0.5632043327624698,,,,,64,500,17
jacobi20,1,0.000923084000000074,0.09371306845930999,,,,,64,500,17
poisson_pcg10,1,0.0033532499999964216,0.9871540713267033,,,,,64,500,17
raw,1,8.008300000028612e-05,0.08267189810611446,,,,,64,500,17
amg_reused,1,0.0022302920000001336,0.9544909483752407,,,,,64,500,17
poisson_pcg40,1,0.010026457999998684,1.0,,,,,64,500,17
oracle,1,0.024287834000006114,1.0,,,,,64,500,17
pcg10,1,0.0010339160000043535,0.15324974420525472,,,,,64,500,17
poisson,1,0.00020604100000554126,0.6620258840798928,,,,,64,500,17
cg20,1,0.0025470419999962246,0.0743477127475232,,,,,64,500,17
pcg40,1,0.004103707999995265,0.41516352853082666,,,,,64,500,17
adaptive_rank90,1,0.01459358299999991,0.9999999076244367,25.0,1.0,5.0,0.975609756097561,64,500,17
pcg5,1,0.0006622090000050207,0.09940278796644737,,,,,64,500,17
poisson_pcg80,2,0.02389245799999884,1.0,,,,,64,500,17
pcg5,2,0.0006702909999987128,0.09940278796644737,,,,,64,500,17
poisson_pcg40,2,0.010941249999994795,1.0,,,,,64,500,17
poisson_pcg5,2,0.0011465409999971143,0.7316075384829962,,,,,64,500,17
oracle_reused,2,0.0005378329999956577,1.0,,,,,64,500,17
raw,2,4.18750000008572e-05,0.08267189810611446,,,,,64,500,17
oracle,2,0.015560624999999106,1.0,,,,,64,500,17
pcg40,2,0.003497875000000761,0.41516352853082666,,,,,64,500,17
pcg10,2,0.0015311249999996335,0.15324974420525472,,,,,64,500,17
adaptive_rank90,2,0.012099415999998087,0.9999999076244367,25.0,1.0,5.0,0.975609756097561,64,500,17
poisson_pcg10,2,0.0029950420000020017,0.9871540713267033,,,,,64,500,17
amg_reused,2,0.0011894160000025522,0.9544909483752407,,,,,64,500,17
amg,2,0.018798124999996446,0.9544909483752407,,,,,64,500,17
poisson_pcg20,2,0.005193124999998133,0.999998879444253,,,,,64,500,17
pcg80,2,0.006357292000004122,0.5632043327624698,,,,,64,500,17
cg20,2,0.002679249999999911,0.0743477127475232,,,,,64,500,17
poisson,2,0.0002512089999981981,0.6620258840798928,,,,,64,500,17
jacobi20,2,0.0009697919999993587,0.09371306845930999,,,,,64,500,17
pcg20,2,0.0017084999999994466,0.31701036295961893,,,,,64,500,17
pcg80,0,0.006630084000001091,0.8781655712077362,,,,,64,500,18
pcg20,0,0.001870124999996392,0.44019623594131235,,,,,64,500,18
amg,0,0.022810457999995037,0.9622441258012542,,,,,64,500,18
poisson_pcg5,0,0.0014227919999996175,0.5418521618619918,,,,,64,500,18
amg_reused,0,0.0014516670000048748,0.9622441258012542,,,,,64,500,18
pcg10,0,0.004122416999997824,0.30906786399925434,,,,,64,500,18
poisson_pcg80,0,0.018054042000002823,1.0,,,,,64,500,18
poisson_pcg10,0,0.0020039999999994507,0.8866133968050196,,,,,64,500,18
raw,0,4.558300000212512e-05,0.011688897850075236,,,,,64,500,18
cg20,0,0.0014992079999984753,0.016284904307437946,,,,,64,500,18
oracle,0,0.016351249999999595,1.0,,,,,64,500,18
poisson_pcg20,0,0.0051066249999962565,0.9999850947051738,,,,,64,500,18
oracle_reused,0,0.0005717919999952414,1.0,,,,,64,500,18
poisson_pcg40,0,0.00855166599999535,1.0,,,,,64,500,18
pcg40,0,0.0049807079999979464,0.7040932380472936,,,,,64,500,18
poisson,0,0.00019999999999953388,0.3171886064112846,,,,,64,500,18
jacobi20,0,0.0013502910000013912,0.2509094952216444,,,,,64,500,18
pcg5,0,0.0007271249999973861,0.1903041810653802,,,,,64,500,18
adaptive_rank90,0,0.009337375000001202,0.9999999970314093,30.0,1.0,6.0,0.9317073170731708,64,500,18
raw,1,5.4250000005140464e-05,0.011688897850075236,,,,,64,500,18
oracle_reused,1,0.0005415830000004007,1.0,,,,,64,500,18
poisson_pcg10,1,0.0019527910000007864,0.8866133968050196,,,,,64,500,18
poisson_pcg20,1,0.003639334000006045,0.9999850947051738,,,,,64,500,18
pcg5,1,0.00074700000000405,0.1903041810653802,,,,,64,500,18
cg20,1,0.0019988750000052846,0.016284904307437946,,,,,64,500,18
poisson_pcg40,1,0.012368417000004683,1.0,,,,,64,500,18
poisson,1,0.0002623330000020019,0.3171886064112846,,,,,64,500,18
pcg20,1,0.0017330419999979085,0.44019623594131235,,,,,64,500,18
oracle,1,0.01828920799999878,1.0,,,,,64,500,18
poisson_pcg5,1,0.0011381250000042087,0.5418521618619918,,,,,64,500,18
jacobi20,1,0.0010397910000037314,0.2509094952216444,,,,,64,500,18
pcg80,1,0.01834354100000013,0.8781655712077362,,,,,64,500,18
poisson_pcg80,1,0.012761208000000579,1.0,,,,,64,500,18
adaptive_rank90,1,0.00972962499999852,0.9999999970314093,30.0,1.0,6.0,0.9317073170731708,64,500,18
pcg10,1,0.0009172919999969054,0.30906786399925434,,,,,64,500,18
amg_reused,1,0.0018324999999990155,0.9622441258012542,,,,,64,500,18
amg,1,0.026411333000005754,0.9622441258012542,,,,,64,500,18
pcg40,1,0.004782500000004575,0.7040932380472936,,,,,64,500,18
amg_reused,2,0.0012567090000032977,0.9622441258012542,,,,,64,500,18
poisson_pcg80,2,0.0137826250000046,1.0,,,,,64,500,18
poisson,2,0.0003950000000045861,0.3171886064112846,,,,,64,500,18
pcg20,2,0.002583542000003547,0.44019623594131235,,,,,64,500,18
jacobi20,2,0.0015449169999968149,0.2509094952216444,,,,,64,500,18
pcg10,2,0.0010417500000059476,0.30906786399925434,,,,,64,500,18
poisson_pcg20,2,0.006897542000004364,0.9999850947051738,,,,,64,500,18
cg20,2,0.0015712920000012787,0.016284904307437946,,,,,64,500,18
pcg80,2,0.007946750000002112,0.8781655712077362,,,,,64,500,18
poisson_pcg10,2,0.0030131250000025034,0.8866133968050196,,,,,64,500,18
raw,2,7.07920000024842e-05,0.011688897850075236,,,,,64,500,18
poisson_pcg40,2,0.01262641699999989,1.0,,,,,64,500,18
pcg5,2,0.0008045840000008297,0.1903041810653802,,,,,64,500,18
poisson_pcg5,2,0.0014393749999968009,0.5418521618619918,,,,,64,500,18
adaptive_rank90,2,0.01185420799999548,0.9999999970314093,30.0,1.0,6.0,0.9317073170731708,64,500,18
oracle,2,0.017345167000001993,1.0,,,,,64,500,18
pcg40,2,0.0040848330000002875,0.7040932380472936,,,,,64,500,18
oracle_reused,2,0.0007814169999988962,1.0,,,,,64,500,18
amg,2,0.01833295800000201,0.9622441258012542,,,,,64,500,18
poisson_pcg10,0,0.003488583000006429,0.9833723730974196,,,,,64,500,19
pcg80,0,0.006483875000000694,0.15897452015138164,,,,,64,500,19
cg20,0,0.0014469580000024962,0.21730878282828456,,,,,64,500,19
oracle,0,0.012967875000001072,1.0,,,,,64,500,19
poisson_pcg40,0,0.009227332999998339,0.9999999998253771,,,,,64,500,19
pcg20,0,0.0017096249999895008,0.48540258594161423,,,,,64,500,19
jacobi20,0,0.0009287090000071885,0.35660684854755026,,,,,64,500,19
poisson,0,0.00019675000000063392,0.3727566528077477,,,,,64,500,19
amg,0,0.02101020800000697,0.6918283570809428,,,,,64,500,19
poisson_pcg80,0,0.017291458000002535,1.0,,,,,64,500,19
poisson_pcg20,0,0.004635500000006232,0.9999956999087938,,,,,64,500,19
adaptive_rank90,0,0.017171665999995867,0.9999998452840281,25.0,1.0,5.0,0.9365853658536586,64,500,19
oracle_reused,0,0.0008737089999897307,1.0,,,,,64,500,19
pcg5,0,0.0006665829999974449,0.2967936527517566,,,,,64,500,19
pcg40,0,0.002971500000001015,0.4986660867367215,,,,,64,500,19
pcg10,0,0.0009373330000101987,0.4167388324125533,,,,,64,500,19
poisson_pcg5,0,0.0010981250000128284,0.4117741683531057,,,,,64,500,19
raw,0,5.387500000608725e-05,0.21546345190346328,,,,,64,500,19
amg_reused,0,0.0010841670000019121,0.6918283570809428,,,,,64,500,19
pcg5,1,0.0005487500000072032,0.2967936527517566,,,,,64,500,19
adaptive_rank90,1,0.010304916999999136,0.9999998452840281,25.0,1.0,5.0,0.9365853658536586,64,500,19
pcg20,1,0.0015633749999892643,0.48540258594161423,,,,,64,500,19
amg_reused,1,0.0010689580000047272,0.6918283570809428,,,,,64,500,19
amg,1,0.01773104199999409,0.6918283570809428,,,,,64,500,19
pcg40,1,0.003325584000009485,0.4986660867367215,,,,,64,500,19
poisson_pcg10,1,0.0019760410000060347,0.9833723730974196,,,,,64,500,19
poisson_pcg40,1,0.010085791000008726,0.9999999998253771,,,,,64,500,19
oracle_reused,1,0.0008667500000001382,1.0,,,,,64,500,19
oracle,1,0.014772499999992306,1.0,,,,,64,500,19
pcg80,1,0.005825916999995684,0.15897452015138164,,,,,64,500,19
poisson_pcg20,1,0.004317291000006662,0.9999956999087938,,,,,64,500,19
poisson,1,0.00017416599999364735,0.3727566528077477,,,,,64,500,19
raw,1,4.316700000117635e-05,0.21546345190346328,,,,,64,500,19
cg20,1,0.0014915830000035157,0.21730878282828456,,,,,64,500,19
poisson_pcg5,1,0.0013583749999952488,0.4117741683531057,,,,,64,500,19
jacobi20,1,0.0010729999999909978,0.35660684854755026,,,,,64,500,19
poisson_pcg80,1,0.016747374999994236,1.0,,,,,64,500,19
pcg10,1,0.0009000000000014552,0.4167388324125533,,,,,64,500,19
oracle_reused,2,0.0005376670000032391,1.0,,,,,64,500,19
pcg20,2,0.0017710420000014437,0.48540258594161423,,,,,64,500,19
poisson_pcg80,2,0.018586583000001156,1.0,,,,,64,500,19
poisson_pcg20,2,0.004790833999990696,0.9999956999087938,,,,,64,500,19
raw,2,6.704199999774119e-05,0.21546345190346328,,,,,64,500,19
pcg40,2,0.0031910409999937883,0.4986660867367215,,,,,64,500,19
adaptive_rank90,2,0.008034374999994043,0.9999998452840281,25.0,1.0,5.0,0.9365853658536586,64,500,19
amg_reused,2,0.0015163329999978714,0.6918283570809428,,,,,64,500,19
pcg80,2,0.005829165999998054,0.15897452015138164,,,,,64,500,19
pcg5,2,0.0006017079999907082,0.2967936527517566,,,,,64,500,19
amg,2,0.017676332999997157,0.6918283570809428,,,,,64,500,19
poisson_pcg5,2,0.001151583000009282,0.4117741683531057,,,,,64,500,19
poisson_pcg10,2,0.0019316249999974389,0.9833723730974196,,,,,64,500,19
poisson_pcg40,2,0.008449791999993295,0.9999999998253771,,,,,64,500,19
jacobi20,2,0.0009382499999901484,0.35660684854755026,,,,,64,500,19
cg20,2,0.0014376660000010588,0.21730878282828456,,,,,64,500,19
poisson,2,0.00019529099999715527,0.3727566528077477,,,,,64,500,19
oracle,2,0.013254332999991902,1.0,,,,,64,500,19
pcg10,2,0.0010067919999983133,0.4167388324125533,,,,,64,500,19
poisson_pcg80,0,0.020504583999993997,1.0,,,,,64,500,20
poisson,0,0.0003052080000003343,0.30675637996281346,,,,,64,500,20
oracle,0,0.01418662500000778,1.0,,,,,64,500,20
jacobi20,0,0.0011032919999962587,0.282817039324707,,,,,64,500,20
cg20,0,0.0014788329999930738,0.06921009299526545,,,,,64,500,20
pcg10,0,0.0010879160000030197,0.3833828040272924,,,,,64,500,20
pcg80,0,0.006010916999997562,0.8860309374457971,,,,,64,500,20
raw,0,6.770800000310828e-05,0.04397557728405758,,,,,64,500,20
poisson_pcg10,0,0.002528584000003775,0.8146110625915305,,,,,64,500,20
poisson_pcg40,0,0.008946749999992676,0.9999999961582942,,,,,64,500,20
pcg5,0,0.0005760829999985617,0.22822432206604315,,,,,64,500,20
amg,0,0.019719666999989727,0.8150318806055378,,,,,64,500,20
poisson_pcg20,0,0.004988166999993382,0.9999595358361585,,,,,64,500,20
poisson_pcg5,0,0.0011816250000009632,0.3321962903817767,,,,,64,500,20
amg_reused,0,0.0011375840000056314,0.8150318806055378,,,,,64,500,20
oracle_reused,0,0.000757875000005015,1.0,,,,,64,500,20
pcg40,0,0.003396999999992545,0.8308477391714746,,,,,64,500,20
adaptive_rank90,0,0.011074707999995326,0.9999998047714936,30.0,1.0,6.0,0.9024390243902439,64,500,20
pcg20,0,0.0016864170000019385,0.6855422398072699,,,,,64,500,20
jacobi20,1,0.0009105419999997366,0.282817039324707,,,,,64,500,20
poisson_pcg20,1,0.00886887499999034,0.9999595358361585,,,,,64,500,20
pcg80,1,0.007444582999994509,0.8860309374457971,,,,,64,500,20
cg20,1,0.002392000000000394,0.06921009299526545,,,,,64,500,20
pcg5,1,0.0005582090000046946,0.22822432206604315,,,,,64,500,20
pcg20,1,0.0018044589999988148,0.6855422398072699,,,,,64,500,20
poisson_pcg80,1,0.020865209000007212,1.0,,,,,64,500,20
amg,1,0.023903457999992384,0.8150318806055378,,,,,64,500,20
pcg40,1,0.003053332999996883,0.8308477391714746,,,,,64,500,20
pcg10,1,0.0026918340000037233,0.3833828040272924,,,,,64,500,20
adaptive_rank90,1,0.01175033299999484,0.9999998047714936,30.0,1.0,6.0,0.9024390243902439,64,500,20
oracle_reused,1,0.0007568749999933289,1.0,,,,,64,500,20
raw,1,0.00025370800000246163,0.04397557728405758,,,,,64,500,20
oracle,1,0.016273917000006577,1.0,,,,,64,500,20
poisson_pcg10,1,0.0024280410000017127,0.8146110625915305,,,,,64,500,20
poisson_pcg40,1,0.00917495900000631,0.9999999961582942,,,,,64,500,20
poisson,1,0.0005047920000009753,0.30675637996281346,,,,,64,500,20
poisson_pcg5,1,0.0011705829999897333,0.3321962903817767,,,,,64,500,20
amg_reused,1,0.001796166000005428,0.8150318806055378,,,,,64,500,20
cg20,2,0.004837958999999614,0.06921009299526545,,,,,64,500,20
oracle,2,0.013871915999999374,1.0,,,,,64,500,20
jacobi20,2,0.0033664590000057615,0.282817039324707,,,,,64,500,20
pcg40,2,0.0032364589999929194,0.8308477391714746,,,,,64,500,20
poisson_pcg10,2,0.0029533340000114094,0.8146110625915305,,,,,64,500,20
poisson_pcg40,2,0.00812529200000256,0.9999999961582942,,,,,64,500,20
poisson_pcg5,2,0.0017952920000112726,0.3321962903817767,,,,,64,500,20
adaptive_rank90,2,0.008034082999998304,0.9999998047714936,30.0,1.0,6.0,0.9024390243902439,64,500,20
amg_reused,2,0.0012235000000089258,0.8150318806055378,,,,,64,500,20
pcg5,2,0.0006456670000005715,0.22822432206604315,,,,,64,500,20
oracle_reused,2,0.0007485419999966325,1.0,,,,,64,500,20
pcg10,2,0.0011788340000009612,0.3833828040272924,,,,,64,500,20
poisson_pcg80,2,0.01944199999999796,1.0,,,,,64,500,20
pcg80,2,0.006090417000010007,0.8860309374457971,,,,,64,500,20
pcg20,2,0.0017277080000042133,0.6855422398072699,,,,,64,500,20
poisson_pcg20,2,0.0051956669999952965,0.9999595358361585,,,,,64,500,20
raw,2,6.558299999426254e-05,0.04397557728405758,,,,,64,500,20
poisson,2,0.00028162499999950796,0.30675637996281346,,,,,64,500,20
amg,2,0.023802082999992535,0.8150318806055378,,,,,64,500,20
cg20,0,0.002162208000001442,0.00025097061047527856,,,,,64,500,21
pcg80,0,0.007527709000001437,0.9079003762273343,,,,,64,500,21
oracle_reused,0,0.0005613330000073802,1.0,,,,,64,500,21
poisson_pcg40,0,0.008806792000001451,0.9999999924912113,,,,,64,500,21
raw,0,6.108300000562394e-05,-0.07748542844463831,,,,,64,500,21
amg,0,0.018984625000001643,0.9783993451204693,,,,,64,500,21
amg_reused,0,0.0013307079999975713,0.9783993451204693,,,,,64,500,21
poisson_pcg10,0,0.0026560409999945023,0.8803171149015383,,,,,64,500,21
pcg40,0,0.003298499999999649,0.8400836901998671,,,,,64,500,21
poisson_pcg5,0,0.0011804999999895927,0.7651252005300605,,,,,64,500,21
pcg5,0,0.0007429169999966234,0.3387751166537474,,,,,64,500,21
pcg10,0,0.0017577079999995249,0.5686786764608094,,,,,64,500,21
poisson,0,0.0006029160000053935,0.15040002425722923,,,,,64,500,21
jacobi20,0,0.0011272079999997686,0.41903676011679014,,,,,64,500,21
oracle,0,0.02077883299999428,1.0,,,,,64,500,21
poisson_pcg80,0,0.019149749999996857,1.0,,,,,64,500,21
poisson_pcg20,0,0.00457516600000929,0.9996142642691853,,,,,64,500,21
adaptive_rank90,0,0.013619040999998333,0.9999999161809633,35.0,1.0,7.0,0.9585365853658536,64,500,21
pcg20,0,0.0016378330000037522,0.7788291614573136,,,,,64,500,21
cg20,1,0.0018404589999931886,0.00025097061047527856,,,,,64,500,21
poisson_pcg20,1,0.004401333000004115,0.9996142642691853,,,,,64,500,21
pcg5,1,0.0007167499999951588,0.3387751166537474,,,,,64,500,21
poisson_pcg5,1,0.0017083339999999225,0.7651252005300605,,,,,64,500,21
jacobi20,1,0.000956957999989072,0.41903676011679014,,,,,64,500,21
poisson,1,0.0005995000000069695,0.15040002425722923,,,,,64,500,21
oracle_reused,1,0.0005607920000016975,1.0,,,,,64,500,21
amg_reused,1,0.0011679999999927304,0.9783993451204693,,,,,64,500,21
pcg20,1,0.002513833000008958,0.7788291614573136,,,,,64,500,21
raw,1,4.466699999738921e-05,-0.07748542844463831,,,,,64,500,21
poisson_pcg40,1,0.009176416999991943,0.9999999924912113,,,,,64,500,21
pcg40,1,0.0031968330000040623,0.8400836901998671,,,,,64,500,21
poisson_pcg80,1,0.016137624999998934,1.0,,,,,64,500,21
poisson_pcg10,1,0.003035791000002064,0.8803171149015383,,,,,64,500,21
pcg10,1,0.0012354590000001053,0.5686786764608094,,,,,64,500,21
adaptive_rank90,1,0.01199883399999635,0.9999999161809633,35.0,1.0,7.0,0.9585365853658536,64,500,21
amg,1,0.021856500000012602,0.9783993451204693,,,,,64,500,21
oracle,1,0.015747791999999095,1.0,,,,,64,500,21
pcg80,1,0.00698183299999755,0.9079003762273343,,,,,64,500,21
pcg40,2,0.0034875829999947427,0.8400836901998671,,,,,64,500,21
poisson_pcg20,2,0.005085792000002698,0.9996142642691853,,,,,64,500,21
amg,2,0.019181333000005907,0.9783993451204693,,,,,64,500,21
pcg10,2,0.0009750419999932092,0.5686786764608094,,,,,64,500,21
cg20,2,0.0015063340000125436,0.00025097061047527856,,,,,64,500,21
poisson_pcg80,2,0.018236500000000433,1.0,,,,,64,500,21
poisson_pcg10,2,0.00543162499999994,0.8803171149015383,,,,,64,500,21
pcg80,2,0.007462083000007169,0.9079003762273343,,,,,64,500,21
oracle_reused,2,0.0009285830000038686,1.0,,,,,64,500,21
amg_reused,2,0.0013328329999922062,0.9783993451204693,,,,,64,500,21
poisson_pcg5,2,0.0015650839999921118,0.7651252005300605,,,,,64,500,21
oracle,2,0.012330624999989936,1.0,,,,,64,500,21
pcg5,2,0.0009667080000070882,0.3387751166537474,,,,,64,500,21
poisson_pcg40,2,0.009211082999996734,0.9999999924912113,,,,,64,500,21
pcg20,2,0.0023153750000091122,0.7788291614573136,,,,,64,500,21
adaptive_rank90,2,0.009920540999999616,0.9999999161809633,35.0,1.0,7.0,0.9585365853658536,64,500,21
jacobi20,2,0.0014121669999980213,0.41903676011679014,,,,,64,500,21
poisson,2,0.0002731249999925467,0.15040002425722923,,,,,64,500,21
raw,2,6.670800000563304e-05,-0.07748542844463831,,,,,64,500,21
cg20,0,0.0019937090000041735,0.21252123782304977,,,,,64,500,22
poisson,0,0.0003558339999898408,0.35866314849531417,,,,,64,500,22
poisson_pcg5,0,0.0027031249999964757,0.8261155032053518,,,,,64,500,22
poisson_pcg80,0,0.016621166000007292,1.0,,,,,64,500,22
poisson_pcg10,0,0.002635917000006316,0.9037359339083544,,,,,64,500,22
pcg20,0,0.0016488750000007713,0.45746753629336345,,,,,64,500,22
adaptive_rank90,0,0.01156479200000149,0.9999999512801849,35.0,1.0,7.0,0.9829268292682927,64,500,22
pcg10,0,0.0015487499999977672,0.4430315086306227,,,,,64,500,22
poisson_pcg40,0,0.008615250000005403,0.9999999937135722,,,,,64,500,22
oracle_reused,0,0.0010018340000073067,1.0,,,,,64,500,22
pcg80,0,0.006135916999994606,0.4746309229534855,,,,,64,500,22
jacobi20,0,0.001724457999998208,0.4257057168243135,,,,,64,500,22
pcg40,0,0.004061958999997728,0.3810912289329233,,,,,64,500,22
amg_reused,0,0.0010877080000000205,0.9866694705182184,,,,,64,500,22
pcg5,0,0.000647790999991571,0.42081140330473876,,,,,64,500,22
amg,0,0.017058167000001845,0.9866694705182184,,,,,64,500,22
poisson_pcg20,0,0.004580458000006615,0.9999454916073118,,,,,64,500,22
raw,0,6.908299999963674e-05,0.1571406052047375,,,,,64,500,22
oracle,0,0.01360429099999294,1.0,,,,,64,500,22
amg_reused,1,0.0011071659999970507,0.9866694705182184,,,,,64,500,22
pcg10,1,0.0009266670000016575,0.4430315086306227,,,,,64,500,22
raw,1,5.499999998903604e-05,0.1571406052047375,,,,,64,500,22
jacobi20,1,0.0012244159999994508,0.4257057168243135,,,,,64,500,22
pcg40,1,0.0031929590000032704,0.3810912289329233,,,,,64,500,22
pcg5,1,0.0006590410000058,0.42081140330473876,,,,,64,500,22
amg,1,0.01655120899999929,0.9866694705182184,,,,,64,500,22
poisson_pcg10,1,0.0039490000000057535,0.9037359339083544,,,,,64,500,22
adaptive_rank90,1,0.01648383299999523,0.9999999512801849,35.0,1.0,7.0,0.9829268292682927,64,500,22
poisson_pcg80,1,0.017128749999997694,1.0,,,,,64,500,22
pcg20,1,0.00254474999999843,0.45746753629336345,,,,,64,500,22
poisson_pcg40,1,0.010337167000002978,0.9999999937135722,,,,,64,500,22
pcg80,1,0.006682249999997225,0.4746309229534855,,,,,64,500,22
poisson_pcg20,1,0.006676874999996585,0.9999454916073118,,,,,64,500,22
poisson_pcg5,1,0.001123750000004975,0.8261155032053518,,,,,64,500,22
cg20,1,0.0015252910000072006,0.21252123782304977,,,,,64,500,22
poisson,1,0.0002769999999969741,0.35866314849531417,,,,,64,500,22
oracle,1,0.015056708000003027,1.0,,,,,64,500,22
oracle_reused,1,0.000756167000005803,1.0,,,,,64,500,22
poisson_pcg5,2,0.0018498750000048858,0.8261155032053518,,,,,64,500,22
poisson_pcg20,2,0.009165709000001243,0.9999454916073118,,,,,64,500,22
adaptive_rank90,2,0.012435750000008738,0.9999999512801849,35.0,1.0,7.0,0.9829268292682927,64,500,22
oracle_reused,2,0.0009105409999961012,1.0,,,,,64,500,22
pcg5,2,0.0006221670000030599,0.42081140330473876,,,,,64,500,22
poisson,2,0.0002912089999966838,0.35866314849531417,,,,,64,500,22
pcg80,2,0.007032500000008213,0.4746309229534855,,,,,64,500,22
poisson_pcg10,2,0.002944124999999076,0.9037359339083544,,,,,64,500,22
cg20,2,0.001482291999991503,0.21252123782304977,,,,,64,500,22
poisson_pcg80,2,0.019575791999997705,1.0,,,,,64,500,22
poisson_pcg40,2,0.011794457999997121,0.9999999937135722,,,,,64,500,22
oracle,2,0.016333750000001146,1.0,,,,,64,500,22
amg_reused,2,0.0021768340000107855,0.9866694705182184,,,,,64,500,22
pcg40,2,0.0033152919999963615,0.3810912289329233,,,,,64,500,22
jacobi20,2,0.001439249999990011,0.4257057168243135,,,,,64,500,22
raw,2,0.0001750830000020187,0.1571406052047375,,,,,64,500,22
amg,2,0.016421832999995445,0.9866694705182184,,,,,64,500,22
pcg10,2,0.0009735409999933609,0.4430315086306227,,,,,64,500,22
pcg20,2,0.0019558329999966872,0.45746753629336345,,,,,64,500,22
poisson_pcg40,0,0.01044537500000331,0.9999999989522621,,,,,64,500,23
pcg80,0,0.013840749999999957,0.23584666565916185,,,,,64,500,23
poisson_pcg10,0,0.003386790999996947,0.9010535188530808,,,,,64,500,23
poisson_pcg80,0,0.017551291999993168,1.0,,,,,64,500,23
amg_reused,0,0.0010718329999974685,0.7697037588325707,,,,,64,500,23
oracle_reused,0,0.0005402080000038723,1.0,,,,,64,500,23
poisson_pcg20,0,0.004029750000000831,0.9999805024697,,,,,64,500,23
pcg20,0,0.0019013750000027585,0.3622547722159004,,,,,64,500,23
oracle,0,0.01384137499999838,1.0,,,,,64,500,23
pcg5,0,0.0005883339999996906,0.26040331446874154,,,,,64,500,23
amg,0,0.021945291999998062,0.7697037588325707,,,,,64,500,23
poisson_pcg5,0,0.002776000000011436,0.5306791359567686,,,,,64,500,23
jacobi20,0,0.0012940839999942,0.2755056310047958,,,,,64,500,23
pcg40,0,0.0034235420000072736,0.3211609796777393,,,,,64,500,23
raw,0,6.020799999362225e-05,0.2867185154813202,,,,,64,500,23
adaptive_rank90,0,0.008058125000005134,0.9999999219435222,30.0,1.0,6.0,0.9317073170731708,64,500,23
poisson,0,0.0003131670000016129,0.4736726392899165,,,,,64,500,23
cg20,0,0.001961707999996065,0.2740114391541408,,,,,64,500,23
pcg10,0,0.0011080829999912112,0.31716697586112325,,,,,64,500,23
poisson_pcg10,1,0.0019498340000012604,0.9010535188530808,,,,,64,500,23
raw,1,0.00017425000000059754,0.2867185154813202,,,,,64,500,23
pcg40,1,0.004480749999999034,0.3211609796777393,,,,,64,500,23
poisson_pcg80,1,0.019207458000011002,1.0,,,,,64,500,23
amg,1,0.030169708000002515,0.7697037588325707,,,,,64,500,23
oracle_reused,1,0.0005866670000074237,1.0,,,,,64,500,23
cg20,1,0.002124292000004857,0.2740114391541408,,,,,64,500,23
pcg20,1,0.0038002080000012484,0.3622547722159004,,,,,64,500,23
pcg5,1,0.0005945420000017521,0.26040331446874154,,,,,64,500,23
pcg10,1,0.002236833000011984,0.31716697586112325,,,,,64,500,23
jacobi20,1,0.0009424169999903143,0.2755056310047958,,,,,64,500,23
pcg80,1,0.008671292000002495,0.23584666565916185,,,,,64,500,23
poisson,1,0.0003165830000000369,0.4736726392899165,,,,,64,500,23
poisson_pcg20,1,0.004522124999994048,0.9999805024697,,,,,64,500,23
amg_reused,1,0.0020094999999997754,0.7697037588325707,,,,,64,500,23
poisson_pcg40,1,0.00740004200000044,0.9999999989522621,,,,,64,500,23
oracle,1,0.016802374999997483,1.0,,,,,64,500,23
poisson_pcg5,1,0.0017179999999967777,0.5306791359567686,,,,,64,500,23
adaptive_rank90,1,0.010899084000001835,0.9999999219435222,30.0,1.0,6.0,0.9317073170731708,64,500,23
jacobi20,2,0.0010665000000074087,0.2755056310047958,,,,,64,500,23
pcg80,2,0.00822833300000525,0.23584666565916185,,,,,64,500,23
pcg5,2,0.0006365830000021333,0.26040331446874154,,,,,64,500,23
poisson_pcg10,2,0.0022693330000009837,0.9010535188530808,,,,,64,500,23
pcg20,2,0.0016400420000053373,0.3622547722159004,,,,,64,500,23
cg20,2,0.0020526670000009517,0.2740114391541408,,,,,64,500,23
pcg10,2,0.0014462080000043898,0.31716697586112325,,,,,64,500,23
pcg40,2,0.0030381250000033333,0.3211609796777393,,,,,64,500,23
poisson,2,0.00019899999999495321,0.4736726392899165,,,,,64,500,23
oracle_reused,2,0.0005417499999964548,1.0,,,,,64,500,23
amg,2,0.024088415999997892,0.7697037588325707,,,,,64,500,23
poisson_pcg80,2,0.020306000000005042,1.0,,,,,64,500,23
poisson_pcg20,2,0.005654583999998408,0.9999805024697,,,,,64,500,23
amg_reused,2,0.0012734589999894297,0.7697037588325707,,,,,64,500,23
adaptive_rank90,2,0.010124417000000108,0.9999999219435222,30.0,1.0,6.0,0.9317073170731708,64,500,23
poisson_pcg40,2,0.00893612499999108,0.9999999989522621,,,,,64,500,23
poisson_pcg5,2,0.0010471249999994825,0.5306791359567686,,,,,64,500,23
oracle,2,0.013950000000008345,1.0,,,,,64,500,23
raw,2,7.408299998701295e-05,0.2867185154813202,,,,,64,500,23
pcg40,0,0.0033655000000010205,0.6923329380776809,,,,,64,500,24
amg_reused,0,0.0017493339999958835,0.992324042433164,,,,,64,500,24
poisson_pcg5,0,0.0016206250000010414,0.6739789269721614,,,,,64,500,24
oracle,0,0.013832790999998679,1.0,,,,,64,500,24
poisson,0,0.0002509589999988293,0.3873867795153092,,,,,64,500,24
poisson_pcg20,0,0.006510040999998523,0.9997979173665558,,,,,64,500,24
oracle_reused,0,0.0008569999999963329,1.0,,,,,64,500,24
jacobi20,0,0.001075416999995582,0.3551962020993763,,,,,64,500,24
poisson_pcg10,0,0.0038994169999995165,0.7983716327308532,,,,,64,500,24
poisson_pcg40,0,0.009675665999992589,0.9999999842839308,,,,,64,500,24
poisson_pcg80,0,0.017550583000002007,1.0,,,,,64,500,24
adaptive_rank90,0,0.01163395799999023,0.9999998238054,35.0,1.0,7.0,0.9317073170731708,64,500,24
pcg5,0,0.0015153749999967658,0.3107166895744094,,,,,64,500,24
pcg20,0,0.0018999580000098604,0.5051827625899545,,,,,64,500,24
pcg10,0,0.0009749999999968395,0.3863594422368373,,,,,64,500,24
cg20,0,0.0014537090000033004,0.1492211739417679,,,,,64,500,24
pcg80,0,0.006184541000010313,0.9045780234322823,,,,,64,500,24
raw,0,7.52919999911228e-05,0.13617962228878946,,,,,64,500,24
amg,0,0.021186958000001255,0.992324042433164,,,,,64,500,24
pcg20,1,0.001976958000000195,0.5051827625899545,,,,,64,500,24
amg,1,0.020028291000002696,0.992324042433164,,,,,64,500,24
pcg80,1,0.006267917000002399,0.9045780234322823,,,,,64,500,24
jacobi20,1,0.0009470829999997932,0.3551962020993763,,,,,64,500,24
poisson_pcg20,1,0.00448599999999999,0.9997979173665558,,,,,64,500,24
pcg5,1,0.0006780830000110427,0.3107166895744094,,,,,64,500,24
poisson_pcg5,1,0.0011260839999920336,0.6739789269721614,,,,,64,500,24
adaptive_rank90,1,0.011927000000000021,0.9999998238054,35.0,1.0,7.0,0.9317073170731708,64,500,24
amg_reused,1,0.0012327909999925168,0.992324042433164,,,,,64,500,24
poisson_pcg40,1,0.011584541000004833,0.9999999842839308,,,,,64,500,24
pcg10,1,0.0009100000000046293,0.3863594422368373,,,,,64,500,24
poisson_pcg10,1,0.0020692500000052405,0.7983716327308532,,,,,64,500,24
oracle,1,0.0123865830000085,1.0,,,,,64,500,24
oracle_reused,1,0.0005251660000027414,1.0,,,,,64,500,24
pcg40,1,0.0033273329999872203,0.6923329380776809,,,,,64,500,24
poisson,1,0.0003358329999940679,0.3873867795153092,,,,,64,500,24
cg20,1,0.00173708399999839,0.1492211739417679,,,,,64,500,24
raw,1,7.929199999523462e-05,0.13617962228878946,,,,,64,500,24
poisson_pcg80,1,0.017834207999996465,1.0,,,,,64,500,24
pcg10,2,0.0014341250000029504,0.3863594422368373,,,,,64,500,24
oracle_reused,2,0.0007098340000055714,1.0,,,,,64,500,24
adaptive_rank90,2,0.010938334000002214,0.9999998238054,35.0,1.0,7.0,0.9317073170731708,64,500,24
pcg40,2,0.003529125000000022,0.6923329380776809,,,,,64,500,24
amg,2,0.01796808400000316,0.992324042433164,,,,,64,500,24
pcg20,2,0.001581958999992139,0.5051827625899545,,,,,64,500,24
pcg80,2,0.006583125000005907,0.9045780234322823,,,,,64,500,24
poisson_pcg5,2,0.0011099580000006881,0.6739789269721614,,,,,64,500,24
jacobi20,2,0.0009020420000069862,0.3551962020993763,,,,,64,500,24
poisson_pcg10,2,0.0031546670000039967,0.7983716327308532,,,,,64,500,24
poisson_pcg80,2,0.016540750000004323,1.0,,,,,64,500,24
oracle,2,0.01322229100000527,1.0,,,,,64,500,24
poisson,2,0.00021341699999766206,0.3873867795153092,,,,,64,500,24
raw,2,6.283300000120562e-05,0.13617962228878946,,,,,64,500,24
cg20,2,0.0018978330000010146,0.1492211739417679,,,,,64,500,24
amg_reused,2,0.001082084000003647,0.992324042433164,,,,,64,500,24
pcg5,2,0.0008649170000012418,0.3107166895744094,,,,,64,500,24
poisson_pcg20,2,0.005018500000005588,0.9997979173665558,,,,,64,500,24
poisson_pcg40,2,0.00921970800000338,0.9999999842839308,,,,,64,500,24
raw,0,7.329199999617231e-05,0.12606921030062201,,,,,64,500,25
jacobi20,0,0.0009597499999927095,0.3468241096211067,,,,,64,500,25
poisson_pcg10,0,0.0026927499999942484,0.962786969664382,,,,,64,500,25
amg,0,0.019117083999987017,0.9499303937033239,,,,,64,500,25
poisson_pcg5,0,0.0012807919999886508,0.7967927827800048,,,,,64,500,25
poisson,0,0.0004424579999948719,0.7359056037133175,,,,,64,500,25
oracle_reused,0,0.0005735830000048736,1.0,,,,,64,500,25
pcg5,0,0.000660249999995699,0.30104949326921965,,,,,64,500,25
oracle,0,0.013577124999997636,1.0,,,,,64,500,25
pcg10,0,0.0010053750000054151,0.4665519863337531,,,,,64,500,25
cg20,0,0.0016042499999997517,0.16853736769304756,,,,,64,500,25
poisson_pcg20,0,0.005022584000002439,0.9999393922007841,,,,,64,500,25
adaptive_rank90,0,0.01037562499999467,0.9999999392311985,35.0,1.0,7.0,0.9682926829268292,64,500,25
pcg40,0,0.0033125420000033046,0.6754935109467104,,,,,64,500,25
pcg80,0,0.006498625000006086,0.7548668805965971,,,,,64,500,25
pcg20,0,0.001902125000000865,0.5926237360019415,,,,,64,500,25
amg_reused,0,0.0011829169999941769,0.9499303937033239,,,,,64,500,25
poisson_pcg40,0,0.008854209000006108,0.9999999902211123,,,,,64,500,25
poisson_pcg80,0,0.020717208999997183,1.0,,,,,64,500,25
oracle,1,0.013217208000000369,1.0,,,,,64,500,25
adaptive_rank90,1,0.010458833000001277,0.9999999392311985,35.0,1.0,7.0,0.9682926829268292,64,500,25
amg,1,0.017552624999993327,0.9499303937033239,,,,,64,500,25
amg_reused,1,0.0010492499999941174,0.9499303937033239,,,,,64,500,25
poisson_pcg5,1,0.001365249999992102,0.7967927827800048,,,,,64,500,25
raw,1,6.237499999883767e-05,0.12606921030062201,,,,,64,500,25
poisson_pcg40,1,0.008502707999994641,0.9999999902211123,,,,,64,500,25
poisson_pcg10,1,0.0023666249999934053,0.962786969664382,,,,,64,500,25
pcg5,1,0.0008053330000024062,0.30104949326921965,,,,,64,500,25
cg20,1,0.0015859590000104618,0.16853736769304756,,,,,64,500,25
oracle_reused,1,0.0005480830000124115,1.0,,,,,64,500,25
poisson_pcg80,1,0.018976499999993734,1.0,,,,,64,500,25
jacobi20,1,0.0012270420000106697,0.3468241096211067,,,,,64,500,25
pcg20,1,0.0019946250000089094,0.5926237360019415,,,,,64,500,25
pcg80,1,0.005961083000002532,0.7548668805965971,,,,,64,500,25
pcg10,1,0.000929916999993452,0.4665519863337531,,,,,64,500,25
pcg40,1,0.0033934999999871707,0.6754935109467104,,,,,64,500,25
poisson_pcg20,1,0.004470375000011018,0.9999393922007841,,,,,64,500,25
poisson,1,0.00031766700000446235,0.7359056037133175,,,,,64,500,25
amg,2,0.019275417000002903,0.9499303937033239,,,,,64,500,25
adaptive_rank90,2,0.010460750000007124,0.9999999392311985,35.0,1.0,7.0,0.9682926829268292,64,500,25
poisson_pcg40,2,0.007603000000003135,0.9999999902211123,,,,,64,500,25
poisson_pcg20,2,0.004337958000007802,0.9999393922007841,,,,,64,500,25
jacobi20,2,0.0009634589999905074,0.3468241096211067,,,,,64,500,25
pcg10,2,0.0012627920000056747,0.4665519863337531,,,,,64,500,25
poisson_pcg10,2,0.0020589590000099633,0.962786969664382,,,,,64,500,25
poisson_pcg80,2,0.015914541999990206,1.0,,,,,64,500,25
pcg40,2,0.003331125000002544,0.6754935109467104,,,,,64,500,25
pcg5,2,0.0008750000000077307,0.30104949326921965,,,,,64,500,25
raw,2,0.00011049999999102056,0.12606921030062201,,,,,64,500,25
oracle_reused,2,0.0005951249999895936,1.0,,,,,64,500,25
poisson,2,0.00021212500000444834,0.7359056037133175,,,,,64,500,25
pcg20,2,0.0017175409999907743,0.5926237360019415,,,,,64,500,25
oracle,2,0.014428207999998222,1.0,,,,,64,500,25
amg_reused,2,0.0014514170000126114,0.9499303937033239,,,,,64,500,25
cg20,2,0.0017442080000051874,0.16853736769304756,,,,,64,500,25
pcg80,2,0.006726833000001875,0.7548668805965971,,,,,64,500,25
poisson_pcg5,2,0.0013276250000018308,0.7967927827800048,,,,,64,500,25
amg_reused,0,0.0014583749999985685,0.8489045649928899,,,,,64,500,26
oracle,0,0.013445791999998846,1.0,,,,,64,500,26
pcg5,0,0.0006724999999931924,0.33587709057250414,,,,,64,500,26
oracle_reused,0,0.0007596250000005966,1.0,,,,,64,500,26
poisson_pcg40,0,0.008375166999996964,0.9999999944120642,,,,,64,500,26
cg20,0,0.0015989999999987958,0.05540259460291457,,,,,64,500,26
pcg10,0,0.0012670830000018896,0.43309307811358666,,,,,64,500,26
poisson_pcg5,0,0.001183124999997176,0.321494316112377,,,,,64,500,26
poisson_pcg10,0,0.0023762080000011565,0.8242199049564767,,,,,64,500,26
pcg80,0,0.006834875000009788,0.8182799094891308,,,,,64,500,26
adaptive_rank90,0,0.01697554199999729,0.9999999944120642,40.0,1.0,8.0,0.9878048780487805,64,500,26
amg,0,0.02326629200000241,0.8489045649928899,,,,,64,500,26
poisson_pcg20,0,0.006460083000007444,0.9999038459442986,,,,,64,500,26
raw,0,6.912500001021726e-05,-0.0015459541221531704,,,,,64,500,26
pcg40,0,0.004487541000003148,0.7885141789120692,,,,,64,500,26
pcg20,0,0.0031066250000009177,0.5930895894605049,,,,,64,500,26
poisson,0,0.00021916699999735556,0.0544733675069134,,,,,64,500,26
poisson_pcg80,0,0.021388416999997162,1.0,,,,,64,500,26
jacobi20,0,0.0012247920000021395,0.3953831739416561,,,,,64,500,26
cg20,1,0.0017980830000112746,0.05540259460291457,,,,,64,500,26
pcg20,1,0.0030102919999990263,0.5930895894605049,,,,,64,500,26
poisson_pcg40,1,0.00920741699999894,0.9999999944120642,,,,,64,500,26
pcg10,1,0.00092820899999424,0.43309307811358666,,,,,64,500,26
jacobi20,1,0.0011937499999987722,0.3953831739416561,,,,,64,500,26
pcg40,1,0.003061000000002423,0.7885141789120692,,,,,64,500,26
poisson_pcg5,1,0.0011061250000068412,0.321494316112377,,,,,64,500,26
poisson_pcg80,1,0.020824500000003354,1.0,,,,,64,500,26
pcg80,1,0.005954416999998102,0.8182799094891308,,,,,64,500,26
poisson,1,0.0001982920000074273,0.0544733675069134,,,,,64,500,26
amg_reused,1,0.001203624999988051,0.8489045649928899,,,,,64,500,26
adaptive_rank90,1,0.015541833000000338,0.9999999944120642,40.0,1.0,8.0,0.9878048780487805,64,500,26
poisson_pcg10,1,0.0027483329999995476,0.8242199049564767,,,,,64,500,26
poisson_pcg20,1,0.005167333000002827,0.9999038459442986,,,,,64,500,26
raw,1,8.116700000471155e-05,-0.0015459541221531704,,,,,64,500,26
amg,1,0.018617625000004523,0.8489045649928899,,,,,64,500,26
pcg5,1,0.000739499999994564,0.33587709057250414,,,,,64,500,26
oracle,1,0.01404000000000849,1.0,,,,,64,500,26
oracle_reused,1,0.0007531669999991664,1.0,,,,,64,500,26
raw,2,7.21659999953772e-05,-0.0015459541221531704,,,,,64,500,26
pcg5,2,0.0007535419999982196,0.33587709057250414,,,,,64,500,26
poisson_pcg5,2,0.001299999999986312,0.321494316112377,,,,,64,500,26
adaptive_rank90,2,0.010951583999997183,0.9999999944120642,40.0,1.0,8.0,0.9878048780487805,64,500,26
pcg80,2,0.006237791999993192,0.8182799094891308,,,,,64,500,26
pcg10,2,0.0010903339999970285,0.43309307811358666,,,,,64,500,26
pcg40,2,0.003017584000005513,0.7885141789120692,,,,,64,500,26
poisson_pcg10,2,0.0019521669999988944,0.8242199049564767,,,,,64,500,26
jacobi20,2,0.0010894579999956022,0.3953831739416561,,,,,64,500,26
amg,2,0.0187333749999965,0.8489045649928899,,,,,64,500,26
poisson_pcg80,2,0.015359500000002413,1.0,,,,,64,500,26
pcg20,2,0.001669959000011545,0.5930895894605049,,,,,64,500,26
poisson_pcg20,2,0.0037466250000051105,0.9999038459442986,,,,,64,500,26
oracle,2,0.01401158400000213,1.0,,,,,64,500,26
cg20,2,0.0015148749999980282,0.05540259460291457,,,,,64,500,26
poisson,2,0.0001950420000014219,0.0544733675069134,,,,,64,500,26
amg_reused,2,0.001177499999997167,0.8489045649928899,,,,,64,500,26
poisson_pcg40,2,0.008981083999998418,0.9999999944120642,,,,,64,500,26
oracle_reused,2,0.0007225840000018025,1.0,,,,,64,500,26
pcg10,0,0.0010401659999956792,0.5022592150090167,,,,,64,500,27
pcg5,0,0.0006603339999884383,0.4079160634839238,,,,,64,500,27
poisson_pcg40,0,0.008076582999990478,0.9999999844585536,,,,,64,500,27
raw,0,4.491699999675802e-05,0.028511553664914743,,,,,64,500,27
poisson_pcg20,0,0.003739832999997361,0.9993203889639163,,,,,64,500,27
oracle,0,0.013198250000002076,1.0,,,,,64,500,27
poisson_pcg10,0,0.00203675000000203,0.7003604557347197,,,,,64,500,27
jacobi20,0,0.0009666659999965077,0.45526498731873855,,,,,64,500,27
pcg80,0,0.005822958999999628,0.8286488019242169,,,,,64,500,27
poisson,0,0.00021133299999576138,0.19662999678106963,,,,,64,500,27
amg,0,0.017880290999997328,0.7331572284894647,,,,,64,500,27
adaptive_rank90,0,0.010808250000010844,0.9999998070415926,35.0,1.0,7.0,0.9463414634146341,64,500,27
oracle_reused,0,0.0005460839999926748,1.0,,,,,64,500,27
cg20,0,0.001510916999990286,0.1084833091641141,,,,,64,500,27
poisson_pcg5,0,0.0010540419999927053,0.5730305077614752,,,,,64,500,27
pcg40,0,0.003093625000005318,0.695730502218243,,,,,64,500,27
poisson_pcg80,0,0.017364875000012603,1.0,,,,,64,500,27
pcg20,0,0.0015854579999938778,0.6711012734570369,,,,,64,500,27
amg_reused,0,0.001075708000001896,0.7331572284894647,,,,,64,500,27
amg_reused,1,0.0013881249999911915,0.7331572284894647,,,,,64,500,27
poisson_pcg80,1,0.016475833000001217,1.0,,,,,64,500,27
poisson_pcg20,1,0.0037379579999878843,0.9993203889639163,,,,,64,500,27
amg,1,0.019135833000007096,0.7331572284894647,,,,,64,500,27
raw,1,6.554099999789287e-05,0.028511553664914743,,,,,64,500,27
oracle,1,0.013406999999986624,1.0,,,,,64,500,27
oracle_reused,1,0.0007301250000040227,1.0,,,,,64,500,27
cg20,1,0.0016454999999950815,0.1084833091641141,,,,,64,500,27
poisson,1,0.00026691699999048524,0.19662999678106963,,,,,64,500,27
jacobi20,1,0.0010107500000060554,0.45526498731873855,,,,,64,500,27
poisson_pcg40,1,0.007575167000013039,0.9999999844585536,,,,,64,500,27
adaptive_rank90,1,0.012603208000001587,0.9999998070415926,35.0,1.0,7.0,0.9463414634146341,64,500,27
poisson_pcg5,1,0.0011683750000059945,0.5730305077614752,,,,,64,500,27
pcg5,1,0.0006439170000049899,0.4079160634839238,,,,,64,500,27
poisson_pcg10,1,0.002578916000004483,0.7003604557347197,,,,,64,500,27
pcg40,1,0.003231791999994016,0.695730502218243,,,,,64,500,27
pcg10,1,0.0009326250000043501,0.5022592150090167,,,,,64,500,27
pcg80,1,0.0060356670000061285,0.8286488019242169,,,,,64,500,27
pcg20,1,0.0017660419999998567,0.6711012734570369,,,,,64,500,27
oracle,2,0.014054749999999672,1.0,,,,,64,500,27
pcg40,2,0.0030349169999936976,0.695730502218243,,,,,64,500,27
pcg5,2,0.0009689999999977772,0.4079160634839238,,,,,64,500,27
poisson_pcg80,2,0.01925437500000271,1.0,,,,,64,500,27
pcg80,2,0.005630957999997577,0.8286488019242169,,,,,64,500,27
pcg20,2,0.002463000000005877,0.6711012734570369,,,,,64,500,27
poisson,2,0.00020179199999859065,0.19662999678106963,,,,,64,500,27
poisson_pcg40,2,0.008067666000002305,0.9999999844585536,,,,,64,500,27
pcg10,2,0.001094875000006823,0.5022592150090167,,,,,64,500,27
amg_reused,2,0.0012716250000011087,0.7331572284894647,,,,,64,500,27
oracle_reused,2,0.0007197079999912148,1.0,,,,,64,500,27
jacobi20,2,0.0010525829999892267,0.45526498731873855,,,,,64,500,27
adaptive_rank90,2,0.010881707999999435,0.9999998070415926,35.0,1.0,7.0,0.9463414634146341,64,500,27
raw,2,7.762500000296768e-05,0.028511553664914743,,,,,64,500,27
cg20,2,0.0016333330000009028,0.1084833091641141,,,,,64,500,27
poisson_pcg10,2,0.002092083999997385,0.7003604557347197,,,,,64,500,27
amg,2,0.01805787500001088,0.7331572284894647,,,,,64,500,27
poisson_pcg5,2,0.0010677089999973077,0.5730305077614752,,,,,64,500,27
poisson_pcg20,2,0.0037056249999949387,0.9993203889639163,,,,,64,500,27
poisson,0,0.0003053749999963884,0.29487219737779413,,,,,64,500,28
poisson_pcg80,0,0.02121058299999845,1.0,,,,,64,500,28
amg_reused,0,0.001423583000004669,0.9487076112113774,,,,,64,500,28
pcg80,0,0.005708959000003233,0.8027575256433167,,,,,64,500,28
jacobi20,0,0.0014035829999983207,0.2995284595944187,,,,,64,500,28
poisson_pcg20,0,0.004613250000005564,0.9999884492128721,,,,,64,500,28
raw,0,4.895800000781492e-05,0.09233199266879591,,,,,64,500,28
oracle_reused,0,0.0007091669999965688,1.0,,,,,64,500,28
pcg5,0,0.0007540000000005875,0.24293925757344112,,,,,64,500,28
poisson_pcg40,0,0.009610833000010643,0.9999999987776391,,,,,64,500,28
poisson_pcg10,0,0.0029617919999935793,0.9210438500827239,,,,,64,500,28
pcg10,0,0.0012032919999995784,0.3571517880612188,,,,,64,500,28
amg,0,0.01753941700000894,0.9487076112113774,,,,,64,500,28
cg20,0,0.0014252080000005662,0.10281718087410516,,,,,64,500,28
oracle,0,0.013304542000000197,1.0,,,,,64,500,28
pcg40,0,0.003379207999998357,0.7589250693644439,,,,,64,500,28
pcg20,0,0.0018859169999956293,0.6139014570877824,,,,,64,500,28
poisson_pcg5,0,0.0012819170000000213,0.3286251235702149,,,,,64,500,28
adaptive_rank90,0,0.01030208299999913,0.999999977997503,30.0,1.0,6.0,0.9024390243902439,64,500,28
raw,1,4.70000000092341e-05,0.09233199266879591,,,,,64,500,28
oracle,1,0.01262850000000526,1.0,,,,,64,500,28
poisson_pcg5,1,0.0013971249999968904,0.3286251235702149,,,,,64,500,28
pcg80,1,0.0076093750000012506,0.8027575256433167,,,,,64,500,28
oracle_reused,1,0.0005140419999918322,1.0,,,,,64,500,28
pcg10,1,0.0009235839999917062,0.3571517880612188,,,,,64,500,28
cg20,1,0.001476707999998439,0.10281718087410516,,,,,64,500,28
amg_reused,1,0.0014565000000033024,0.9487076112113774,,,,,64,500,28
poisson,1,0.0002693749999878037,0.29487219737779413,,,,,64,500,28
adaptive_rank90,1,0.012697375000001898,0.999999977997503,30.0,1.0,6.0,0.9024390243902439,64,500,28
jacobi20,1,0.0011531669999982341,0.2995284595944187,,,,,64,500,28
pcg5,1,0.0005755829999998241,0.24293925757344112,,,,,64,500,28
pcg40,1,0.0030030839999994896,0.7589250693644439,,,,,64,500,28
poisson_pcg10,1,0.0028476250000011305,0.9210438500827239,,,,,64,500,28
pcg20,1,0.0024080000000026303,0.6139014570877824,,,,,64,500,28
poisson_pcg20,1,0.004253417000001036,0.9999884492128721,,,,,64,500,28
poisson_pcg40,1,0.010654125000002068,0.9999999987776391,,,,,64,500,28
poisson_pcg80,1,0.018755541999993852,1.0,,,,,64,500,28
amg,1,0.022171874999997954,0.9487076112113774,,,,,64,500,28
oracle,2,0.016542250000000536,1.0,,,,,64,500,28
poisson_pcg5,2,0.0013697499999949514,0.3286251235702149,,,,,64,500,28
pcg80,2,0.007028249999990521,0.8027575256433167,,,,,64,500,28
poisson,2,0.00021008400000255278,0.29487219737779413,,,,,64,500,28
pcg20,2,0.0021939589999959708,0.6139014570877824,,,,,64,500,28
poisson_pcg20,2,0.004729582999999593,0.9999884492128721,,,,,64,500,28
pcg10,2,0.0009285830000038686,0.3571517880612188,,,,,64,500,28
adaptive_rank90,2,0.010516332999998212,0.999999977997503,30.0,1.0,6.0,0.9024390243902439,64,500,28
cg20,2,0.0017180830000000924,0.10281718087410516,,,,,64,500,28
pcg40,2,0.004711458000002722,0.7589250693644439,,,,,64,500,28
amg_reused,2,0.0015988330000027418,0.9487076112113774,,,,,64,500,28
pcg5,2,0.0007030000000014525,0.24293925757344112,,,,,64,500,28
poisson_pcg10,2,0.0028336660000007896,0.9210438500827239,,,,,64,500,28
amg,2,0.019142000000002213,0.9487076112113774,,,,,64,500,28
jacobi20,2,0.0011505420000048616,0.2995284595944187,,,,,64,500,28
raw,2,0.00013766600000053586,0.09233199266879591,,,,,64,500,28
poisson_pcg40,2,0.008375999999998385,0.9999999987776391,,,,,64,500,28
poisson_pcg80,2,0.017829290999998193,1.0,,,,,64,500,28
oracle_reused,2,0.0005445420000000922,1.0,,,,,64,500,28
oracle,0,0.01560658300000739,1.0,,,,,64,500,29
poisson,0,0.0002655419999939568,0.33419584309545713,,,,,64,500,29
amg,0,0.0208837079999995,0.6494993579741184,,,,,64,500,29
poisson_pcg20,0,0.00473133399999881,0.9997939637273677,,,,,64,500,29
poisson_pcg80,0,0.01636483300001146,1.0,,,,,64,500,29
pcg5,0,0.0005878329999973175,0.46923206021855757,,,,,64,500,29
poisson_pcg40,0,0.009723750000006248,0.9999999786959949,,,,,64,500,29
pcg10,0,0.0009593749999936563,0.5648308780153061,,,,,64,500,29
adaptive_rank90,0,0.011443334000006189,0.9999998084385766,35.0,1.0,7.0,0.948780487804878,64,500,29
poisson_pcg10,0,0.0020138750000029404,0.6847412563613061,,,,,64,500,29
oracle_reused,0,0.0007364580000057686,1.0,,,,,64,500,29
pcg40,0,0.0033822910000083084,0.4459413469096145,,,,,64,500,29
raw,0,4.920799999297287e-05,0.23331987129754553,,,,,64,500,29
jacobi20,0,0.0011918340000107719,0.5308857371347837,,,,,64,500,29
amg_reused,0,0.0011357089999961545,0.6494993579741184,,,,,64,500,29
pcg20,0,0.0018998329999959651,0.5474370590280478,,,,,64,500,29
poisson_pcg5,0,0.0011293749999907732,0.566585019416121,,,,,64,500,29
cg20,0,0.001439540999996325,0.2738525254200787,,,,,64,500,29
pcg80,0,0.0064913329999995995,0.6130697958743824,,,,,64,500,29
pcg5,1,0.0005745409999917683,0.46923206021855757,,,,,64,500,29
pcg40,1,0.003553415999988374,0.4459413469096145,,,,,64,500,29
amg_reused,1,0.001957582999992269,0.6494993579741184,,,,,64,500,29
pcg20,1,0.0017106669999975566,0.5474370590280478,,,,,64,500,29
poisson_pcg5,1,0.0012867079999949738,0.566585019416121,,,,,64,500,29
jacobi20,1,0.0009389169999991509,0.5308857371347837,,,,,64,500,29
amg,1,0.01936683299999231,0.6494993579741184,,,,,64,500,29
pcg10,1,0.0011014590000115732,0.5648308780153061,,,,,64,500,29
pcg80,1,0.006246042000000784,0.6130697958743824,,,,,64,500,29
poisson,1,0.0002179170000005115,0.33419584309545713,,,,,64,500,29
adaptive_rank90,1,0.011775916999994251,0.9999998084385766,35.0,1.0,7.0,0.948780487804878,64,500,29
poisson_pcg80,1,0.02156912499999919,1.0,,,,,64,500,29
poisson_pcg20,1,0.003923833000001764,0.9997939637273677,,,,,64,500,29
cg20,1,0.0014899170000006734,0.2738525254200787,,,,,64,500,29
raw,1,7.095899999853827e-05,0.23331987129754553,,,,,64,500,29
poisson_pcg40,1,0.00855308399999899,0.9999999786959949,,,,,64,500,29
oracle,1,0.013271583000005194,1.0,,,,,64,500,29
poisson_pcg10,1,0.0019387500000078717,0.6847412563613061,,,,,64,500,29
oracle_reused,1,0.0008236659999880658,1.0,,,,,64,500,29
cg20,2,0.001494249999993258,0.2738525254200787,,,,,64,500,29
raw,2,5.17499999972415e-05,0.23331987129754553,,,,,64,500,29
pcg20,2,0.002525375000004715,0.5474370590280478,,,,,64,500,29
pcg10,2,0.0010299169999967717,0.5648308780153061,,,,,64,500,29
amg_reused,2,0.0013684999999981073,0.6494993579741184,,,,,64,500,29
poisson_pcg80,2,0.01916199999999435,1.0,,,,,64,500,29
poisson,2,0.00019949999999369084,0.33419584309545713,,,,,64,500,29
adaptive_rank90,2,0.012667667000002325,0.9999998084385766,35.0,1.0,7.0,0.948780487804878,64,500,29
pcg80,2,0.005829042000002005,0.6130697958743824,,,,,64,500,29
oracle,2,0.012598916000001736,1.0,,,,,64,500,29
poisson_pcg40,2,0.00820991599999843,0.9999999786959949,,,,,64,500,29
poisson_pcg20,2,0.00568766699998946,0.9997939637273677,,,,,64,500,29
poisson_pcg10,2,0.0023444580000102633,0.6847412563613061,,,,,64,500,29
pcg5,2,0.0006000420000020767,0.46923206021855757,,,,,64,500,29
pcg40,2,0.003092583000011473,0.4459413469096145,,,,,64,500,29
poisson_pcg5,2,0.0014364170000078502,0.566585019416121,,,,,64,500,29
amg,2,0.017477999999996996,0.6494993579741184,,,,,64,500,29
oracle_reused,2,0.0007108329999994112,1.0,,,,,64,500,29
jacobi20,2,0.001037666000001991,0.5308857371347837,,,,,64,500,29
