sample,method,spearman,auroc,error_capture_top10,top10_overlap,relative_l2_correction_error,relative_A_correction_error
0,ensemble,0.3109050732086643,0.6887888252186917,0.15595988304010344,0.23414634146341465,,
0,raw,0.415857244215313,0.8186189007847756,0.21701336761555728,0.36341463414634145,,
0,smoothed,0.5281714196810228,0.8944827494937999,0.20907089018151517,0.3463414634146341,,
0,prediction_magnitude,0.39717687338760116,0.6328831571006974,0.1176627802867151,0.06097560975609756,,
0,boundary_distance,0.3963430836012805,0.6467411299180816,0.1908719104672374,0.27665505226480835,,
0,jacobi1,0.2576304605937093,0.6820944112859468,0.18291309340496317,0.2780487804878049,0.9680726773687854,0.6627673880715812
0,jacobi5,0.3257592963973014,0.6987745325092969,0.1972101350681876,0.3073170731707317,0.9236828636291355,0.4273965721666476
0,jacobi10,0.35327448741026896,0.7256878366396252,0.21512134332436444,0.35121951219512193,0.8944403604618777,0.3707019889090974
0,jacobi20,0.3937133406965563,0.7565501634397788,0.22664666986718798,0.3853658536585366,0.8566671730448083,0.32710139945020245
0,jacobi40,0.44142087624728316,0.8125153845135847,0.24672586459786813,0.4560975609756098,0.8022914388400255,0.28423113897400415
0,jacobi80,0.5014520293035822,0.8744716329420483,0.2751672445170943,0.5463414634146342,0.718722140186581,0.23402569525409253
0,cg5,0.42016031588684793,0.8291842568452814,0.22614046070065769,0.40487804878048783,0.9618665257742133,0.3876043250088059
0,pcg5,0.357242211164908,0.7297844182999617,0.21757961152925162,0.35121951219512193,0.8890275397420458,0.3694432791396122
0,poisson_pcg5,0.433452600663031,0.7046041051837539,0.24727239920920402,0.45121951219512196,1.2878324409226494,0.08140728644334973
0,cg10,0.42183527396755066,0.8410855842144965,0.23769228282850768,0.45365853658536587,0.9132563709972078,0.3088172435669767
0,pcg10,0.44428855547166207,0.7980208567685243,0.2440737145747137,0.44878048780487806,0.7990177042428239,0.28821675579156736
0,poisson_pcg10,0.4476520064866435,0.7977257387875019,0.26714703979084875,0.4853658536585366,1.0082532006742948,0.06605767903125123
0,cg20,0.4277822653558711,0.8733163055993013,0.26783205909648894,0.5707317073170731,0.7886573230584576,0.19474447041966952
0,pcg20,0.5776468689734113,0.9318561994627,0.30881762001078955,0.6439024390243903,0.5617921797318547,0.1590762304470042
0,poisson_pcg20,0.9989000408603835,0.9999404470441883,0.3548146740760398,0.9878048780487805,0.019474212339206983,0.0026419413239710332
0,cg40,0.450920437796887,0.8881224938131096,0.2953168552610764,0.5902439024390244,0.6932033326737098,0.09361358454382507
0,pcg40,0.6570813481143735,0.9520770747588105,0.3386865460628857,0.7951219512195122,0.4669595559207875,0.02090032093029182
0,poisson_pcg40,0.9999999909196045,1.0,0.3548703607972653,1.0,1.404079862128428e-05,3.892979916974574e-06
0,cg80,0.5348715656267296,0.9537220597382317,0.32250292063883274,0.6951219512195121,0.5776994977453613,0.044979216018199514
0,pcg80,0.6879039766740561,0.956317906912113,0.3413949452893635,0.8219512195121951,0.4461270025494911,0.010997375238087899
0,poisson_pcg80,1.0,1.0,0.3548703607972653,1.0,8.830840432510368e-12,2.313868964341373e-12
0,poisson,0.4300362643760824,0.757221788441433,0.22891326246231136,0.4195121951219512,240.84655935570223,415.69847064783374
0,amg,0.6062883734027444,0.8900003970197055,0.3163017692464784,0.6707317073170732,0.6003806863654738,0.09707140323310799
0,oracle,1.0,1.0,0.3548703607972653,1.0,3.468350804731932e-12,9.472736975302112e-14
1,ensemble,0.4918056258820557,0.7441796911186692,0.19559099731086396,0.3195121951219512,,
1,raw,-0.07907133264054106,0.5985879332477535,0.08938397879331873,0.14146341463414633,,
1,smoothed,-0.14189866885451116,0.6153421648161137,0.11223533016780682,0.1951219512195122,,
1,prediction_magnitude,0.7569730258046403,0.8211002739435967,0.19122717693299976,0.25609756097560976,,
1,boundary_distance,0.4667360579125865,0.829518415097336,0.17988396481177096,0.3229965156794425,,
1,jacobi1,0.20490735925414696,0.6726850442676972,0.14663183215268338,0.24634146341463414,0.9754264791242465,0.6382892885036
1,jacobi5,0.2541134684702959,0.7044816907745854,0.16526799853559798,0.2926829268292683,0.9454747880985512,0.34243826638343433
1,jacobi10,0.27861218103783164,0.717692521472149,0.17185003411379368,0.3146341463414634,0.9261755454897592,0.2519611181684014
1,jacobi20,0.3268750491389103,0.7494686552942578,0.18661776768555619,0.35365853658536583,0.8995128258612468,0.15909860535001377
1,jacobi40,0.36776168170547824,0.7644614427696095,0.20077030704782925,0.3975609756097561,0.863458543855725,0.09052225809905368
1,jacobi80,0.43932559835197255,0.8079238516205021,0.21174309304857641,0.4317073170731707,0.8121727080057545,0.05649629611636065
1,cg5,-0.07245193987565501,0.5994163810330453,0.0965119973051345,0.14878048780487804,0.981812593622586,0.23806521273969142
1,pcg5,0.29268136647912435,0.7385731111787515,0.17596485268049855,0.32926829268292684,0.9162832547507312,0.22152926114163993
1,poisson_pcg5,0.26164332037574844,0.6979857866945463,0.17015874943634843,0.2682926829268293,1.0297299089175955,0.09780680030471689
1,cg10,-0.06488250250926256,0.601604621309371,0.09969002822376677,0.15121951219512195,0.9772844927417528,0.13766474937591788
1,pcg10,0.3512440933074076,0.7589812474359144,0.19727835919092454,0.3829268292682927,0.8758518988654124,0.09394701605310668
1,poisson_pcg10,0.9090198645040126,0.9914402551513307,0.29480560313199067,0.824390243902439,0.2524231272382301,0.043268564314398454
1,cg20,-0.03489694114160187,0.6102490636951947,0.10772310334506997,0.17560975609756097,0.9673344489071086,0.09984257347453786
1,pcg20,0.5317392407160358,0.854672921932692,0.2185757880773633,0.43902439024390244,0.7556464234920646,0.03770175929882925
1,poisson_pcg20,0.999794417572527,0.999966915024549,0.3007818725785975,0.9926829268292683,0.010367944702107987,0.002791514581432945
1,cg40,0.07889668589866523,0.6530199965591625,0.1299059091177433,0.21707317073170732,0.9420855862048758,0.0679328003385189
1,pcg40,0.7246895053006042,0.8966888556568691,0.2368840915866303,0.524390243902439,0.6426623207733304,0.020487146020467317
1,poisson_pcg40,0.9999999989522621,1.0,0.30080726307755046,1.0,1.919940617786207e-06,8.652129618458429e-07
1,cg80,0.25123660791818325,0.7409181742387148,0.1795191326768075,0.348780487804878,0.9075384779595564,0.040776298927499635
1,pcg80,0.8634598210444009,0.9129785741698979,0.24902222921501743,0.551219512195122,0.4605970099522413,0.018478366255726252
1,poisson_pcg80,1.0,1.0,0.30080726307755046,1.0,8.354877113237156e-12,2.411896203989899e-12
1,poisson,0.07311128346866197,0.5986210182232045,0.11070883449500483,0.12926829268292683,121.00025341526303,463.32085927517744
1,amg,0.9034335504469901,0.9636482140730251,0.27812870935618583,0.7,0.3992699937368594,0.06106209528116593
1,oracle,1.0,1.0,0.30080726307755046,1.0,1.3608658859847526e-12,5.1000745868580294e-14
2,ensemble,0.32592238135080076,0.7333655360427722,0.23091432913068477,0.2951219512195122,,
2,raw,0.17723642967700168,0.5974365761020606,0.17893392338347824,0.18048780487804877,,
2,smoothed,0.2046102061006736,0.6758638487090243,0.23174050456424852,0.25121951219512195,,
2,prediction_magnitude,0.4948526048525858,0.7727823140955229,0.11991678187613951,0.01951219512195122,,
2,boundary_distance,0.2108974309887027,0.5617153898071807,0.0662250819445718,0.013356562137049941,,
2,jacobi1,0.2713234001907498,0.6396404324867991,0.20189705871684352,0.24390243902439024,0.9874543107140943,0.6495170084758417
2,jacobi5,0.33252525547902695,0.6597084551963263,0.22223721971470042,0.28780487804878047,0.9646935769861836,0.39691581281181354
2,jacobi10,0.3500817057492483,0.6785357913264428,0.2329457474756351,0.3073170731707317,0.9478588513078035,0.3392336555089232
2,jacobi20,0.3786230783857192,0.7210314571946588,0.25753035823819065,0.36585365853658536,0.9250264427025746,0.29178501619694946
2,jacobi40,0.4057492102430663,0.7645653295925254,0.2958201427846315,0.44634146341463415,0.8952529747368091,0.24907032244685692
2,jacobi80,0.4557869925469789,0.8081739740349113,0.33053360292756545,0.526829268292683,0.8580572605287999,0.21835772411256135
2,cg5,0.1811391742950372,0.6040972433598454,0.18589176116230766,0.1975609756097561,0.9872162461486269,0.3481506812429674
2,pcg5,0.3458106265816652,0.6770211611502984,0.22864739023971792,0.3,0.9434540332934145,0.33860268544265154
2,poisson_pcg5,0.6533100354129844,0.9978752828765401,0.4819452681150421,0.9292682926829269,0.3305578677739263,0.0984122822084717
2,cg10,0.19159636170339508,0.6128263832828236,0.19734607124137832,0.2097560975609756,0.9745663031615311,0.26445458547800393
2,pcg10,0.40596099161217314,0.7744438415626695,0.306216912517701,0.47317073170731705,0.8849804104668245,0.24831273914346347
2,poisson_pcg10,0.7833261371197856,0.9984694890356391,0.48313716115900723,0.9414634146341463,0.20275253131348905,0.06484362233161027
2,cg20,0.22232401962740092,0.6329572674457076,0.2206828857508092,0.25365853658536586,0.9504430993730558,0.22092574170296286
2,pcg20,0.4941794745996468,0.8250314307266784,0.3429543003617061,0.5536585365853659,0.812768331840934,0.20422906860203066
2,poisson_pcg20,0.9949468363091326,0.9999794873152205,0.485851210732235,0.9951219512195122,0.025431561035347702,0.011155268972207283
2,cg40,0.2634443796569857,0.6639744319309715,0.2477768691215965,0.3048780487804878,0.8343764008920465,0.1474872018065096
2,pcg40,0.5467677465576081,0.9727829757950319,0.4483128335081576,0.8097560975609757,0.5160058028339591,0.10829604449315007
2,poisson_pcg40,0.9999999853316685,1.0,0.48587119088801745,1.0,9.014537400186946e-06,5.233579971332232e-06
2,cg80,0.2964927920028928,0.7433605071265037,0.3085057321289436,0.4560975609756098,0.716023521871238,0.09102956146882925
2,pcg80,0.5548955224345564,0.998462872040549,0.4762031729429156,0.9219512195121952,0.3611172015886011,0.05055458694818993
2,poisson_pcg80,1.0,1.0,0.48587119088801745,1.0,4.5177502241542566e-11,1.976847694239901e-11
2,poisson,0.1571241581635048,0.6794873152204121,0.13811040547315231,0.15853658536585366,115.50351361662543,440.32086159372903
2,amg,0.9541907639412293,0.989216944801027,0.47590462945098216,0.8853658536585366,0.3875634399321588,0.11772710203539667
2,oracle,1.0,1.0,0.48587119088801745,1.0,2.0435956152337675e-12,8.560478343612104e-14
3,ensemble,0.12784547276758615,0.6895570583486627,0.12913098898324016,0.24146341463414633,,
3,raw,0.21049407965887443,0.6880305175813559,0.14500695357664373,0.275609756097561,,
3,smoothed,0.2334902116617873,0.7328672763124809,0.1460136761327879,0.3195121951219512,,
3,prediction_magnitude,0.05289303710232897,0.6838426213887749,0.08588835877503143,0.06829268292682927,,
3,boundary_distance,0.22344695334869852,0.5873258076042508,0.08927673421001658,0.04506387921022067,,
3,jacobi1,0.07173416341281166,0.6756236517872504,0.1434004390740447,0.23902439024390243,0.939364021967015,0.6412083924555074
3,jacobi5,0.15849577794431688,0.739009832854704,0.16254926896375618,0.33170731707317075,0.8709579847014974,0.3846880324917934
3,jacobi10,0.2122784273450443,0.7652455566877969,0.17509594087470526,0.3780487804878049,0.8305730017304132,0.31013065651230953
3,jacobi20,0.28038952913594417,0.799897436576102,0.191650221022193,0.4170731707317073,0.7763449929428391,0.24093983766422292
3,jacobi40,0.35458582611148515,0.8448896946918465,0.21175687160977333,0.47804878048780486,0.7062233008954051,0.1715053252569904
3,jacobi80,0.43989954291942596,0.8842813281632546,0.2230089427995124,0.5365853658536586,0.6291659768725303,0.10777228965144807
3,cg5,0.21782135789102589,0.6989505445786959,0.15593148302626125,0.3121951219512195,0.9250270000277088,0.3139821442584264
3,pcg5,0.20607617503392997,0.7537386022259571,0.1759883436236961,0.3804878048780488,0.8232207402769259,0.3033750527641301
3,poisson_pcg5,0.47052352891862936,0.8774552360282148,0.2320637898468625,0.6170731707317073,0.6511975698894777,0.07521438970335423
3,cg10,0.2301160173163983,0.7176945065706761,0.17359711427321464,0.3804878048780488,0.8741958310113677,0.19569066246242045
3,pcg10,0.3339452323829708,0.8389363842092029,0.21144287859105454,0.48048780487804876,0.7038241820253295,0.17198361835174603
3,poisson_pcg10,0.8487316894520336,0.9791736696531371,0.2550997521588829,0.7609756097560976,0.31232128525265507,0.04239127934789591
3,cg20,0.24779638792059278,0.7469032462977913,0.18609764332600526,0.4268292682926829,0.8246854999895186,0.10701355474061493
3,pcg20,0.5053100142067679,0.9074202982941386,0.22702601622913865,0.573170731707317,0.5735764682553585,0.07204851341236065
3,poisson_pcg20,0.9987586501944379,0.9997856093590779,0.2657129332755414,0.9829268292682927,0.02592063413452112,0.0027011575825844833
3,cg40,0.32220747886111833,0.7888450696769583,0.212118898617333,0.5,0.7411918621776199,0.06956346664809547
3,pcg40,0.620942048544801,0.9309668753225785,0.2324770633237659,0.6121951219512195,0.5033723376989876,0.045556313090268113
3,poisson_pcg40,0.9999999711872062,1.0,0.26579643520492363,1.0,3.3765113468832596e-05,4.834087384121103e-06
3,cg80,0.46277725887973287,0.8359660151132168,0.2277637381338658,0.5536585365853659,0.6144702375859886,0.035062322851489004
3,pcg80,0.8761524309043359,0.9359686619112528,0.24478421009480783,0.7121951219512195,0.30988935783734795,0.011036360891155495
3,poisson_pcg80,1.0,1.0,0.26579643520492363,1.0,7.114066146535084e-11,1.601863454919607e-11
3,poisson,0.36479661069762254,0.8243928907004751,0.2138128674246316,0.5341463414634147,217.1083872090946,437.28656307505867
3,amg,0.667443653071666,0.8002223310350304,0.20934564070510922,0.5707317073170731,0.5300375785439457,0.07783571598529837
3,oracle,1.0,1.0,0.26579643520492363,1.0,5.719059446918581e-12,1.0082273067500804e-13
4,ensemble,0.30688730425041866,0.6713087092889377,0.18816219928682293,0.3024390243902439,,
4,raw,0.20225042920236244,0.6860480658523351,0.21090704341709834,0.33902439024390246,,
4,smoothed,0.2762788883357764,0.7957512274525892,0.22821213223912631,0.37317073170731707,,
4,prediction_magnitude,0.7024152860553734,0.8890389476331009,0.2502473710911056,0.3853658536585366,,
4,boundary_distance,0.6336445857416505,0.8984039807842462,0.283297515594973,0.4887921022067364,,
4,jacobi1,0.15734274301904771,0.6510176938448712,0.17055525778973105,0.28536585365853656,0.9948475830785847,0.7808809460363183
4,jacobi5,0.20357902764022145,0.6536962534573799,0.17596644970144368,0.2780487804878049,0.9797663398020661,0.6073410638151159
4,jacobi10,0.2024101877624654,0.6524562285774784,0.1822774220275542,0.2780487804878049,0.9667043663902514,0.5391082937733787
4,jacobi20,0.23155744211485263,0.6755217500628614,0.20749818950293109,0.32682926829268294,0.9457853536335905,0.47602437544477016
4,jacobi40,0.32441598090820273,0.748814234479838,0.25217037718799207,0.43414634146341463,0.9109624629857177,0.41413488340739696
4,jacobi80,0.4524441177085261,0.862316874660879,0.28840595939539565,0.5536585365853659,0.8532247216265388,0.3395238865711211
4,cg5,0.1983138541733722,0.6802575334489102,0.202381294146418,0.3170731707317073,0.9859513558812528,0.5452887294283356
4,pcg5,0.19664453082741237,0.6499007450736471,0.18787960151484673,0.28536585365853656,0.9596594183994781,0.5218522894732099
4,poisson_pcg5,0.793100524177713,0.9866409486124161,0.3676658234148221,0.8268292682926829,0.39249335058320217,0.07002189398312994
4,cg10,0.2046415125108853,0.6907302515781534,0.2071037197097364,0.32195121951219513,0.9676100633249057,0.44047055718616507
4,pcg10,0.3261324809258606,0.7383203419663062,0.2496174425360373,0.4268292682926829,0.8994470866349039,0.4115828872819826
4,poisson_pcg10,0.9070112804637496,0.9982590685917712,0.37739957077349384,0.9317073170731708,0.16676057641053205,0.02066760659067617
4,cg20,0.20909222565302854,0.697138811323002,0.22238062055797633,0.36585365853658536,0.9189065329953593,0.24741631690656823
4,pcg20,0.6302093822936532,0.954848272302582,0.3212815627117803,0.6634146341463415,0.6905738670652221,0.18465514688748538
4,poisson_pcg20,0.9999982270527505,1.0,0.379643804994792,1.0,0.00046801758749693715,0.00028078604562133217
4,cg40,0.22930516924292862,0.7190198906872411,0.22570913262054831,0.3853658536585366,0.8982842472231306,0.1299846469087862
4,pcg40,0.6816423017299803,0.9751386260471395,0.3329643545975691,0.7707317073170732,0.5931963913983241,0.03262461512786659
4,poisson_pcg40,0.9999999998253771,1.0,0.379643804994792,1.0,4.605335886158497e-07,3.4877831227048837e-07
4,cg80,0.28103783358719325,0.7528367057951643,0.2504333901861051,0.4609756097560976,0.865752694955103,0.06827854414064802
4,pcg80,0.8505024223072968,0.9765897330704181,0.3506331630588372,0.8292682926829268,0.49476787484582674,0.03069651233768348
4,poisson_pcg80,1.0,1.0,0.379643804994792,1.0,3.7244631113842445e-13,2.884232910466082e-14
4,poisson,0.7667812595134607,0.9599029948519778,0.33225625341898984,0.7048780487804878,143.57907577953168,336.2431152612594
4,amg,0.912213442795128,0.9967364980215184,0.37593704640322445,0.9048780487804878,0.22741745921955603,0.11463073755204997
4,oracle,1.0,1.0,0.379643804994792,1.0,4.53181310918031e-13,2.8300012331999777e-14
5,ensemble,0.182027860742326,0.6149927874753517,0.1329760447544772,0.17073170731707318,,
5,raw,0.25114625588605216,0.6152210738059632,0.18107076618052298,0.24146341463414633,,
5,smoothed,0.3376895958670733,0.6665107261490412,0.1890397088977671,0.2658536585365854,,
5,prediction_magnitude,0.32580742231959015,0.6878419332212855,0.13516642569191545,0.15365853658536585,,
5,boundary_distance,0.36972018194291106,0.7598493971917473,0.12310416816599218,0.160917537746806,,
5,jacobi1,0.17982171855037102,0.5632994984317722,0.151263438994046,0.18048780487804877,0.9729580269474545,0.6827578246067254
5,jacobi5,0.2858703377267361,0.5991067056628244,0.17367308517362384,0.21707317073170732,0.9281239827936081,0.44445940274921786
5,jacobi10,0.334031552719436,0.6455904344718976,0.18306886006105622,0.24146341463414633,0.8960881092394183,0.37587623252464136
5,jacobi20,0.39705790169463095,0.7316623215065574,0.2056515800081665,0.2975609756097561,0.8506273190806541,0.32183228520061186
5,jacobi40,0.47356392442769485,0.8380530153646626,0.24819613726297757,0.4292682926829268,0.7858614637329624,0.2763004934443758
5,jacobi80,0.5528548772635052,0.9175006286145335,0.2917404783727247,0.5853658536585366,0.6951279342165687,0.22697610545280458
5,cg5,0.25055089293537397,0.6168237100168071,0.183500876583317,0.24878048780487805,0.9756907070789589,0.3844716849852215
5,pcg5,0.3395563807982098,0.6535844262403557,0.18235907666301443,0.23658536585365852,0.8885598303830285,0.3668441553211991
5,poisson_pcg5,0.5299039083545564,0.8770337334409698,0.2194992081264844,0.44390243902439025,1.2506537267349944,0.09621026272029048
5,cg10,0.258804584563238,0.6169064224554346,0.18575074645001127,0.24634146341463414,0.9532416943711842,0.3047784773108268
5,pcg10,0.46276374393317815,0.8315676984767677,0.24617053087924815,0.4170731707317073,0.7826851831047006,0.28039401110963513
5,poisson_pcg10,0.8786220309970063,0.9913370300279237,0.35178148687026345,0.8170731707317073,0.2596231084819391,0.026870959010165566
5,cg20,0.27807861384659194,0.6383712928285007,0.20321886067028483,0.3048780487804878,0.8828842646794725,0.1912375286969126
5,pcg20,0.6249588736657686,0.9700124399507696,0.329230656009344,0.7439024390243902,0.5184273212980895,0.14734337036302045
5,poisson_pcg20,0.9999967953188297,1.0,0.3624844160879748,1.0,0.0009834396059946319,0.000368920457012808
5,cg40,0.301014208423355,0.6571145931209719,0.22433973348606934,0.34146341463414637,0.8372090290075427,0.10016166402399898
5,pcg40,0.8011129933490712,0.9817681934280005,0.3406793889468896,0.7780487804878049,0.3692266045695468,0.016794681770743624
5,poisson_pcg40,0.999999999476131,1.0,0.3624844160879748,1.0,5.020785421044557e-07,3.1084960270277947e-07
5,cg80,0.3990991302811022,0.7174999669150246,0.2444597393620688,0.3951219512195122,0.763442846850555,0.051046374027689766
5,pcg80,0.8189775259020382,0.9830227756971004,0.34288628873620736,0.7804878048780488,0.34546482374313686,0.014200224701551937
5,poisson_pcg80,1.0,1.0,0.3624844160879748,1.0,3.967414221601073e-12,1.1553124189633333e-13
5,poisson,0.5516094135148474,0.8558189854823127,0.17746132285348257,0.275609756097561,137.38483457954547,417.9738214627929
5,amg,0.3830858151940556,0.8543811124492146,0.2412685396440315,0.3829268292682927,0.7597758344636686,0.08839402985636925
5,oracle,1.0,1.0,0.3624844160879748,1.0,4.01322323284036e-12,1.1228825100643478e-13
6,ensemble,0.15858394526818068,0.5664485263951934,0.11995452690832484,0.14390243902439023,,
6,raw,0.06159435102440274,0.45055913608512105,0.10341614843923137,0.03902439024390244,,
6,smoothed,0.020433362510740013,0.40710929952489977,0.09342205229957153,0.041463414634146344,,
6,prediction_magnitude,0.44364313974064473,0.8234830538755741,0.1825283428576648,0.32439024390243903,,
6,boundary_distance,0.42131258382716774,0.8172743273824491,0.1773849645349486,0.28803716608594654,,
6,jacobi1,0.08075120583463198,0.4604601458385718,0.10537341228958179,0.036585365853658534,0.9689295071342618,0.5881612608810098
6,jacobi5,0.15424447098900204,0.5089091221894313,0.1221219360719222,0.07073170731707316,0.9304799810406182,0.2824901479852041
6,jacobi10,0.2199250056410212,0.542813281632545,0.13563000224489777,0.10975609756097561,0.9043564046775281,0.19980028092496038
6,jacobi20,0.29642545667824266,0.5868215925783783,0.15129987654744775,0.14878048780487804,0.8657272680355538,0.15559107806579706
6,jacobi40,0.4006797467181495,0.6609610523668992,0.1725639352998928,0.2073170731707317,0.8062185653481891,0.14132893677545683
6,jacobi80,0.5572975787027228,0.7868043883911439,0.20695928075138872,0.32926829268292684,0.7130914721805486,0.13798903306831256
6,cg5,0.060950315057598216,0.45031629236531107,0.10327274907783782,0.03902439024390244,0.995510489482495,0.22307626537443298
6,pcg5,0.20069015355004916,0.5297467014279476,0.13140588486519908,0.0975609756097561,0.9103858661977704,0.13751484083816462
6,poisson_pcg5,0.2919668914385895,0.5741679128674086,0.11719725670452012,0.041463414634146344,0.969807634630043,0.17370330920657778
6,cg10,0.0617103696679358,0.4506696399031272,0.1038342671956979,0.03902439024390244,0.9937941884182074,0.17932063467620113
6,pcg10,0.3242839837369276,0.601779971679261,0.15957688242497242,0.16829268292682928,0.8455927726509933,0.05604538483349272
6,poisson_pcg10,0.9810695313275326,0.9992145626827945,0.2981782851437511,0.9658536585365853,0.17191440530253782,0.0464213544613609
6,cg20,0.07005732237237378,0.4554927676243664,0.10524323154629796,0.03902439024390244,0.9749087667134441,0.1422344703338761
6,pcg20,0.6415674973957425,0.8446481743710547,0.22572643364201259,0.3951219512195122,0.6353330314266434,0.03627682138704106
6,poisson_pcg20,0.9999980779247146,1.0,0.2992836722111009,1.0,0.0009295358284582319,0.000524014713997439
6,cg40,0.10919934725506066,0.4779442319653799,0.11272915637730367,0.041463414634146344,0.9446228128018943,0.0854079815845792
6,pcg40,0.878226135525827,0.9910710268252981,0.29236518000580397,0.8560975609756097,0.2511064947411477,0.016298868120364223
6,poisson_pcg40,1.0,1.0,0.2992836722111009,1.0,2.0421368607924483e-08,2.8265664879699145e-08
6,cg80,0.2430050251328588,0.5475530352156479,0.14251433615943893,0.11951219512195121,0.8876422914285179,0.05730620614440807
6,pcg80,0.9428857773609364,0.994871828805103,0.2952369251361345,0.8902439024390244,0.17902545470200007,0.012738848057695658
6,poisson_pcg80,1.0,1.0,0.2992836722111009,1.0,1.924530005139551e-12,1.4560789491333597e-13
6,poisson,0.48034321405409436,0.8347339306274235,0.12981938526587375,0.12682926829268293,49.17092427046248,436.06099636507906
6,amg,0.9615221260813215,0.9976536135410188,0.2973508598353613,0.926829268292683,0.25843553129668784,0.05131810001503247
6,oracle,1.0,1.0,0.2992836722111009,1.0,2.020559622114658e-12,1.5244406491178682e-13
7,ensemble,0.3209574976156278,0.6481082011037148,0.15811400554058047,0.2634146341463415,,
7,raw,0.21861501590242705,0.8128885830366714,0.21597115541666706,0.5,,
7,smoothed,0.2896771039598013,0.8907216494845361,0.21284510106615942,0.48292682926829267,,
7,prediction_magnitude,0.5072098306486654,0.5266704604105183,0.09916929563362681,0.0024390243902439024,,
7,boundary_distance,0.5232578416750688,0.5969495652634226,0.09980652519042439,0.0005807200929152149,,
7,jacobi1,0.06402559604974291,0.6366151423315644,0.12778908920403065,0.22682926829268293,0.9891122756441234,0.6687232164701143
7,jacobi5,0.16335168732750044,0.6543010468086232,0.14430500032368024,0.24634146341463414,0.9768777540902801,0.39862732980921745
7,jacobi10,0.18266986147814537,0.6582977118430978,0.14837606723804195,0.2682926829268293,0.9701487109911977,0.293310691270109
7,jacobi20,0.18725421901025813,0.6619516165319005,0.15450377997530107,0.28292682926829266,0.9621123941292237,0.19904835882493946
7,jacobi40,0.19816667423133474,0.6539457141722801,0.1580765733003048,0.3024390243902439,0.9537195207038953,0.12259420733105753
7,jacobi80,0.22608548795755137,0.6280659846750394,0.15532898690920932,0.2926829268292683,0.9465932866747508,0.07790992556961986
7,cg5,0.22111229670810234,0.818843878617842,0.21435179415908392,0.4975609756097561,0.9894764409472141,0.30812748852370453
7,pcg5,0.20642792004988242,0.6666569617405343,0.15077365828861325,0.2707317073170732,0.9689459573187483,0.27102585046839844
7,poisson_pcg5,0.7341053363473542,0.9719591599063033,0.2597249835526667,0.7634146341463415,0.5965478189841639,0.08836464888493549
7,cg10,0.21726093857288367,0.8150166086576763,0.2136158106220685,0.4951219512195122,0.9854559104031666,0.17764493234292925
7,pcg10,0.19918448774638325,0.6660217302118762,0.15911085568571007,0.3097560975609756,0.9539924267640361,0.12459307659072162
7,poisson_pcg10,0.9815586969556815,0.997836904305017,0.2720071393220085,0.9219512195121952,0.10640071034824253,0.021018399398789637
7,cg20,0.21050625140536586,0.8071463546974048,0.211158765142173,0.48048780487804876,0.9811747427056051,0.1196957558826038
7,pcg20,0.2394734556566003,0.6236775935312256,0.15683637856544272,0.2926829268292683,0.944950841897358,0.05944240639354583
7,poisson_pcg20,0.9999989863135249,1.0,0.27320958780403143,1.0,0.0010165241938299176,0.00037733161755238413
7,cg40,0.1924215695494604,0.7775207442796077,0.1930711451494741,0.424390243902439,0.9658143379648225,0.0771722905853128
7,pcg40,0.2709708817695607,0.565107923189921,0.14986605634188174,0.23658536585365852,0.9415394462731276,0.052955611319349796
7,poisson_pcg40,0.9999999996507541,1.0,0.27320958780403143,1.0,1.9430115988262372e-06,5.188042522136245e-07
7,cg80,0.24987008014385137,0.7477158132948666,0.187244952008372,0.3853658536585366,0.9425053820464193,0.058917907786741316
7,pcg80,0.6338759625848025,0.7982967854637852,0.14373110686633497,0.15609756097560976,0.5967522148272331,0.03754325855251106
7,poisson_pcg80,1.0,1.0,0.27320958780403143,1.0,1.361648097773318e-12,7.576323592486725e-14
7,poisson,0.6830192283035541,0.9268365469872821,0.2387912281409602,0.6317073170731707,93.30322088068732,394.93079731795206
7,amg,0.9882353400434943,0.9948539629183595,0.26940278893228825,0.875609756097561,0.15827190632453297,0.07536012683844066
7,oracle,1.0,1.0,0.27320958780403143,1.0,1.5319717230226118e-12,8.083841086000487e-14
8,ensemble,0.1984792574217287,0.685032357105991,0.15443866687035873,0.25609756097560976,,
8,raw,0.09109982436559048,0.6569451980466631,0.15799199911126405,0.2682926829268293,,
8,smoothed,0.07922779117531949,0.719013273692151,0.1830586081485845,0.3926829268292683,,
8,prediction_magnitude,0.44674207540600824,0.783986210182232,0.10152680443772719,0.0951219512195122,,
8,boundary_distance,0.44621420117758626,0.782903008085968,0.11083920906094025,0.12288037166085947,,
8,jacobi1,0.0709964607202201,0.6223224329367547,0.13671492893170054,0.1926829268292683,0.9554164112286819,0.5205628344940705
8,jacobi5,0.16421386251196937,0.6645329063165835,0.14860435220801455,0.22439024390243903,0.9089341208244884,0.22329732444392447
8,jacobi10,0.1939366092900215,0.6843388960205391,0.1534994718952356,0.23902439024390243,0.8852730578345435,0.141976366125115
8,jacobi20,0.21510448867146606,0.7248990908248746,0.16384322143954727,0.2780487804878049,0.8596551967969973,0.07352136442306278
8,jacobi40,0.23173783168310413,0.7627516112383045,0.1752253296103751,0.32682926829268294,0.8339161155443444,0.032802301274082006
8,jacobi80,0.25979919627043285,0.7853519579688472,0.1818961181776979,0.36097560975609755,0.8103697983434461,0.024742343260852142
8,cg5,0.09026935233477369,0.6599188756401942,0.1565285445684669,0.2634146341463415,0.9863334254203946,0.17588008800491606
8,pcg5,0.19773127641976038,0.6798810264282784,0.15270631009646612,0.23902439024390243,0.8823151474524299,0.13797000672976473
8,poisson_pcg5,0.7270304005639121,0.8307690271693818,0.22175272895550546,0.5634146341463414,0.8979302368608263,0.1218769615859061
8,cg10,0.08763408251905933,0.6525151198337811,0.1561963481302482,0.25853658536585367,0.98314544652561,0.12553189785140048
8,pcg10,0.21889244242023337,0.7467715680954965,0.1711541088129812,0.3048780487804878,0.8436155261400154,0.03478844107814676
8,poisson_pcg10,0.9680825923171693,0.9931990524463031,0.2732332070359822,0.8902439024390244,0.2295042321778579,0.034724417870189386
8,cg20,0.0842654996835552,0.6469482418644046,0.15035401893951256,0.23658536585365852,0.9469318758771264,0.0955826415387538
8,pcg20,0.25638586873765623,0.7886908936913569,0.18282569544077787,0.36829268292682926,0.8083666570223416,0.018922297336101637
8,poisson_pcg20,0.9999959787817139,1.0,0.2779637455849366,1.0,0.0015577683131837775,0.0004228517195790037
8,cg40,0.12458272892822946,0.6630910630864312,0.15348578582377106,0.23902439024390243,0.9069846141357085,0.05306487993134659
8,pcg40,0.38488443883378437,0.7738555906991517,0.18629858811735447,0.3853658536585366,0.7643541450564376,0.017136687292384205
8,poisson_pcg40,0.9999999996507541,1.0,0.2779637455849366,1.0,2.4807014463760915e-07,6.317245659689993e-08
8,cg80,0.22350018546358857,0.7265447375038048,0.16709935197743028,0.2951219512195122,0.8544693322110138,0.027988600698349922
8,pcg80,0.6278504076133726,0.8357350819845691,0.21803966248725096,0.5024390243902439,0.5992665591885289,0.016123470102190906
8,poisson_pcg80,1.0,1.0,0.2779637455849366,1.0,1.0315767316983078e-11,2.5591438738792685e-13
8,poisson,0.5287852116439059,0.8726407104005929,0.1970569376330647,0.44634146341463415,83.7556936021555,459.1681961729317
8,amg,0.8988922388796725,0.9665160197451134,0.26241066892779613,0.7658536585365854,0.35978276983829705,0.057595410814755665
8,oracle,1.0,1.0,0.2779637455849366,1.0,1.0244127389018287e-11,2.552878598616025e-13
9,ensemble,0.09800613947202724,0.5970111033177613,0.11995491066112582,0.17804878048780487,,
9,raw,0.11006798139480019,0.6554947527228935,0.14457755446003967,0.23414634146341465,,
9,smoothed,0.03210862649600217,0.6115347458412186,0.13950706453635967,0.24146341463414633,,
9,prediction_magnitude,0.2746919257499122,0.7264884930455382,0.1142620615324397,0.15121951219512195,,
9,boundary_distance,0.2926580147131783,0.7432751478898403,0.11724166873908622,0.16004645760743322,,
9,jacobi1,0.10602809608522631,0.6529564734062967,0.1452395860276952,0.22195121951219512,0.89470242507675,0.5430142762667888
9,jacobi5,0.24462331316284097,0.7574950703386578,0.17286801722926043,0.33414634146341465,0.7943206985629478,0.2350119012309455
9,jacobi10,0.31240179726734296,0.8013200905204928,0.1854084506729959,0.3951219512195122,0.7466017343682128,0.15580265856992417
9,jacobi20,0.3909125235685162,0.852439686089753,0.1977583185162497,0.44146341463414634,0.6896277961085768,0.10346234279525234
9,jacobi40,0.4853995515178622,0.8985396291835952,0.20855024742688355,0.4926829268292683,0.6186796468478833,0.06919171094917528
9,jacobi80,0.6048665144121804,0.9340173100591559,0.21981129212294567,0.5634146341463414,0.5305211081591414,0.048961662306438544
9,cg5,0.11431955709490148,0.6610708944853962,0.14624978374141873,0.23902439024390243,0.9642464667073161,0.18399512004991586
9,pcg5,0.2989468412195312,0.791522305890449,0.18321616936216067,0.3878048780487805,0.755954389958597,0.14214470213185357
9,poisson_pcg5,0.2121904189281043,0.6288342178050104,0.14286033349864713,0.24390243902439024,0.9361169345555473,0.11033904686131144
9,cg10,0.11810153716569617,0.6649034580416341,0.14856403186339018,0.24634146341463414,0.9530996114060386,0.12440315428184699
9,pcg10,0.43497053355734255,0.8763687254344057,0.20259782926667158,0.4634146341463415,0.6520234213486532,0.0666433922675669
9,poisson_pcg10,0.9254349715568482,0.9886637640114871,0.25054191662430136,0.8560975609756097,0.28928594641842015,0.03237342728794864
9,cg20,0.12475748655570591,0.6721470825668647,0.15295475543925405,0.26097560975609757,0.9292115768821185,0.09680565117555212
9,pcg20,0.6474958139026837,0.9428324709183066,0.22498059799883316,0.5804878048780487,0.490680451699588,0.0186185687444348
9,poisson_pcg20,0.999989603296234,1.0,0.25921093171922494,1.0,0.002206701801589423,0.0003675538948260859
9,cg40,0.14643181767001406,0.7024582136760055,0.16291983021362358,0.3048780487804878,0.8307025427573445,0.05232935374878914
9,pcg40,0.8188982484601326,0.9598566758863465,0.23769967619535873,0.6902439024390243,0.34962391559420397,0.007252860735550321
9,poisson_pcg40,0.9999999996507541,1.0,0.25921093171922494,1.0,5.133126044183407e-07,8.087342779843446e-08
9,cg80,0.27853008762553855,0.7812342019242222,0.1835648308283582,0.4073170731707317,0.7568118314903888,0.029971106941497145
9,pcg80,0.8591649152678946,0.9630811375937959,0.2426521292254951,0.7121951219512195,0.3100886962119073,0.006554455425484349
9,poisson_pcg80,1.0,1.0,0.25921093171922494,1.0,6.854535346817478e-12,1.3394018374142278e-13
9,poisson,0.22056617604450815,0.6804659687942511,0.1433561073936511,0.24146341463414633,148.50004092293227,447.4800290142276
9,amg,0.8890569068255296,0.9738827203790215,0.24480305890577267,0.7536585365853659,0.2895918678091241,0.05119820987745282
9,oracle,1.0,1.0,0.25921093171922494,1.0,6.709441934872338e-12,1.3327606612241933e-13
10,ensemble,0.37181777185419335,0.7352917433135264,0.1861830715780184,0.33414634146341465,,
10,raw,0.2850314726163766,0.8313361036486111,0.19855026191093694,0.4219512195121951,,
10,smoothed,0.3874448107522613,0.9162850866164657,0.20617559018978432,0.45365853658536587,,
10,prediction_magnitude,0.520434229536621,0.6867236610510435,0.09879083039408147,0.0,,
10,boundary_distance,0.6494305278422732,0.8217262416791287,0.18285541112022644,0.25232288037166084,,
10,jacobi1,0.14931733812560294,0.6891077643820388,0.15888945086174272,0.28292682926829266,0.9884722139189371,0.6050435013680182
10,jacobi5,0.22119523110473044,0.6888060294059262,0.1733464438940434,0.32195121951219513,0.9770213133477608,0.3294297023873667
10,jacobi10,0.23120274928815285,0.6851574183131957,0.1729510075095865,0.3195121951219512,0.9695856217174332,0.262515913535446
10,jacobi20,0.24922701927184057,0.6706761245583156,0.1687083299989349,0.3,0.9586198317453274,0.20274634949991774
10,jacobi40,0.28839345609972367,0.6699687677831743,0.17233675258309647,0.3146341463414634,0.9431008443626298,0.14439896359465534
10,jacobi80,0.34197498940527377,0.6720412106454217,0.17065127035336364,0.2804878048780488,0.923878407165381,0.09359791205909618
10,cg5,0.2850017271611006,0.8308967351746225,0.19787075613573818,0.3975609756097561,0.994269143169614,0.2777828665149181
10,pcg5,0.22953599429717625,0.6789136217460927,0.1715471190078952,0.3097560975609756,0.9688916681759715,0.26286154543300727
10,poisson_pcg5,0.48155200784730584,0.6574011090083771,0.14906251841937004,0.1926829268292683,1.0456599849971215,0.09160047643019029
10,cg10,0.2802657795832585,0.8275531675555496,0.18900983464155047,0.37073170731707317,0.9908689209852866,0.16976332614769996
10,pcg10,0.28734072078001327,0.6691945793576222,0.16660069054840185,0.2975609756097561,0.941329275379202,0.1463030808629793
10,poisson_pcg10,0.9803067503284031,0.9933095562643093,0.27160492122900426,0.8512195121951219,0.32101685535885477,0.027047121794746356
10,cg20,0.2684506942688901,0.8117888384526819,0.18736097320365497,0.36341463414634145,0.9873380362412644,0.10258677559279585
10,pcg20,0.3743294068445284,0.6588939031007239,0.173459065130566,0.2682926829268293,0.9050633500021474,0.06468745333641765
10,poisson_pcg20,0.9999641708542658,0.9999887511083467,0.27488254347872393,0.9926829268292683,0.006600165830528425,0.0022694578640728574
10,cg40,0.26669103687696755,0.7731118404510143,0.1897799035741606,0.36341463414634145,0.9805840392180913,0.06790972203113305
10,pcg40,0.42245966519687195,0.6696736498021518,0.1735069868650174,0.25609756097560976,0.8877923261230318,0.04279808816698127
10,poisson_pcg40,0.999999999126885,1.0,0.2748870126171185,1.0,1.3384154577801945e-06,6.58045128872584e-07
10,cg80,0.2860308602624341,0.7312308934266771,0.18515082533683103,0.36341463414634145,0.9696793870751744,0.04838154334019069
10,pcg80,0.49987792019237476,0.7242373913158556,0.18253680340575143,0.28536585365853656,0.8703013967097347,0.03796045027028684
10,poisson_pcg80,1.0,1.0,0.2748870126171185,1.0,4.421014631167778e-12,3.1262306883157654e-13
10,poisson,0.5369177610149949,0.7961482471580006,0.18671070592802919,0.35609756097560974,71.21669556458137,451.7076165036884
10,amg,0.9705735749953509,0.993999708852216,0.27200730254335714,0.8560975609756097,0.3323024869063661,0.07437534537343375
10,oracle,1.0,1.0,0.2748870126171185,1.0,3.4255018571511692e-12,1.3623078399043265e-13
11,ensemble,0.39509420711410165,0.6634927146884056,0.14727379393609014,0.17073170731707318,,
11,raw,-0.032365579690222725,0.46540039437290737,0.08835003514556482,0.08292682926829269,,
11,smoothed,-0.07531294169139888,0.43186811005386233,0.09896832541468473,0.1024390243902439,,
11,prediction_magnitude,0.4905339288917978,0.7782836838135067,0.11487662374344224,0.1024390243902439,,
11,boundary_distance,0.0744737789948629,0.49604833053213876,0.10268564862522866,0.09169570267131243,,
11,jacobi1,0.24877598798755857,0.6064879636859309,0.1533476153995723,0.18536585365853658,0.9567300888604203,0.6424435397207183
11,jacobi5,0.2895876538554298,0.6418591109405397,0.17732134950380618,0.24878048780487805,0.8924140394098966,0.3745312537402077
11,jacobi10,0.34386994504153406,0.6978719743789951,0.19398235039315231,0.3073170731707317,0.8449578677607475,0.28469969881199664
11,jacobi20,0.4479365701954258,0.7968853804110477,0.21481591723852753,0.3804878048780488,0.7764167205301322,0.21181111996437763
11,jacobi40,0.5652728392067009,0.8975457565210486,0.24304328022522917,0.5024390243902439,0.6830839382299819,0.15634522024577044
11,jacobi80,0.6623738163774129,0.9519937006206741,0.2751112065534042,0.6536585365853659,0.571398430755697,0.10660964899809136
11,cg5,-0.032234037411844725,0.4656412529941903,0.08803378538985338,0.07317073170731707,0.9792401057630898,0.3071838129443919
11,pcg5,0.3431935959629623,0.6961694215422892,0.18902345637130052,0.28536585365853656,0.8308179282442486,0.27166591858354533
11,poisson_pcg5,0.3723959412503431,0.659875203472599,0.16962705512629628,0.25121951219512195,0.807996556069038,0.1178609874693707
11,cg10,-0.017306285544859502,0.4731971996876778,0.09443579743792122,0.08292682926829269,0.9680271581641385,0.21801920876221434
11,pcg10,0.552091778625151,0.8794734195307227,0.2368117822697569,0.47804878048780486,0.6917300816371746,0.1687100166684195
11,poisson_pcg10,0.8734126321141689,0.9887352275584611,0.30287386412766154,0.8146341463414634,0.27616828807245447,0.057459766108087326
11,cg20,0.04235289346946886,0.4940764659952622,0.11139765965438635,0.11707317073170732,0.9459751382103644,0.1436091707400405
11,pcg20,0.7117936154173607,0.970934849066342,0.2865011628263677,0.7463414634146341,0.47453134743495595,0.07380072158358206
11,poisson_pcg20,0.9998476503442504,0.9999808107142385,0.31192993556659804,0.9902439024390244,0.00740992191831358,0.001988513217305558
11,cg40,0.13617113526207644,0.5220312851527864,0.13788044924470716,0.16341463414634147,0.9045291862429151,0.09241680108701464
11,pcg40,0.8488914195485887,0.9747237404549846,0.29196818883261927,0.7902439024390244,0.3541988424371434,0.020091662962689095
11,poisson_pcg40,0.999999998603016,1.0,0.3119511796923756,1.0,1.8145491139699325e-06,1.5652290091577622e-06
11,cg80,0.3048158955720415,0.6037915381866786,0.17518483198519402,0.24634146341463414,0.8483503477618232,0.055565945217236935
11,pcg80,0.9047448587638056,0.979588555245292,0.2964061484328775,0.802439024390244,0.3034146101709783,0.012485026237103534
11,poisson_pcg80,1.0,1.0,0.3119511796923756,1.0,4.728796852931334e-12,1.9216396717456248e-12
11,poisson,0.08016360539986822,0.5490954567711711,0.11644439290656587,0.12926829268292683,130.37986529196257,435.7350805832251
11,amg,0.9803177026825333,0.9990451676084856,0.3111201312613948,0.9512195121951219,0.12759709435306496,0.07042728733934735
11,oracle,1.0,1.0,0.3119511796923756,1.0,2.1773713002981812e-12,8.877533056183337e-14
12,ensemble,0.26240879703002334,0.6392718658602755,0.1358316326044107,0.16341463414634147,,
12,raw,-0.18168838229315026,0.4653004777470455,0.09310940074650391,0.06341463414634146,,
12,smoothed,-0.1501611536231952,0.4767505260511097,0.10061786510018227,0.08048780487804878,,
12,prediction_magnitude,0.42556360742870647,0.6990656802932652,0.12905138902677019,0.14390243902439023,,
12,boundary_distance,0.3134558371162521,0.7378121567433797,0.10320041781006523,0.15743321718931474,,
12,jacobi1,0.15365255457233962,0.6475398012254675,0.11973866432309299,0.17317073170731706,0.956676423919188,0.651864657867282
12,jacobi5,0.2655341775335254,0.7456791022061061,0.15287041254078948,0.3,0.891985976748826,0.37031801131325937
12,jacobi10,0.33149681371012335,0.7966762833661978,0.17229957499352588,0.3780487804878049,0.8472978633953185,0.2800321192414566
12,jacobi20,0.41992473253065987,0.8442286568823366,0.19118299190718252,0.44878048780487806,0.7852910554676952,0.2083551765522307
12,jacobi40,0.5201505642404185,0.8896549898759976,0.21459535971777546,0.5463414634146342,0.7013202122141748,0.14489477685520424
12,jacobi80,0.633725701070805,0.9306578616518667,0.23156318806086001,0.6,0.5965490907577538,0.091286367120511
12,cg5,-0.17368517320449564,0.46793602689146807,0.09797031382183748,0.09024390243902439,0.9727671070811414,0.28944653515230706
12,pcg5,0.33642448546007936,0.7961925810251049,0.1738014465664081,0.3780487804878049,0.8392837781495098,0.27272260325870845
12,poisson_pcg5,0.4119895755940423,0.7741619575718275,0.17040563556989782,0.23658536585365852,0.7621659546971834,0.09319499363266871
12,cg10,-0.15547923890470647,0.4760570649656578,0.10676222722955238,0.09024390243902439,0.9578057643285596,0.18279292279752424
12,pcg10,0.5054543954660942,0.871809615817265,0.21313237604691393,0.526829268292683,0.697043457423431,0.15165819069771386
12,poisson_pcg10,0.7341078610465891,0.9457234360732104,0.21186076959952338,0.5146341463414634,0.5679345744393709,0.06468302670556027
12,cg20,-0.10753657943088663,0.4996029802945886,0.1106725997515715,0.09268292682926829,0.9402419222378529,0.11971143929596392
12,pcg20,0.7056400523623111,0.9422422349562617,0.24059583089994777,0.624390243902439,0.5111174847246556,0.06592766261314677
12,poisson_pcg20,0.9998517890838111,0.9998987599751201,0.26337849334543695,0.9853658536585366,0.011303574737940338,0.0025624194957617323
12,cg40,0.038976398815391146,0.5730853724706536,0.13390105304405378,0.15365853658536585,0.8990938721631755,0.080886345167863
12,pcg40,0.8315730675549026,0.9750691475986925,0.2536806218151434,0.7609756097560976,0.3535446187202772,0.02987201904973557
12,poisson_pcg40,0.9999999905703584,1.0,0.263402606704824,1.0,1.2338244055454272e-05,4.608185719366588e-06
12,cg80,0.2869186269704179,0.691486574116962,0.1624955181986399,0.25853658536585367,0.8309352490886732,0.0464064346107259
12,pcg80,0.8831638325564427,0.9765076823312997,0.25492478379660205,0.7682926829268293,0.3047935608671052,0.014600136318898714
12,poisson_pcg80,1.0,1.0,0.263402606704824,1.0,1.4218621651462208e-11,3.1730158020240937e-12
12,poisson,0.16868310961473643,0.6433036009687281,0.13223187797512712,0.17073170731707318,138.86646440147646,448.56443742511925
12,amg,0.9240472344230144,0.9841873668329738,0.25725369791006464,0.8048780487804879,0.2785257362682905,0.0790069441623612
12,oracle,1.0,1.0,0.263402606704824,1.0,3.86252679274692e-12,1.2393314417813274e-13
13,ensemble,0.4868796345291628,0.7113157233037333,0.17584229155328335,0.24146341463414633,,
13,raw,0.41298115671919106,0.7557289943490862,0.1892686187160661,0.28780487804878047,,
13,smoothed,0.5724478475858106,0.8281764884930456,0.18989789057270479,0.275609756097561,,
13,prediction_magnitude,0.6975281970382711,0.6399348887683125,0.16371729554532558,0.1,,
13,boundary_distance,0.7513299352091002,0.741242406998134,0.1984087760268623,0.2939024390243902,,
13,jacobi1,0.25549307236360075,0.674670142794754,0.1696436313555499,0.28780487804878047,0.9913976828089781,0.6320836578525618
13,jacobi5,0.310903602009947,0.675648134669084,0.17742448045798884,0.3048780487804878,0.975326514354707,0.38406470370909396
13,jacobi10,0.30771448341545365,0.6939355239998412,0.17650198733583877,0.3146341463414634,0.9643189117418622,0.318936090558394
13,jacobi20,0.30635432239545196,0.7400586265764991,0.17205082297361146,0.32682926829268294,0.9500034910907078,0.25918467166205195
13,jacobi40,0.31842219265319444,0.8008430051744901,0.17462470257426038,0.36341463414634145,0.9307479678834714,0.19262324833405675
13,jacobi80,0.3420907562424507,0.8640220742956208,0.1864454850263918,0.44634146341463415,0.9065186638882328,0.12471170711663733
13,cg5,0.40552415665336516,0.7537167661421595,0.18237951379671768,0.3024390243902439,0.9871580090911636,0.3193186227981898
13,pcg5,0.3091827393860513,0.7017607823934995,0.17516853211562972,0.3097560975609756,0.9606426498617014,0.3159831144092368
13,poisson_pcg5,0.39147742179180967,0.5509667429826767,0.13152628957977344,0.11463414634146342,1.172230553632603,0.0842518999823397
13,cg10,0.4048176349916762,0.7662778079218665,0.18717390386753355,0.37073170731707317,0.9769784699213128,0.20620390734720184
13,pcg10,0.32072692419311327,0.798568082262483,0.17597416366076488,0.3780487804878049,0.9245487169756281,0.18640304331019844
13,poisson_pcg10,0.663251177301235,0.9783035347987772,0.24858160928392597,0.7731707317073171,0.7582733864032226,0.05912997699845108
13,cg20,0.40881127716407345,0.7812864761854347,0.19181019332080002,0.4121951219512195,0.9682730377129696,0.1168107880174577
13,pcg20,0.37237452810580823,0.8955692600876091,0.19642881051520508,0.5097560975609756,0.8855459398048182,0.08308192875522892
13,poisson_pcg20,0.9997768124316037,0.9999516959358417,0.27949837045133963,0.9878048780487805,0.020911063663723792,0.002752847655831916
13,cg40,0.3935371108226246,0.8095059751465664,0.1941345155231556,0.47317073170731705,0.9498485110779888,0.07404228536785198
13,pcg40,0.4180544289462114,0.9198377512803886,0.2025640231106374,0.5487804878048781,0.8479527395134193,0.0459665778046383
13,poisson_pcg40,0.999999998603016,1.0,0.2795276868307104,1.0,1.376141931629042e-06,1.3280863995541554e-06
13,cg80,0.43218850481562726,0.8690734883474717,0.1946954014630149,0.5170731707317073,0.9295750121686548,0.04195019387318363
13,pcg80,0.37851084644179245,0.9477237536889748,0.20494492036102466,0.6048780487804878,0.8601121036505709,0.025669018714251455
13,poisson_pcg80,1.0,1.0,0.2795276868307104,1.0,2.8678580679115516e-12,1.6764150659986206e-12
13,poisson,0.6975101183197905,0.7968648677262682,0.15907665612802882,0.1975609756097561,105.67854784480006,449.9357014637605
13,amg,0.9336103585675014,0.9863537710255019,0.2729047538444192,0.8195121951219512,0.30691562787004206,0.08260131079766343
13,oracle,1.0,1.0,0.2795276868307104,1.0,3.5257925285449924e-13,2.2228634852516544e-14
14,ensemble,-0.014157638797619273,0.5539688736550957,0.10369880549022728,0.13902439024390245,,
14,raw,0.14255075040110204,0.5846359991000887,0.09505893963210149,0.07317073170731707,,
14,smoothed,0.08312358894144158,0.5565686910260312,0.10418610444921374,0.08780487804878048,,
14,prediction_magnitude,0.16035090591754578,0.7064118682423938,0.16882880109192566,0.33902439024390246,,
14,boundary_distance,0.17524978455212262,0.6775339782697881,0.13993235885321723,0.20069686411149823,,
14,jacobi1,0.24285571933050273,0.6852328520572237,0.16892909081963547,0.3097560975609756,0.9005973575816942,0.5718164721809327
14,jacobi5,0.34493242624511505,0.7546550560459484,0.18952395489551752,0.37317073170731707,0.779237796836997,0.27785496140615623
14,jacobi10,0.4218377761404195,0.7920483570001191,0.2059266967231812,0.4219512195121951,0.7115436450537223,0.19537747892934493
14,jacobi20,0.526071273471286,0.8388556568691026,0.22939244326230657,0.5195121951219512,0.6313363939888373,0.13434728159675857
14,jacobi40,0.6357247487747892,0.8992595582494077,0.2425843541445262,0.5780487804878048,0.5396250831468598,0.09311741717669945
14,jacobi80,0.7183573771383354,0.9480129163744161,0.2585577020609097,0.6609756097560976,0.440021515833284,0.06749455312562001
14,cg5,0.14183098218839885,0.5893155380278707,0.10293261763983842,0.08780487804878048,0.9682452700300512,0.2349655416489141
14,pcg5,0.41049858458285166,0.7913085769490359,0.20699505557207523,0.4268292682926829,0.7101982312825023,0.19553630776313474
14,poisson_pcg5,0.06745874259374993,0.5056753966888556,0.1499464376134311,0.2073170731707317,0.965699360617079,0.11853131702268992
14,cg10,0.1475363461694924,0.598150549872292,0.10542518965960876,0.09268292682926829,0.9544587125324547,0.16351627030087548
14,pcg10,0.5910322546968836,0.8729014200071463,0.23823016989379334,0.5609756097560976,0.567454721549755,0.1029096357729315
14,poisson_pcg10,0.9727428651000778,0.9953985416142821,0.2798437651690659,0.9024390243902439,0.15708552379898075,0.026263611765013777
14,cg20,0.184741284300985,0.6195102100234242,0.11865380145116933,0.11463414634146342,0.9199848572960497,0.12675851467256188
14,pcg20,0.7423745516100632,0.965280626761775,0.26529585608435063,0.724390243902439,0.3881798938337681,0.057939909878697675
14,poisson_pcg20,0.999993778706623,0.999999338300491,0.28406215763014503,0.9975609756097561,0.001691394676182406,0.0009690966894696166
14,cg40,0.3014272555395443,0.6709990339187168,0.17137197754190742,0.26097560975609757,0.8163891881611337,0.07786236827862725
14,pcg40,0.8556765380904995,0.9892897317470191,0.2783763408747474,0.8609756097560975,0.28573721778657113,0.032399009396167265
14,poisson_pcg40,0.9999999979045241,1.0,0.28406248029782666,1.0,3.034384692523633e-06,5.972519784935062e-07
14,cg80,0.4487461216931714,0.7365132406071755,0.20338442655787556,0.3829268292682927,0.7116374750635359,0.04458403026968117
14,pcg80,0.9854966722864538,0.998990908248746,0.2834508320748473,0.948780487804878,0.0834642494387727,0.012497951748885808
14,poisson_pcg80,1.0,1.0,0.28406248029782666,1.0,7.266700160413949e-13,1.834050057654788e-13
14,poisson,0.05832644550399158,0.5564078980453396,0.13005284663732308,0.15121951219512195,172.11683102017267,453.29049221991266
14,amg,0.945763965920912,0.9900599499755172,0.2770436292038627,0.8365853658536585,0.22276955424476946,0.05490453823047416
14,oracle,1.0,1.0,0.28406248029782666,1.0,5.366800283193273e-14,2.2382467519420365e-15
15,ensemble,0.4576998421505931,0.7778350515463918,0.18036236241091336,0.2780487804878049,,
15,raw,-0.0028905134508319767,0.6187777086669402,0.1414937875189822,0.23170731707317074,,
15,smoothed,0.021394446952496288,0.6521207469264058,0.18341124477704024,0.33170731707317075,,
15,prediction_magnitude,0.6719892952892137,0.9267386154599473,0.2728861222255703,0.5902439024390244,,
15,boundary_distance,0.21750526573033074,0.6721503910644099,0.09841225206475987,0.02468060394889663,,
15,jacobi1,0.25497236196485457,0.665004036367005,0.17157347884799182,0.25365853658536586,0.971368631189696,0.6252755161183093
15,jacobi5,0.3277668166342902,0.6602397999020685,0.19228248234320425,0.2804878048780488,0.9297397724368185,0.36495418825159964
15,jacobi10,0.3828017161570581,0.6710804229583262,0.19572057838427315,0.2780487804878049,0.9042170011553194,0.2893224138720567
15,jacobi20,0.438557435297571,0.6878286992311051,0.20563415131994378,0.2951219512195122,0.8709829581019086,0.2218565616642658
15,jacobi40,0.502104778783122,0.7097369082752141,0.21248216740240036,0.3195121951219512,0.8276827174850897,0.15315455359181362
15,jacobi80,0.573898422454483,0.7369658430713445,0.2172659893799606,0.348780487804878,0.7757499760619678,0.08871258216076934
15,cg5,0.008087381562304144,0.6183244445032622,0.1434146199868579,0.2146341463414634,0.975484321770791,0.3146808150012597
15,pcg5,0.3867708262436399,0.6646109868586477,0.20110886915317455,0.2975609756097561,0.9012943109557542,0.2857160255464234
15,poisson_pcg5,0.5243003347355142,0.8134596297129547,0.1683681345927555,0.22926829268292684,0.8449964889676573,0.09354175171769519
15,cg10,0.02716509234259456,0.6214681788706112,0.15620357546154723,0.23902439024390243,0.9582954522473436,0.18850397984283326
15,pcg10,0.496123113030921,0.6974101081216998,0.20871128401337977,0.28780487804878047,0.82626610492492,0.15255762027666897
15,poisson_pcg10,0.8973146182746957,0.9903405105673412,0.31709921541333114,0.8560975609756097,0.3059602638391687,0.044596542477831576
15,cg20,0.05450677463173269,0.6231905826925876,0.15939664988562294,0.23414634146341465,0.9458706292533734,0.10606948547485898
15,pcg20,0.5936602151433507,0.7391699641358866,0.21576124393731788,0.3439024390243902,0.7493059483450561,0.0529662133299483
15,poisson_pcg20,0.9998312665165413,0.9999940447044189,0.32597734112912846,0.9975609756097561,0.008451475746681494,0.0021894406566043884
15,cg40,0.15342838143176998,0.6248163783862473,0.16526668256250548,0.21707317073170732,0.9142475779246289,0.06806628931577295
15,pcg40,0.6468890430064861,0.7498848642854307,0.24195410238539525,0.45365853658536587,0.6778330570478133,0.02900690112614011
15,poisson_pcg40,0.9999999987776391,1.0,0.325981237277542,1.0,2.3471214499577106e-06,6.530929735901942e-07
15,cg80,0.3531513675480965,0.6570325423818536,0.19448775473660107,0.28536585365853656,0.8731872047903213,0.043371673398533234
15,pcg80,0.6822337400288875,0.7665848364940513,0.24873003342227767,0.47317073170731705,0.6534825156786466,0.022286669759139517
15,poisson_pcg80,1.0,1.0,0.325981237277542,1.0,1.7096752524240965e-12,3.792804386297127e-13
15,poisson,0.3343972570974607,0.7956923361962865,0.16516760964839963,0.24878048780487805,143.06886813113513,412.07730849337196
15,amg,0.7914918014714265,0.9285397615234969,0.2910625109828237,0.7,0.5296728345075131,0.07837718857408045
15,oracle,1.0,1.0,0.325981237277542,1.0,1.0712447901358214e-12,3.097878727196098e-14
16,ensemble,0.526724958580823,0.7379762582216164,0.178925617968353,0.2926829268292683,,
16,raw,0.12643320686577375,0.7269073488347472,0.15348238158595132,0.28292682926829266,,
16,smoothed,0.15545867076083544,0.7689854823127721,0.17669769661866327,0.3073170731707317,,
16,prediction_magnitude,0.637139937690884,0.592322300596853,0.13883974222055456,0.007317073170731708,,
16,boundary_distance,0.6619590288145479,0.8605283008880007,0.236786687270729,0.5591753774680605,,
16,jacobi1,0.23921014985251202,0.7000238211823246,0.16215681987565417,0.2804878048780488,0.9990522342114053,0.6785266848189043
16,jacobi5,0.23266345019495194,0.6941287402564748,0.17360700497389706,0.33414634146341465,0.9966296369082408,0.42094945846083703
16,jacobi10,0.23582530821936182,0.700002646798036,0.17718597303005074,0.33902439024390246,0.9939336193087616,0.31499956637326154
16,jacobi20,0.2654960550640221,0.7238357397138812,0.18281268714506926,0.36341463414634145,0.9891841993706662,0.20715026424821026
16,jacobi40,0.3193845350789933,0.748988923150219,0.18799988581228658,0.3804878048780488,0.9808688983295124,0.13519532897400532
16,jacobi80,0.3701862737694025,0.7641729417836772,0.18802776341134617,0.375609756097561,0.9667690588513252,0.11312362369078242
16,cg5,0.13668041344270712,0.7387716210314572,0.1639663009728976,0.33658536585365856,0.9967338185904571,0.2905435042598318
16,pcg5,0.24303367954367353,0.707364715535381,0.1764740811130731,0.32195121951219513,0.9928150482620205,0.27370390473590356
16,poisson_pcg5,0.5864229279976035,0.8898753358125008,0.21063109102190006,0.5390243902439025,0.9221591140281955,0.13325217704127143
16,cg10,0.14329827511318924,0.742009978428596,0.16699891995545652,0.36585365853658536,0.9958223051149356,0.1691840190957457
16,pcg10,0.3078626618517659,0.745428979791697,0.19072639896223356,0.3853658536585366,0.984315987826496,0.13598029345208537
16,poisson_pcg10,0.9331965003275089,0.9870909042785491,0.2628371205450495,0.8073170731707318,0.524591740243545,0.09444529814225998
16,cg20,0.16371773955452754,0.7530894750076096,0.1669388229362422,0.37073170731707317,0.9939428401379881,0.14286505116183132
16,pcg20,0.3943512353473148,0.771004989214298,0.1813043644684542,0.35609756097560974,0.9578288281420339,0.11010202875602196
16,poisson_pcg20,0.9999369022515248,0.9998537644085068,0.26689183603322286,0.9804878048780488,0.008356523215528102,0.005750279275852748
16,cg40,0.2342515649433249,0.7920390932069928,0.17987836570375124,0.4121951219512195,0.9836261251790304,0.11451671980806316
16,pcg40,0.49414378532692993,0.6860255680690285,0.16809747972566144,0.13902439024390245,0.8911692056965579,0.10135184604701314
16,poisson_pcg40,0.9999999910942273,1.0,0.2669275609306117,1.0,1.75626930551595e-05,1.156215385776877e-05
16,cg80,0.26603905137302286,0.7880887471381496,0.19418195989657686,0.47073170731707314,0.962369994340145,0.09875576003172037
16,pcg80,0.5800961600627325,0.8156690443735691,0.21399555259830896,0.43902439024390244,0.7987027305990111,0.08827576784876011
16,poisson_pcg80,1.0,1.0,0.2669275609306117,1.0,5.547650310049242e-11,4.157859729644119e-11
16,poisson,0.5904039187341471,0.893406164392626,0.20870773761007977,0.4975609756097561,45.774433911231796,450.11326929060704
16,amg,0.6429064363087639,0.7992727922395881,0.20873709039340488,0.4146341463414634,0.7908626876534335,0.11670031820595246
16,oracle,1.0,1.0,0.2669275609306117,1.0,2.615923701953894e-13,2.9626322038986694e-14
17,ensemble,0.27410424079761975,0.694522451464341,0.17168694728862952,0.275609756097561,,
17,raw,0.08267189810611446,0.7651542421555523,0.20937934103222888,0.5219512195121951,,
17,smoothed,0.11689907712306916,0.8672994719637918,0.22529665863428486,0.5780487804878048,,
17,prediction_magnitude,0.37473413160348723,0.5909810356920715,0.056729003439310345,0.0,,
17,boundary_distance,0.4746717345559932,0.6904609398779826,0.1009877005592203,0.07049941927990709,,
17,jacobi1,-0.011561855082361704,0.6056244458266612,0.12041345387294371,0.2048780487804878,0.9941934368387593,0.6604064637508146
17,jacobi5,0.045067533451898165,0.6033012188504956,0.12765947498230382,0.20243902439024392,0.9855398926856893,0.42312750936439025
17,jacobi10,0.07530665054882471,0.6152501885843601,0.1263466156689319,0.1878048780487805,0.9784185841069611,0.3268472373706338
17,jacobi20,0.09371306845930999,0.6109392162831015,0.133762225570991,0.1902439024390244,0.9663361822330502,0.2460512245620713
17,jacobi40,0.146103817190178,0.6117742810634834,0.14061400753373954,0.1975609756097561,0.9470746162827989,0.17704372309971264
17,jacobi80,0.24145367952579216,0.6220676786257825,0.16075024741778846,0.25853658536585367,0.9196236382404385,0.11107149339396112
17,cg5,0.08041113139718063,0.7598540290883105,0.20444985370684843,0.5073170731707317,0.9925205483885736,0.34303288249704944
17,pcg5,0.09940278796644737,0.6235690748117465,0.13687147621181742,0.2146341463414634,0.9779667864421728,0.30406045558238354
17,poisson_pcg5,0.7316075384829962,0.9594609795799531,0.27757154995525796,0.6951219512195121,0.5619911784322226,0.10678275211781815
17,cg10,0.07980602535659971,0.7557753133147175,0.20168424412058408,0.4926829268292683,0.9878497191788489,0.2361951292952003
17,pcg10,0.15324974420525472,0.617448354353321,0.14498385824799206,0.2121951219512195,0.9466197884955029,0.18651829255017202
17,poisson_pcg10,0.9871540713267033,0.9995513677328851,0.30563079618384065,0.9682926829268292,0.09672188991290667,0.029650782790867164
17,cg20,0.0743477127475232,0.7400996519460582,0.19546009894399646,0.4585365853658537,0.9816727840514347,0.13516122313905451
17,pcg20,0.31701036295961893,0.6420476953006101,0.17379376250016984,0.3,0.8942278000582721,0.06608437884453405
17,poisson_pcg20,0.999998879444253,1.0,0.3063134374464923,1.0,0.0007323620232523682,0.00038870980108604493
17,cg40,0.051952287158878875,0.684472559321361,0.16904924699934382,0.3463414634146341,0.9666601672694431,0.07919099729903767
17,pcg40,0.41516352853082666,0.6199595039900481,0.18118810955020434,0.3170731707317073,0.8471003788827207,0.052615890384232034
17,poisson_pcg40,1.0,1.0,0.3063134374464923,1.0,1.4639804208782748e-07,7.306017585774767e-08
17,cg80,0.11533742823553776,0.6842197901089158,0.17736711257587837,0.33658536585365856,0.9483601977168231,0.06113776481530273
17,pcg80,0.5632043327624698,0.7948036737556741,0.18991399696813066,0.348780487804878,0.5863554245996248,0.042394824194307
17,poisson_pcg80,1.0,1.0,0.3063134374464923,1.0,5.659591741139409e-13,4.440821945905247e-14
17,poisson,0.6620258840798928,0.877322234426902,0.2696251479510545,0.6634146341463415,98.90160092291033,392.36794010562255
17,amg,0.9544909483752407,0.9715118510382065,0.28790995953297127,0.7195121951219512,0.3028743965163732,0.08703050662738553
17,oracle,1.0,1.0,0.3063134374464923,1.0,6.616361650100417e-13,5.2059878677237527e-14
18,ensemble,0.16636132701265155,0.6564634808040972,0.1468086800352002,0.28536585365853656,,
18,raw,0.011688897850075236,0.6229014200071463,0.1514754963005178,0.28292682926829266,,
18,smoothed,-0.06783388115360253,0.6167317337850535,0.1589090512394172,0.3439024390243902,,
18,prediction_magnitude,0.239868600074286,0.632832206238503,0.06626211700780867,0.0,,
18,boundary_distance,0.25791907869392183,0.6563807683654699,0.08159674443011297,0.049825783972125434,,
18,jacobi1,0.03039523773621322,0.6151310826727366,0.14831612957834842,0.23902439024390243,0.9192537809496408,0.5933794749559245
18,jacobi5,0.1271020478541321,0.7268762489578233,0.1789804498589343,0.35365853658536583,0.8379528242827576,0.2935410942003588
18,jacobi10,0.18172732758619725,0.7856331802601803,0.19017540092698323,0.40487804878048783,0.7962790311281487,0.2177771274998005
18,jacobi20,0.2509094952216444,0.8419365297830949,0.19719502984386372,0.43658536585365854,0.7455484752140854,0.14533285517116754
18,jacobi40,0.3299578038205388,0.8902849278085836,0.20495998242860902,0.4902439024390244,0.6873748344409792,0.07903000762487176
18,jacobi80,0.4232162266488546,0.9237543506742718,0.21317502059601373,0.5463414634146342,0.6226906399042829,0.034235523638958196
18,cg5,0.012679307604185945,0.6259009038815293,0.1516852473609265,0.28536585365853656,0.9697344807637429,0.23034083457151608
18,pcg5,0.1903041810653802,0.7841059777933644,0.18890759001623264,0.40487804878048783,0.7912314194671822,0.22054217884279417
18,poisson_pcg5,0.5418521618619918,0.8119913185024417,0.1758416629892209,0.3878048780487805,0.8960628962639785,0.11445400143931608
18,cg10,0.01183892362303204,0.6256249751862684,0.15327166017954671,0.2926829268292683,0.9594768012372246,0.1350366937599053
18,pcg10,0.30906786399925434,0.8807842462580893,0.20549722689190317,0.4926829268292683,0.6941276745997199,0.08040445067128466
18,poisson_pcg10,0.8866133968050196,0.9819217077140929,0.2424145749429582,0.7780487804878049,0.3040788226657832,0.035971797568292246
18,cg20,0.016284904307437946,0.6326303878882522,0.15449761719224664,0.2975609756097561,0.9447509901642909,0.10796417360089496
18,pcg20,0.44019623594131235,0.9278721067188969,0.21472707163745383,0.5609756097560976,0.6058635456255774,0.01599168133351122
18,poisson_pcg20,0.9999850947051738,0.999998014901473,0.25634515962349924,0.9975609756097561,0.0031085678896525613,0.00046231549970827436
18,cg40,0.026473207056322372,0.6511626060373463,0.15727810401722778,0.3073170731707317,0.8709367577897034,0.058213791216377785
18,pcg40,0.7040932380472936,0.9683906144541641,0.23276405860725125,0.6731707317073171,0.4371431755822881,0.006862201619018899
18,poisson_pcg40,1.0,1.0,0.256345217932154,1.0,4.284115881641978e-08,7.90589114107436e-09
18,cg80,0.11102684672755954,0.7393909717718989,0.17740149075388695,0.3878048780487805,0.8128445958607203,0.03402504248528959
18,pcg80,0.8781655712077362,0.9775789738364015,0.24704946576903888,0.7951219512195122,0.2847054198900752,0.00530534254462206
18,poisson_pcg80,1.0,1.0,0.256345217932154,1.0,4.5015276365184616e-13,3.30397992669533e-14
18,poisson,0.3171886064112846,0.7117736193639744,0.16141008170809337,0.348780487804878,151.5609440647525,448.69373375420685
18,amg,0.9622441258012542,0.9849562616624539,0.25220803153597454,0.8536585365853658,0.18120338492751178,0.05254935374569334
18,oracle,1.0,1.0,0.256345217932154,1.0,4.2324125343113244e-13,2.9101301540325704e-14
19,ensemble,0.20711496548527644,0.6295230469938992,0.13490587939939244,0.1902439024390244,,
19,raw,0.21546345190346328,0.7923421515821235,0.2295847229173078,0.43902439024390244,,
19,smoothed,0.24660127426728748,0.8779726850442677,0.24204857803501129,0.5024390243902439,,
19,prediction_magnitude,0.17100757879157089,0.5293027010573959,0.08660586810463398,0.012195121951219513,,
19,boundary_distance,0.19578680079382707,0.5625517779865807,0.08054475159382814,0.01753774680603949,,
19,jacobi1,0.15644979454836516,0.6804084009369665,0.16130771299368124,0.2780487804878049,0.9667339735954817,0.5519678554315
19,jacobi5,0.24160991314615538,0.6950915130420974,0.17757873019971782,0.3146341463414634,0.931120682936546,0.25520876187813063
19,jacobi10,0.293670605211443,0.6914726784272726,0.18436522921069481,0.33170731707317075,0.9145566446153034,0.17646039599598753
19,jacobi20,0.35660684854755026,0.6861089422071649,0.1876335288029514,0.35121951219512193,0.8960920544107828,0.1188351677252251
19,jacobi40,0.4243840331077372,0.6904013869221709,0.19046474890853368,0.3439024390243902,0.8754560269499532,0.07274690094106734
19,jacobi80,0.4761225090798369,0.690475497267181,0.19369902413408943,0.348780487804878,0.8563681364261213,0.042984985398782045
19,cg5,0.2200656208062542,0.796823842356709,0.2319423584764285,0.44634146341463415,0.9823764724232317,0.21168181857344712
19,pcg5,0.2967936527517566,0.6883607056363564,0.18258394480630516,0.33414634146341465,0.9139859220303406,0.17572258962903936
19,poisson_pcg5,0.4117741683531057,0.8008800603469952,0.20051298004943002,0.37317073170731707,0.8530813869161041,0.10679189005277247
19,cg10,0.21896638373271426,0.7910419120469012,0.23032563011246024,0.43902439024390244,0.976180188897019,0.1402546293052266
19,pcg10,0.4167388324125533,0.6827706681841642,0.19282886260262797,0.35121951219512193,0.8819289100387597,0.08453991233229478
19,poisson_pcg10,0.9833723730974196,0.9978203618172915,0.32981177085252134,0.9219512195121952,0.15016474707503102,0.026872274343470965
19,cg20,0.21730878282828456,0.7866475656075064,0.22642606676171123,0.43658536585365854,0.9674975422975274,0.1061563949894125
19,pcg20,0.48540258594161423,0.6892434127813877,0.1950771067259736,0.348780487804878,0.8536993466069964,0.03564216450653891
19,poisson_pcg20,0.9999956999087938,0.999998676600982,0.33197442492816787,0.9975609756097561,0.0011893609691754415,0.00033138700788190394
19,cg40,0.19458342508025395,0.7379186903643318,0.19562694406546846,0.36585365853658536,0.9198617312851168,0.06142858799405374
19,pcg40,0.4986660867367215,0.6442015272024668,0.1834768906332508,0.3195121951219512,0.8561211104358517,0.03295952719589411
19,poisson_pcg40,0.9999999998253771,1.0,0.33197462690577184,1.0,2.335805023256529e-07,4.8739407835789324e-08
19,cg80,0.2924165538532282,0.7632128157960907,0.20675569935851812,0.3951219512195122,0.8651030022017674,0.042383663888979795
19,pcg80,0.15897452015138164,0.6496155525852599,0.15913602412680905,0.15121951219512195,0.9262124793786839,0.028214371288335042
19,poisson_pcg80,1.0,1.0,0.33197462690577184,1.0,5.243329537449184e-12,1.3444764521804197e-13
19,poisson,0.3727566528077477,0.8054662996440056,0.20148944940734023,0.4,101.0912687183854,424.59154252991505
19,amg,0.6918283570809428,0.9462455169858264,0.28379319826740973,0.6609756097560976,0.4929691459485802,0.05627431197789985
19,oracle,1.0,1.0,0.33197462690577184,1.0,4.738184549902432e-12,1.244854915084443e-13
20,ensemble,0.2505196462462259,0.6984119211783545,0.15386052986103482,0.275609756097561,,
20,raw,0.04397557728405758,0.6273460556092267,0.12794308552463451,0.2073170731707317,,
20,smoothed,0.05894494704899994,0.7018289374429284,0.1254929635686616,0.1975609756097561,,
20,prediction_magnitude,0.3684548109347273,0.6847279753318423,0.0998627239759172,0.11219512195121951,,
20,boundary_distance,0.4135263431992074,0.6972155684660482,0.0814355176699491,0.059001161440185836,,
20,jacobi1,0.03503546432337697,0.5812447891163665,0.13183189686117355,0.18536585365853658,0.9652808508948914,0.6643608861185323
20,jacobi5,0.17032674923624094,0.6563741513703797,0.15596550674769455,0.2682926829268293,0.9180814959842287,0.4526097576934336
20,jacobi10,0.2196434595921835,0.7093431970673478,0.17704843424872252,0.3463414634146341,0.8821450890382212,0.3849463148083057
20,jacobi20,0.282817039324707,0.7813718354220981,0.20335308148346967,0.4585365853658537,0.8254376382399325,0.3138621992476358
20,jacobi40,0.39587788577069033,0.865564495851144,0.23022800195675944,0.5560975609756098,0.737860597954817,0.2275551060709819
20,jacobi80,0.5751632625450834,0.9334416314863094,0.24504806101136456,0.6048780487804878,0.6180355813853865,0.13114439761157073
20,cg5,0.04755704318513234,0.633321863875177,0.13144585244110832,0.22926829268292684,0.9696440980054188,0.3972792967407795
20,pcg5,0.22822432206604315,0.7169600201156651,0.1764269165047454,0.3439024390243902,0.8695935692955024,0.3768700401537073
20,poisson_pcg5,0.3321962903817767,0.7147459735584876,0.11491979108921853,0.15121951219512195,1.1238802838528208,0.0976038088772257
20,cg10,0.05678255175853457,0.645604991861096,0.1366669032248366,0.24878048780487805,0.9362872567636842,0.24363794916764145
20,pcg10,0.3833828040272924,0.8825979646123102,0.2357043826845006,0.5829268292682926,0.694783519722836,0.20565165713169223
20,poisson_pcg10,0.8146110625915305,0.9724957982081177,0.25834496323637424,0.7097560975609756,0.4086005289486144,0.028081674667455443
20,cg20,0.06921009299526545,0.6544889694691847,0.15401265294998165,0.2951219512195122,0.9168693218605064,0.12980024419999436
20,pcg20,0.6855422398072699,0.9490815610814817,0.2503177519335072,0.6195121951219512,0.5169602452940681,0.06302618228710523
20,poisson_pcg20,0.9999595358361585,0.9999933830049098,0.286020947684824,0.9975609756097561,0.0047254291388229945,0.0017737191841383985
20,cg40,0.11021942667806829,0.6766592115188651,0.1805349496261173,0.36097560975609755,0.8785556448140318,0.08122632704855345
20,pcg40,0.8308477391714746,0.9532555615843733,0.2576436274155206,0.6560975609756098,0.39509585738202463,0.017086830806918096
20,poisson_pcg40,0.9999999961582942,1.0,0.28602301207140635,1.0,3.6781182913517194e-06,7.522053123745107e-07
20,cg80,0.23480092224409713,0.7414329764567315,0.19826145577568868,0.4170731707317073,0.8277199181592255,0.04669461168936039
20,pcg80,0.8860309374457971,0.9568121964453502,0.26341915621862605,0.675609756097561,0.3225928418588628,0.0149725857556464
20,poisson_pcg80,1.0,1.0,0.28602301207140635,1.0,1.3253013181738249e-11,3.7053247756799585e-13
20,poisson,0.30675637996281346,0.7093445204663659,0.11320379677315978,0.15609756097560976,202.70263445065586,419.657012195491
20,amg,0.8150318806055378,0.9550533991503778,0.26172506313954336,0.6634146341463415,0.3875459006649456,0.08750913964381431
20,oracle,1.0,1.0,0.28602301207140635,1.0,1.2836538222220958e-11,3.002896017683228e-13
21,ensemble,0.4913471271947176,0.8147519288540688,0.21565205964736003,0.35121951219512193,,
21,raw,-0.07748542844463831,0.4697801834231039,0.10106869794117299,0.1024390243902439,,
21,smoothed,-0.04125485727825283,0.5432473565104615,0.13418092245078664,0.15365853658536585,,
21,prediction_magnitude,0.5801506019240604,0.8025574686023583,0.22625474346700655,0.25121951219512195,,
21,boundary_distance,0.21437170018729843,0.6799108029061842,0.10762123724715154,0.1300232288037166,,
21,jacobi1,0.19781328723537772,0.6015285258658338,0.15394813108026348,0.1975609756097561,0.9810343039866316,0.6734411668985416
21,jacobi5,0.26880143101168014,0.6447904397654937,0.18417967008584102,0.2682926829268293,0.944491836623252,0.4507609640030983
21,jacobi10,0.3333245478759251,0.7063013644243876,0.20122441871458838,0.33170731707317075,0.9143848346219574,0.3900585294647842
21,jacobi20,0.41903676011679014,0.8138414303296587,0.23571892996094398,0.4634146341463415,0.8664513092648791,0.3311271481887073
21,jacobi40,0.5511794091090394,0.9272064370128237,0.2720799869270412,0.6121951219512195,0.7906016965274196,0.26237116138525374
21,jacobi80,0.6808412844071559,0.9762251366409486,0.303729595883712,0.7536585365853659,0.6792578741945093,0.19281526436896276
21,cg5,-0.060400980457815105,0.47790916189140187,0.10553129403701875,0.10975609756097561,0.985729608234902,0.4052762001879376
21,pcg5,0.3387751166537474,0.7109643608644443,0.20196658604911852,0.33170731707317075,0.9066970945652214,0.3883837083667434
21,poisson_pcg5,0.7651252005300605,0.9611377261358072,0.30030587169920014,0.6024390243902439,0.4892972428564884,0.0901619754016856
21,cg10,-0.045448001330878667,0.49172809443775395,0.1162396812669104,0.14146341463414633,0.9674481639783191,0.27727594819783885
21,pcg10,0.5686786764608094,0.9369989280467954,0.27504253616641994,0.624390243902439,0.7414716501598825,0.24427877790689592
21,poisson_pcg10,0.8803171149015383,0.9710982888450697,0.306257729732137,0.6487804878048781,0.3507294631045174,0.07308489840200806
21,cg20,0.00025097061047527856,0.5073706708309622,0.12803778660151366,0.15365853658536585,0.9484652893764945,0.19260514293889577
21,pcg20,0.7788291614573136,0.9857377287826052,0.3197707241937079,0.7878048780487805,0.5306983924892353,0.14844269241794078
21,poisson_pcg20,0.9996142642691853,0.9999258896549899,0.3352350824149759,0.9853658536585366,0.014608445809626532,0.008494188580150795
21,cg40,0.018192350202529146,0.53709024257904,0.14841049480682741,0.2097560975609756,0.9093747849922806,0.12221902109856209
21,pcg40,0.8400836901998671,0.9925750698092982,0.33015435171201307,0.8365853658536585,0.2677222264995587,0.07068200122007944
21,poisson_pcg40,0.9999999924912113,1.0,0.33528001579987476,1.0,1.0220193527131813e-05,4.65486146036676e-06
21,cg80,0.21597313520943806,0.6468781017164486,0.20140305421950225,0.29024390243902437,0.835264019998233,0.0782809701197757
21,pcg80,0.9079003762273343,0.9965221073805963,0.3317675266331457,0.8878048780487805,0.1673068393622497,0.038164390986860905
21,poisson_pcg80,1.0,1.0,0.33528001579987476,1.0,3.354149126365271e-11,1.6479768253703483e-11
21,poisson,0.15040002425722923,0.6283571324590077,0.09131453938551602,0.1048780487804878,132.96988850180244,431.7756261526154
21,amg,0.9783993451204693,0.9926088164842581,0.32939632630049004,0.8439024390243902,0.20221822069384468,0.10446113644397977
21,oracle,1.0,1.0,0.33528001579987476,1.0,2.7234016703868578e-14,6.609671687308058e-15
22,ensemble,0.5727642532735245,0.7920073316305599,0.2593039029865976,0.3804878048780488,,
22,raw,0.1571406052047375,0.7304983920701931,0.22604391117174272,0.33170731707317075,,
22,smoothed,0.24169530361518213,0.8036505961912577,0.26786045607818887,0.3878048780487805,,
22,prediction_magnitude,0.7839172050433244,0.8158840967140002,0.20248492347776129,0.23414634146341465,,
22,boundary_distance,0.5708391200286677,0.9133107473234254,0.2836557070542943,0.47758420441347266,,
22,jacobi1,0.353959673110786,0.7187710916718499,0.20997478214198356,0.3121951219512195,0.9911128539178894,0.6968770789054205
22,jacobi5,0.39663953713367733,0.6978984423593557,0.2200678143197579,0.33414634146341465,0.9766827427540334,0.4542887338926134
22,jacobi10,0.41265621214173515,0.7059863954580946,0.22886695341126095,0.37073170731707317,0.9676922267169744,0.3843610218850444
22,jacobi20,0.4257057168243135,0.7178122890832815,0.23770259487332301,0.3975609756097561,0.9571484921128578,0.33223496300409916
22,jacobi40,0.4328503151330354,0.7271832775300081,0.24431896519375718,0.3926829268292683,0.9441176535814206,0.2941298124300243
22,jacobi80,0.4387930312266145,0.7320911027884017,0.25182367370817343,0.4195121951219512,0.9263062645182513,0.2662183013405262
22,cg5,0.16596902406031036,0.7217282267776557,0.22220084490407735,0.3097560975609756,0.9912234568435447,0.38482325734869904
22,pcg5,0.42081140330473876,0.712628535129627,0.23212453574311906,0.36829268292682926,0.9642767822348053,0.3792795240504717
22,poisson_pcg5,0.8261155032053518,0.9936728292947606,0.371189722893218,0.8682926829268293,0.251228722762723,0.09155218761998091
22,cg10,0.18859128701253086,0.7263587999417704,0.21342705197315578,0.28780487804878047,0.9833243653799832,0.308489800791721
22,pcg10,0.4430315086306227,0.7412827706681842,0.24283395536540772,0.3926829268292683,0.943681650271798,0.2974831945003597
22,poisson_pcg10,0.9037359339083544,0.9965750433413179,0.37465312125806366,0.9097560975609756,0.17939494512932846,0.06407000189275013
22,cg20,0.21252123782304977,0.7252213384857669,0.19947560257750868,0.2658536585365854,0.9585464394655614,0.2599912701429187
22,pcg20,0.45746753629336345,0.7635840292206503,0.26343510234073647,0.4658536585365854,0.8982414313890168,0.2451326729647298
22,poisson_pcg20,0.9999454916073118,0.9999880894088377,0.37751647006479383,0.9926829268292683,0.005076145529193946,0.0020695716422502986
22,cg40,0.23004077279251953,0.7926763098341781,0.20543262209838778,0.44634146341463415,0.8837069756854701,0.1759406768620331
22,pcg40,0.3810912289329233,0.9743836269073488,0.3073134991864198,0.7439024390243902,0.748298786384189,0.1536719445991757
22,poisson_pcg40,0.9999999937135722,1.0,0.3775277995230196,1.0,7.47014440917935e-06,3.819179966270335e-06
22,cg80,0.2565359070834686,0.8588323650463852,0.275569786980779,0.6073170731707317,0.7668398934032231,0.11846527262337052
22,pcg80,0.4746309229534855,0.9971427815200561,0.3762881113086742,0.9512195121951219,0.5270606187206489,0.09254770989821048
22,poisson_pcg80,1.0,1.0,0.3775277995230196,1.0,2.7257667524714253e-11,1.4463042517302246e-11
22,poisson,0.35866314849531417,0.7610986858647751,0.16047912072234363,0.17073170731707318,79.45544520221246,442.06118523411766
22,amg,0.9866694705182184,0.9937019440731575,0.37107261783151707,0.8658536585365854,0.2402586776114144,0.1243338159246196
22,oracle,1.0,1.0,0.3775277995230196,1.0,3.1090759827394766e-13,2.633777082420013e-14
23,ensemble,0.3685408514217609,0.6538702804282519,0.15302843572682046,0.14390243902439023,,
23,raw,0.2867185154813202,0.7055086484125829,0.23447007562422856,0.3048780487804878,,
23,smoothed,0.4099656680368844,0.8149934491748607,0.22712524623682037,0.28536585365853656,,
23,prediction_magnitude,0.49661584376209794,0.5982994322618213,0.12212872644290952,0.0,,
23,boundary_distance,0.499995363990794,0.6080290618424361,0.14999449757599603,0.040185830429732866,,
23,jacobi1,0.15052295325647017,0.6214642086735571,0.16313260677791963,0.21707317073170732,0.9885710328400336,0.6297062025994254
23,jacobi5,0.2326050828087379,0.6728140756719558,0.17802940496808736,0.2780487804878049,0.9762529424657174,0.402301886223582
23,jacobi10,0.2555018925709847,0.6914204041660601,0.18607675999284168,0.2926829268292683,0.966212967182189,0.35251510926560314
23,jacobi20,0.2755056310047958,0.7163585352619668,0.19952238400306252,0.32926829268292684,0.9499936958826039,0.3167583802912262
23,jacobi40,0.3049180802328113,0.7610768497809774,0.20722387010987553,0.3853658536585366,0.9265955082475821,0.27661829200356963
23,jacobi80,0.3370502036495256,0.8113580720723105,0.2130093791953201,0.4317073170731707,0.8985029996003827,0.21821584203959019
23,cg5,0.29082672605329235,0.7146090017601207,0.23794649891675967,0.32439024390243903,0.9912794406703384,0.36828227038309735
23,pcg5,0.26040331446874154,0.6863974431930971,0.18416649717942637,0.2975609756097561,0.9665485267063451,0.3516665666994583
23,poisson_pcg5,0.5306791359567686,0.6976072945753874,0.18162772817065584,0.1975609756097561,1.1809226721894437,0.10078079566480988
23,cg10,0.2823065419263381,0.7132412688749785,0.23758652175660963,0.32682926829268294,0.979311407735031,0.3026025823962683
23,pcg10,0.31716697586112325,0.7837532919550574,0.21558056407921658,0.4121951219512195,0.9131033109092394,0.2801174876736879
23,poisson_pcg10,0.9010535188530808,0.9978938104627927,0.364755314795597,0.9170731707317074,0.3235381516943931,0.032550720959906215
23,cg20,0.2740114391541408,0.7289209004406919,0.24338973777103665,0.3878048780487805,0.9527195483273889,0.1362908626889701
23,pcg20,0.3622547722159004,0.8641140505273746,0.2266985882267103,0.47073170731707314,0.8624348226550443,0.0729930574461043
23,poisson_pcg20,0.9999805024697,0.999998014901473,0.3669867136331032,0.9975609756097561,0.0031254849291125547,0.0015794891426000018
23,cg40,0.26885468927836054,0.7514418432301523,0.2528094971384165,0.4682926829268293,0.9351722556641971,0.09055465499654745
23,pcg40,0.3211609796777393,0.8755892434127814,0.24001195875473405,0.4951219512195122,0.8791329407871703,0.035788418074269614
23,poisson_pcg40,0.9999999989522621,1.0,0.36698696318968005,1.0,2.0971104307945115e-06,8.139714091687782e-07
23,cg80,0.31475165523039733,0.8075585934915236,0.26111794923287357,0.5341463414634147,0.9100902941095815,0.05854725725379842
23,pcg80,0.23584666565916185,0.8731012532588701,0.24499899253874027,0.5170731707317073,0.8625086068017794,0.03345157758848625
23,poisson_pcg80,1.0,1.0,0.36698696318968005,1.0,1.1383868785539386e-11,3.966108322785517e-13
23,poisson,0.4736726392899165,0.741730079536281,0.17356098891792363,0.20243902439024392,79.85883455213579,417.4415846348262
23,amg,0.7697037588325707,0.9858125008271243,0.35580095094854847,0.7975609756097561,0.38932594142690596,0.09243274366937071
23,oracle,1.0,1.0,0.36698696318968005,1.0,1.0511218552571606e-11,3.500380082588473e-13
24,ensemble,0.3919233860406994,0.7264196762966002,0.165563126808765,0.24390243902439024,,
24,raw,0.13617962228878946,0.6236312745655943,0.11056437381862366,0.12439024390243902,,
24,smoothed,0.24549531438313438,0.6928629090957215,0.12552792218330702,0.16341463414634147,,
24,prediction_magnitude,0.47984955869416873,0.7802065825867157,0.18580689914957912,0.348780487804878,,
24,boundary_distance,0.5125891608920009,0.8054219657769014,0.17541255952875126,0.30998838559814174,,
24,jacobi1,0.19907689116980976,0.6819528075910167,0.1620579720746702,0.3048780487804878,0.9565019049112207,0.6463537558891043
24,jacobi5,0.27279594577517413,0.7281400950200495,0.19049287875884793,0.4,0.8985304480625489,0.3590909508084115
24,jacobi10,0.3045113453885784,0.7542864894194249,0.193028032952648,0.4170731707317073,0.8635578162602631,0.27530277962028327
24,jacobi20,0.3551962020993763,0.8189186506623612,0.20407585509017948,0.47073170731707314,0.8178826598983645,0.20788993648020532
24,jacobi40,0.3977868950654392,0.8803614202718262,0.22369723120596854,0.5658536585365853,0.7560605225533119,0.148553890380228
24,jacobi80,0.46512699635292204,0.9439606685811839,0.25038340933203695,0.6902439024390243,0.6761824643315757,0.09808679433856002
24,cg5,0.14230682181207147,0.6264765824543759,0.11174449878124892,0.12439024390243902,0.972547110365357,0.29536633877185065
24,pcg5,0.3107166895744094,0.7611264772441538,0.19476139620490293,0.4292682926829268,0.8570015691295383,0.27144110254426246
24,poisson_pcg5,0.6739789269721614,0.9139506107486468,0.2243371060004937,0.4658536585365854,0.5342589109873914,0.10163636591908652
24,cg10,0.14551457809324655,0.6353956301364424,0.11565060770616184,0.16829268292682928,0.957800244565422,0.19570236001077967
24,pcg10,0.3863594422368373,0.8666576234400434,0.22147028162886023,0.5560975609756098,0.7601852274717849,0.15811955415789333
24,poisson_pcg10,0.7983716327308532,0.9496248163783862,0.25720892954523145,0.6097560975609756,0.3925008725357609,0.07755625428916475
24,cg20,0.1492211739417679,0.6559493402855895,0.12396435357542206,0.2121951219512195,0.9379117439600595,0.12666322574506683
24,pcg20,0.5051827625899545,0.9652587906779773,0.2623085304508619,0.7317073170731707,0.6147666714111671,0.07531206302704989
24,poisson_pcg20,0.9997979173665558,0.9999073620687373,0.29140530486835836,0.9853658536585366,0.010488377917173622,0.00295146867037603
24,cg40,0.17881289969107658,0.6964301311488427,0.1547139156192736,0.3170731707317073,0.8912862537378048,0.08463908421997586
24,pcg40,0.6923329380776809,0.9898018871669997,0.27846959940480537,0.8390243902439024,0.4419864997679525,0.04429150062425999
24,poisson_pcg40,0.9999999842839308,1.0,0.29143921717889876,1.0,1.8481584226283174e-05,5.179868812031046e-06
24,cg80,0.3384191841784192,0.7802753993356537,0.2026088723454914,0.44390243902439025,0.812692802052085,0.04890116093794238
24,pcg80,0.9045780234322823,0.9806433042626682,0.2801766302742652,0.7658536585365854,0.24945215523853795,0.01401901583687446
24,poisson_pcg80,1.0,1.0,0.29143921717889876,1.0,6.451893822695391e-11,1.712941508822693e-11
24,poisson,0.3873867795153092,0.7206999457406402,0.13997120039253697,0.22682926829268293,141.25999753807884,429.01492981768155
24,amg,0.992324042433164,0.9969475801648955,0.28964734931766617,0.9024390243902439,0.1235621925759929,0.07510322690215168
24,oracle,1.0,1.0,0.29143921717889876,1.0,1.649201621630068e-12,5.452925429275196e-14
25,ensemble,0.5121758438453582,0.8064389979222636,0.21772859912609088,0.3902439024390244,,
25,raw,0.12606921030062201,0.6989962018448183,0.15695392412837425,0.2731707317073171,,
25,smoothed,0.19185971011549371,0.7658132948665352,0.19757015507399708,0.3780487804878049,,
25,prediction_magnitude,0.7292340669510703,0.9366072019374562,0.26011357992105977,0.6024390243902439,,
25,boundary_distance,0.42018401931132326,0.7535182562894538,0.14364536020873647,0.22328687572590009,,
25,jacobi1,0.2359506026616679,0.6877777483689107,0.1675527004772181,0.2804878048780488,0.9863797843524085,0.6692786117158551
25,jacobi5,0.2548825095291069,0.6856530312454509,0.17866342381512512,0.28780487804878047,0.9639446848697951,0.4652567539378641
25,jacobi10,0.2857571696289432,0.683810198112833,0.18443741077595907,0.28780487804878047,0.9464141299847667,0.3907353691786411
25,jacobi20,0.3468241096211067,0.701954660349642,0.20419607344384386,0.3439024390243902,0.9196237418674448,0.3118863034533876
25,jacobi40,0.4416646745675608,0.7360215978719744,0.22684115071167557,0.40487804878048783,0.8799966165618678,0.23263139113757675
25,jacobi80,0.5345409632642956,0.7797652290142001,0.2352144935273715,0.45121951219512196,0.8238462364540035,0.15856491943848577
25,cg5,0.12493953818560619,0.6997339967973744,0.1596550915554067,0.2682926829268293,0.9801615499699923,0.39599876499661507
25,pcg5,0.30104949326921965,0.6798214734724667,0.1887507569206032,0.28780487804878047,0.9371146418723316,0.3720866804917388
25,poisson_pcg5,0.7967927827800048,0.9704392361340868,0.28897053060496664,0.7073170731707317,0.3381461961951655,0.07594157927652238
25,cg10,0.14149844273310186,0.7010110768497809,0.1755134210326221,0.2804878048780488,0.9645714597494358,0.2595420713523787
25,pcg10,0.4665519863337531,0.7357489776742586,0.22918010189226012,0.4170731707317073,0.8710867538167024,0.22882105552868445
25,poisson_pcg10,0.962786969664382,0.9889383693077299,0.30089917957736506,0.8170731707317073,0.18544394227276584,0.049462712960021915
25,cg20,0.16853736769304756,0.7204875401982451,0.18456837024726375,0.33170731707317075,0.9451660319370231,0.14660126065860876
25,pcg20,0.5926237360019415,0.8218360837976258,0.23665232190782665,0.45365853658536587,0.7519394115562933,0.10230642921804847
25,poisson_pcg20,0.9999393922007841,0.9999827958127655,0.30853407105547886,0.9926829268292683,0.007445138029016497,0.0017925679847288292
25,cg40,0.22675148381348229,0.7388252186916877,0.20222932390539025,0.3804878048780488,0.9227663284595327,0.09016990125004477
25,pcg40,0.6754935109467104,0.8287806201447798,0.24047599674776238,0.47317073170731705,0.6736326624930662,0.056106410730111675
25,poisson_pcg40,0.9999999902211123,1.0,0.30854810825469015,1.0,1.662527051895993e-05,4.027445017114073e-06
25,cg80,0.3209782740847297,0.749648637560711,0.21245131487485408,0.4268292682926829,0.8879551026174157,0.05601576506837227
25,pcg80,0.7548668805965971,0.8472923256090944,0.2472420998098502,0.48048780487804876,0.6269862245251002,0.03742927360917499
25,poisson_pcg80,1.0,1.0,0.30854810825469015,1.0,9.84903278425597e-12,3.56469427891978e-12
25,poisson,0.7359056037133175,0.9521862551777986,0.2727732058900167,0.5951219512195122,163.96211690424505,395.6283738151957
25,amg,0.9499303937033239,0.979798313989651,0.2943350972507075,0.7585365853658537,0.36199006785732496,0.08098866140600564
25,oracle,1.0,1.0,0.30854810825469015,1.0,6.92035579769515e-14,8.705781112070798e-15
26,ensemble,0.3947931600425041,0.7695783650728532,0.19933519675368913,0.348780487804878,,
26,raw,-0.0015459541221531704,0.5317920146103252,0.08658324463768415,0.0975609756097561,,
26,smoothed,0.015296782813029458,0.5457042467874489,0.100414492975329,0.13170731707317074,,
26,prediction_magnitude,0.6295249502336279,0.9315266731072086,0.25529750383498606,0.4975609756097561,,
26,boundary_distance,0.3572571880503399,0.6921654778132155,0.11420753509083768,0.05772357723577235,,
26,jacobi1,0.24181635960819856,0.6474928205603272,0.16623912256448642,0.23902439024390243,0.9797812700728853,0.6100665349527966
26,jacobi5,0.3104280568006408,0.6525091645382,0.17857017592134464,0.23170731707317074,0.9515865033351867,0.33140191422244386
26,jacobi10,0.34670514142059633,0.65258327488321,0.1784907203756473,0.2121951219512195,0.9309415330913188,0.2382937057392601
26,jacobi20,0.3953831739416561,0.6615195267525111,0.18510570025902492,0.22195121951219512,0.9018671636677141,0.15562926648487088
26,jacobi40,0.4622405444582877,0.7019182668766459,0.19203256211762085,0.24634146341463414,0.8622402587873019,0.10195926794256548
26,jacobi80,0.5513005538105364,0.7708448579331154,0.2151074900534926,0.33658536585365856,0.8095719931788964,0.07816894088470765
26,cg5,0.011450144911938603,0.5313261781559758,0.08775169873857759,0.07560975609756097,0.9888949609948668,0.24805244864404516
26,pcg5,0.33587709057250414,0.6352639519341476,0.17818331206281807,0.20243902439024392,0.9250813586273695,0.2266435313296456
26,poisson_pcg5,0.321494316112377,0.6560691078967219,0.13111262697278486,0.08292682926829269,0.8993237936964382,0.09986141534881572
26,cg10,0.026559631293468552,0.5358958749652608,0.09289962780690762,0.08292682926829269,0.9855047306871105,0.15259066480272326
26,pcg10,0.43309307811358666,0.6694797718460093,0.18410527165348495,0.2121951219512195,0.8740833979807991,0.10902273669159637
26,poisson_pcg10,0.8242199049564767,0.9494607149001495,0.26585314332980814,0.551219512195122,0.5964629720824485,0.07956953222066432
26,cg20,0.05540259460291457,0.544449664518349,0.09745043389163183,0.09024390243902439,0.978665671101974,0.1232204615138679
26,pcg20,0.5930895894605049,0.7979202784431534,0.23032056491321862,0.4,0.7747563953624753,0.07186677647324534
26,poisson_pcg20,0.9999038459442986,0.9999913979063828,0.326975114611995,0.9975609756097561,0.008220723496843888,0.002448903924760316
26,cg40,0.17541380410686458,0.5605832219472493,0.12691142459902544,0.1073170731707317,0.950614513794191,0.0785463213770007
26,pcg40,0.7885141789120692,0.8427974008443285,0.28263903736389373,0.5951219512195122,0.5646415623374509,0.03694364911346216
26,poisson_pcg40,0.9999999944120642,1.0,0.3269808414802064,1.0,7.742607818828892e-06,3.71405872939372e-06
26,cg80,0.3321028815741506,0.5865046385135583,0.15853887844584855,0.13902439024390245,0.920733076488584,0.05194341235379396
26,pcg80,0.8182799094891308,0.8423408281831055,0.2784127575303726,0.5682926829268292,0.568404885987201,0.025352708235995055
26,poisson_pcg80,1.0,1.0,0.3269808414802064,1.0,3.6777601744062975e-12,1.6561138107953105e-12
26,poisson,0.0544733675069134,0.5454183925995527,0.08088967712495115,0.04878048780487805,109.89335050665623,458.0295163388832
26,amg,0.8489045649928899,0.9138910577928351,0.29503805258736937,0.6439024390243903,0.5309179536159868,0.07893865315468603
26,oracle,1.0,1.0,0.3269808414802064,1.0,1.3445480147441224e-12,6.117797648615781e-14
27,ensemble,0.30581751123286854,0.6756765877479719,0.13718149227923943,0.16585365853658537,,
27,raw,0.028511553664914743,0.6480135780739251,0.1631894172465005,0.24390243902439024,,
27,smoothed,0.06317024425873127,0.7104356629567381,0.18892184062572803,0.3024390243902439,,
27,prediction_magnitude,0.4761385685661225,0.7163545650649127,0.13090080976437382,0.18292682926829268,,
27,boundary_distance,0.32928083511782935,0.8352302052591877,0.252544208352849,0.4369337979094077,,
27,jacobi1,0.28678003638416744,0.6847736325979646,0.17361233924487698,0.25365853658536586,0.9590712426142006,0.6488616049076111
27,jacobi5,0.362907904643664,0.7122771726903379,0.18955855171609837,0.3121951219512195,0.9024859009844391,0.4273816654272674
27,jacobi10,0.40589926011399613,0.7498742770932864,0.20424591615373103,0.35365853658536583,0.8658637090637572,0.3644899182226422
27,jacobi20,0.45526498731873855,0.7979917419901275,0.22741488412526978,0.4268292682926829,0.8172946760580045,0.3064262211629494
27,jacobi40,0.5091807504301593,0.8491159694559507,0.25500712840454803,0.5024390243902439,0.752909816605595,0.24770433647277507
27,jacobi80,0.5828617845458485,0.9056012863438455,0.2882109124293044,0.6170731707317073,0.6674597636652657,0.18838881365865817
27,cg5,0.04227310368370138,0.6613878485502164,0.16491607399733008,0.26097560975609757,0.961656946314048,0.3745161024551929
27,pcg5,0.4079160634839238,0.7526256236517872,0.21053266722111771,0.3780487804878049,0.8544606388004375,0.35912430300869275
27,poisson_pcg5,0.5730305077614752,0.9270489525296772,0.30602821790882473,0.6268292682926829,0.7541934556345639,0.08820216968153927
27,cg10,0.0659313421646188,0.677354657702844,0.18430432795418397,0.3073170731707317,0.9237995637205983,0.26982628174458284
27,pcg10,0.5022592150090167,0.841031986554266,0.25376765000850576,0.5,0.7349512162850775,0.2453347556427559
27,poisson_pcg10,0.7003604557347197,0.9578662837632175,0.3381226847270299,0.7439024390243902,0.5726108965324381,0.06461768732415032
27,cg20,0.1084833091641141,0.7133392004023134,0.2099452159220139,0.3804878048780488,0.8577389900974232,0.17005455332469693
27,pcg20,0.6711012734570369,0.946860235829705,0.3147166005494639,0.7341463414634146,0.5473327475668377,0.13145820392235874
27,poisson_pcg20,0.9993203889639163,0.9999827958127655,0.36117941317677177,0.9926829268292683,0.013330209514995285,0.002926864992558383
27,cg40,0.14054305152479124,0.7572052459537075,0.24699234701537845,0.4975609756097561,0.7797090048543737,0.0958392780953656
27,pcg40,0.695730502218243,0.9904721887696359,0.34898050788391516,0.8536585365853658,0.38250518416074214,0.048643523529785425
27,poisson_pcg40,0.9999999844585536,1.0,0.36119053725844436,1.0,1.7732053666732834e-05,4.797784135163804e-06
27,cg80,0.33511507372359256,0.860432354459193,0.29217411335574245,0.6170731707317073,0.6584326953601695,0.051831758746617204
27,pcg80,0.8286488019242169,0.9919689530590369,0.35189281292294305,0.8634146341463415,0.2825300089049421,0.022156717687352036
27,poisson_pcg80,1.0,1.0,0.36119053725844436,1.0,3.373255866022804e-11,1.113699676472997e-11
27,poisson,0.19662999678106963,0.7401499411087437,0.15495640290342616,0.26097560975609757,177.47091958469125,422.33688876234714
27,amg,0.7331572284894647,0.9406905496076122,0.31393025758941157,0.6853658536585366,0.7453561744721428,0.09113071871142453
27,oracle,1.0,1.0,0.36119053725844436,1.0,3.0954400490911624e-12,8.277954744764557e-14
28,ensemble,0.1955997315988716,0.5906012201738946,0.12875755822581306,0.17560975609756097,,
28,raw,0.09233199266879591,0.6356384738562524,0.14225598035529305,0.23414634146341465,,
28,smoothed,0.12599096645221286,0.6939057475219353,0.1429232633040062,0.24146341463414633,,
28,prediction_magnitude,0.4144013007373394,0.7323154189219592,0.10737026721853435,0.12926829268292683,,
28,boundary_distance,0.40606424417557857,0.7414964996095973,0.11368582353236746,0.13507549361207896,,
28,jacobi1,0.07693550763546722,0.6136329949843177,0.13328216544906366,0.2048780487804878,0.9542801917182329,0.5963459199862813
28,jacobi5,0.20177122092652894,0.6611926471950558,0.15419843539003084,0.26097560975609757,0.9085649045710517,0.3347206703062353
28,jacobi10,0.24079515264452417,0.675329857205246,0.16417552962498122,0.28536585365853656,0.8789281905114832,0.28018726942860045
28,jacobi20,0.2995284595944187,0.7329797652290142,0.1848417462061218,0.33902439024390246,0.8341973928798069,0.23354059954568906
28,jacobi40,0.37543375391071687,0.8153745880920557,0.21319499490961794,0.43414634146341463,0.7639561480021039,0.1798673404730159
28,jacobi80,0.505409618463568,0.9134629382104998,0.24114712119086149,0.5585365853658537,0.6592984979513942,0.11509571872340049
28,cg5,0.08933038424434568,0.6349317787806201,0.14183584399008534,0.23902439024390243,0.9773275584469209,0.3111618586313459
28,pcg5,0.24293925757344112,0.6744213437793629,0.16385109687680535,0.28536585365853656,0.8828996178896286,0.2818675665062125
28,poisson_pcg5,0.3286251235702149,0.7963758717891032,0.14118931944824223,0.24390243902439024,0.929753253844985,0.1148036171921152
28,cg10,0.09868506860532276,0.6427801966570941,0.14386647242670175,0.24390243902439024,0.9532844290332477,0.21242599617437877
28,pcg10,0.3571517880612188,0.8084968833953126,0.21450770534452357,0.43414634146341463,0.7524762156531911,0.17656540279401384
28,poisson_pcg10,0.9210438500827239,0.9840881119066209,0.27553819431031235,0.8,0.2988660940097924,0.03247293044540691
28,cg20,0.10281718087410516,0.6493932215502296,0.15116238413408703,0.2658536585365854,0.9298616514318345,0.10594804275728964
28,pcg20,0.6139014570877824,0.9573197199687677,0.2518372966163798,0.6463414634146342,0.5408621429291487,0.032790111046655676
28,poisson_pcg20,0.9999884492128721,1.0,0.286270091041764,1.0,0.0021483162074327255,0.0005228602713101091
28,cg40,0.12922411640905168,0.6735723833092916,0.15948100215120803,0.3121951219512195,0.8871620533588982,0.06636313575340112
28,pcg40,0.7589250693644439,0.9724276431586888,0.26348156480512225,0.7195121951219512,0.40708831907962717,0.00838555212225705
28,poisson_pcg40,0.9999999987776391,1.0,0.286270091041764,1.0,9.502770392360606e-07,4.659916560594251e-07
28,cg80,0.2224837015280099,0.7288792133716236,0.1778730012514457,0.3878048780487805,0.8434070805919807,0.04056391374164599
28,pcg80,0.8027575256433167,0.9721404655717746,0.26393238814761544,0.724390243902439,0.3601360913215794,0.0067902763499710595
28,poisson_pcg80,1.0,1.0,0.286270091041764,1.0,3.156659421172819e-11,6.487106610315653e-13
28,poisson,0.29487219737779413,0.7344679274247978,0.1555786930434269,0.275609756097561,137.43055206070548,425.48173953042453
28,amg,0.9487076112113774,0.993582838161534,0.28234215423471865,0.8609756097560975,0.18683375708751152,0.0782074420638496
28,oracle,1.0,1.0,0.286270091041764,1.0,3.138647944952823e-11,6.424524843853795e-13
29,ensemble,0.26248054402997234,0.7086900996519461,0.17727900968601387,0.29024390243902437,,
29,raw,0.23331987129754553,0.7370783319878776,0.18421776706796225,0.3170731707317073,,
29,smoothed,0.28054066690812135,0.8120005822955679,0.21015144538957653,0.3878048780487805,,
29,prediction_magnitude,0.42964723536168486,0.9130017336527136,0.29157760134239785,0.5804878048780487,,
29,boundary_distance,0.3756131272934817,0.8420377698079748,0.1822516352217338,0.30598141695702674,,
29,jacobi1,0.29151042099731694,0.725264348953853,0.199012734157653,0.3195121951219512,0.9527805165175184,0.6187794251654043
29,jacobi5,0.40762921081694725,0.7237715548615062,0.226831787787093,0.37073170731707317,0.895301445277789,0.32213035355685166
29,jacobi10,0.46475712599414976,0.7274228127522729,0.2324893234535992,0.375609756097561,0.8651083048848012,0.2295815597229553
29,jacobi20,0.5308857371347837,0.7276583777774837,0.24011524388870636,0.3780487804878049,0.835503410379085,0.17039750109989957
29,jacobi40,0.5760182326102321,0.7149173537313235,0.2380252336456432,0.35365853658536583,0.8108649178271601,0.13474600447680257
29,jacobi80,0.5859804013769567,0.6881655042811958,0.23548978078610167,0.33414634146341465,0.7974668564233145,0.1092327336767076
29,cg5,0.24414741888217145,0.737823405635033,0.18570401048851595,0.2975609756097561,0.9688271594574325,0.24888409725697852
29,pcg5,0.46923206021855757,0.7318522292656459,0.23520421650951218,0.3780487804878049,0.8584731774443766,0.22135720833498873
29,poisson_pcg5,0.566585019416121,0.9500172041872345,0.3302477680255922,0.6926829268292682,0.6348978927471775,0.0948954460369076
29,cg10,0.2559464387065471,0.740368963646229,0.19014301581343937,0.3024390243902439,0.956190782020835,0.17767228243190172
29,pcg10,0.5648308780153061,0.7204193851488162,0.23900399455546578,0.36341463414634145,0.8143697035838513,0.14480600835592847
29,poisson_pcg10,0.6847412563613061,0.9880020645024682,0.3522202224888101,0.8121951219512196,0.3926821266024678,0.06139354056960417
29,cg20,0.2738525254200787,0.743056125352355,0.19170587914145734,0.29024390243902437,0.9215631347634095,0.13189465110156218
29,pcg20,0.5474370590280478,0.6579020155367045,0.22783510182693997,0.3073170731707317,0.8166938429787328,0.09381823996370725
29,poisson_pcg20,0.9997939637273677,0.9999880894088377,0.3717691698757548,0.9951219512195122,0.010709070837849555,0.003548305775749319
29,cg40,0.3171922233773417,0.7415845056442968,0.22949476405717262,0.32439024390243903,0.8534262882383644,0.0742792659231085
29,pcg40,0.4459413469096145,0.6444159178433889,0.21514011268811323,0.28292682926829266,0.8294400311506558,0.02860347674926259
29,poisson_pcg40,0.9999999786959949,1.0,0.3717754056443088,1.0,2.5903553241413763e-05,6.1270445504818914e-06
29,cg80,0.4742131107250593,0.7669103926524886,0.2638771305490763,0.4195121951219512,0.7822053666128085,0.04538181158518327
29,pcg80,0.6130697958743824,0.7245576538782208,0.24505703652349922,0.36341463414634145,0.7421326117264577,0.01999607599753055
29,poisson_pcg80,1.0,1.0,0.3717754056443088,1.0,3.0315363966247927e-11,1.1976597302149528e-11
29,poisson,0.33419584309545713,0.8345301271786456,0.21848496020621153,0.40487804878048783,140.93465348817406,449.4533307509423
29,amg,0.6494993579741184,0.6889482948003652,0.24158122601001558,0.35121951219512193,0.7299895686442859,0.08694598659934416
29,oracle,1.0,1.0,0.3717754056443088,1.0,3.5566726346738182e-12,8.104346709761183e-14
30,ensemble,0.27221550435926045,0.6447024337307942,0.1502682974509051,0.16829268292682928,,
30,raw,0.2890191685266111,0.7863173775525059,0.19153581598817024,0.35121951219512193,,
30,smoothed,0.3174944035775418,0.8657623440043407,0.223630987370236,0.44878048780487806,,
30,prediction_magnitude,0.32339602634063525,0.6460986196948242,0.14942958841695433,0.1902439024390244,,
30,boundary_distance,0.4755633683294766,0.9256024774029618,0.2406636572158426,0.4902439024390244,,
30,jacobi1,0.31835143000305777,0.6861665100644495,0.19684160014344176,0.28292682926829266,0.9310371430670551,0.6482652475192684
30,jacobi5,0.42146366680848846,0.6772381985892566,0.21419334670584775,0.3073170731707317,0.8432367693141939,0.3836537129235467
30,jacobi10,0.47750424756460996,0.7029756626920582,0.2220607730853836,0.33658536585365856,0.7972885534059518,0.3121673255014731
30,jacobi20,0.5324872206702662,0.7469852970369096,0.22984703853936825,0.35365853658536583,0.7451848041395163,0.24809769563214537
30,jacobi40,0.5857159009769723,0.8181749004142239,0.2522160020433258,0.424390243902439,0.6862536306736098,0.18549712383035666
30,jacobi80,0.6144796437716086,0.8826872940460279,0.27425183937799136,0.4951219512195122,0.6248254405249556,0.12716913668398364
30,cg5,0.29523414788533514,0.7901585432023609,0.18472989604244777,0.32195121951219513,0.9414222959426268,0.3256689360398435
30,pcg5,0.46864952891466194,0.7021220703254238,0.2248355366073518,0.3439024390243902,0.7864483068907999,0.30950054255083215
30,poisson_pcg5,0.4987695857847608,0.9093438587668567,0.277792573243126,0.6024390243902439,0.8806985865817142,0.0882098723278038
30,cg10,0.2967179985623359,0.8053405767372921,0.1986298021449325,0.40487804878048783,0.8963314822919578,0.21061809416840932
30,pcg10,0.5672998971372782,0.8169269351402141,0.2500751453833011,0.4195121951219512,0.6858862558742591,0.18748991503892926
30,poisson_pcg10,0.6230946562165004,0.9467603192038432,0.3408936142151899,0.802439024390244,0.5294394319162902,0.05323479760871059
30,cg20,0.3091308248433032,0.8336811667085743,0.21279696608761553,0.47560975609756095,0.8372838033343029,0.12257801959939518
30,pcg20,0.571047236197184,0.9169765626033906,0.29465250095852646,0.5707317073170731,0.5843797769171466,0.07665386413633667
30,poisson_pcg20,0.9996380185841892,0.9999662533250401,0.36275172732139505,0.9926829268292683,0.013854543956530966,0.002573698371323992
30,cg40,0.3284827522215398,0.8557713431176635,0.23815334075978167,0.524390243902439,0.7631525098881387,0.07938005361315888
30,pcg40,0.5799043365301355,0.9367289546471157,0.310846762839252,0.6560975609756098,0.5289474620269338,0.03436603409225756
30,poisson_pcg40,0.9999999804422248,1.0,0.36279404359570966,1.0,2.255776882750881e-05,4.863919488529612e-06
30,cg80,0.44989074066328566,0.9162566335375779,0.29101658791304125,0.6560975609756098,0.6182728880457461,0.04433203235106666
30,pcg80,0.8012363155992928,0.97191416433969,0.3357338649369092,0.7707317073170732,0.3680067184520156,0.013101917209515406
30,poisson_pcg80,1.0,1.0,0.36279404359570966,1.0,1.3963891477167129e-11,2.8760867650602273e-12
30,poisson,0.220438613598767,0.6803759776610245,0.1425618438520699,0.2,216.71667900728352,432.66387941586277
30,amg,0.7492750065434728,0.9530868282095735,0.32640024481202645,0.7268292682926829,0.4468589149664384,0.08261616673740083
30,oracle,1.0,1.0,0.36279404359570966,1.0,3.6127412604845483e-12,6.825357809314883e-14
31,ensemble,0.35630740294342284,0.7277556476053095,0.1809719384153936,0.28536585365853656,,
31,raw,0.07280466801905888,0.5652290142000714,0.12283042910258804,0.14634146341463414,,
31,smoothed,0.09179827565102805,0.596301099744584,0.1397850059679681,0.1902439024390244,,
31,prediction_magnitude,0.5976946216565145,0.8463348464195439,0.23600287649681473,0.4609756097560976,,
31,boundary_distance,0.3514077439537183,0.7265156227254079,0.146549911246767,0.13304297328687573,,
31,jacobi1,0.14681559727405966,0.596792080780276,0.14749581166213763,0.1975609756097561,0.9650114475202275,0.7076213788516906
31,jacobi5,0.22798183446595205,0.6527500231594828,0.180843187257772,0.275609756097561,0.9138578165803369,0.4649605858999521
31,jacobi10,0.26706187045617,0.6960655347193733,0.1974164981636868,0.33170731707317075,0.8773961207207084,0.3934347224072048
31,jacobi20,0.319258914615559,0.7545134523510184,0.2173956024437783,0.3951219512195122,0.8232538740585804,0.3412759575894351
31,jacobi40,0.4174104535735855,0.8510666596085386,0.25160254591407216,0.5121951219512195,0.7398853560163441,0.286301152571013
31,jacobi80,0.5740106711622169,0.947558990511229,0.28556578594229937,0.6414634146341464,0.6132729231238037,0.21486199458427815
31,cg5,0.08210540400328661,0.5766003202625624,0.13501098004596884,0.16585365853658537,0.9640352088676095,0.3970677236759136
31,pcg5,0.2685660448048514,0.6938858965366648,0.1951791737790306,0.3195121951219512,0.8682562871480864,0.3854809816989695
31,poisson_pcg5,0.5162180773103209,0.8048218043222212,0.21838701717612233,0.36829268292682926,0.8104246694863889,0.08933783277261846
31,cg10,0.10138898533898877,0.5971169752392044,0.1577144178595417,0.23658536585365852,0.9173163422640983,0.30278383280364785
31,pcg10,0.42437532518293786,0.8694188954911796,0.2531571048305495,0.5121951219512195,0.6993299607419782,0.2826546917516743
31,poisson_pcg10,0.8247537995658286,0.9555701864669216,0.2745166440435491,0.5414634146341464,0.40449732185724663,0.05437653159061539
31,cg20,0.1490332878084205,0.6282148670645686,0.18583940631937862,0.2804878048780488,0.8449862254411296,0.14470933164219268
31,pcg20,0.7496718917777773,0.9860507126503713,0.3143569872764283,0.7926829268292683,0.3640799171066586,0.09352467176171134
31,poisson_pcg20,0.9997275158367688,0.9999847809112926,0.3266048894237151,0.9975609756097561,0.014801421891074338,0.002912519642003542
31,cg40,0.22549131942814632,0.6611721345102762,0.22163078566810684,0.375609756097561,0.8057567857511847,0.09036864223355145
31,pcg40,0.8913804002090783,0.9953396503579794,0.32266362874490245,0.8682926829268293,0.20479442564189798,0.02934963853815552
31,poisson_pcg40,0.999999975727404,1.0,0.3266251570596762,1.0,3.792891203935449e-05,5.575110103084761e-06
31,cg80,0.39951894351440703,0.7165537366171274,0.2418204225997335,0.4268292682926829,0.7306155439343968,0.04519219356683749
31,pcg80,0.9866759235363073,0.9975834733930627,0.32420537999984156,0.9170731707317074,0.1484498807583317,0.007456527830838431
31,poisson_pcg80,1.0,1.0,0.3266251570596762,1.0,2.2868073053879695e-11,4.723572144534955e-12
31,poisson,0.10668583401981126,0.6352308669586967,0.15919189732661002,0.3073170731707317,178.06793855369708,429.23940900577537
31,amg,0.8130759513348909,0.870028982438495,0.2606164312203566,0.5390243902439025,0.7364780404601293,0.13899102766057247
31,oracle,1.0,1.0,0.3266251570596762,1.0,7.026304466907644e-13,2.6830766917521435e-14
32,ensemble,0.253984906831788,0.6642622712173948,0.14430899710037123,0.22195121951219512,,
32,raw,0.07302291707458598,0.6068227836374945,0.1364903046304029,0.2,,
32,smoothed,0.01819196603194422,0.6176931831716581,0.1608493460369799,0.2634146341463415,,
32,prediction_magnitude,0.32417346606692465,0.7169077458544526,0.18260263780245345,0.37317073170731707,,
32,boundary_distance,0.3188119211430132,0.7690126119926419,0.11428817626324438,0.1451219512195122,,
32,jacobi1,0.16002483467253803,0.616609981075394,0.150083733053731,0.1951219512195122,0.9421936795666438,0.6481566681703953
32,jacobi5,0.2744900587758643,0.67285179254397,0.16768344805853172,0.23658536585365852,0.8583070010143106,0.3809223980338565
32,jacobi10,0.33463035958478504,0.7126808093908394,0.18591318197544773,0.3073170731707317,0.8084070934356035,0.27644860798679727
32,jacobi20,0.4134680220386512,0.7624326720749574,0.20290951554029882,0.375609756097561,0.748700212187136,0.17955719822454022
32,jacobi40,0.5007921042160082,0.8154936940036791,0.21239025468574987,0.4146341463414634,0.6801265414123265,0.11485106783117245
32,jacobi80,0.5887545609081088,0.8690265076823313,0.23084912823391954,0.4975609756097561,0.6059990428285622,0.07841465442173774
32,cg5,0.07431320218001021,0.6153362095205326,0.13665763294792707,0.18536585365853658,0.9524279287664719,0.2817232060997968
32,pcg5,0.3378251181527112,0.7230291280123871,0.19085570458537565,0.32926829268292684,0.7846063448453505,0.24658376638251747
32,poisson_pcg5,0.19454295410611583,0.683458173974035,0.14836561929396938,0.2780487804878049,1.1146272840543658,0.10698239288651244
32,cg10,0.08557915318716859,0.6277549859058005,0.14231556750570243,0.21707317073170732,0.9387997852355394,0.17329226758670468
32,pcg10,0.47033432385781476,0.7974114315207178,0.20633661271460674,0.4024390243902439,0.7017890333172646,0.12638494858798868
32,poisson_pcg10,0.40861054157239823,0.8238562523986607,0.19034311335584186,0.33414634146341465,0.7999050788866969,0.0788679085222614
32,cg20,0.09654192549985204,0.6449690986329288,0.1514068096540649,0.2634146341463415,0.909937953033866,0.12374099422685007
32,pcg20,0.6193772278052221,0.8897099109352461,0.2394530278110621,0.5317073170731708,0.5655302514721516,0.06456012132682462
32,poisson_pcg20,0.9995207283360201,0.9999510342363326,0.30617894536623025,0.9853658536585366,0.015813922432702254,0.003507586115530505
32,cg40,0.14991577164699266,0.6846525415878142,0.18070190994118535,0.35365853658536583,0.8303520631467264,0.0793886507340617
32,pcg40,0.705483887194161,0.9258949485859481,0.2658128061221689,0.6341463414634146,0.4776685619610327,0.040397677232862514
32,poisson_pcg40,0.9999999818392087,1.0,0.3062202952810844,1.0,2.4054126134359993e-05,6.036903286712971e-06
32,cg80,0.3435945794242929,0.7423732514590474,0.2187822321133222,0.4146341463414634,0.7304144671042135,0.04365945841562451
32,pcg80,0.89023244157422,0.9665682940063258,0.29202161035978746,0.8609756097560975,0.3170526477585691,0.014842558856495028
32,poisson_pcg80,1.0,1.0,0.3062202952810844,1.0,9.354019049587674e-12,4.45175339975726e-12
32,poisson,0.1350234128921278,0.700557812686103,0.12017334917222117,0.17317073170731706,267.8792326676089,432.4384688607798
32,amg,0.7196544559513082,0.8917036115559203,0.2036238558112128,0.4853658536585366,0.7461552602787973,0.07914387465468503
32,oracle,1.0,1.0,0.3062202952810844,1.0,1.9751553677796644e-13,8.797825308824043e-15
33,ensemble,0.50684626033824,0.8078259200931673,0.2414019451388974,0.4170731707317073,,
33,raw,0.031464291050764384,0.7123942935034342,0.2053348734824923,0.3926829268292683,,
33,smoothed,0.051142507254258236,0.8365311064939189,0.2613470519039586,0.5170731707317073,,
33,prediction_magnitude,0.6340517478685938,0.5955659515900639,0.12302329586063943,0.0024390243902439024,,
33,boundary_distance,0.6443727537099141,0.6878882521869168,0.13846836548172098,0.05743321718931475,,
33,jacobi1,-0.02543195616700239,0.6107552638195942,0.13031691263921708,0.20243902439024392,0.9975237833242605,0.7210552748523773
33,jacobi5,0.05495199097034281,0.6185083969667694,0.1517507055314418,0.24146341463414633,0.9909571556918927,0.5454557638536461
33,jacobi10,0.07236779324620847,0.6487215965485753,0.15148474466752085,0.24146341463414633,0.9844062090870008,0.4832494684552636
33,jacobi20,0.12485566990521073,0.6808636501991715,0.17468919169254546,0.2975609756097561,0.9733309129413917,0.41517873406586164
33,jacobi40,0.1972861756815717,0.6918518322459405,0.20516733524985026,0.35609756097560974,0.954894720564087,0.33726687993560406
33,jacobi80,0.35862320331100844,0.7756633537577915,0.2482034016549998,0.4560975609756098,0.9250740540557216,0.24743418306330695
33,cg5,0.03379477738669678,0.7187148472135834,0.20416443752468205,0.3878048780487805,0.9914066353676263,0.4715642711700401
33,pcg5,0.08850823823784222,0.6476582454375819,0.15372390810814698,0.24390243902439024,0.9795334631428491,0.4639619923527315
33,poisson_pcg5,0.904611447670155,0.996999192726599,0.36318693066684854,0.9097560975609756,0.33550096137506713,0.07426888122163716
33,cg10,0.03489236444757444,0.716640419252809,0.20683334360293876,0.3975609756097561,0.9823514155457534,0.33624151370058786
33,pcg10,0.2332498032976756,0.7029273586278999,0.2158901179020083,0.3926829268292683,0.9432387163618382,0.31632800804181377
33,poisson_pcg10,0.9919323806964535,0.999825311329619,0.367363402446345,0.975609756097561,0.06024542835065141,0.021811008932701135
33,cg20,0.04690765345198086,0.7244425181636516,0.21186716402237668,0.40487804878048783,0.9715439652453911,0.17493031438252327
33,pcg20,0.5512251491573729,0.8590857959583394,0.293834615911052,0.5756097560975609,0.8691274759164259,0.13204889403630285
33,poisson_pcg20,0.9999996325932226,1.0,0.3676315481630575,1.0,0.00048770567401796113,0.00028716259513471965
33,cg40,0.07449089871246137,0.7321076452761272,0.22402337386042567,0.4268292682926829,0.9580643281157183,0.10850274315863971
33,pcg40,0.7331179302833486,0.8988182046768921,0.30349240433473057,0.6195121951219512,0.7947472018150596,0.08800367840863779
33,poisson_pcg40,1.0,1.0,0.3676315481630575,1.0,6.955423000388104e-08,4.3481131174972545e-08
33,cg80,0.16553098420284967,0.7722728054735783,0.25813742200192824,0.5,0.9217750953154434,0.08993886149898399
33,pcg80,0.5511461553032081,0.8208157431547186,0.19469742878797994,0.24390243902439024,0.6866004144524941,0.06501183609138031
33,poisson_pcg80,1.0,1.0,0.3676315481630575,1.0,1.041697582484888e-12,6.696231514174728e-14
33,poisson,0.9113090495334744,0.9858283816153408,0.33765952530396937,0.8121951219512196,90.74520105621762,331.1131969438809
33,amg,0.9096598605678707,0.9751306856530313,0.33828923744003175,0.748780487804878,0.41520534240330126,0.09333680490907036
33,oracle,1.0,1.0,0.3676315481630575,1.0,1.0228052214131292e-12,6.432918632678943e-14
34,ensemble,0.26670031127875665,0.6866674165927769,0.16117852299833696,0.2634146341463415,,
34,raw,0.23509428258615928,0.7651277741751915,0.18354953360133508,0.32682926829268294,,
34,smoothed,0.3234613353400729,0.8304011222423673,0.21302986677898317,0.4170731707317073,,
34,prediction_magnitude,0.274642050978347,0.6697755515265408,0.04808711216127214,0.0024390243902439024,,
34,boundary_distance,0.21494150662483835,0.61290975742096,0.07664293337763856,0.012195121951219513,,
34,jacobi1,0.18244220845056822,0.6614063761364689,0.15659817957618355,0.25121951219512195,0.9779765875605808,0.6618443711563493
34,jacobi5,0.25578541168502195,0.6885658324841523,0.17430025679563677,0.2926829268292683,0.951202603217261,0.386388438605313
34,jacobi10,0.28551005190018874,0.7034110609689928,0.1789734515888952,0.3146341463414634,0.9341282491095525,0.31132056913513123
34,jacobi20,0.3216505598608738,0.7212273202493283,0.18851925162956118,0.36585365853658536,0.9111568128625094,0.24968133349717545
34,jacobi40,0.3644365485631294,0.7483794979024125,0.19681783133863565,0.3951219512195122,0.8810967551868949,0.19495244197252812
34,jacobi80,0.4164128062202778,0.7783630877545888,0.2029743686656978,0.43414634146341463,0.8466950306736618,0.14466123234055986
34,cg5,0.2370740981867931,0.7637957730635364,0.18061396158499332,0.32682926829268294,0.9783911897882309,0.3229843628490071
34,pcg5,0.29294434049952567,0.7003593028333973,0.18230623740442045,0.32926829268292684,0.9318242421959126,0.3082737789064405
34,poisson_pcg5,0.5094858931094381,0.8439249368076969,0.21977433180053213,0.4609756097560976,0.7880018873997137,0.09638021825424775
34,cg10,0.23534113733268605,0.7636515225705702,0.17633105503694133,0.3439024390243902,0.9637813938608844,0.22555024281138464
34,pcg10,0.3636347971252417,0.7404774823657081,0.19438726627943081,0.3804878048780488,0.8811164371629846,0.20203194756143633
34,poisson_pcg10,0.6320007866695992,0.8448890329923375,0.23510475095011574,0.4146341463414634,0.6280402141227654,0.07104097480157023
34,cg20,0.24386539035000374,0.7924506703016027,0.1880908434755363,0.4,0.9398057675022212,0.14500009912716286
34,pcg20,0.47254320326518734,0.7853585749639374,0.20337854348468706,0.44146341463414634,0.8180198782475641,0.10994332744136977
34,poisson_pcg20,0.9651261998974503,0.9971421198205471,0.303701930949046,0.9073170731707317,0.13636092395684962,0.018586573514427274
34,cg40,0.2566975987201056,0.8074110345010124,0.21890611592973333,0.4878048780487805,0.8967905140262863,0.09572199938940329
34,pcg40,0.4658782939693991,0.7868864391302621,0.1942100025627522,0.43414634146341463,0.778713668639827,0.0633497880537181
34,poisson_pcg40,0.9999999046558459,1.0,0.3063398310808507,1.0,0.00011647401338513242,3.2973173833913834e-05
34,cg80,0.33327775432707396,0.8726936463613144,0.23460349015209495,0.5341463414634147,0.8245446532535798,0.06380068806235896
34,pcg80,0.5409857857721768,0.7947057422283392,0.2191165926372003,0.4951219512195122,0.708087980612395,0.04512041259693289
34,poisson_pcg80,1.0,1.0,0.3063398310808507,1.0,3.533943745059336e-10,1.1715659630598966e-10
34,poisson,0.36678918268252886,0.7949432923520771,0.15951842652515077,0.32195121951219513,144.0603009395259,448.8462389897629
34,amg,0.5320951574752947,0.6787945158344693,0.21186385057542198,0.47804878048780486,0.7539356209688176,0.0918106138805923
34,oracle,1.0,1.0,0.3063398310808507,1.0,1.48677587559637e-13,7.376116974176628e-15
35,ensemble,0.31788577439234555,0.7483345023357992,0.1680498678684485,0.2634146341463415,,
35,raw,0.061628939473770676,0.5819971414581211,0.14845769626063024,0.1951219512195122,,
35,smoothed,0.12210113118819187,0.6386505300213067,0.1760889307513141,0.24878048780487805,,
35,prediction_magnitude,0.4253421211935541,0.7259419292510885,0.0957336920441261,0.026829268292682926,,
35,boundary_distance,0.33883486915741956,0.8005994997551712,0.19104040287368454,0.36062717770034836,,
35,jacobi1,0.2991935709359949,0.6682377618675807,0.17891449015262306,0.2658536585365854,0.9544757403913393,0.6263109566975852
35,jacobi5,0.3839386899579095,0.6925466167304104,0.19437090475107197,0.2951219512195122,0.901622725405726,0.36675051936921227
35,jacobi10,0.44268936159286576,0.7195896139645065,0.20598275381300862,0.32926829268292684,0.8687612628599819,0.29010800248609825
35,jacobi20,0.5211692148980963,0.7479884334925824,0.2205818655282437,0.375609756097561,0.8247090962282255,0.22400709007334504
35,jacobi40,0.6092743640705565,0.7752782446435424,0.23374918351410998,0.4097560975609756,0.770488800734431,0.16947475208090212
35,jacobi80,0.6811622416431862,0.7958921694480102,0.24856009039246463,0.4609756097560976,0.7153087168965264,0.1206356862591786
35,cg5,0.06510405525719704,0.5844209467596575,0.1536501118713538,0.22439024390243903,0.968325117651175,0.3088203345979332
35,pcg5,0.43684528024922864,0.7182715085425406,0.20550177637516126,0.32682926829268294,0.8643304135215729,0.2858960072406103
35,poisson_pcg5,0.40689581991530255,0.677880708812514,0.18824380126370735,0.3,0.9502668660233133,0.09536723350442636
35,cg10,0.09975983558420976,0.6000112488916534,0.1665700850315627,0.24390243902439024,0.948499818811827,0.20872247357470852
35,pcg10,0.5877611701648822,0.7656842634622765,0.22766665213723816,0.3902439024390244,0.7742998863002633,0.17876435799520313
35,poisson_pcg10,0.6176310224955767,0.8800947553696915,0.275801669304588,0.48292682926829267,0.594580184907819,0.06666696645564728
35,cg20,0.1614058095309621,0.6185924328044149,0.1762785839788799,0.24634146341463414,0.913113804961779,0.12997162365221235
35,pcg20,0.7012174542205568,0.8026686341198734,0.2552422602224686,0.47317073170731705,0.6673407419282457,0.08144546646741252
35,poisson_pcg20,0.9995159258544625,0.9999920596058918,0.35466183863389544,0.9951219512195122,0.014302324560999887,0.0026402418356399307
35,cg40,0.2976720612389147,0.6591499808107142,0.2075564042995975,0.3121951219512195,0.848759708416303,0.0786284736832694
35,pcg40,0.7313415812033799,0.7849013406032053,0.2524206508841644,0.47804878048780486,0.6514979070013667,0.040859221752041
35,poisson_pcg40,0.9999999841093077,1.0,0.35466556310198216,1.0,1.9566952794657816e-05,5.654196759378498e-06
35,cg80,0.4780747244686655,0.6965790135383719,0.23100056986733417,0.37317073170731707,0.7826583858563818,0.04723744454843313
35,pcg80,0.7719711896787921,0.8053816021068513,0.2579018729823371,0.4853658536585366,0.6101841601333661,0.024673650098794565
35,poisson_pcg80,1.0,1.0,0.35466556310198216,1.0,9.228496913342625e-12,4.3841017079391935e-12
35,poisson,0.21366990961821214,0.6276755819647182,0.1680662231236472,0.23902439024390243,154.16284959554253,437.7548195544518
35,amg,0.5797368900181363,0.6685639797255271,0.20534108493851805,0.32926829268292684,0.8224902006122318,0.08081007442777073
35,oracle,1.0,1.0,0.35466556310198216,1.0,2.011070043037656e-12,6.788899052277173e-14
36,ensemble,0.2530965860450468,0.692708071410611,0.15105129782465798,0.22926829268292684,,
36,raw,0.23755894434058336,0.6945528896417559,0.15823251391726698,0.24390243902439024,,
36,smoothed,0.26275656291183086,0.7626596350065509,0.18215283993751188,0.3024390243902439,,
36,prediction_magnitude,0.20359795974126965,0.6233288778899726,0.1056693661585209,0.14878048780487804,,
36,boundary_distance,0.19328699100671842,0.5595291346293821,0.06869108932668712,0.004181184668989547,,
36,jacobi1,0.24324734841271334,0.6542573746410281,0.18474428152399194,0.2634146341463415,0.9395484199589943,0.6667671153863649
36,jacobi5,0.3326557208574062,0.7207773645831955,0.20992370654816025,0.35121951219512193,0.8578851262159913,0.37032660896669783
36,jacobi10,0.390434200805881,0.7705159932771329,0.22549302660314532,0.4097560975609756,0.8102172024845768,0.2807745633381032
36,jacobi20,0.4494862390725122,0.8216428675409922,0.24153435230588022,0.4609756097560976,0.7532057636247582,0.22021786170559718
36,jacobi40,0.4976235572578457,0.8515781533290102,0.2709117302554347,0.5560975609756098,0.6876197005710334,0.17088625361975796
36,jacobi80,0.5464315183662038,0.8932228736286277,0.2805916875087394,0.5926829268292683,0.6189280146165526,0.12258954474780813
36,cg5,0.2413671489432431,0.7017951907679685,0.1761087204054967,0.3048780487804878,0.9533060297238058,0.28984092644898724
36,pcg5,0.4004530773418928,0.776100075433744,0.2239189035553132,0.4073170731707317,0.7987560770882278,0.27152539592632596
36,poisson_pcg5,0.47716568710850926,0.9360222595714834,0.2930958733906719,0.6121951219512195,0.6349358867049693,0.08722447972584954
36,cg10,0.24357347868029275,0.7094338499000834,0.17681901908847797,0.3195121951219512,0.9260943256043116,0.20556969837605674
36,pcg10,0.5083702627785475,0.8565521485383057,0.2739303998692428,0.5609756097560976,0.6769103602295973,0.18018646740251082
36,poisson_pcg10,0.5238455130845427,0.9620521948572714,0.3047439184592003,0.6585365853658537,0.5877956691068278,0.07389620528266604
36,cg20,0.2521461653056132,0.7277847623837063,0.1802411083490946,0.36097560975609755,0.8840300153557371,0.12898470460933117
36,pcg20,0.5758882036147127,0.9267750089329434,0.28845029891268203,0.6121951219512195,0.5620694497757636,0.0914370321698643
36,poisson_pcg20,0.999629130623084,0.9999576512314228,0.3482994343763554,0.9878048780487805,0.013995073361438232,0.002733507801084301
36,cg40,0.2794903054133799,0.7659919537339703,0.22331956570856898,0.4585365853658537,0.7949551113586273,0.08164518599542327
36,pcg40,0.6370745316010621,0.9594411285946826,0.31036871073902755,0.7,0.47392873977535416,0.04579335665185706
36,poisson_pcg40,0.9999999675201234,1.0,0.3483406621165431,1.0,6.207024575099785e-05,5.33424609541653e-06
36,cg80,0.384073225449013,0.8295422362796607,0.25178264631104347,0.4951219512195122,0.6977150249859063,0.04320286572921424
36,pcg80,0.6792436623099208,0.9586980400460543,0.31665503625303376,0.7024390243902439,0.4391060881552702,0.016652680886007125
36,poisson_pcg80,1.0,1.0,0.3483406621165431,1.0,3.057033328024618e-11,5.981484360190212e-12
36,poisson,0.2544468028094577,0.6499940447044188,0.10819049259316134,0.13414634146341464,207.00536078126396,431.253450666769
36,amg,0.8369677758342006,0.9791280123870149,0.3330903010468924,0.8073170731707318,0.30648425894164116,0.08384497526216628
36,oracle,1.0,1.0,0.3483406621165431,1.0,5.586836684571229e-13,1.5532889356019135e-14
37,ensemble,0.3399590539116221,0.6997015735214325,0.15288946471251824,0.2073170731707317,,
37,raw,-0.010622962429066745,0.6539708587536228,0.16456624517226442,0.2707317073170732,,
37,smoothed,0.020735883225776748,0.7300378492119158,0.1784834326329929,0.3097560975609756,,
37,prediction_magnitude,0.496948379026443,0.7306704339425381,0.10546307052546802,0.06585365853658537,,
37,boundary_distance,0.18166372695166097,0.6941717507245609,0.10474282267530252,0.10464576074332171,,
37,jacobi1,0.2319555750304431,0.632658179267631,0.16430514425608253,0.21951219512195122,0.9658735630757193,0.6542390911493887
37,jacobi5,0.3119564316260737,0.6398879081031722,0.18156241474266302,0.24390243902439024,0.9269950265406388,0.39983576897704576
37,jacobi10,0.3468303480275369,0.6414885592154891,0.18936539949259862,0.25365853658536586,0.9084619987896304,0.3268962327802942
37,jacobi20,0.3936343934667308,0.6589898495295317,0.19465602645502098,0.25365853658536586,0.8871737285365734,0.2707260823192706
37,jacobi40,0.42817674987326565,0.6819832457684316,0.19814431951700748,0.26097560975609757,0.8599453059611992,0.22015531363802096
37,jacobi80,0.45527361282148515,0.7175992218413774,0.20921003085699189,0.2975609756097561,0.8196992244098221,0.1671794126574204
37,cg5,-0.002471113200905961,0.653698900255416,0.15795477114538584,0.25121951219512195,0.9660027166352262,0.33539009164053013
37,pcg5,0.3436296325454456,0.6375673279250427,0.19382040820572602,0.2634146341463415,0.9068020429289192,0.3186278598121241
37,poisson_pcg5,0.6181598390682878,0.9607433532284319,0.30693749388416813,0.6048780487804878,0.5870878955537269,0.08855689774712747
37,cg10,0.02035971299328062,0.6692514855153977,0.1702831371196552,0.2658536585365854,0.9377212740177527,0.2465947631809464
37,pcg10,0.43162685789784316,0.6719843044876461,0.1963574191736253,0.2634146341463415,0.8651425075771805,0.2259477441304998
37,poisson_pcg10,0.7285050706116712,0.9814644733533607,0.3381256701564808,0.7536585365853659,0.5419433344656333,0.06908735350875278
37,cg20,0.06471224998038634,0.7014775750036394,0.20420482329094666,0.35365853658536583,0.8815855517490406,0.1465375408895654
37,pcg20,0.47111098721027667,0.7688253510315896,0.2343237041516848,0.3853658536585366,0.7807578096782594,0.11246486779913835
37,poisson_pcg20,0.9995690659013766,0.9999947064039278,0.3607300587290075,0.9951219512195122,0.012292636272440484,0.002507679289300523
37,cg40,0.12674161324879454,0.7384493733705649,0.24733991827665658,0.48292682926829267,0.8220178367287976,0.0889771871497595
37,pcg40,0.597184269893722,0.8816385003242327,0.28225049284916837,0.5780487804878048,0.6473923004360254,0.056509456173165495
37,poisson_pcg40,0.9999998896382682,1.0,0.36074340758258827,1.0,0.00013470214376753428,7.811485660252686e-06
37,cg80,0.3036875691018109,0.8023199184786205,0.28122450523190823,0.5585365853658537,0.7381746693069707,0.04803543553551782
37,pcg80,0.6831977052261616,0.8990100975345077,0.2973748983786647,0.6634146341463415,0.5697940460869659,0.027568775701450075
37,poisson_pcg80,1.0,1.0,0.36074340758258827,1.0,1.97369455830639e-11,6.362403597032036e-12
37,poisson,0.17131463097327984,0.7128826277410902,0.13282143140455702,0.17073170731707318,187.90247166928762,431.05288687451235
37,amg,0.8187048133319319,0.9824682715085425,0.33692187598972045,0.7292682926829268,0.3813924232679827,0.07674290436493114
37,oracle,1.0,1.0,0.36074340758258827,1.0,3.1552754278809635e-12,8.363794720330927e-14
38,ensemble,0.4334558952750427,0.708027738443418,0.1745285298739621,0.33170731707317075,,
38,raw,0.22851406544204822,0.6911544009634345,0.15722990467243853,0.2658536585365854,,
38,smoothed,0.32680319701591937,0.7973234254860183,0.17080638113480195,0.3,,
38,prediction_magnitude,0.4936740449351621,0.5647413416619245,0.13382368188180854,0.03170731707317073,,
38,boundary_distance,0.8179339347797646,0.9065031827746384,0.19297445889614265,0.3786295005807201,,
38,jacobi1,0.17221938605377518,0.6235928959940712,0.14689648715252984,0.23414634146341465,0.9882123372384125,0.6598394833267718
38,jacobi5,0.20194873742267413,0.6488770959331949,0.15104010927182332,0.2634146341463415,0.971880213266556,0.4226793945396902
38,jacobi10,0.2127087240697428,0.6741301959953946,0.16171921483459045,0.3073170731707317,0.9601982479575347,0.3544572331997646
38,jacobi20,0.23889852516772747,0.6912159390177732,0.16686707109302495,0.33170731707317075,0.9428223261133998,0.29809402808569707
38,jacobi40,0.2897798451440503,0.7086775273612747,0.17898827849681453,0.3780487804878049,0.9162213997219734,0.2489388985217869
38,jacobi80,0.3758963172974664,0.7487308603417017,0.19381460218152533,0.4219512195121951,0.8751768239235284,0.21151293376745442
38,cg5,0.22784680269630198,0.6991907415004698,0.1576888129203166,0.29024390243902437,0.9922251784539886,0.367721850445208
38,pcg5,0.21431875941706877,0.6740832153302542,0.1635671315322163,0.32195121951219513,0.9576496273108474,0.34968488876222503
38,poisson_pcg5,0.8773789101650475,0.9860348318621548,0.2587149236135217,0.8317073170731707,0.3189233401056644,0.09681287922956859
38,cg10,0.23213227778344026,0.7071926736630362,0.162826769382925,0.32195121951219513,0.9850218356545661,0.27137952314137614
38,pcg10,0.2868936878384054,0.7015735214324471,0.18053780138735623,0.37317073170731707,0.9124737931091909,0.24977356812093762
38,poisson_pcg10,0.9307660250403226,0.9943722456757937,0.2619030448983528,0.8682926829268293,0.2023951330278856,0.07233786760518267
38,cg20,0.23430790478196542,0.7193335362545161,0.17292067314558032,0.35121951219512193,0.9723156069059209,0.21750289719458735
38,pcg20,0.5046369978080204,0.7968900123076109,0.20566410259133777,0.47317073170731705,0.8248963391985579,0.19358377332250734
38,poisson_pcg20,0.9999603834561674,0.9999827958127655,0.26544482986667794,0.9926829268292683,0.005575164581952158,0.0028397509932016774
38,cg40,0.25183076003302696,0.7637309265116525,0.1940515327888022,0.48048780487804876,0.933173121663268,0.16998195924248227
38,pcg40,0.7373677913602802,0.9261946984635337,0.2379201500666244,0.6073170731707317,0.634748020533172,0.14635301292869066
38,poisson_pcg40,0.9999999970314093,1.0,0.26545212474971946,1.0,8.259194969949335e-06,5.510577399963998e-06
38,cg80,0.38700121037482976,0.8295045194076466,0.23342324881599938,0.5853658536585366,0.7843586147558556,0.10156617082396026
38,pcg80,0.8836983982419572,0.9716203697576856,0.2474172907840986,0.7292682926829268,0.2833740405791155,0.038872902566369445
38,poisson_pcg80,1.0,1.0,0.26545212474971946,1.0,4.83658778683108e-12,6.3069535242944985e-12
38,poisson,0.6754047961797631,0.8291571271654117,0.18773078176042757,0.3463414634146341,76.48278751461443,433.3325958013897
38,amg,0.9905446625965261,0.9944807643952728,0.26334116341172586,0.8780487804878049,0.1981536167068229,0.11162760279828195
38,oracle,1.0,1.0,0.26545212474971946,1.0,1.3156330809644006e-14,3.210983793401937e-15
39,ensemble,0.2103132704715704,0.6913370300279237,0.15884168677149269,0.2731707317073171,,
39,raw,0.32548253309762304,0.7857278032899699,0.20661940577816723,0.4121951219512195,,
39,smoothed,0.3248364606774724,0.8200078080542065,0.20348098457011812,0.4073170731707317,,
39,prediction_magnitude,0.21474381430875894,0.684369334197954,0.14420994084233488,0.23414634146341465,,
39,boundary_distance,0.1852245931368059,0.652267644217408,0.13599232714772416,0.2119628339140534,,
39,jacobi1,0.3165365079262634,0.7630057038497677,0.20274139225317195,0.3829268292682927,0.8812533668081253,0.5577277501915501
39,jacobi5,0.41956793549689275,0.8243240739515372,0.2268193911457156,0.4658536585365854,0.7491902462408104,0.26341556803621236
39,jacobi10,0.47847279906017637,0.8673682887127298,0.24846270811925733,0.5365853658536586,0.6762456280559671,0.20173453887692325
39,jacobi20,0.5466931535521167,0.9146936992972752,0.2655769603544453,0.6048780487804878,0.5863076983957374,0.1435384693727848
39,jacobi40,0.6335082269921214,0.9554504188557892,0.2788975336977526,0.6536585365853659,0.48544045409592584,0.08143406360328322
39,jacobi80,0.7368597437478822,0.9723919113852018,0.28871323313033503,0.7073170731707317,0.3925145986661262,0.040088211665594044
39,cg5,0.32698100041764233,0.7908175959133439,0.21015888932141455,0.4219512195121951,0.9284180518997065,0.24048437217488935
39,pcg5,0.45977003091274016,0.8527354657702844,0.24213223705048467,0.5170731707317073,0.6888910837298736,0.20071652268897772
39,poisson_pcg5,0.28997666725982607,0.7632994984317721,0.18480983441990217,0.32195121951219513,1.1959215373359027,0.09577559747161743
39,cg10,0.3293365783314603,0.7982253219168112,0.21094295945995095,0.43414634146341463,0.8898477482535382,0.11943291972381738
39,pcg10,0.6104153697416965,0.9499920596058917,0.2727488617675806,0.6097560975609756,0.48011833266916504,0.06524224067180988
39,poisson_pcg10,0.8688772158190996,0.9782333946508212,0.2933878542918919,0.7829268292682927,0.3335110136063156,0.027652635498722405
39,cg20,0.33031283489197627,0.8019758347339306,0.2132311731842813,0.44390243902439025,0.8688682663646284,0.08120633271981996
39,pcg20,0.7530778797315288,0.9738284610192819,0.28925120730847825,0.7146341463414634,0.3723102431844188,0.011522322939402297
39,poisson_pcg20,0.9999799986823648,0.9999900745073648,0.30957909732147265,0.9951219512195122,0.003434785441794087,0.0005682328063313155
39,cg40,0.3479301128117621,0.8227174675436391,0.2233219245732221,0.5048780487804878,0.7643009656377908,0.04586945698522111
39,pcg40,0.8893903448907493,0.9765103291293358,0.2980813341759904,0.802439024390244,0.26726709184156966,0.007880481588526552
39,poisson_pcg40,0.9999999881256365,1.0,0.30958055161876497,1.0,1.597045327183804e-05,1.528886141603696e-06
39,cg80,0.4474591261356921,0.8858204412212326,0.25120625356826165,0.5756097560975609,0.6558939198445138,0.024173159865710492
39,pcg80,0.8571591402130994,0.9829446951550362,0.29961523611353225,0.7975609756097561,0.2605329505981271,0.0054398934787277375
39,poisson_pcg80,1.0,1.0,0.30958055161876497,1.0,2.1512559574823866e-11,2.5393453646754425e-13
39,poisson,0.29644698909028183,0.7627827111152283,0.1902961004878135,0.33902439024390246,230.95771596423646,425.380174405415
39,amg,0.7154223627639295,0.9562762198430449,0.2920790117273452,0.7536585365853659,0.4695607200296523,0.06740825881720203
39,oracle,1.0,1.0,0.30958055161876497,1.0,2.140178077034296e-11,2.3679318956285245e-13
40,ensemble,0.360796680700488,0.6853612217619734,0.15131566101939622,0.24878048780487805,,
40,raw,0.2273402392047227,0.8020525918769769,0.2120552009510462,0.5634146341463414,,
40,smoothed,0.3360098925811547,0.8747561637309265,0.21899186357294528,0.6024390243902439,,
40,prediction_magnitude,0.653446328425729,0.55478210235168,0.13269116974396444,0.0024390243902439024,,
40,boundary_distance,0.6377873526889811,0.6023596204491616,0.13813488238848542,0.01608594657375145,,
40,jacobi1,0.07862974147526869,0.6211697523920438,0.12603512088119312,0.2146341463414634,0.9895536756217608,0.5555648823923456
40,jacobi5,0.13041217372182673,0.6180915262760875,0.13207903697393467,0.21707317073170732,0.9817171650689327,0.2627966015600228
40,jacobi10,0.1444169430110458,0.6243862737053849,0.13044092675284844,0.2073170731707317,0.9775678461743429,0.17355684138361427
40,jacobi20,0.15528863895542258,0.6280123870148089,0.1343188761370695,0.2048780487804878,0.972089521883562,0.11238203462392345
40,jacobi40,0.16599018225527523,0.64044241229173,0.13465030971782266,0.1975609756097561,0.9650946967963279,0.08041167778652435
40,jacobi80,0.1838907053056221,0.6520340642907243,0.1370403441620568,0.21951219512195122,0.9565242884346983,0.06560447060268944
40,cg5,0.22447806357321898,0.7991014120667522,0.20879800175588326,0.5560975609756098,0.995550841232474,0.1915210463295288
40,pcg5,0.15465479730433507,0.6242598890991623,0.13396418460432127,0.2146341463414634,0.9785191569613686,0.1509007580398542
40,poisson_pcg5,0.8121495300811435,0.9466537855828911,0.23128437353299003,0.7170731707317073,0.7660854523312456,0.11120474124560026
40,cg10,0.22166966169547137,0.7948334502335799,0.20445902126782475,0.5414634146341464,0.9945216822464632,0.12814231612063237
40,pcg10,0.1614076671703632,0.6255171181662983,0.13703950981318094,0.2073170731707317,0.9695465883118849,0.0698252918792038
40,poisson_pcg10,0.9936310841863876,0.9983583235181239,0.24731308275638764,0.9365853658536586,0.12074600917526628,0.027833115164515747
40,cg20,0.22099861050388875,0.7918240408665617,0.19380549966215121,0.5024390243902439,0.990975932105838,0.10793461459488404
40,pcg20,0.1857887432123344,0.6546874793218903,0.13682937962546146,0.21951219512195122,0.9540531496005741,0.05122167679118826
40,poisson_pcg20,0.9999996659462141,1.0,0.24815670538376416,1.0,0.0005054558493355066,0.00029669551978916893
40,cg40,0.16381716133029975,0.7271647499437556,0.15824487243333987,0.36829268292682926,0.9773726094467172,0.06619991876364956
40,pcg40,0.2921335455114459,0.6241685745669177,0.15276963709767527,0.23902439024390243,0.9308495445634422,0.04859617022318514
40,poisson_pcg40,0.9999999998253771,1.0,0.24815670538376416,1.0,1.2905507427959103e-07,6.781395924313126e-08
40,cg80,0.21369829441112545,0.7332682662149465,0.16006447067555046,0.36341463414634145,0.9577024331133674,0.052331727719940865
40,pcg80,0.6906345145084047,0.7476496433439647,0.1522888504104937,0.12926829268292683,0.5270200024795938,0.03825646847382349
40,poisson_pcg80,1.0,1.0,0.24815670538376416,1.0,5.438228401043588e-12,2.6641632723824677e-13
40,poisson,0.8020889961823783,0.9044585312917698,0.22383854413457838,0.6487804878048781,66.35514898248273,453.50755607951305
40,amg,0.9932955508198732,0.9946303084843111,0.2457397589082649,0.8560975609756097,0.13689298515275308,0.06248398059345479
40,oracle,1.0,1.0,0.24815670538376416,1.0,6.221314729142348e-12,3.052832227801973e-13
41,ensemble,0.32900250428929956,0.7795766446541297,0.17953667495595443,0.3170731707317073,,
41,raw,0.1032200670275691,0.5809086457657848,0.1269346479485542,0.1878048780487805,,
41,smoothed,0.11667174033773262,0.6180194010296044,0.14109337677924794,0.23170731707317074,,
41,prediction_magnitude,0.34047037430815763,0.794175720921615,0.16646414773302662,0.3170731707317073,,
41,boundary_distance,0.3076865268348867,0.7894723608115083,0.16972159074826773,0.2888501742160278,,
41,jacobi1,0.19726281252207234,0.6596859574130196,0.15554504587006043,0.22195121951219512,0.9391996128818196,0.6000281241841607
41,jacobi5,0.29150241610468797,0.7211419610126649,0.17691793786627572,0.2975609756097561,0.8542173082297775,0.3124872463719277
41,jacobi10,0.32741848340237784,0.7497260564032662,0.19085516983503334,0.35609756097560974,0.8034856068919025,0.2254454226978439
41,jacobi20,0.3785261731019011,0.7860513743498803,0.20482633913188766,0.40487804878048783,0.7435516884102665,0.15346345502506148
41,jacobi40,0.44029244343164975,0.8254529333139234,0.22291306460420096,0.48048780487804876,0.6809099545269715,0.09777102976432094
41,jacobi80,0.49559700014601277,0.8634530127178646,0.23175265369709858,0.5048780487804878,0.6269998576496959,0.05926043650610125
41,cg5,0.11124744900254228,0.5897939467728915,0.12776651975076386,0.17804878048780487,0.9624130042859245,0.23879348642469853
41,pcg5,0.3290202672894086,0.7557845771078437,0.191828709547759,0.36341463414634145,0.79345163678544,0.22050889447185096
41,poisson_pcg5,0.5017648749523349,0.838727287164353,0.21688059625696426,0.4268292682926829,0.6575385624863908,0.08911359186370124
41,cg10,0.10812232449634816,0.5912576260868414,0.12612947490293988,0.17317073170731706,0.949611229166522,0.14242284947616665
41,pcg10,0.4297308485864422,0.8229378134801424,0.21888545921383398,0.4634146341463415,0.6860866561948382,0.1077124943892362
41,poisson_pcg10,0.9689701281735565,0.9959272395219883,0.2964645975890013,0.9048780487804878,0.14931333188727217,0.021303875772553812
41,cg20,0.11996524716054631,0.6080151661527468,0.12989042018029268,0.1902439024390244,0.9325118305313009,0.09838602619808405
41,pcg20,0.5212164914541463,0.8767161176766407,0.2364714012795538,0.524390243902439,0.6021437346741427,0.04553517901446962
41,poisson_pcg20,0.9999190156183364,0.9999933830049098,0.29887433242000233,0.9975609756097561,0.005559979281939785,0.001320079612786253
41,cg40,0.23547122622389208,0.6644984979421146,0.16906282994872998,0.25365853658536586,0.8564530621489659,0.06390343799937565
41,pcg40,0.6414232932041314,0.8868249010759234,0.24562298528479332,0.5634146341463414,0.540713747226654,0.0343272715746215
41,poisson_pcg40,0.999999998428393,1.0,0.29887500903960135,1.0,2.064592026616733e-06,4.428098355568112e-07
41,cg80,0.39233590142987457,0.7184375951193044,0.19490076217922336,0.3170731707317073,0.7833737857712005,0.0399041340537493
41,pcg80,0.771842451147192,0.8962349297936821,0.25900728365635517,0.6097560975609756,0.4539207456206276,0.009728912818580572
41,poisson_pcg80,1.0,1.0,0.29887500903960135,1.0,1.1725700154246016e-12,2.317040621761612e-13
41,poisson,0.27670426942321774,0.7518779032065959,0.16657045950780508,0.32926829268292684,147.91988128154415,438.9423830739976
41,amg,0.8754335012312459,0.9576135145507721,0.27927435763205893,0.7365853658536585,0.34455156938407594,0.0719684818889165
41,oracle,1.0,1.0,0.29887500903960135,1.0,6.471837969952661e-14,9.809186849675826e-15
42,ensemble,0.20465502902904698,0.6935676190728266,0.15638494336210934,0.24390243902439024,,
42,raw,-0.005986376207441164,0.5705020975874436,0.08206583341592921,0.09024390243902439,,
42,smoothed,-0.05978217367181473,0.5654387729444305,0.0976216435483085,0.12439024390243902,,
42,prediction_magnitude,0.42739897207686145,0.8467040747455765,0.24221094689174122,0.5341463414634147,,
42,boundary_distance,0.2769332336220778,0.8042044386803064,0.1786974487320966,0.3087108013937282,,
42,jacobi1,0.15507878490029112,0.6333893572250969,0.1580296059746697,0.21707317073170732,0.9609415796600481,0.6278728754536508
42,jacobi5,0.2459619667418915,0.648845334356762,0.18433607726777212,0.2731707317073171,0.9027554025465204,0.36542001921935524
42,jacobi10,0.3160360639228561,0.6532939401558964,0.197813502493858,0.2975609756097561,0.8563055130843928,0.2812545983234653
42,jacobi20,0.42118555367307314,0.6905608565038445,0.22559955062008302,0.35609756097560974,0.7853850229384262,0.20110751733389018
42,jacobi40,0.5497559896874087,0.7585610682476873,0.24674358467959748,0.4097560975609756,0.683666032481613,0.1290091265719977
42,jacobi80,0.6915164379817919,0.8746959490756058,0.27333963105545483,0.5073170731707317,0.5521851278891544,0.08324644360698961
42,cg5,-0.008951750360813015,0.5676369387133915,0.08268137958676544,0.08780487804878048,0.981376790361084,0.3061466849499621
42,pcg5,0.3340324914926472,0.6577326204623957,0.20004185643188294,0.3024390243902439,0.8409877589657864,0.26925549769518775
42,poisson_pcg5,0.35387466209752333,0.8958868758519382,0.2579630435370314,0.5317073170731708,0.765170062134561,0.12053375172452603
42,cg10,-0.0013218499576657986,0.5759822929211387,0.09024910438614356,0.11219512195121951,0.9710939156670783,0.189114458670757
42,pcg10,0.5189373388648869,0.7347597369082752,0.23924483060622642,0.3926829268292683,0.6823897822047742,0.12788665855004772
42,poisson_pcg10,0.9524740926184152,0.9970494818892844,0.3346395188581868,0.9243902439024391,0.17592793990778266,0.04202247989443494
42,cg20,0.017152558812185904,0.5859024919603509,0.09870867458843702,0.12682926829268293,0.9559116993478987,0.14263306816756957
42,pcg20,0.7554099085123596,0.9284947659568836,0.29341221283993085,0.5951219512195122,0.443510057155332,0.06766708835565786
42,poisson_pcg20,0.9997688868178136,0.9999788256157114,0.337453231163886,0.9926829268292683,0.011139235060628848,0.0032389586502170565
42,cg40,0.0734233951769744,0.6074805129494594,0.13170701257028433,0.18048780487804877,0.9177118189433232,0.09444808859672574
42,pcg40,0.8711977722185269,0.9755594669348755,0.3255888242301594,0.8170731707317073,0.27440489204553387,0.022120160241592086
42,poisson_pcg40,0.9999999982537702,1.0,0.33749342290701984,1.0,2.7147206829814375e-06,9.142460882428113e-07
42,cg80,0.2573890498936169,0.6625067824199674,0.18329401219251523,0.2658536585365854,0.8503430862168749,0.06060356432000869
42,pcg80,0.9054615829484923,0.9814194777867474,0.3290016644901125,0.8975609756097561,0.24227259103114598,0.01325381829992043
42,poisson_pcg80,1.0,1.0,0.33749342290701984,1.0,2.00902104943518e-12,1.524178486828892e-12
42,poisson,0.2362310625554882,0.8340120164630838,0.19299744178077133,0.32926829268292684,93.72216985116293,427.50090667185634
42,amg,0.9882413240242235,0.9986157246271323,0.33627600604970903,0.9439024390243902,0.1150751437729791,0.07567465131358786
42,oracle,1.0,1.0,0.33749342290701984,1.0,3.0298923545074245e-13,1.5217915572416377e-14
43,ensemble,0.15841796069988,0.5630242314360203,0.12307096639235664,0.14634146341463414,,
43,raw,0.2445705721294662,0.6678215528764078,0.15973793419892476,0.25609756097560976,,
43,smoothed,0.31762897748570385,0.719960165689557,0.16451224414226812,0.28536585365853656,,
43,prediction_magnitude,0.3086858831866612,0.7139056151820335,0.13443459258198984,0.17804878048780487,,
43,boundary_distance,0.24762471229449992,0.6806624935484298,0.14850318774171695,0.20447154471544718,,
43,jacobi1,0.2038929797002587,0.6458213676005452,0.15876514432466474,0.24634146341463414,0.9415039578580444,0.5893829354943749
43,jacobi5,0.2846666474651224,0.6708170665537366,0.16766793457721074,0.2682926829268293,0.8800067185653506,0.29075257420660194
43,jacobi10,0.3514210057826195,0.683145190106269,0.17432750992025772,0.28780487804878047,0.8476897136813052,0.2099370778317409
43,jacobi20,0.4169225223553753,0.7060022762463111,0.178793626874926,0.3048780487804878,0.8069637361852465,0.14968305383445066
43,jacobi40,0.47684228602368967,0.7256547516641743,0.18454992535990686,0.3170731707317073,0.7583518113528673,0.09811143560773825
43,jacobi80,0.5213915543226149,0.7369612111747813,0.19610878386208905,0.36341463414634145,0.7120593594139512,0.06369272776571408
43,cg5,0.2431799718770368,0.6677004618662573,0.1620394872336485,0.25853658536585367,0.9656856795436635,0.23798958854431257
43,pcg5,0.3446702682379607,0.6847240051347881,0.17124972609951744,0.28536585365853656,0.8513377425965277,0.20303091330283493
43,poisson_pcg5,0.31702010570027567,0.7080118576552016,0.16167194600942303,0.21707317073170732,1.1507068498338595,0.097331712477401
43,cg10,0.24521219707660438,0.667030160263621,0.15909553613392416,0.24878048780487805,0.950551473534817,0.14466136180539105
43,pcg10,0.4595262807884086,0.7099221841377393,0.17834894483997948,0.2951219512195122,0.7703749972140223,0.09726842525493583
43,poisson_pcg10,0.9704988560866814,0.9892811296534018,0.2792659353046567,0.802439024390244,0.20668037120292515,0.026238461430880305
43,cg20,0.24853587141846847,0.6703803448777841,0.16010949104365835,0.2682926829268293,0.9353911027168534,0.0975495135197052
43,pcg20,0.5191456824311276,0.7366336699178169,0.19876382827348,0.37317073170731707,0.6994950279651918,0.030574119157456923
43,poisson_pcg20,0.9999953028161074,0.999996691502455,0.28703563262953175,0.9951219512195122,0.0015342360513645233,0.0004011994772709943
43,cg40,0.25324493596113834,0.6727439355239998,0.16748842304543513,0.24146341463414633,0.8823430221393798,0.058425907571537566
43,pcg40,0.5368202496147678,0.7155737596442704,0.20267835536363393,0.35853658536585364,0.6951668866593778,0.016296433788052442
43,poisson_pcg40,0.9999999958090483,1.0,0.2870379995050783,1.0,3.415281257120653e-06,6.440862672785096e-07
43,cg80,0.3151666376932197,0.6938713391474663,0.175836219273831,0.26097560975609757,0.830888568440508,0.035650185270851883
43,pcg80,0.40304765091980777,0.6905740904940249,0.1982365360844129,0.32195121951219513,0.761872509809259,0.014877470309670507
43,poisson_pcg80,1.0,1.0,0.2870379995050783,1.0,7.868043665891772e-12,1.5715375894767058e-13
43,poisson,0.27519024494073885,0.701044823524741,0.160739936392374,0.22682926829268293,240.94792294897653,433.13868506961586
43,amg,0.7421883567004045,0.9477105196987944,0.2626681023870908,0.6414634146341464,0.43308940788680506,0.06302191446621985
43,oracle,1.0,1.0,0.2870379995050783,1.0,8.480110914533013e-12,1.6383454402192787e-13
44,ensemble,0.36140686442846376,0.674422667178381,0.16728563739555413,0.22195121951219512,,
44,raw,0.29573088708731976,0.7594761986686606,0.2076558570092537,0.36341463414634145,,
44,smoothed,0.36543064216390353,0.825890978388894,0.19718894410400475,0.33658536585365856,,
44,prediction_magnitude,0.4742857814806421,0.6949379987560049,0.17640613597795213,0.25609756097560976,,
44,boundary_distance,0.527170624880251,0.8164908751637706,0.25038786070438573,0.4524390243902439,,
44,jacobi1,0.18389326126237282,0.6608882654209071,0.16765361484499067,0.2634146341463415,0.97558483506352,0.7110239878119042
44,jacobi5,0.24611424672306684,0.6705424612574937,0.18738762319141816,0.2975609756097561,0.9351294350811094,0.5124064804878
44,jacobi10,0.2945727067209345,0.7110265606182921,0.2034803663391436,0.34146341463414637,0.9048206231068756,0.4506043288195984
44,jacobi20,0.35155734495461927,0.7689616611304474,0.2286378233278001,0.4146341463414634,0.8612739375441238,0.3848658174217747
44,jacobi40,0.4189690975486508,0.8276689649696279,0.2524116642799456,0.5,0.7964663792709504,0.3103182580536004
44,jacobi80,0.5085774575001163,0.9090408003917261,0.2682739316045077,0.5682926829268292,0.7020596803924978,0.23185109349562064
44,cg5,0.29145356986255244,0.7626126543414105,0.21139732720970533,0.3780487804878049,0.9695353728717165,0.446112297167397
44,pcg5,0.316495535784135,0.7273480407077538,0.2151297428910984,0.35609756097560974,0.88721308388336,0.4384274429366156
44,poisson_pcg5,0.49917546951652514,0.8873145587125975,0.2753913162617079,0.5097560975609756,0.6823973819937552,0.08364405311385197
44,cg10,0.2957976926058087,0.7708230218493178,0.22243251317099808,0.4317073170731707,0.9354190942525006,0.31561475011017315
44,pcg10,0.4168361508543731,0.8225110172968252,0.24829150793677643,0.4902439024390244,0.7676738912688051,0.2919740120235983
44,poisson_pcg10,0.8621473319269058,0.9842866217593267,0.31697549329464697,0.748780487804878,0.2832117894621331,0.04192454356821604
44,cg20,0.29113965639419664,0.7766300967404682,0.2326722686262124,0.4658536585365854,0.8848954997910331,0.20395101284396175
44,pcg20,0.606335688375853,0.9635866760186864,0.3003901646432219,0.7073170731707317,0.5615057506233406,0.15311933199022812
44,poisson_pcg20,0.9997137333677886,0.9999285364530259,0.33334625801060913,0.9829268292682927,0.013364853901342228,0.002512847601172918
44,cg40,0.3062974813888211,0.8005822955679367,0.2513318245931496,0.5292682926829269,0.809436300524491,0.11452369448001547
44,pcg40,0.7567923301222819,0.9637871709699192,0.3098844970875902,0.6780487804878049,0.40491338891861056,0.03281406909744698
44,poisson_pcg40,0.999999999126885,1.0,0.33338129711297737,1.0,1.578198910648296e-06,5.971427445801917e-07
44,cg80,0.37651990281629727,0.8407302515781533,0.2793740374928189,0.6146341463414634,0.7220608255601526,0.06464608888279291
44,pcg80,0.798894369280189,0.9494726254913118,0.29985900788983466,0.6,0.4172631401853356,0.013683830547802155
44,poisson_pcg80,1.0,1.0,0.33338129711297737,1.0,6.905538066382017e-13,4.30419679310185e-14
44,poisson,0.6486325570265611,0.9162486931434697,0.2573928590694694,0.5487804878048781,131.87586842174747,418.4330311060901
44,amg,0.9409384243493518,0.992393102444318,0.32864959562634244,0.8634146341463415,0.19047450184618658,0.09836332038446793
44,oracle,1.0,1.0,0.33338129711297737,1.0,1.0354331434820538e-12,3.286789473309041e-14
45,ensemble,0.15353347059678482,0.5530285986527798,0.11949269357982846,0.11463414634146342,,
45,raw,0.24069069177303862,0.7203922554689465,0.1613375969841517,0.25609756097560976,,
45,smoothed,0.34283085266703234,0.7922865688233659,0.13899536568258758,0.1878048780487805,,
45,prediction_magnitude,0.18796654391787834,0.45388616121646835,0.08209943479576841,0.01707317073170732,,
45,boundary_distance,0.33116130473379574,0.6249738628693937,0.14601787687718656,0.13147502903600464,,
45,jacobi1,0.1852178995999932,0.5919259425909505,0.13190030251112447,0.13414634146341464,0.9738381769883964,0.605497878313701
45,jacobi5,0.2820275373405427,0.5924804467795085,0.15867901486205974,0.18048780487804877,0.9389622095123678,0.33028541061262734
45,jacobi10,0.33477957405931574,0.6148399348887683,0.1778609775574866,0.21707317073170732,0.915942185151654,0.2543977559188905
45,jacobi20,0.39607409426126816,0.6470256607069598,0.19459566011133247,0.25121951219512195,0.8873410816192189,0.19592788337750194
45,jacobi40,0.46819111299862265,0.6659290922806135,0.21025583307740367,0.2926829268292683,0.8544384051991472,0.14453994588010916
45,jacobi80,0.5453029828722504,0.6711677672935167,0.22142248522405675,0.32926829268292684,0.8182323721423616,0.0979734055339834
45,cg5,0.2452622483920156,0.7164247052128687,0.16349115723493232,0.25609756097560976,0.9794689580164336,0.27253797342074576
45,pcg5,0.338932691029452,0.61510858488943,0.17900501394249432,0.2121951219512195,0.9143052552344575,0.2516257310769021
45,poisson_pcg5,0.13956801068955352,0.569608803250268,0.07495172532595228,0.06585365853658537,1.182965620373934,0.0776532001271647
45,cg10,0.2524148489740215,0.7166966637110755,0.17076393434805343,0.24878048780487805,0.9676715893101437,0.18027358835143453
45,pcg10,0.4597822789694796,0.6655367044717653,0.21161725944139415,0.28780487804878047,0.849839574140846,0.15070964156076608
45,poisson_pcg10,0.8397005540815513,0.9987679155142067,0.34131451096005266,0.9317073170731708,0.26812722690921453,0.018965678048070353
45,cg20,0.2667940619982033,0.7053253576485846,0.18078474686829318,0.23170731707317074,0.9510779174703287,0.10853716519302332
45,pcg20,0.5959453256945134,0.6778860024085862,0.23327352257108144,0.35365853658536583,0.7875202996061522,0.06732876907432378
45,poisson_pcg20,0.9998990532416288,1.0,0.3423990527665527,1.0,0.0061182619670866025,0.0014803695813566163
45,cg40,0.29022457969782234,0.7093676799491815,0.1950131932794773,0.24878048780487805,0.929304570535374,0.06743468937198577
45,pcg40,0.6737507619499683,0.7264759207548668,0.2451016899062785,0.37073170731707317,0.7436638055734666,0.028453753606618025
45,poisson_pcg40,0.9999999989522621,1.0,0.3423990527665527,1.0,1.83472197172378e-06,4.5598082402638837e-07
45,cg80,0.3389562487189657,0.7051374349880233,0.19433895211355576,0.2634146341463415,0.8962410747861544,0.04126488799886429
45,pcg80,0.5765855259624997,0.8192223707370009,0.2562122332186967,0.4,0.640293606957957,0.024425465397501896
45,poisson_pcg80,1.0,1.0,0.3423990527665527,1.0,4.31903487293359e-12,2.0194542387637131e-13
45,poisson,0.20687611213891877,0.6201150033746675,0.09722954627720654,0.11951219512195121,163.47763839908225,437.265169877647
45,amg,0.9371050700193501,0.9977389727776822,0.33991282750828333,0.9243902439024391,0.19941608328097088,0.07363165719420568
45,oracle,1.0,1.0,0.3423990527665527,1.0,3.82590507146159e-12,9.219736973183861e-14
46,ensemble,0.18344994412343615,0.6594768603681697,0.12659744596240236,0.1951219512195122,,
46,raw,0.1067920837292386,0.7490590632981751,0.1989273992429245,0.43414634146341463,,
46,smoothed,0.10917153644792582,0.8385942855630402,0.2016636592247756,0.4317073170731707,,
46,prediction_magnitude,0.219371084917569,0.533080343554385,0.06258547679244911,0.0,,
46,boundary_distance,0.2957197400517157,0.6411193308894565,0.09983630669774715,0.049825783972125434,,
46,jacobi1,0.04819751544589269,0.6129825443669521,0.1388570268845397,0.22195121951219512,0.9882021873704896,0.5851901613994095
46,jacobi5,0.10767314194569466,0.5901711154930323,0.12770698394773897,0.15853658536585366,0.970649982239658,0.3322095292787906
46,jacobi10,0.1413768654904509,0.5736081150827786,0.12774980072331146,0.13902439024390245,0.9593420299389357,0.27297833454281506
46,jacobi20,0.1897821854414045,0.553593028333973,0.1317898503186978,0.11707317073170732,0.94387297605447,0.21951118986316456
46,jacobi40,0.26230125441195473,0.5389734393817079,0.13870162039764478,0.1024390243902439,0.9225326235776649,0.1609157582627209
46,jacobi80,0.3294766970435238,0.5352004287812818,0.15135911907711594,0.1048780487804878,0.8942816636833276,0.10245842156359183
46,cg5,0.1035171904951336,0.742882760080992,0.19453108538244562,0.4170731707317073,0.991606995916445,0.30864830985427344
46,pcg5,0.13733388236897856,0.5707687624895782,0.12847325301103868,0.14390243902439023,0.9598166400349021,0.27472000337458824
46,poisson_pcg5,0.45644328495242653,0.8036697854770192,0.2191419975372753,0.4682926829268293,0.7419165664468476,0.11735689383173768
46,cg10,0.10967962562059615,0.7449360136574779,0.19625457716893746,0.4146341463414634,0.9843933554474905,0.20267441764775215
46,pcg10,0.2559076718781991,0.5233215991953734,0.1366101997754973,0.08780487804878048,0.9195123877968975,0.15599539753719818
46,poisson_pcg10,0.977759841842698,0.9994494660084963,0.32282925039500426,0.9560975609756097,0.12125755797797058,0.03356319924767017
46,cg20,0.11159767165524047,0.7370578193030981,0.19448390821068195,0.3926829268292683,0.9770983830207608,0.1206842279162643
46,pcg20,0.3612913305383596,0.5432169183330466,0.15235331172242247,0.1,0.8726124156753896,0.05143851078443254
46,poisson_pcg20,0.9999954170195449,1.0,0.3239104718612396,1.0,0.0011289383068265612,0.000473306910997257
46,cg40,0.12908910332406184,0.7121600518772415,0.18775064426239568,0.33414634146341465,0.9564846471829308,0.07684037897499138
46,pcg40,0.4077912476832419,0.5392447361804058,0.14470242632808164,0.05853658536585366,0.8309393427280167,0.045864867269640765
46,poisson_pcg40,0.9999999996507541,1.0,0.3239104718612396,1.0,2.1091397778263007e-07,2.5709057246602757e-07
46,cg80,0.1956666602265707,0.6816788639942829,0.1821553578284914,0.275609756097561,0.9316119122730495,0.0574881123014441
46,pcg80,0.8518644933535974,0.9409704484999272,0.28175568286009856,0.6268292682926829,0.3901361214354172,0.03132214702891707
46,poisson_pcg80,1.0,1.0,0.3239104718612396,1.0,5.228650229150847e-12,2.053891121033636e-13
46,poisson,0.3816965230424679,0.7472400513478819,0.17484629048280673,0.34146341463414637,94.48544684351508,415.1602566894794
46,amg,0.9049692100198282,0.9987718857112609,0.32196121487400453,0.9390243902439024,0.25653190285408417,0.06860265428243517
46,oracle,1.0,1.0,0.3239104718612396,1.0,5.116729758668658e-12,2.0848714351117338e-13
47,ensemble,0.23896241064052498,0.6625352354988553,0.13339374656861833,0.2146341463414634,,
47,raw,0.2148021003206581,0.6259300186599261,0.13842505934078603,0.1902439024390244,,
47,smoothed,0.293765751692474,0.7177851594034117,0.14600036473757566,0.23170731707317074,,
47,prediction_magnitude,0.15965538690140912,0.5649802151846803,0.07744084042719647,0.01707317073170732,,
47,boundary_distance,0.5170952190340328,0.785274539126292,0.16260885199519307,0.208130081300813,,
47,jacobi1,0.16663620438400387,0.6553425618358191,0.15621191829686248,0.28780487804878047,0.9509191396274053,0.6632036060782361
47,jacobi5,0.2399460373390898,0.7240686579410558,0.1738945369567618,0.36341463414634145,0.887483626345666,0.38051046510758973
47,jacobi10,0.285952869617365,0.7881039662268571,0.17990311406512893,0.3829268292682927,0.8496658652850078,0.29552437959006966
47,jacobi20,0.349999593303049,0.8594583327819171,0.19711728477992965,0.44878048780487806,0.7990564600173758,0.22684458337136837
47,jacobi40,0.43732513794797373,0.9163942670354539,0.21793176662220454,0.5463414634146342,0.7334823950058761,0.16135573406456705
47,jacobi80,0.5341154719897455,0.9389066077312971,0.22439491825430466,0.5853658536585366,0.6601732606757943,0.10557411641435267
47,cg5,0.2156066417101073,0.6358177944231965,0.1411152119686938,0.23658536585365852,0.9666804939103298,0.30832681146390084
47,pcg5,0.29333003973413496,0.7949492476476583,0.1808424037532806,0.3878048780487805,0.8439027509757017,0.29061616628689735
47,poisson_pcg5,0.5564698770656922,0.7943722456757937,0.1974379165087282,0.4073170731707317,0.6823832033120228,0.09282910138105858
47,cg10,0.22562790621555037,0.6525018858436007,0.14547703332783435,0.2634146341463415,0.9455858295086836,0.1961095225871958
47,pcg10,0.4254766067424816,0.9144237258975954,0.21047319360373884,0.5146341463414634,0.7230648817065698,0.16612706879654804
47,poisson_pcg10,0.8214510048952552,0.9606626258883316,0.25794441262376183,0.7048780487804878,0.3433060736854378,0.05623689939509251
47,cg20,0.23173253170063907,0.6626735306962402,0.14691933796410372,0.25609756097560976,0.9239039139727987,0.12971726101379696
47,pcg20,0.5825952103231974,0.9374343263237299,0.23139420817993922,0.6195121951219512,0.6089660865792723,0.08225080620752019
47,poisson_pcg20,0.9997077176056746,0.9999523576353506,0.27513961162156675,0.9853658536585366,0.014821733648453959,0.0026334475071747316
47,cg40,0.25559387610574075,0.7191681113772613,0.18212535246845754,0.3804878048780488,0.8398564010074822,0.09343264970058902
47,pcg40,0.6951355814129833,0.9489392956870426,0.24315364961757388,0.6585365853658537,0.48821301644486964,0.06295839076633855
47,poisson_pcg40,0.9999999811407168,1.0,0.275184477467061,1.0,2.6795778203354526e-05,4.9586151179834145e-06
47,cg80,0.44018939299007986,0.8089117689874674,0.2173547927586464,0.4609756097560976,0.7111390306376952,0.052100990367301966
47,pcg80,0.8931560642430448,0.9583427074097111,0.26189312544769716,0.7414634146341463,0.28056960425507543,0.013925730134477008
47,poisson_pcg80,1.0,1.0,0.275184477467061,1.0,1.1638050155558355e-11,2.8812333559896796e-12
47,poisson,0.4949868595499164,0.8038424890488731,0.15686748310408422,0.2707317073170732,161.40357370637062,436.80345950721284
47,amg,0.6045013908302309,0.7622930534785544,0.21663672417342977,0.5707317073170731,0.6426344210865939,0.0788990849243243
47,oracle,1.0,1.0,0.275184477467061,1.0,1.0257465891089584e-12,3.383691898732035e-14
48,ensemble,0.35902611827726627,0.721456268279449,0.1903198544716271,0.23414634146341465,,
48,raw,0.06383660507671789,0.6440275002315948,0.16807581252988202,0.24634146341463414,,
48,smoothed,0.12031818066059015,0.7398382806399958,0.20657074011214396,0.32439024390243903,,
48,prediction_magnitude,0.4657272862913519,0.823620025673941,0.0860610157100249,0.1048780487804878,,
48,boundary_distance,0.23234198583086724,0.6238410333099533,0.046132869210447194,0.02183507549361208,,
48,jacobi1,0.18940102762697805,0.5942822545425671,0.1520571130318122,0.17317073170731706,0.9938772061455589,0.7353940983496902
48,jacobi5,0.24327189342063027,0.5945363471540304,0.16803879046327705,0.1951219512195122,0.981188868388938,0.5367169951607034
48,jacobi10,0.25559695156589607,0.594278284345513,0.1834233864348473,0.21951219512195122,0.969340279674799,0.4814030904900934
48,jacobi20,0.28952598364992344,0.6155340576737292,0.21030367968394784,0.2634146341463415,0.9488560681353365,0.43252412923550415
48,jacobi40,0.38607702010444306,0.7010077683522359,0.24909484167722454,0.32926829268292684,0.9148478446726828,0.38284891393237297
48,jacobi80,0.5129658571256464,0.7862796606804918,0.28152282847147814,0.3926829268292683,0.8641473500033012,0.3307552723882202
48,cg5,0.06269634242641359,0.64075274936146,0.17499773735334162,0.25365853658536586,0.9900301015003751,0.4813858822195821
48,pcg5,0.25765404255581903,0.597141458121038,0.18404055662957325,0.21951219512195122,0.965765365708228,0.47688466682975494
48,poisson_pcg5,0.7342383332352651,0.9986713073858899,0.4248684559343974,0.9463414634146341,0.3358876792144407,0.1114028175813956
48,cg10,0.07561681957633835,0.6467140002382118,0.18351932205282287,0.2682926829268293,0.9757856309274981,0.39231353367022087
48,pcg10,0.40579075183077545,0.7298545584479176,0.2641047355513865,0.36341463414634145,0.900197190225596,0.38045302053406455
48,poisson_pcg10,0.8711498413501213,0.9980466630493761,0.4238040731912334,0.9317073170731708,0.1711685585789936,0.0715009391571885
48,cg20,0.09025758047493655,0.6517482101028281,0.18187280646758378,0.24146341463414633,0.9450528168588319,0.3008097125940527
48,pcg20,0.608079028122181,0.8121964453502375,0.3161126060991677,0.4634146341463415,0.7733633652115297,0.2817937549558509
48,poisson_pcg20,0.9933590418193291,0.9999397853446793,0.4269818278396308,0.9853658536585366,0.03394605522036224,0.017894741385488803
48,cg40,0.1211230917269158,0.7037617617087728,0.22116170696673232,0.35609756097560974,0.8668821340584104,0.20419441687536127
48,pcg40,0.6794615067639728,0.9647486203565236,0.39465493850596023,0.7926829268292683,0.5536059364398017,0.1729350721665752
48,poisson_pcg40,0.9999999942374413,1.0,0.42714970395171803,1.0,5.742222120165413e-06,5.466339147351053e-06
48,cg80,0.15718057763023022,0.7703565236954594,0.2798400176903758,0.5317073170731708,0.7630108536575605,0.12910257240878809
48,pcg80,0.6145013983040951,0.9991139843574236,0.424579353365713,0.9390243902439024,0.4060740605338681,0.0902413964588771
48,poisson_pcg80,1.0,1.0,0.42714970395171803,1.0,2.1777963053208472e-11,1.9463262893365333e-11
48,poisson,0.1168873796526271,0.681157444781176,0.07118140967405542,0.09268292682926829,122.68820099423094,422.38464887648007
48,amg,0.9598477908808355,0.9924665510898191,0.4150814010699772,0.8560975609756097,0.3774105661800304,0.16749267590362707
48,oracle,1.0,1.0,0.42714970395171803,1.0,5.2274390735716115e-14,1.2370189233356023e-14
49,ensemble,0.18652394949461593,0.5949704220319468,0.13309093044841336,0.11463414634146342,,
49,raw,0.10368050158540916,0.5682946680253563,0.14728808732676277,0.17560975609756097,,
49,smoothed,0.16581616258456783,0.6477455897727724,0.15236611682467666,0.1878048780487805,,
49,prediction_magnitude,0.18019348583871786,0.6012016463083785,0.08473954055358783,0.004878048780487805,,
49,boundary_distance,0.14649479007744753,0.5155605256540899,0.07104037795712655,0.02067363530778165,,
49,jacobi1,0.1967870034574235,0.5736696531371174,0.15698366706406347,0.2048780487804878,0.9657374337031542,0.644873592803029
49,jacobi5,0.3044477428050298,0.6085207045776372,0.17361037833021153,0.23170731707317074,0.9137588082250242,0.3988845170654227
49,jacobi10,0.37789609981500577,0.6407679684501674,0.1910086671835072,0.2682926829268293,0.878535603122643,0.3205005594994672
49,jacobi20,0.49571247833138204,0.6941280785569657,0.21535297296821618,0.32926829268292684,0.8319834185394477,0.2532355789081433
49,jacobi40,0.6215188860913821,0.7443808477694109,0.23886919410719057,0.3853658536585366,0.7768465715488628,0.20397698139476397
49,jacobi80,0.7167142510830538,0.7869248177017852,0.257180387054155,0.3951219512195122,0.7187857407179872,0.16927724252163612
49,cg5,0.11900803882536895,0.5755951987083625,0.1599557311756057,0.20243902439024392,0.9687795830916802,0.3275398731462112
49,pcg5,0.37427967543844065,0.6375699747230787,0.19188607717119274,0.2707317073170732,0.869050584013247,0.31233610224388264
49,poisson_pcg5,0.4397837759076261,0.8957307147678096,0.32547314497556373,0.6439024390243903,0.6363367691339155,0.09259442705560349
49,cg10,0.14396593128453905,0.5836626391223217,0.18260023044044515,0.24634146341463414,0.9492648134748807,0.22936630095016003
49,pcg10,0.6061447849318071,0.749896113177084,0.2413814117652574,0.40487804878048783,0.7761049054004823,0.20924692185374658
49,poisson_pcg10,0.5904110681487326,0.9397965935709276,0.35804317285861226,0.775609756097561,0.5107775320064398,0.06733313671902215
49,cg20,0.18826470726536707,0.5982332623109193,0.1920129751594177,0.24878048780487805,0.9029097869823703,0.17088906802339798
49,pcg20,0.7513206555363926,0.8112224236729616,0.27032722238890483,0.3878048780487805,0.652705000342478,0.14531336774931958
49,poisson_pcg20,0.9980206944731292,0.9999788256157114,0.38480085800198854,0.9926829268292683,0.022658181834374416,0.007545824237884705
49,cg40,0.25951473052514973,0.6526295938488413,0.2304195257634676,0.35609756097560974,0.8071600604977609,0.11241455332712089
49,pcg40,0.7782859501874083,0.935033680505009,0.3418707434132662,0.6658536585365854,0.4903772404699204,0.0856893018572011
49,poisson_pcg40,0.9999999900464894,1.0,0.38484711766228796,1.0,1.2338726567166489e-05,4.6092014455104965e-06
49,cg80,0.35382112059234805,0.7504956129322552,0.2813110298097221,0.5024390243902439,0.653076057566076,0.06240349085197337
49,pcg80,0.8118726908204632,0.9878015695512354,0.37305502111103855,0.8536585365853658,0.2794097471731509,0.028051939230883657
49,poisson_pcg80,1.0,1.0,0.38484711766228796,1.0,4.706696972883363e-11,1.4415859783504629e-11
49,poisson,0.21211172001217501,0.6816014451517277,0.12915620151025842,0.10975609756097561,182.05454768598983,447.5060052041819
49,amg,0.8712572816391159,0.9890157881502852,0.3746383661198238,0.8634146341463415,0.29892436882227874,0.0861521291054326
49,oracle,1.0,1.0,0.38484711766228796,1.0,1.5172468270364292e-12,5.4881557601760977e-14
50,ensemble,0.22143775467715812,0.6485442610801583,0.13286271786810883,0.1951219512195122,,
50,raw,0.2396751504523769,0.7100948877095933,0.15905100184764773,0.3048780487804878,,
50,smoothed,0.2949548998750873,0.7474398845996056,0.1609486837680382,0.3146341463414634,,
50,prediction_magnitude,0.10265766119825684,0.5934882151317443,0.10505317829914625,0.11951219512195121,,
50,boundary_distance,0.05672086677783884,0.5712279819488374,0.10040830761901388,0.08739837398373984,,
50,jacobi1,0.17620927645116455,0.6492264732739569,0.15490457034243005,0.23658536585365852,0.923093608536377,0.6097017736311913
50,jacobi5,0.2741514148499729,0.7313791141166973,0.16999228577781694,0.3073170731707317,0.8417569590705097,0.2881385292961751
50,jacobi10,0.3330103506452054,0.7550037716872015,0.1769733862990439,0.33658536585365856,0.7975224890342566,0.19132849150628156
50,jacobi20,0.40408278895662963,0.784089435305639,0.1863720895819522,0.36585365853658536,0.7425858067518336,0.11576225012764942
50,jacobi40,0.4755864439066802,0.8093617246536003,0.19974516459961633,0.4146341463414634,0.6837023031351497,0.060959104252587284
50,jacobi80,0.5247744309232231,0.8098262377089316,0.21018851163010122,0.4585365853658537,0.6394424055436134,0.031150832107000617
50,cg5,0.2409004258621738,0.717376890806347,0.16215001848857657,0.32439024390243903,0.9555389890096073,0.2144296104727086
50,pcg5,0.3358420872189045,0.7548581977952172,0.18353459733142966,0.36097560975609755,0.799917594945803,0.18710994738822545
50,poisson_pcg5,0.16090365038051607,0.7131241480618822,0.15936568220456263,0.3121951219512195,0.8648293859221444,0.09747956336767874
50,cg10,0.2422947188670393,0.7149239707264137,0.16011520174388033,0.3073170731707317,0.9438775362629067,0.12354254468205905
50,pcg10,0.4531903048084858,0.8047179174993052,0.195948023071564,0.3975609756097561,0.7013339809470265,0.06820793900111838
50,poisson_pcg10,0.94103247035628,0.9916314863094372,0.2748264916965879,0.848780487804878,0.22447195985049684,0.02465151379856517
50,cg20,0.23836456821796706,0.7125742757698874,0.16844811843752514,0.33414634146341465,0.927041350584149,0.09290103394479145
50,pcg20,0.527710392103498,0.8069597554358615,0.21145624602369387,0.4658536585365854,0.6330705367486765,0.02215272710319999
50,poisson_pcg20,0.999990546260397,0.9999973532019639,0.2810149393594683,0.9951219512195122,0.00202415241959122,0.0007964099585309396
50,cg40,0.2388120116982318,0.7091976231753636,0.17354980191228825,0.32439024390243903,0.8477479806381016,0.051225632440604074
50,pcg40,0.5740328095160423,0.7873899924566256,0.2064301804943609,0.4219512195121951,0.6164292310824947,0.015268672178408358
50,poisson_pcg40,0.9999999956344251,1.0,0.28101743943775787,1.0,4.4748926195335864e-06,7.84109029871865e-07
50,cg80,0.3265874471646702,0.7502660032026256,0.1909169738644484,0.3902439024390244,0.7799274928293778,0.03279170100277531
50,pcg80,0.6836702825430763,0.8536803726691635,0.2335863867391066,0.5292682926829269,0.4958656767922144,0.013551243455526203
50,poisson_pcg80,1.0,1.0,0.28101743943775787,1.0,4.800998147512694e-12,1.4608403284115988e-13
50,poisson,0.1003060241761483,0.6690708415494355,0.16969106902423775,0.34146341463414637,171.2388595258021,432.1009719378351
50,amg,0.6763916446725515,0.9022530868282096,0.2455030401141386,0.5975609756097561,0.4823977444639649,0.06074829195102934
50,oracle,1.0,1.0,0.28101743943775787,1.0,4.751192207461109e-12,9.732291830341624e-14
51,ensemble,0.19101926938186703,0.624387597104403,0.12652506074293765,0.18292682926829268,,
51,raw,0.1124826658739621,0.6881747680743221,0.14280553060591253,0.26097560975609757,,
51,smoothed,0.1252476515512445,0.7305175813559547,0.14322399616350612,0.2707317073170732,,
51,prediction_magnitude,0.24308651644507148,0.6941770443206331,0.09413588637793445,0.07560975609756097,,
51,boundary_distance,0.19933447075493657,0.6604303693606659,0.07765510423481319,0.02700348432055749,,
51,jacobi1,0.09253559329991973,0.6558090599896775,0.15263229643141688,0.25609756097560976,0.9305605685538588,0.5668651240164498
51,jacobi5,0.21569802087468407,0.6847769410955097,0.17413607105712778,0.3121951219512195,0.8561951824131441,0.3018646173589442
51,jacobi10,0.2773046197812033,0.69857006736101,0.18360227614696778,0.348780487804878,0.8131581017476548,0.2343056970275805
51,jacobi20,0.36530771735561446,0.7453674417373582,0.19558226322424857,0.3804878048780488,0.7567154971633425,0.173081962406703
51,jacobi40,0.4740277540057677,0.801083202096264,0.20757970622735517,0.4317073170731707,0.6832409785880311,0.11599940007414551
51,jacobi80,0.6012731963246918,0.8485488929767214,0.22278613247790438,0.5048780487804878,0.5970399469695097,0.06738431181858576
51,cg5,0.11601100953966809,0.6875957810039305,0.14348490028188654,0.2634146341463415,0.9570626012794599,0.2582526642626509
51,pcg5,0.27780113633887166,0.691558699363445,0.18340303896226634,0.3463414634146341,0.8129598368333083,0.23180483150649042
51,poisson_pcg5,0.4413818501037903,0.8865410319865543,0.22852226854740246,0.5390243902439025,0.768030325631168,0.09617036802605003
51,cg10,0.11910769442132901,0.6901228114288739,0.15238480975551497,0.2975609756097561,0.9340221023321278,0.16004598279506452
51,pcg10,0.45652967216949825,0.7900738456652066,0.2066054572917867,0.4170731707317073,0.6912977176972198,0.12114206356921516
51,poisson_pcg10,0.9159669425542322,0.9888675674602649,0.273066425135837,0.8365853658536585,0.23018187578632288,0.02772499492353638
51,cg20,0.13273657130323402,0.6964876990061274,0.1651413403665232,0.3073170731707317,0.9088616217424184,0.09795711633690131
51,pcg20,0.6687023750710785,0.8719049005465638,0.23138889022865616,0.5658536585365853,0.5458863345766893,0.03732783547427144
51,poisson_pcg20,0.9999868439036962,0.999996691502455,0.2800325145719504,0.9975609756097561,0.002313410423331824,0.0003451280131652709
51,cg40,0.17131907355684853,0.7081534613501317,0.18316221551260803,0.32195121951219513,0.8430389670910153,0.05726899867485334
51,pcg40,0.7299236805668246,0.8693580191363498,0.23540551275851446,0.6121951219512195,0.4890582912707416,0.010297985113241582
51,poisson_pcg40,0.999999999476131,1.0,0.28003261864008894,1.0,3.3826875759893886e-07,1.774442605104391e-07
51,cg80,0.2705822280885304,0.7427160118047192,0.20163172754318384,0.3926829268292683,0.7844157441664871,0.03257390182948854
51,pcg80,0.6423275127159067,0.8799584452708336,0.22532332882443107,0.5780487804878048,0.5270760542487187,0.009459088664125792
51,poisson_pcg80,1.0,1.0,0.28003261864008894,1.0,1.4055251180618764e-11,2.2673227995195805e-13
51,poisson,0.3868743972363523,0.8449922581157445,0.20098567159007397,0.4170731707317073,203.54254376454946,435.7401898727982
51,amg,0.7078209086209891,0.9259862631181928,0.24565570174577467,0.6146341463414634,0.45353105840912433,0.06680923835355942
51,oracle,1.0,1.0,0.28003261864008894,1.0,1.4721492697321115e-11,2.3458525818219183e-13
52,ensemble,0.28229822096609153,0.6641722800841682,0.16887956620538203,0.28292682926829266,,
52,raw,0.10000491127168232,0.6551817688551275,0.14627700058545137,0.23414634146341465,,
52,smoothed,0.17471834673264455,0.7049415719333536,0.1599433588664209,0.2780487804878049,,
52,prediction_magnitude,0.38672431331393875,0.733392004023133,0.1652863862969028,0.25121951219512195,,
52,boundary_distance,0.22988959407459889,0.6828646295144449,0.08604063007627762,0.06114982578397212,,
52,jacobi1,0.17602796871521512,0.6611635324166589,0.16394946777901503,0.24390243902439024,0.9449134382668813,0.5965607648323833
52,jacobi5,0.2505136909036676,0.6829493270515993,0.17482937305993204,0.2682926829268293,0.883611292088786,0.33770453165586706
52,jacobi10,0.2804283549868639,0.7137355584082157,0.18576053767132147,0.3146341463414634,0.8497076461779243,0.26584836424342767
52,jacobi20,0.3198567254313551,0.7737993462408851,0.2025597897724697,0.37073170731707317,0.806178518643098,0.20120697969506027
52,jacobi40,0.37549957734949235,0.8561385863451689,0.22934417170521626,0.4853658536585366,0.7489472755288402,0.1392869157491535
52,jacobi80,0.45707334846043435,0.9135145507722033,0.2492631282330282,0.5707317073170731,0.681089680129827,0.09165875249190679
52,cg5,0.1105506878930554,0.6553954977965406,0.1398323710926889,0.23170731707317074,0.9674883564639761,0.2813487994322631
52,pcg5,0.2785331038884992,0.7001091804189882,0.18405295842582386,0.3121951219512195,0.8459504864908667,0.265842931198488
52,poisson_pcg5,0.5021968817600053,0.8193533872397867,0.2295933940217306,0.44390243902439025,0.7071819049995844,0.09172544975572376
52,cg10,0.1155804292272287,0.6694804335455183,0.1481202311007844,0.29024390243902437,0.9476521629974072,0.17383927003322402
52,pcg10,0.36653213606500695,0.8511308444609134,0.22481653091902817,0.4682926829268293,0.751110833066693,0.14273549957937817
52,poisson_pcg10,0.9457258678986278,0.9919808636501992,0.31291533445436726,0.8731707317073171,0.19809747581989967,0.02787743882155447
52,cg20,0.1339970067034554,0.6905555629077723,0.1549595951525913,0.32682926829268294,0.9259659967163445,0.11885941608351464
52,pcg20,0.5111243022484289,0.9305718407156942,0.25844860113147045,0.6195121951219512,0.6323055750164313,0.07345600098081391
52,poisson_pcg20,0.9998343707894906,0.9999827958127655,0.31875461267833766,0.9902439024390244,0.009597807754848626,0.002420757823700739
52,cg40,0.18476275140402476,0.7354333470084565,0.18467824089269894,0.3902439024390244,0.8622412150572397,0.07871513025806458
52,pcg40,0.6159358870772614,0.9318019401029605,0.27967550404432856,0.697560975609756,0.5494018449257324,0.045082629153034334
52,poisson_pcg40,0.9999999975552782,1.0,0.3187805678200144,1.0,3.057127992810783e-06,6.698772360142371e-07
52,cg80,0.342798339611938,0.7891818747270489,0.22019271739927126,0.44390243902439025,0.7760710855307146,0.04405777921241986
52,pcg80,0.7206199353045559,0.9355306168362824,0.2851784657997373,0.675609756097561,0.4830068876761796,0.022453421215425
52,poisson_pcg80,1.0,1.0,0.3187805678200144,1.0,4.733172434907373e-12,3.274332250349045e-13
52,poisson,0.2013154863465495,0.7449022669825179,0.11605213719080901,0.24146341463414633,171.7253939521002,460.7731672212229
52,amg,0.7206943156192417,0.8887974273123089,0.278343742798087,0.6268292682926829,0.5227672311438466,0.07337562208959719
52,oracle,1.0,1.0,0.3187805678200144,1.0,4.2381233118562346e-12,1.1460141266324932e-13
53,ensemble,0.20882110634311177,0.6906078371689848,0.1487367384907974,0.22682926829268293,,
53,raw,0.11911681480563818,0.722017389463097,0.14865303130915555,0.25853658536585367,,
53,smoothed,0.12171419003485531,0.7517303442160846,0.1794450928699722,0.33170731707317075,,
53,prediction_magnitude,0.31854532379245626,0.715319667032807,0.10720005320958975,0.12439024390243902,,
53,boundary_distance,0.1876627399069294,0.7514537538213146,0.11527097607632412,0.15499419279907087,,
53,jacobi1,0.2791805299860928,0.7422435583552797,0.19013681135830246,0.32926829268292684,0.9224025192157718,0.6106577311230909
53,jacobi5,0.3586530811305132,0.7621302753993356,0.2077566566293966,0.375609756097561,0.8240943546673224,0.32108751087277904
53,jacobi10,0.39339009764554567,0.7828805103026614,0.21212022892639049,0.3902439024390244,0.7790239777868575,0.22447633066948672
53,jacobi20,0.44647758338792753,0.7976569220385639,0.21949761959581154,0.4268292682926829,0.7397233690794573,0.14732889465356092
53,jacobi40,0.5003821570071932,0.805268451490809,0.2261761339364714,0.44390243902439025,0.7121530260487903,0.09310711185780512
53,jacobi80,0.5402600817746904,0.8008741050514141,0.22803038264793052,0.4585365853658537,0.6974440798437515,0.06629215835710178
53,cg5,0.11774299599747334,0.7201434564535553,0.150171834528647,0.25853658536585367,0.945271279126841,0.25567429522084173
53,pcg5,0.38347120813993485,0.7744703095430303,0.21182551558196103,0.3926829268292683,0.7737380102011611,0.21714925696656948
53,poisson_pcg5,0.27301714229220253,0.7739277159456348,0.21377013934054157,0.4292682926829268,1.2975449493299032,0.09656770956572472
53,cg10,0.12761316237015874,0.7281268610298691,0.15561264924391785,0.275609756097561,0.9265003102559229,0.14883234341943663
53,pcg10,0.4818124178782988,0.7928245305241983,0.22388199935866157,0.43902439024390244,0.7214727522545706,0.09838215128704225
53,poisson_pcg10,0.27036808424494924,0.7137243095165623,0.18917786868090197,0.35365853658536583,1.0267248775486832,0.07426850626282225
53,cg20,0.15637600795185613,0.7472969575056575,0.17223359829961124,0.3097560975609756,0.8984520207388558,0.11017085258019055
53,pcg20,0.5482226248353236,0.7907362068737345,0.22629461882304114,0.45365853658536587,0.6991253771034042,0.051297555988025906
53,poisson_pcg20,0.9997066181793098,0.9999788256157114,0.3157997544909669,0.9951219512195122,0.014168069707401837,0.0022267140002590166
53,cg40,0.27020651082807845,0.7785602742082766,0.2096637815710061,0.36829268292682926,0.8031967310039967,0.06792852156545762
53,pcg40,0.6044068876603067,0.7756984238317696,0.2263113730379631,0.4609756097560976,0.6778675843541812,0.024862900488091522
53,poisson_pcg40,0.9999999846331766,1.0,0.3158188918333626,1.0,1.5756174059324957e-05,3.922823120227787e-06
53,cg80,0.41341615481873406,0.8271912179241163,0.23803644546367617,0.47317073170731705,0.7044199717616221,0.03518088405712112
53,pcg80,0.6529588849883234,0.7970441882932123,0.2354696536915362,0.48292682926829267,0.6367276979387122,0.01520858520599407
53,poisson_pcg80,1.0,1.0,0.3158188918333626,1.0,1.230021060397676e-11,2.3318608450105607e-12
53,poisson,0.17961669666270594,0.7367296163466247,0.12013685406051766,0.1878048780487805,218.65197205047585,417.9438149709018
53,amg,0.5922029221788859,0.7661970805817662,0.20767934271865304,0.40487804878048783,0.7451218933643968,0.06979320564023911
53,oracle,1.0,1.0,0.3158188918333626,1.0,7.50328261699908e-13,1.6923124242394292e-14
54,ensemble,0.2954649776544036,0.6989823061551288,0.154791984797143,0.24146341463414633,,
54,raw,-0.04403636215098871,0.49303759776610245,0.11138478067485197,0.1073170731707317,,
54,smoothed,-0.06842787278991552,0.5058653044479441,0.12372595898248942,0.14146341463414633,,
54,prediction_magnitude,0.5729986890074016,0.8936569485065442,0.28672346913392666,0.6878048780487804,,
54,boundary_distance,0.16019441293361736,0.6779574659555603,0.06854051696834569,0.04006968641114982,,
54,jacobi1,0.2331586644143374,0.6232574143429985,0.1511270978339723,0.1902439024390244,0.9557788337509183,0.6109817530251583
54,jacobi5,0.32850609477552595,0.6562729113454998,0.1863357585003476,0.2658536585365854,0.8896708773120038,0.3033780200806212
54,jacobi10,0.38247941624483345,0.6617286237973612,0.20493979199422224,0.3146341463414634,0.8473225373444354,0.2247927446457892
54,jacobi20,0.45774591869743436,0.6936000423487686,0.2191563573213351,0.36341463414634145,0.7882787312440018,0.15932351929375024
54,jacobi40,0.5613330806259226,0.7698714979553485,0.24244457051786333,0.4195121951219512,0.7023775046342042,0.10351429641406719
54,jacobi80,0.702132381265026,0.8710771144607811,0.27192700468682945,0.5317073170731708,0.5809550139328344,0.057420480092476134
54,cg5,-0.027433487184572197,0.5033799610920688,0.11993406116112086,0.11219512195121951,0.9641286777707765,0.2447320898989327
54,pcg5,0.38060686177000325,0.6585279832722364,0.2022412914377044,0.3073170731707317,0.8395487937062609,0.22229617340248478
54,poisson_pcg5,0.3489302113480247,0.8051777986580734,0.14780366336643005,0.16585365853658537,0.9438698269020569,0.07781722519478641
54,cg10,-0.01315800074218963,0.5101094450987917,0.11947006503432793,0.11951219512195121,0.9503177229584803,0.1457117040132004
54,pcg10,0.5265872707954471,0.7437588502309331,0.23381070392872969,0.4,0.7178017394000901,0.11269188561783074
54,poisson_pcg10,0.9640831523121538,0.9966418749917287,0.32250594131998295,0.9,0.19146141743635087,0.03235306308126634
54,cg20,0.02129877817409281,0.5248977674258566,0.12285846943082432,0.12682926829268293,0.935159294222413,0.08571934428018414
54,pcg20,0.7694725174771074,0.9125120760160396,0.279155349695569,0.5560975609756098,0.5048174826170341,0.03221914208660373
54,poisson_pcg20,0.999776830068526,0.9999722086206212,0.3262931528694168,0.9926829268292683,0.01045585228339584,0.0019021996721050244
54,cg40,0.18248840374104477,0.5850548548892976,0.14917544192952883,0.1926829268292683,0.8930157138792332,0.05429922748223517
54,pcg40,0.882706575613209,0.9831888622738642,0.3125109877136876,0.8585365853658536,0.31499700488110083,0.012379656126505703
54,poisson_pcg40,0.9999999926658343,1.0,0.3263042320426878,1.0,9.922320167217297e-06,2.785637498108372e-06
54,cg80,0.33673174596701916,0.6494150576340272,0.17811805993755214,0.2634146341463415,0.8505216015384391,0.03549171970343413
54,pcg80,0.8887769582278333,0.9848980321056602,0.31300033763184915,0.8682926829268293,0.3038229125974593,0.009833624588957268
54,poisson_pcg80,1.0,1.0,0.3263042320426878,1.0,8.905150072733975e-12,1.901109810438293e-12
54,poisson,-0.018233341553186868,0.5198668660587854,0.07214946015235749,0.04878048780487805,200.96143939398505,445.2390164187471
54,amg,0.8434070275193544,0.9595575877082699,0.30302988063049086,0.8195121951219512,0.42428659046753253,0.06607522583554384
54,oracle,1.0,1.0,0.3263042320426878,1.0,1.1539318480739278e-13,4.97280335257515e-15
55,ensemble,0.32625074836429946,0.7149980810714238,0.15981144461199492,0.2658536585365854,,
55,raw,0.10563039151983807,0.6042223045670501,0.12235050720577889,0.14146341463414633,,
55,smoothed,0.14412079935309585,0.6599982795812765,0.13803274283056305,0.1902439024390244,,
55,prediction_magnitude,0.5331019542003285,0.9467986977753663,0.2654590513605066,0.6024390243902439,,
55,boundary_distance,0.5231247901204705,0.7545346267353069,0.12274752928610792,0.0951800232288037,,
55,jacobi1,0.12870443488898112,0.6665775577994522,0.15745580708014423,0.24390243902439024,0.9715477372780218,0.599365369565183
55,jacobi5,0.1893447833071147,0.6982703174834244,0.17853293220373215,0.3,0.9344929642701738,0.3479380062226227
55,jacobi10,0.22311725435266674,0.7157047761470561,0.18245312932621768,0.3048780487804878,0.911264876769503,0.29633758943385735
55,jacobi20,0.26175118499861644,0.7209533766525945,0.18849638665251311,0.32682926829268294,0.8783463478840211,0.2554436719751469
55,jacobi40,0.3199629681558627,0.7601253258870082,0.20694904371984935,0.4073170731707317,0.8305276829002811,0.21644096652620484
55,jacobi80,0.3946471977465979,0.8443199714145813,0.2258969850195474,0.5073170731707317,0.7647992776736053,0.1691436201093239
55,cg5,0.1075134548063959,0.5995586464274844,0.11924685054760524,0.13414634146341464,0.9870061804495999,0.32102313271980604
55,pcg5,0.22170186916032775,0.7168237100168071,0.179638110800081,0.2975609756097561,0.9106351183413205,0.2918966144635811
55,poisson_pcg5,0.6434765784605415,0.9031357939732408,0.2558431918102518,0.5682926829268292,0.5414875736440249,0.10798361107326536
55,cg10,0.11356251909677052,0.6054265976734645,0.12338318774497613,0.13902439024390245,0.9748748872596581,0.2541885638737803
55,pcg10,0.32088451114167343,0.7495368103436867,0.2073477664557751,0.3975609756097561,0.8289575269190648,0.2186196282919493
55,poisson_pcg10,0.8882417553430166,0.984994640233977,0.3036721673989217,0.8048780487804879,0.2658713140595298,0.05599419189577757
55,cg20,0.126575626934264,0.6297950054921059,0.14431299336692308,0.20243902439024392,0.9409949131057526,0.14682880727572178
55,pcg20,0.46710457835085045,0.9205715760358906,0.2450016464310716,0.6073170731707317,0.6554225314163487,0.08298992227244327
55,poisson_pcg20,0.999843127259482,0.9999847809112926,0.3128503320862764,0.9926829268292683,0.009024238658399127,0.0028154257053333936
55,cg40,0.17914702751711922,0.6681643132220796,0.16655260596123145,0.25609756097560976,0.9053445367219708,0.10217225843037024
55,pcg40,0.6123377172645311,0.9680213861281315,0.2692810693808617,0.7170731707317073,0.5408633298606573,0.05461190427217311
55,poisson_pcg40,0.9999999980791471,1.0,0.3128612276694661,1.0,4.571893612333598e-06,3.0892611589926033e-06
55,cg80,0.2823249370616823,0.7045167608485634,0.1897043580140402,0.3097560975609756,0.8518942876743757,0.05670298458053188
55,pcg80,0.8370602954615456,0.9581872080250916,0.28019459972569566,0.7024390243902439,0.39580305237047875,0.018005214253365834
55,poisson_pcg80,1.0,1.0,0.3128612276694661,1.0,8.558797078183484e-12,3.0862494820559704e-12
55,poisson,0.4981601627145432,0.8634642616095178,0.2134941419256071,0.43414634146341463,120.02813004968753,435.2257830227625
55,amg,0.806753766904344,0.9237748633590513,0.26567118710336285,0.5926829268292683,0.4739743279545772,0.07990882065296115
55,oracle,1.0,1.0,0.3128612276694661,1.0,9.51624402604835e-13,3.737659537608186e-14
56,ensemble,0.28174350413641364,0.7084194645527573,0.16426208792065009,0.3048780487804878,,
56,raw,0.1899804539594325,0.7450385770813758,0.19681416028903728,0.4268292682926829,,
56,smoothed,0.21683738142260575,0.8080628085173961,0.19860627886898424,0.44146341463414634,,
56,prediction_magnitude,0.4630301877326673,0.798240871855273,0.11744345058482288,0.1073170731707317,,
56,boundary_distance,0.43740595725584536,0.7522530868282096,0.14837921384645025,0.1986062717770035,,
56,jacobi1,0.14899069987973645,0.6694466868705583,0.15416919415365254,0.25609756097560976,0.9544592100427868,0.5493431945314218
56,jacobi5,0.216993564576924,0.6850039040271032,0.16476506946449979,0.29024390243902437,0.9171484446757604,0.27258670789355094
56,jacobi10,0.23738331447125607,0.6862756904834376,0.16481171584512178,0.2926829268292683,0.8952673154976593,0.21795762531255322
56,jacobi20,0.27064005414346554,0.7017951907679685,0.1710032284551963,0.3170731707317073,0.8648568775229608,0.17052294998193473
56,jacobi40,0.31252011761654874,0.7263581382422615,0.17096965106249307,0.33414634146341465,0.8228234651031241,0.11683954693845489
56,jacobi80,0.3931917119554892,0.7679750671625002,0.18397557665603545,0.35609756097560974,0.7710716734509246,0.06231596213683611
56,cg5,0.18829680174914684,0.7455282347180499,0.19510637144850634,0.4195121951219512,0.9771759352453173,0.24806174320333918
56,pcg5,0.2383249314178672,0.6829791035295052,0.16223662283726503,0.2780487804878049,0.8987209519385452,0.2231450893494442
56,poisson_pcg5,0.49724758225385596,0.8666165980704842,0.19459762896158173,0.43414634146341463,0.8430113921289082,0.09566336752530417
56,cg10,0.18373831583583003,0.7420496803991371,0.19401165315150504,0.4170731707317073,0.9602486510667846,0.1517896047303423
56,pcg10,0.2889510571773794,0.7011652528353824,0.16684178291877017,0.32439024390243903,0.827127594174459,0.1147799613616212
56,poisson_pcg10,0.954288488905377,0.9943378373013247,0.28153014196844944,0.9243902439024391,0.275397114514219,0.027961794532329134
56,cg20,0.18807229350705332,0.7436218784325662,0.19392748748970842,0.4146341463414634,0.9476970638256293,0.09166313889849634
56,pcg20,0.45135393047160616,0.8012029697073965,0.19005509176858118,0.375609756097561,0.7409952540949836,0.02677439323565995
56,poisson_pcg20,0.9999955902455542,1.0,0.28593921042178094,1.0,0.0014043409505832818,0.00034978998910263956
56,cg40,0.17980274523829642,0.7325324563609174,0.18705897310631353,0.4024390243902439,0.9052889272118227,0.05323405226025102
56,pcg40,0.5154135663052725,0.7950279898892315,0.18470363632834258,0.32682926829268294,0.706032803643227,0.01240527504842503
56,poisson_pcg40,1.0,1.0,0.28593921042178094,1.0,3.840595848784183e-07,7.565413637784953e-08
56,cg80,0.24894350085629527,0.7631949499093472,0.19261165583064316,0.44634146341463415,0.858749422611273,0.035082697784408964
56,pcg80,0.592310173001933,0.7990517846035758,0.1898713116632962,0.35365853658536583,0.6581693334230353,0.01202186689002318
56,poisson_pcg80,1.0,1.0,0.28593921042178094,1.0,3.5795461269843685e-11,6.166234926222664e-13
56,poisson,0.4930189855426691,0.8721847994388788,0.19559734322016095,0.43902439024390244,140.15351439757325,448.9158295775841
56,amg,0.8917474444693294,0.9626960284795468,0.2684628536380849,0.7365853658536585,0.32096915308010787,0.055349598657426655
56,oracle,1.0,1.0,0.28593921042178094,1.0,3.43018518212555e-11,5.910415635060625e-13
57,ensemble,0.528040150338383,0.8151568889535884,0.1953998508863325,0.424390243902439,,
57,raw,0.18876072178193012,0.7532548998848643,0.16221967234579282,0.348780487804878,,
57,smoothed,0.28770696317147987,0.823586278998981,0.16650705746145752,0.36585365853658536,,
57,prediction_magnitude,0.7595746770270908,0.864829347696624,0.18267411742790787,0.3024390243902439,,
57,boundary_distance,0.8403385642123234,0.9249566586821593,0.21678503871164867,0.5186411149825784,,
57,jacobi1,0.0579655053650889,0.5996605481518733,0.1290772843497412,0.23414634146341465,0.9915108262709369,0.625478893532685
57,jacobi5,0.15814820275081787,0.6479527017190954,0.1370518958924125,0.25853658536585367,0.9820658114075116,0.3477855770422606
57,jacobi10,0.17384631442945836,0.6631327501554994,0.1393129102843925,0.25121951219512195,0.9762222231222549,0.2629922623551771
57,jacobi20,0.21187026565633435,0.6814552095602345,0.14292948994196256,0.26097560975609757,0.9682784954672701,0.18459628520671686
57,jacobi40,0.2566779848908922,0.6832623109193653,0.14801576399654393,0.28536585365853656,0.958255899234213,0.11439995897944961
57,jacobi80,0.302189930542517,0.6687122004155472,0.15607813797819928,0.2780487804878049,0.945891078380547,0.06796732563967466
57,cg5,0.18640605505089047,0.7574977171366939,0.16728712888589486,0.37073170731707317,0.9952883491536921,0.2695701693676258
57,pcg5,0.18155031802060118,0.6611105964559374,0.14226940688108214,0.26097560975609757,0.9750311692959249,0.2561491234721685
57,poisson_pcg5,0.5308470574433093,0.7840801715125127,0.17996807322375435,0.3780487804878049,0.9900426682242276,0.10022043273474678
57,cg10,0.18468949147046307,0.7561815968132551,0.17059054834760345,0.36829268292682926,0.9934856705850105,0.15158016797124305
57,pcg10,0.25585584604393147,0.6810079006921377,0.14733260843398388,0.275609756097561,0.9578296605319179,0.11821369232405213
57,poisson_pcg10,0.9868528229147948,0.9904827759617802,0.24406740778496724,0.8365853658536585,0.2433425686182236,0.029750551821872983
57,cg20,0.1889140980462565,0.7462038299167582,0.16776291397309762,0.3439024390243902,0.9915891457639698,0.10255792271707226
57,pcg20,0.3339493871878467,0.6552902875746066,0.15752845632933046,0.25365853658536586,0.9384519277865925,0.054615950322114866
57,poisson_pcg20,0.9999990694340697,1.0,0.24852253687460474,1.0,0.0010597608418928788,0.0005201912396477255
57,cg40,0.17543962735509144,0.7069610788348795,0.16591119825339354,0.32926829268292684,0.9853648117234771,0.07388810420558388
57,pcg40,0.38931595409868386,0.6497816391620237,0.16373713857755587,0.275609756097561,0.9163258532023064,0.042066265530435416
57,poisson_pcg40,0.9999999989522621,1.0,0.24852253687460474,1.0,1.237933335730386e-06,5.410708902559226e-07
57,cg80,0.23221588168462404,0.6790089064753914,0.1624351797111644,0.2951219512195122,0.9744250243568977,0.052333967299935814
57,pcg80,0.4898454553681511,0.7959709116895836,0.1889216643646964,0.37073170731707317,0.7798740696038116,0.037303425024499216
57,poisson_pcg80,1.0,1.0,0.24852253687460474,1.0,1.4608904070557622e-12,8.266550296465603e-14
57,poisson,0.5237265394707197,0.814198748064529,0.17098814765552364,0.4024390243902439,54.80561308693922,442.84751693338205
57,amg,0.9020965669622462,0.969118483914085,0.23524957655768827,0.7024390243902439,0.42867506738764355,0.07641776949119762
57,oracle,1.0,1.0,0.24852253687460474,1.0,1.2294290585145713e-12,7.046332992820199e-14
58,ensemble,0.33307159250050966,0.7622652620991756,0.18006479866935748,0.4,,
58,raw,0.22303056643480088,0.887088919180022,0.2428937705278793,0.6365853658536585,,
58,smoothed,0.24272581257107856,0.9402955150007278,0.24604069215043994,0.6439024390243903,,
58,prediction_magnitude,0.3599177670290108,0.4810019453965565,0.11418761274103295,0.046341463414634146,,
58,boundary_distance,0.3056537741639343,0.4718354220981168,0.1052214899021544,0.029558652729384436,,
58,jacobi1,0.12024330197188196,0.7197768749255588,0.15981655194532016,0.3121951219512195,0.9796555970658866,0.5656762446003542
58,jacobi5,0.21654828432629836,0.7273440705106997,0.1733622936865394,0.3439024390243902,0.9550044608617911,0.3072089995087983
58,jacobi10,0.2684498029931331,0.7285721847994389,0.17638430599842844,0.35609756097560974,0.938591849447858,0.2460077950705147
58,jacobi20,0.32452967112874515,0.7092373251459048,0.17800458923348653,0.34146341463414637,0.9160327501088456,0.19851039501593767
58,jacobi40,0.3883114861458867,0.6644257109961225,0.17994555553708563,0.33658536585365856,0.8852445233958417,0.1508900766435464
58,jacobi80,0.4581311029688368,0.6264037955083838,0.17300390412837258,0.3097560975609756,0.8479479529319337,0.09601612668413567
58,cg5,0.22014466512646394,0.8826158304990538,0.24248562735704013,0.6390243902439025,0.9868420839498512,0.2646364891236437
58,pcg5,0.2632940523101197,0.7178685335415481,0.17254729756835466,0.3463414634146341,0.9393013791394313,0.2456307427721433
58,poisson_pcg5,0.5129098127491102,0.8325053266810476,0.21110117165571624,0.4560975609756098,0.8362062431697822,0.102029391550459
58,cg10,0.21417696484814006,0.8743571589269881,0.2368458038610607,0.6024390243902439,0.9777261752946189,0.18750870290473207
58,pcg10,0.38035394044607157,0.6543367785821103,0.17701001511149955,0.32926829268292684,0.8849482181170016,0.15822953179618834
58,poisson_pcg10,0.936263438007664,0.9958948162460464,0.29795472202731577,0.9121951219512195,0.2112518718204087,0.028614635401849067
58,cg20,0.20805887907349346,0.8703241004195175,0.23067522427163425,0.5804878048780487,0.9654740703662638,0.10701671876340552
58,pcg20,0.47507758901218483,0.5985422759816312,0.16730700956241337,0.2707317073170732,0.8313905623153223,0.04581421306880412
58,poisson_pcg20,0.9999949781919631,0.999998014901473,0.3008934054765712,0.9975609756097561,0.0015872268943328655,0.0003436006257740792
58,cg40,0.1825137895586738,0.8201527202466816,0.2092735528523635,0.5195121951219512,0.9326002966025865,0.07136514453756378
58,pcg40,0.41589739318465185,0.49948519778198325,0.1456339975170596,0.15121951219512195,0.8772822357349808,0.03761117699220725
58,poisson_pcg40,1.0,1.0,0.30089377274517315,1.0,2.498874845029146e-07,6.997985268583079e-08
58,cg80,0.272318690308273,0.8325489988486429,0.20653176522909558,0.4951219512195122,0.8777492169326053,0.05376815653316298
58,pcg80,0.25339697583569815,0.49484337572621523,0.15463558111209771,0.08780487804878048,1.0436230572110095,0.035335952052597076
58,poisson_pcg80,1.0,1.0,0.30089377274517315,1.0,1.6551508322911295e-12,5.927148638662491e-14
58,poisson,0.4935746402724432,0.8420291677143575,0.19822076434784663,0.40487804878048783,104.83160499060371,448.4306444029282
58,amg,0.970229059371315,0.9970263224064688,0.2990012376698666,0.9,0.17788660547506213,0.06740456763997046
58,oracle,1.0,1.0,0.30089377274517315,1.0,1.7937249137873315e-12,6.142726906625503e-14
59,ensemble,0.17314415292928534,0.626552677897913,0.1308872025253645,0.17804878048780487,,
59,raw,0.08371719588330066,0.6497703902703704,0.13944722097756673,0.2146341463414634,,
59,smoothed,0.08554641609077401,0.6489095192091368,0.15680614359367281,0.2634146341463415,,
59,prediction_magnitude,0.27368860297470404,0.6948063205537102,0.10970599034220253,0.10975609756097561,,
59,boundary_distance,0.15169869592543359,0.647593398885698,0.10505439371857309,0.1278745644599303,,
59,jacobi1,0.17667422204478664,0.6614785013829519,0.1464292126454871,0.25121951219512195,0.9399636604808477,0.6518813100380891
59,jacobi5,0.29205751937504976,0.7095509707131797,0.16876415424306976,0.3195121951219512,0.8642909884795703,0.3584044514923541
59,jacobi10,0.35354330710998894,0.7262423408281831,0.1763389207582089,0.33658536585365856,0.8269599543557935,0.26319859278045293
59,jacobi20,0.42512070971562105,0.7480883501184442,0.1779079073402529,0.32926829268292684,0.7884452686131878,0.19406760036028156
59,jacobi40,0.5003014817082274,0.7721814909413337,0.18446856251845162,0.35365853658536583,0.7482728878361818,0.1427938119630603
59,jacobi80,0.5764874955827368,0.7902180961581726,0.1888888088634697,0.3975609756097561,0.7080508914443827,0.1054932927298102
59,cg5,0.09122279230575889,0.6530755793179202,0.1457674600556058,0.22195121951219512,0.9566164877487647,0.27563670984232763
59,pcg5,0.3498124133450859,0.7164518348927386,0.17136945887388944,0.32439024390243903,0.824809834904216,0.25495610214350084
59,poisson_pcg5,0.29810959451507224,0.6879583923348729,0.17297547807815386,0.3170731707317073,0.9123244828377836,0.0928253150856508
59,cg10,0.10692685426289092,0.6649153686327964,0.1608387887089681,0.28292682926829266,0.9370406904373191,0.18547460280681508
59,pcg10,0.47417558948252136,0.7618497148075116,0.18105620553351703,0.33902439024390246,0.7656174906768435,0.15373830924251275
59,poisson_pcg10,0.9296796609992145,0.9858396305069942,0.2714487656588776,0.7682926829268293,0.2307039499614293,0.03445253931534862
59,cg20,0.14854974940622595,0.687197437899501,0.16654742025003813,0.3,0.9031133215454706,0.12916502806707034
59,pcg20,0.6171243210518328,0.8003434220451808,0.19299180471612712,0.44390243902439025,0.6920525118771998,0.08917340000780082
59,poisson_pcg20,0.9997385329760297,0.999963606527004,0.28217565004594697,0.9902439024390244,0.013013504511455182,0.003914789557795324
59,cg40,0.25986861973683506,0.71106163069227,0.18520763057510853,0.3146341463414634,0.8242117148310716,0.08167579726668563
59,pcg40,0.67028525479674,0.7854022471315326,0.1949422718451048,0.47317073170731705,0.6841403937907955,0.04980560397583977
59,poisson_pcg40,0.9999999895226205,1.0,0.28220599743534713,1.0,1.6015329591457728e-05,3.8689300317846554e-06
59,cg80,0.43815458022699993,0.7418617577385758,0.20966924683583144,0.375609756097561,0.7272553744421896,0.042525013001028934
59,pcg80,0.7163375582039392,0.7795839233487288,0.1994032922767422,0.5097560975609756,0.6576322803220583,0.018175978912116402
59,poisson_pcg80,1.0,1.0,0.28220599743534713,1.0,4.7290382874850966e-11,1.3481487136027401e-11
59,poisson,0.10789005373834024,0.6552399984119212,0.1620324977956686,0.2975609756097561,187.7082621896308,447.29144099465714
59,amg,0.6897839266072692,0.7645375382131466,0.188812555652244,0.4609756097560976,0.7176151087960361,0.08515049604930139
59,oracle,1.0,1.0,0.28220599743534713,1.0,2.0637466372688645e-12,5.718834472466671e-14
60,ensemble,0.4366129090829996,0.6635529293437264,0.16008298393428153,0.17317073170731706,,
60,raw,0.40145893197587845,0.835972632108307,0.216657104754618,0.3780487804878049,,
60,smoothed,0.5449733603194311,0.8896999854426108,0.19768037978700334,0.2731707317073171,,
60,prediction_magnitude,0.3011301130380735,0.40660574619853634,0.06036766789909635,0.0,,
60,boundary_distance,0.5576071318069892,0.6738231674232098,0.12635869585484377,0.1275842044134727,,
60,jacobi1,0.20839914315151534,0.6080826595026666,0.15570495561340433,0.17317073170731706,0.9978897133371032,0.6218062627560001
60,jacobi5,0.2519975096246606,0.5979910802906184,0.15943790774686886,0.18292682926829268,0.993370023086667,0.34219497267775967
60,jacobi10,0.27102957884398576,0.5970858753622805,0.15836586814819026,0.17560975609756097,0.9899819647933195,0.28778000659490405
60,jacobi20,0.2765410084497412,0.5987824729034051,0.15651668350826772,0.17073170731707318,0.9851408653908649,0.2538265136461386
60,jacobi40,0.2904132916233043,0.616712544499292,0.15169994912042734,0.17560975609756097,0.978922758409213,0.22686844876289433
60,jacobi80,0.32340376563169154,0.6619258102510488,0.14776842737905693,0.20243902439024392,0.9729629152226976,0.1963976752044487
60,cg5,0.3937216049043301,0.8293562987176264,0.21834010300566126,0.37317073170731707,0.9948428757676785,0.2960335053845445
60,pcg5,0.28024439333066453,0.5965823220359171,0.15804084626779058,0.17804878048780487,0.989972201678477,0.29089379702282003
60,poisson_pcg5,0.5563478538359168,0.7864781705331975,0.17569620798078917,0.33414634146341465,1.0400842596822284,0.09165464920920371
60,cg10,0.389827104936293,0.8246238238291227,0.2207832915662494,0.4,0.9907559302250126,0.24338930124999197
60,pcg10,0.2910588393013605,0.6138540026203301,0.15354980243567315,0.16341463414634147,0.9789362782187484,0.23457038786754483
60,poisson_pcg10,0.7401785122313769,0.9887477998491325,0.2846524669021438,0.8268292682926829,0.7692563610285217,0.07004640594050458
60,cg20,0.38910366125883006,0.845008138903961,0.23455392867401473,0.5121951219512195,0.9753140479513822,0.1657640055089401
60,pcg20,0.42152729191840316,0.747836904305017,0.1322849486674459,0.18536585365853658,0.9694360457078552,0.14529550211013625
60,poisson_pcg20,0.9998988311211813,1.0,0.3139453989999826,1.0,0.01593986919755886,0.003025433545433124
60,cg40,0.3971563410414437,0.8654698728213543,0.238326735381133,0.5195121951219512,0.9609814578084872,0.08832311271308652
60,pcg40,0.49553362125451844,0.8190820904410889,0.171457216220729,0.33414634146341465,0.9857182988538478,0.05382505966948071
60,poisson_pcg40,0.9999999979045241,1.0,0.3139453989999826,1.0,3.3394795517364558e-06,3.19599347159728e-06
60,cg80,0.4439048588135382,0.9130308484311105,0.2425293727032809,0.5804878048780487,0.9456251339640277,0.061095580195494235
60,pcg80,0.45305292174023293,0.8266347286370314,0.14325160796639655,0.24878048780487805,1.0092790742823465,0.045837992872631295
60,poisson_pcg80,1.0,1.0,0.3139453989999826,1.0,3.8887041484493204e-12,2.333545374814127e-12
60,poisson,0.5161757438073379,0.7886518534203247,0.17172793917429774,0.26097560975609757,60.55774864023309,455.16925366578977
60,amg,0.9824769603470577,0.9992443391607003,0.3131272836699239,0.9634146341463414,0.23066388985372976,0.10245916238896437
60,oracle,1.0,1.0,0.3139453989999826,1.0,1.2352416671693623e-12,5.839748661287283e-14
61,ensemble,0.5760718242322065,0.8906204094596561,0.350694331660018,0.5560975609756098,,
61,raw,-0.04601005250089184,0.6741401214880298,0.15745590944685875,0.275609756097561,,
61,smoothed,-0.0738356793653066,0.7678658867435121,0.2309521708487392,0.4170731707317073,,
61,prediction_magnitude,0.7132557833319252,0.7688935060810185,0.1640790234149566,0.02195121951219512,,
61,boundary_distance,0.536698463639047,0.8327898574699257,0.24144215600753755,0.30940766550522647,,
61,jacobi1,0.17156615880572626,0.6681596813255165,0.20597860303610396,0.33658536585365856,0.9965344259648297,0.8153008534944084
61,jacobi5,0.25087910889998355,0.6586391487897516,0.21491368266130215,0.32926829268292684,0.9894008243670604,0.6850163968380188
61,jacobi10,0.29407659319313423,0.6899924566255972,0.22908542451466282,0.35365853658536583,0.9831510967576162,0.6322355053374517
61,jacobi20,0.3212708866911351,0.7316431322207959,0.24814803164655666,0.3853658536585366,0.9727476772717376,0.5801298646578703
61,jacobi40,0.3379766593040025,0.7570662890568135,0.2667163429340356,0.4317073170731707,0.9559066855508053,0.5339622352993074
61,jacobi80,0.38385172823119035,0.7816676151026296,0.296006851505269,0.5048780487804878,0.9284135004946333,0.491627886109152
61,cg5,-0.02796481867763064,0.6770125590566812,0.18400771917343095,0.3195121951219512,0.9924624102769687,0.6135641843362063
61,pcg5,0.3029190313064661,0.7050553842489049,0.233570073529736,0.35121951219512193,0.9775350007237419,0.6081663434563599
61,poisson_pcg5,0.7829362766192497,0.9991166311554597,0.4514369479319504,0.9414634146341463,0.24062437294840863,0.12131187097278469
61,cg10,-0.008450785980886132,0.6856060505803104,0.1878795746183063,0.3195121951219512,0.9831012829979113,0.5396220178605996
61,pcg10,0.32594532785983854,0.7591565978058045,0.27772812852288414,0.44878048780487806,0.9489590852891097,0.5302686030246339
61,poisson_pcg10,0.8834663874975861,0.9993204346042375,0.4525047998707818,0.9609756097560975,0.11060606610785675,0.0693218535204078
61,cg20,0.02217926904044414,0.6942140994931382,0.19548382187950358,0.33170731707317075,0.9447938752438343,0.4525241509475536
61,pcg20,0.4477320702558873,0.8266611966173921,0.3295952152378572,0.5536585365853659,0.8459289163548944,0.4322442044582065
61,poisson_pcg20,0.9999569985640682,0.999998676600982,0.45362140063506645,0.9975609756097561,0.0016276350386486697,0.0017019240795815248
61,cg40,0.07623780321257134,0.732241308576949,0.23032456267461937,0.4268292682926829,0.8591039068773269,0.28187956409755366
61,pcg40,0.5263862367730766,0.9983364874343263,0.4524932219553565,0.9560975609756097,0.5364335223789328,0.21721640846050977
61,poisson_pcg40,0.9999999989522621,1.0,0.45362265075818015,1.0,1.0135507366444427e-06,1.6747758022016749e-06
61,cg80,0.06986765211590541,0.7711730608895888,0.2893999470929706,0.526829268292683,0.7678911274270437,0.18129872700205138
61,pcg80,0.7267430797326911,0.9995030636687268,0.4531263379401423,0.9658536585365853,0.27273769607376075,0.11448442257785958
61,poisson_pcg80,1.0,1.0,0.45362265075818015,1.0,1.400586815079196e-12,1.3332842724353968e-12
61,poisson,0.2817570735653422,0.8010673213080476,0.22007157897018986,0.3829268292682927,69.07975413032108,369.6271993133422
61,amg,0.9632464275558212,0.9982173815227029,0.45026120846083634,0.9219512195121952,0.3728756133019897,0.23659732780163928
61,oracle,1.0,1.0,0.45362265075818015,1.0,1.6010820016212212e-14,5.915191702856036e-15
62,ensemble,0.37183001694234186,0.719959503990048,0.17230136114293104,0.2121951219512195,,
62,raw,-0.00301766273857133,0.5832728981115096,0.13798560767110574,0.1926829268292683,,
62,smoothed,0.023655526061964843,0.6369724600664346,0.1872615191809492,0.2951219512195122,,
62,prediction_magnitude,0.6172458038503909,0.9378770032952636,0.32609529685567856,0.724390243902439,,
62,boundary_distance,0.28458369171890696,0.7719982001773354,0.1325736092502158,0.14628339140534263,,
62,jacobi1,0.26495973022647457,0.6863398753358125,0.1689243219389822,0.24878048780487805,0.9838631776152404,0.6761659910496013
62,jacobi5,0.3079075080049974,0.6798022841867052,0.1829582730541426,0.275609756097561,0.9551206046764863,0.41619309593354864
62,jacobi10,0.31909137991894815,0.6658086629699721,0.1888995196694782,0.28292682926829266,0.9345560702968858,0.32925168799765797
62,jacobi20,0.32719902333639334,0.6628005770019718,0.1915578728469176,0.28292682926829266,0.9071828189934894,0.24961408360958276
62,jacobi40,0.3582130930043179,0.6892738509588026,0.2019533043124099,0.3073170731707317,0.8737934010426299,0.18125220977419484
62,jacobi80,0.42324962556639323,0.7680207244286225,0.2200190037031588,0.36585365853658536,0.8387404339354114,0.13422697426153926
62,cg5,0.006894231719179851,0.5875587258314254,0.143376662904739,0.1902439024390244,0.9851499694737826,0.34123149848138135
62,pcg5,0.3146622617038757,0.6431983907467941,0.18670180226891708,0.2682926829268293,0.926593140449054,0.3183834945881642
62,poisson_pcg5,0.617377434111811,0.8703042494342469,0.25459350666699443,0.36585365853658536,0.6681065345577241,0.0972395579287427
62,cg10,0.019042764528409514,0.5906733454203777,0.14213908377875706,0.17317073170731706,0.9762512796838989,0.2223171022306365
62,pcg10,0.3449247885846407,0.6745596389767479,0.20126486399885085,0.3073170731707317,0.8711042968068105,0.18631596209891133
62,poisson_pcg10,0.9692295580456889,0.9966345962971296,0.3529913764091323,0.9048780487804878,0.16496057494580282,0.038824886653972025
62,cg20,0.05735969908630545,0.6087430356126676,0.14978878869364085,0.20243902439024392,0.9652782988707498,0.1619943530388847
62,pcg20,0.4649677246417239,0.815315696835753,0.22625394861543985,0.3829268292682927,0.8219230254998484,0.12072168373817514
62,poisson_pcg20,0.9999401717178255,0.999996691502455,0.35611040271199657,0.9975609756097561,0.0068926774812162125,0.002318623473985828
62,cg40,0.15616398403141182,0.6227293781348014,0.17704640025096752,0.1975609756097561,0.9219374256848493,0.09973881350478674
62,pcg40,0.6608148717015533,0.8132743538504295,0.2723574587382337,0.5146341463414634,0.7003663445174881,0.05765576035047141
62,poisson_pcg40,0.999999999476131,1.0,0.3561139052174487,1.0,1.4440411084370282e-06,5.918028107814506e-07
62,cg80,0.320765418260346,0.6439269219062239,0.20295163013448195,0.23170731707317074,0.8824784372997371,0.06273522788206849
62,pcg80,0.707338404685406,0.8148836070563635,0.26065438632611876,0.4317073170731707,0.6810234354833895,0.028122045427956596
62,poisson_pcg80,1.0,1.0,0.3561139052174487,1.0,1.838658654153988e-12,2.757601294614621e-13
62,poisson,0.22846116759722565,0.7482637004883342,0.1490608312425269,0.18536585365853658,115.52359814485173,425.10211538221677
62,amg,0.8588176302978103,0.9322538808676204,0.3161748961494181,0.6317073170731707,0.489944588989828,0.07731239010404174
62,oracle,1.0,1.0,0.3561139052174487,1.0,1.304818584135083e-12,5.130802845012505e-14
63,ensemble,0.3159127355608298,0.6612859468258274,0.17561550541120385,0.23170731707317074,,
63,raw,0.2114799198785004,0.7392692190622394,0.24358472397086653,0.4073170731707317,,
63,smoothed,0.28035183920759493,0.833777113137382,0.23908304600877078,0.3975609756097561,,
63,prediction_magnitude,0.44519835872826635,0.6377459867924778,0.13687315976534925,0.1073170731707317,,
63,boundary_distance,0.43984065289945407,0.6933300689490889,0.12118637197230261,0.08222996515679441,,
63,jacobi1,0.1441042819387969,0.6384050395034607,0.15950157161310233,0.22682926829268293,0.9790637382249356,0.6766093994423028
63,jacobi5,0.24234874355403668,0.6759379590540344,0.18484117380223192,0.28536585365853656,0.9542729825999785,0.46218833273950766
63,jacobi10,0.2537219808327097,0.681056204756296,0.19676721618878,0.3146341463414634,0.9389614699612935,0.394630466208723
63,jacobi20,0.28458522635135286,0.6838909254529333,0.21006775585957396,0.33414634146341465,0.9167811113365116,0.3253389359081504
63,jacobi40,0.34841661910634825,0.7107625425141935,0.228322392892404,0.36341463414634145,0.8846334999313326,0.23738811956397957
63,jacobi80,0.4090059025225954,0.73834482484814,0.25974098290741227,0.4170731707317073,0.843687481085778,0.1342262675948918
63,cg5,0.21624362465421856,0.7436284954276564,0.24487727936197165,0.4121951219512195,0.9743229494258372,0.41321328377272937
63,pcg5,0.26652675208888216,0.6910458822439554,0.20223584395894395,0.32926829268292684,0.9368031490953321,0.38913211461679326
63,poisson_pcg5,0.6288956402561823,0.9132055371014914,0.31645112671679126,0.5707317073170731,0.5765246355781655,0.0915943979896805
63,cg10,0.21140134267479735,0.7362651032912934,0.2525420193099715,0.4170731707317073,0.9437336560001758,0.2508182767312253
63,pcg10,0.35895785605376845,0.7144422534838479,0.23442965097971938,0.36829268292682926,0.8747442531496382,0.20652116933943168
63,poisson_pcg10,0.9107885825591806,0.9950491642735201,0.3752740835682464,0.8731707317073171,0.17967484532564412,0.024023043732925464
63,cg20,0.22300902791095695,0.7475325225308683,0.2578840086356382,0.4268292682926829,0.9289855398304925,0.12297616116060038
63,pcg20,0.44565974428292704,0.7793979857866945,0.2704629101401562,0.43658536585365854,0.815122926328988,0.0501170216908311
63,poisson_pcg20,0.9999956857643313,1.0,0.38135790170636963,1.0,0.0010548170855991315,0.000354912234189052
63,cg40,0.2364663170965801,0.7424791233804905,0.25659587167709363,0.4073170731707317,0.8994557495661126,0.07708260070318639
63,pcg40,0.5414021669651743,0.7924189087251697,0.2691146443890672,0.4219512195121951,0.7751973454721814,0.03371222919961382
63,poisson_pcg40,0.999999999301508,1.0,0.38135790170636963,1.0,1.1565583987906188e-06,4.2038612000919664e-07
63,cg80,0.300304043776783,0.7535407540727604,0.264822218438688,0.4097560975609756,0.8668928871768052,0.045697226497231784
63,pcg80,0.6106000122529462,0.8073594219393089,0.2876027950373826,0.4317073170731707,0.6370297669115642,0.029544143538338997
63,poisson_pcg80,1.0,1.0,0.38135790170636963,1.0,6.157963409400196e-12,1.5638215283453005e-13
63,poisson,0.6071469115395121,0.9112469065547953,0.3202412632508185,0.6195121951219512,158.306353238634,388.4391908702129
63,amg,0.8314667167387622,0.9667085743022379,0.3551361453096799,0.7195121951219512,0.3721442708302505,0.08852258564675639
63,oracle,1.0,1.0,0.38135790170636963,1.0,6.064789529077895e-12,1.5266618868003581e-13
64,ensemble,0.16562680403014224,0.5894141312547146,0.135791027140261,0.15853658536585366,,
64,raw,-0.09616332346755332,0.4578179796990591,0.08848587248756509,0.05853658536585366,,
64,smoothed,-0.11795944259446518,0.46168230483172984,0.0932970811280266,0.07317073170731707,,
64,prediction_magnitude,0.37794462317922706,0.7147678096422853,0.13582802315261489,0.1926829268292683,,
64,boundary_distance,0.05599168625510379,0.5208964704948189,0.0904985198962649,0.05023228803716608,,
64,jacobi1,0.24184454795024457,0.6319858925664678,0.15373412966215938,0.22682926829268293,0.9213744111935457,0.6074694594231796
64,jacobi5,0.38955808389626206,0.7418273493641068,0.1918985993116915,0.3463414634146341,0.8011804898285053,0.30071287076394104
64,jacobi10,0.47475745739366604,0.8206529650754999,0.2129644089489652,0.424390243902439,0.7217139452830816,0.21499790361043927
64,jacobi20,0.5743325100697397,0.8970283075049958,0.2391536292956441,0.5365853658536586,0.6170348391767956,0.1519247009750726
64,jacobi40,0.6875084741046116,0.9523152865820573,0.26490590129352387,0.675609756097561,0.4897564684569633,0.11043315122223983
64,jacobi80,0.798078964943582,0.9794628323385784,0.27836423362008134,0.7707317073170732,0.3615034800142296,0.08356046942434528
64,cg5,-0.08629070626115912,0.4639082619800696,0.09191532019069673,0.06585365853658537,0.9700124921251978,0.241804032124414
64,pcg5,0.46695322142681683,0.8143211624736975,0.21232233409671783,0.4219512195121951,0.7122393267924442,0.2102884171530838
64,poisson_pcg5,0.3760585706962724,0.715982689940844,0.17235671486790058,0.26097560975609757,0.9975207710199825,0.10972523600641551
64,cg10,-0.06697222232932433,0.4728617180366052,0.0944057778180308,0.06585365853658537,0.95845754265842,0.16574429607936642
64,pcg10,0.6394426404608684,0.937300001323399,0.2576764133080307,0.6365853658536585,0.5188333353747994,0.11697310984336234
64,poisson_pcg10,0.9007340321172758,0.9878181120389609,0.28183021312500095,0.8170731707317073,0.26981998902791143,0.038622761784769616
64,cg20,0.014117701122102208,0.5015788150285192,0.11114429345393717,0.07804878048780488,0.9288410800653175,0.12955829982627434
64,pcg20,0.8504820600439346,0.9880728663499332,0.2824016243080769,0.7926829268292683,0.2793576890073137,0.06828932016519149
64,poisson_pcg20,0.9998915858385726,0.9999775022166933,0.29187808134962834,0.9951219512195122,0.0070964239413602425,0.0017817102753368219
64,cg40,0.21632641149441745,0.572295964956394,0.1494333518783231,0.15609756097560976,0.8459098384837412,0.08074266022030178
64,pcg40,0.9689342092716037,0.9961482471580007,0.2892492553549777,0.8975609756097561,0.12431182443076723,0.020480513560757314
64,poisson_pcg40,0.999999998603016,1.0,0.29189256759430887,1.0,2.012452978337278e-06,4.625409141497612e-07
64,cg80,0.4330754846724039,0.68914746635258,0.1884854080033728,0.3,0.7483961191667026,0.050303568554837017
64,pcg80,0.9971614960868247,0.9998583963050699,0.2917243350733369,0.9780487804878049,0.03754554729482267,0.003992829155471143
64,poisson_pcg80,1.0,1.0,0.29189256759430887,1.0,6.158568125494091e-13,1.7607818569794206e-13
64,poisson,-0.01967443701267612,0.5525276921244524,0.10102645901604099,0.07560975609756097,162.3239615708489,458.4081752339203
64,amg,0.9374934102521075,0.9914276828606593,0.28566086872924185,0.8390243902439024,0.2086069497220528,0.06922289298000406
64,oracle,1.0,1.0,0.29189256759430887,1.0,1.1238188593563627e-13,3.3091299216092133e-15
65,ensemble,0.3570339852945647,0.7491470693328746,0.22464378662866985,0.33658536585365856,,
65,raw,0.06528865603355131,0.693857443457777,0.1779423314870315,0.3170731707317073,,
65,smoothed,0.08982701954564942,0.7860586530444794,0.2204062477475378,0.4121951219512195,,
65,prediction_magnitude,0.5529789395659717,0.714759869248177,0.15882755137463633,0.03902439024390244,,
65,boundary_distance,0.3978312896196856,0.6323478421979011,0.14304971260688867,0.05354239256678281,,
65,jacobi1,0.16919624713813872,0.6190695181504176,0.1753899394317587,0.24146341463414633,0.9903931949902276,0.6947792196498888
65,jacobi5,0.2408624093888274,0.6495864378068631,0.19914778646783124,0.28780487804878047,0.9746190381454499,0.48627199230843365
65,jacobi10,0.27976500816173905,0.6777668964969628,0.21169745296521048,0.3146341463414634,0.962664055014434,0.42354143684029266
65,jacobi20,0.3360337958495719,0.7343865383851885,0.24411617656664314,0.3951219512195122,0.9442876651654512,0.3671494027324084
65,jacobi40,0.41682620729727415,0.8063966491536864,0.2850674908866016,0.4634146341463415,0.9169030588278605,0.3149951502338892
65,jacobi80,0.5075342061297867,0.830913939361857,0.3170686935583965,0.5146341463414634,0.8804500492968417,0.26608680309501453
65,cg5,0.0733074971979296,0.7012453184759737,0.19573627552415332,0.35609756097560974,0.9925243441162545,0.41991690378222335
65,pcg5,0.2911570589724479,0.6905952648783135,0.21530734222387055,0.33658536585365856,0.9568408106331782,0.41369943429006756
65,poisson_pcg5,0.7529865126159385,0.9932949988751109,0.3945010438894067,0.8804878048780488,0.48015584955684365,0.14648036253435923
65,cg10,0.08261674430684339,0.7105249923904556,0.20713426648269256,0.3804878048780488,0.9848718985293315,0.33431845034787444
65,pcg10,0.4251184085338173,0.8236081150827786,0.2928475264406049,0.4975609756097561,0.908738417634151,0.3161036809792343
65,poisson_pcg10,0.8687173144173885,0.9946382488784193,0.39519518150997673,0.8902439024390244,0.23267190691623224,0.07680180674532039
65,cg20,0.1131507352033137,0.7172412424069982,0.23980954596592033,0.4195121951219512,0.9670788571798559,0.2532012505131882
65,pcg20,0.6077847365156963,0.8427385095880259,0.33534793514681205,0.5390243902439025,0.8261819219649325,0.22717404165646218
65,poisson_pcg20,0.9996530658475089,0.9999384619456613,0.3989070787755391,0.9878048780487805,0.011194074714508008,0.008547312757635121
65,cg40,0.1718774995535239,0.719676296600188,0.24839505726079356,0.3902439024390244,0.9218119245208568,0.2104302328113202
65,pcg40,0.7654874980134889,0.8457505657530802,0.35290933088356075,0.6097560975609756,0.7090976287927524,0.1882742136640068
65,poisson_pcg40,0.9999999956344251,1.0,0.3989441911972456,1.0,4.0641741130157374e-06,2.846001075812426e-06
65,cg80,0.27729667111717815,0.8142980029908817,0.3181621868541427,0.624390243902439,0.7509204599572091,0.13119264952113416
65,pcg80,0.8109630852370872,0.9967986977753662,0.39586779467728345,0.8829268292682927,0.2971759261526434,0.0806316690110865
65,poisson_pcg80,1.0,1.0,0.3989441911972456,1.0,1.2357414027085055e-11,1.028261957283037e-11
65,poisson,0.3850197699072448,0.8002296097296295,0.20145254285332767,0.2951219512195122,81.22170326176176,422.062979995908
65,amg,0.8314792763229215,0.9666913701150034,0.3786496089766592,0.7170731707317073,0.5376015917449738,0.1706625013603038
65,oracle,1.0,1.0,0.3989441911972456,1.0,7.019666934281062e-14,1.8298882348780616e-14
66,ensemble,0.3258560621573478,0.6819170758175297,0.1420166212707041,0.23414634146341465,,
66,raw,0.051020256141476705,0.7205762079324537,0.16229893838475945,0.36829268292682926,,
66,smoothed,0.0819792348744078,0.8161494382171168,0.1664604251543388,0.3804878048780488,,
66,prediction_magnitude,0.39737436710340857,0.7076340272355518,0.059276780042361144,0.0,,
66,boundary_distance,0.3962746497761169,0.6256673239548456,0.08169614606916308,0.013646922183507548,,
66,jacobi1,0.038739845428476215,0.6465035797943438,0.13174929370315108,0.23414634146341465,0.9792568145493676,0.6149054074627189
66,jacobi5,0.13276093487786114,0.671142622712174,0.15574296004811114,0.29024390243902437,0.9545927217652203,0.3396248681639349
66,jacobi10,0.18049213900370237,0.699754509482154,0.16730318980788722,0.3170731707317073,0.9354655136655372,0.2883096531289579
66,jacobi20,0.24487299872270968,0.7331557772984132,0.1759733051514386,0.33902439024390246,0.903705298645631,0.2565412921976648
66,jacobi40,0.3262068245697178,0.7550064184852375,0.19456773357874851,0.40487804878048783,0.8524043953865991,0.22981734498400663
66,jacobi80,0.44365108323392394,0.794034778926194,0.20327608909536596,0.43902439024390244,0.7777117040914758,0.19966184949085075
66,cg5,0.056116216435504934,0.7256706324523907,0.16584724458930106,0.375609756097561,0.9917390511886692,0.31284692980085893
66,pcg5,0.18807310777407035,0.6995765123142279,0.16613239176062167,0.3121951219512195,0.9381170698467247,0.2843022046191784
66,poisson_pcg5,0.4645016626833066,0.8064952423805302,0.14185177136659913,0.2731707317073171,1.104430853030494,0.1189356367272729
66,cg10,0.058858222460305545,0.7288461283961727,0.16753021591516118,0.375609756097561,0.9838449318344935,0.25888127933823885
66,pcg10,0.3027835821878624,0.7399454759604568,0.19161014197856277,0.3878048780487805,0.8542513265806885,0.23136583151392254
66,poisson_pcg10,0.8815776156107591,0.9954541243730397,0.2811227240628701,0.8878048780487805,0.39303280575310273,0.03597535211350561
66,cg20,0.058791814558372034,0.7289500152190888,0.1678325018828869,0.375609756097561,0.9579726400471105,0.18763817629356006
66,pcg20,0.5941289869013756,0.8353195346929052,0.21079070814273204,0.5219512195121951,0.6179169198672584,0.1494348829638504
66,poisson_pcg20,0.9999962761646711,0.999998676600982,0.28654676126583906,0.9975609756097561,0.0018572992145105462,0.0013242254822880388
66,cg40,0.06706901655291865,0.7411206542884745,0.16795707487735556,0.4073170731707317,0.92986618057243,0.08907602284916247
66,pcg40,0.6412145513228433,0.888625385439964,0.21977283364397224,0.45121951219512196,0.548785751822568,0.021242913744198285
66,poisson_pcg40,0.999999998428393,1.0,0.286546893511182,1.0,1.8825491820964384e-06,8.070836155247571e-07
66,cg80,0.1336722247000061,0.7696637243095166,0.17282505342455354,0.45121951219512196,0.9000508753198461,0.055290893881303434
66,pcg80,0.6353323372069464,0.9437700991225865,0.23569455209645648,0.6560975609756098,0.5510170310135117,0.017122329626474895
66,poisson_pcg80,1.0,1.0,0.286546893511182,1.0,7.517497809743722e-12,2.3873071183233044e-13
66,poisson,0.41580453042312526,0.7901519262072707,0.16770833550169953,0.348780487804878,78.18554073732669,429.64795328174097
66,amg,0.9498245636129493,0.99577769543295,0.28358411768693215,0.8853658536585366,0.25545326990474837,0.07640604172676543
66,oracle,1.0,1.0,0.286546893511182,1.0,6.7585393544390385e-12,2.1132507176986837e-13
67,ensemble,0.45709458366413913,0.7627086007702182,0.18968327182023575,0.3195121951219512,,
67,raw,0.19139533868227313,0.7502626947050806,0.18487127150882607,0.32682926829268294,,
67,smoothed,0.26765206020067617,0.8092247528552334,0.22045422849208787,0.4097560975609756,,
67,prediction_magnitude,0.6437456108510673,0.7620502097587444,0.17713048321438077,0.23170731707317074,,
67,boundary_distance,0.6073944826560916,0.8597607294575388,0.2265295348373503,0.3544715447154472,,
67,jacobi1,0.29014496942449175,0.676794859918214,0.16603222048201724,0.22195121951219512,0.9828045113527528,0.6086218516888374
67,jacobi5,0.348697525336539,0.6900850945568598,0.1809196797977134,0.2780487804878049,0.9629406326514275,0.32138885884136686
67,jacobi10,0.3564614518555188,0.701607268107407,0.18460199312881684,0.28536585365853656,0.9540276248422548,0.24329062759086756
67,jacobi20,0.3707630795345987,0.7085650384447415,0.18420429691395301,0.2780487804878049,0.9453627609368008,0.19139054966345337
67,jacobi40,0.40722705650844765,0.7091142490372272,0.17768419634660484,0.26097560975609757,0.9359737668223125,0.15744730774079033
67,jacobi80,0.4439163387037308,0.7237834654526686,0.18090655347750378,0.28536585365853656,0.9241674522184323,0.12956637431370677
67,cg5,0.1926595433198016,0.7554987229199476,0.19133096500445293,0.35365853658536583,0.9896531055991743,0.2529702520576874
67,pcg5,0.3489727498584017,0.7009707131797308,0.18584174403969522,0.29024390243902437,0.9522571812141044,0.23921921387863204
67,poisson_pcg5,0.4623976124273122,0.8116108412847558,0.19693952771085801,0.37073170731707317,0.9445075510381497,0.09179116986879403
67,cg10,0.19627328199473215,0.7590302131995819,0.19616779109200153,0.37073170731707317,0.984918030600844,0.1872967115723708
67,pcg10,0.4060131631999672,0.7046107221788441,0.1869672844780126,0.28536585365853656,0.9385252069928519,0.16671127896900634
67,poisson_pcg10,0.8337606350990763,0.9977621322604978,0.3168832615721312,0.9292682926829269,0.5576526323825713,0.06256076025151414
67,cg20,0.2256636518914939,0.7600730516257957,0.2018978681080893,0.40487804878048783,0.9713641661401409,0.13386998245415582
67,pcg20,0.47758135409346475,0.749022669825179,0.18013483373162137,0.2951219512195122,0.9125580005483447,0.10811178518341123
67,poisson_pcg20,0.9999296159325125,0.999999338300491,0.3191675203247984,0.9975609756097561,0.008657623597394033,0.0023867474793289427
67,cg40,0.2997035463862372,0.791169620052142,0.21691040576131526,0.44878048780487806,0.9539934697406502,0.07434907213928524
67,pcg40,0.5066403014235937,0.8198966425366913,0.1956073059639425,0.4073170731707317,0.8964477506848756,0.037290221882545375
67,poisson_pcg40,0.9999999956344251,1.0,0.319167995244057,1.0,7.537600851759064e-06,3.866121482292845e-06
67,cg80,0.41150595773838583,0.8181709302171698,0.21683416677703235,0.4634146341463415,0.9277694226383095,0.04756320979227946
67,pcg80,0.5567457943169688,0.8472261556581925,0.21676045326929322,0.4585365853658537,0.8519740275440428,0.03228621252883933
67,poisson_pcg80,1.0,1.0,0.319167995244057,1.0,6.383466611316052e-12,2.7905078328889955e-12
67,poisson,0.4085049671300854,0.8146460569326257,0.20251252815059387,0.4,84.22589075592624,456.27255433451825
67,amg,0.4201318355751573,0.5486329288143669,0.14109396635541138,0.15365853658536585,1.0280817256263468,0.08154904486434786
67,oracle,1.0,1.0,0.319167995244057,1.0,3.664037210258247e-12,1.3542394546930868e-13
68,ensemble,0.2973539218941247,0.6185560393314188,0.13774661939268562,0.15121951219512195,,
68,raw,-0.20357842606401003,0.5024032926167569,0.07951901257612744,0.08780487804878048,,
68,smoothed,-0.28265230593015217,0.47008655029577967,0.09129491620376841,0.1048780487804878,,
68,prediction_magnitude,0.7129411864202981,0.7960556092267379,0.15807689767403313,0.20243902439024392,,
68,boundary_distance,0.2788077448709132,0.6472546087370803,0.0828510404191506,0.01248548199767712,,
68,jacobi1,0.14083897096681794,0.5896847663539033,0.11805885821128093,0.16341463414634147,0.9827949715011975,0.5924712374084434
68,jacobi5,0.16318003956090896,0.6265275333165703,0.11692771965714402,0.17804878048780487,0.9563385500189149,0.29490509585987196
68,jacobi10,0.16583257051025008,0.6476364093537843,0.1205715342723065,0.2,0.9359095724759193,0.20177275064862837
68,jacobi20,0.20262440983714747,0.688066911054352,0.13318549811353866,0.23170731707317074,0.9048935898902624,0.1342870273071973
68,jacobi40,0.282639795065808,0.7539106440983021,0.1457529060504371,0.275609756097561,0.8582492298288453,0.08907133784785153
68,jacobi80,0.410195449893371,0.8282572158331458,0.17016489138025984,0.4,0.7876628782885833,0.062321852007946425
68,cg5,-0.20570778757361546,0.5056535606050581,0.07677215796451997,0.0951219512195122,0.9908864251377151,0.2267605961065454
68,pcg5,0.1493944500677705,0.6397310853195347,0.1191605480378841,0.18536585365853658,0.9351431443352487,0.19806820129372224
68,poisson_pcg5,0.018060211412006553,0.5679651416698649,0.08161729336310922,0.036585365853658534,0.9535341284179554,0.10799952234651602
68,cg10,-0.19796764907187742,0.5097038232997632,0.07856417077741823,0.0975609756097561,0.9879325173052788,0.14842538566075492
68,pcg10,0.24899462103904765,0.7240316027685507,0.1388191593177691,0.24634146341463414,0.8736172373064375,0.10162344145666401
68,poisson_pcg10,0.9115103152805568,0.9881608723846327,0.22710489788277105,0.8170731707317073,0.463001111854279,0.06536581876891892
68,cg20,-0.17444027410976362,0.5177348702407263,0.08292077299613998,0.1073170731707317,0.9826493140514088,0.11381515725062095
68,pcg20,0.46124508233711614,0.8410663949287349,0.1778643630221867,0.43414634146341463,0.7543595784007389,0.05553405181230491
68,poisson_pcg20,0.9999004383512102,0.9999318449505711,0.24104978029829408,0.9878048780487805,0.01049689855162229,0.0032365116882308647
68,cg40,-0.021729167972846655,0.5787144501938779,0.0954906193187238,0.13414634146341464,0.9595178685060745,0.07745741589152796
68,pcg40,0.7376631668516833,0.8883090930746529,0.22834495329891086,0.724390243902439,0.46314731238365037,0.04263825351375794
68,poisson_pcg40,0.9999999690917303,1.0,0.24107858703881083,1.0,5.584781673841112e-05,1.1538553542424022e-05
68,cg80,0.10964617553852055,0.6366098487354922,0.12092511459182062,0.21951219512195122,0.9293336964342543,0.05670269248192164
68,pcg80,0.8262664696723726,0.908513425883038,0.23180883730497787,0.7731707317073171,0.37347527102841027,0.029990750314653737
68,poisson_pcg80,1.0,1.0,0.24107858703881083,1.0,7.901033996920234e-11,4.1064046469525294e-11
68,poisson,-0.07210690946303513,0.44903524211585033,0.07362990335175705,0.03170731707317073,93.46689003863297,459.79386047547194
68,amg,0.8013317456680646,0.8890713709090428,0.23096185099378042,0.7731707317073171,0.43586961500442273,0.06690660419347164
68,oracle,1.0,1.0,0.24107858703881083,1.0,7.447189106656732e-14,6.4930951835101895e-15
69,ensemble,0.2660620441571538,0.678716435292405,0.15498808493690783,0.2634146341463415,,
69,raw,0.14974995681224135,0.6087999417704432,0.13955898840715583,0.1878048780487805,,
69,smoothed,0.17208823650250876,0.6774982464963011,0.16038369487103712,0.25365853658536586,,
69,prediction_magnitude,0.45360159715801923,0.8497002501224145,0.2381172277570345,0.47804878048780486,,
69,boundary_distance,0.3261003227877312,0.6984913251194368,0.11548729851880705,0.10934959349593497,,
69,jacobi1,0.2572166526451388,0.6997756838664426,0.18985841892286615,0.3195121951219512,0.922962610276781,0.6048286467933794
69,jacobi5,0.37922978013121145,0.770863385519368,0.2149175904304447,0.3975609756097561,0.8174917029875013,0.29331310339622363
69,jacobi10,0.4270877654395225,0.8164121329221974,0.23644539570277906,0.4658536585365854,0.7532194905296441,0.2176098511782554
69,jacobi20,0.49887261003288164,0.8740269708719877,0.2595899562897242,0.5609756097560976,0.6754090454606901,0.15563285145519687
69,jacobi40,0.5677642792225014,0.9165246218387306,0.276092558897152,0.6292682926829268,0.5904422570939971,0.0995584938656807
69,jacobi80,0.6424585725109546,0.9491649352196181,0.2875303062793184,0.675609756097561,0.5099464384471222,0.060375797947943545
69,cg5,0.16080205751707002,0.6152872437568652,0.147761022162433,0.1902439024390244,0.9467726486771456,0.24844758527373767
69,pcg5,0.42529179711702747,0.8117656789698662,0.2367091701032479,0.4634146341463415,0.75003268368501,0.22091468341164636
69,poisson_pcg5,0.5714721114018142,0.8577657054378466,0.224222932137241,0.45365853658536587,0.8078475358553568,0.0860890825040537
69,cg10,0.16498219495067418,0.6244928073263369,0.1472502236706289,0.2073170731707317,0.9225765462392204,0.14493934846335116
69,pcg10,0.548973582984702,0.9097283061815968,0.2714389143364659,0.6195121951219512,0.5869871315026722,0.10344612989156438
69,poisson_pcg10,0.8577028212188562,0.9910955097071318,0.3153626025391216,0.8341463414634146,0.2854279117557145,0.03873606486793379
69,cg20,0.19009539448060586,0.6477740428516602,0.16377459439042358,0.26097560975609757,0.8947773071952202,0.09716097387378367
69,pcg20,0.6834296429781217,0.9601048132022286,0.2933901081418099,0.6902439024390243,0.46532691966189493,0.04568410158826596
69,poisson_pcg20,0.999432339590201,0.9999411087436973,0.3252663472199442,0.9878048780487805,0.020179257736505446,0.0027635791686655546
69,cg40,0.28620698902965275,0.7151919590275664,0.2033049728542516,0.36585365853658536,0.8139557116319018,0.05959768575364498
69,pcg40,0.7483808432206269,0.9638123155512619,0.29584006255084544,0.6829268292682927,0.41366083537301845,0.027752162161247818
69,poisson_pcg40,0.9999999147839793,1.0,0.3253007972202716,1.0,0.00010516807357280203,8.790828066625849e-06
69,cg80,0.4686897299216527,0.7959762052856557,0.23072343189018876,0.4121951219512195,0.720118957248487,0.034879129725694714
69,pcg80,0.8927019938201901,0.9717295501766737,0.3056115389018173,0.7390243902439024,0.3097761434398321,0.00944683337081339
69,poisson_pcg80,1.0,1.0,0.3253007972202716,1.0,4.025907622320527e-11,7.704403332737791e-12
69,poisson,0.2771290239633597,0.7602788401731005,0.12137893361046848,0.1951219512195122,214.37425133550227,437.75435486813484
69,amg,0.8356034986010045,0.9150900573031775,0.24969380063882743,0.5317073170731708,0.5859982670055949,0.06951890920888777
69,oracle,1.0,1.0,0.3253007972202716,1.0,2.638461958287643e-12,5.3264928053246124e-14
70,ensemble,0.46689748857770047,0.7422376030596985,0.23623494299078787,0.2975609756097561,,
70,raw,0.15888630934639256,0.7008575625636886,0.1909252397885098,0.275609756097561,,
70,smoothed,0.21468302437776102,0.7946799359474875,0.24258927503204838,0.37317073170731707,,
70,prediction_magnitude,0.7804093815001664,0.8425902888980057,0.21120255876852215,0.17317073170731706,,
70,boundary_distance,0.5398206578041141,0.7327832404748356,0.2004625095234913,0.11382113821138211,,
70,jacobi1,0.3022788681284036,0.6593213609835501,0.17539903078070693,0.23658536585365852,0.9967720969912881,0.7343698700233463
70,jacobi5,0.34073851804227123,0.6754483014173603,0.19889232477217242,0.2731707317073171,0.9910363906195905,0.5590134083121616
70,jacobi10,0.3458724202456278,0.680667125444993,0.2095167984099434,0.28780487804878047,0.9862698365397867,0.5201259671064118
70,jacobi20,0.3494683080850837,0.6943980519566455,0.21510952560892993,0.3073170731707317,0.9782604728145581,0.4882599611482569
70,jacobi40,0.3793440298438239,0.7352685838307108,0.23514667364529418,0.36341463414634145,0.9643665336043007,0.45447453022042605
70,jacobi80,0.4331201242466346,0.7920754866799888,0.26915711734981285,0.45121951219512196,0.9403354756073506,0.4172525975355075
70,cg5,0.1672786390579612,0.7090930746529386,0.1928687559743757,0.2975609756097561,0.9968973824148353,0.5262773473758392
70,pcg5,0.34427133013574884,0.6793424030279369,0.206437073847453,0.2707317073170732,0.9852938647826305,0.5197385448317015
70,poisson_pcg5,0.7801842390273617,0.9936086444423858,0.37025305031720823,0.8707317073170732,0.43710366378183646,0.1828194601561435
70,cg10,0.17523097051520098,0.7165828513955242,0.19587971777149324,0.3146341463414634,0.9907286212241805,0.46424312694927844
70,pcg10,0.39031812663223603,0.7642940327938277,0.24641821368440364,0.3902439024390244,0.9571373299070344,0.4505961524673791
70,poisson_pcg10,0.8992950820758802,0.9940539682119556,0.3722762545620317,0.8780487804878049,0.18489067862109582,0.08190428169522257
70,cg20,0.212910989358838,0.7284987361539378,0.2145463746085239,0.35365853658536583,0.970077474173427,0.3826717176310818
70,pcg20,0.5344263700682556,0.8387597104402948,0.3095766062069727,0.47804878048780486,0.8654974813450571,0.36136175330052167
70,poisson_pcg20,0.9897770087427725,0.9995050487672538,0.3765245903433198,0.9634146341463414,0.042619759821270066,0.020423402124799404
70,cg40,0.2183283671951066,0.7491073673623334,0.22406094310758998,0.3902439024390244,0.9320600848229953,0.296042626608443
70,pcg40,0.6670852557927895,0.9425386763363022,0.3502617699593154,0.697560975609756,0.714484490501509,0.267192843232244
70,poisson_pcg40,0.9999999956344251,1.0,0.3768774921932173,1.0,3.5253147070540856e-06,1.0228062541377914e-05
70,cg80,0.23162546283475088,0.8070715826528857,0.2662201310060702,0.5365853658536586,0.8165742463050234,0.20640920186145884
70,pcg80,0.6843721365321583,0.9948222013419266,0.37211260987362277,0.8780487804878049,0.4165975406251169,0.1569223345899161
70,poisson_pcg80,1.0,1.0,0.3768774921932173,1.0,3.89061984545726e-11,6.540374859436512e-11
70,poisson,0.41247171578993075,0.809245265540013,0.20804605585971223,0.35609756097560974,46.647075271240666,401.1427268156464
70,amg,0.9323252344446396,0.9915315696835753,0.3691997349931602,0.8512195121951219,0.38850089340401894,0.1813432755173697
70,oracle,1.0,1.0,0.3768774921932173,1.0,8.974821127421495e-14,3.1799911112121246e-14
71,ensemble,0.1931132096650502,0.6252246469833119,0.1340421634393016,0.25609756097560976,,
71,raw,0.1327182006151088,0.6763819594245861,0.14843033087723195,0.2731707317073171,,
71,smoothed,0.21427791684520126,0.7493773407620131,0.15051811751310254,0.2951219512195122,,
71,prediction_magnitude,0.15592886622012356,0.5951193044214761,0.07095085714749516,0.02926829268292683,,
71,boundary_distance,0.14782711928270503,0.5704709977105197,0.08157204957248981,0.03832752613240418,,
71,jacobi1,0.0513824953008254,0.649302568717494,0.1305878342682405,0.25609756097560976,0.9603212154022461,0.5981840888422664
71,jacobi5,0.1220798224682069,0.727806598467504,0.1502315197580113,0.36585365853658536,0.903005868620748,0.30193040108184704
71,jacobi10,0.1737983531766521,0.7919226340934055,0.16065318144546645,0.4268292682926829,0.8657871183165193,0.21572618258876558
71,jacobi20,0.2254131288397501,0.8570543784656511,0.17489859720037862,0.4878048780487805,0.8210534189398742,0.14488095594942516
71,jacobi40,0.28860348338086433,0.8966742982676706,0.1863912216237923,0.5341463414634147,0.7725142330070324,0.09399462390476263
71,jacobi80,0.3476136364017359,0.9162433995473975,0.18872771121781776,0.5317073170731708,0.7249732034142293,0.05856889111012056
71,cg5,0.13113281627185666,0.684158913754086,0.14867481083668252,0.2804878048780488,0.9706860115654888,0.2361055576758937
71,pcg5,0.17905034819545437,0.7942140994931381,0.1628279881184711,0.4292682926829268,0.8557841512110215,0.20938026896837078
71,poisson_pcg5,0.3546462947361757,0.7857152309992986,0.15790915797721797,0.33902439024390246,0.7016602301283057,0.09319948096166743
71,cg10,0.13197971962783678,0.6957042467874489,0.15085595748082248,0.3,0.961712112165383,0.14955094210341016
71,pcg10,0.2748594965934826,0.8908652382779932,0.18579540272848322,0.524390243902439,0.7792901504518053,0.10575925102683767
71,poisson_pcg10,0.9667069123771436,0.9896589600730517,0.23058026854049293,0.7951219512195122,0.1929557974399489,0.027159624723074555
71,cg20,0.132437651838185,0.704534626735307,0.15626074428180048,0.3439024390243902,0.9442740617433389,0.10300375212600063
71,pcg20,0.37864254238840445,0.9164961687598427,0.18960545632998066,0.5219512195121951,0.6945777940771416,0.04257264601134068
71,poisson_pcg20,0.9999836495252825,0.999999338300491,0.23593075612404202,0.9975609756097561,0.00293205616985644,0.0014190112025936547
71,cg40,0.12083055333528242,0.7425399997353201,0.1563661097185988,0.4317073170731707,0.9003226128616761,0.06288039082547506
71,pcg40,0.4342381849803439,0.9221087039953416,0.18982070010241409,0.5390243902439025,0.6459015754895889,0.013572903200325014
71,poisson_pcg40,0.9999999977299012,1.0,0.23593229187871623,1.0,2.8687508995386713e-06,6.248286636522046e-07
71,cg80,0.1759680805373538,0.8103066315524794,0.16837823938768676,0.5097560975609756,0.85579174905954,0.03462901117868245
71,pcg80,0.6460913344401358,0.9392698807617484,0.21187238999286637,0.6,0.5040296704282059,0.012380820045906831
71,poisson_pcg80,1.0,1.0,0.23593229187871623,1.0,8.211928283797264e-12,1.9878031225342012e-13
71,poisson,0.30267490085325544,0.7304110477350025,0.1449591133448352,0.23902439024390243,134.38579492006332,434.59088558029646
71,amg,0.9795783934584049,0.9955858025753345,0.23426857076332377,0.8926829268292683,0.1271340995146065,0.0634606287792104
71,oracle,1.0,1.0,0.23593229187871623,1.0,8.930601294045716e-12,2.134588122486441e-13
72,ensemble,0.08436038405547346,0.5835422098116804,0.11315781132565315,0.13170731707317074,,
72,raw,0.1388557994615018,0.6287713563516536,0.11945096280407384,0.15365853658536585,,
72,smoothed,0.10861661391236196,0.5954230244961158,0.11553213759360621,0.12682926829268293,,
72,prediction_magnitude,0.14142034836197487,0.6241553405767373,0.13884405713088424,0.2073170731707317,,
72,boundary_distance,0.1358268056724202,0.619786138718685,0.08747392717917918,0.04552845528455284,,
72,jacobi1,0.16651512970632715,0.6698331193838254,0.13720808393167974,0.22195121951219512,0.9093658133600482,0.5672717455236482
72,jacobi5,0.26585208602671845,0.7355378955308816,0.1629043123130676,0.33170731707317075,0.8019364407298648,0.25170530113962863
72,jacobi10,0.3402807751232475,0.7846439394941969,0.17754937427004158,0.36097560975609755,0.739313579932489,0.1706638904165288
72,jacobi20,0.4354365307306294,0.8387927954157458,0.19831590960120463,0.43414634146341463,0.6625657399170237,0.11575688272742836
72,jacobi40,0.5539208491807193,0.8869413601895108,0.220143496722267,0.5414634146341464,0.573025134884682,0.07941447095483423
72,jacobi80,0.6586898331587663,0.9118775061868905,0.23468553899238961,0.6414634146341464,0.48731585340470607,0.05887375450357241
72,cg5,0.14477529977738782,0.6353314452840676,0.11864222845474559,0.16341463414634147,0.9598717091660599,0.19077430758429365
72,pcg5,0.3202271746653497,0.7698807617484748,0.17834136912302279,0.36097560975609755,0.7465986638381228,0.1582992917666669
72,poisson_pcg5,0.22260352276184173,0.6890832815002051,0.15125620145578536,0.28780487804878047,0.9781845844568635,0.10325199928652075
72,cg10,0.14929483184113096,0.6416996413588661,0.1185920178784767,0.16829268292682928,0.9472869382444147,0.13309588926287616
72,pcg10,0.4979762829565277,0.8646374548390086,0.21206303033734755,0.4926829268292683,0.6036315786563572,0.08657999958026817
72,poisson_pcg10,0.7991294008277186,0.9502924711829864,0.23339643428742343,0.5902439024390244,0.38442146861905374,0.04310891410262624
72,cg20,0.16248854979571625,0.6561147651628443,0.12706805282576877,0.1975609756097561,0.917613817038277,0.10254934961472781
72,pcg20,0.6901708778887393,0.9141755885817133,0.23981630376604635,0.675609756097561,0.44837049760185455,0.05189308162139063
72,poisson_pcg20,0.9995641308809672,0.9999060386697193,0.25946404464756556,0.9878048780487805,0.016055020265233283,0.002774968531855976
72,cg40,0.256455074449186,0.7073183965697497,0.16144188556430622,0.28292682926829266,0.8048205819325738,0.06040523609848948
72,pcg40,0.6046291292959493,0.896303084843111,0.2162546927763303,0.5,0.5921586961112453,0.0300944096000572
72,poisson_pcg40,0.9999999965075401,1.0,0.25952305360437794,1.0,3.975011814024833e-06,1.390790223196988e-06
72,cg80,0.40573757004896593,0.7718903431573654,0.1926358526973523,0.3878048780487805,0.7076626762059932,0.036187780586949186
72,pcg80,0.9298248479690312,0.987720180511626,0.25399405949012804,0.8609756097560975,0.20619615910504474,0.007428800086713756
72,poisson_pcg80,1.0,1.0,0.25952305360437794,1.0,1.7787696629134732e-11,2.57618333704713e-12
72,poisson,0.14004900570785286,0.6564720828977145,0.1437838187042722,0.24634146341463414,172.5779943690695,453.7607986541859
72,amg,0.9254999768869008,0.9894690523139632,0.25593291136177754,0.8682926829268293,0.21141381735758533,0.04686746584159137
72,oracle,1.0,1.0,0.25952305360437794,1.0,4.35302301770416e-12,8.785207728985548e-14
73,ensemble,0.3272844579850373,0.6457558593491524,0.12950212208613462,0.16097560975609757,,
73,raw,0.12291016213479487,0.7404927014544155,0.19693317550200787,0.47560975609756095,,
73,smoothed,0.23159269063913468,0.8442994587298016,0.20031760151108918,0.4853658536585366,,
73,prediction_magnitude,0.4884185619966946,0.5914157722694969,0.08554847302258801,0.0,,
73,boundary_distance,0.5659015018720095,0.7487010838637957,0.12323135409496619,0.1524390243902439,,
73,jacobi1,-0.024779209481430624,0.5720458425419849,0.11329363980132591,0.18536585365853658,0.9948345920069245,0.6618249377643141
73,jacobi5,0.07195921805025075,0.5737298677924381,0.1209853015650356,0.16341463414634147,0.985801611352782,0.4145688333226769
73,jacobi10,0.09872615949108657,0.5736034831862155,0.12321009774471348,0.15609756097560976,0.9794024049652041,0.35403885738560054
73,jacobi20,0.11765375718692363,0.5726632081838995,0.1296356397681329,0.16341463414634147,0.9701383558184455,0.296349430039841
73,jacobi40,0.13766441313598532,0.564165663089078,0.1416949305452777,0.1975609756097561,0.9566268724197189,0.22530212504001798
73,jacobi80,0.17680855532246414,0.5988559215489062,0.14934539773445552,0.22926829268292684,0.9376543242142815,0.14200994022880398
73,cg5,0.11494044346612727,0.7307107976125882,0.19255438689562815,0.45365853658536587,0.9934228471056105,0.37953292368386504
73,pcg5,0.10643486899727175,0.5667800378492119,0.12573289564922094,0.16097560975609757,0.9790656729463976,0.35435406709152056
73,poisson_pcg5,0.7207850792377676,0.949512327461853,0.24445539124888624,0.6902439024390243,0.5834224846121755,0.10427862873769739
73,cg10,0.12085676250032411,0.7379147201672777,0.18632666476221343,0.4195121951219512,0.9851293719713309,0.25027345560295494
73,pcg10,0.13668710080485275,0.5524509349814063,0.14068009493246192,0.1926829268292683,0.9535412081409212,0.21063126861236844
73,poisson_pcg10,0.978275455520143,0.9998570729060519,0.2658598697473143,0.9804878048780488,0.10121593223335384,0.030815958579710145
73,cg20,0.12138336642508904,0.7373430117914852,0.18946797466045512,0.44146341463414634,0.9791296967306273,0.1325772268620014
73,pcg20,0.2179042559660714,0.6494263065256806,0.16004106776894553,0.25365853658536586,0.9208501121697821,0.06637997264969413
73,poisson_pcg20,0.9999990025534633,0.999999338300491,0.26601918187185836,0.9975609756097561,0.0005438473138405391,0.0003363727000564553
73,cg40,0.11640302104623369,0.7241950425472784,0.17843334225494265,0.4097560975609756,0.9659948706540932,0.08319749889397114
73,pcg40,0.24025664868664512,0.6757427576988738,0.16396791077887093,0.25853658536585367,0.8928014767048499,0.05180869429492576
73,poisson_pcg40,1.0,1.0,0.2660193733351912,1.0,1.1517113587065265e-07,6.458471993165095e-08
73,cg80,0.1916790051781166,0.7263032171830128,0.18383388704653741,0.40487804878048783,0.9466491999930563,0.06200172995561179
73,pcg80,0.41856657845271844,0.8282863306115427,0.17657793511979886,0.3780487804878049,0.6136166348119481,0.04314640206552521
73,poisson_pcg80,1.0,1.0,0.2660193733351912,1.0,3.3214786402129595e-12,1.612847237480521e-13
73,poisson,0.6725990436820675,0.9019354710638805,0.231393520635892,0.6170731707317073,117.58378669845332,407.83302964947774
73,amg,0.901337466491943,0.9581256699707529,0.24634206084751456,0.7073170731707317,0.27579427476923124,0.09419809701041046
73,oracle,1.0,1.0,0.2660193733351912,1.0,3.5566881523890883e-12,1.7319667968542825e-13
74,ensemble,0.30317967742774576,0.6772209944020221,0.15819154585238732,0.21707317073170732,,
74,raw,0.09510467523867192,0.5490703121898284,0.11289756740904668,0.11219512195121951,,
74,smoothed,0.07322137540780757,0.5637779071767929,0.13352586270190092,0.14146341463414633,,
74,prediction_magnitude,0.44308089480705315,0.7569544618397893,0.1742892434059763,0.2634146341463415,,
74,boundary_distance,0.36454118489419834,0.7175112158066779,0.11012226291270226,0.09715447154471546,,
74,jacobi1,0.1899678472270651,0.6213272368751902,0.15436643030741745,0.21951219512195122,0.9427631115286343,0.6072999491488039
74,jacobi5,0.33521608404473346,0.6802555483503832,0.17890621242899662,0.28536585365853656,0.8704947369403988,0.30347760204832475
74,jacobi10,0.4079567656589048,0.7244842052327197,0.19554522959040024,0.32682926829268294,0.8248828231014758,0.20930932662158314
74,jacobi20,0.4748798656671414,0.7739224223495627,0.21647732385339824,0.4024390243902439,0.7606319346718057,0.1406650435371381
74,jacobi40,0.5583759123562447,0.8642113203552003,0.24027163481059938,0.4878048780487805,0.6666948876249597,0.09823973730813375
74,jacobi80,0.692715301489252,0.9491715522147083,0.27049111434786327,0.6268292682926829,0.5343565889506368,0.07047908418765417
74,cg5,0.10094789062688594,0.5518719479110147,0.1210337346757775,0.12195121951219512,0.9564423301925266,0.2210590167015395
74,pcg5,0.4071693808039096,0.7203757129812209,0.19122332818166912,0.3048780487804878,0.8240290108681153,0.19861804565338567
74,poisson_pcg5,0.3500395812699881,0.6230694916824372,0.11824784325527783,0.09268292682926829,1.1070849070009718,0.07960082305586137
74,cg10,0.10805837895324107,0.5555648928708495,0.12284988564393531,0.12439024390243902,0.9451114547913552,0.13234245470472197
74,pcg10,0.5053819850733942,0.8081938250201819,0.22668567167463158,0.4317073170731707,0.7076638453418153,0.09679448699617607
74,poisson_pcg10,0.4147360069147353,0.7560419782168522,0.18657612901960002,0.3121951219512195,0.8017468318518092,0.05703557954673952
74,cg20,0.12935845998948575,0.5649451451107024,0.13232194902193262,0.15365853658536585,0.9253883961523878,0.08359026060347383
74,pcg20,0.7454738883164981,0.9711373291161018,0.28616122762503643,0.7048780487804878,0.4464162477875258,0.035617394378120754
74,poisson_pcg20,0.9963908254462414,0.9995248997525243,0.3168806658913681,0.9634146341463414,0.057404100476654084,0.008954783137973387
74,cg40,0.2046884506475747,0.5939381707978773,0.15157203006155517,0.17560975609756097,0.8771362220502092,0.05108336539752636
74,pcg40,0.8850414978970362,0.9852540264415124,0.30767001628654905,0.8390243902439024,0.2858763623396257,0.0150610590447738
74,poisson_pcg40,0.999999948486217,1.0,0.31728396333474357,1.0,5.608924877786155e-05,8.889760032171161e-06
74,cg80,0.34982905805954684,0.6462084618133214,0.18113553456076578,0.24634146341463414,0.8286253387467971,0.03204646928033615
74,pcg80,0.8822360831202096,0.9825099585776107,0.3048927360225632,0.775609756097561,0.28291094979337167,0.008508314540115226
74,poisson_pcg80,1.0,1.0,0.31728396333474357,1.0,1.672658198935382e-10,3.46631111427353e-11
74,poisson,0.29779719136098426,0.6856980268120642,0.12722973372730811,0.13658536585365855,181.34143738844165,438.5232293069063
74,amg,0.7949263336488841,0.94710638804706,0.2842820856258118,0.6804878048780488,0.45763120494192594,0.08312200670723845
74,oracle,1.0,1.0,0.31728396333474357,1.0,6.754920763272746e-13,1.8131857982328182e-14
75,ensemble,0.4733581216260043,0.7348940619086061,0.1740030623084059,0.2634146341463415,,
75,raw,0.2570383627437569,0.6013095033283485,0.1342877019788675,0.16097560975609757,,
75,smoothed,0.3800317606744661,0.6596482405410056,0.14011366263431255,0.16341463414634147,,
75,prediction_magnitude,0.4697786177888807,0.7353433558752299,0.19338795910164613,0.3097560975609756,,
75,boundary_distance,0.8079902828198279,0.8829890290221405,0.2013404055323919,0.3830429732868757,,
75,jacobi1,0.1979648636605137,0.6259088442756375,0.1490081381335663,0.22682926829268293,0.985605796991322,0.6438079690371544
75,jacobi5,0.2465671974632895,0.664828685997115,0.162435820925154,0.3048780487804878,0.9622871403396754,0.41430784105149226
75,jacobi10,0.27935194236088945,0.7180326350197849,0.1738256920288424,0.36829268292682926,0.9449769873820214,0.3525012723124812
75,jacobi20,0.32627198234564336,0.7925108849569233,0.18418160293539282,0.4268292682926829,0.9192205917461601,0.29414995243551073
75,jacobi40,0.3947789848464122,0.8691297328057382,0.20362592471991872,0.5097560975609756,0.8811977302395233,0.23831878185075517
75,jacobi80,0.5099116506840528,0.9273599512989161,0.21784499778599292,0.5780487804878048,0.8278141838326541,0.19633386743246925
75,cg5,0.25874238891714524,0.6082044122123261,0.13440576252224856,0.16829268292682928,0.9913749226994137,0.36647376279504834
75,pcg5,0.2779031641881936,0.7202532985720524,0.17136699458175542,0.35365853658536583,0.9403228040232234,0.35099903488753215
75,poisson_pcg5,0.7884374441555669,0.844103595675132,0.22122911623689823,0.5048780487804878,0.4295584945820491,0.09223942743997898
75,cg10,0.2670285207823155,0.6167436443762159,0.13865320130499315,0.2048780487804878,0.9829155493379707,0.26144958993065875
75,pcg10,0.389103178426254,0.861859640300147,0.20231961710200197,0.5048780487804878,0.8713267563629694,0.23708030685492354
75,poisson_pcg10,0.9766424993333594,0.9858978600637879,0.24925512167890668,0.7878048780487805,0.13124384067373626,0.034058131245521484
75,cg20,0.28232661501402345,0.629973002660032,0.14692573485295718,0.24634146341463414,0.9718382304074579,0.20839663395592883
75,pcg20,0.5593761874363534,0.9445112025726877,0.22231856286796414,0.6048780487804878,0.784689690589686,0.18140601492565253
75,poisson_pcg20,0.9998918992868452,0.9999894128078557,0.25527683370138016,0.9951219512195122,0.007377908326782244,0.00278741009888804
75,cg40,0.3189747544605139,0.6756660005558276,0.18232788567681368,0.32439024390243903,0.8869662752317824,0.1575667085993706
75,pcg40,0.8636942728435932,0.9275478739594776,0.2212192650632298,0.4951219512195122,0.39064125752460954,0.11800320474631536
75,poisson_pcg40,0.9999999954598022,1.0,0.25528110181208996,1.0,5.884131180525481e-06,4.287145326972971e-06
75,cg80,0.4310393262645387,0.7040893029657372,0.20636023106054588,0.36097560975609755,0.7879840610614941,0.08504989395572816
75,pcg80,0.9906242211814505,0.9991073673623334,0.2549213778599127,0.9512195121951219,0.05942184336823745,0.00918696782447155
75,poisson_pcg80,1.0,1.0,0.25528110181208996,1.0,5.630498557023134e-12,2.98842629534903e-12
75,poisson,0.43002092514311824,0.6335097865357384,0.15461081150755837,0.18292682926829268,70.86203370006783,437.59775989231065
75,amg,0.8358890924108234,0.9612938872199357,0.20539636996599472,0.6219512195121951,0.3982745261954369,0.09758925144619862
75,oracle,1.0,1.0,0.25528110181208996,1.0,1.4045386981815834e-13,1.40392242224221e-14
76,ensemble,0.3972569946078096,0.724250625306036,0.21700957611898886,0.2975609756097561,,
76,raw,-0.054705344199800894,0.586568161666424,0.1250922195317535,0.16829268292682928,,
76,smoothed,-0.029952408668542426,0.6805559599274777,0.17470669527556723,0.24878048780487805,,
76,prediction_magnitude,0.763727972811172,0.8822141788970792,0.25341557503078666,0.33170731707317075,,
76,boundary_distance,0.5142220751062629,0.8735558408215661,0.2364727922550417,0.3523228803716608,,
76,jacobi1,0.15726441552622486,0.6499609597289678,0.1904527018797936,0.25853658536585367,0.996404789629685,0.7459881547941328
76,jacobi5,0.25626108925855695,0.6603390548284214,0.21455037674161412,0.2975609756097561,0.983954550588088,0.5947095556838785
76,jacobi10,0.2905875910400467,0.654187896192581,0.2216106906622694,0.2975609756097561,0.9713903172479742,0.5530620565716736
76,jacobi20,0.34150370604473834,0.704813202228604,0.2546144255217412,0.36097560975609755,0.9498010480864553,0.5093297719417353
76,jacobi40,0.40743060248257457,0.8092280613527785,0.3144374723162017,0.5,0.9123917754692735,0.45589500914939196
76,jacobi80,0.4645903184276823,0.9122533515080132,0.37144648808602254,0.6780487804878049,0.8484761104342894,0.38837827063424535
76,cg5,-0.046910004925206604,0.5874793218903431,0.12150963907196059,0.15365853658536585,0.9912625982750626,0.5539728680934184
76,pcg5,0.3026672221563777,0.6435199767081773,0.22879137504020058,0.3048780487804878,0.9621900764042667,0.542847947550667
76,poisson_pcg5,0.7922198136356362,0.9981227584929132,0.4298944596303197,0.9292682926829269,0.23647380045964297,0.08605254945499988
76,cg10,-0.027831529121583203,0.5982451729020817,0.1331720531649602,0.17317073170731706,0.974444858638275,0.45242097611516247
76,pcg10,0.41380301302614886,0.7998140624379657,0.3189974187029097,0.5121951219512195,0.8746717694846453,0.43429014660123433
76,poisson_pcg10,0.8911302330389944,0.9987884281989863,0.4307706238233124,0.9414634146341463,0.13284633578349642,0.05586267852380364
76,cg20,0.007948180843315623,0.6196690179055887,0.1575442797266077,0.22682926829268293,0.942504618905563,0.3128561127000421
76,pcg20,0.5299818167521956,0.9921621693156704,0.41470341082139334,0.8707317073170732,0.6611064334076424,0.27587217521935914
76,poisson_pcg20,0.9998237870644987,1.0,0.4326453742197106,1.0,0.0031147086221676897,0.0020007979650842026
76,cg40,0.02229348138373607,0.6335958074719109,0.1591973632217482,0.23902439024390243,0.9075626489878024,0.19450135748300793
76,pcg40,0.689644360926225,0.9986091076320421,0.4303940517342873,0.9365853658536586,0.3936533649763115,0.12678017111446974
76,poisson_pcg40,0.9999999996507541,1.0,0.4326453742197106,1.0,5.026315325077719e-07,5.378715977891063e-07
76,cg80,0.05403478038099217,0.6811733255693925,0.20224755711902143,0.32926829268292684,0.849668283448392,0.13184271576125986
76,pcg80,0.7386326003679881,0.9994309384222437,0.4320559256244619,0.9634146341463414,0.23005664765126546,0.07284118604001538
76,poisson_pcg80,1.0,1.0,0.4326453742197106,1.0,1.4198912795009034e-12,1.2325325517992003e-12
76,poisson,0.4138620827460413,0.8843428662175933,0.25354262399927646,0.4292682926829268,85.65822190102001,384.67216965373143
76,amg,0.9849628007273369,0.9995705570186467,0.43195397353057097,0.9658536585365853,0.2074336584070133,0.1406226727318513
76,oracle,1.0,1.0,0.4326453742197106,1.0,1.5654303495283063e-14,3.7266285455696994e-15
77,ensemble,0.2443292113715499,0.6261073541283433,0.13837679189360366,0.17073170731707318,,
77,raw,-0.16890078258900912,0.44511004062834986,0.10809473884969352,0.11951219512195121,,
77,smoothed,-0.13219381230688096,0.49630771673967417,0.11511972784038864,0.13414634146341464,,
77,prediction_magnitude,0.30820945124179583,0.5870386300173366,0.08360504576976235,0.0024390243902439024,,
77,boundary_distance,0.24386724096927564,0.6546285880655877,0.08749418278328072,0.09930313588850175,,
77,jacobi1,0.08767003355164281,0.5492522795548086,0.11665981724090421,0.12926829268292683,0.9686047111160404,0.6986566338285684
77,jacobi5,0.20185386143265957,0.6237020764130593,0.1519701981869321,0.2048780487804878,0.9101128307169222,0.45246528397427077
77,jacobi10,0.2804886378126897,0.7136045419054299,0.1803131406501113,0.3,0.86076409787336,0.36319974700125196
77,jacobi20,0.39960960794707284,0.8306717573415561,0.20459712263641947,0.4195121951219512,0.7843088413830711,0.2784357038981309
77,jacobi40,0.5478409384370969,0.9240779217341821,0.2393359568485889,0.5853658536585366,0.6696742796017485,0.19723679968714364
77,jacobi80,0.7146419661464969,0.9718731389701308,0.2630167956877124,0.7414634146341463,0.5150235091923019,0.12654236683677975
77,cg5,-0.1466589379228391,0.4578219498961132,0.11955459860743896,0.15121951219512195,0.9596879276701576,0.35333578764152396
77,pcg5,0.2937310134165779,0.7291994759339888,0.17959814902165996,0.3048780487804878,0.8382024053735092,0.3456939142640433
77,poisson_pcg5,0.5863484746905065,0.8253146381165385,0.2255947326973761,0.47317073170731705,0.6119395128880375,0.07441892490151794
77,cg10,-0.12729345368852935,0.47348040707753797,0.13208044099129934,0.17804878048780487,0.9342965168238208,0.21856460587803797
77,pcg10,0.5316242586345902,0.9231469105249924,0.23989758080305057,0.6073170731707317,0.6479231379749442,0.19868999785748265
77,poisson_pcg10,0.7637006154999503,0.8965274009766685,0.23355760629902902,0.4951219512195122,0.5321835444718912,0.06070894750762192
77,cg20,-0.09865472000222847,0.4881827084684303,0.14103268348479706,0.17804878048780487,0.9088944827950324,0.1301057788707398
77,pcg20,0.8198646618717708,0.9890052009581409,0.273428144064419,0.8390243902439024,0.364520203304428,0.09207805015890536
77,poisson_pcg20,0.9965093892198996,0.999442187313897,0.28042061540223917,0.9560975609756097,0.05095737127661112,0.012805860825707473
77,cg40,0.02155152068407957,0.5303012056165054,0.16372237494745295,0.22195121951219512,0.8641180694717535,0.08423541668668338
77,pcg40,0.9374883341363198,0.9976668475311992,0.27865354844296647,0.9195121951219513,0.16707209324470096,0.03786138216994448
77,poisson_pcg40,0.9999999945866874,1.0,0.28077037310165237,1.0,1.2289538798851074e-05,7.090849372532859e-06
77,cg80,0.3072745172917555,0.6409876526871617,0.1913758405757232,0.28536585365853656,0.7866229436581521,0.050463951391355844
77,pcg80,0.9801410730965704,0.9980519566454482,0.2793290577080904,0.9219512195121952,0.09928289581617909,0.013572143852999857
77,poisson_pcg80,1.0,1.0,0.28077037310165237,1.0,3.37611605088255e-11,1.145275780326725e-11
77,poisson,0.2778168854120008,0.6772884877519421,0.1657112119302081,0.26097560975609757,185.03246985964333,444.20207880264275
77,amg,0.9728477991998749,0.992010640128105,0.2749327924753952,0.848780487804878,0.19597983565500926,0.08617851328571043
77,oracle,1.0,1.0,0.28077037310165237,1.0,1.628756191397581e-14,1.7323620230428529e-15
78,ensemble,0.38987697289756157,0.7618153064330426,0.19255132271943265,0.3439024390243902,,
78,raw,0.23984098659113345,0.777808583566031,0.22079039357322686,0.4268292682926829,,
78,smoothed,0.3500516204776277,0.9059235340047378,0.22369150874601,0.4292682926829268,,
78,prediction_magnitude,0.5581822559807119,0.8742903272765772,0.1651565716303446,0.28292682926829266,,
78,boundary_distance,0.5273768632498929,0.8491364821407302,0.1765313009625507,0.31573751451800236,,
78,jacobi1,0.16216632025655778,0.6857549329698397,0.17154006759178728,0.2731707317073171,0.9819800521890588,0.6071310786347697
78,jacobi5,0.2753585261506454,0.7009885790664744,0.20551490454271115,0.35853658536585364,0.9525408953614947,0.34826167614810705
78,jacobi10,0.3199623795017528,0.7204762913065919,0.21339240070725976,0.3780487804878049,0.9332931309253395,0.2995573333130655
78,jacobi20,0.35517934801194656,0.7323293146116485,0.21820914072197675,0.3780487804878049,0.9071240009865277,0.26059360413585686
78,jacobi40,0.39559929346978184,0.7330333628892447,0.22230601042007395,0.3829268292682927,0.8704097096803852,0.2255657438924469
78,jacobi80,0.43948115775295926,0.7324351865330916,0.22778386286900248,0.4024390243902439,0.8241995291178349,0.1865901193044882
78,cg5,0.23515077714077173,0.7647082566864736,0.21964276661227367,0.4146341463414634,0.9814231869722223,0.3178816453522234
78,pcg5,0.33284561532979773,0.7267247197702579,0.2136476058677972,0.3853658536585366,0.9326890640956503,0.3014346406753488
78,poisson_pcg5,0.5791414727597073,0.8900434074877916,0.2558872711086788,0.551219512195122,0.8098903672910116,0.0796690442068938
78,cg10,0.24084633726316093,0.7769099956327833,0.22367304247903022,0.4219512195121951,0.9653325642491868,0.24965794514831074
78,pcg10,0.3879484679933656,0.7366521975040694,0.22057451699762157,0.3829268292682927,0.8733803179885627,0.22986555045233362
78,poisson_pcg10,0.9828434327170064,0.9981803263501978,0.3310118035758235,0.9341463414634147,0.1458058543698194,0.02171271737384879
78,cg20,0.24560260379786292,0.7819064886253855,0.22825837868526003,0.45121951219512196,0.914247889401858,0.14680824905935
78,pcg20,0.4462602296244863,0.716158040310734,0.21697109168282655,0.37317073170731707,0.7498269644343113,0.11453569663854449
78,poisson_pcg20,0.9999984856694034,1.0,0.333400884535191,1.0,0.000873607316329513,0.0002620199108942667
78,cg40,0.25889259490103095,0.7892215766975901,0.2220061836855727,0.4292682926829268,0.8893449232392849,0.08097291742938671
78,pcg40,0.45164540348835835,0.6755455712451861,0.20838503214807375,0.33170731707317075,0.7619700931000709,0.022539039141869575
78,poisson_pcg40,0.9999999998253771,1.0,0.333400884535191,1.0,2.2525951105304278e-07,7.274513690424514e-08
78,cg80,0.3541618081311283,0.8033005571509866,0.22682257142414342,0.44634146341463415,0.8349441360036282,0.045465834073770445
78,pcg80,0.4247025560992431,0.6860143191773752,0.19247918146852638,0.25121951219512195,0.7627291964479944,0.020482562967820757
78,poisson_pcg80,1.0,1.0,0.333400884535191,1.0,4.279916493236588e-12,1.3258079467083918e-13
78,poisson,0.5174974458593284,0.8959219459259161,0.27988244402723617,0.6195121951219512,142.6775711053973,429.7070474130348
78,amg,0.6687398612143949,0.8502130672419042,0.27099708582956844,0.5365853658536586,0.5605657006964712,0.06867588207613737
78,oracle,1.0,1.0,0.333400884535191,1.0,5.0117616000008326e-12,1.5062617057782535e-13
79,ensemble,0.23528885398617633,0.6468860421105568,0.13176538949225716,0.18536585365853658,,
79,raw,0.16537891743634894,0.6781976628773342,0.16172101635127908,0.2707317073170732,,
79,smoothed,0.19817099300720128,0.6910955097071318,0.16157233451280054,0.2682926829268293,,
79,prediction_magnitude,0.4093617284778977,0.762245411113905,0.13650778505195768,0.17804878048780487,,
79,boundary_distance,0.40397642450213456,0.7581554464486587,0.12128200934822554,0.13879210220673638,,
79,jacobi1,0.10914373629279353,0.6264937866416103,0.1371373456409369,0.2073170731707317,0.9493683224802778,0.5765440777274488
79,jacobi5,0.2139402677465017,0.6655545703585088,0.15457345031132888,0.2634146341463415,0.8937454450854281,0.26616108174840014
79,jacobi10,0.24410223518269422,0.6989366488890065,0.15960580204450853,0.28780487804878047,0.8643933707431749,0.1908668459186035
79,jacobi20,0.28008604293037836,0.7356867779204108,0.1620237037063253,0.29024390243902437,0.8302597910652794,0.13523556551570687
79,jacobi40,0.31091002062730616,0.766956049918611,0.17027603285331266,0.33170731707317075,0.7927447160593214,0.08989621944023633
79,jacobi80,0.3458455152079584,0.7876963593293014,0.17125439139572743,0.33170731707317075,0.7572058173279368,0.05420920188329512
79,cg5,0.1606446076475595,0.6741626192713365,0.16313790363983025,0.275609756097561,0.97709564034757,0.22160742103114808
79,pcg5,0.2517744771214822,0.6961178089805857,0.15498465048154905,0.2658536585365854,0.8656052856415682,0.18649179743682673
79,poisson_pcg5,0.36946073496526766,0.7754635205060678,0.15539650295548624,0.28780487804878047,1.1095321967580263,0.11316620448641235
79,cg10,0.16488877077622463,0.6765440758042958,0.1644023028256974,0.28292682926829266,0.9696000047869755,0.15041284187265205
79,pcg10,0.3050011469936682,0.7531702023477098,0.16644247091335557,0.3097560975609756,0.8027002315770556,0.09657683875275049
79,poisson_pcg10,0.9657481278948301,0.9931580270767439,0.26885378579137603,0.8609756097560975,0.17417198770570427,0.030633900818811646
79,cg20,0.16151211459587828,0.6758790677977317,0.16210874753541205,0.275609756097561,0.9539156632676662,0.10481772188415621
79,pcg20,0.3586390272974016,0.7893645037915382,0.16890684915403445,0.32926829268292684,0.7452970322452632,0.023936682109838913
79,poisson_pcg20,0.9999946383756183,0.999998676600982,0.2729355919869098,0.9975609756097561,0.0017174502190610602,0.0004048231523343099
79,cg40,0.15861506972123354,0.6943186480155632,0.16261335537390406,0.3170731707317073,0.8965093895738218,0.06114879447515308
79,pcg40,0.45838326049179645,0.8036744173735824,0.1827622338727984,0.3829268292682927,0.6887262931963183,0.01718271146130489
79,poisson_pcg40,0.9999999998253771,1.0,0.2729363800560939,1.0,2.7201553406566096e-07,1.2996692504444804e-07
79,cg80,0.26123424069396356,0.7357403755806413,0.17831439025756265,0.3804878048780488,0.8386979499740069,0.036449257709506126
79,pcg80,0.6004189891874002,0.8639810489260616,0.21775005420871255,0.5292682926829269,0.5666928957441731,0.015964071941190174
79,poisson_pcg80,1.0,1.0,0.2729363800560939,1.0,4.169903552948967e-12,1.1513808080219207e-13
79,poisson,0.45365929956007306,0.8287607691595092,0.17986691303182414,0.35853658536585364,106.94065267229368,420.0078754196581
79,amg,0.8983916382394405,0.9802952503209242,0.26160549100194364,0.7585365853658537,0.32620487001272036,0.06498258916801107
79,oracle,1.0,1.0,0.2729363800560939,1.0,3.9521205572067604e-12,1.0679347892892711e-13
80,ensemble,0.3653671693252389,0.7610616306922701,0.22432510788688256,0.375609756097561,,
80,raw,0.09490125080214817,0.6753695591757871,0.13255663638819626,0.2073170731707317,,
80,smoothed,0.12594358285226795,0.7686949962283128,0.18689310446220744,0.3121951219512195,,
80,prediction_magnitude,0.730440460027372,0.8919821870492172,0.29479802919430237,0.6317073170731707,,
80,boundary_distance,0.5008059242581712,0.8756626920582825,0.22164258784668217,0.36236933797909404,,
80,jacobi1,0.25560355615674296,0.6998722919947593,0.21602513913895108,0.35121951219512193,0.9671621382249999,0.608290410250487
80,jacobi5,0.3557590135779017,0.7027063509918876,0.22019286971076565,0.32682926829268294,0.9275456439598111,0.3658552474053527
80,jacobi10,0.3816015555500049,0.7119476463348464,0.22392926597502674,0.32682926829268294,0.9017566714982664,0.2844957091751353
80,jacobi20,0.41334154382707444,0.7422799518282758,0.2362273354041891,0.37073170731707317,0.8656107479128896,0.2177576905904613
80,jacobi40,0.47212129403209574,0.8032165213133412,0.26001983277395063,0.4634146341463415,0.815595745681023,0.16771486055466236
80,jacobi80,0.5637753543156411,0.8609253205934121,0.2819023652449165,0.5439024390243903,0.7509112107821744,0.12056023416327144
80,cg5,0.10168323940152985,0.6678241996744438,0.13605649076832207,0.2146341463414634,0.9820273647822452,0.3119562862744717
80,pcg5,0.3773740486609182,0.7046279263660786,0.22691775806214656,0.34146341463414637,0.8946411685134074,0.2767985489403658
80,poisson_pcg5,0.7100453366342946,0.9839425380146368,0.3458437920290736,0.7804878048780488,0.4335124242752579,0.10648241508703708
80,cg10,0.11436324654542634,0.6709831531305004,0.1472495531594396,0.2073170731707317,0.9719619258984915,0.22680117937506947
80,pcg10,0.45229669364354425,0.7901281050249461,0.25415810329024807,0.44146341463414634,0.8193170679007878,0.17884788921901457
80,poisson_pcg10,0.8062413648929889,0.9869890025541601,0.3495518962923294,0.7951219512195122,0.2801302951078759,0.08495406980197659
80,cg20,0.1374850978483877,0.6744339160700342,0.16494005789596355,0.23170731707317074,0.9446408357980404,0.1456743459111658
80,pcg20,0.6640582276738497,0.8807617484747826,0.3053940397926885,0.6463414634146342,0.6533123736037022,0.07082287427602
80,poisson_pcg20,0.9995874959613195,0.9999285364530259,0.3606832312579648,0.9878048780487805,0.018846899760087545,0.003695614153450543
80,cg40,0.18830137075976255,0.695043870677448,0.18186707062204074,0.2682926829268293,0.9083319345279028,0.08775752845206038
80,pcg40,0.7724306479194776,0.885941532231383,0.3219254852050449,0.6560975609756098,0.5877253935077505,0.03242029151173481
80,poisson_pcg40,0.9999999863794067,1.0,0.36071926250062664,1.0,2.264962622892775e-05,6.196851657502005e-06
80,cg80,0.3165248942748581,0.7069392427510819,0.227271882366388,0.34146341463414637,0.8696380030847025,0.04727112580491937
80,pcg80,0.8214424801499757,0.9017726929846618,0.3268498309573989,0.6731707317073171,0.5621459711914508,0.023508332105116124
80,poisson_pcg80,1.0,1.0,0.36071926250062664,1.0,1.289360834439965e-11,4.553248634913719e-12
80,poisson,0.4200297792622874,0.8063774598679248,0.17174534614409304,0.28292682926829266,105.15319700999164,424.72430288750485
80,amg,0.9023025160980048,0.9666668872331696,0.3382572950214165,0.7097560975609756,0.4789799810853535,0.09396049832072097
80,oracle,1.0,1.0,0.36071926250062664,1.0,7.146537994679305e-13,2.877920732366812e-14
81,ensemble,0.3586516502697073,0.658547172557998,0.1526162687866849,0.2146341463414634,,
81,raw,-0.015380408192841451,0.5094510540873178,0.10334620903674129,0.0975609756097561,,
81,smoothed,0.02414836383703657,0.5387927954157458,0.12271857224329193,0.14634146341463414,,
81,prediction_magnitude,0.5693861873617545,0.7462600743750248,0.15489897167327277,0.18292682926829268,,
81,boundary_distance,0.46793683179718853,0.7709553617511216,0.11389869402637681,0.17926829268292682,,
81,jacobi1,0.14003259935377757,0.6024701242671678,0.13409052541760447,0.2073170731707317,0.9795959899548246,0.6405100970348423
81,jacobi5,0.20158493294281485,0.6422912007199291,0.14823380601620384,0.24146341463414633,0.9438035750668147,0.3844388034182637
81,jacobi10,0.2101030119895868,0.6793946772891495,0.1567801673978725,0.28292682926829266,0.9169094401634433,0.30133820372985987
81,jacobi20,0.27056148252769824,0.7697960642113204,0.17036352803791574,0.33170731707317075,0.8755946818210402,0.23078016765694295
81,jacobi40,0.3839413499899641,0.8637712901817027,0.19813864656932906,0.4560975609756098,0.8113119487894975,0.1760351138762309
81,jacobi80,0.5335785799767162,0.9387716210314572,0.23558229077100695,0.6390243902439025,0.7152715928663923,0.13602024219094624
81,cg5,-0.013891823835742405,0.5087456824107036,0.09157114757452224,0.06829268292682927,0.985337109255579,0.31614352483037983
81,pcg5,0.20587588490551023,0.6800709341873669,0.15738882299912516,0.28536585365853656,0.910423360859822,0.2931955986936201
81,poisson_pcg5,0.8021507980536214,0.8905383587205379,0.22969550810640854,0.551219512195122,0.4694266558183899,0.08632729955222604
81,cg10,-0.010536246047653025,0.5157755779945211,0.09233305219515105,0.1,0.9771148725411755,0.2167978633515818
81,pcg10,0.34813430716106264,0.836147982478197,0.1950737722468458,0.44146341463414634,0.8194389559418179,0.18327071379934967
81,poisson_pcg10,0.9826648431625684,0.9947494143959346,0.2631011953158984,0.875609756097561,0.14043705792475278,0.04209636733055903
81,cg20,0.006665961050075952,0.5278515940341172,0.10418746912037777,0.13170731707317074,0.9612573361786575,0.15669433981952668
81,pcg20,0.6449131646304789,0.9651853420324762,0.24744916045793555,0.7024390243902439,0.6062475380146812,0.11503985989874292
81,poisson_pcg20,0.9999614442908509,0.999998676600982,0.265744663519986,0.9975609756097561,0.004877640298664214,0.0018506648523566433
81,cg40,0.07446666907367001,0.5610563370961978,0.132688562768354,0.18048780487804877,0.9190489023725211,0.11026729470531771
81,pcg40,0.8775969900108943,0.978993025687175,0.2566577808200528,0.7634146341463415,0.2945908088709445,0.07482656623398234
81,poisson_pcg40,0.9999999998253771,1.0,0.2657468549609785,1.0,9.28154253431145e-07,7.68111783458676e-07
81,cg80,0.25455379571434383,0.6405562246072813,0.17371276083476672,0.23902439024390243,0.8511975021801325,0.06513351062183623
81,pcg80,0.9648147315002445,0.9943649669811945,0.2626364614057037,0.8634146341463415,0.14051255092538242,0.02700986737993565
81,poisson_pcg80,1.0,1.0,0.2657468549609785,1.0,3.731107308247917e-12,1.5595032879312027e-12
81,poisson,0.24800970928987617,0.656245119966121,0.07740754410192421,0.1024390243902439,121.54082533503428,443.52127462350524
81,amg,0.9945578938016717,0.9983126662520017,0.26471797257215224,0.9195121951219513,0.12383345219332821,0.07400502936913927
81,oracle,1.0,1.0,0.2657468549609785,1.0,2.421905442028963e-14,2.624310873812937e-15
82,ensemble,0.3716158201879939,0.7055959927477734,0.18452501786495695,0.2707317073170732,,
82,raw,0.23063115689241703,0.686953270780673,0.18192999015746214,0.2707317073170732,,
82,smoothed,0.274895475216499,0.7503533475378161,0.2071243872052547,0.33658536585365856,,
82,prediction_magnitude,0.41725580921529853,0.7353731323531358,0.1496424134364385,0.15609756097560976,,
82,boundary_distance,0.3672959361649605,0.7668369440069875,0.14806678242616483,0.16248548199767712,,
82,jacobi1,0.3592038804679628,0.7355438508264627,0.2222955104763347,0.34146341463414637,0.9453534197497403,0.6565368018060694
82,jacobi5,0.4390922269452387,0.7320732369016583,0.24392880051997823,0.3878048780487805,0.8807877807521061,0.3531471208906699
82,jacobi10,0.4702662200173719,0.7341496499609598,0.2516847708642378,0.4024390243902439,0.8460539607976834,0.25642628037812454
82,jacobi20,0.506399870358493,0.7519070179849927,0.26734158114851486,0.44390243902439025,0.8071610171107287,0.1786679722678865
82,jacobi40,0.5522348758816087,0.781052234559242,0.27721363557417494,0.47073170731707314,0.7664654143226244,0.12464416766638992
82,jacobi80,0.6111820113059587,0.8051910326482538,0.28291585257770846,0.48048780487804876,0.7277478803571562,0.0908976683633401
82,cg5,0.24343757292256196,0.6838836467583341,0.1829743630763228,0.25609756097560976,0.9582928231879607,0.26038690223892846
82,pcg5,0.469160223811636,0.7277080052406601,0.25684819013637344,0.40487804878048783,0.8327754193719913,0.24088186608122972
82,poisson_pcg5,0.5045780779146561,0.7703214536214814,0.22422997166273023,0.32926829268292684,1.0518919485097096,0.09237647568946614
82,cg10,0.25168343812249605,0.6845513015629342,0.18561533466256422,0.24878048780487805,0.9431931057216392,0.1669008966915894
82,pcg10,0.5380887007342436,0.7776213226049786,0.27762207269043687,0.47073170731707314,0.7706039995668892,0.13419366280274772
82,poisson_pcg10,0.5532172767267616,0.9193421383481334,0.29080330786914593,0.4853658536585366,0.6117125013350142,0.05562807917039383
82,cg20,0.2885537266544425,0.6904708653706179,0.19776034426636122,0.25609756097560976,0.9162355873176568,0.12065958984292309
82,pcg20,0.6361780183765974,0.8121315987983537,0.28972313039613157,0.5097560975609756,0.7023868399617008,0.07881516952521549
82,poisson_pcg20,0.9983463736895173,0.9999073620687373,0.37546320135376343,0.9829268292682927,0.022819398868905685,0.003297755377263766
82,cg40,0.3542875613080374,0.6919140319997883,0.2306835335470689,0.29024390243902437,0.8501969404420355,0.0674730439888049
82,pcg40,0.7485362484295107,0.8046940963169805,0.30312710867317383,0.5463414634146342,0.635047174561588,0.029008435623636846
82,poisson_pcg40,0.999999974155797,1.0,0.37554262877945227,1.0,2.5115541976845838e-05,5.204106327365202e-06
82,cg80,0.5014577021061377,0.7259895716157378,0.2607165132493204,0.36829268292682926,0.7905123008605356,0.03845077203768557
82,pcg80,0.767103926483217,0.8136138056985561,0.30319449061794257,0.5365853658536586,0.6257258137695669,0.021339603810533167
82,poisson_pcg80,1.0,1.0,0.37554262877945227,1.0,1.1139599168217106e-11,5.022888220968803e-12
82,poisson,0.3275206429174367,0.737194791101465,0.20661602793660996,0.3097560975609756,188.99086265032201,456.39957003379715
82,amg,0.6991752199802679,0.8024853433558752,0.28773366651039,0.48292682926829267,0.6781909806696285,0.07984296135173106
82,oracle,1.0,1.0,0.37554262877945227,1.0,4.137973901148166e-13,1.4546839968720368e-14
83,ensemble,0.2631679732867054,0.725018858436007,0.18139045974901272,0.3,,
83,raw,0.21775317372400607,0.6475278906343052,0.15407920887039186,0.23170731707317074,,
83,smoothed,0.19948946767703252,0.6557342879451583,0.15066099324224688,0.2073170731707317,,
83,prediction_magnitude,0.2535034729859068,0.6386359726321084,0.08553139186988248,0.04390243902439024,,
83,boundary_distance,0.3559859960826634,0.8234995963632995,0.20205196528890362,0.3740998838559814,,
83,jacobi1,0.2122313545740272,0.624006458187208,0.14325079827598602,0.2048780487804878,0.9404616683418965,0.590926063130798
83,jacobi5,0.31535720708347975,0.6719975384778264,0.16914973414032042,0.2658536585365854,0.8882452662611399,0.2568024883999586
83,jacobi10,0.3863379169843409,0.7157927821817556,0.18084440249060146,0.3048780487804878,0.8706502397071526,0.1670554963604351
83,jacobi20,0.458285299262739,0.7505743551738284,0.19590486964985804,0.33658536585365856,0.8529985227492576,0.11369044821761426
83,jacobi40,0.5299552641037264,0.7811098024165266,0.2034778502848207,0.36341463414634145,0.8298431504901043,0.08143143253306065
83,jacobi80,0.5761228328308661,0.7947639717851329,0.21573946951465736,0.3975609756097561,0.8027782176379716,0.06018870462090411
83,cg5,0.22890245788708083,0.657782247925572,0.17243168645900087,0.28536585365853656,0.9571409472145274,0.18955017225569457
83,pcg5,0.3804816027761647,0.7173689504122388,0.18347378171183595,0.3121951219512195,0.8738160957129585,0.1682485944670889
83,poisson_pcg5,0.38649904493795606,0.7256196815901963,0.1608499471083721,0.28292682926829266,1.1624299761310222,0.08678648480773896
83,cg10,0.23964269310201738,0.6655095747918955,0.17171694042196858,0.29024390243902437,0.9461481883016379,0.12356294636777608
83,pcg10,0.5041217365197755,0.7719829810886281,0.201648190801192,0.35609756097560974,0.8465580889255921,0.09108493299869572
83,poisson_pcg10,0.7162638877317206,0.952233897542448,0.30197815962728325,0.6634146341463415,0.4219673301365797,0.042484500326483446
83,cg20,0.258348150443548,0.6770575546232944,0.17951139082511575,0.3170731707317073,0.9201418347532736,0.09125431417798872
83,pcg20,0.5810992598443783,0.7943212948135993,0.22244129288252854,0.4268292682926829,0.789707031893228,0.049756544080072955
83,poisson_pcg20,0.9992706077902754,0.9999020684726652,0.32791113960717994,0.9853658536585366,0.020381947703708072,0.0031473076715141267
83,cg40,0.3283686456997817,0.7010163704458531,0.20900297179001873,0.36829268292682926,0.8382398029155892,0.055533410699844
83,pcg40,0.627096061603304,0.7912285113084446,0.2267502285245136,0.4658536585365854,0.7545306832168005,0.03378875418768389
83,poisson_pcg40,0.9999999696155992,1.0,0.3279890993152432,1.0,3.155445906778129e-05,5.451650343828397e-06
83,cg80,0.4633880165934871,0.7214211982054709,0.22797643837681172,0.4073170731707317,0.7610472317649601,0.03424974056922185
83,pcg80,0.7244999743932843,0.8060333761232349,0.24028196369031654,0.47804878048780486,0.6686966206316751,0.020678233453456454
83,poisson_pcg80,1.0,1.0,0.3279890993152432,1.0,1.5504616787109444e-11,2.613570586794834e-12
83,poisson,0.31281770907373485,0.7296620038907932,0.17094853245967717,0.3,188.04499383647118,456.6157891296783
83,amg,0.6177278568824593,0.743441234466604,0.199186932132842,0.4268292682926829,0.9221732500662785,0.06435685117496341
83,oracle,1.0,1.0,0.3279890993152432,1.0,1.916009678664691e-12,4.826573466614719e-14
84,ensemble,0.10480810878353097,0.6352811561213821,0.133036841806748,0.20243902439024392,,
84,raw,0.07938344993678927,0.5719558514087583,0.09327850511136988,0.06341463414634146,,
84,smoothed,0.04490008728914483,0.5670678771356351,0.09803946995889067,0.08780487804878048,,
84,prediction_magnitude,0.1756349915434974,0.6508635178592698,0.10347733211971605,0.08048780487804878,,
84,boundary_distance,0.15465231906078092,0.61974908354618,0.10547431759007765,0.09326364692218352,,
84,jacobi1,0.20976492982586428,0.6783425750698093,0.1605098396695473,0.2682926829268293,0.9018993695692751,0.5760040644562369
84,jacobi5,0.3456842009316095,0.7489842912536558,0.1897749659359109,0.36097560975609755,0.7816695966597662,0.2890253203840105
84,jacobi10,0.4212746849158591,0.7912364517025529,0.2097769791730068,0.4268292682926829,0.7159845950055732,0.20890566012581127
84,jacobi20,0.5116089397277424,0.8406647433267604,0.22819957627444243,0.4975609756097561,0.6328683379346629,0.14365922301403738
84,jacobi40,0.6475636935272036,0.9155889787329777,0.25086522961362046,0.6097560975609756,0.5209311789927702,0.08685657738649662
84,jacobi80,0.7958568026636126,0.9720379021478766,0.27132636326509135,0.7292682926829268,0.3770131989831533,0.0492467211101346
84,cg5,0.08567818363281317,0.5768537511745166,0.10031027936957326,0.06585365853658537,0.960711213134421,0.24712558620072875
84,pcg5,0.41818850221025217,0.7886525151198338,0.2057305614533966,0.4146341463414634,0.7129347387101417,0.21145321642059803
84,poisson_pcg5,0.25608003140811064,0.6607731297063377,0.1508604967855381,0.17804878048780487,0.8687634372877809,0.10755355327086262
84,cg10,0.09909538147468532,0.5813863928112966,0.10762267849283233,0.06585365853658537,0.94254980090988,0.1509947585019839
84,pcg10,0.6080838602896473,0.8975139949446157,0.24330592695257086,0.5682926829268292,0.5382366571355381,0.09261771302924574
84,poisson_pcg10,0.9670937075456579,0.9945164961687598,0.28432786067986837,0.8609756097560975,0.16013169640334457,0.03150796951146866
84,cg20,0.13838637897905734,0.5956248428463666,0.12054988961145117,0.09024390243902439,0.9188983247005339,0.11431005496674576
84,pcg20,0.8454549762970941,0.9828209573468496,0.2785689865708897,0.7902439024390244,0.3084538604308373,0.03847417681501278
84,poisson_pcg20,0.9997302602117292,0.9999973532019639,0.289633053493831,0.9975609756097561,0.010895946339978644,0.001942420086835924
84,cg40,0.29197676706734405,0.6563556237841272,0.1644990887161974,0.2048780487804878,0.8122434269307,0.06500754484336378
84,pcg40,0.9175240645152892,0.9902531662321507,0.28267237434229736,0.8365853658536585,0.2769915340971294,0.016815018670529636
84,poisson_pcg40,0.9999999989522621,1.0,0.28964049511390694,1.0,2.4442712764636125e-06,5.465883170298408e-07
84,cg80,0.4456135692487177,0.733075049958313,0.20091612928767366,0.3463414634146341,0.7245126762009186,0.038573396483333335
84,pcg80,0.9871385550260241,0.9992145626827945,0.2890200778281648,0.9512195121951219,0.07184236460076195,0.0072181929893973
84,poisson_pcg80,1.0,1.0,0.28964049511390694,1.0,7.86441979112328e-13,1.5727362469851313e-13
84,poisson,0.06927093251919343,0.5528049442187314,0.11076691489761076,0.07804878048780488,200.94566566002743,445.896965283097
84,amg,0.9825220286207366,0.9983517065230337,0.28853218563241473,0.9365853658536586,0.15531493394291732,0.06992227616369451
84,oracle,1.0,1.0,0.28964049511390694,1.0,9.719270176561215e-14,2.569452128417004e-15
85,ensemble,0.5824285786020841,0.8192455302198166,0.21070888159521015,0.3853658536585366,,
85,raw,0.034753846679112126,0.6913582044122123,0.14559144832137627,0.2634146341463415,,
85,smoothed,0.08725548974177927,0.7607268107407065,0.17066971246905366,0.33414634146341465,,
85,prediction_magnitude,0.7547092877108552,0.8759505313447058,0.22659706817697894,0.3829268292682927,,
85,boundary_distance,0.2790533957206267,0.646476450114474,0.08143927343041585,0.04065040650406505,,
85,jacobi1,0.22171533573631338,0.6761066924288343,0.15587631307981917,0.2634146341463415,0.979961429123981,0.6850878175500743
85,jacobi5,0.26486506745113464,0.6985257334939058,0.17446056773710694,0.3073170731707317,0.953806283654746,0.4061173410281653
85,jacobi10,0.28633046320187827,0.7171625001654249,0.1774013201148091,0.3439024390243902,0.937578278842205,0.3117509811147119
85,jacobi20,0.31857399835832034,0.7386902319918479,0.1874319554383935,0.3902439024390244,0.9157024368185075,0.23803800716107376
85,jacobi40,0.35821958915428603,0.7652032079192197,0.20054536601038625,0.43658536585365854,0.8849224255119119,0.18143993185294996
85,jacobi80,0.4256185995085075,0.8035738390482114,0.21631516797640105,0.47317073170731705,0.8416828658932106,0.1335680018036814
85,cg5,0.04383191075664227,0.6955302198165769,0.1426240537953656,0.25853658536585367,0.9841890048903091,0.32305612299451203
85,pcg5,0.29121524946556987,0.7147909691251009,0.1787838482459824,0.3439024390243902,0.9332143253337448,0.29852125982473965
85,poisson_pcg5,0.8096832125514984,0.9590295515000727,0.26435758347829524,0.6658536585365854,0.46055608621977673,0.08725864332448217
85,cg10,0.048779402914812586,0.7035526646639229,0.14343583978629743,0.25853658536585367,0.9755521635715144,0.2238062975856854
85,pcg10,0.3481434718996121,0.7581514762516046,0.1981506905245613,0.4317073170731707,0.8878761723214943,0.18971866620580338
85,poisson_pcg10,0.9322300120026066,0.9931692759683972,0.2873561910627352,0.8707317073170732,0.1964739908474072,0.05184354876278921
85,cg20,0.08035398968975557,0.7305903683019467,0.15352880023055598,0.33902439024390246,0.960041324810959,0.14166871448290638
85,pcg20,0.49818067096272756,0.8480135780739251,0.2255596190370336,0.4951219512195122,0.7875681303136258,0.09402327083519299
85,poisson_pcg20,0.9999138726219423,0.999964929926022,0.29102217874769915,0.9902439024390244,0.009996406563604258,0.0024726265963660164
85,cg40,0.15604724402029405,0.7625928033561399,0.19086599595971515,0.424390243902439,0.9315296896041261,0.09382122412762942
85,pcg40,0.604493286926365,0.8331928324709184,0.2254934968461852,0.44878048780487806,0.7130922127580395,0.06283187777944639
85,poisson_pcg40,0.999999999301508,1.0,0.29105680413189194,1.0,1.197612311279681e-06,1.1516803787008917e-06
85,cg80,0.3348232254420281,0.8168111377261358,0.20406912256730264,0.44146341463414634,0.8874360461672132,0.06008611031733531
85,pcg80,0.7289424250738837,0.8536591982848749,0.22382949001945773,0.43902439024390244,0.6343690440251181,0.04046895621403747
85,poisson_pcg80,1.0,1.0,0.29105680413189194,1.0,8.304179260676336e-12,2.0812861121759335e-12
85,poisson,0.6118506638761074,0.9443437925969059,0.24104335646039934,0.6390243902439025,135.84029089395688,430.92787431123367
85,amg,0.8676308503173055,0.9549495123274618,0.26024043224606586,0.6536585365853659,0.447373616681874,0.08164769850330358
85,oracle,1.0,1.0,0.29105680413189194,1.0,2.633721756124337e-12,1.2652575101934232e-13
86,ensemble,0.3305329745906502,0.6919927742413615,0.17570599303413734,0.24878048780487805,,
86,raw,0.26213564563233527,0.7049786271058587,0.20998405954275365,0.34146341463414637,,
86,smoothed,0.37791515851772406,0.8003533475378162,0.2075922080208427,0.32926829268292684,,
86,prediction_magnitude,0.6921852299010891,0.8967140002382118,0.19418846590671351,0.33658536585365856,,
86,boundary_distance,0.7251943052069586,0.9468509720365788,0.2430642393411184,0.5923925667828107,,
86,jacobi1,0.14202911310350827,0.6061220438574435,0.14511403940508838,0.2097560975609756,0.9877139861339225,0.5099558317629439
86,jacobi5,0.22095509183465123,0.6324537141193441,0.1601794828571738,0.23658536585365852,0.9741533157958826,0.22156617362307418
86,jacobi10,0.23124219679692815,0.6555682013683946,0.15967515708792224,0.25609756097560976,0.9651578620177753,0.1626106848404143
86,jacobi20,0.24487624356716833,0.6844613104297077,0.16460075223913137,0.3,0.9523420882502026,0.11979681299848467
86,jacobi40,0.28134246863743106,0.7339266572264204,0.1740966496556433,0.35121951219512193,0.9354221529072219,0.0792894476829002
86,jacobi80,0.3158728738463148,0.7632200944906898,0.17815250551618225,0.3926829268292683,0.9154126237313932,0.048997008979451126
86,cg5,0.2602181058297481,0.7006616995090189,0.21022289121487,0.34146341463414637,0.9947214052611624,0.17904580812590967
86,pcg5,0.23292218384521063,0.6487738708097879,0.1627769472899889,0.25365853658536586,0.9669021170367257,0.16784256814821494
86,poisson_pcg5,0.3390740263399088,0.6775544909545677,0.16439305870293566,0.18292682926829268,1.0169405614020233,0.08604858171650222
86,cg10,0.2594780390910753,0.6996393737675847,0.21104379683785618,0.3463414634146341,0.9927258635827483,0.11428952746965598
86,pcg10,0.27583690147480155,0.7420371081084658,0.17371214084108058,0.35853658536585364,0.9334138251170352,0.08396715840298909
86,poisson_pcg10,0.9959095187258992,0.9974438547966598,0.2718657336344913,0.9097560975609756,0.17080097786708986,0.02110452558393508
86,cg20,0.25157848271869393,0.6942114526951021,0.21015422288474028,0.3463414634146341,0.9904171981240304,0.08193238861193759
86,pcg20,0.33747161066688885,0.7617557534772309,0.1761913163149892,0.3878048780487805,0.9057732993315706,0.0410827488112327
86,poisson_pcg20,0.9999994794488574,1.0,0.2729274713863244,1.0,0.0006295433575427701,0.00027049712095323264
86,cg40,0.23205231092995768,0.6892996572396544,0.19325378568877044,0.3463414634146341,0.9825217163553522,0.057119454157456895
86,pcg40,0.3331817570828204,0.7368765136376269,0.1482702073309533,0.32195121951219513,0.8790506572747067,0.027167558779169532
86,poisson_pcg40,1.0,1.0,0.2729274713863244,1.0,1.7094272206832625e-07,7.9733373916513e-08
86,cg80,0.270501415710515,0.7045610947156677,0.17900312917492228,0.32439024390243903,0.969190476027948,0.039624828875008046
86,pcg80,0.385094571761836,0.7981617987639453,0.15719087592818887,0.33170731707317075,0.8322396704905791,0.025677002922566163
86,poisson_pcg80,1.0,1.0,0.2729274713863244,1.0,9.869016096390526e-12,3.1836112436033383e-13
86,poisson,0.5694191331326259,0.8178863994282917,0.20484367965077957,0.37073170731707317,57.190838666642996,447.9891282051242
86,amg,0.9580560746282236,0.9746291174251949,0.2616666971594485,0.7195121951219512,0.2988592830486552,0.05302439596801058
86,oracle,1.0,1.0,0.2729274713863244,1.0,8.649524185209615e-12,2.785853999808483e-13
87,ensemble,0.44463776007231015,0.8203743895822029,0.20082920707446308,0.4024390243902439,,
87,raw,0.09602944578126495,0.7029855881846936,0.1535417403136598,0.2804878048780488,,
87,smoothed,0.16151668692433085,0.7846763627701389,0.1784117790445534,0.35365853658536583,,
87,prediction_magnitude,0.5186657822989952,0.8331650410915395,0.25531218789370397,0.6097560975609756,,
87,boundary_distance,0.3421675820398844,0.7690231991847862,0.12063442158516767,0.18112659698025552,,
87,jacobi1,0.17253199875545494,0.6426888821248494,0.14938720685597504,0.25853658536585367,0.9740028263847497,0.6156875503962154
87,jacobi5,0.2265359373980202,0.6736524489498829,0.17115771895216045,0.3121951219512195,0.941394329077204,0.3042995502845539
87,jacobi10,0.24609576759406285,0.6881370512023081,0.17515611534871228,0.3195121951219512,0.9225158240321677,0.22640870545662212
87,jacobi20,0.2613660546857189,0.7069332874555007,0.18453764044007948,0.35609756097560974,0.8979262970892924,0.17224832922711583
87,jacobi40,0.28821818909697616,0.738940354406257,0.1891263630670787,0.375609756097561,0.8655534646998442,0.13471243333126265
87,jacobi80,0.341165441225365,0.7540694519804666,0.20148524858932973,0.4097560975609756,0.8269302812525494,0.10856339754199576
87,cg5,0.10120066439438846,0.7057825920093167,0.15547535140505797,0.2780487804878049,0.9831695221691236,0.23649825478387074
87,pcg5,0.24954026358488657,0.6832947341953072,0.17588755686680083,0.3121951219512195,0.9200105874605484,0.2242646698304645
87,poisson_pcg5,0.6114783522878909,0.8500238211823247,0.23860922716984945,0.4634146341463415,0.6671601664704677,0.08647584485102991
87,cg10,0.10770453042871315,0.7086437806863147,0.1497708868058524,0.26097560975609757,0.976244938844256,0.16732025338202455
87,pcg10,0.27777196364701323,0.7270251313473526,0.18269853628211621,0.35121951219512193,0.8714290196581099,0.14298363931879374
87,poisson_pcg10,0.884689033085106,0.9446792742479785,0.2619867320863386,0.5780487804878048,0.5116024202800739,0.06568098813996917
87,cg20,0.11469973527433634,0.7129143893175232,0.15223390943209367,0.28536585365853656,0.9611074070083208,0.12506677816770942
87,pcg20,0.38003239769914515,0.7501296931037678,0.20380558944786736,0.4,0.7924273630097285,0.09645145362737424
87,poisson_pcg20,0.9999076988260195,0.9999801490147294,0.2940506734411602,0.9926829268292683,0.008791371444490586,0.001964568829268201
87,cg40,0.14455590729050158,0.710884956923362,0.15174316174841382,0.28536585365853656,0.9251630184241226,0.08294175617889293
87,pcg40,0.4790672403506966,0.7361102656061829,0.21951411655988962,0.4097560975609756,0.7262890454957579,0.055137454685116306
87,poisson_pcg40,0.9999999921419654,1.0,0.2940644557711579,1.0,9.34522134060997e-06,3.340658980479706e-06
87,cg80,0.2824361305226687,0.7471275624313487,0.21263823294637568,0.4146341463414634,0.8643575377928702,0.05248349446934346
87,pcg80,0.5953734378366731,0.7624822995381337,0.23322903593693609,0.3804878048780488,0.6574920498798128,0.02985964748364847
87,poisson_pcg80,1.0,1.0,0.2940644557711579,1.0,7.108789087067378e-12,2.1467693477658827e-12
87,poisson,0.4251854669064003,0.8491583182245279,0.15080711033184968,0.35609756097560974,95.29070202207431,450.30620997626954
87,amg,0.725144872299183,0.8451676084856345,0.24477493798152822,0.44146341463414634,0.5800929803060659,0.07513875116757018
87,oracle,1.0,1.0,0.2940644557711579,1.0,5.549823212505089e-12,1.664759067734946e-13
88,ensemble,0.3535762809951622,0.758760239799902,0.19954739289134277,0.36585365853658536,,
88,raw,0.09640718901768336,0.7286072548734169,0.1871590500902386,0.33414634146341465,,
88,smoothed,0.1368556395836742,0.7948757990021571,0.2302099792034242,0.4609756097560976,,
88,prediction_magnitude,0.6257712166866827,0.8152958458504824,0.2389436204319408,0.5121951219512195,,
88,boundary_distance,0.38693103796781037,0.8060413165173431,0.15194809708253224,0.21927990708478512,,
88,jacobi1,0.2764949444757555,0.7053108002593862,0.17830934951938512,0.2780487804878049,0.9830669596596924,0.6851764189895154
88,jacobi5,0.2758705974260515,0.6485462461786853,0.17308466574721157,0.25365853658536586,0.9644508194083271,0.45405577893655835
88,jacobi10,0.2581149648356789,0.626341595754536,0.16548272133790362,0.23658536585365852,0.9540578543287073,0.390620315473666
88,jacobi20,0.26602708463392544,0.6307094742135702,0.15893154697348602,0.22682926829268293,0.9402026827675449,0.3380056393060279
88,jacobi40,0.29329593272035914,0.6657074229450922,0.17437395855363913,0.2780487804878049,0.9198019180804726,0.28860631126942177
88,jacobi80,0.31697555343754164,0.7198251789897172,0.19810949252491764,0.33414634146341465,0.8856021963102284,0.23734470415854422
88,cg5,0.08927347827796137,0.7152164419094001,0.1672280894481575,0.2682926829268293,0.9813097275587833,0.3926487545793255
88,pcg5,0.24403280263589636,0.6088343501449122,0.1562927539991937,0.2121951219512195,0.9526234774475612,0.3838200626312437
88,poisson_pcg5,0.7780766729120231,0.9895901433241137,0.33328060586057373,0.8439024390243902,0.3467359862626051,0.08606948654525023
88,cg10,0.10334297088109902,0.7302356973651125,0.19582296757784354,0.34146341463414637,0.9597123744038566,0.30641324428353406
88,pcg10,0.30719642920705625,0.672121937985522,0.16837379301357236,0.2634146341463415,0.9239933965255226,0.2894754124556355
88,poisson_pcg10,0.8822192536546218,0.99762582216164,0.34649325896043864,0.9390243902439024,0.18780664230668098,0.06012215258503267
88,cg20,0.11009683155799026,0.7436179082355121,0.18577907686379655,0.36097560975609755,0.9108723921335915,0.21386581947861727
88,pcg20,0.3364877936292615,0.7792795415745801,0.21783003153237254,0.4146341463414634,0.8271848720769555,0.18005202006860102
88,poisson_pcg20,0.9999279601572914,0.9999748554186573,0.3487140896515879,0.9902439024390244,0.006121081552953183,0.0019918993962401675
88,cg40,0.12378825542745027,0.783181583579265,0.20594718101924664,0.43414634146341463,0.8508673560028062,0.12262627513280942
88,pcg40,0.3710192170648183,0.8554524039543163,0.24241976044933913,0.5146341463414634,0.7002640584506384,0.07690810176741744
88,poisson_pcg40,0.9999999942374413,1.0,0.3487303145755575,1.0,9.269279826660982e-06,3.6691193860491046e-06
88,cg80,0.2622500633322672,0.8418736683297381,0.25859298014755405,0.5341463414634147,0.7752602304584176,0.06713868210881713
88,pcg80,0.49339574582625906,0.8712187181557112,0.26579506908177536,0.5219512195121951,0.6300580439919727,0.03492235901161785
88,poisson_pcg80,1.0,1.0,0.3487303145755575,1.0,6.30500170490016e-12,2.396421518478918e-12
88,poisson,0.40723970008626664,0.8836467583341053,0.19483370376462364,0.4073170731707317,115.33815786558173,447.91848015093126
88,amg,0.9289294903995352,0.9889509415984014,0.3407501523533861,0.8073170731707318,0.3201877670352155,0.11137042408826127
88,oracle,1.0,1.0,0.3487303145755575,1.0,4.126322624246679e-12,1.3347171019852612e-13
89,ensemble,0.28366369122357693,0.6186367666715191,0.12797782903444488,0.13658536585365855,,
89,raw,0.21132290901119466,0.6116115029842648,0.15937141800340984,0.2097560975609756,,
89,smoothed,0.31234183470008653,0.6577392374574859,0.15124807333188672,0.1926829268292683,,
89,prediction_magnitude,0.5469499446961995,0.7560810184878842,0.12062870257391664,0.08292682926829269,,
89,boundary_distance,0.5075057927691234,0.7407818641398568,0.1368416162807792,0.14355400696864112,,
89,jacobi1,0.16299480979253336,0.5730595661898019,0.1447289376744861,0.18048780487804877,0.9718667472083441,0.6594883394046765
89,jacobi5,0.2507865171533423,0.6442716673504228,0.16878871819497518,0.25853658536585367,0.9315762244324792,0.45157496389093826
89,jacobi10,0.3006455766654731,0.682450405621799,0.1924236329599189,0.33170731707317075,0.8991973309615892,0.3833315326243233
89,jacobi20,0.3902080993035979,0.7272937813480143,0.21049663875509408,0.36585365853658536,0.8487898593850599,0.309400038072182
89,jacobi40,0.5122216850004045,0.7932195651310827,0.2458774120423166,0.43658536585365854,0.7724267764472501,0.22778523262703976
89,jacobi80,0.6233491657365549,0.8755396159496049,0.2709648290664798,0.5,0.667391331893472,0.1510864792005299
89,cg5,0.21559321861524694,0.6220822360149809,0.16182311936517355,0.22195121951219512,0.9696788250695273,0.39066116058655603
89,pcg5,0.3278219934837963,0.6948446991252333,0.19587748189411136,0.33902439024390246,0.8870233486527058,0.374866003606624
89,poisson_pcg5,0.5074631948165079,0.6914548125405291,0.13246855541328673,0.1048780487804878,1.026737393341591,0.08611002192504065
89,cg10,0.21729205446940988,0.622158993158027,0.16412714566343703,0.22195121951219512,0.9418138098353179,0.24314979777047607
89,pcg10,0.5158777802285532,0.7848265685586862,0.24205942533650862,0.4170731707317073,0.7501108243706102,0.21488026569725624
89,poisson_pcg10,0.8650541693097604,0.9771654116432645,0.3186626489106129,0.7390243902439024,0.3501625964196256,0.024242939746799013
89,cg20,0.22906421099101146,0.632937416460437,0.1796287249661553,0.2707317073170732,0.9161909782095138,0.144205328718002
89,pcg20,0.6835843902075672,0.922364781705332,0.28908897992597116,0.5609756097560976,0.5488521930286533,0.09864857406752559
89,poisson_pcg20,0.9999855160704563,1.0,0.3433254417017515,1.0,0.0024504885075216677,0.0011343849526432525
89,cg40,0.24035597529288608,0.646129719571748,0.19350435359801477,0.32195121951219513,0.8856528555937027,0.08188625194218803
89,pcg40,0.7831275921735595,0.9636329949843178,0.3110964986077144,0.6878048780487804,0.41488162421089103,0.016321359987658723
89,poisson_pcg40,0.999999999301508,1.0,0.3433254417017515,1.0,2.070424803798156e-06,6.718030971846844e-07
89,cg80,0.32844826697436075,0.7028003123221682,0.20255653246538355,0.348780487804878,0.8301842261148307,0.045562993657692404
89,pcg80,0.8497507740478494,0.9748620356523695,0.32298303690094815,0.7731707317073171,0.34835357294346897,0.014215604831667304
89,poisson_pcg80,1.0,1.0,0.3433254417017515,1.0,1.0730633064796846e-11,2.408938091933165e-13
89,poisson,0.522638663892983,0.7270959331948176,0.14067397205414994,0.12439024390243902,178.62253491451364,410.6996769448935
89,amg,0.8453684883225554,0.9811839127615367,0.32656965672694344,0.7902439024390244,0.33562588704244706,0.0914981411052474
89,oracle,1.0,1.0,0.3433254417017515,1.0,1.0385458970626774e-11,2.246141656232267e-13
90,ensemble,0.3684593358369521,0.7566341992774241,0.1863118331339586,0.29024390243902437,,
90,raw,0.12305008422136808,0.6754516099149055,0.14540335485227124,0.23414634146341465,,
90,smoothed,0.18122367174207699,0.7049065018593756,0.18677146214548815,0.3170731707317073,,
90,prediction_magnitude,0.40278462905270634,0.7437363524476265,0.0763659290370195,0.01951219512195122,,
90,boundary_distance,0.43962942102382213,0.8914111403729339,0.28881688114352067,0.548548199767712,,
90,jacobi1,0.28921061609590376,0.6896516813784525,0.1695254333825031,0.22439024390243903,0.978856493626358,0.5995964627646704
90,jacobi5,0.413944187159583,0.733145851805778,0.2041850643072044,0.3097560975609756,0.9451747131847571,0.2658098847900525
90,jacobi10,0.45263380071247306,0.737649378664161,0.21727944494108128,0.35609756097560974,0.9196583960595863,0.18652162845719644
90,jacobi20,0.49519471312403834,0.7468020062729114,0.22433551145586453,0.36585365853658536,0.8836882961031048,0.12743726704440628
90,jacobi40,0.5420257620882697,0.7770939480962905,0.2370220148473324,0.40487804878048783,0.835976652243739,0.08626394774973542
90,jacobi80,0.5955382382864572,0.8212451861360719,0.2585100420339266,0.5,0.7815552531900037,0.05813196845267703
90,cg5,0.12980255018441306,0.6811157577121077,0.14999715545691325,0.24146341463414633,0.9874927203393427,0.2023769681699279
90,pcg5,0.45071358149467894,0.7334422931858184,0.2237812869056628,0.37317073170731707,0.9169149312849556,0.18572763200038286
90,poisson_pcg5,0.4055632362314939,0.7635608697378347,0.19340077001580466,0.1975609756097561,0.9974506051023917,0.09521219891120626
90,cg10,0.13082785537511366,0.6780765718671836,0.15062420427710843,0.24390243902439024,0.9841363609582815,0.13378574599266022
90,pcg10,0.5134645941892957,0.748849966253325,0.2316725899257621,0.375609756097561,0.8521032704740781,0.09728616653509793
90,poisson_pcg10,0.9508749516503856,0.9982081177295766,0.35824800444296784,0.9317073170731708,0.21684175873641762,0.03728524498125438
90,cg20,0.17148058341094974,0.682204915103953,0.1535978634895181,0.22682926829268293,0.977222121535993,0.1020508713329401
90,pcg20,0.6090131193416563,0.8273751703876235,0.2627169370626067,0.5170731707317073,0.7495762395248983,0.04745375018094045
90,poisson_pcg20,0.9998037609503985,0.99993250665008,0.35967224004364456,0.9878048780487805,0.01250634646031779,0.002863279894551858
90,cg40,0.25780758244188995,0.6927927689477654,0.17089393476614287,0.25121951219512195,0.9547700626201449,0.07150925271772741
90,pcg40,0.5955452001559483,0.8436238635310933,0.2903074722000894,0.6121951219512195,0.6984318845704943,0.023133379753641162
90,poisson_pcg40,0.999999998603016,1.0,0.35970720596438216,1.0,1.6746856234951743e-06,1.4384231990415127e-06
90,cg80,0.41475040458052037,0.7498650133001601,0.2091430509705914,0.33170731707317075,0.9207702779843151,0.048165089619317515
90,pcg80,0.6608118371031784,0.8577498246496301,0.3042930783033702,0.6195121951219512,0.657638767823064,0.021474279966060408
90,poisson_pcg80,1.0,1.0,0.35970720596438216,1.0,9.86259842873865e-12,2.5224971525682057e-12
90,poisson,0.37836885594586545,0.8137931262655003,0.188703928286569,0.22926829268292684,90.01168152649116,446.81326998337755
90,amg,0.6930771456513902,0.9165993938832497,0.32325791354201877,0.7,0.6302657111819393,0.06346391628901606
90,oracle,1.0,1.0,0.35970720596438216,1.0,3.6694795115967995e-12,1.195953645398511e-13
91,ensemble,0.405907140849677,0.7777503540092373,0.19005144890464748,0.36097560975609755,,
91,raw,0.18952111533549745,0.709771978349192,0.15726436671711935,0.25609756097560976,,
91,smoothed,0.2604044147682214,0.7838247555020315,0.16227101916635578,0.2682926829268293,,
91,prediction_magnitude,0.43406666311693043,0.7051513306777126,0.1193471726436642,0.08048780487804878,,
91,boundary_distance,0.42514297628103437,0.7404960099519606,0.14784728369023248,0.18013937282229966,,
91,jacobi1,0.17928717539122255,0.6913264428357794,0.16050342004458104,0.25853658536585367,0.9447492366209099,0.6006635921088963
91,jacobi5,0.29534578157088726,0.7490789142834456,0.19632248187498144,0.3804878048780488,0.87605108084405,0.3182305348046941
91,jacobi10,0.36768482890383253,0.7875521088363352,0.20725855314713035,0.43658536585365854,0.8315565306464415,0.24153716374246734
91,jacobi20,0.4493598160418014,0.8367210142530074,0.22051211997972056,0.48048780487804876,0.7719066930989145,0.17666071374269765
91,jacobi40,0.5467716333161896,0.8718321136005717,0.23946649091166866,0.5414634146341464,0.6974759869672293,0.1269757946002447
91,jacobi80,0.6519336988905042,0.8941260934584386,0.2519081997965287,0.5975609756097561,0.6175046545634233,0.09125984346270086
91,cg5,0.1910432159567865,0.7165431494249831,0.160373984991952,0.2658536585365854,0.966453588690575,0.2803947649226605
91,pcg5,0.36843583891624,0.7781096568426347,0.20652012511040896,0.4268292682926829,0.8304926118648807,0.2417675561009931
91,poisson_pcg5,0.49875112761051604,0.7526673107208555,0.18642135140273072,0.29024390243902437,1.1722065656753156,0.10224549462215322
91,cg10,0.19191159933790786,0.7153295925254424,0.16857692938701882,0.28536585365853656,0.9503052278193324,0.17052365171757516
91,pcg10,0.5156747563771759,0.8578570199700912,0.23362805800064795,0.5170731707317073,0.7117220672251929,0.12915184019621806
91,poisson_pcg10,0.9628419622866304,0.9916903775657399,0.29532053753439824,0.8390243902439024,0.22209861417658897,0.03411314440360562
91,cg20,0.20307659817338203,0.7174258565700145,0.1759880520531864,0.275609756097561,0.9172175164381893,0.11400576055170816
91,pcg20,0.7163398894208977,0.9008085968000211,0.2599125146391592,0.6414634146341464,0.5443305116990736,0.0570114503463578
91,poisson_pcg20,0.9999463879471354,0.9999960298029459,0.3019994637271565,0.9975609756097561,0.006343276882139343,0.0017914829470795147
91,cg40,0.22320538989514577,0.7264454825774519,0.18798329032790032,0.3073170731707317,0.8682614773007789,0.07009712213853417
91,pcg40,0.6934825950957706,0.8996261397774042,0.2600374345095608,0.6341463414634146,0.5558901238946483,0.018542591721174242
91,poisson_pcg40,0.9999999970314093,1.0,0.3020026694599821,1.0,3.018329523316182e-06,6.953515927818116e-07
91,cg80,0.33234819597125476,0.7857873562457817,0.21235970151585318,0.3975609756097561,0.8014049969960101,0.04027192251679534
91,pcg80,0.5980895065844325,0.8966445217897648,0.2544671714944081,0.5829268292682926,0.5781915470748186,0.013632415838353866
91,poisson_pcg80,1.0,1.0,0.3020026694599821,1.0,8.285384468577978e-12,1.581356590672293e-13
91,poisson,0.5243994060429391,0.8186380900705371,0.1937532894610986,0.35365853658536583,146.63734949444105,414.1473152012175
91,amg,0.6549487204563041,0.901778648280243,0.2551800038572024,0.5634146341463414,0.5561926768041712,0.069529641324903
91,oracle,1.0,1.0,0.3020026694599821,1.0,8.22696463768791e-12,1.5021610357455932e-13
92,ensemble,0.23041708359652513,0.6864980215184681,0.13850579075120498,0.22682926829268293,,
92,raw,0.04030925560956109,0.5081693421383481,0.10610757586147188,0.11707317073170732,,
92,smoothed,-0.034678965720305044,0.46169884731945526,0.11894590369235451,0.14878048780487804,,
92,prediction_magnitude,0.3066487350156708,0.7590527109828884,0.12521298167034495,0.2,,
92,boundary_distance,0.07772231403537767,0.6116340007675715,0.09575561606172218,0.06602787456445992,,
92,jacobi1,0.22631028153361565,0.6178811058322194,0.15231035785865923,0.1975609756097561,0.9157884219575025,0.6208977240109647
92,jacobi5,0.35477075989388734,0.6838174768074322,0.18384428525279822,0.28780487804878047,0.8117297902063474,0.3178996042351408
92,jacobi10,0.438381520268896,0.7369665047708535,0.19775268800375898,0.33414634146341465,0.7547604529412165,0.2325056221421774
92,jacobi20,0.5244992353887773,0.8028228101054748,0.21389550864795262,0.3804878048780488,0.6874602697524664,0.16920547550198095
92,jacobi40,0.5999107913992281,0.8660243770099123,0.228341527416032,0.45365853658536587,0.6063498480731476,0.1186416526909631
92,jacobi80,0.675271674087166,0.9239720498127391,0.24785844561660647,0.5634146341463414,0.507938689539403,0.07229427120830803
92,cg5,0.05638659918563659,0.5116915686248561,0.1167119694548701,0.11463414634146342,0.9503656252879124,0.24898115420042796
92,pcg5,0.44112254072152324,0.7379312626550031,0.2004239900518317,0.33658536585365856,0.7456007153923855,0.2293511769142303
92,poisson_pcg5,0.32442453446627617,0.6838479149848471,0.1813663896484102,0.33658536585365856,0.8266154373314644,0.09533190201983838
92,cg10,0.07870574089434688,0.51835289758215,0.12436962815858524,0.13170731707317074,0.9286894321036148,0.1684652044800931
92,pcg10,0.5833182336831157,0.8481068777046967,0.22491884101762694,0.44390243902439025,0.6201480446433563,0.13199915619545058
92,poisson_pcg10,0.8002465056751634,0.980251578153329,0.2740436506845309,0.7585365853658537,0.3454838973437307,0.04952216962121216
92,cg20,0.11674891287407878,0.5313764673186613,0.13771669756821064,0.14634146341463414,0.8946849416240883,0.10280738676705052
92,pcg20,0.710189561955288,0.9501535142860924,0.25791855742252,0.6365853658536585,0.4379928088239151,0.043739470091762316
92,poisson_pcg20,0.9993362110294565,0.9999371385466432,0.28714578440898314,0.9878048780487805,0.016712589603661177,0.002073091838224086
92,cg40,0.25876280286891334,0.5768252980956288,0.16559465868067055,0.2048780487804878,0.8182073592024951,0.06342162732607307
92,pcg40,0.8939878173081394,0.9852699072297288,0.2781327267712644,0.8195121951219512,0.2428350940985121,0.01255674882246266
92,poisson_pcg40,0.9999999977299012,1.0,0.28716756948811545,1.0,2.5913497382846843e-06,1.00445129519678e-06
92,cg80,0.4151747304212141,0.6532363722986118,0.1916327341438302,0.28292682926829266,0.7432341266912464,0.03622608417610995
92,pcg80,0.9512521048357103,0.9875150536638302,0.2810270612029207,0.848780487804878,0.18314347047225557,0.005391033812730313
92,poisson_pcg80,1.0,1.0,0.28716756948811545,1.0,2.325152694866006e-12,9.260987439817283e-13
92,poisson,0.07152014582165456,0.5406435689424719,0.13536284423573972,0.18292682926829268,187.615780291676,439.29837089484096
92,amg,0.8983350451974597,0.9920192422217222,0.28306924515772697,0.8658536585365854,0.21594971320189843,0.07203161116482304
92,oracle,1.0,1.0,0.28716756948811545,1.0,1.0154348098869023e-12,2.1277036335675744e-14
93,ensemble,0.6292909886335241,0.8421006312613316,0.25834492111508006,0.44146341463414634,,
93,raw,0.10081193754632399,0.7199667826846472,0.15139632824934726,0.2731707317073171,,
93,smoothed,0.13549402831971444,0.8128091790955891,0.20257700458503108,0.3951219512195122,,
93,prediction_magnitude,0.7656409979108943,0.7394458928311475,0.2052014572048218,0.12926829268292683,,
93,boundary_distance,0.651206059719921,0.9020300940936702,0.30653480720301995,0.6115563298490128,,
93,jacobi1,0.30103292154716976,0.7156796315657133,0.20457697150833232,0.34146341463414637,0.993161568327337,0.7673673856751699
93,jacobi5,0.33833420320031143,0.7107890104945542,0.22143937120415125,0.35853658536585364,0.9812411876764852,0.6113757774576091
93,jacobi10,0.35030773321138226,0.7287395947752207,0.22281529290638116,0.37317073170731707,0.9717653013656551,0.5695750006898346
93,jacobi20,0.37497031688513266,0.7549250294456281,0.2313761070826898,0.4073170731707317,0.9560959569365678,0.5309296587126222
93,jacobi40,0.4194878776648307,0.7981783412516708,0.24716625113493237,0.4902439024390244,0.9291073773061245,0.4873117018590694
93,jacobi80,0.4809340916385706,0.8879041329751334,0.27334897462115654,0.6,0.8813144028630687,0.43021355606803985
93,cg5,0.11090436563629602,0.7266102457551976,0.15946365756149197,0.2926829268292683,0.9924371464159024,0.5670184118881307
93,pcg5,0.35058484348694796,0.7451543744954541,0.22346480166136196,0.375609756097561,0.9678790405476623,0.5648825325749707
93,poisson_pcg5,0.8760425177791354,0.9935219618067044,0.3401291387923099,0.8439024390243902,0.2450368920431909,0.09985467700949298
93,cg10,0.12183604894439423,0.7299855749507034,0.15920090430630682,0.28780487804878047,0.9767913090273423,0.49079685724689126
93,pcg10,0.4468351840367092,0.8041230496406971,0.25203090904222236,0.4975609756097561,0.9076639942083256,0.4773927004509036
93,poisson_pcg10,0.9385224441675808,0.9952152508502838,0.34153909009366806,0.8707317073170732,0.12864965437852885,0.06683279207219507
93,cg20,0.13081124575987432,0.7513452351018356,0.16282197396618997,0.348780487804878,0.9300315606242148,0.33932375108999135
93,pcg20,0.5388082286657082,0.9615347458412186,0.3036614186361081,0.6804878048780488,0.704793651161313,0.3000897873358432
93,poisson_pcg20,0.9984837700291176,0.9999695618225851,0.34535449923027217,0.9878048780487805,0.014421577847259672,0.01091203258231259
93,cg40,0.14458576432987016,0.7622943768775724,0.20087510628416733,0.4146341463414634,0.8907149325095713,0.22072071653544528
93,pcg40,0.6273023989259764,0.9878055397482896,0.336212145097977,0.7780487804878049,0.48937644102960826,0.16290809639089965
93,poisson_pcg40,0.9999999954598022,1.0,0.3454101943890517,1.0,4.20975232547977e-06,3.341833401807109e-06
93,cg80,0.2209520406470919,0.8215707422945092,0.2619625200540524,0.5414634146341464,0.8065941852897657,0.13595048003710966
93,pcg80,0.9060885675038848,0.9977621322604978,0.3437469887981204,0.9292682926829269,0.1607769988416203,0.06635135070013244
93,poisson_pcg80,1.0,1.0,0.3454101943890517,1.0,1.3773355976024165e-11,1.1474748152527086e-11
93,poisson,0.5544494261706837,0.9231535275200826,0.2202274592105636,0.5219512195121951,81.88725008236298,397.79408384338296
93,amg,0.9736683077665714,0.9917280944377539,0.33971565448906454,0.824390243902439,0.21483511730361252,0.16250225092397788
93,oracle,1.0,1.0,0.3454101943890517,1.0,2.8579581704380184e-14,1.186077831821088e-14
94,ensemble,0.4032474390071222,0.6706814181543878,0.17420009846854295,0.22926829268292684,,
94,raw,-0.07308890308736805,0.4512711247568254,0.0943307465264657,0.05853658536585366,,
94,smoothed,-0.043723821568605103,0.4644276960946495,0.10943258043068918,0.06585365853658537,,
94,prediction_magnitude,0.7097904060982038,0.8600353347537816,0.23227918164885494,0.5195121951219512,,
94,boundary_distance,0.5173582220024339,0.7193375064515702,0.11416888738623751,0.07781649245063879,,
94,jacobi1,0.09134527147616947,0.5442868864391303,0.13363336263395859,0.17804878048780487,0.986463370706142,0.6570648063623243
94,jacobi5,0.1547384874692775,0.5923289175919432,0.14184110034220024,0.20243902439024392,0.9630139089652949,0.4263106008619605
94,jacobi10,0.1747733915671679,0.6209249235737067,0.14987804246317926,0.22926829268292684,0.9442622165928505,0.35520145480608784
94,jacobi20,0.2039550442044836,0.6583149160303323,0.16369593599410975,0.2804878048780488,0.9135371053066081,0.2944785268236374
94,jacobi40,0.3016522703629409,0.7565097997697285,0.18584205436741158,0.35121951219512193,0.8616315494743262,0.23762930166520127
94,jacobi80,0.49244739629014705,0.8865582361737887,0.22458146484447133,0.4902439024390244,0.7764039635894538,0.18128859908223616
94,cg5,-0.07548797766792642,0.4549336315392454,0.09288448944782836,0.07073170731707316,0.9907010248209944,0.3688198503792805
94,pcg5,0.1745278606375522,0.6229060519037095,0.14936791391919768,0.22682926829268293,0.939564889370522,0.34938138478718234
94,poisson_pcg5,0.828159689032212,0.8780408400936967,0.23456705792865143,0.4268292682926829,0.5080808030603777,0.09088073578284904
94,cg10,-0.0684814659834968,0.4604191204690126,0.08937191094904481,0.08048780487804878,0.982171917675157,0.26698305654452364
94,pcg10,0.2925288444704805,0.7311918531556449,0.1856486797427495,0.33170731707317075,0.8559807321826831,0.2417415029933656
94,poisson_pcg10,0.96527609924336,0.9705444463560208,0.26014864319504316,0.6536585365853659,0.21966078084290724,0.05598082953833334
94,cg20,-0.04975665901734138,0.4685487606368196,0.1033948119425689,0.0975609756097561,0.9679684376321014,0.17571924083935633
94,pcg20,0.6832853057237896,0.9435173299101413,0.24666082918046447,0.6024390243902439,0.6407410894186789,0.13308349799526417
94,poisson_pcg20,0.9999716469884714,0.9999629448274949,0.2748411631904795,0.9902439024390244,0.005422221398953492,0.002043553903890555
94,cg40,0.005796690409526402,0.5034990670036923,0.13009574795555137,0.14878048780487804,0.9389276650063816,0.1305221167795139
94,pcg40,0.8589438904052684,0.992148273625981,0.2708560522891691,0.8439024390243902,0.33380461877712275,0.09241298549354766
94,poisson_pcg40,0.9999999996507541,1.0,0.2748581402925924,1.0,7.762222839832205e-07,7.102226377176732e-07
94,cg80,0.16354787119623626,0.573723912496857,0.17135712461251473,0.21707317073170732,0.882530264584771,0.08425907077529707
94,pcg80,0.9524246940437523,0.9985224249963607,0.27396434519129453,0.9195121951219513,0.1759836138691252,0.045751091645294555
94,poisson_pcg80,1.0,1.0,0.2748581402925924,1.0,9.140049440380131e-13,9.184038687689032e-13
94,poisson,0.2477500782520557,0.6678162592803356,0.07600398121127597,0.09268292682926829,101.89453044732815,445.17548517936797
94,amg,0.9928034892440059,0.9956824107036513,0.27315857610224875,0.8878048780487805,0.15149410940622687,0.09564098102913945
94,oracle,1.0,1.0,0.2748581402925924,1.0,2.169711186823327e-14,2.761092574633643e-15
95,ensemble,0.3548132973565264,0.7217143310879663,0.1603265650546581,0.23170731707317074,,
95,raw,0.2769095595318003,0.7612601405449757,0.19617816024269102,0.33902439024390246,,
95,smoothed,0.3411960810996119,0.847139473022511,0.2354040557164873,0.4585365853658537,,
95,prediction_magnitude,0.3368490842365114,0.6389489564998743,0.08075694498433976,0.024390243902439025,,
95,boundary_distance,0.4941153463811588,0.9095522941121977,0.2759225123338126,0.5804297328687573,,
95,jacobi1,0.21208376863353068,0.6720901764090891,0.16483244126162014,0.24878048780487805,0.97407826758866,0.6130120772128855
95,jacobi5,0.25086743447977655,0.6789500152190887,0.17965218501019806,0.2951219512195122,0.9487994633634027,0.3437535317030236
95,jacobi10,0.2785464859469562,0.6863153924539788,0.19025770842669576,0.3024390243902439,0.9374420150964557,0.2711653433585562
95,jacobi20,0.3226911588825604,0.6932731627913132,0.1960152169904127,0.2975609756097561,0.9237842790205351,0.2195367760341323
95,jacobi40,0.3793258283653791,0.6836864603046464,0.20130875529141437,0.3073170731707317,0.9054896754823414,0.18458774515396786
95,jacobi80,0.42846324857943496,0.6696412265262099,0.2069561487507419,0.3170731707317073,0.8777383372270651,0.1589209403915658
95,cg5,0.2805174371605888,0.7720193745616241,0.20759868664774017,0.36585365853658536,0.9742033986029935,0.28018814559300365
95,pcg5,0.2819265413384872,0.6905363736220108,0.18817266340814462,0.3,0.938270686425919,0.2686193416997624
95,poisson_pcg5,0.4358406055428077,0.8416744967775234,0.2546137368737472,0.48048780487804876,0.7702553173604934,0.08930761253388667
95,cg10,0.28400831930482057,0.7773665682940063,0.21019856671423576,0.3780487804878049,0.9596871973028539,0.20668161405030522
95,pcg10,0.361314974142386,0.689637123989254,0.2023962557035781,0.3146341463414634,0.9135948980705734,0.18965038460393313
95,poisson_pcg10,0.4984230728229291,0.8680637348967087,0.28096339568749207,0.5609756097560976,0.6834802342018808,0.06828238198743608
95,cg20,0.2915889878982633,0.7844639572277438,0.20759708298053636,0.3780487804878049,0.917463897736053,0.15902463612994713
95,pcg20,0.4515372950917919,0.6488863597263211,0.2008621141648529,0.2780487804878049,0.84454151778125,0.13901188534524855
95,poisson_pcg20,0.9994309894052179,0.9999894128078557,0.3746011583881291,0.9926829268292683,0.016816638437931727,0.004028819035586956
95,cg40,0.3215959900008919,0.8015993277132988,0.2592852594764137,0.5024390243902439,0.8228462649845716,0.08851846955233046
95,pcg40,0.5377631051622692,0.8044366952079721,0.23022610988712813,0.4170731707317073,0.7270379335635112,0.06353676863564645
95,poisson_pcg40,0.9999999865540296,1.0,0.37463294660841573,1.0,1.6441961503124106e-05,1.0934241267091662e-05
95,cg80,0.43602426387886783,0.8526302555483504,0.27820831553003633,0.5658536585365853,0.7543902887957733,0.04662464253771729
95,pcg80,0.6548076847989036,0.8622632770006484,0.2527379565692133,0.5097560975609756,0.6846886837795387,0.02685757944195832
95,poisson_pcg80,1.0,1.0,0.37463294660841573,1.0,5.947402034923246e-11,2.0809347691079612e-11
95,poisson,0.41449708668777124,0.8936298188266745,0.2534993377982219,0.5170731707317073,150.3935699696484,449.3104545458406
95,amg,0.5529389999696017,0.767339835633842,0.22028014969492776,0.3780487804878049,0.7479681507097141,0.08074202905176503
95,oracle,1.0,1.0,0.37463294660841573,1.0,5.586697238013404e-13,2.2123486968238354e-14
96,ensemble,0.35477002246098727,0.7039668885565686,0.16869746659315774,0.28292682926829266,,
96,raw,0.3495324815111969,0.7063662109762715,0.16437025337168307,0.23658536585365852,,
96,smoothed,0.48158470547890403,0.7853612217619734,0.17304852783797242,0.25853658536585367,,
96,prediction_magnitude,0.3012189414845894,0.7171049323081402,0.16943361192784,0.33658536585365856,,
96,boundary_distance,0.6188842127259806,0.7780064317192277,0.18227652250388318,0.2555749128919861,,
96,jacobi1,0.23890330931387077,0.685310270899779,0.16390017693137018,0.2780487804878049,0.982219250825172,0.6460150697606717
96,jacobi5,0.30875374901596453,0.72704035043606,0.17408275105738605,0.33170731707317075,0.9579954969447068,0.39722943691541995
96,jacobi10,0.3182635300269965,0.75404695419716,0.17894836231177338,0.36341463414634145,0.9404015357462026,0.3160567258983842
96,jacobi20,0.3308943074566645,0.7863405370353215,0.18973939409780202,0.43658536585365854,0.9144466063230596,0.24178085727244591
96,jacobi40,0.3625599402155133,0.8338942339504785,0.20517523726582215,0.5121951219512195,0.8791661784287231,0.18576335487884219
96,jacobi80,0.40835982521300096,0.8846221034103993,0.2078299074430968,0.5390243902439025,0.8386863819491172,0.14712251298946766
96,cg5,0.34559081674582537,0.7092551910326482,0.1645382222466521,0.2658536585365854,0.9862311809972032,0.31803699468368757
96,pcg5,0.3149916521827371,0.7547708534600267,0.18482630598965938,0.3804878048780488,0.9332726877956086,0.29995871452871614
96,poisson_pcg5,0.8231186443516921,0.8998769238913225,0.2339694852033406,0.4634146341463415,0.4742689169163657,0.09798534357946155
96,cg10,0.35013044215352124,0.7197781983245768,0.1660678188201949,0.29024390243902437,0.9794209608111512,0.2190395312181875
96,pcg10,0.35479678710177015,0.8209520532535765,0.2041718860747266,0.5024390243902439,0.8804919146120919,0.19245127438240595
96,poisson_pcg10,0.9407378742072955,0.976514961025899,0.26414965168231236,0.724390243902439,0.19874600412838053,0.05026626620192183
96,cg20,0.3549134071468917,0.7431686142688883,0.17226100313402876,0.3146341463414634,0.965270714705603,0.1622867411478979
96,pcg20,0.4527733653457792,0.9007549991397906,0.20474998022995114,0.5317073170731708,0.800637905885596,0.1282140325684772
96,poisson_pcg20,0.9999500300589035,0.9999761788176753,0.27589441915017154,0.9902439024390244,0.008398299341676041,0.002784552882084605
96,cg40,0.3602842591313576,0.787372788269391,0.1969671669944376,0.4292682926829268,0.9091229711091211,0.12531278203737967
96,pcg40,0.43766077050034824,0.862733745351561,0.17555393763044477,0.45365853658536587,0.7523243045746459,0.10092961634402674
96,poisson_pcg40,0.9999999931897032,1.0,0.2759048881644483,1.0,1.2082813535069879e-05,5.473515531911206e-06
96,cg80,0.482556834126485,0.8137362201077247,0.21108327121357054,0.4073170731707317,0.8060927634557925,0.0741860876748504
96,pcg80,0.8157489026970508,0.8826998663366992,0.24750735234564553,0.5853658536585366,0.4520292606405262,0.026154915573202424
96,poisson_pcg80,1.0,1.0,0.2759048881644483,1.0,7.659371204544133e-12,6.372048419673141e-12
96,poisson,0.5578383536326277,0.7981525349708191,0.17649034929376956,0.32439024390243903,84.00203646054244,425.38936029020584
96,amg,0.990778407172596,0.998395378690629,0.27487069915919565,0.9317073170731708,0.15159009574282628,0.08116039454502937
96,oracle,1.0,1.0,0.2759048881644483,1.0,2.1496938855288857e-12,8.69004764222287e-14
97,ensemble,0.19439327915075222,0.592010640128105,0.12236081868173192,0.16097560975609757,,
97,raw,0.20139418089690397,0.6497684051718433,0.15739373058937092,0.2146341463414634,,
97,smoothed,0.2192569059272688,0.6892434127813877,0.16588453155000818,0.23902439024390243,,
97,prediction_magnitude,0.39114258021135806,0.7302605110967008,0.15186947846839757,0.22926829268292684,,
97,boundary_distance,0.3314866587071258,0.6594881092598229,0.11850267766122032,0.14198606271777003,,
97,jacobi1,0.16542137981110097,0.6353976152349695,0.15323748076606147,0.2146341463414634,0.9535619055500244,0.6257881285557604
97,jacobi5,0.27252305910594365,0.7122784960893559,0.17332671489891585,0.2926829268292683,0.8954767556843658,0.3332771628326334
97,jacobi10,0.32740369248561224,0.7340596588277332,0.18032110840134016,0.34146341463414637,0.8626115014784561,0.25334290848565905
97,jacobi20,0.39054529438251523,0.752965737199423,0.18319989852536958,0.348780487804878,0.8204213284435417,0.19405576237230124
97,jacobi40,0.4735414577826423,0.7632439156730145,0.2001880478581661,0.4219512195121951,0.7642681357617357,0.139749381221479
97,jacobi80,0.5517666840465439,0.7791008827071451,0.21972218702650453,0.5,0.7029774589948693,0.08296618169490572
97,cg5,0.19915238383296185,0.6499172875613727,0.1599513345259284,0.22682926829268293,0.9685598987016687,0.27593724995061436
97,pcg5,0.32319567771351276,0.7258393658271906,0.17426553721501112,0.3146341463414634,0.8608945580479588,0.24945903282436585
97,poisson_pcg5,0.38934904340965565,0.7724931514100817,0.19965784373499507,0.3439024390243902,1.0193881644095208,0.10000964356211302
97,cg10,0.19182857343883133,0.6449651284358747,0.16254790214423942,0.22439024390243903,0.9504832931898278,0.1846086924294116
97,pcg10,0.4603708883758978,0.7569399044505909,0.19914039486528595,0.4073170731707317,0.7756412207528602,0.14945483674611565
97,poisson_pcg10,0.9350139673598056,0.990473512168654,0.30797428582871594,0.8146341463414634,0.22643652488927285,0.028225995886164798
97,cg20,0.19430328579424908,0.646160819448672,0.16556019289554386,0.22439024390243903,0.9268829362727744,0.09977285959586098
97,pcg20,0.5961347575905961,0.808999113322658,0.23142915924207655,0.5146341463414634,0.6704822033806563,0.032610010681880325
97,poisson_pcg20,0.9999907425366412,1.0,0.31687680247623434,1.0,0.0018387475503957847,0.00037517942022880646
97,cg40,0.2145040695120212,0.6637626880880855,0.1853782130774518,0.2707317073170732,0.8784836385297341,0.06515542693704864
97,pcg40,0.6113755920697356,0.82969111866919,0.23252504055096948,0.5073170731707317,0.6623221365938509,0.02052836481335131
97,poisson_pcg40,0.9999999989522621,1.0,0.31687680247623434,1.0,2.054487359473749e-06,5.126340092780432e-07
97,cg80,0.29234271417132923,0.7140333231872742,0.2050035136933033,0.32439024390243903,0.822293227204074,0.041824937551808196
97,pcg80,0.6842656472399845,0.9217480777629263,0.2733668439965799,0.551219512195122,0.4868681401009086,0.011164187438819816
97,poisson_pcg80,1.0,1.0,0.31687680247623434,1.0,1.0175530969645872e-11,2.1839475893405123e-13
97,poisson,0.34918598269382767,0.70136243928907,0.17902546112157555,0.28536585365853656,195.9278519443503,431.19810150960325
97,amg,0.6672674738384022,0.9008416817754721,0.26670953775307793,0.5951219512195122,0.5509802309749389,0.07424166130487374
97,oracle,1.0,1.0,0.31687680247623434,1.0,1.0266052028500255e-11,2.1924326060392823e-13
98,ensemble,0.22780746537463537,0.7425717613117531,0.1681551467041738,0.2951219512195122,,
98,raw,0.16985533420996868,0.7402961767002368,0.1833324012379128,0.348780487804878,,
98,smoothed,0.20419838955271702,0.7841403861678334,0.22087134925311336,0.47317073170731705,,
98,prediction_magnitude,0.3291968303440112,0.7787978243320144,0.1003649856565561,0.09268292682926829,,
98,boundary_distance,0.07103919775118635,0.6138467239257308,0.11564452651359283,0.12456445993031358,,
98,jacobi1,0.316564632007048,0.7321625663353758,0.18408075090455,0.3097560975609756,0.9307722582048423,0.6048851290912435
98,jacobi5,0.4083386319188145,0.7163658139565661,0.19445393428654487,0.3195121951219512,0.8507431801954827,0.31740591436986176
98,jacobi10,0.4584773166268583,0.7065931739078649,0.2025740813848374,0.32195121951219513,0.8123696552260086,0.23702262805048838
98,jacobi20,0.4828636172141615,0.6953978799147731,0.20724609369483554,0.3195121951219512,0.7816559935712856,0.1684597606170538
98,jacobi40,0.5015902037632402,0.705965221073806,0.20069988511235626,0.3121951219512195,0.7653240579363876,0.11021876592919834
98,jacobi80,0.516349132215925,0.7224494792424864,0.19878160188194519,0.32195121951219513,0.7606728106506453,0.06785202230633572
98,cg5,0.18056690261585803,0.731017164485264,0.17890967936919375,0.28780487804878047,0.9436724899821434,0.2630377850700146
98,pcg5,0.4537980595306268,0.6934028558950809,0.20145844854250516,0.3146341463414634,0.8063788059910115,0.23577277576130493
98,poisson_pcg5,0.3595731134528101,0.7172260233182907,0.18176426110037475,0.3048780487804878,1.0586213147213588,0.08993837592400233
98,cg10,0.18541424534424367,0.7296805314770456,0.19023026222107442,0.3073170731707317,0.9168081497040036,0.15664806985610497
98,pcg10,0.49440968218699066,0.6952106189537207,0.19875181159230212,0.3,0.776069899027225,0.11814999488437693
98,poisson_pcg10,0.5986432212527526,0.911097362465757,0.28234132478373186,0.6292682926829268,0.5317213610524263,0.061987539905647426
98,cg20,0.2311953360182247,0.7363028201633074,0.20126299650949414,0.32682926829268294,0.8836538273220447,0.10205176163611282
98,pcg20,0.5163049573134793,0.7260881648425817,0.19061746959276415,0.3170731707317073,0.7701497181879725,0.04877363590411982
98,poisson_pcg20,0.9992076535819004,0.9998332517237272,0.3256579248503001,0.9829268292682927,0.02117485648049577,0.00267412863701511
98,cg40,0.348675224757953,0.7486223416222225,0.2129153057206898,0.34146341463414637,0.79585280122237,0.061455372116714174
98,pcg40,0.5055870761117646,0.721564786998928,0.1868237625128622,0.32682926829268294,0.7793330394950296,0.02624874606100656
98,poisson_pcg40,0.9999999931897032,1.0,0.3257224066163522,1.0,8.018415183637541e-06,2.5762426884383157e-06
98,cg80,0.5001659391663226,0.7909089104455884,0.23517759878431865,0.43414634146341463,0.7100052728123425,0.035395450430329184
98,pcg80,0.554042533292642,0.7325000330849755,0.19851922792622462,0.348780487804878,0.7461842534786585,0.017548962130356532
98,poisson_pcg80,1.0,1.0,0.3257224066163522,1.0,1.4360708437296746e-11,2.619582499046468e-12
98,poisson,0.12973915243363543,0.7036267750089329,0.15308978067379414,0.22195121951219512,212.3828682072531,445.93340130386514
98,amg,0.7670958478996849,0.8618437595119305,0.2701549906259925,0.5926829268292683,0.5066985388782009,0.06247839329008392
98,oracle,1.0,1.0,0.3257224066163522,1.0,1.9468158429766586e-12,4.1812233388390153e-14
99,ensemble,0.23899664303360985,0.6082454375818853,0.12456347332019876,0.11951219512195121,,
99,raw,-0.217162701264874,0.5020631790691211,0.09914520817949103,0.12439024390243902,,
99,smoothed,-0.23422635025622923,0.5151238039781374,0.10895808033780319,0.16097560975609757,,
99,prediction_magnitude,0.5079014926364751,0.6993899130526845,0.09454968756981157,0.012195121951219513,,
99,boundary_distance,0.11084856995733626,0.5885062795283406,0.06113215283758758,0.02857142857142857,,
99,jacobi1,0.1421082159224207,0.6025078411391819,0.12737471890344745,0.16341463414634147,0.9674068478613547,0.6681164622805508
99,jacobi5,0.2638095447992076,0.6423275941929251,0.1577016072238901,0.22926829268292684,0.913547905730306,0.41718637517393775
99,jacobi10,0.33652777146806695,0.7041726771038735,0.18129372053247203,0.2951219512195122,0.8708373009160534,0.3437829518417444
99,jacobi20,0.44587704478635537,0.7782426584439475,0.21771284246872283,0.4,0.803641255143734,0.2879916486014581
99,jacobi40,0.5932237598149298,0.844176382621124,0.2534487872096912,0.5219512195121951,0.7015913281239032,0.23925896571005642
99,jacobi80,0.749638127374314,0.9176323068168284,0.2809010160506095,0.6195121951219512,0.5636287160772452,0.18886581912577566
99,cg5,-0.20130200160977255,0.5011884123181981,0.09895948421807732,0.0951219512195122,0.9777984206331329,0.3489861333815429
99,pcg5,0.34144104083741705,0.7089885261305137,0.18216842006998876,0.3,0.8624915872713569,0.337876757669732
99,poisson_pcg5,0.4150915697131869,0.8697576856397973,0.28547825683870603,0.6902439024390243,0.7001574541264283,0.09352307654120127
99,cg10,-0.17120475556664577,0.523064859785874,0.1229407550397099,0.17073170731707318,0.9590333111652115,0.2673853359194908
99,pcg10,0.5774351277675929,0.8343534534097375,0.2543327801436113,0.524390243902439,0.6872842965635999,0.24554416323250014
99,poisson_pcg10,0.9348966500450723,0.9876712147479586,0.30455422558579404,0.7731707317073171,0.3187181568697151,0.05579749989071205
99,cg20,-0.10713030384512567,0.5570298955838174,0.13175172279020086,0.21951219512195122,0.9152646454949126,0.17255039121282326
99,pcg20,0.8441816790403123,0.9609167184997949,0.29579840459032536,0.7073170731707317,0.3462780730873939,0.1341674236320249
99,poisson_pcg20,0.9998959007727334,0.9999900745073648,0.31835644630903803,0.9926829268292683,0.006764141643828882,0.0018821364682988834
99,cg40,-0.03433156322894622,0.5861486441777061,0.16176115412839737,0.2682926829268293,0.8668528241596071,0.10219100085880566
99,pcg40,0.9321962397411089,0.996126411074203,0.3158581279085819,0.9121951219512195,0.18941184800004976,0.04962315061522532
99,poisson_pcg40,0.9999999973806551,1.0,0.3183652764024398,1.0,3.826288670129463e-06,2.438723706170068e-06
99,cg80,0.2025467549920942,0.6868937178248614,0.19393269445141306,0.32682926829268294,0.7939748357486048,0.06421625441804157
99,pcg80,0.9637856142896035,0.99776742585657,0.3168866906679846,0.9195121951219513,0.11666297819740422,0.0204900242637453
99,poisson_pcg80,1.0,1.0,0.3183652764024398,1.0,2.507073827781987e-12,1.2147157761059935e-12
99,poisson,0.08487745670802634,0.6766499477257388,0.08357464131924103,0.08536585365853659,169.01595089405163,448.5612787903103
99,amg,0.9562310706929198,0.9962011831187221,0.3148313528037569,0.8951219512195122,0.22843497445780528,0.09631340684989058
99,oracle,1.0,1.0,0.3183652764024398,1.0,3.5240268973300314e-14,5.531427960713627e-15
100,ensemble,0.29741977135172615,0.7092558527321573,0.1364754843320699,0.2048780487804878,,
100,raw,-0.32394936434715926,0.4358971983642788,0.05446997305352953,0.014634146341463415,,
100,smoothed,-0.4096610511474379,0.3910392652488652,0.0675446638256028,0.03414634146341464,,
100,prediction_magnitude,0.7031462194876354,0.9031384407712769,0.21971595793609563,0.47317073170731705,,
100,boundary_distance,0.2894385359764923,0.7185064118682424,0.13607684931868683,0.1903019744483159,,
100,jacobi1,0.17293421907144602,0.628297579503196,0.11107426487956923,0.13414634146341464,0.9719413749159203,0.6522599881913146
100,jacobi5,0.233278543623003,0.6770171909532443,0.1448571061753661,0.22682926829268293,0.9279052022679247,0.3699209819516587
100,jacobi10,0.27497644877153704,0.6956255045458756,0.15256853082038427,0.24146341463414633,0.8980744344895837,0.2827600587516959
100,jacobi20,0.3456338209757251,0.7242532721040721,0.16077471165584648,0.2731707317073171,0.8574642567445031,0.21881987875117584
100,jacobi40,0.42171262017414696,0.762804547199026,0.17260075045174691,0.32439024390243903,0.7997900338243115,0.16958770819473812
100,jacobi80,0.5293797657408799,0.8305513280309146,0.19613644409587017,0.4170731707317073,0.7134052126264077,0.12504408152503077
100,cg5,-0.3137280924279224,0.4372689014464751,0.057252866045072466,0.014634146341463415,0.9904250738076155,0.30861307417623896
100,pcg5,0.2779253313548129,0.692986646903908,0.15157002260617364,0.24146341463414633,0.8933827688530357,0.27706310895156655
100,poisson_pcg5,0.42664737428345906,0.7113593954713285,0.13133610036348278,0.1024390243902439,0.8238209465075841,0.13400359314705906
100,cg10,-0.2989073874243282,0.443510051215542,0.057380763811168446,0.014634146341463415,0.9844405971787206,0.22977571275460276
100,pcg10,0.40431649983046203,0.7461138387835317,0.16576406084466433,0.3,0.8088931327016469,0.1797931763525337
100,poisson_pcg10,0.9786464682625364,0.997141458121038,0.2639261243107125,0.9097560975609756,0.1459457877348644,0.038959661815669316
100,cg20,-0.21897640150458522,0.4647969244206821,0.07280118873365878,0.03414634146341464,0.9703905358133659,0.16176398750770693
100,pcg20,0.6346288885606908,0.8832298876434234,0.22049204407453185,0.48292682926829267,0.6009138158836705,0.09091372213395274
100,poisson_pcg20,0.9999617891712622,1.0,0.26622353295261575,1.0,0.003834338141494829,0.0020785124580599444
100,cg40,-0.07416870392327854,0.5072614904119741,0.09003052805761193,0.03902439024390244,0.9459537831922771,0.10739728301388059
100,pcg40,0.953393793331648,0.987370141471355,0.2599866954712823,0.8146341463414634,0.2448740507163984,0.025766798898553774
100,poisson_pcg40,0.9999999989522621,1.0,0.26622353295261575,1.0,1.3181390661525116e-06,5.882432670423227e-07
100,cg80,0.17158255765101285,0.5953118589786006,0.12578912559544705,0.10975609756097561,0.9059213885907539,0.0678752773472914
100,pcg80,0.9970696077215997,0.999686354432725,0.26610072135309576,0.973170731707317,0.044981386010883716,0.006641535121453154
100,poisson_pcg80,1.0,1.0,0.26622353295261575,1.0,4.2997190375632185e-13,2.4055545572273273e-13
100,poisson,-0.026961513888590867,0.49658563053346216,0.08327360370240035,0.036585365853658534,91.22869112745848,444.0653438313963
100,amg,0.9875549121210486,0.998500588912563,0.26535684676529264,0.9292682926829269,0.12969345334793347,0.07687327886117615
100,oracle,1.0,1.0,0.26622353295261575,1.0,6.895703342742091e-14,3.4673622973173534e-15
101,ensemble,0.36609706811626663,0.6774777338115215,0.164137433066133,0.25853658536585367,,
101,raw,0.2572570242587939,0.7071397377023146,0.1752131261715936,0.3195121951219512,,
101,smoothed,0.4134103320150275,0.7935411510924659,0.18093420174716268,0.3439024390243902,,
101,prediction_magnitude,0.6282509972998536,0.8256971004327515,0.19088291650522354,0.35853658536585364,,
101,boundary_distance,0.6665834586383453,0.8797175866495507,0.21389848290026434,0.3404181184668989,,
101,jacobi1,0.2143467998534396,0.6488585683469423,0.15967830339896394,0.2707317073170732,0.967805896221169,0.5681241019852308
101,jacobi5,0.3126536481523267,0.6799961621428476,0.1819587403739686,0.3170731707317073,0.9335390903494913,0.22022891685393411
101,jacobi10,0.3397094523454131,0.6754072760478012,0.18281614142077227,0.3024390243902439,0.9166039092326509,0.14046456776733904
101,jacobi20,0.3607675562045757,0.6824365099321096,0.1833808823155483,0.3097560975609756,0.8974651306490246,0.09592707800998033
101,jacobi40,0.37511912204336734,0.7013339862101823,0.18424079618930264,0.3024390243902439,0.8768485331682447,0.0684850446977171
101,jacobi80,0.3700049943223778,0.7019136349800829,0.18536270400407914,0.3146341463414634,0.85934316017808,0.04863375710824215
101,cg5,0.25657228297379436,0.6989359871894975,0.17766041546389294,0.32195121951219513,0.9879248986879583,0.17534786198208235
101,pcg5,0.3335310322311577,0.665213795111364,0.17932213615599046,0.2926829268292683,0.9177809894194209,0.14449041778847324
101,poisson_pcg5,0.5344162705728237,0.7538180061670394,0.17791428130214754,0.23658536585365852,1.0526038187097468,0.10578944377617282
101,cg10,0.25734175133506965,0.6952549528208251,0.1804916576149798,0.32439024390243903,0.9851046950038791,0.12836625553764047
101,pcg10,0.3688349064140897,0.6920251975173034,0.1838323418865932,0.3024390243902439,0.8850356500401059,0.07856321108319153
101,poisson_pcg10,0.970296955759642,0.9887577253417678,0.2879795997924515,0.8121951219512196,0.2284112339684421,0.029308610045054747
101,cg20,0.25642065695572835,0.6884950306366873,0.1823470921456174,0.3024390243902439,0.9751353347891688,0.09831307509969407
101,pcg20,0.3423782438386303,0.6825681881344045,0.1794808761907354,0.2975609756097561,0.8541284868460405,0.03552586878456937
101,poisson_pcg20,0.9999948496694401,0.9999960298029459,0.2949212184535098,0.9951219512195122,0.0021238364934718108,0.0008965578732151862
101,cg40,0.25607849105868813,0.6756600452602464,0.1761076516739087,0.28780487804878047,0.9488632295836149,0.06597288721859293
101,pcg40,0.30086554802758164,0.6722655267789791,0.16562268132083968,0.2780487804878049,0.8639108659825292,0.023819694719337335
101,poisson_pcg40,0.999999999126885,1.0,0.2949233681378617,1.0,1.2430171071841004e-06,5.529847097501258e-07
101,cg80,0.3331970264665873,0.7025223985283803,0.18719982016290948,0.35121951219512193,0.9155934126869709,0.04108365916878462
101,pcg80,0.20810838783526497,0.8095483239151436,0.16714879362057186,0.3170731707317073,0.8214989854325393,0.018842724419196225
101,poisson_pcg80,1.0,1.0,0.2949233681378617,1.0,7.476695584215665e-12,1.7383273644166867e-13
101,poisson,0.4448041452257572,0.7381079364239111,0.17351104876188705,0.25609756097560976,85.15559402843209,437.9993168863684
101,amg,0.8135244701435473,0.9430395828646295,0.26232858378554913,0.5853658536585366,0.510576076537252,0.06445824037877863
101,oracle,1.0,1.0,0.2949233681378617,1.0,7.31202204783866e-12,1.6932763682780723e-13
102,ensemble,0.3696756179879788,0.7698172385956089,0.23699895958768194,0.36829268292682926,,
102,raw,0.050520486357445944,0.5691714198748065,0.15360730899007188,0.17804878048780487,,
102,smoothed,0.1128645048926848,0.6412582877863504,0.18576812821178312,0.24878048780487805,,
102,prediction_magnitude,0.6642132075011221,0.8787243756865133,0.32501854957878407,0.573170731707317,,
102,boundary_distance,0.18840006581538085,0.7030438177414873,0.11165729159366759,0.12502903600464577,,
102,jacobi1,0.20632560302488376,0.6227584929131983,0.1671100497908474,0.22195121951219512,0.9885382394171975,0.7106284245096535
102,jacobi5,0.26986341873068254,0.6566659608538571,0.1955174795155335,0.28536585365853656,0.9675949743957605,0.5007613952474104
102,jacobi10,0.29667928272390187,0.6961436152614374,0.21534777629520935,0.32439024390243903,0.9489464622009526,0.44042486573293316
102,jacobi20,0.34619988760146575,0.748952529677223,0.23774757633059418,0.37073170731707317,0.9182918487907646,0.389454425516968
102,jacobi40,0.4169111254111045,0.791241745298625,0.290615358523899,0.4902439024390244,0.8708537853382009,0.34035097238249806
102,jacobi80,0.504467057679679,0.8426187419768935,0.32331250366006414,0.5682926829268292,0.8021249726869373,0.28934637291863585
102,cg5,0.05285517045551064,0.5774102404616016,0.15953273466018056,0.1926829268292683,0.9845919814046485,0.44051704977553535
102,pcg5,0.2921936544127705,0.7032946018554054,0.21822023422581172,0.32926829268292684,0.942955422949517,0.4332032205575909
102,poisson_pcg5,0.7413590136072383,0.9944913515874171,0.40845393341063174,0.8682926829268293,0.29420885557836507,0.08010877329888962
102,cg10,0.05750245093848264,0.5852957135105806,0.1600990077530617,0.1878048780487805,0.9653606828440365,0.35423218261796774
102,pcg10,0.4481327493493408,0.8081111125815544,0.29594725167290553,0.5024390243902439,0.8519321418874084,0.3386974237601808
102,poisson_pcg10,0.834267974964483,0.9973525402644151,0.4124132369398546,0.9097560975609756,0.21213264456433997,0.05788032819804675
102,cg20,0.06769801328906125,0.6080707489115043,0.1688346031911714,0.23414634146341465,0.9154777476245317,0.25123530341031913
102,pcg20,0.5817825285336765,0.8883289440599235,0.36476418925945975,0.6878048780487804,0.6499570766227882,0.2224851368403035
102,poisson_pcg20,0.9997249450370637,0.9999894128078557,0.4158632836007169,0.9951219512195122,0.008992401544689051,0.0026661420132077394
102,cg40,0.0813406955155586,0.6671909532443127,0.21355635191150624,0.40487804878048783,0.8506704266137574,0.16037392655995547
102,pcg40,0.5432021938752759,0.9865952913462939,0.39717008152792926,0.8268292682926829,0.48637418607852906,0.11889515030114882
102,poisson_pcg40,0.9999999807914709,1.0,0.41587578172551887,1.0,2.332143141088607e-05,5.736928065562244e-06
102,cg80,0.19496488778642643,0.7694810952450273,0.2917618750988324,0.524390243902439,0.735269150872335,0.09710974230932985
102,pcg80,0.7156715651419762,0.9970547754853566,0.4126630903643858,0.9121951219512195,0.2960758094509308,0.05400480764269821
102,poisson_pcg80,1.0,1.0,0.41587578172551887,1.0,1.4451470776784262e-11,5.6412776887901245e-12
102,poisson,0.12206476298127773,0.7006650080065641,0.13574411332260164,0.15609756097560976,118.39005397533971,419.9649226671938
102,amg,0.929140154530732,0.998744094331882,0.41379437523177687,0.9317073170731708,0.2198511748421735,0.10203407787950024
102,oracle,1.0,1.0,0.41587578172551887,1.0,1.5611158865027475e-13,1.471424756182949e-14
103,ensemble,0.5192055866743044,0.794906237179572,0.19846397535841026,0.3878048780487805,,
103,raw,-0.06616748885458269,0.6637851858713921,0.12353047458458807,0.23414634146341465,,
103,smoothed,-0.011133405519684733,0.7237047232110954,0.16417573613847872,0.3439024390243902,,
103,prediction_magnitude,0.7885564079905023,0.9213649537472043,0.22952427186267652,0.5,,
103,boundary_distance,0.5219912307002862,0.8715389807180763,0.19274626036845885,0.3038327526132404,,
103,jacobi1,0.27216580997324724,0.6962243426015378,0.17388747791230624,0.32682926829268294,0.9742317807316602,0.5973351688694382
103,jacobi5,0.33582167553723535,0.7210440294853301,0.18253845784504896,0.348780487804878,0.9427011883301529,0.27811936390765574
103,jacobi10,0.36528792034688123,0.7241050514140519,0.18130258259938623,0.34146341463414637,0.9254505252054612,0.19853051029299162
103,jacobi20,0.4012798358401372,0.7216283101517939,0.17992972741588806,0.32926829268292684,0.9052020098636627,0.13711422028741543
103,jacobi40,0.43333095776213454,0.7113514550772203,0.18142297656711426,0.32682926829268294,0.8814394545417991,0.08793760537797488
103,jacobi80,0.4836737788446451,0.7050851607268107,0.184421082060494,0.3146341463414634,0.8522567525641086,0.05054529677238117
103,cg5,-0.05706467179315072,0.663887087595781,0.12818395917164055,0.22439024390243903,0.989268941607701,0.21970330134662017
103,pcg5,0.3653717086499458,0.7249771713669388,0.18190399414658764,0.3439024390243902,0.9231229519359035,0.1986902120008158
103,poisson_pcg5,0.25653234739375325,0.7459146672313169,0.1696390658964177,0.3170731707317073,0.9592313713103555,0.09731478335781811
103,cg10,-0.045221840806023976,0.6592360017468867,0.13022550813832914,0.22195121951219512,0.9858258483988134,0.13948706675301714
103,pcg10,0.42673581122522425,0.7056555457035851,0.17759804976824214,0.3121951219512195,0.8851119352387422,0.10023881574694196
103,poisson_pcg10,0.96132975737574,0.9942736524489498,0.2861459577038743,0.8731707317073171,0.3159734540986507,0.04448532426539121
103,cg20,-0.0023396814588826273,0.6663340523801331,0.1286719360679074,0.2,0.9810319672815508,0.09772363664969357
103,pcg20,0.5045119071507472,0.6994349086192978,0.1857035995181176,0.3073170731707317,0.8384351096632646,0.038757194222999634
103,poisson_pcg20,0.9999391746205344,0.9999953681034369,0.29019117666693256,0.9951219512195122,0.009222258012842073,0.0028526114218435437
103,cg40,0.16466222782701495,0.6712948135992484,0.1449629969112589,0.2121951219512195,0.9608752247012082,0.06852293662866499
103,pcg40,0.6237167136095183,0.71040059288276,0.2060742317460168,0.36341463414634145,0.7662355382986583,0.026274065899263843
103,poisson_pcg40,0.999999998428393,1.0,0.29019699661986975,1.0,1.820855301010536e-06,8.305578989026837e-07
103,cg80,0.32884698784556915,0.6858885962706616,0.18098884144871294,0.32439024390243903,0.9352224873876044,0.04416092542045317
103,pcg80,0.6281012264764668,0.7163850032423276,0.20908958509835238,0.375609756097561,0.7549296029488626,0.023706905434971188
103,poisson_pcg80,1.0,1.0,0.29019699661986975,1.0,3.8225800308980386e-12,1.4137007178880077e-12
103,poisson,0.07173887963061062,0.6982782578775326,0.137071049513577,0.3024390243902439,90.64684700533972,449.0441785602533
103,amg,0.6469777376917892,0.7182629064489234,0.21299135135904435,0.3463414634146341,0.7421006046260682,0.06214355500283292
103,oracle,1.0,1.0,0.29019699661986975,1.0,2.9623590244094182e-12,9.352348264309249e-14
104,ensemble,0.35551669396512997,0.7210162381059513,0.18760753135861763,0.2926829268292683,,
104,raw,-0.035151582152770144,0.5958690099651947,0.12018434117733243,0.18292682926829268,,
104,smoothed,-0.07042737311669801,0.6152296758995804,0.15169603884623659,0.2658536585365854,,
104,prediction_magnitude,0.5545243726131133,0.8249864351600651,0.1417499449067976,0.16829268292682928,,
104,boundary_distance,0.1267060236503262,0.6183251062027711,0.0645058657734232,0.0,,
104,jacobi1,0.19019239877566094,0.6529266969283909,0.16756293985488596,0.24634146341463414,0.945120003051693,0.6004307762916061
104,jacobi5,0.30631018241760477,0.7093253311806043,0.18966952478226307,0.3121951219512195,0.8863651684726327,0.25332607295701404
104,jacobi10,0.34851106220596284,0.7187035983219301,0.19397406553180924,0.3170731707317073,0.8535213474387816,0.17298690513029163
104,jacobi20,0.4160171267577411,0.7422389264587166,0.2059782360828788,0.35121951219512193,0.8132716299279618,0.11549808786023805
104,jacobi40,0.4789125118059114,0.7849866998398687,0.2153744563882877,0.3853658536585366,0.7681353781394378,0.0719681962117134
104,jacobi80,0.5402835547720525,0.8083427074097111,0.2240310667839245,0.44390243902439025,0.7253080888114805,0.049252458798944646
104,cg5,-0.026843926257464366,0.597070656273573,0.12415380061627104,0.17804878048780487,0.9780693468807237,0.20577268235347537
104,pcg5,0.3451737751286678,0.7139671532363723,0.19154589119751744,0.3048780487804878,0.8530194309255335,0.17375326805686042
104,poisson_pcg5,0.2865548107908181,0.6890826198006961,0.1743161954123404,0.2634146341463415,1.0018371239660488,0.10692729396632242
104,cg10,-0.011817628349017551,0.5979877717930733,0.12799009773594983,0.17073170731707318,0.9713009140595593,0.12615053798124848
104,pcg10,0.4630691969175158,0.766432645606977,0.21493769494092657,0.375609756097561,0.7783566754539079,0.07711690691316138
104,poisson_pcg10,0.9409806689692315,0.9974749546735836,0.311124441631824,0.9195121951219513,0.25053762800583623,0.03230364273045008
104,cg20,0.022010408955315287,0.595884229053902,0.1369458155773418,0.16341463414634147,0.9580174766859973,0.10115283483619998
104,pcg20,0.5693202352258331,0.8038133742704763,0.22500506536668563,0.47317073170731705,0.709288606930708,0.04251303708630086
104,poisson_pcg20,0.9992924159320209,0.9999576512314228,0.3134048093044506,0.9878048780487805,0.019091128926346488,0.0035268011907140444
104,cg40,0.14347840449318094,0.6226215211148314,0.1650378133507493,0.21707317073170732,0.9169450640996799,0.06665430833404652
104,pcg40,0.6529562261786298,0.8046590262430026,0.24412984676314145,0.5414634146341464,0.654315894068463,0.021739773943120693
104,poisson_pcg40,0.9999999980791471,1.0,0.3134383342615223,1.0,3.512954304028735e-06,8.37684847591018e-07
104,cg80,0.29438597135311195,0.6616637772454773,0.1918159607592161,0.28780487804878047,0.8631619701194466,0.04289463248742929
104,pcg80,0.6799304637969935,0.8230602278893109,0.24612719266271124,0.5560975609756098,0.6247454929248644,0.017028823134791968
104,poisson_pcg80,1.0,1.0,0.3134383342615223,1.0,1.879836559911508e-12,6.500799442532816e-13
104,poisson,0.2658300901652554,0.704360599764435,0.1696426571587349,0.2658536585365854,144.79217261501753,459.57985853968006
104,amg,0.6480012949063283,0.8373258076042508,0.2515250711715027,0.5707317073170731,0.6287934674131334,0.058447307778717726
104,oracle,1.0,1.0,0.3134383342615223,1.0,3.155325022657627e-13,1.1510840612038754e-14
105,ensemble,0.1911128982144645,0.6401558964043249,0.114364093259072,0.13414634146341464,,
105,raw,0.15707271457896918,0.6662665590302131,0.13919074224597924,0.23170731707317074,,
105,smoothed,0.1409020397278765,0.6885836983708958,0.1390981802098768,0.22682926829268293,,
105,prediction_magnitude,0.2631875074878339,0.727841006841973,0.13985930232326288,0.24146341463414633,,
105,boundary_distance,0.24438829954562044,0.7082580098725567,0.11998764711107571,0.18054587688734028,,
105,jacobi1,0.17476037482001258,0.674249301907018,0.15855793062505916,0.2682926829268293,0.8921351037583346,0.6246662037802103
105,jacobi5,0.33217120578881093,0.7757262152111483,0.2010088467010596,0.40487804878048783,0.7694921941121331,0.3205717337005648
105,jacobi10,0.4210960880272553,0.8287726797506716,0.22219738781188692,0.4975609756097561,0.6996218193845345,0.22555118454673487
105,jacobi20,0.5292987225112675,0.8901955983748661,0.23993246673010749,0.5780487804878048,0.6092823162610431,0.1449422037675181
105,jacobi40,0.6624522165134008,0.9415064251022326,0.25439137853494065,0.651219512195122,0.494813414644734,0.07782540758630475
105,jacobi80,0.793966056838471,0.9739780051083202,0.2669673557800881,0.7414634146341463,0.36899340987844004,0.036778160114278154
105,cg5,0.16298798343048518,0.6744981009224091,0.14712830510002545,0.25609756097560976,0.934048353219229,0.24953057706580592
105,pcg5,0.4275868093157707,0.8311316385003242,0.22271963962036023,0.5097560975609756,0.6903260945907544,0.22051262790807627
105,poisson_pcg5,0.32490875302502903,0.7639122321771237,0.17783283701572067,0.3463414634146341,0.9595856323611661,0.10076105408090544
105,cg10,0.17018652278179067,0.6787409181742388,0.15648798431283634,0.2804878048780488,0.9106365253224837,0.13925082590635035
105,pcg10,0.629187205648498,0.9285139552426452,0.2499115340409258,0.6292682926829268,0.5107629809597043,0.08233156974796305
105,poisson_pcg10,0.8712482689971937,0.9784881489617935,0.263871893289922,0.7414634146341463,0.3063165016503681,0.028491045624240242
105,cg20,0.18897842514060367,0.6899633418472003,0.1701811987159827,0.3097560975609756,0.8826752950630388,0.10037820822740426
105,pcg20,0.8398020241850331,0.9810978918253642,0.26984334948601596,0.7731707317073171,0.3067308384817873,0.022552761472442808
105,poisson_pcg20,0.9999886627767929,0.9999953681034369,0.28097148277278655,0.9975609756097561,0.0024104285451967953,0.0003888492909778581
105,cg40,0.25263779067324343,0.7308040972433598,0.19102623208263061,0.348780487804878,0.775178008408263,0.052379239737633754
105,pcg40,0.9332856649232865,0.9927557137752604,0.2760442450282751,0.8439024390243902,0.1876704740099084,0.0031482914011059368
105,poisson_pcg40,0.999999999476131,1.0,0.2809717211267356,1.0,1.1099742251459014e-06,3.148174830944111e-07
105,cg80,0.40592576858284807,0.8169864880960258,0.22150099503682769,0.48292682926829267,0.6838664606986958,0.029234182833652582
105,pcg80,0.964531120534513,0.9949578497412755,0.27782823310402605,0.8707317073170732,0.13872362387018117,0.0020047823646315815
105,poisson_pcg80,1.0,1.0,0.2809717211267356,1.0,1.577305821485453e-11,2.3663692344424753e-13
105,poisson,0.3022404940271672,0.7493422706880352,0.17590719889760403,0.32682926829268294,189.17876703011817,431.07396052508653
105,amg,0.9440264982219748,0.9902042004684832,0.27584941504440325,0.8463414634146341,0.2104549828304663,0.07400989942799956
105,oracle,1.0,1.0,0.2809717211267356,1.0,1.598459695905956e-11,2.3954170750612645e-13
106,ensemble,0.17364333266222226,0.6106904172677103,0.13031050405855105,0.16829268292682928,,
106,raw,-0.002909547706331176,0.6009224091155725,0.1327928719928989,0.2121951219512195,,
106,smoothed,0.03850559706507084,0.6296520783981578,0.1573035150937896,0.2707317073170732,,
106,prediction_magnitude,0.16130088521005273,0.5599261543347935,0.08529239117150661,0.03902439024390244,,
106,boundary_distance,0.07493714726509303,0.48379894922117966,0.0757559160245958,0.012195121951219513,,
106,jacobi1,0.1334016083043096,0.5899699588422905,0.1382726585779667,0.1951219512195122,0.961105364663033,0.6351377639289518
106,jacobi5,0.20654343962090102,0.6046120455778622,0.15157751257456423,0.22926829268292684,0.9078896507399404,0.37470159425366784
106,jacobi10,0.24746818610044563,0.6140531741725448,0.16707840110523908,0.2658536585365854,0.8734935295102809,0.2978940447250329
106,jacobi20,0.3172727493736483,0.6571589269880762,0.1823333625934765,0.2951219512195122,0.8255035747037257,0.23614972602984124
106,jacobi40,0.4503393488789148,0.7316967298810264,0.20865190071566578,0.35121951219512193,0.7591459374430111,0.18894246326218533
106,jacobi80,0.5904213455849943,0.7878108333443616,0.2356257179606177,0.4585365853658537,0.6768557930931497,0.15668159618302038
106,cg5,0.001602400131573536,0.6004274578828263,0.12815927742435443,0.17560975609756097,0.9767327735452914,0.30376326942021964
106,pcg5,0.24320556846461855,0.6081210380741897,0.16385904057920656,0.25609756097560976,0.8694254409327802,0.28921788681794053
106,poisson_pcg5,0.4454923835108173,0.8646434101345897,0.27691367241850356,0.6853658536585366,0.6032963190324291,0.09936853051822393
106,cg10,0.01179613208393795,0.6031688789486919,0.1372960389451366,0.1878048780487805,0.9618253363397673,0.21826448095496068
106,pcg10,0.42001808231571436,0.7142549925227956,0.2035141149562464,0.33170731707317075,0.7623609258953942,0.19129066981045353
106,poisson_pcg10,0.5545235723159356,0.9259505313447057,0.2780058362052691,0.6926829268292682,0.5369390371567156,0.07740349222804468
106,cg20,0.05315928687545877,0.6214430342892685,0.15161752192569292,0.1975609756097561,0.9317939357409962,0.17041229235306232
106,pcg20,0.6810822802030164,0.814689067400712,0.24782063985520014,0.5365853658536586,0.6082660805271917,0.13973728947774416
106,poisson_pcg20,0.9999011481936775,0.9999920596058918,0.30179569394330735,0.9951219512195122,0.0067230001200212835,0.001995807944398392
106,cg40,0.1710013494655363,0.699827296428146,0.19745752554785664,0.3780487804878049,0.8028482097605275,0.10789702044705997
106,pcg40,0.8404713244318635,0.9362201077246801,0.27033547968616006,0.6,0.37170322723494764,0.07654804289439081
106,poisson_pcg40,0.9999999884748825,1.0,0.3018031004719126,1.0,1.2359324596883682e-05,3.643772268444757e-06
106,cg80,0.3773871757698052,0.7638195942458611,0.23473551988901875,0.4585365853658537,0.6855336226071804,0.05697633420248191
106,pcg80,0.9861315260524096,0.9985164697007795,0.3008376789392871,0.9292682926829269,0.07963786443707752,0.013461081611722664
106,poisson_pcg80,1.0,1.0,0.3018031004719126,1.0,6.313706185301796e-12,1.974047859109713e-12
106,poisson,0.23302945317829496,0.6956175641517675,0.13778271405386672,0.12195121951219512,154.98832065234953,451.3193828850696
106,amg,0.9508421901067721,0.9929403279382767,0.2964979502396947,0.8658536585365854,0.22966152804979845,0.0823428051606805
106,oracle,1.0,1.0,0.3018031004719126,1.0,4.308066788431807e-14,5.409494237851755e-15
107,ensemble,0.21583284396985733,0.6899573865516192,0.1579985241961773,0.25853658536585367,,
107,raw,0.18515889972929805,0.7501779971679261,0.186122113363241,0.35609756097560974,,
107,smoothed,0.22094934796053756,0.8129712954752988,0.2336207814443564,0.4926829268292683,,
107,prediction_magnitude,0.328937396979419,0.6746833767849344,0.0945911906927745,0.04878048780487805,,
107,boundary_distance,0.18164702646383066,0.5604502203459365,0.08972167546683911,0.02497096399535424,,
107,jacobi1,0.19104867082984645,0.6526732660164366,0.16206484028523424,0.26097560975609757,0.9663852311663705,0.6029470662100685
107,jacobi5,0.28689497446061896,0.6856761907282665,0.1710118016222917,0.275609756097561,0.9255949493836646,0.3073321970980172
107,jacobi10,0.3313515153308371,0.6953555311461959,0.1834793601351567,0.3048780487804878,0.9063041061513124,0.2179174404103322
107,jacobi20,0.3749480103693648,0.6924003811389172,0.18912841979378964,0.2975609756097561,0.8883970729497886,0.14846992497632758
107,jacobi40,0.41392805461436094,0.6887742678294932,0.19335185810489958,0.28536585365853656,0.8728779378446402,0.09719817667416426
107,jacobi80,0.4369437639502817,0.6776054418167622,0.1932715741956319,0.2634146341463415,0.860516414675548,0.06652996547254583
107,cg5,0.1889283813339811,0.7461720683403253,0.19111288322561484,0.35365853658536583,0.9777671752675444,0.23804744577860631
107,pcg5,0.33213281282829127,0.6935504148855921,0.1831471541540449,0.3024390243902439,0.9045362342453129,0.214669397745494
107,poisson_pcg5,0.3202231618289672,0.7396086709103662,0.17447878400997485,0.24878048780487805,1.0182625915915298,0.1059018357454904
107,cg10,0.20353780840655764,0.7541620899117293,0.19724596453226895,0.37073170731707317,0.9696074158993965,0.14976280056835753
107,pcg10,0.40528666012766423,0.6909128806426426,0.19423815741209885,0.3024390243902439,0.8764409610985227,0.10633192967995735
107,poisson_pcg10,0.8349092939721373,0.9939136879160436,0.3262352645266575,0.8731707317073171,0.3455939030516684,0.0458679265659428
107,cg20,0.2147984300945881,0.7440222066355227,0.18521036400884255,0.3195121951219512,0.9552562615681365,0.1092882634302974
107,pcg20,0.43800190315313803,0.6651595357516245,0.19146197849824878,0.25609756097560976,0.8572245997620738,0.05591984136827114
107,poisson_pcg20,0.999648625534039,0.9999748554186573,0.3326004357201335,0.9926829268292683,0.019029141544615463,0.003431580474930024
107,cg40,0.2551360217772475,0.7166589468390614,0.18468025608703173,0.275609756097561,0.9147856105379664,0.06723922384047189
107,pcg40,0.40022804208760593,0.6135972632108307,0.1776284956244354,0.20243902439024392,0.8549675740123753,0.03724635875487416
107,poisson_pcg40,0.9999999821884547,1.0,0.3326212118443041,1.0,2.0296774397082467e-05,5.131693222699008e-06
107,cg80,0.3473621665441233,0.7029544883077696,0.19576933236317665,0.2951219512195122,0.8704574617277759,0.04360476017932331
107,pcg80,0.5341130566045043,0.6493244048012916,0.19622919132477598,0.24146341463414633,0.8040766718861326,0.03071829482887585
107,poisson_pcg80,1.0,1.0,0.3326212118443041,1.0,2.7230255950403848e-11,1.2185361622791049e-11
107,poisson,0.3191968558738928,0.7554682847425327,0.17637685311400927,0.2926829268292683,123.66100053515176,449.06246200113424
107,amg,0.8384770685574343,0.9604555139420087,0.31568326562929994,0.8268292682926829,0.38076916767237545,0.07260913509349654
107,oracle,1.0,1.0,0.3326212118443041,1.0,1.0285088101506677e-12,3.762589357759739e-14
108,ensemble,0.3245016230089626,0.705023622672472,0.1696504635194182,0.24146341463414633,,
108,raw,0.1558870576338579,0.7725209427894605,0.20683737024358811,0.3780487804878049,,
108,smoothed,0.14585114610099545,0.8370115003374667,0.25343045110216533,0.5146341463414634,,
108,prediction_magnitude,0.3319410376662635,0.5844930720061405,0.08160183187160495,0.0,,
108,boundary_distance,0.27907394166952487,0.776238370631129,0.12198592188166305,0.1353658536585366,,
108,jacobi1,0.20736364835991852,0.6309662136230695,0.15832495438664973,0.2121951219512195,0.9822574283807025,0.6535252827988658
108,jacobi5,0.28844149017031806,0.6414634146341464,0.16733929852711513,0.21951219512195122,0.9670017321214326,0.3894656294030744
108,jacobi10,0.326175493363041,0.64235803237034,0.16524546894786166,0.2121951219512195,0.9608744503096086,0.29870657149520724
108,jacobi20,0.38123760421220837,0.6340735545174225,0.16666836691566528,0.21707317073170732,0.9548346448416183,0.22524962728485376
108,jacobi40,0.4431826062395115,0.6226393870015748,0.18586979129339606,0.24390243902439024,0.9466683617030309,0.17384777329892964
108,jacobi80,0.5091915726901597,0.6254231568360177,0.1928220255973053,0.25121951219512195,0.9334479626722698,0.13846711838943837
108,cg5,0.16828376918114837,0.7758797294972407,0.2198015633123092,0.3780487804878049,0.9803724488432272,0.30243981273275367
108,pcg5,0.32817844703413607,0.6344831465135052,0.16376829170688842,0.2097560975609756,0.9628576026760377,0.28488479969295954
108,poisson_pcg5,0.20057095694266375,0.7628025621004989,0.21750024828784295,0.3195121951219512,1.1082961933577113,0.10293245289213714
108,cg10,0.17703508517494934,0.7732448420523272,0.23308006650174434,0.3902439024390244,0.9708432749395371,0.2084245937819545
108,pcg10,0.43463460082804267,0.6259147995712188,0.1878742079311726,0.24390243902439024,0.9554566703788069,0.18221348628510403
108,poisson_pcg10,0.4830169262486355,0.8682265129759273,0.2956184063526261,0.5365853658536586,0.7131520829112532,0.07385211660981476
108,cg20,0.20166806798126208,0.7640518507735268,0.2478027967916018,0.3975609756097561,0.9515597493553014,0.15395557731032075
108,pcg20,0.5685590130861633,0.6398918783002263,0.19907132722786053,0.23902439024390243,0.9242856026339309,0.12035244669113021
108,poisson_pcg20,0.9984357843290923,0.9998835408864126,0.4023752789502145,0.9804878048780488,0.023307774479030575,0.0031186069760657117
108,cg40,0.2825143644175672,0.7548687849873615,0.2558981452239147,0.37073170731707317,0.9102196576161975,0.08311757307579316
108,pcg40,0.5871969891182216,0.6379352328520572,0.2227489347291905,0.25121951219512195,0.9074760628293305,0.04425264814498679
108,poisson_pcg40,0.9999998786370198,1.0,0.402484195126262,1.0,0.0001056184826125697,1.4950090759035723e-05
108,cg80,0.3767848409961256,0.7398667337188836,0.26799050047423784,0.35853658536585364,0.8639906253953005,0.056553153327894075
108,pcg80,0.5850121303259175,0.6662175932665458,0.23130979322279796,0.29024390243902437,0.8698523928764419,0.039245498740360665
108,poisson_pcg80,1.0,1.0,0.402484195126262,1.0,2.5056388786258027e-11,1.2922607827419456e-11
108,poisson,0.2390576985661804,0.779554146870823,0.208806552228995,0.35121951219512193,123.0553567319706,446.5000608409216
108,amg,0.6103310931927431,0.6922653944390773,0.14615260771594715,0.17317073170731706,1.1768357502635796,0.10776852969047812
108,oracle,1.0,1.0,0.402484195126262,1.0,1.1473013103907372e-12,5.158679096377432e-14
109,ensemble,0.06175582543003636,0.6377195188121171,0.11992972433204044,0.20243902439024392,,
109,raw,0.10182091426480423,0.47977978640339847,0.10379269913635225,0.03170731707317073,,
109,smoothed,0.08395423192816864,0.4542646533356272,0.10698346080622734,0.03170731707317073,,
109,prediction_magnitude,-0.10814140380457961,0.5797811098024165,0.07154328502147807,0.024390243902439025,,
109,boundary_distance,0.14700648250898057,0.541763826211241,0.12166928527657143,0.06370499419279907,,
109,jacobi1,0.07154750714920505,0.5555298227968715,0.12580562551493335,0.1902439024390244,0.9633337914818023,0.5416012488985139
109,jacobi5,0.12033744943476914,0.5838598255760095,0.12861369885932047,0.1951219512195122,0.9150952721281349,0.2381416899501628
109,jacobi10,0.16975865942850168,0.6181960747985125,0.13904322597512475,0.23902439024390243,0.8816032169402291,0.16917721847321093
109,jacobi20,0.26077053405047784,0.6865502957796805,0.14834490197609745,0.28780487804878047,0.8335695161307347,0.13226036648086154
109,jacobi40,0.35228544093786573,0.7742320977197835,0.16407402608885827,0.36585365853658536,0.7675425211296392,0.11150495979797806
109,jacobi80,0.4267625318610129,0.869712690073184,0.1931930407583409,0.5024390243902439,0.684195342488598,0.09916328827344209
109,cg5,0.09600267066310247,0.4812798591903445,0.10609652865229473,0.03170731707317073,0.9895035802634742,0.20916948822536938
109,pcg5,0.1527571536963413,0.6045584479176317,0.13546725271067844,0.21951219512195122,0.8841470658621005,0.1702466654455553
109,poisson_pcg5,0.3388250331602079,0.6847385625239866,0.14443230129990087,0.1,0.7907810720819525,0.11377775698848451
109,cg10,0.09399514256807895,0.4826442835779416,0.10517487047194499,0.03170731707317073,0.9853704976839853,0.16291124785624003
109,pcg10,0.315315195585296,0.7295084896047007,0.15531459309596182,0.32439024390243903,0.7889243664918955,0.11756723873799962
109,poisson_pcg10,0.9703721681528901,0.9933466114368144,0.24532049537332354,0.8536585365853658,0.134420691645945,0.029017788089655713
109,cg20,0.10085623800270188,0.49226473273956833,0.1076476605423739,0.03414634146341464,0.9706034831692577,0.14061819627183542
109,pcg20,0.4500105336081927,0.9155678043486891,0.20963570237979529,0.6097560975609756,0.6107543387548533,0.09362620720272068
109,poisson_pcg20,0.9999734241266726,1.0,0.24938646229209238,1.0,0.004129915608407007,0.0016383363616937938
109,cg40,0.15343148325999728,0.514094861241613,0.13067969986763614,0.1073170731707317,0.9148413307769879,0.10075178866929438
109,pcg40,0.7331559151499333,0.9859580747191086,0.24365586272335227,0.8414634146341463,0.371433429080415,0.06933621202359906
109,poisson_pcg40,0.999999998428393,1.0,0.24938646229209238,1.0,1.432305410993961e-06,5.146633071824221e-07
109,cg80,0.2791386840305065,0.5288798750711327,0.15143231847509658,0.12682926829268293,0.8303266335665656,0.059135442851363594
109,pcg80,0.9970636661742578,0.9998332517237272,0.24927656093506753,0.975609756097561,0.038889140888936295,0.006187015228117787
109,poisson_pcg80,1.0,1.0,0.24938646229209238,1.0,7.986215759089051e-14,6.483113384160854e-14
109,poisson,0.11909398354777596,0.5713312070722444,0.12963504312007565,0.04878048780487805,106.78721055880017,449.32806380484044
109,amg,0.9713913737624399,0.9983040641583844,0.2485632889543383,0.9414634146341463,0.14223134083264413,0.04467125448504643
109,oracle,1.0,1.0,0.24938646229209238,1.0,4.3371778745762175e-14,2.3201853517261657e-15
110,ensemble,0.2212575252381914,0.6265784841787647,0.14694952448133403,0.1975609756097561,,
110,raw,0.2085216523570807,0.7387001574844831,0.20941390685453584,0.4268292682926829,,
110,smoothed,0.25561789584769434,0.7999047152707013,0.21214791571037436,0.4268292682926829,,
110,prediction_magnitude,0.5476695094970248,0.7726294615089395,0.14646290549720484,0.07804878048780488,,
110,boundary_distance,0.4658749780752241,0.7346412926961609,0.14897534861723366,0.11225319396051102,,
110,jacobi1,0.12358073398626128,0.6225235895874965,0.13984035062937925,0.2073170731707317,0.9768068886959201,0.6003657271132636
110,jacobi5,0.19778228676465,0.6129507827905192,0.15211062279430962,0.2048780487804878,0.9530330516206617,0.3037160222677008
110,jacobi10,0.2297362180688586,0.6183423103900056,0.15558325795484332,0.20243902439024392,0.9408510508147607,0.22748910357130345
110,jacobi20,0.24503946664745538,0.6191972261556582,0.1595745926465076,0.1926829268292683,0.9281679654666197,0.16836025661336915
110,jacobi40,0.25364968394495524,0.6235062133583897,0.16241079114393506,0.1926829268292683,0.9141484635493153,0.11836667599064608
110,jacobi80,0.26979546436752166,0.6344096978680042,0.1692312662784013,0.2097560975609756,0.8970157925990906,0.07692411936474286
110,cg5,0.2041205291764009,0.734157590355068,0.20983422414635255,0.424390243902439,0.9878449585336596,0.2457169583839477
110,pcg5,0.24104045324641188,0.6227988565832484,0.15611363663742117,0.1975609756097561,0.9399988017823279,0.22785398655449607
110,poisson_pcg5,0.5187493257806235,0.8255210883633525,0.1960529380860126,0.3853658536585366,0.926378558396325,0.10285342909181792
110,cg10,0.2024719870143637,0.728334634675701,0.2058067414496338,0.4024390243902439,0.9826223880202146,0.15569268177530393
110,pcg10,0.25274827394251664,0.6133451556978945,0.16386418178126078,0.1975609756097561,0.9176908006921539,0.12452478508790578
110,poisson_pcg10,0.9634709747388422,0.9931653057713431,0.3099996866336344,0.8780487804878049,0.22211359712252846,0.028309573809844314
110,cg20,0.19931083394297713,0.7165967470852137,0.20274842762752388,0.3853658536585366,0.974255032704313,0.1024929916722535
110,pcg20,0.2856277518138999,0.64141378717097,0.17351398118633382,0.22682926829268293,0.8840640684227032,0.04890917940239151
110,poisson_pcg20,0.9999964906017066,1.0,0.31498515939063465,1.0,0.0010693319313612927,0.0003252966860037149
110,cg40,0.18497989561987419,0.6645170255283671,0.1797078335165969,0.2707317073170732,0.9564457893331322,0.07138992748836359
110,pcg40,0.33473839638592434,0.6435259320037584,0.17058197054311905,0.21707317073170732,0.857150285108492,0.029205013206713655
110,poisson_pcg40,1.0,1.0,0.31498515939063465,1.0,1.836793726746399e-07,7.397609848078772e-08
110,cg80,0.22626487693605216,0.6148584624750209,0.17186738272441154,0.2146341463414634,0.9270023523973618,0.041918783591973666
110,pcg80,0.5647655922407265,0.6726883527652423,0.20309182161148837,0.2780487804878049,0.7219600068502985,0.02777798539013448
110,poisson_pcg80,1.0,1.0,0.31498515939063465,1.0,1.5591973794552444e-12,6.006583736289973e-14
110,poisson,0.4450739931056607,0.8221060571973056,0.19841224543473474,0.3951219512195122,92.407877211968,445.22910918880194
110,amg,0.9548719862236709,0.990683932612522,0.3067422792798919,0.8292682926829268,0.3208929552626596,0.06178190757993406
110,oracle,1.0,1.0,0.31498515939063465,1.0,1.2855832269486335e-12,5.099089154199374e-14
111,ensemble,0.2320433702327085,0.7109008377115784,0.1577602649868863,0.2951219512195122,,
111,raw,0.1979573545225623,0.7580773659065945,0.20109852813092874,0.4146341463414634,,
111,smoothed,0.23636010912204813,0.8342429495917314,0.23852221003769075,0.5658536585365853,,
111,prediction_magnitude,0.15922941296890605,0.639111734579093,0.06457101905580788,0.02195121951219512,,
111,boundary_distance,0.14982354423253674,0.6099665180048437,0.08199587274844088,0.09186991869918698,,
111,jacobi1,0.18216265292922948,0.7156061829202123,0.17442605455705076,0.3048780487804878,0.9471386739551607,0.6509065426016523
111,jacobi5,0.24491928900809448,0.7328434551301563,0.19524881911244568,0.33170731707317075,0.8747688968798316,0.4114068658198647
111,jacobi10,0.2958120553469952,0.7597746251472282,0.20449845282209705,0.35853658536585364,0.8249160742484216,0.33396067116485406
111,jacobi20,0.37299206939897733,0.8138923811918531,0.22151465443482116,0.43658536585365854,0.7538322577037926,0.27095374848441134
111,jacobi40,0.4971724639824011,0.898918783002263,0.2463037585284999,0.5487804878048781,0.6537832807626194,0.21597506011566123
111,jacobi80,0.6520276146286795,0.9583307968185487,0.27569790544899525,0.7048780487804878,0.5200891833728221,0.15744793427626175
111,cg5,0.19446068938866642,0.7524688008681497,0.2002883527088966,0.4073170731707317,0.9693180342865839,0.3432179697440465
111,pcg5,0.3007649744385466,0.7572389926286675,0.20626182250937772,0.35853658536585364,0.8172702090217613,0.3236473213768685
111,poisson_pcg5,0.40431933256465696,0.8905628416023715,0.24211645966200035,0.5756097560975609,0.8970003057454351,0.11283888109382947
111,cg10,0.19573777578977652,0.7531893916334714,0.20209706913108016,0.40487804878048783,0.943307184628921,0.2628463161409641
111,pcg10,0.47275458876396875,0.8915110569987957,0.24417838123739366,0.5341463414634147,0.6487648400654716,0.22543853243973955
111,poisson_pcg10,0.9099944410167115,0.9906620965287244,0.28895179646244523,0.8121951219512196,0.2868455326461672,0.03360704492920595
111,cg20,0.20232752752393648,0.7635066103780951,0.2074057828526705,0.424390243902439,0.8796591176530376,0.14968964002776006
111,pcg20,0.793021843073329,0.9767392771594563,0.28844743943940204,0.7975609756097561,0.32520016355556247,0.08000645348962188
111,poisson_pcg20,0.9999975135432008,1.0,0.30075876780093824,1.0,0.0013999025279162012,0.0003389045183525129
111,cg40,0.22788270238972544,0.789044241229173,0.22139388294433382,0.4658536585365854,0.8047254786823611,0.08013366585241181
111,pcg40,0.9361406071465452,0.9932890435795296,0.2961357968799969,0.8658536585365854,0.19884666644976887,0.005307984397914191
111,poisson_pcg40,1.0,1.0,0.30075876780093824,1.0,2.0958036533831105e-07,7.24998656281791e-08
111,cg80,0.3248702280495266,0.8682715085425406,0.24935230030686897,0.5682926829268292,0.708921124003892,0.04305453733038769
111,pcg80,0.9644720633874759,0.9921270992416924,0.29600076532468594,0.8634146341463415,0.16304388402468736,0.0038024029761042554
111,poisson_pcg80,1.0,1.0,0.30075876780093824,1.0,3.1883181270470943e-12,7.758071493525716e-14
111,poisson,0.39510347086388814,0.8786039463758718,0.22968618885056188,0.5195121951219512,141.4231440622566,435.9592060677145
111,amg,0.8800932719730487,0.9801053425618358,0.2894783400655602,0.7926829268292683,0.2579839246211689,0.09573920307545637
111,oracle,1.0,1.0,0.30075876780093824,1.0,3.0983270698356793e-12,7.56715673639249e-14
112,ensemble,0.28901031915718733,0.6134007384566521,0.13407569955859946,0.14878048780487804,,
112,raw,0.04456900680895563,0.6439401558964043,0.14154648023745592,0.2146341463414634,,
112,smoothed,0.08257184838605887,0.7367580694255125,0.16429550248781385,0.2634146341463415,,
112,prediction_magnitude,0.37539994969321117,0.5698390746794066,0.07595792568466266,0.004878048780487805,,
112,boundary_distance,0.26457489220453145,0.5515781533290103,0.0711995366329202,0.02311265969802555,,
112,jacobi1,0.18156279657969157,0.6157974140783188,0.15153240534757528,0.2121951219512195,0.9814958892590668,0.6560189254024218
112,jacobi5,0.2504328533799412,0.6380516919656446,0.17034791411113523,0.23170731707317074,0.9527768259992662,0.4265408139286866
112,jacobi10,0.28307054458792774,0.6433691092201209,0.18111355859566777,0.23902439024390243,0.9318717914666205,0.36647862308922474
112,jacobi20,0.3315127822843548,0.6483636171141961,0.20132773830338643,0.2634146341463415,0.9022381390762959,0.32121698824748074
112,jacobi40,0.40143897693333636,0.6688683614996758,0.22256335233376207,0.2926829268292683,0.8597942692623212,0.2874210609163682
112,jacobi80,0.5088869460218257,0.7173497611264772,0.24610629376401935,0.33902439024390246,0.7979391666769257,0.2567341270487916
112,cg5,0.05256630613165311,0.651359130791525,0.1330917742273934,0.18292682926829268,0.9880367299159463,0.38113550697421356
112,pcg5,0.28955925107634817,0.6404119741143152,0.18853188912031926,0.25365853658536586,0.9264326628660741,0.3631130501129818
112,poisson_pcg5,0.653927839688381,0.9880100048965764,0.37502366603317855,0.8731707317073171,0.5217216943403173,0.11041840265215179
112,cg10,0.05386791798290494,0.644346439394942,0.13125493874123612,0.17804878048780487,0.9765915361603484,0.31441999483382704
112,pcg10,0.39870526794543226,0.6566560353612217,0.21963374474519895,0.29024390243902437,0.8595828444018218,0.29249224457075784
112,poisson_pcg10,0.6735220257359648,0.9874594709050726,0.3742927756249496,0.8658536585365854,0.513000902118231,0.08782021059847063
112,cg20,0.09316843925070029,0.6733950478408744,0.16117681210761015,0.24878048780487805,0.9261038831827875,0.23782419106046385
112,pcg20,0.71444963446099,0.8082838161534084,0.2887932671958163,0.44390243902439025,0.6283427412783478,0.20708169537857818
112,poisson_pcg20,0.9999216693639633,0.9999900745073648,0.38050375264697006,0.9951219512195122,0.006717857685211671,0.0024170714821549135
112,cg40,0.111241874861978,0.713259134761722,0.20908027258982212,0.3853658536585366,0.8605234382791143,0.15897193478373486
112,pcg40,0.7415890512864098,0.9281764884930456,0.3336041006157245,0.6146341463414634,0.4834558095374505,0.11887803289730103
112,poisson_pcg40,0.9999999926658343,1.0,0.3805081817216211,1.0,8.017724718714422e-06,4.542170065490474e-06
112,cg80,0.1826596958005992,0.782032211532099,0.24920912365341694,0.48048780487804876,0.7478285854230708,0.10057232268111847
112,pcg80,0.8227790270772369,0.9870961978746212,0.36799505085214423,0.7902439024390244,0.2923380553093352,0.05593415526158529
112,poisson_pcg80,1.0,1.0,0.3805081817216211,1.0,4.703185093677864e-12,2.738050867999334e-12
112,poisson,0.032265792253902845,0.6311845744610457,0.07023951314733012,0.06585365853658537,114.38095363459671,438.9335382854258
112,amg,0.9841171675790091,0.998710347656922,0.37917685738703727,0.9414634146341463,0.19017164767659334,0.08670753209881821
112,oracle,1.0,1.0,0.3805081817216211,1.0,2.9309776255810785e-14,3.461030619821009e-15
113,ensemble,0.2552889504828424,0.6536413323981314,0.15473528334604986,0.24146341463414633,,
113,raw,0.10077006923899469,0.5704934954938263,0.11320663798561291,0.12195121951219512,,
113,smoothed,0.14357093023233072,0.6088138374601326,0.1172568768056357,0.13170731707317074,,
113,prediction_magnitude,0.3458310897771174,0.772122599685031,0.16772410666253806,0.348780487804878,,
113,boundary_distance,0.4161343055300873,0.756525018858436,0.17237033159585344,0.25993031358885016,,
113,jacobi1,0.18956003006952063,0.6532171830128503,0.1662703025586096,0.2731707317073171,0.95098919133375,0.6241523251824049
113,jacobi5,0.2507507320126024,0.7073170731707317,0.1864641620640455,0.3439024390243902,0.8832580005574976,0.38789003955422746
113,jacobi10,0.29518909270838084,0.7506094252478065,0.19920549687476222,0.3975609756097561,0.8383705498833314,0.3159095995280894
113,jacobi20,0.3714322823417988,0.8185825073117796,0.22268300844488176,0.4902439024390244,0.7756015630648158,0.247026184439701
113,jacobi40,0.4699805959977752,0.8995533528314122,0.24870029931583063,0.5975609756097561,0.6881859900060412,0.17134567983851395
113,jacobi80,0.5873263833591608,0.9565680293265222,0.26591700033931737,0.7,0.5775228125356985,0.09729166751918765
113,cg5,0.10910698286755653,0.580009396133028,0.11788661759381619,0.15121951219512195,0.9649143344977067,0.3336014199032747
113,pcg5,0.28697087469383703,0.7467821552876408,0.19910592248113224,0.4097560975609756,0.8290442990388854,0.31057728756441916
113,poisson_pcg5,0.5835785930734406,0.8529366224210262,0.2056537478785237,0.36341463414634145,0.636148770284686,0.09297377992437023
113,cg10,0.12631450898165683,0.5960278178473591,0.13035097077127053,0.17804878048780487,0.9353764793452677,0.2059542495915921
113,pcg10,0.47378623469017356,0.8970249990074507,0.2523623470951633,0.6317073170731707,0.6637236864834346,0.16645964186286388
113,poisson_pcg10,0.6769201058874714,0.9156842634622765,0.2270718163702905,0.4317073170731707,0.495554545288929,0.07341143169470793
113,cg20,0.14196235752719535,0.609767346452629,0.13079422160554638,0.17804878048780487,0.9147792043849081,0.11705157238516922
113,pcg20,0.6417730258647106,0.9704557786218123,0.2697684637220589,0.7317073170731707,0.5080260769056466,0.05713788933320625
113,poisson_pcg20,0.9994415261566245,0.9999318449505711,0.2979329922557505,0.9878048780487805,0.017439298538363162,0.003446087322367476
113,cg40,0.2028825024463983,0.658829718248349,0.18436344624044107,0.3024390243902439,0.846735166895868,0.0774884459733863
113,pcg40,0.7836828765279651,0.9893598718949751,0.28645815282923565,0.8195121951219512,0.35283777441385555,0.04100293019850744
113,poisson_pcg40,0.9999999378342144,1.0,0.29798798007056027,1.0,0.00010586719480135756,8.055024052184428e-06
113,cg80,0.3818899880312004,0.7217090374918942,0.21336649598301557,0.3780487804878049,0.7656025486228738,0.04526789313691045
113,pcg80,0.9312535156847211,0.9926882204253404,0.291977027574139,0.8609756097560975,0.1998434093833426,0.011201954057970094
113,poisson_pcg80,1.0,1.0,0.29798798007056027,1.0,1.6521077916438463e-10,4.3555182403604744e-11
113,poisson,0.1415533787775005,0.5482365708084644,0.1307784701863587,0.2048780487804878,163.18558057275786,434.32989857063086
113,amg,0.8933034320794229,0.9606751981790029,0.2616233192208301,0.624390243902439,0.38410619583177597,0.08531831287821617
113,oracle,1.0,1.0,0.29798798007056027,1.0,7.37006702303287e-13,3.172930795466332e-14
114,ensemble,0.2276976297820437,0.6522861718036606,0.13970552395125446,0.21707317073170732,,
114,raw,-0.07836367907261053,0.5788646559824253,0.09530910488713425,0.12926829268292683,,
114,smoothed,-0.11324533336814617,0.5433975622990088,0.11376739944470218,0.1902439024390244,,
114,prediction_magnitude,0.33208604435233713,0.7212418776385268,0.13508703868067604,0.2073170731707317,,
114,boundary_distance,-0.06328815777466637,0.4670870664213967,0.07696895546325437,0.05871080139372822,,
114,jacobi1,0.12213494308910924,0.6558997128224131,0.14533167017373097,0.21707317073170732,0.9436673775535875,0.6801344520988316
114,jacobi5,0.23300642442182748,0.7675012903140426,0.1764839253669341,0.32439024390243903,0.8530169256730904,0.4404408590937613
114,jacobi10,0.30222937543194744,0.8132809708455196,0.19126937339987482,0.3804878048780488,0.7900995492274672,0.35702036505434837
114,jacobi20,0.42603812164528276,0.8658635840292207,0.21962051616194309,0.5170731707317073,0.7017705967466803,0.27705198886028526
114,jacobi40,0.5971025498253882,0.9233024099096119,0.2436236646612604,0.6195121951219512,0.5818575433956866,0.1901799447495787
114,jacobi80,0.7451500277985835,0.9599890157881503,0.2570491993874305,0.6853658536585366,0.44127285549525486,0.10093124036874512
114,cg5,-0.06423109361044131,0.5811468575890316,0.10431957549459886,0.15609756097560976,0.9651936837421898,0.3597442433185787
114,pcg5,0.3138720018559211,0.8144885724494793,0.1966567256384126,0.4097560975609756,0.764512016340444,0.345114165807358
114,poisson_pcg5,0.17459139407039548,0.6480506332464301,0.17924989918830872,0.3146341463414634,0.8087914163396528,0.11009221791506797
114,cg10,-0.0458179039949047,0.5905118907401771,0.11434261180744022,0.17073170731707318,0.9388405095178393,0.22502292601909668
114,pcg10,0.6129003083688391,0.9134788189987163,0.2469037738613022,0.6170731707317073,0.5395162473687473,0.1843401140275778
114,poisson_pcg10,0.938302431769069,0.9795892169448011,0.2603095017418254,0.7170731707317073,0.22073749660148817,0.029712506952932007
114,cg20,-0.017359117207567675,0.6027652422481903,0.12312210068942084,0.17804878048780487,0.9191940310029626,0.1305211343297304
114,pcg20,0.8013330560390052,0.9667747442531398,0.2579572905788763,0.6780487804878049,0.3534535061379411,0.049308694442709244
114,poisson_pcg20,0.9999125208653523,0.9999827958127655,0.2735854140947653,0.9926829268292683,0.00722268353131038,0.002119869628698149
114,cg40,0.06444496748687506,0.645432288289242,0.15924444593371384,0.24390243902439024,0.8594041631709305,0.08913649777473491
114,pcg40,0.9049722715101441,0.9850839696676945,0.2641808409666903,0.8073170731707318,0.23206064840237783,0.014311270373062675
114,poisson_pcg40,0.9999999982537702,1.0,0.2735921897220572,1.0,3.1008089492415016e-06,7.785724560028302e-07
114,cg80,0.2690403194572595,0.7664180882177786,0.19786054968228753,0.375609756097561,0.7620157025160296,0.05297686230313552
114,pcg80,0.9523138959292222,0.9875249791564654,0.2666488820254565,0.8439024390243902,0.183538488304665,0.0071673651851671205
114,poisson_pcg80,1.0,1.0,0.2735921897220572,1.0,2.790590798537487e-12,3.038112566322603e-13
114,poisson,0.02567909415202404,0.5930031893916334,0.1135446329872728,0.2048780487804878,161.28484983198754,422.4710827452622
114,amg,0.9691284020889717,0.9947745589772773,0.2717270975385539,0.9073170731707317,0.12415734815491515,0.08140609530492825
114,oracle,1.0,1.0,0.2735921897220572,1.0,2.6711807704047992e-12,7.261211533255715e-14
115,ensemble,0.29776679910214165,0.7002038034487779,0.15714953756416117,0.23658536585365852,,
115,raw,0.30464154254604014,0.750908513425883,0.17107056249506447,0.2926829268292683,,
115,smoothed,0.3578278090231864,0.7737325145904742,0.1619325599783086,0.2731707317073171,,
115,prediction_magnitude,0.26891365352596514,0.6419074150046981,0.10680716498547943,0.11463414634146342,,
115,boundary_distance,0.16285688013049837,0.5712068075645488,0.10721019564018958,0.11149825783972125,,
115,jacobi1,0.23697146055397902,0.6743115016608657,0.16184829773715792,0.23902439024390243,0.9311172081213429,0.6303706037816149
115,jacobi5,0.3107733893110389,0.7121699773698767,0.1818817429082832,0.3,0.8517616758395032,0.3748325816061459
115,jacobi10,0.3541201703261499,0.7464956394002356,0.19107091618603364,0.32195121951219513,0.7998080306060925,0.293725848331414
115,jacobi20,0.4276746801297921,0.7879325860540212,0.21415613137260986,0.40487804878048783,0.7334493951088071,0.21341294499437743
115,jacobi40,0.5183766087178169,0.8187115387160383,0.23069055926775378,0.47804878048780486,0.658855488820391,0.13342314159978372
115,jacobi80,0.5992612675556179,0.8290591956380768,0.24007257865353065,0.526829268292683,0.5948632869513956,0.06557523698428931
115,cg5,0.30671419523862054,0.751048132022286,0.1825801812385993,0.3121951219512195,0.9371758554375477,0.30970789735642346
115,pcg5,0.3570015267218442,0.7471110199436232,0.19545291883186286,0.33902439024390246,0.788995657680238,0.28659561641570797
115,poisson_pcg5,0.3309651109685815,0.7695466034964202,0.18675292044080233,0.3170731707317073,1.042234162757524,0.08886482767487226
115,cg10,0.30931702691250457,0.7489730423620026,0.1845037218826811,0.3170731707317073,0.8994096704033036,0.17398273920093416
115,pcg10,0.5086591211652232,0.8104866138189325,0.2291201940222842,0.47560975609756095,0.6569310140875758,0.13262429580265378
115,poisson_pcg10,0.817208170647568,0.9764951100406284,0.27927992052683687,0.6878048780487804,0.3496606366192947,0.02519348854553332
115,cg20,0.31117376229038535,0.7477098579992854,0.19314426383283198,0.32682926829268294,0.8724482221767087,0.095057288644712
115,pcg20,0.6155714998804741,0.8263740190304779,0.24258483685665455,0.5487804878048781,0.5756614728727315,0.02483512898265606
115,poisson_pcg20,0.999858440997489,0.999998676600982,0.2997065653387887,0.9975609756097561,0.007256832506987218,0.0012102623253854269
115,cg40,0.3073842578894389,0.7544433122030624,0.20685242938174975,0.375609756097561,0.7931303028693619,0.052156178943299776
115,pcg40,0.6691514956305695,0.832762727790056,0.25903425134189484,0.6292682926829268,0.533411238246872,0.01932059859044688
115,poisson_pcg40,0.9999999860301606,1.0,0.29970772473051255,1.0,1.633021884968791e-05,1.2647606663149643e-06
115,cg80,0.3648384894823314,0.8285867421886373,0.22751553312111547,0.4634146341463415,0.718713294009903,0.032852275407483
115,pcg80,0.7284678312106442,0.9684455355134126,0.282838141680742,0.7170731707317073,0.3992752090959023,0.010180122597477128
115,poisson_pcg80,1.0,1.0,0.29970772473051255,1.0,2.3288897563536675e-11,5.062390939479119e-13
115,poisson,0.3184821819377688,0.7461674364437622,0.1839870334342746,0.3146341463414634,250.4271851511699,421.2350207689018
115,amg,0.8286580146840894,0.9395874965260775,0.2810975785060676,0.7097560975609756,0.3833551036516018,0.0772974588923665
115,oracle,1.0,1.0,0.29970772473051255,1.0,2.2981881122721215e-11,2.9618738516655023e-13
116,ensemble,0.23003931172193584,0.6485819779521723,0.13898431407336026,0.2073170731707317,,
116,raw,0.13824535117969147,0.6262416791286741,0.13800365249949836,0.2097560975609756,,
116,smoothed,0.14172186726489988,0.6422680412371135,0.14590385050421803,0.23902439024390243,,
116,prediction_magnitude,0.3406422649753326,0.7674476926538121,0.13018351981621595,0.21951219512195122,,
116,boundary_distance,0.29349332296963876,0.7126781625928034,0.10820689484845697,0.11283391405342626,,
116,jacobi1,0.12797694606988186,0.6129812209679341,0.1442595414020247,0.20243902439024392,0.9459828501000046,0.5902526268672996
116,jacobi5,0.23881922292935692,0.6625186930111298,0.16344434353349838,0.24634146341463414,0.8785383729245065,0.31722834405457845
116,jacobi10,0.2806584506408692,0.6929310641451504,0.1752839262816429,0.2780487804878049,0.8396919314093093,0.23287886609042494
116,jacobi20,0.3255726010181443,0.7390263753424295,0.1802340140763472,0.2975609756097561,0.7917909143066105,0.1638877623631584
116,jacobi40,0.39354355266484187,0.7979990206847266,0.19318371970074724,0.35121951219512193,0.7324384548314936,0.1051721046567755
116,jacobi80,0.49957380062921275,0.850596852957135,0.20796268171523488,0.43658536585365854,0.6630891795239746,0.0573953032006806
116,cg5,0.14624560459956407,0.6304004605428583,0.14259321433335087,0.22682926829268293,0.9619898171822183,0.2540434401713565
116,pcg5,0.27999554369106405,0.6884348159813666,0.17611252689578372,0.28292682926829266,0.8361121506993463,0.2290678976495219
116,poisson_pcg5,0.3668589819376123,0.7771005650913807,0.17821861401039538,0.32439024390243903,1.0215526360904106,0.08915719224335591
116,cg10,0.14711594794916052,0.6373741116684092,0.1402096914789935,0.23170731707317074,0.9459896868318131,0.15388129474966974
116,pcg10,0.36952934084681593,0.7854022471315326,0.19204732127907725,0.3439024390243902,0.7410213809202654,0.11404983352720403
116,poisson_pcg10,0.9567219785346713,0.9941141828672763,0.27817310679866875,0.8585365853658536,0.1803091406683218,0.02353420101170794
116,cg20,0.15479856930403824,0.6511652528353824,0.14856452242476367,0.24634146341463414,0.9274344992109148,0.09410383066866165
116,pcg20,0.5518273940002111,0.8686136071887035,0.21231842905375067,0.4682926829268293,0.6207206172420855,0.03268755007931114
116,poisson_pcg20,0.9999916366063663,1.0,0.2827256740539519,1.0,0.0018886619594133543,0.00046386015435972825
116,cg40,0.17309635040877985,0.6696968092849676,0.1704866237502581,0.3073170731707317,0.8758773535644798,0.059570243802264805
116,pcg40,0.6584325956783128,0.8896470494818893,0.22729976562218618,0.5341463414634147,0.5545510990645247,0.01394890137875716
116,poisson_pcg40,0.9999999973806551,1.0,0.2827256740539519,1.0,3.5119218285213147e-06,6.682518083015715e-07
116,cg80,0.25328603330795296,0.715669044373569,0.1795918867904578,0.35609756097560974,0.8217650051249453,0.032222413661317166
116,pcg80,0.5774264526719163,0.8445184812672869,0.20892278481780482,0.35365853658536583,0.5783224934261534,0.012538334441131253
116,poisson_pcg80,1.0,1.0,0.2827256740539519,1.0,4.201197277079721e-12,9.332440759533453e-14
116,poisson,0.33784875581955576,0.7222575863848709,0.17747206064984655,0.32439024390243903,177.59046960321817,420.49418039082127
116,amg,0.638591842139026,0.9028592035784709,0.2324883575803889,0.5829268292682926,0.5764795359797952,0.0665040613144443
116,oracle,1.0,1.0,0.2827256740539519,1.0,4.654360972907108e-12,9.949886446434459e-14
117,ensemble,0.45099984306282365,0.6702804282519222,0.20111592056579478,0.23902439024390243,,
117,raw,0.15235134662407096,0.8596078768709554,0.18376791974656598,0.4,,
117,smoothed,0.24384125605536663,0.8986210182232045,0.21596563611230127,0.47560975609756095,,
117,prediction_magnitude,0.4148846432125356,0.47590090388152934,0.09035139881206715,0.0,,
117,boundary_distance,0.3426808965568133,0.6917790452999484,0.07694459563996743,0.029732868757259,,
117,jacobi1,0.13705285442656157,0.6214470044863226,0.15661792246069714,0.2073170731707317,0.999634281211148,0.6272895222149574
117,jacobi5,0.1721057644600691,0.5763283617643555,0.1535809696319916,0.16585365853658537,0.999704627772894,0.3513059592785816
117,jacobi10,0.20025694358995597,0.5614698992893348,0.15209682620527754,0.13658536585365855,1.0006528721965164,0.27494391749500846
117,jacobi20,0.25104697799962633,0.5529088310416473,0.15910541913136322,0.12195121951219512,1.002297078647812,0.227310642765758
117,jacobi40,0.31310370643729085,0.5272441538848378,0.16046123696659711,0.1024390243902439,1.002958008095895,0.19947499302958624
117,jacobi80,0.361148308719035,0.4909108955441155,0.15618025405733924,0.07317073170731707,0.999050052844831,0.17840901118602273
117,cg5,0.15094704859481295,0.8512029697073965,0.17084724215978794,0.35609756097560974,0.9971852343133203,0.28788896077651305
117,pcg5,0.20448507335925914,0.5635952781123036,0.15196957361221117,0.12682926829268293,1.0012503574850464,0.2689446337936964
117,poisson_pcg5,0.4241985043847973,0.8157808715905933,0.1623211988632119,0.3097560975609756,0.8627983157794171,0.13008406293194985
117,cg10,0.15507322822202613,0.8500086020936173,0.1774776030574138,0.36829268292682926,0.9955843089021433,0.23062796600483262
117,pcg10,0.3090908213349176,0.5375977661024576,0.16066518610046987,0.1,1.005667695486702,0.20702466641713327
117,poisson_pcg10,0.7067134277705657,0.9515391130579781,0.2404887441737362,0.5780487804878048,0.7387147755122928,0.10485330777520595
117,cg20,0.1695787900621468,0.8110278840173101,0.18808903627442383,0.35365853658536583,0.9893574890605709,0.18571027084408953
117,pcg20,0.3867657953552073,0.44183264296017893,0.13124458260395663,0.024390243902439025,0.9948584066824615,0.1616219489596786
117,poisson_pcg20,0.9997124575722006,1.0,0.32516809974176364,1.0,0.029262417068878485,0.013103266491150038
117,cg40,0.14844203094280323,0.6893638420920292,0.14686334669316706,0.1951219512195122,0.9767966473320896,0.12424282702860802
117,pcg40,0.3082836593782103,0.3390290221404656,0.10322798898928184,0.007317073170731708,0.9555468782356789,0.09842872647533935
117,poisson_pcg40,0.9999999916180965,1.0,0.32516809974176364,1.0,2.1792595093762947e-05,1.246033646444257e-05
117,cg80,0.21499374521393305,0.6780295912020433,0.15136759557291862,0.21951219512195122,0.9560574342735704,0.10001009721702954
117,pcg80,0.3462005991901628,0.40100975345076295,0.11129324275043496,0.00975609756097561,0.9277424900166805,0.08894145599772925
117,poisson_pcg80,1.0,1.0,0.32516809974176364,1.0,9.213519942594942e-11,8.850435773536053e-11
117,poisson,0.43935927614243114,0.8276372033931951,0.16826412291890386,0.375609756097561,56.608707496462756,455.1795976095733
117,amg,0.6032592494586408,0.8093445204663658,0.19968840972639165,0.33902439024390246,0.8158181064087281,0.1087517183121309
117,oracle,1.0,1.0,0.32516809974176364,1.0,1.141474321577047e-13,1.191759452814189e-14
118,ensemble,0.38778235507716496,0.7653395180180776,0.21859605042483246,0.33658536585365856,,
118,raw,0.1324001822840531,0.7556747349893467,0.22644347363595993,0.36829268292682926,,
118,smoothed,0.21743139907774472,0.8233361565845718,0.3069250336567362,0.5439024390243903,,
118,prediction_magnitude,0.5879038079882448,0.7864801556317246,0.1401113410785228,0.08048780487804878,,
118,boundary_distance,0.16331588415200385,0.7182205576803462,0.11982932460551371,0.13362369337979096,,
118,jacobi1,0.34523380876748244,0.7008006564059129,0.19774794328749637,0.2780487804878049,0.9861434745703103,0.6252931314502014
118,jacobi5,0.42808944588548004,0.6914031999788256,0.21804318947504642,0.3,0.9685132673721573,0.3753622968290011
118,jacobi10,0.46008213458839486,0.6798638222410439,0.2226462121391032,0.2975609756097561,0.9573422165821017,0.3224425061903727
118,jacobi20,0.5106843747164123,0.6626265500310998,0.22288129211659166,0.28292682926829266,0.9419541286932236,0.27949901636014535
118,jacobi40,0.5480961096036723,0.6551592710718208,0.22668096449208086,0.2926829268292683,0.9204829718818265,0.2318525855626452
118,jacobi80,0.5815093654362479,0.6692408983232534,0.24215414438950983,0.3097560975609756,0.8934098980650894,0.171989905090077
118,cg5,0.1466600039962123,0.7430534785543189,0.22059394503124366,0.33170731707317075,0.9774959310518783,0.33261485239032906
118,pcg5,0.4557411150703499,0.6709255852732158,0.22519316983193038,0.3048780487804878,0.9570013662588823,0.3223353374430413
118,poisson_pcg5,0.4789924370991215,0.7289202387411828,0.21293958715194664,0.21707317073170732,1.1532407787478742,0.08305032078905342
118,cg10,0.16942643150062453,0.7379696412265262,0.2285220533543152,0.3146341463414634,0.9519642597782322,0.2476784114681411
118,pcg10,0.5445224544144581,0.6472618874316796,0.2224251003981402,0.2707317073170732,0.9220017494625727,0.23152272690684292
118,poisson_pcg10,0.4229134476664109,0.6983543533210699,0.22456007165534184,0.25121951219512195,1.075225755841424,0.06791926630678766
118,cg20,0.2384984666843916,0.7573647155353811,0.26805469760650275,0.37073170731707317,0.9149773794868881,0.1259464071144187
118,pcg20,0.6445581690075088,0.7426154334793483,0.2617675712706601,0.35121951219512193,0.8615014399689915,0.09192178319924865
118,poisson_pcg20,0.9807812023977721,0.9993475642841073,0.41191143288629434,0.9512195121951219,0.11432495943066043,0.014579652061873357
118,cg40,0.32008983961842,0.7537035321519792,0.26922662696831356,0.3463414634146341,0.8921824985322199,0.0786769620925965
118,pcg40,0.6580390412029797,0.735347326072284,0.25487038094989234,0.35853658536585364,0.8667661826303247,0.03753275485650019
118,poisson_pcg40,0.9999999718856982,1.0,0.4128411594465489,1.0,2.2099262294978312e-05,1.3635419558301801e-05
118,cg80,0.5048232449299542,0.7678811058322195,0.2813624987264167,0.4121951219512195,0.8382983347927206,0.04471150851283239
118,pcg80,0.6618205840177996,0.734996625332504,0.26055422934982253,0.37317073170731707,0.8403927542555606,0.032017625276981675
118,poisson_pcg80,1.0,1.0,0.4128411594465489,1.0,6.935786060547166e-11,3.653525041670972e-11
118,poisson,0.33755555036808854,0.795499781639162,0.25526552196207336,0.4146341463414634,152.75797279403213,450.72737508489433
118,amg,0.5439855849277949,0.6716203697576857,0.22182155097919792,0.2682926829268293,0.9475642922517182,0.08877878265817055
118,oracle,1.0,1.0,0.4128411594465489,1.0,4.212418379016984e-13,1.6287445026789087e-14
119,ensemble,0.25432088461381996,0.7518659926154335,0.16632044842086205,0.32682926829268294,,
119,raw,0.0743427632334054,0.6492807326336963,0.11551774765891872,0.16829268292682928,,
119,smoothed,0.07734042255886556,0.6908559744848669,0.14251711169482048,0.23902439024390243,,
119,prediction_magnitude,0.33208093059079685,0.8238357397138811,0.12929749554752235,0.18048780487804877,,
119,boundary_distance,0.3446719882017312,0.7987414475338459,0.15629753913904987,0.29076655052264805,,
119,jacobi1,0.18399792120407052,0.7077498246496301,0.16324304092677705,0.28536585365853656,0.9457171210994209,0.5709922746373249
119,jacobi5,0.24681213415085956,0.7219002686500007,0.17752128612443122,0.3121951219512195,0.8844761149273674,0.30421772298861494
119,jacobi10,0.28990285551760603,0.73953191376732,0.18730676888378187,0.33170731707317075,0.8455857007439949,0.2307782677954205
119,jacobi20,0.3519695720412327,0.7631850244167119,0.20712951878473362,0.3853658536585366,0.7910340348309166,0.16627142474144982
119,jacobi40,0.4475465500894741,0.7938779561425565,0.22903044817234716,0.48048780487804876,0.7179311087808711,0.10400125888835009
119,jacobi80,0.5653827266623215,0.837405211545333,0.2447479172262436,0.5585365853658537,0.6374076127402625,0.058903713645984575
119,cg5,0.06753147761059419,0.645114010825404,0.1190603367082639,0.16341463414634147,0.9735163950246617,0.24600921882694024
119,pcg5,0.29030274548975354,0.7399037888913886,0.1848928543321972,0.32439024390243903,0.8424265229876915,0.2286244927093419
119,poisson_pcg5,0.36011618450045196,0.7166516681444622,0.17027216495744424,0.28780487804878047,0.8438963163747669,0.09870262985082037
119,cg10,0.07775880562985647,0.653316437939203,0.12525671155860416,0.17073170731707318,0.9598910710168437,0.1520284744327903
119,pcg10,0.44293643758672474,0.7851494779190874,0.2220647793932558,0.45365853658536587,0.715927022144108,0.1062500358632136
119,poisson_pcg10,0.9420072843562497,0.9909889760861798,0.2981824199788656,0.8463414634146341,0.19953494079712095,0.029805019790174303
119,cg20,0.09191990126424812,0.6595694982994322,0.13503153951269953,0.1878048780487805,0.9460684124670575,0.1078492656990218
119,pcg20,0.6036241875909716,0.8601173854929,0.2479891408328713,0.5780487804878048,0.6058708967430504,0.04706970056852215
119,poisson_pcg20,0.9998046712600617,0.9999894128078557,0.3046545531460199,0.9975609756097561,0.0150117086713598,0.0024661217097855094
119,cg40,0.1670820142661677,0.6882111615473181,0.15370270704958805,0.23658536585365852,0.8913956682826959,0.06923618863252215
119,pcg40,0.6704563238627321,0.8330240990961185,0.24324825518237303,0.5487804878048781,0.5615691738986898,0.02513520149312572
119,poisson_pcg40,0.9999999998253771,1.0,0.3046586066089666,1.0,2.6374937682935422e-06,6.705020422899248e-07
119,cg80,0.3169107595759338,0.7408500191892857,0.19231609183883455,0.34146341463414637,0.8235132927132618,0.042001978245257955
119,pcg80,0.7527248547290366,0.8497875944576049,0.2540199276171663,0.5707317073170731,0.5034424025002651,0.013834834427203735
119,poisson_pcg80,1.0,1.0,0.3046586066089666,1.0,3.0732822114942628e-12,4.206304563141315e-13
119,poisson,0.26463277416676056,0.7142827839021744,0.16224508796226286,0.28780487804878047,123.07926627616928,454.92892011694613
119,amg,0.8688840751848936,0.9341787647393566,0.2756980118207061,0.6585365853658537,0.37572791039074666,0.06431113956157809
119,oracle,1.0,1.0,0.3046586066089666,1.0,2.505471225170771e-12,6.153067373308833e-14
120,ensemble,0.3154613204552089,0.7377552505856041,0.17477585537042784,0.2804878048780488,,
120,raw,0.16881321003106,0.7109723012585525,0.18060197325317326,0.32682926829268294,,
120,smoothed,0.2419213651287997,0.814830671095642,0.21928329627225207,0.4219512195121951,,
120,prediction_magnitude,0.3445013133325466,0.7085749639373767,0.11370838780268319,0.0951219512195122,,
120,boundary_distance,0.1170520020295739,0.5548548892976721,0.0581059216635128,0.012659698025551683,,
120,jacobi1,0.2067749788831907,0.6511778251260537,0.16629412988507056,0.25609756097560976,0.965831702265759,0.6339879927320462
120,jacobi5,0.28120595100073226,0.681715919166788,0.1854881919849631,0.3024390243902439,0.9220191862446252,0.3723966558007357
120,jacobi10,0.3124160740940168,0.7081018487884282,0.19502686190072707,0.3170731707317073,0.8954434268485557,0.29468993316026154
120,jacobi20,0.3459946156536745,0.7366654314942498,0.21106617301574476,0.36097560975609755,0.8631846549737724,0.22625285942620665
120,jacobi40,0.3888726989509098,0.7709030874899091,0.22828676534796943,0.40487804878048783,0.8265813334954824,0.16576995802822228
120,jacobi80,0.43637398187111576,0.7877334145018065,0.24421902663333284,0.44390243902439025,0.7880822237394214,0.11583372491098076
120,cg5,0.17569385154117506,0.7093471672644018,0.1833859368487064,0.3195121951219512,0.9690864981513777,0.30573213759168893
120,pcg5,0.3261417586454866,0.7128554980612204,0.19774099918977128,0.32439024390243903,0.8879908244566329,0.28853385895023986
120,poisson_pcg5,0.5048172770145403,0.7399580482511282,0.2355924692960109,0.4219512195121951,0.7945651334985568,0.08277070584883095
120,cg10,0.18347055417682553,0.7151992377221656,0.18352621332870572,0.3097560975609756,0.9506652799602094,0.19829816936042724
120,pcg10,0.38894057281287076,0.7676045154374496,0.2259393455683602,0.3878048780487805,0.8241266141721659,0.17202618699038716
120,poisson_pcg10,0.8730702433981892,0.9794409962547808,0.32133780927616123,0.7560975609756098,0.32264726139207484,0.0425479795736519
120,cg20,0.18794855513023914,0.7212220266532562,0.19145487275148412,0.32682926829268294,0.9258739195084938,0.1273497704958674
120,pcg20,0.47641591796709115,0.7889138864258963,0.25802582041060135,0.4951219512195122,0.7610503542014501,0.0903203481545387
120,poisson_pcg20,0.9999055324531665,0.9999761788176753,0.3397500047646375,0.9902439024390244,0.009649878939422303,0.0020207560100158535
120,cg40,0.24173842693796319,0.7518084247581488,0.24107469959187228,0.4585365853658537,0.864124973158354,0.08480080835295042
120,pcg40,0.5684111012991615,0.7828222807458677,0.2537163912151115,0.5048780487804878,0.6985551079373961,0.05708818485437459
120,poisson_pcg40,0.9999999877763904,1.0,0.3397600585481467,1.0,1.2793131039328623e-05,3.6901209298962177e-06
120,cg80,0.4033195268711538,0.7869195241057131,0.2572362502289666,0.47317073170731705,0.7780778835597959,0.05051511515961758
120,pcg80,0.7057687507306226,0.7988413641597077,0.26773242154190185,0.5195121951219512,0.6245008186985658,0.029009457759503497
120,poisson_pcg80,1.0,1.0,0.3397600585481467,1.0,9.694104726225511e-12,2.5291839811866678e-12
120,poisson,0.27119147740886973,0.7172055106335111,0.12949351780815757,0.16097560975609757,141.7574841515516,449.2217295890958
120,amg,0.6485365913890692,0.6888635972632108,0.23882851271925373,0.424390243902439,0.7270594184990998,0.08389887611237307
120,oracle,1.0,1.0,0.3397600585481467,1.0,1.9221065527609893e-12,6.124609036352841e-14
121,ensemble,0.3575278582347398,0.7375620343289705,0.1803822647477729,0.3170731707317073,,
121,raw,0.315550908686368,0.8985455844791763,0.2755380734666953,0.6414634146341464,,
121,smoothed,0.33635454423650246,0.9425631592181358,0.2762666991649773,0.6536585365853659,,
121,prediction_magnitude,0.4330325319562871,0.6160634172809444,0.10819806525377196,0.0024390243902439024,,
121,boundary_distance,0.4361765535640058,0.6603033230549343,0.1041778112488642,0.04123112659698026,,
121,jacobi1,0.19392328573026724,0.7135926313142675,0.17158614879922746,0.29024390243902437,0.9768019622277294,0.5946806427294296
121,jacobi5,0.2679915255531274,0.7153984092743804,0.1860468217813495,0.32926829268292684,0.9553988486081011,0.25223880549055006
121,jacobi10,0.30244554944244695,0.719574394875799,0.18736811319326657,0.32682926829268294,0.9465280503951929,0.16740383654053995
121,jacobi20,0.340603106467611,0.7169732541058454,0.18417858075689242,0.3146341463414634,0.9411224478575144,0.11156708948519475
121,jacobi40,0.3781246640253612,0.6971103582441142,0.17917758659598054,0.29024390243902437,0.9388882476686545,0.07131411009003832
121,jacobi80,0.41343931157385555,0.6658615989306936,0.1746874586004261,0.25365853658536586,0.9353369955342237,0.04463188592361546
121,cg5,0.31207619959989263,0.8943596733851223,0.2718933600769711,0.6317073170731707,0.9800389510239276,0.19386381578494533
121,pcg5,0.3024690573644076,0.7205808398290169,0.19108390245361848,0.34146341463414637,0.9462088515320873,0.16844515137411517
121,poisson_pcg5,0.4907865564784405,0.8640379550838373,0.2546931182946401,0.5951219512195122,0.8812495594055483,0.09791216720791043
121,cg10,0.30416350703822864,0.889251353175496,0.26570949722645865,0.6170731707317073,0.9744885792365438,0.12571020572388125
121,pcg10,0.36816549702788876,0.7087026719426174,0.18156620048280483,0.2951219512195122,0.942667484805205,0.07829598995848597
121,poisson_pcg10,0.9857747700550458,0.9973909188359382,0.32430217648235876,0.8951219512195122,0.20056340840296819,0.03049552866963805
121,cg20,0.2988622740979172,0.8787792967457618,0.256865929907985,0.5853658536585366,0.9638544638902641,0.09254792416048245
121,pcg20,0.41684434451445757,0.6425088998583963,0.16221674017153487,0.1951219512195122,0.9409022867923099,0.0317839846239311
121,poisson_pcg20,0.9999958376863354,1.0,0.3275914762561196,1.0,0.0013032060647482767,0.0003233011072602349
121,cg40,0.26565341866977404,0.8326270793907071,0.22738560374200573,0.47804878048780486,0.9271220045502757,0.0529320020981648
121,pcg40,0.4395987644179919,0.5575605785900507,0.15646792529299694,0.11951219512195121,0.9433595866393372,0.026092222793246897
121,poisson_pcg40,1.0,1.0,0.3275914762561196,1.0,2.0091794081918687e-07,1.1889617271995587e-07
121,cg80,0.3081754985947459,0.811896695472652,0.22352715202199472,0.4268292682926829,0.8911520156164127,0.035763551845260165
121,pcg80,0.3293478973938762,0.467236610510435,0.15953242716232038,0.06097560975609756,1.0367209104518889,0.024373243605118656
121,poisson_pcg80,1.0,1.0,0.3275914762561196,1.0,5.6228690803552805e-12,1.3729737330092978e-13
121,poisson,0.5163832270060913,0.8732441803528181,0.24496344196110106,0.5707317073170731,112.79534678879698,453.2325329780324
121,amg,0.7819483863256842,0.9713431176634066,0.3076017453099481,0.7414634146341463,0.4264621613391042,0.06113238722429403
121,oracle,1.0,1.0,0.3275914762561196,1.0,6.034828557520509e-12,1.4635450046005315e-13
122,ensemble,0.2640531690203611,0.6830465968794251,0.1557179645002137,0.22195121951219512,,
122,raw,0.005970506295200813,0.5695790267723622,0.13333346745936714,0.17317073170731706,,
122,smoothed,0.019708848568951998,0.6073428794515835,0.15248783524345583,0.22195121951219512,,
122,prediction_magnitude,0.6110524826319906,0.8239217606500536,0.2678350510060727,0.44878048780487806,,
122,boundary_distance,0.39862419572488766,0.9143429985574951,0.25892923334249307,0.4709639953542393,,
122,jacobi1,0.18039252723811358,0.6588886095046518,0.17599685390003508,0.24390243902439024,0.9819822074137413,0.6444833873880803
122,jacobi5,0.2767642953786207,0.6845546100604794,0.20212124621085342,0.3024390243902439,0.9517479592579303,0.4122508034191967
122,jacobi10,0.3023812415566291,0.6744431798631605,0.20877967496154534,0.3146341463414634,0.9303191381626642,0.3593268439033733
122,jacobi20,0.33071035051528597,0.6827541256964388,0.21811773412778365,0.32195121951219513,0.8978512712424056,0.3162111006664549
122,jacobi40,0.39901227123270316,0.7541614282122203,0.24525178478455806,0.3951219512195122,0.8450674796638383,0.26828329320914557
122,jacobi80,0.49649688708670514,0.8880774982464963,0.3037289575910786,0.5780487804878048,0.7619524455609228,0.20866374731590887
122,cg5,0.013145563917994584,0.5711657821949896,0.13238823721788828,0.14390243902439023,0.9828931916649967,0.36800539302623303
122,pcg5,0.30407735381596784,0.6648220690020248,0.21051297332390267,0.3195121951219512,0.9267188750025658,0.3593017410660132
122,poisson_pcg5,0.6652747834591066,0.9702665325622328,0.3443129111291411,0.7,0.4451144080608823,0.08375875900018619
122,cg10,0.021784409432860283,0.5851600651112316,0.1472234805227335,0.2,0.9600120061023717,0.2815028412812432
122,pcg10,0.41786471066841996,0.7577954819157524,0.2483388148037235,0.3951219512195122,0.8245828328499895,0.26695691102450014
122,poisson_pcg10,0.7542692433560562,0.9835885287773116,0.35917596966570964,0.7560975609756098,0.35890482790115846,0.06828475306344928
122,cg20,0.04190816747222349,0.6072608287124651,0.1548304194721792,0.25853658536585367,0.9243809202743306,0.1618521827450149
122,pcg20,0.5715645496548445,0.9704676892129745,0.35108013506656893,0.7560975609756098,0.6005947112429507,0.1306034024284403
122,poisson_pcg20,0.9973138983040951,0.9999067003692284,0.3796558021400922,0.9829268292682927,0.028149613155267466,0.010786333830195439
122,cg40,0.06990730253659874,0.6404258698040046,0.1857123105912251,0.3097560975609756,0.883352439460278,0.10737455819583988
122,pcg40,0.6422262589703134,0.9962541190794436,0.3759599723858538,0.9024390243902439,0.4163543110022319,0.07401882077033882
122,poisson_pcg40,0.9999998545390468,1.0,0.37973683738222935,1.0,9.613714339241385e-05,8.196177411729971e-06
122,cg80,0.22562085895541586,0.7168422376030597,0.24637288525727277,0.375609756097561,0.802421953244401,0.06607125999361814
122,pcg80,0.8959173035935569,0.9997095139155406,0.37940385396828374,0.973170731707317,0.17562839513790895,0.026989567693726405
122,poisson_pcg80,1.0,1.0,0.37973683738222935,1.0,1.1908313983276928e-10,4.395442838597166e-11
122,poisson,0.3157321980869031,0.8173881396980004,0.13482090325884663,0.2121951219512195,138.03572512481435,450.0072857416942
122,amg,0.8646912674561525,0.990090388152932,0.36677089959370335,0.8341463414634146,0.339273472032182,0.09719656621825518
122,oracle,1.0,1.0,0.37973683738222935,1.0,8.939789457258211e-14,8.476236260781764e-15
123,ensemble,0.2670794427679706,0.638383203419663,0.12859621584061112,0.14878048780487804,,
123,raw,0.20162944696311338,0.7006888291888888,0.1546002515352276,0.2707317073170732,,
123,smoothed,0.21028285603560767,0.748777179307333,0.17192003222732907,0.2975609756097561,,
123,prediction_magnitude,0.2298874209754122,0.5313817609147334,0.07766978537637777,0.024390243902439025,,
123,boundary_distance,0.33205730834940167,0.7068869684898694,0.13176448319074774,0.17897793263646922,,
123,jacobi1,0.2342998083868881,0.6981591519659093,0.17242677920503566,0.3048780487804878,0.9231617728459566,0.5866440491181649
123,jacobi5,0.3323095988764561,0.7536082474226804,0.19441798331800847,0.3951219512195122,0.8352519413610247,0.3087693348817404
123,jacobi10,0.37680307827228404,0.7918220557680347,0.20926952381299826,0.44146341463414634,0.7873812186627628,0.24216465013272215
123,jacobi20,0.43585560164159026,0.8429932638989982,0.2215215435531039,0.4902439024390244,0.7286649963176658,0.1882369864557664
123,jacobi40,0.5049779448365685,0.8870055450418856,0.2365263720170415,0.5365853658536586,0.6585820173179232,0.13825726101326374
123,jacobi80,0.5753922706470874,0.910150470468351,0.24807032718794825,0.5878048780487805,0.5865789203914832,0.0932982275830631
123,cg5,0.21378695120323904,0.7055569524767412,0.1535322040380553,0.25609756097560976,0.9637622909417886,0.2713555974586933
123,pcg5,0.3733198049757327,0.7881509468919974,0.2043620899787712,0.4292682926829268,0.7837365503242355,0.24489949505724734
123,poisson_pcg5,0.37245573600490306,0.7697603324378334,0.18057232923802144,0.35853658536585364,1.2352523015346621,0.10196098092639952
123,cg10,0.22046444767361942,0.7143079284835171,0.15337554647880172,0.2780487804878049,0.9399380637838951,0.18493054901641182
123,pcg10,0.49283193847280377,0.8810747323425486,0.23328240895190655,0.5317073170731708,0.6583035737163175,0.14836517606631314
123,poisson_pcg10,0.44858427097498754,0.8691343647023014,0.2592230127522285,0.6097560975609756,0.7404283567408875,0.06573983771289124
123,cg20,0.22578643333430565,0.7235220941466062,0.16400275100934836,0.3121951219512195,0.9096836368668165,0.1225314367840811
123,pcg20,0.6117189600714609,0.9173490994269682,0.25604914013832475,0.6390243902439025,0.5474045872544696,0.07161262161055576
123,poisson_pcg20,0.999689049709215,0.9998828791869037,0.295478224488385,0.9853658536585366,0.01449839137745535,0.0027942657174786036
123,cg40,0.24346727821454953,0.7555986395458094,0.1891775280744677,0.43658536585365854,0.816958181575696,0.08393558241756315
123,pcg40,0.6946510258318537,0.9363842092029168,0.2648370029283884,0.5853658536585366,0.4620180967006733,0.049292373455035655
123,poisson_pcg40,0.9999999989522621,1.0,0.295524566252321,1.0,2.9846606050182164e-06,1.0677458541973998e-06
123,cg80,0.4210774079071862,0.8395702923388431,0.2443505411556261,0.5439024390243903,0.6707425698714247,0.0450230888587861
123,pcg80,0.9222906835741399,0.9901539113057978,0.28997844213810803,0.8609756097560975,0.20757151646581642,0.015849625861843655
123,poisson_pcg80,1.0,1.0,0.295524566252321,1.0,9.750338878317396e-12,2.2384913086967597e-12
123,poisson,0.25789720682000855,0.6875236557574474,0.1580089265740005,0.28536585365853656,193.63062045349295,441.74178157718796
123,amg,0.6820875086389487,0.966190463586676,0.2643933026406771,0.7268292682926829,0.46037885263384826,0.06943801281955127
123,oracle,1.0,1.0,0.295524566252321,1.0,1.8469367740013353e-12,4.4332168309915644e-14
124,ensemble,0.14146588916547306,0.5883752630255549,0.11779248052787987,0.13658536585365855,,
124,raw,0.15021667482924386,0.6946481743710546,0.14957438994965822,0.2634146341463415,,
124,smoothed,0.21853822561581288,0.7580965551923561,0.15112322556256247,0.2731707317073171,,
124,prediction_magnitude,0.22318144279635732,0.5892619403676402,0.10693615776547048,0.07560975609756097,,
124,boundary_distance,0.1761434067785655,0.5641239760200097,0.1153675768081296,0.10145180023228803,,
124,jacobi1,0.16861391280897933,0.6295978190384183,0.14859539335194147,0.21951219512195122,0.9491119039398719,0.5858709812411638
124,jacobi5,0.2554410991475269,0.6754072760478012,0.1669834080052948,0.2731707317073171,0.8934436941155034,0.3200683943346073
124,jacobi10,0.3168718829097231,0.6856311951616532,0.17474741912666497,0.3097560975609756,0.8578714588965297,0.2549604988254428
124,jacobi20,0.4015126685349371,0.7143019731879359,0.18949889439789738,0.3439024390243902,0.8096766225064079,0.2069330252881315
124,jacobi40,0.5177467629646817,0.7478957955613197,0.20142159477707222,0.3780487804878049,0.7453117546701306,0.16712044926702949
124,jacobi80,0.6252870571505015,0.788555245292008,0.2240886936304695,0.45121951219512196,0.6655240917117442,0.1324153746864959
124,cg5,0.15256346030073378,0.6919795402511811,0.1511186606209342,0.25609756097560976,0.9705865518363209,0.2750039300186754
124,pcg5,0.3037361787297907,0.6795316490875164,0.17471800643467703,0.3121951219512195,0.8592491095895706,0.24994085373611133
124,poisson_pcg5,0.2576958560315285,0.7479295422362796,0.1516908961919006,0.26097560975609757,0.9973678117010467,0.0977293994213007
124,cg10,0.16147697468709796,0.6964049865674999,0.1614371623442411,0.28292682926829266,0.9505811728536547,0.1985031510561584
124,pcg10,0.4855411126158491,0.7297711843097813,0.19714126313760552,0.35853658536585364,0.7517981122523058,0.17070543872024832
124,poisson_pcg10,0.8170583479611523,0.9866210976271456,0.28871017118099246,0.8,0.3398133394459231,0.03482100715593233
124,cg20,0.17208532658495093,0.6980036525812898,0.17071913071407793,0.28292682926829266,0.9105759527429169,0.1412356821251062
124,pcg20,0.682062498610001,0.8215230999298598,0.24769395422225501,0.5414634146341464,0.582732692391028,0.10966405158243239
124,poisson_pcg20,0.9996994167270722,0.9999510342363326,0.3057371908364005,0.9853658536585366,0.011478064844598993,0.002805004545807779
124,cg40,0.17984574510262133,0.7422323094636264,0.19949314212720493,0.43658536585365854,0.8331156183750617,0.0663048229090591
124,pcg40,0.6980172275082233,0.917693183171658,0.2621496114240908,0.5878048780487805,0.48130886962389013,0.01753715008484131
124,poisson_pcg40,0.9999999982537702,1.0,0.3057763102701134,1.0,3.137821437935878e-06,6.681338803838918e-07
124,cg80,0.2293025537397372,0.8012704630573164,0.209444392113184,0.4585365853658537,0.7726914101547063,0.039349735278007274
124,pcg80,0.6751174138812484,0.9272666516681445,0.2615774806679976,0.6,0.4865516817234361,0.009169638086621383
124,poisson_pcg80,1.0,1.0,0.3057763102701134,1.0,1.3265275999446918e-11,3.322123999045413e-13
124,poisson,0.26812864738538256,0.732202268305917,0.14474616419184888,0.24390243902439024,149.9691550587582,439.34478778991837
124,amg,0.8771948617212207,0.9838366660931938,0.2940930829747464,0.7780487804878049,0.2962373212822703,0.0741030161827759
124,oracle,1.0,1.0,0.3057763102701134,1.0,1.2530937512593013e-11,2.1172841682092067e-13
125,ensemble,0.2114394096141888,0.6751657557270092,0.15730021784914966,0.2682926829268293,,
125,raw,0.0952807524921076,0.6649491153077565,0.14492155120404998,0.22926829268292684,,
125,smoothed,0.11388254332214853,0.6914898826145071,0.15546164373983387,0.25609756097560976,,
125,prediction_magnitude,0.3821585237939335,0.7511248891653323,0.14709718403330366,0.25121951219512195,,
125,boundary_distance,0.3400731397833067,0.7407448089673517,0.18593732115563205,0.35156794425087107,,
125,jacobi1,0.2635686471414691,0.7192289877320911,0.16589015953227124,0.2926829268292683,0.9224956202876903,0.6199641017960199
125,jacobi5,0.3452996928004365,0.7406362902478726,0.18291350422083338,0.35365853658536583,0.8262731161920184,0.2907674497191802
125,jacobi10,0.406945000385847,0.763992959517224,0.1887205186692769,0.36097560975609755,0.777661525760347,0.19196394671369943
125,jacobi20,0.4705184571684164,0.7863087754588887,0.19681184977792643,0.4,0.730689141528702,0.12207219597143455
125,jacobi40,0.5344087619587413,0.808095231793338,0.20280023884090542,0.44146341463414634,0.6899369009745921,0.07884646117506323
125,jacobi80,0.58357555463336,0.814374760133928,0.20903567597639372,0.47560975609756095,0.6592895326891987,0.052249447020404044
125,cg5,0.09811742111762516,0.6633755938753093,0.1478208446630411,0.22926829268292684,0.9409310625207176,0.20556867955132543
125,pcg5,0.40108054699996026,0.7559010362214311,0.18774455200404327,0.36341463414634145,0.772068037022581,0.18670803051481025
125,poisson_pcg5,0.20821272367668742,0.657292590288898,0.11143831381182896,0.14878048780487804,1.1275102417219465,0.08364009269094244
125,cg10,0.1105994129468337,0.6725143257943703,0.15510099688081888,0.25609756097560976,0.9270183715732299,0.1225615191742896
125,pcg10,0.5091120280750746,0.7969502269629316,0.20105601616175053,0.4195121951219512,0.7035138141063102,0.08849836436438399
125,poisson_pcg10,0.8219712740216977,0.9660415811971468,0.26431198894694996,0.6658536585365854,0.3622690937169482,0.03380082801735133
125,cg20,0.14172094944644792,0.6971328560274208,0.15563901370114847,0.275609756097561,0.9004451834653178,0.08576016881566276
125,pcg20,0.6005748409072774,0.8041541495176211,0.21155255641156545,0.47804878048780486,0.6513487594468595,0.037115128807622834
125,poisson_pcg20,0.9991788907302068,0.9998868493839578,0.28934929403031506,0.9829268292682927,0.022074227937141637,0.0025573847228008554
125,cg40,0.24292256117057423,0.7526329023463865,0.17840454541005477,0.35121951219512193,0.8325493788198886,0.05506468446354302
125,pcg40,0.6367174289770567,0.8084240964493205,0.21742130585592145,0.4853658536585366,0.6307006190852056,0.016930798180905884
125,poisson_pcg40,0.9999999881256365,1.0,0.28940187905526005,1.0,1.6206763658929956e-05,3.650377109328152e-06
125,cg80,0.36106336214165685,0.7997194394081759,0.19793328256082127,0.43658536585365854,0.7539463124579407,0.03020787271291163
125,pcg80,0.6611416461533545,0.8222655267789791,0.21901890367743712,0.47317073170731705,0.5995685456551653,0.01260263270197829
125,poisson_pcg80,1.0,1.0,0.28940187905526005,1.0,1.688676025785973e-11,2.2649258125255523e-12
125,poisson,0.14426726473784537,0.6623400341436947,0.11368727786888995,0.17804878048780487,193.69541880900468,451.2825315771662
125,amg,0.6995615918626468,0.8143277794687876,0.22487123542751228,0.524390243902439,0.590414879612126,0.07137603212036721
125,oracle,1.0,1.0,0.28940187905526005,1.0,1.510224705112401e-12,2.9895773044764854e-14
126,ensemble,0.2520456317052436,0.7323544591929912,0.17628114990054777,0.28536585365853656,,
126,raw,0.18116776793705036,0.6923037730106004,0.14719338396885215,0.23170731707317074,,
126,smoothed,0.23038511973074421,0.7862227545227162,0.17188138305440184,0.2975609756097561,,
126,prediction_magnitude,0.2167990183226179,0.6062371795720127,0.09455193492990935,0.02926829268292683,,
126,boundary_distance,0.28611922907048465,0.7200680227095272,0.08692915210525996,0.060917537746806034,,
126,jacobi1,0.2564781936603639,0.7109670076624803,0.1847527380011396,0.3121951219512195,0.9470748947962073,0.5796297656782246
126,jacobi5,0.3182235204068062,0.7280051083202096,0.20366325578184166,0.36585365853658536,0.8801220459025009,0.28886719870815336
126,jacobi10,0.3494968783276158,0.7331299710175615,0.2101157756522456,0.375609756097561,0.8435211847070763,0.21525687753049233
126,jacobi20,0.41292336000091867,0.7628085173960801,0.22162742780465228,0.4097560975609756,0.8033571837792944,0.15724623639996066
126,jacobi40,0.49393312171960235,0.7956281513439117,0.23251900428531888,0.43414634146341463,0.7605948417835942,0.11497262779666344
126,jacobi80,0.5800524714853225,0.8078398157828567,0.24387484725018188,0.47804878048780486,0.7181188041021281,0.08529066246646003
126,cg5,0.1878842680245574,0.7015629342403028,0.14161488826460109,0.2121951219512195,0.9691695957228902,0.2451931128537701
126,pcg5,0.34243268360448237,0.7290360361552611,0.2075052260055123,0.37073170731707317,0.838528496752721,0.21648905578670216
126,poisson_pcg5,0.39961367404346837,0.8098646162804547,0.20934102914775665,0.4073170731707317,0.9176865734467665,0.10178124244904795
126,cg10,0.19323151744140044,0.7099896774876593,0.15037595268023188,0.23902439024390243,0.955425056235896,0.16367602204108733
126,pcg10,0.4716335204984483,0.8003090136707118,0.23351850915970185,0.43902439024390244,0.768819007984693,0.12390496287433907
126,poisson_pcg10,0.44585165652400444,0.7674562947474293,0.2274083838662214,0.4292682926829268,0.7530120847124999,0.07923962503949776
126,cg20,0.20457250010700898,0.7145732699866336,0.15851144051907,0.26097560975609757,0.9271793999100665,0.11905142633295045
126,pcg20,0.6267082448902798,0.8008277860857828,0.24402397271040854,0.48048780487804876,0.6897267428705088,0.06873246759000028
126,poisson_pcg20,0.9995450058215114,0.9999344917486072,0.3362859883271121,0.9902439024390244,0.019768112824286536,0.003456118942342309
126,cg40,0.2465361968179388,0.725333165702791,0.18718206024432185,0.3097560975609756,0.8587165678107556,0.07314051000056182
126,pcg40,0.7190277567298864,0.7769768272831942,0.2584973778956761,0.5170731707317073,0.636535152596384,0.03204905374851481
126,poisson_pcg40,0.9999999876017674,1.0,0.3363239306685687,1.0,2.0410752176778693e-05,3.1495290505456317e-06
126,cg80,0.3674155234029456,0.7557812686102987,0.2264860444162678,0.3878048780487805,0.7819518957222006,0.044322160037586766
126,pcg80,0.7798116443752733,0.7984364040601882,0.2677457355116621,0.5390243902439025,0.5894474387642205,0.022702404339602078
126,poisson_pcg80,1.0,1.0,0.3363239306685687,1.0,3.373806602420421e-11,7.566758268705666e-12
126,poisson,0.2860954627372414,0.7114361526143748,0.13643684611935014,0.17804878048780487,178.33381868894554,449.24747028984604
126,amg,0.719528933102127,0.793891851832246,0.26014330609573366,0.5170731707317073,0.6207106818315725,0.05779536130919302
126,oracle,1.0,1.0,0.3363239306685687,1.0,1.2373356398363916e-12,4.0885222973119203e-14
127,ensemble,0.23891385933662487,0.6817986316054153,0.1431137849715536,0.25609756097560976,,
127,raw,0.08534451925619434,0.5499232428569538,0.14512414103880814,0.2048780487804878,,
127,smoothed,-0.02029648899238119,0.4680809390839432,0.12378573020880732,0.17560975609756097,,
127,prediction_magnitude,0.33384711252349825,0.7193785318211294,0.1342971821807441,0.15121951219512195,,
127,boundary_distance,0.33985696893731415,0.731576300570385,0.13905801281138486,0.1921602787456446,,
127,jacobi1,0.07865148814972048,0.5378035546497625,0.13620297882235996,0.16585365853658537,0.941241502777447,0.5622230151612856
127,jacobi5,0.1759459114498816,0.5871564125299419,0.1533677050998248,0.2121951219512195,0.8772137681366755,0.27971988404791226
127,jacobi10,0.2248156051041547,0.6134827891957704,0.15971552606825484,0.23170731707317074,0.8429795153868358,0.1946442191619617
127,jacobi20,0.2774345310808252,0.653035877347379,0.16740620407895393,0.2634146341463415,0.8029912507290575,0.13025973378196679
127,jacobi40,0.34863473230518666,0.7199561954925029,0.17532736918682681,0.3024390243902439,0.7545453388542153,0.084131906667471
127,jacobi80,0.44699046142156196,0.80062729113455,0.18510586582099117,0.35121951219512193,0.6945219755475963,0.06258023715828843
127,cg5,0.08668289832789963,0.5490828844804997,0.14529263773393356,0.20243902439024392,0.9814553661636248,0.23259538325104231
127,pcg5,0.21936762895391157,0.6078120244034779,0.15936734891252693,0.24146341463414633,0.8432981046540617,0.1873933279195538
127,poisson_pcg5,0.24182255261265057,0.7027255402776491,0.13447417684223417,0.21707317073170732,1.1452044761761864,0.12774341286487664
127,cg10,0.08781628415011074,0.555129494593915,0.14520154579003808,0.2073170731707317,0.9742028407582818,0.14801930380386272
127,pcg10,0.3101761917711946,0.6880583089607347,0.1698598329551333,0.2731707317073171,0.7684579484273806,0.07299558724660571
127,poisson_pcg10,0.9637064021566975,0.9926220504744385,0.25230890194020095,0.8780487804878049,0.18052718438924603,0.029662611596962284
127,cg20,0.09154891733464851,0.5591440255151331,0.1470640361230841,0.22195121951219512,0.9622492534771803,0.11736842700853256
127,pcg20,0.4709487404471444,0.8173610100181306,0.1887011839197331,0.35853658536585364,0.679429309176023,0.019672717590858473
127,poisson_pcg20,0.9999965386230297,1.0,0.25751443173001687,1.0,0.001403849361176083,0.0003926542301411879
127,cg40,0.10470862379423522,0.5709269086722337,0.14831200181367127,0.22926829268292684,0.9017401379859612,0.06731131142379045
127,pcg40,0.626924909242144,0.9066057461985363,0.2073771040402617,0.48048780487804876,0.5652593439734173,0.011003649709234
127,poisson_pcg40,0.9999999996507541,1.0,0.25751443173001687,1.0,2.2336941263876695e-07,5.907043148019548e-08
127,cg80,0.23384465739695182,0.6258353956301365,0.16535277571504428,0.275609756097561,0.8263015573082366,0.035023080740940946
127,pcg80,0.7282691327708071,0.9424453767055305,0.22830139266047636,0.6536585365853659,0.46288397710045515,0.009992100589115394
127,poisson_pcg80,1.0,1.0,0.25751443173001687,1.0,9.101717196177507e-12,1.897801998205899e-13
127,poisson,0.3064118072370586,0.7231012532588701,0.13302002556120757,0.1951219512195122,100.47353204848548,416.66816481936246
127,amg,0.789147606008171,0.9600657729311964,0.23890245318129913,0.7121951219512195,0.44068867703111814,0.06762584244793501
127,oracle,1.0,1.0,0.25751443173001687,1.0,9.462361219291603e-12,1.9564725455803509e-13
128,ensemble,0.3316207759536148,0.7516588806691106,0.1997057532751048,0.3146341463414634,,
128,raw,0.07528723439283949,0.6683588528777311,0.17232078311106755,0.275609756097561,,
128,smoothed,0.1086167602464302,0.7561690245225838,0.2092511890938808,0.37317073170731707,,
128,prediction_magnitude,0.45452674242175334,0.6983060492569114,0.07663930754050538,0.007317073170731708,,
128,boundary_distance,0.32037331956985965,0.693441234466604,0.06808150279289787,0.016666666666666666,,
128,jacobi1,0.1312052203781289,0.6308993819726586,0.19057853043738815,0.2780487804878049,0.985989572066098,0.6949965266265752
128,jacobi5,0.22263797465602908,0.6678546378518587,0.20710543436457857,0.28536585365853656,0.956668756687787,0.4904665753451191
128,jacobi10,0.2676155231333277,0.6814671201513969,0.21204869057519732,0.275609756097561,0.9356496072411248,0.4344375619572982
128,jacobi20,0.31429434939272555,0.7062782049415719,0.2340657240465279,0.32439024390243903,0.9068869541963993,0.3899067078506017
128,jacobi40,0.3702131136726954,0.7498438389158715,0.263110054574237,0.3951219512195122,0.86534782224232,0.34626923491083267
128,jacobi80,0.44734468905260805,0.8184997948731522,0.292632601801478,0.48048780487804876,0.8039869673099804,0.2940466576642951
128,cg5,0.07648641152319531,0.66165517515186,0.1808121287328075,0.28780487804878047,0.9857326205540514,0.4410573663210694
128,pcg5,0.2793915997665025,0.6830247607956275,0.21495828092619154,0.28536585365853656,0.9271848973596106,0.429010633995644
128,poisson_pcg5,0.6424198383371064,0.9972347577518097,0.4193409020971861,0.9,0.40000267338786294,0.09695836167366641
128,cg10,0.08316984290524382,0.6655678043486891,0.1819891344260249,0.28780487804878047,0.9658032026350648,0.36273963254920594
128,pcg10,0.3810747357912205,0.7530034540714371,0.2637099545430172,0.4,0.8480151436947637,0.34668052982107717
128,poisson_pcg10,0.783177943840519,0.9985078676071623,0.4231861833605771,0.9341463414634147,0.23002069400416938,0.07012891593894387
128,cg20,0.10311537967006144,0.6863041435623255,0.21052337226515824,0.35853658536585364,0.914021169347503,0.24448047898809144
128,pcg20,0.5950764863727569,0.924809761391157,0.3243269754825843,0.6024390243902439,0.6561044393035168,0.21314877635671947
128,poisson_pcg20,0.9998424952988696,0.999998676600982,0.4261752466701075,0.9975609756097561,0.005998816152930572,0.00292398923360466
128,cg40,0.12161533700617178,0.7258737742016595,0.22026787609700993,0.4,0.8574733913455352,0.1591297717314061
128,pcg40,0.623038032790119,0.969506901525879,0.3724401768804224,0.7609756097560976,0.520569978522251,0.1154789245877251
128,poisson_pcg40,0.9999999921419654,1.0,0.4261851832951008,1.0,7.74551291893543e-06,4.162697158758084e-06
128,cg80,0.1911585982741325,0.7980539417439753,0.29087094785991696,0.5682926829268292,0.7450800771190234,0.10232104064564415
128,pcg80,0.6294065635600314,0.9984205232719717,0.4243010380483818,0.9317073170731708,0.3613713305193767,0.06587102342019345
128,poisson_pcg80,1.0,1.0,0.4261851832951008,1.0,4.3891070749679544e-12,5.274958996438055e-12
128,poisson,0.2635968424684349,0.7207833198787766,0.09268731451393239,0.07073170731707316,148.15571475686144,432.51467645312744
128,amg,0.8794412496236526,0.997628468959676,0.4228122748414938,0.9121951219512195,0.2662228178416868,0.11060819880142432
128,oracle,1.0,1.0,0.4261851832951008,1.0,2.774479997063511e-14,6.371345511197037e-15
129,ensemble,0.4390230011520647,0.7869320963963845,0.25235211852909656,0.33658536585365856,,
129,raw,0.048294892561038145,0.5896496962799254,0.1354026778946306,0.16341463414634147,,
129,smoothed,0.10301290967532081,0.6625014888238953,0.1857457319570569,0.23902439024390243,,
129,prediction_magnitude,0.690484057359487,0.8702685176607599,0.24273013478094607,0.2731707317073171,,
129,boundary_distance,0.4441476308228285,0.8408149491153077,0.1911631227398627,0.25563298490127756,,
129,jacobi1,0.29900537746617956,0.6663505948678586,0.19492961921567417,0.2634146341463415,0.9921260059276414,0.720672091676867
129,jacobi5,0.33962582260002633,0.6667191614943822,0.20353964648693956,0.29024390243902437,0.97992431286056,0.5372761335787287
129,jacobi10,0.3490126267651172,0.6757698873787436,0.20754606447860993,0.28780487804878047,0.9707211916746756,0.49159978509620805
129,jacobi20,0.37611432432552494,0.7008132286965844,0.22498243871073795,0.3146341463414634,0.9559857625726741,0.45276078446245666
129,jacobi40,0.4279965022735076,0.7420907057686963,0.2538856621877048,0.37073170731707317,0.9306339516333296,0.4130124810908079
129,jacobi80,0.5081632449500707,0.8063814300649789,0.31022756026609666,0.4902439024390244,0.8847101956073189,0.36370945782365005
129,cg5,0.0493301007963032,0.5857225096938978,0.13706100935411966,0.17560975609756097,0.9912947490213004,0.4924257100551413
129,pcg5,0.3383923842637917,0.6689894525098262,0.20088833092530003,0.275609756097561,0.9671306023738525,0.4855447550244646
129,poisson_pcg5,0.7934730416464383,0.9945112025726877,0.4263305752206423,0.8878048780487805,0.2676085657366642,0.0931235165746174
129,cg10,0.0772588811298538,0.6037022087529611,0.15134854403605585,0.1926829268292683,0.9770402507456606,0.42346302646175665
129,pcg10,0.4373377369969294,0.73367057951643,0.2562479265205888,0.36585365853658536,0.9216957619002888,0.4119807326745402
129,poisson_pcg10,0.9044021995568097,0.9965154903855061,0.4281537928769031,0.9073170731707317,0.15461375054265722,0.06522408839686433
129,cg20,0.1236090480568624,0.6221874462369149,0.1852986417782411,0.24390243902439024,0.9375357159896753,0.31732649909628646
129,pcg20,0.6260976357806928,0.9076320421370248,0.3546584668731599,0.6097560975609756,0.7616506119727695,0.29084248954723496
129,poisson_pcg20,0.9998954422127533,0.9999894128078557,0.4314844992001225,0.9951219512195122,0.003988846920353555,0.0020184024851201687
129,cg40,0.16521182994922354,0.6566156716911716,0.1848264713545699,0.2682926829268293,0.8720539579747826,0.18509499007153207
129,pcg40,0.7009722267857031,0.9680637348967087,0.4139250133891811,0.7439024390243902,0.4675235061915825,0.10855483765002959
129,poisson_pcg40,0.999999998603016,1.0,0.43149455263207165,1.0,9.429273726538922e-07,8.837912956127454e-07
129,cg80,0.23664282112861107,0.7195638076836547,0.25353165860934745,0.3853658536585366,0.8045291878334131,0.11096768173554532
129,pcg80,0.7357201869237162,0.9729854558447918,0.4130231023618755,0.7341463414634146,0.4109344859584335,0.04741855074272676
129,poisson_pcg80,1.0,1.0,0.43149455263207165,1.0,8.702225012424104e-13,1.2226652173544057e-12
129,poisson,0.44482987365369864,0.8680670433942538,0.2412715888062086,0.3902439024390244,71.24145946435647,407.09653226745
129,amg,0.9610902193326262,0.9946567764646719,0.425497064391997,0.8829268292682927,0.1973620630618912,0.13560439681125572
129,oracle,1.0,1.0,0.43149455263207165,1.0,4.57994314276356e-13,3.3910598044474763e-14
130,ensemble,0.25783384469232157,0.7389383693077299,0.17566849255979278,0.3121951219512195,,
130,raw,0.05220155362356402,0.5269741804851581,0.08474688277923227,0.05853658536585366,,
130,smoothed,0.008746920733063416,0.5605640326614878,0.08604695144489191,0.06341463414634146,,
130,prediction_magnitude,0.4258768127822467,0.898813572780329,0.251915210316249,0.5365853658536586,,
130,boundary_distance,0.23640635711134428,0.7725434405727671,0.09560258929389993,0.10052264808362368,,
130,jacobi1,0.25823650889996125,0.6281473737146487,0.16445840725748254,0.24146341463414633,0.923736572698302,0.5802528776259112
130,jacobi5,0.3880838327690636,0.6707092095337666,0.1924507367864715,0.2975609756097561,0.8334244875661797,0.2820427812437566
130,jacobi10,0.45876313308099337,0.7132425922739966,0.21320399603874476,0.35853658536585364,0.7763949758105227,0.1788158057141245
130,jacobi20,0.5413844575743241,0.7868004181940897,0.23479179184177817,0.424390243902439,0.6943701552865792,0.09697807740470371
130,jacobi40,0.6544545866293772,0.8875024813731588,0.26649132893898325,0.5414634146341464,0.580892376296494,0.048800829494575565
130,jacobi80,0.7697730137877845,0.9606785066765481,0.2995458604782164,0.7073170731707317,0.44358823400854397,0.02778493349745468
130,cg5,0.06410308552682165,0.5293999708852216,0.09470442473888027,0.07073170731707316,0.9674900816481616,0.20761304370642475
130,pcg5,0.44829799561162637,0.7083916731733785,0.2111367082222982,0.35609756097560974,0.7715694597201224,0.17057838552765137
130,poisson_pcg5,0.3865555307614189,0.8570199700911821,0.20293579636917244,0.36341463414634145,0.7879207997454261,0.10167566699870635
130,cg10,0.08248001083612508,0.5335104482352474,0.0978417282332407,0.07073170731707316,0.9605667643918323,0.12306153131568816
130,pcg10,0.5925439130378053,0.8315822558659661,0.24830814244040547,0.47560975609756095,0.6365825309524379,0.05815827192209286
130,poisson_pcg10,0.9583980351686238,0.9963970461733918,0.32616876910235626,0.9073170731707317,0.17070893563163778,0.025773795663243566
130,cg20,0.11653697224880219,0.5423500919762317,0.1034823091262159,0.08780487804878048,0.9436670798173956,0.1035008931727497
130,pcg20,0.7861720785754854,0.9701401479560102,0.3064323245347689,0.751219512195122,0.4041884563287713,0.022049430092208715
130,poisson_pcg20,0.9997120575109234,0.9999940447044189,0.3303088614945981,0.9951219512195122,0.0102404993268107,0.002156488293821726
130,cg40,0.2757956618102476,0.599090824874608,0.1551000186658982,0.20243902439024392,0.8677922696432436,0.060147591278239335
130,pcg40,0.9242535748889006,0.9936748143932878,0.3238087585846115,0.8853658536585366,0.20809625286164,0.005542750009026533
130,poisson_pcg40,0.9999999965075401,1.0,0.3303152761709006,1.0,2.8679735838317634e-06,6.165056853296636e-07
130,cg80,0.403716700582643,0.6617497981816497,0.19334076328614744,0.3073170731707317,0.8098691535139108,0.03757349374767119
130,pcg80,0.9388135670652319,0.9937780395166946,0.32370884690309565,0.8731707317073171,0.19147774963768963,0.004758978587226715
130,poisson_pcg80,1.0,1.0,0.3303152761709006,1.0,1.1209218454588831e-12,5.532584743624032e-13
130,poisson,0.16905483953376277,0.6522113997591413,0.1766959535762936,0.29024390243902437,162.1914240647853,452.9197583538117
130,amg,0.9370988567586308,0.994976377327528,0.32538637085034855,0.8804878048780488,0.24707654080988833,0.059574594014891
130,oracle,1.0,1.0,0.3303152761709006,1.0,2.756835631509638e-13,8.55475709279133e-15
131,ensemble,0.167379525222154,0.6004631896563133,0.13792268124904963,0.18048780487804877,,
131,raw,0.20219947648306053,0.7431203102047298,0.18117199693098124,0.3195121951219512,,
131,smoothed,0.260757684417527,0.8442538014636793,0.18365353685724906,0.3146341463414634,,
131,prediction_magnitude,0.28634237476011,0.5889158715244234,0.08854071697263337,0.07317073170731707,,
131,boundary_distance,0.2616019117173433,0.5278628429257706,0.11889576243324936,0.11393728222996516,,
131,jacobi1,0.1553362516607345,0.6955752153831902,0.17813410245439457,0.3,0.9551706127137787,0.6161740815945912
131,jacobi5,0.2635264863406263,0.7425241189471038,0.2090022429304534,0.3853658536585366,0.8909761984943403,0.3559197286618392
131,jacobi10,0.31191079023973145,0.7693428000476423,0.2270658808237237,0.43902439024390244,0.8440582738037974,0.28348316373138144
131,jacobi20,0.37616942276930726,0.8142774903061022,0.2518428556245752,0.5097560975609756,0.7775763112141492,0.23259384578290557
131,jacobi40,0.4801892505326421,0.8670255283670579,0.27803110168407325,0.5951219512195122,0.6902285510896052,0.19418489841915607
131,jacobi80,0.6198280624640137,0.909282320712518,0.3056359176927237,0.7048780487804878,0.584444334860093,0.15994327719617893
131,cg5,0.20187167647042062,0.7479493932215502,0.18507330705075334,0.33414634146341465,0.9717423821404969,0.29582647478592694
131,pcg5,0.318431148717267,0.7695353546047669,0.2312073415893559,0.44878048780487806,0.8422965291818505,0.2754630968784478
131,poisson_pcg5,0.3313240047006275,0.7525978322724085,0.18356200288901936,0.25853658536585367,1.1488997620545502,0.09573297446340508
131,cg10,0.20274203867930035,0.7502818839908421,0.1961730936036873,0.35365853658536583,0.9515090239233872,0.2272450489530581
131,pcg10,0.44991757812185684,0.8561723330201289,0.2741277166807292,0.5902439024390244,0.6875032067230391,0.19759105905042756
131,poisson_pcg10,0.7796673038031045,0.9802350356656035,0.3232436670266416,0.7390243902439024,0.3787320645980595,0.028655470316969887
131,cg20,0.21790641849721853,0.7605977793364477,0.20212654663152824,0.36341463414634145,0.8930278785188477,0.15994387734486099
131,pcg20,0.777581423768039,0.9388887418445535,0.3221000220005814,0.7317073170731707,0.4203669732389129,0.12042278683811332
131,poisson_pcg20,0.9999926859159319,0.999998676600982,0.34671810982919765,0.9975609756097561,0.0016316936522474516,0.00032013761238900703
131,cg40,0.2237789796286772,0.77683125339121,0.2165488135888121,0.424390243902439,0.8252509350718473,0.07930000935370472
131,pcg40,0.8664464366879052,0.9835786032846764,0.3319478799385217,0.7902439024390244,0.2705189186185836,0.013245439994145734
131,poisson_pcg40,0.9999999998253771,1.0,0.34671903010371646,1.0,2.7047675472426616e-07,9.106556620377527e-08
131,cg80,0.29993948946579113,0.8292232971163135,0.2445088538166369,0.5048780487804878,0.7528799497582168,0.04868740493255384
131,pcg80,0.8500415398414793,0.9842892685573628,0.33003219128663763,0.7682926829268293,0.2810818257509471,0.005267392038065682
131,poisson_pcg80,1.0,1.0,0.34671903010371646,1.0,4.5722639644264525e-11,8.419792603391075e-13
131,poisson,0.34557881805072016,0.7271224011751783,0.16646499557968614,0.25853658536585367,141.8425045304074,439.0881717670099
131,amg,0.8740533369727561,0.9887140531741725,0.3406547586192148,0.8682926829268293,0.23464919490293606,0.0649989056315635
131,oracle,1.0,1.0,0.34671903010371646,1.0,4.5201237452086174e-11,8.323470445912392e-13
132,ensemble,0.1672965667275528,0.6706814181543878,0.1419614436528556,0.2707317073170732,,
132,raw,0.09520015594811178,0.6804315604197821,0.17836065457509293,0.28780487804878047,,
132,smoothed,0.0365475412356133,0.705968529571351,0.2014716758588009,0.3951219512195122,,
132,prediction_magnitude,0.2408432879964546,0.5783028730992682,0.07930466184917663,0.02195121951219512,,
132,boundary_distance,0.22307340526056715,0.5926088164842581,0.07704271737966203,0.036585365853658534,,
132,jacobi1,0.09392496158713247,0.6548098937310588,0.15678775067875086,0.22926829268292684,0.9475389950973488,0.6499027404643326
132,jacobi5,0.19695553542594824,0.7163333906806241,0.19112680797857215,0.3170731707317073,0.8820434354321819,0.4499634039823364
132,jacobi10,0.24584091074887504,0.753070285721848,0.1970262507317539,0.33170731707317075,0.8349835724372184,0.3914407246305984
132,jacobi20,0.31864787453642485,0.7951768722787608,0.21513999039792417,0.3853658536585366,0.7603152206773074,0.31915520146731613
132,jacobi40,0.4469236763339633,0.8773321599195374,0.2421360614325244,0.5073170731707317,0.6447074152624851,0.22217680653694852
132,jacobi80,0.6271384286339018,0.9462825721583314,0.2691198722052191,0.6365853658536585,0.4919082383190236,0.11088796050697042
132,cg5,0.10386398809244413,0.6909406720220214,0.18338652506442188,0.2975609756097561,0.9550211381902511,0.4048336130366138
132,pcg5,0.24708813801514062,0.752685838307108,0.1947498958919847,0.32439024390243903,0.8220713342333287,0.3882249781935094
132,poisson_pcg5,0.4504520758790271,0.8277291796249487,0.20532323835231145,0.40487804878048783,0.9579592257684153,0.0990071422654402
132,cg10,0.10524919511373014,0.6929568704260022,0.18544116781817438,0.3024390243902439,0.8979108341384076,0.22279164875206772
132,pcg10,0.45437647531981995,0.8743353228431905,0.2438740902088088,0.5073170731707317,0.5924127959438397,0.18049434027173575
132,poisson_pcg10,0.90221360662642,0.9812626550031099,0.2797112869127896,0.7634146341463415,0.26577130106384755,0.029284909123495434
132,cg20,0.11397646569599752,0.6982319389119013,0.18898373487640363,0.3146341463414634,0.8770056324615078,0.12150239227843079
132,pcg20,0.7007915157365212,0.9595886875851938,0.2764099240413452,0.6878048780487804,0.4001298962183506,0.020077634987729
132,poisson_pcg20,0.9999939484401724,0.999999338300491,0.2908066414920201,0.9975609756097561,0.001701493940269599,0.00035058105311153685
132,cg40,0.14340604369341098,0.714654659026243,0.19761780455693623,0.33414634146341465,0.7888381870319641,0.06267008798249875
132,pcg40,0.9419241037412012,0.98890462263277,0.28565026926839954,0.8170731707317073,0.16837000863908475,0.004824598310421455
132,poisson_pcg40,1.0,1.0,0.2908095491870523,1.0,2.3846074773930787e-07,5.365909174474394e-08
132,cg80,0.2915920953144265,0.820273149557323,0.23927702787283242,0.47073170731707314,0.6834849546828675,0.03161579740830915
132,pcg80,0.9722455505153306,0.9946455275730185,0.2883412501727745,0.875609756097561,0.11830516791493677,0.0032946885997063974
132,poisson_pcg80,1.0,1.0,0.2908095491870523,1.0,4.2656639876604966e-12,8.813050037388045e-14
132,poisson,0.41241823906988584,0.8122923917790453,0.19661534170997544,0.36829268292682926,162.37796247783916,410.2368005334774
132,amg,0.914114953254682,0.9856821460238476,0.28354782123073907,0.802439024390244,0.23308830877397638,0.08003933215867343
132,oracle,1.0,1.0,0.2908095491870523,1.0,3.897427108674577e-12,8.073707122797423e-14
133,ensemble,0.37047359093354065,0.7595198708362558,0.1831941358792568,0.32195121951219513,,
133,raw,-0.07336775662427436,0.43211558567023545,0.07195366327348059,0.00975609756097561,,
133,smoothed,-0.11108988161175737,0.4118503765070206,0.07855660286954022,0.00975609756097561,,
133,prediction_magnitude,0.5129008783382888,0.9066196418882257,0.22711560438070832,0.47560975609756095,,
133,boundary_distance,0.2975817976000891,0.726552677897913,0.07720117282366401,0.030197444831591175,,
133,jacobi1,0.13764387939284398,0.5647770734354115,0.11821045075842546,0.1024390243902439,0.9541453981426498,0.5564288064043063
133,jacobi5,0.27743575641036816,0.6314810158410863,0.14843424189585078,0.1975609756097561,0.892803782041251,0.24734224931767465
133,jacobi10,0.34711645226036475,0.6757123195214589,0.16761426159795645,0.2658536585365854,0.8524167515404234,0.18399430335202155
133,jacobi20,0.40439436754094393,0.7380258856847928,0.18639034653505898,0.3439024390243902,0.7938792257797135,0.14286498152809676
133,jacobi40,0.4813931534850614,0.8197576856397972,0.21402815465888025,0.44390243902439025,0.7061991392328215,0.11106182803306629
133,jacobi80,0.6074473615750962,0.9176733321863875,0.24893732025449422,0.5902439024390244,0.5783518583863991,0.0850735395872615
133,cg5,-0.0663676949893427,0.43404907163558887,0.07584502480516606,0.00975609756097561,0.984780767307112,0.2163371911320763
133,pcg5,0.33568569346925653,0.6636164524965923,0.16728324930733568,0.25609756097560976,0.8577102972787857,0.187905684989545
133,poisson_pcg5,0.3769081066684973,0.7395848497280415,0.13336744352135912,0.08292682926829269,0.8356023607764069,0.10442174762474107
133,cg10,-0.054104307398829314,0.4390515199237722,0.0778470669746568,0.00975609756097561,0.9773896829662883,0.15916422236506225
133,pcg10,0.44603543709615995,0.785692733215992,0.2027120345078319,0.40487804878048783,0.7267923603294835,0.11890584319092322
133,poisson_pcg10,0.9726256619887821,0.9941426359461641,0.28792491430582,0.848780487804878,0.1503078561376436,0.021381112271977035
133,cg20,-0.011416094476012556,0.45284927808583564,0.08714014378552785,0.00975609756097561,0.9583326003584245,0.11958981475879732
133,pcg20,0.728458382535108,0.9675383454865476,0.27079257985125094,0.697560975609756,0.430268284790473,0.06886836751503328
133,poisson_pcg20,0.9999976565594321,1.0,0.2918459894486613,1.0,0.0009926338144357915,0.0005868015197183239
133,cg40,0.12450706007047728,0.48845268186811003,0.11228203856448032,0.01707317073170732,0.9140958144449484,0.07377203733049684
133,pcg40,0.9532134193048429,0.9962084618133213,0.28922895072884314,0.8853658536585366,0.19025061345712962,0.025464195600720815
133,poisson_pcg40,0.9999999982537702,1.0,0.2918459894486613,1.0,2.048611661594689e-06,5.290516896807336e-07
133,cg80,0.3153438477260119,0.5689325463520506,0.14997401374280178,0.11219512195121951,0.8619913453388723,0.04698339602448798
133,pcg80,0.9950320317242761,0.9998425155168534,0.29176153809766975,0.9804878048780488,0.03856159989253674,0.008155396042839599
133,poisson_pcg80,1.0,1.0,0.2918459894486613,1.0,1.0460056205461339e-13,3.924748736639944e-14
133,poisson,0.1451783409960697,0.5493429323875442,0.097362738781934,0.012195121951219513,111.58052740698217,452.70735440286995
133,amg,0.9839972199181302,0.9990213464261609,0.29109665291461295,0.9414634146341463,0.16120950718126667,0.056971636955132986
133,oracle,1.0,1.0,0.2918459894486613,1.0,4.907104880684467e-14,2.7263432021419907e-15
134,ensemble,0.3215841521335633,0.7170778026282705,0.2094133141048988,0.32439024390243903,,
134,raw,0.02046672510669605,0.6088442756375475,0.12362238478788448,0.1951219512195122,,
134,smoothed,0.023106926101113923,0.6581858846260736,0.14946918046891744,0.25365853658536586,,
134,prediction_magnitude,0.490568188504655,0.7176323068168283,0.17718504938526275,0.17804878048780487,,
134,boundary_distance,0.2679634817338364,0.6762635152124717,0.11597013223440485,0.09790940766550521,,
134,jacobi1,0.2031042104341737,0.6033349655254556,0.1553473808621893,0.1975609756097561,0.9861389134748368,0.5706025904358724
134,jacobi5,0.3009405007564389,0.6304983920701931,0.1724381475065863,0.21707317073170732,0.9668662594002575,0.26906160579498534
134,jacobi10,0.3458191607565864,0.6508178605931474,0.18217647342155202,0.23658536585365852,0.9528928358146956,0.18941034004206064
134,jacobi20,0.40541320906155315,0.6603364080303853,0.2001206915575105,0.2707317073170732,0.9320392647487536,0.1326831219917556
134,jacobi40,0.46470640203096875,0.6854359938064926,0.20574460859679558,0.2682926829268293,0.9021476212439606,0.09412388141590673
134,jacobi80,0.523908822301463,0.7234440136045419,0.22925447496547757,0.32682926829268294,0.863431494402027,0.07214564577577298
134,cg5,0.020424121287319588,0.6109167184997949,0.12277940884774662,0.1902439024390244,0.993346837276805,0.22495785204007768
134,pcg5,0.33777559943742896,0.6529776477905853,0.17995528865880658,0.23658536585365852,0.9535656063534562,0.18916645520055744
134,poisson_pcg5,0.3014735618902445,0.8080575149213239,0.15969567578532393,0.22439024390243903,1.0428161151719064,0.12340244132756105
134,cg10,0.030879362522418803,0.6119635271230629,0.12891891334117142,0.1975609756097561,0.9909702800496257,0.15675956479890035
134,pcg10,0.4456669060957451,0.6719942299802814,0.2075928415955813,0.2804878048780488,0.9109610269846571,0.10232383510867936
134,poisson_pcg10,0.882945216443384,0.9994501277080052,0.39609534401614793,0.975609756097561,0.31144674983291437,0.054233756011860985
134,cg20,0.06019697522521617,0.6115009991662587,0.12908140759857964,0.17804878048780487,0.9852417568776153,0.12422259777708677
134,pcg20,0.5422780140822687,0.7403471275624314,0.23630005941960616,0.3439024390243902,0.8403279295168441,0.06359317801560721
134,poisson_pcg20,0.9998705135581204,1.0,0.39820011085115425,1.0,0.006510245985394285,0.0034383398849380654
134,cg40,0.18629809019442442,0.6094020883236505,0.1562133951919212,0.2121951219512195,0.9637215615910011,0.08833891038494565
134,pcg40,0.7026446114473559,0.7718969601524556,0.2780606137420051,0.45365853658536587,0.7354813950568831,0.05819619023343959
134,poisson_pcg40,0.9999999972060323,1.0,0.39820011085115425,1.0,2.328843078270489e-06,2.7408020441067608e-06
134,cg80,0.3309176218963487,0.6443107076214549,0.19422190741015236,0.25365853658536586,0.9323075625174324,0.06763280302867222
134,pcg80,0.8011863650413484,0.8751075261702156,0.30738003651797446,0.526829268292683,0.570882514996213,0.047882500098181624
134,poisson_pcg80,1.0,1.0,0.39820011085115425,1.0,6.640109803174648e-12,2.9393955346860875e-12
134,poisson,0.1963208435355071,0.7776841840583354,0.14341177429492077,0.2097560975609756,67.6290374703352,442.6037924474489
134,amg,0.8175933063737784,0.811794793748263,0.3011924918490773,0.4951219512195122,0.6899602907306537,0.08263082570580559
134,oracle,1.0,1.0,0.39820011085115425,1.0,1.2156654468400266e-13,9.10597517941532e-15
135,ensemble,0.29730067288246287,0.6654381112449215,0.1230413049893062,0.1975609756097561,,
135,raw,0.13273889029658306,0.6374409433188201,0.10927571477184479,0.12682926829268293,,
135,smoothed,0.21534361687441497,0.690441088892712,0.1045845930898602,0.1073170731707317,,
135,prediction_magnitude,0.2687386404367817,0.5755369691515689,0.11811466632367222,0.10975609756097561,,
135,boundary_distance,0.3684368984472878,0.6426650609425247,0.10812984231661409,0.09442508710801394,,
135,jacobi1,0.10517587196664495,0.6624465677646467,0.1363500816061326,0.275609756097561,0.9586259882684183,0.6160359439600007
135,jacobi5,0.15174194293700566,0.7147393565633974,0.1541671015450714,0.3463414634146341,0.900293332677923,0.3675103543029352
135,jacobi10,0.20639796085606282,0.770167939335389,0.16331255886824647,0.4024390243902439,0.858659086022966,0.2947306470563073
135,jacobi20,0.3068460118497207,0.8508774135489592,0.1833841649480875,0.47560975609756095,0.7987223624932861,0.23253781496418324
135,jacobi40,0.44270768373579883,0.920688035149478,0.20241907949182605,0.5707317073170731,0.7171313807646282,0.17692332297671706
135,jacobi80,0.5751176043949339,0.9520975874435901,0.21970399690800693,0.6658536585365854,0.621764710996069,0.13561419400186092
135,cg5,0.13571236625834504,0.6440824212908434,0.10935429417060677,0.14390243902439023,0.9800617891979244,0.30417399199569634
135,pcg5,0.20344752569975486,0.7730390535050223,0.16443936168350343,0.40487804878048783,0.852037170681317,0.2902384911301808
135,poisson_pcg5,0.5023644931161101,0.861616796580337,0.20318718850613177,0.48048780487804876,0.7505669383768949,0.10671401726954466
135,cg10,0.14358876116078415,0.660014822069002,0.11630877094175315,0.2,0.9663626439890063,0.20976732957130492
135,pcg10,0.4336889287862847,0.9162817781189206,0.2047021806832478,0.5682926829268292,0.7033380739651338,0.1736966323972872
135,poisson_pcg10,0.6523553213926411,0.924597355848762,0.22467946988280346,0.6487804878048781,0.48312111495487814,0.07656056800837538
135,cg20,0.1563320345643444,0.681645117319323,0.12613212617896133,0.23414634146341465,0.9468176751829696,0.1577193047491184
135,pcg20,0.6426055580976007,0.9594464221907547,0.2262149832382506,0.697560975609756,0.5457922142798292,0.10979083538808766
135,poisson_pcg20,0.9998996204171106,0.9999689001230762,0.2443368717661707,0.9878048780487805,0.009082704412402515,0.0024593216939948833
135,cg40,0.19624706217768786,0.7263495361486442,0.16160010119934473,0.3463414634146341,0.8698372287211211,0.10835456294443627
135,pcg40,0.7476075647602641,0.9239144819554543,0.21519501743069933,0.4658536585365854,0.4144686702996978,0.0715983088104507
135,poisson_pcg40,0.9999999940628185,1.0,0.24436342469292294,1.0,6.720841313841355e-06,3.293201181263428e-06
135,cg80,0.36836581841382426,0.8114930587721504,0.19665235855752772,0.45121951219512196,0.7443458264007689,0.062269474087362726
135,pcg80,0.9670425478981091,0.9890885750962772,0.2388058045498722,0.8073170731707318,0.16026054492912387,0.020819778862940817
135,poisson_pcg80,1.0,1.0,0.24436342469292294,1.0,7.824588778719368e-12,2.3898950467982558e-12
135,poisson,0.23623215272683445,0.7180478541084923,0.10146498793251904,0.15853658536585366,115.07419747860985,445.8268880246187
135,amg,0.9444077082486761,0.9933419795402512,0.24116007726271438,0.8804878048780488,0.184632346297988,0.07783348780709959
135,oracle,1.0,1.0,0.24436342469292294,1.0,1.5645858398025664e-12,5.930116563782694e-14
136,ensemble,0.23479472766803816,0.683773804639837,0.1390415488402977,0.22439024390243903,,
136,raw,-0.005352052073023593,0.6615631989201064,0.12068580931546624,0.22195121951219512,,
136,smoothed,-0.002404072814491261,0.7050567076479229,0.1449007504331355,0.28780487804878047,,
136,prediction_magnitude,0.4803409190923766,0.7931140240593941,0.13912538902766908,0.2,,
136,boundary_distance,0.5392257607818687,0.9014583857178778,0.22391384290959604,0.5273519163763066,,
136,jacobi1,0.15965675734265938,0.6941869698132684,0.1484223300925463,0.25853658536585367,0.9671870312988429,0.5960347505886059
136,jacobi5,0.24054924592622717,0.7325410584545347,0.17028214074052225,0.3439024390243902,0.9307352170987379,0.28803968799447166
136,jacobi10,0.2731813111306205,0.7361334250889986,0.17332369680302423,0.36585365853658536,0.9088451899606331,0.2139771683607979
136,jacobi20,0.3163176997279123,0.7482789195770416,0.17590823859099444,0.3829268292682927,0.8810576736893264,0.1618463236433725
136,jacobi40,0.36202042379351995,0.773968741315194,0.18022747014829094,0.4097560975609756,0.8482034030693175,0.12126431965963902
136,jacobi80,0.4129558971539861,0.7985660971639559,0.18123410700648576,0.43658536585365854,0.8110908756071139,0.09396106528491895
136,cg5,-0.011103766584434604,0.6587112740362346,0.12046373015679496,0.2146341463414634,0.9824582686249821,0.23555816165112667
136,pcg5,0.2638874952809882,0.7240071198867171,0.16959263851159756,0.35365853658536583,0.9117777570384077,0.21027092338307177
136,poisson_pcg5,0.4963033267538184,0.891868374733666,0.22068074951233216,0.526829268292683,0.705488129167136,0.09118446981969403
136,cg10,-0.007976015224554552,0.6610662625888332,0.11954657921885033,0.2121951219512195,0.9754227604850858,0.15023991719311866
136,pcg10,0.34543194719138054,0.7630970183820124,0.17853712993652238,0.4,0.8553183372302293,0.11752378637186287
136,poisson_pcg10,0.9503802246291511,0.9972645342297156,0.2857749085996961,0.9073170731707317,0.17283565033278264,0.03345848661767469
136,cg20,0.019003033781139333,0.6757407726003467,0.1316593055304148,0.25121951219512195,0.9632862259470278,0.10716354351331277
136,pcg20,0.44599111987597473,0.8136912245411114,0.1805878321324007,0.45121951219512196,0.7806129445551739,0.06606927756860428
136,poisson_pcg20,0.9998294843142732,0.9999801490147294,0.28890847921814955,0.9951219512195122,0.009378429258509681,0.002706098885337563
136,cg40,0.09640169188585905,0.7180809390839432,0.1551051769135848,0.3195121951219512,0.9372442195080735,0.0726267360379455
136,pcg40,0.5406585539827565,0.8570073978005108,0.18766606870954047,0.48048780487804876,0.6979959110285674,0.03150685651539916
136,poisson_pcg40,0.999999999301508,1.0,0.28891468170188495,1.0,2.0437912341899967e-06,1.8439493772913392e-06
136,cg80,0.255529335622096,0.7760855180445456,0.1841309867443512,0.4219512195121951,0.8827863043580297,0.04545004650521202
136,pcg80,0.6200625430760001,0.8533263634318383,0.2042605954792527,0.5121951219512195,0.6285680913796069,0.01689523003836504
136,poisson_pcg80,1.0,1.0,0.28891468170188495,1.0,1.273467562859043e-11,2.4531046425455723e-12
136,poisson,0.4000915206092012,0.8327680213861282,0.2043258211676403,0.47073170731707314,148.95826720091003,455.7028498009637
136,amg,0.7407534921385567,0.9416195757182748,0.24917636128701415,0.6682926829268293,0.515709891680901,0.053077077011917946
136,oracle,1.0,1.0,0.28891468170188495,1.0,4.7247829367080445e-12,1.2007833370994964e-13
137,ensemble,0.3460790210743969,0.6970812434657173,0.1552873987137865,0.25121951219512195,,
137,raw,-0.017027833116968462,0.46102126702221985,0.07786204212190502,0.0024390243902439024,,
137,smoothed,-0.08285187015078935,0.44311567830816667,0.0826411079570454,0.0024390243902439024,,
137,prediction_magnitude,0.412897659512656,0.7341397244683244,0.1468471015224964,0.18048780487804877,,
137,boundary_distance,0.48684395425950594,0.7609716395590435,0.16604781703667196,0.2187572590011614,,
137,jacobi1,0.10023459603778474,0.6020406812858144,0.12496734241610208,0.16585365853658537,0.9719062191817802,0.6224599876440363
137,jacobi5,0.17619207626096242,0.6414720167277635,0.15082184464870582,0.23414634146341465,0.9318803120394401,0.34607069776432914
137,jacobi10,0.20291657680567443,0.6533409208210368,0.15891706687616758,0.2731707317073171,0.9063665834823189,0.25089156878285174
137,jacobi20,0.2294403173114921,0.677285179254397,0.17099120206449858,0.3195121951219512,0.8727701299889025,0.17613395123617595
137,jacobi40,0.25705859386525115,0.7273798022841867,0.1815385055960687,0.35365853658536583,0.8263765496903056,0.13050992452370141
137,jacobi80,0.3355048905683803,0.8282823604144885,0.19946560060287938,0.4317073170731707,0.7598493138457113,0.11332565151610079
137,cg5,-0.02080826882201173,0.46440453661183384,0.07600514348322647,0.0024390243902439024,0.9924339845956309,0.28064694301301935
137,pcg5,0.2117885265540944,0.6451365086087106,0.16069216226235555,0.2804878048780488,0.9001621991899939,0.23658303066193367
137,poisson_pcg5,0.43428202914684066,0.7418101451768723,0.11784091120646889,0.046341463414634146,0.8401692560969053,0.14938906085481052
137,cg10,-0.02378065181845959,0.46776398501912314,0.07656998722306868,0.0024390243902439024,0.9891018176790011,0.1980970037369736
137,pcg10,0.23806790627897345,0.6951808424758149,0.17565832690760821,0.33414634146341465,0.8403149623680775,0.13001174415699512
137,poisson_pcg10,0.9744289994015881,0.9907051069968106,0.2653369140850132,0.824390243902439,0.15454634074408125,0.05945622848804574
137,cg20,-0.010312014932249631,0.4815882111615473,0.07806224202441094,0.0024390243902439024,0.9804962651012045,0.17207240769979137
137,pcg20,0.3717724000857525,0.8648147903074256,0.2058190549802175,0.44878048780487806,0.7238052250867908,0.10154215153921982
137,poisson_pcg20,0.9998966581126546,0.9999920596058918,0.2718971431644465,0.9926829268292683,0.009572222566547777,0.0031728118767469144
137,cg40,0.08957587081972113,0.5342614771779839,0.11284785314984422,0.06585365853658537,0.9386363208576806,0.1195233115796989
137,pcg40,0.7692633138926254,0.9888364675833411,0.2657933536299407,0.8170731707317073,0.3537714100780738,0.0741745195640764
137,poisson_pcg40,0.999999999476131,1.0,0.2719015105040176,1.0,1.2066826169583473e-06,8.403071662957072e-07
137,cg80,0.2577792084756022,0.5701414713550282,0.15045188232756637,0.15609756097560976,0.885258626119095,0.07505821733432495
137,pcg80,0.9574781435924594,0.9946978018342311,0.2690806659657674,0.8658536585365854,0.2105259007060939,0.014707463845683421
137,poisson_pcg80,1.0,1.0,0.2719015105040176,1.0,4.32128130588397e-12,2.3735195094833885e-12
137,poisson,-0.14763106866589598,0.262351283035348,0.09348849393602801,0.0024390243902439024,70.02792790096723,440.156303942626
137,amg,0.9694428193446626,0.9950782790519169,0.26895342202296935,0.8780487804878049,0.23267327926468528,0.06956395038565236
137,oracle,1.0,1.0,0.2719015105040176,1.0,2.3851487777723446e-12,1.3736958984965057e-13
138,ensemble,0.2962410280801597,0.7528717758691423,0.21053384079498333,0.36829268292682926,,
138,raw,0.11434227484781816,0.6423778833556105,0.13060704980030513,0.1951219512195122,,
138,smoothed,0.1418206118527047,0.6854803276735969,0.16572416439821303,0.2634146341463415,,
138,prediction_magnitude,0.5343277056324046,0.7328037531596151,0.17215663998632214,0.17073170731707318,,
138,boundary_distance,0.5561163164684558,0.9023265354737107,0.27383611809039665,0.4913472706155633,,
138,jacobi1,0.2526620451084998,0.640646215740508,0.17667133684761563,0.24390243902439024,0.9837241784856121,0.6257226375633872
138,jacobi5,0.3485633057384301,0.6741566639757554,0.19864934377021076,0.29024390243902437,0.96854809131556,0.3509427522318469
138,jacobi10,0.3754675797814737,0.6927173352037372,0.2063802880433062,0.3121951219512195,0.9604946790157473,0.2592477791723467
138,jacobi20,0.4083704634203666,0.7171214747958657,0.2162966857249344,0.32926829268292684,0.9480801439508328,0.16733207480567344
138,jacobi40,0.43945417465881187,0.7378770032952635,0.22981562230922647,0.36341463414634145,0.9286240491563781,0.0924371257177546
138,jacobi80,0.4605364129872345,0.758615989306936,0.24658627381623402,0.4121951219512195,0.9022610371225475,0.06356316874139853
138,cg5,0.12699148617913492,0.6478455063986343,0.14584305206185438,0.2146341463414634,0.9875750218074233,0.26677624481584433
138,pcg5,0.3783067243864111,0.7004876725381469,0.2069045122992255,0.3073170731707317,0.9607702879199306,0.24760277988388535
138,poisson_pcg5,0.4342520442834411,0.7500489657636674,0.19492167523690862,0.2951219512195122,0.9769525385161583,0.10803307121472228
138,cg10,0.13334310837924382,0.6530868282095734,0.15271967849548476,0.23414634146341465,0.983508735183732,0.14035290250488616
138,pcg10,0.42718786021231026,0.7317933380093432,0.23044202552648022,0.36585365853658536,0.9360821982023168,0.09046613480404363
138,poisson_pcg10,0.9718300592011063,0.9991966967960509,0.37928070392319735,0.9609756097560975,0.16516667988783323,0.03761280309136449
138,cg20,0.17121900707298562,0.6631764223230946,0.16024872174953794,0.24634146341463414,0.9778865581287762,0.11367915244965035
138,pcg20,0.4681604933806431,0.7696418882257189,0.24755682063537954,0.4195121951219512,0.8897358367562818,0.06018701757607597
138,poisson_pcg20,0.999872154839633,0.999999338300491,0.38017457925635023,0.9975609756097561,0.009985035358575416,0.003089150964168132
138,cg40,0.2674057373557866,0.6740865238277993,0.18752396724713472,0.2731707317073171,0.9544100542552048,0.07372229657946464
138,pcg40,0.5471743575941388,0.7894849331021796,0.25245420501178645,0.4268292682926829,0.8256831214938435,0.04609197320985142
138,poisson_pcg40,0.999999999301508,1.0,0.38018404947363243,1.0,1.6129418854299548e-06,1.5524124596206676e-06
138,cg80,0.39285412729267416,0.7049078252583937,0.22990528150394823,0.35853658536585364,0.9261031703566228,0.0517972787303988
138,pcg80,0.579502995266292,0.8227359951298916,0.27836283500885595,0.4902439024390244,0.7522370300075645,0.04077556134911512
138,poisson_pcg80,1.0,1.0,0.38018404947363243,1.0,9.761686390344219e-12,2.8694727757187362e-12
138,poisson,0.4050173782008814,0.7610636157907971,0.18366434631513218,0.2975609756097561,93.70019300063073,441.8156446294024
138,amg,0.6413458522722447,0.8250923070815082,0.28917251857615717,0.5219512195121951,0.7806218791425712,0.07914883518328997
138,oracle,1.0,1.0,0.38018404947363243,1.0,5.903417183616192e-13,3.162453490350502e-14
139,ensemble,0.4902549253323257,0.7629633550811905,0.15828208937101973,0.22926829268292684,,
139,raw,-0.09979126196041775,0.6065402379471434,0.13530601121529173,0.25365853658536586,,
139,smoothed,-0.12266730293697435,0.639813797758162,0.1732017255754665,0.3463414634146341,,
139,prediction_magnitude,0.6918521705931415,0.747905721053955,0.14633775058401396,0.11219512195121951,,
139,boundary_distance,0.4232539473679057,0.6836586689252676,0.16885978005952676,0.14982578397212545,,
139,jacobi1,0.28054648883871297,0.6583652051930178,0.1483043246683691,0.22682926829268293,0.9824741028132876,0.6791681312539997
139,jacobi5,0.3579924299605336,0.6993965300477747,0.17480383131685132,0.275609756097561,0.9514214405468607,0.45582048763066363
139,jacobi10,0.3820666172679174,0.7124293635774123,0.18382525015084722,0.3,0.9277212095503974,0.3828665113051254
139,jacobi20,0.42105038604673434,0.7312454508158754,0.19152212562111423,0.3121951219512195,0.8927887400331229,0.3210488666197197
139,jacobi40,0.4960682007352494,0.7644587959715734,0.20367068863342325,0.3439024390243902,0.841842808013261,0.26891193473913483
139,jacobi80,0.5887422787998857,0.7977475748712994,0.2245220315020119,0.4219512195121951,0.768880248846052,0.22403872989703272
139,cg5,-0.0932561319492687,0.6090566811799426,0.1366326263383695,0.23658536585365852,0.9873623860378077,0.3856705044609266
139,pcg5,0.3823833837267352,0.7105031563066581,0.18605388562243297,0.3,0.9171941232948873,0.3704306322446315
139,poisson_pcg5,0.3800499853777691,0.6757593001865992,0.15492569732368597,0.24878048780487805,1.0337798122148938,0.09686000159294014
139,cg10,-0.08123369981670453,0.6059076532165213,0.13928423290676128,0.22682926829268293,0.9759621994932822,0.295600438378688
139,pcg10,0.47214450963516597,0.7505829572674457,0.19238688606485474,0.2951219512195122,0.8355542092528342,0.2733479566691444
139,poisson_pcg10,0.5968994793496716,0.936008363881794,0.215505391214317,0.4658536585365854,0.6539316933256658,0.06840401283429012
139,cg20,-0.026737129978068472,0.6147314161692892,0.1461405630494073,0.22439024390243903,0.9509807801994474,0.22190355634144818
139,pcg20,0.6619135230895743,0.8009058666278469,0.23912001515460615,0.4951219512195122,0.6672545010855402,0.19343970950779887
139,poisson_pcg20,0.9999150659954774,0.9999953681034369,0.30973995880871524,0.9975609756097561,0.008409074550744772,0.002620353284588127
139,cg40,0.11685690043153393,0.677636541693686,0.18617987683658022,0.3878048780487805,0.9020270716387493,0.1097493649571134
139,pcg40,0.8334501063481967,0.9081078040840094,0.25748570923722885,0.5585365853658537,0.46533859401807653,0.03825396748308609
139,poisson_pcg40,0.9999999951105562,1.0,0.3097407319040452,1.0,8.720509486463185e-06,4.179401882405917e-06
139,cg80,0.29792516469462826,0.7577524714476662,0.1984898621854358,0.4268292682926829,0.8606528879417422,0.06913491278406501
139,pcg80,0.8044777585766992,0.9308689437952437,0.2558499633832103,0.624390243902439,0.49000749864576726,0.022639830758656478
139,poisson_pcg80,1.0,1.0,0.3097407319040452,1.0,6.887225464455765e-12,2.924950951787602e-12
139,poisson,0.1225970573455204,0.6168594417902942,0.16751773742831938,0.28292682926829266,86.38945048336183,437.6795697722283
139,amg,0.9725727030259119,0.9951563595939812,0.30497210211835074,0.8634146341463415,0.23198181879656984,0.09077166354395809
139,oracle,1.0,1.0,0.3097407319040452,1.0,1.4621775594166262e-12,6.740463399200515e-14
140,ensemble,0.25559882579448157,0.5961317046702751,0.11008434652144523,0.08780487804878048,,
140,raw,0.2633324728610723,0.6971626325053267,0.17001582372718768,0.2780487804878049,,
140,smoothed,0.34521693320142455,0.7582269099956328,0.16647977394333496,0.29024390243902437,,
140,prediction_magnitude,0.38726989893268193,0.6576704207085479,0.12349343568825552,0.13658536585365855,,
140,boundary_distance,0.3249096841401547,0.6146831121051308,0.10272994267698368,0.06875725900116143,,
140,jacobi1,0.1870766464601321,0.620062729113455,0.1528452107376876,0.1902439024390244,0.9525181116693947,0.6294036734953578
140,jacobi5,0.28988133882163625,0.6742559189021081,0.1692206137541583,0.22682926829268293,0.8976046340152997,0.364203105192014
140,jacobi10,0.3225094687222559,0.715002712967987,0.18280246866337377,0.2658536585365854,0.8585098654903074,0.30067438945442193
140,jacobi20,0.3706786526352482,0.7844315339518018,0.21108536350743887,0.36341463414634145,0.799933322670612,0.2497398062358249
140,jacobi40,0.4590293203390916,0.8540522477932322,0.23472136261690077,0.4560975609756098,0.7163871541380546,0.19711960163896414
140,jacobi80,0.5670562311812293,0.9087053187406535,0.2565855677717838,0.5439024390243903,0.6099531739305764,0.1345654794626448
140,cg5,0.26494499990388753,0.7024337307941717,0.1786226530001414,0.3,0.9556563940159539,0.3182655055165231
140,pcg5,0.31592608409167217,0.7096879425115467,0.1842484705468319,0.2731707317073171,0.858741367331876,0.30098917513629997
140,poisson_pcg5,0.32935600950502286,0.680916586159893,0.15726138658561883,0.2048780487804878,1.196794500868643,0.08883836265692598
140,cg10,0.2618602796658482,0.7079364239111735,0.18152576140024926,0.34146341463414637,0.9182995395877628,0.22890014088503716
140,pcg10,0.44524915690621925,0.8515391130579781,0.23575193896452143,0.4658536585365854,0.7079362854905669,0.20456798784835328
140,poisson_pcg10,0.8150067575955134,0.9804117094345116,0.299523132074372,0.7707317073170732,0.3257303259128205,0.024988812806710017
140,cg20,0.2709007360624588,0.7199489167979037,0.20185782331442223,0.4,0.8633307377926633,0.11384989198128392
140,pcg20,0.6507443231741309,0.9447447824993714,0.2693697245940806,0.5951219512195122,0.4984980783414156,0.06562398435140761
140,poisson_pcg20,0.9999269527572441,1.0,0.313426535894508,1.0,0.006454979237335636,0.0017195640612193413
140,cg40,0.2860626692376201,0.7421118801529849,0.2139659575997557,0.4292682926829268,0.8167628463309856,0.07069719607118091
140,pcg40,0.7536148929329153,0.9529266969283908,0.2790836383653186,0.6804878048780488,0.4333993567910215,0.020761505731280952
140,poisson_pcg40,0.9999999947613103,1.0,0.313426535894508,1.0,9.296562080214785e-06,1.0074130171997215e-06
140,cg80,0.37236345089623785,0.8084942365972765,0.22960024439339627,0.48048780487804876,0.735832652557875,0.03827832326460298
140,pcg80,0.6890827772219644,0.9733857840477482,0.29370918098138943,0.7731707317073171,0.4399056569405085,0.012024024753676102
140,poisson_pcg80,1.0,1.0,0.313426535894508,1.0,1.1831214078391756e-11,5.379780911251782e-13
140,poisson,0.37719675341210535,0.7210685123671638,0.1587063927489131,0.23170731707317074,195.99239186543855,413.2650514649385
140,amg,0.7631134720535597,0.9386908936913568,0.2890033846667107,0.6902439024390243,0.4104686482337207,0.07765023121661034
140,oracle,1.0,1.0,0.313426535894508,1.0,1.2775133348638996e-11,2.3864854922912666e-13
141,ensemble,0.3479214914999674,0.7011804719240898,0.15058451267174447,0.25121951219512195,,
141,raw,0.1758947114644214,0.7305731641147122,0.17430806253486744,0.32439024390243903,,
141,smoothed,0.26938833452607824,0.8431004592194593,0.18275305967778308,0.35853658536585364,,
141,prediction_magnitude,0.6885624670591186,0.7792702777814539,0.13187107435458845,0.14390243902439023,,
141,boundary_distance,0.7660587978176056,0.8727247462382383,0.20534801315156703,0.4495354239256678,,
141,jacobi1,0.0858959526497321,0.633214668554716,0.13221508109740346,0.22682926829268293,0.9894077418715133,0.56503628235387
141,jacobi5,0.17227518054480812,0.6523152865820574,0.14754576844160408,0.24390243902439024,0.9795443577050457,0.3223132495502482
141,jacobi10,0.19429103214957386,0.6613527784762384,0.1483394822108828,0.24878048780487805,0.9711086949204633,0.2569413915404174
141,jacobi20,0.21268651586672013,0.6827461853023306,0.15356366990819842,0.275609756097561,0.9578119569539513,0.20249227990178803
141,jacobi40,0.2266477668359476,0.6919610126649286,0.16233941470732416,0.33902439024390246,0.9376300813186126,0.14958112302414622
141,jacobi80,0.26628407641982743,0.6976747879253073,0.16602852561241732,0.36585365853658536,0.9093675426130752,0.09268678632598767
141,cg5,0.17037457655321148,0.7254211717374905,0.17482460749334047,0.33414634146341465,0.9950578326833082,0.2654813839666704
141,pcg5,0.20918617544268744,0.6621587284782234,0.14740959122075625,0.23658536585365852,0.9715080489962563,0.2550373184378758
141,poisson_pcg5,0.5527024168967779,0.8141418419067533,0.18295423838181138,0.4268292682926829,0.9896180143047509,0.09751607502289358
141,cg10,0.16683955320877156,0.7187525640855974,0.17606672072102875,0.32926829268292684,0.991868683127293,0.181752735882307
141,pcg10,0.2288056193092462,0.698883712928285,0.16057006294153728,0.33658536585365856,0.9367197973501898,0.1585779271546268
141,poisson_pcg10,0.9863687519124711,0.9934941704273256,0.2573787933078304,0.8780487804878049,0.3023723895393608,0.02981318826692123
141,cg20,0.17105573684449044,0.7154400963434485,0.1757735052747411,0.2975609756097561,0.9880799938450782,0.08757467809087861
141,pcg20,0.31213457973358516,0.6988579066474333,0.16497027721033639,0.3439024390243902,0.8797152756995887,0.042770287582200014
141,poisson_pcg20,0.9999990175710407,1.0,0.2601628571145881,1.0,0.0007753902687635566,0.00037027655805142945
141,cg40,0.16148047797358653,0.6817748104230906,0.16844525003194744,0.25853658536585367,0.9812024132473848,0.05878707525055661
141,pcg40,0.39461122383840225,0.6683734102669295,0.16214288868783763,0.2780487804878049,0.8410639445689133,0.0322370131124637
141,poisson_pcg40,1.0,1.0,0.2601628571145881,1.0,1.296959127558305e-07,1.5362292249262177e-07
141,cg80,0.20871289631596338,0.6555007080184746,0.1613229200781482,0.24146341463414633,0.9712761002445552,0.045839963166989094
141,pcg80,0.5383626777494432,0.7455633047920278,0.1883313750415064,0.36585365853658536,0.7405819517204987,0.030642626057683302
141,poisson_pcg80,1.0,1.0,0.2601628571145881,1.0,8.425795828328176e-12,3.214552460288405e-13
141,poisson,0.57612069544543,0.8399302568717494,0.17965803639667333,0.4097560975609756,61.0387840842428,453.3977279537418
141,amg,0.9363711035603198,0.9424109683310615,0.22843016601305016,0.5414634146341464,0.3513211404779632,0.0646775591314965
141,oracle,1.0,1.0,0.2601628571145881,1.0,7.65192584779067e-12,2.9237807147500765e-13
142,ensemble,0.3381108340240022,0.7581653719412941,0.15577636965921762,0.3048780487804878,,
142,raw,0.029834580756177353,0.638765665735876,0.14004231848672632,0.25365853658536586,,
142,smoothed,0.09561636391510005,0.6871517806333788,0.16819382109719716,0.36585365853658536,,
142,prediction_magnitude,0.5557027743221051,0.860362876010746,0.18074630354005664,0.37073170731707317,,
142,boundary_distance,0.2638201694302089,0.7327514788984026,0.1252069267826323,0.17264808362369335,,
142,jacobi1,0.17407257588640307,0.6569809298201501,0.15012222138685635,0.25121951219512195,0.9650198482915476,0.6172078615136533
142,jacobi5,0.2358443078995084,0.6692157537419107,0.1643407351813523,0.3195121951219512,0.9258276865826278,0.33159473057109956
142,jacobi10,0.270638258145981,0.6816153408414171,0.16677591382341264,0.3121951219512195,0.902400829654334,0.24208540182418545
142,jacobi20,0.31044201284487627,0.6896946918465386,0.1680590072597791,0.2951219512195122,0.8708483406666322,0.17089012162698244
142,jacobi40,0.37339412312463294,0.7125901565581039,0.17377046650321407,0.2926829268292683,0.8309699026426571,0.11006368940612893
142,jacobi80,0.4417774885299236,0.7363418604343396,0.17884482953347608,0.3073170731707317,0.7890849244576166,0.06365543639853169
142,cg5,0.036335858703120574,0.6408387702976325,0.1348866235843564,0.23658536585365852,0.9781390521873782,0.2559833716625825
142,pcg5,0.2692374871519387,0.6843726426954991,0.16230932325620775,0.3,0.901602172912492,0.23539906862883714
142,poisson_pcg5,0.20396156218232586,0.566262588833159,0.14351201733362567,0.15609756097560976,0.9261604619664623,0.08981513680648984
142,cg10,0.04825479493085936,0.6425810251048794,0.1342357091964943,0.22439024390243903,0.9686193918164336,0.15752590506566885
142,pcg10,0.3615408238383129,0.7061346161481148,0.17447760416806074,0.28292682926829266,0.8326804557702909,0.11901227722965546
142,poisson_pcg10,0.9461327906372012,0.9922151052763919,0.2677158981305462,0.8512195121951219,0.2872600030193414,0.044131723380072437
142,cg20,0.05926444391293863,0.6424519937006207,0.13432455516737496,0.21951219512195122,0.958937227064742,0.10261112693003958
142,pcg20,0.4599543206855436,0.7445734023265355,0.17821514519870174,0.3024390243902439,0.7724832715859702,0.04787678168910876
142,poisson_pcg20,0.999884462617436,0.9999827958127655,0.27459013035084207,0.9926829268292683,0.00810468324752669,0.0020339476393164357
142,cg40,0.15572440574538146,0.6665663089077988,0.1570988746183161,0.24146341463414633,0.9178572330515162,0.06783424930925079
142,pcg40,0.5383994334447793,0.7334793483583235,0.18974253636542285,0.36341463414634145,0.7106095892805956,0.03557682003854084
142,poisson_pcg40,0.9999999903957355,1.0,0.27459730225498996,1.0,1.74994731404525e-05,4.532683635957509e-06
142,cg80,0.29714235426356145,0.693198390746794,0.1740484113002149,0.2926829268292683,0.8708799833523534,0.04238292050094031
142,pcg80,0.5612440111996762,0.7339643740984344,0.18227159249386526,0.3073170731707317,0.6872467959793239,0.01725857064085069
142,poisson_pcg80,1.0,1.0,0.27459730225498996,1.0,1.6173811065659045e-11,9.793596167844367e-12
142,poisson,0.1700430923446621,0.7204167383507801,0.10630470641299443,0.23902439024390243,115.38244624481075,441.3119933829312
142,amg,0.5905538678476099,0.7747005809721689,0.19050782450259626,0.3463414634146341,0.6600723806064561,0.06807171899433452
142,oracle,1.0,1.0,0.27459730225498996,1.0,2.0548327075631547e-12,5.1177855665972403e-14
143,ensemble,0.3955566601391195,0.756701030927835,0.16459313640582643,0.2682926829268293,,
143,raw,0.007911790459281382,0.6647499437555418,0.15081226547273538,0.28536585365853656,,
143,smoothed,0.03342099948920679,0.7354095258261318,0.18491607486308342,0.36341463414634145,,
143,prediction_magnitude,0.7111729791062611,0.9381648425816868,0.2665569272162941,0.6268292682926829,,
143,boundary_distance,0.43335986519976066,0.7578378306843296,0.14939883290353714,0.22746806039488965,,
143,jacobi1,0.2047493979138895,0.7051036883130632,0.16570809199884778,0.3170731707317073,0.9804300122721359,0.6176004013288398
143,jacobi5,0.22146259898888535,0.6931156783081667,0.1658564575369616,0.3170731707317073,0.950410074877713,0.33632366120203294
143,jacobi10,0.22934071497554495,0.6810753940420576,0.16516067930092,0.2975609756097561,0.9320855958735733,0.2634281289521691
143,jacobi20,0.25650518059621713,0.6908189193123618,0.17168741288563577,0.3073170731707317,0.9085817573076185,0.21328114650832547
143,jacobi40,0.3028314294118541,0.7159165199899422,0.18033354785200437,0.33170731707317075,0.878419189916654,0.1740891066899268
143,jacobi80,0.3559965888585725,0.73816947447825,0.18610582796622732,0.35121951219512193,0.8414668479085723,0.13723349086737965
143,cg5,0.008256540951243249,0.6597058083982902,0.14242896033079785,0.25853658536585367,0.9857952149645896,0.28390127366528956
143,pcg5,0.22515449647082741,0.6731211042441406,0.16421811747614629,0.28780487804878047,0.931364714472137,0.2625088335350082
143,poisson_pcg5,0.6106195195621339,0.9312666252001641,0.257724693469108,0.6731707317073171,0.6458397989020447,0.09008248656213766
143,cg10,0.020278051423649576,0.6609187035983219,0.13684594281557308,0.23170731707317074,0.9766690484415493,0.2089761567179192
143,pcg10,0.2911751111482337,0.7141001548376851,0.17717677992272637,0.3170731707317073,0.8820195215187728,0.1828598042731544
143,poisson_pcg10,0.9553652085185733,0.9943034289268557,0.29743717342411724,0.8780487804878049,0.22750382130108088,0.04409203121056996
143,cg20,0.03154352064596985,0.6696074798512499,0.14843376007204956,0.2707317073170732,0.9548942408689524,0.136498107414164
143,pcg20,0.4072010504299469,0.7476847134179426,0.19285267398505918,0.375609756097561,0.7864635118426405,0.0992339203031458
143,poisson_pcg20,0.9999229411432223,0.9999708852216032,0.3026445470587592,0.9878048780487805,0.006594609631382195,0.0020597980713374024
143,cg40,0.09457882725684433,0.6940116194433784,0.17515307439602243,0.3097560975609756,0.9327604847969918,0.08166465599393154
143,pcg40,0.5662212713394885,0.8307928483517065,0.2208952567937891,0.5024390243902439,0.7237847707654096,0.040469558571202935
143,poisson_pcg40,0.999999999476131,1.0,0.30266559558904693,1.0,1.4534532052524416e-06,9.453583341073243e-07
143,cg80,0.2388446894228087,0.7229570027659039,0.19562407224595618,0.36097560975609755,0.896942748196545,0.049594195738302524
143,pcg80,0.62873191513479,0.8225467490703122,0.2213727800373379,0.47317073170731705,0.6827930196491212,0.025418519817905577
143,poisson_pcg80,1.0,1.0,0.30266559558904693,1.0,7.485491455246743e-12,2.225805826153593e-12
143,poisson,0.15105469982838332,0.7363881793999709,0.13692362402465738,0.28536585365853656,100.24943176516832,444.6674938006208
143,amg,0.9650273370898791,0.9938686923494303,0.29872749369486834,0.8682926829268293,0.27820559567795566,0.07407992578250376
143,oracle,1.0,1.0,0.30266559558904693,1.0,7.997260480358561e-12,2.438622181713303e-13
144,ensemble,0.02777925799868303,0.5829241824702566,0.10657709182740971,0.14878048780487804,,
144,raw,0.14966375434629645,0.5353241665894684,0.1284537620314021,0.14878048780487804,,
144,smoothed,0.05027580374633096,0.48900453925863185,0.10555318049423389,0.1024390243902439,,
144,prediction_magnitude,0.15720140456537707,0.635449889496182,0.08294006443130414,0.04390243902439024,,
144,boundary_distance,0.1325723248499198,0.612560380080198,0.08122085773658666,0.027990708478513357,,
144,jacobi1,0.16774908527586746,0.5462620594735519,0.13625857779165673,0.16097560975609757,0.9094628434376115,0.5014406093059139
144,jacobi5,0.3151721962923376,0.6315524793880603,0.1760940438645059,0.23414634146341465,0.812635255564876,0.18076068318973193
144,jacobi10,0.3962445023792313,0.689847544433122,0.18898788572473843,0.2658536585365854,0.7566261759981586,0.11670780328446786
144,jacobi20,0.49646381017396585,0.7816457790188319,0.20203034030869993,0.3170731707317073,0.6836544410690757,0.0721719599549632
144,jacobi40,0.6106066479266858,0.8748673292484417,0.21964524753051842,0.40487804878048783,0.5855162223154595,0.04740425288735967
144,jacobi80,0.7476657126453758,0.9428298241202705,0.24459253292257455,0.5658536585365853,0.45440568108095464,0.03981280542953887
144,cg5,0.15074518616096297,0.5356656035361221,0.12896664851565845,0.15121951219512195,0.9838283212116025,0.1917833679277509
144,pcg5,0.36746970699686676,0.6644971745430965,0.18596244705139559,0.26097560975609757,0.7731728045054577,0.10922721501532694
144,poisson_pcg5,0.49289249528210577,0.8198291491867713,0.1433181627970431,0.2,0.8169073818156629,0.13529638154430462
144,cg10,0.15342083282902214,0.5372014080965551,0.1301101781643541,0.15121951219512195,0.9776855876661489,0.14598420237379844
144,pcg10,0.5289120949808267,0.8156591188809338,0.20822715752443796,0.35121951219512193,0.6430205333670838,0.036636981313098574
144,poisson_pcg10,0.9862729326090474,0.9985839630506994,0.27690621148061506,0.973170731707317,0.12490155222700942,0.028661573253786
144,cg20,0.1646638476298994,0.5417697815068221,0.13423071160622593,0.15609756097560976,0.9424447002367095,0.12492559790878155
144,pcg20,0.7672904044567477,0.9533925333827402,0.25003892277655954,0.6097560975609756,0.4191656712569896,0.01612621122698004
144,poisson_pcg20,0.999992682598095,0.9999927213054008,0.2779140577735805,0.9951219512195122,0.0016190581164312139,0.00035416671489198166
144,cg40,0.2507351779933566,0.5811521511851038,0.15905688745278004,0.18292682926829268,0.8446269035722109,0.06032912885118675
144,pcg40,0.9695144928283316,0.9982656855868612,0.2767785639337391,0.9365853658536586,0.11785801853973576,0.004457703329897172
144,poisson_pcg40,0.9999999998253771,1.0,0.27791459770717936,1.0,1.2423320487856507e-07,3.793324034308402e-08
144,cg80,0.42435056992893716,0.7023450630599632,0.1935354563324105,0.2780487804878049,0.734203888667628,0.032370142277396534
144,pcg80,0.9710372945609381,0.9984370657596972,0.2769978696689319,0.9463414634146341,0.12777792089356885,0.002518174354298818
144,poisson_pcg80,1.0,1.0,0.27791459770717936,1.0,6.362869944415432e-12,1.7758056482544563e-13
144,poisson,0.03098471973372816,0.5158318224527877,0.10612790837942518,0.12682926829268293,107.44391293998082,424.2501153394985
144,amg,0.9717516545249206,0.9949518944456943,0.27442840782051015,0.8853658536585366,0.15685007985375066,0.0481789236762849
144,oracle,1.0,1.0,0.27791459770717936,1.0,6.194193073704845e-12,1.7460777853348331e-13
145,ensemble,0.30703960902805905,0.7416195757182749,0.1588528965233775,0.2658536585365854,,
145,raw,0.014539103948513654,0.5618199383296058,0.12402627627488287,0.11463414634146342,,
145,smoothed,0.024233551219522278,0.5926604290459616,0.14576344324310148,0.15609756097560976,,
145,prediction_magnitude,0.35642965615168026,0.8134735254026442,0.15599000074495664,0.24878048780487805,,
145,boundary_distance,0.32351821873542097,0.6907732620462396,0.09953159208555151,0.1022067363530778,,
145,jacobi1,0.15184020748620228,0.6572264203379962,0.16925397916408155,0.2731707317073171,0.9822064637981774,0.6454972760422883
145,jacobi5,0.2531575299935247,0.7017859269748422,0.18397248496821428,0.3024390243902439,0.9617418400081994,0.36066296743642434
145,jacobi10,0.30874632718950973,0.7311448724905046,0.20366638322422143,0.35365853658536583,0.949119675861953,0.2742495547798114
145,jacobi20,0.38841066554494447,0.7831498220028321,0.22820542873952693,0.4292682926829268,0.9270535109851717,0.2061379558969827
145,jacobi40,0.4897066931274984,0.8235935576935802,0.2541897341204448,0.5317073170731708,0.8890296628224159,0.14870953215156715
145,jacobi80,0.6022192949704219,0.8420973227637865,0.2640438166957704,0.5658536585365853,0.8371813783633718,0.10099420214971959
145,cg5,0.01732075061511997,0.5665094027500231,0.13224869620974003,0.11951219512195121,0.9842164064710405,0.29596519854165065
145,pcg5,0.31302405268283506,0.7344070510699681,0.20596199813744545,0.35853658536585364,0.9513882075181906,0.2705178095110849
145,poisson_pcg5,0.3588817719425386,0.6465373264693037,0.20453590150416334,0.23170731707317074,0.8533670706484237,0.1079594345920115
145,cg10,0.031219765251097247,0.5694202188901976,0.14283338555583697,0.12682926829268293,0.9753403309804821,0.19341703511206182
145,pcg10,0.4813514735959417,0.8250135648399349,0.25320486768745665,0.524390243902439,0.9000601810398212,0.15664559612382395
145,poisson_pcg10,0.9740937372245819,0.9984416976562603,0.35109685014871433,0.9341463414634147,0.18821832731326435,0.03530814363036928
145,cg20,0.0617989931070577,0.5780970845519633,0.15292967732553012,0.13902439024390245,0.9624004705041965,0.1252387519643417
145,pcg20,0.670508424029722,0.8549012082633035,0.2644414694574565,0.5756097560975609,0.7929113292130057,0.07439053413120032
145,poisson_pcg20,0.9998932187381816,0.9999900745073648,0.35349730013802616,0.9951219512195122,0.008051534219616699,0.0027568267872998195
145,cg40,0.14975926701174405,0.60408070087212,0.16552822771897932,0.15365853658536585,0.936194529497079,0.08794731825919044
145,pcg40,0.766006499726247,0.8176250281222291,0.2483758887553606,0.4682926829268293,0.7601149843304449,0.05071982721540903
145,poisson_pcg40,0.999999998603016,1.0,0.3535029468037551,1.0,1.6965837242783948e-06,7.033695978931586e-07
145,cg80,0.3070881971774107,0.6414217275650781,0.19505735768030483,0.21951219512195122,0.8898858172818349,0.05849315040509996
145,pcg80,0.7814963858837902,0.795812103807419,0.2572967570403771,0.47317073170731705,0.682299191052694,0.03971496174235342
145,poisson_pcg80,1.0,1.0,0.3535029468037551,1.0,5.441166530380369e-13,4.1985201641938265e-13
145,poisson,0.4054658079518115,0.7184779587893546,0.1790633821330578,0.17560975609756097,124.584509572923,438.4828535842608
145,amg,0.9410533685376083,0.9742744464883607,0.3372744151641459,0.8170731707317073,0.3593901041918528,0.07900225954421465
145,oracle,1.0,1.0,0.3535029468037551,1.0,7.418379451802697e-14,4.6413326965634706e-15
146,ensemble,0.4335523217426135,0.7229338432830883,0.2085216198596748,0.3,,
146,raw,0.03378517871000938,0.6487268901446475,0.1325242881348095,0.23658536585365852,,
146,smoothed,0.04803243664705749,0.7103013379564073,0.18088935897083022,0.35853658536585364,,
146,prediction_magnitude,0.6931912513302951,0.8594695816735703,0.17343033990764006,0.14390243902439023,,
146,boundary_distance,0.4608527989288585,0.8168031973320276,0.16029414982152052,0.24198606271777,,
146,jacobi1,0.2538433282715017,0.6706271587946482,0.19254024650777526,0.3146341463414634,0.9737048281192898,0.5750865711659201
146,jacobi5,0.3302775184393499,0.6756944536347154,0.20056248049205255,0.3146341463414634,0.9471151559181625,0.26973136217143445
146,jacobi10,0.35089500710114885,0.6648955176475259,0.19828545352400606,0.3024390243902439,0.933000323738768,0.1974397426131431
146,jacobi20,0.39371876588370747,0.687511083466776,0.1957088994246557,0.275609756097561,0.9136575174022039,0.13814920176819914
146,jacobi40,0.44865412226772294,0.7097243359845427,0.2099593863140942,0.3097560975609756,0.8863718769538721,0.08348201643147748
146,jacobi80,0.5180378825444957,0.7452695102100234,0.22203447181226416,0.36585365853658536,0.8517854208782666,0.04426655356820587
146,cg5,0.02877900711433632,0.6459497373052949,0.1282877944876866,0.22195121951219512,0.9842431843097312,0.21881414579293343
146,pcg5,0.3519275477955705,0.6586278998980982,0.1961612405218668,0.2926829268292683,0.9330674561359401,0.19995575537239046
146,poisson_pcg5,0.534714652722923,0.9101484853698238,0.2841617528519077,0.651219512195122,0.8439111893995016,0.08760875101428581
146,cg10,0.04145199004833341,0.6459953945714172,0.1382634604670532,0.24390243902439024,0.9784168410024744,0.12663396574075894
146,pcg10,0.45191496411343823,0.7175277582944033,0.2054775258704948,0.3048780487804878,0.8911595534444156,0.08657717506703874
146,poisson_pcg10,0.958962530711295,0.9984006722867012,0.34414574583750185,0.9414634146341463,0.23145775649044636,0.026265022113625722
146,cg20,0.06833335128457703,0.6446011937059143,0.140144580666353,0.21951219512195122,0.9730137238499769,0.08701403977186656
146,pcg20,0.5493415654942954,0.7618682423937642,0.2205059982216896,0.36585365853658536,0.8374259837183955,0.033347004614427515
146,poisson_pcg20,0.9998607858350411,0.9999894128078557,0.34620468872192983,0.9951219512195122,0.010244781186666116,0.0026753532309123115
146,cg40,0.17581520125006594,0.6443636435821765,0.1805614113871862,0.275609756097561,0.9491558370458946,0.05699089596157314
146,pcg40,0.661395159798479,0.7922051797837566,0.25045494203622887,0.48292682926829267,0.7469986619969661,0.02288306388086377
146,poisson_pcg40,0.9999999989522621,1.0,0.3462082048729873,1.0,2.572164126731096e-06,8.089041057823899e-07
146,cg80,0.33092940266195847,0.678123552532324,0.20560079693213412,0.3024390243902439,0.9199019521066981,0.03843534862511431
146,pcg80,0.6709075419936169,0.8023437396609452,0.25276255101643935,0.48048780487804876,0.7273735260747787,0.021031628078679046
146,poisson_pcg80,1.0,1.0,0.3462082048729873,1.0,2.4133547775470825e-12,3.768950297710213e-13
146,poisson,0.49583127679834305,0.9108611357410373,0.26377916288068676,0.5951219512195122,103.3937740263787,441.01389979066124
146,amg,0.6704698042339342,0.8234373966094517,0.256233533825805,0.5463414634146342,0.7535877616159498,0.06621738903895844
146,oracle,1.0,1.0,0.3462082048729873,1.0,2.1912242155488476e-12,6.608015270594173e-14
147,ensemble,0.19669404378013575,0.5862770138824557,0.13246962731970197,0.17804878048780487,,
147,raw,-0.044523030844958476,0.5656730145706231,0.09769280248082855,0.11463414634146342,,
147,smoothed,-0.020230228821499874,0.6179988883448249,0.1028855606955083,0.14878048780487804,,
147,prediction_magnitude,0.43702801624571797,0.6318456122705557,0.11724828064078067,0.05853658536585366,,
147,boundary_distance,0.22513871710079364,0.5198801000489658,0.07104580076991214,0.03130081300813008,,
147,jacobi1,0.10382977979733228,0.6553061683628231,0.15089782925720832,0.275609756097561,0.9506973651145842,0.7122760021741895
147,jacobi5,0.20698514376724997,0.7587066421396715,0.18769820709401344,0.40487804878048783,0.8740503550848544,0.4562303927533118
147,jacobi10,0.2756762869127862,0.8226949697603324,0.21063724571628514,0.4951219512195122,0.8210110303144543,0.3519788039422854
147,jacobi20,0.36848911586758065,0.9001118272170242,0.2310603108334871,0.5878048780487805,0.7486267348674289,0.2536822208863318
147,jacobi40,0.4947995776121253,0.9551169223032436,0.2529978566886035,0.7073170731707317,0.6556312171023946,0.1699505983077872
147,jacobi80,0.6280697824633364,0.9780130487143178,0.26888505164258864,0.7878048780487805,0.5473988527119926,0.11344638718889725
147,cg5,-0.02346386003930778,0.5792623373873457,0.1132691474913674,0.15609756097560976,0.9668550184194017,0.34353245509045627
147,pcg5,0.28615170024680797,0.8352460860474041,0.21179280475946846,0.5024390243902439,0.7930143007101821,0.3260396417991814
147,poisson_pcg5,0.6424625549629364,0.8486302820163307,0.2305716328100921,0.48048780487804876,0.6883143385100844,0.09983264237636517
147,cg10,-0.004087694291130113,0.5929985574950704,0.12425178603849837,0.18292682926829268,0.9504186566991151,0.2123584942632664
147,pcg10,0.4865627304674263,0.957604250757646,0.25350965308191237,0.7146341463414634,0.6445319727536006,0.17222330645206346
147,poisson_pcg10,0.8265457232705562,0.9568280772335667,0.27004791277097556,0.7219512195121951,0.34371374128006793,0.05821304165591811
147,cg20,0.011651269389019574,0.6082719055622461,0.12562718517414018,0.2,0.9280219210261554,0.15110481824176916
147,pcg20,0.7124919002870859,0.982484152296759,0.274294632587618,0.8073170731707318,0.46504728276170887,0.09416948810993879
147,poisson_pcg20,0.9999104447725867,0.9999821341132565,0.28610264433367966,0.9926829268292683,0.009463896244750393,0.0024345065569629414
147,cg40,0.04865214937714633,0.6528506014848537,0.1580280073862434,0.3121951219512195,0.8710719538483227,0.10025347324899941
147,pcg40,0.8306451754516839,0.9809635668250334,0.2739485936390835,0.7707317073170732,0.32442993099034295,0.04839050516123683
147,poisson_pcg40,0.9999999958090483,1.0,0.2861097221372708,1.0,5.971571561039417e-06,2.9039548257793906e-06
147,cg80,0.20628512052562809,0.7609067930071596,0.20952982528359756,0.45121951219512196,0.7714379504463117,0.0645462654561489
147,pcg80,0.9067880141403833,0.9933294072495799,0.28024601512464764,0.8512195121951219,0.2174114673179153,0.029960011190158783
147,poisson_pcg80,1.0,1.0,0.2861097221372708,1.0,6.459403430302543e-12,1.9620330155577495e-12
147,poisson,0.09097016382458666,0.5644587959715733,0.05665729484450924,0.03414634146341464,197.2181714392541,451.6055935059241
147,amg,0.9766810286744366,0.99780117253153,0.28420030656487605,0.9073170731707317,0.17942194464420663,0.09362666134358208
147,oracle,1.0,1.0,0.2861097221372708,1.0,3.918504464175433e-14,5.5061094271544075e-15
148,ensemble,0.2739908016849415,0.7348742109233355,0.16270730975356476,0.2731707317073171,,
148,raw,-0.009459976961778967,0.4904013869221709,0.12814887640023892,0.14634146341463414,,
148,smoothed,-0.01527669558088157,0.5005822955679367,0.1480545174533066,0.17560975609756097,,
148,prediction_magnitude,0.3054790628980653,0.6984516231488956,0.10605772141466766,0.07804878048780488,,
148,boundary_distance,0.3108048979124778,0.7291624207614837,0.0912209114041607,0.07148664343786296,,
148,jacobi1,0.18255842302109962,0.5673378505353149,0.151230029836994,0.1878048780487805,0.9696493679868962,0.6282338266845329
148,jacobi5,0.28142728389831834,0.6003718751240686,0.16160269170876101,0.2097560975609756,0.9273443050026926,0.34231932676568144
148,jacobi10,0.32719068159601056,0.6418783002263012,0.16086618400468491,0.2073170731707317,0.8988662431945705,0.25759303579328
148,jacobi20,0.3992087430547546,0.7056985561716713,0.17324119255972192,0.2658536585365854,0.8572234516173965,0.19205693837883273
148,jacobi40,0.47822622091647066,0.7852235882640975,0.19230249825491147,0.3463414634146341,0.7940382004418952,0.13868973501182777
148,jacobi80,0.5726845750718498,0.8846737159721028,0.21718985651521214,0.45365853658536587,0.7030306599573343,0.08649400350253457
148,cg5,-0.0040572541855874176,0.4929575321255112,0.12854237196402188,0.14634146341463414,0.9735487807428488,0.2721139223534337
148,pcg5,0.33150709394035305,0.640616439262602,0.15583597506155875,0.1902439024390244,0.8952059477356986,0.25247827437861237
148,poisson_pcg5,0.4300834639233926,0.7539060122017389,0.1550731518049085,0.15609756097560976,1.0387584968490595,0.09112486522014474
148,cg10,0.002246280160045186,0.49754509482153964,0.13404879645393897,0.16097560975609757,0.9613751264897947,0.18048909715338082
148,pcg10,0.4584066601475014,0.7510706298055927,0.1881489951787576,0.33170731707317075,0.8075317311675685,0.15198229983647546
148,poisson_pcg10,0.8347434737240732,0.9942279951828276,0.30895998629853144,0.9048780487804878,0.38421617861229485,0.04330741844776747
148,cg20,0.037546830918171605,0.5080482511281976,0.14194074933292095,0.17804878048780487,0.9426175477278802,0.09721761452881376
148,pcg20,0.6468675432489466,0.9237583208713259,0.24076142294808756,0.5609756097560976,0.6151091365894551,0.04265486545540849
148,poisson_pcg20,0.999637385401216,0.9999609597289679,0.3137968688536003,0.9926829268292683,0.012731274019103364,0.0027154755298205917
148,cg40,0.1680748458665704,0.5546669666371108,0.15718284129351637,0.2048780487804878,0.9076895804178338,0.06525748245062052
148,pcg40,0.7304166437212054,0.9468860421105567,0.28207019396109223,0.7878048780487805,0.4955848514919661,0.023322852762305387
148,poisson_pcg40,0.9999999979045241,1.0,0.31381662836859303,1.0,2.359541099429119e-06,8.380603619155399e-07
148,cg80,0.3413334954253805,0.628539761523497,0.18304562502292146,0.2707317073170732,0.8627466407754018,0.042462991570049013
148,pcg80,0.8187921117317818,0.9555351163929436,0.29380426257420633,0.7829268292682927,0.42351173410902215,0.01679672898610103
148,poisson_pcg80,1.0,1.0,0.31381662836859303,1.0,3.3469064460267784e-12,1.814716060234942e-12
148,poisson,0.3769398777504938,0.7522021359660152,0.1480892013055789,0.15121951219512195,178.41560747366367,445.06041311964367
148,amg,0.7598079859187931,0.8984357423606791,0.27723128512346706,0.7414634146341463,0.5357389806453022,0.07662596344223632
148,oracle,1.0,1.0,0.31381662836859303,1.0,3.2516798117744904e-13,1.3301777832000667e-14
149,ensemble,0.5908627354099557,0.8228564244405331,0.2606671513138467,0.4292682926829268,,
149,raw,0.15440315945940297,0.7284993978534468,0.19449889026275013,0.33902439024390246,,
149,smoothed,0.21091026632185753,0.8118172915315697,0.25003632504907897,0.4609756097560976,,
149,prediction_magnitude,0.7722506360071618,0.8455249262205048,0.2416113993520084,0.3024390243902439,,
149,boundary_distance,0.36229919719067033,0.6998888344824848,0.15481008285317244,0.2124274099883856,,
149,jacobi1,0.3767341330982601,0.7036678003784921,0.21720803442133835,0.33414634146341465,0.9845704770157143,0.5760217127897921
149,jacobi5,0.41468575163966803,0.6958511440784511,0.21034655291698373,0.3048780487804878,0.9714654400058182,0.26266010277965474
149,jacobi10,0.42409118318868405,0.7029723541945132,0.20675345477586177,0.3,0.9621280744969862,0.19405993885011047
149,jacobi20,0.4443260084366095,0.7224335984542699,0.21346960499193102,0.3195121951219512,0.9502262629788456,0.15040340634844157
149,jacobi40,0.48312026970758776,0.7426849119277954,0.22087599471809363,0.32926829268292684,0.9361682133146363,0.11622025084488963
149,jacobi80,0.5348066172237728,0.7501316782022948,0.23560868484228717,0.33902439024390246,0.9199570594082005,0.08184886910254228
149,cg5,0.1481367981580599,0.7178751505366383,0.1910301926106348,0.32926829268292684,0.9890232304852972,0.21838766037321014
149,pcg5,0.41304173884882717,0.6946825827455236,0.20545460417700018,0.29024390243902437,0.9628591273527344,0.19394492239743893
149,poisson_pcg5,0.5347739559137572,0.6947176528195016,0.2517102206057472,0.25121951219512195,1.120855313100839,0.09918046155702498
149,cg10,0.1631520071571958,0.720901764090891,0.20041674256706402,0.3439024390243902,0.984580762295384,0.1546105873655553
149,pcg10,0.46863481430814424,0.7390018924605958,0.21357932599665974,0.3170731707317073,0.938568459229927,0.12443875001404299
149,poisson_pcg10,0.9669956631960557,0.9947877929674577,0.35984338446125286,0.8707317073170732,0.34767344076116075,0.03079074304799393
149,cg20,0.20985295622897263,0.7243981842965472,0.19984376630553077,0.32682926829268294,0.9753096842852597,0.0955682020849302
149,pcg20,0.5744866344189687,0.7417512539205696,0.25290152582161163,0.37317073170731707,0.9035415280495145,0.04992750734101018
149,poisson_pcg20,0.9999330095557614,0.9999748554186573,0.3645457397146646,0.9902439024390244,0.013277910968819901,0.0027556144323965985
149,cg40,0.32597089895246323,0.7323021849317788,0.2316149700047331,0.4024390243902439,0.9603312195712049,0.06614856008980577
149,pcg40,0.6447223205582505,0.7480393843547768,0.2631920382156989,0.3829268292682927,0.885724605229191,0.03336185762740272
149,poisson_pcg40,0.9999999987776391,1.0,0.36455609066888556,1.0,2.429546192863011e-06,7.712958675428369e-07
149,cg80,0.4515600605167857,0.7624406124690656,0.25364006558353097,0.4170731707317073,0.9375904003286216,0.04136442572728491
149,pcg80,0.6409721980078339,0.817097653613541,0.2792575646645865,0.4658536585365854,0.8319874051624175,0.030944083378935314
149,poisson_pcg80,1.0,1.0,0.36455609066888556,1.0,2.1907946325048046e-12,4.839124979624699e-13
149,poisson,0.4516097409329596,0.8131387054510806,0.21436211135560385,0.35365853658536583,74.46931780503787,447.0372591302667
149,amg,0.6755304849207877,0.8538669719307068,0.30530050298955874,0.6024390243902439,0.7871939962117387,0.06811638547496934
149,oracle,1.0,1.0,0.36455609066888556,1.0,2.1539849932914305e-12,7.742305079315526e-14
150,ensemble,0.202501927523523,0.6144806320553711,0.12977462629140818,0.17560975609756097,,
150,raw,0.2110242733085095,0.6349701573521432,0.14667526202579464,0.2146341463414634,,
150,smoothed,0.2829238673854876,0.6588601564257639,0.14475815315159235,0.2121951219512195,,
150,prediction_magnitude,0.40544866381559014,0.7433413178407422,0.08702408284418048,0.041463414634146344,,
150,boundary_distance,0.3826500064190229,0.7480923203154983,0.11281914009152386,0.09529616724738675,,
150,jacobi1,0.19865571657565037,0.6317384169500946,0.15340933266156964,0.22439024390243903,0.9240413620030243,0.6143438042830578
150,jacobi5,0.3098065637891368,0.7147360480658523,0.1715540104001545,0.2975609756097561,0.8444355727492503,0.28578955407003215
150,jacobi10,0.3676250154646123,0.7683753953654566,0.18312688075334474,0.35365853658536583,0.8011320196789521,0.19629771605246968
150,jacobi20,0.42775275599088186,0.817550917777219,0.19696426780095488,0.4146341463414634,0.7489311420883662,0.1252822112405704
150,jacobi40,0.48252374027531536,0.874251287005545,0.2139388491295687,0.48292682926829267,0.6868538041189239,0.07152110295662682
150,jacobi80,0.5357876139254378,0.9133841959689266,0.22789262083885672,0.5195121951219512,0.6204406146446356,0.03977607914442023
150,cg5,0.21239599681537952,0.6370128237364848,0.15186615069727813,0.22682926829268293,0.9622812093392948,0.22976489010703122
150,pcg5,0.36859300083243485,0.7662758228233395,0.1823168993872726,0.3463414634146341,0.7995216386901367,0.19843416041767437
150,poisson_pcg5,0.3258386920589733,0.6925446316318833,0.15133952735754688,0.28292682926829266,1.022358296553681,0.10680711133638487
150,cg10,0.2161381839731185,0.6424248640207509,0.15580869912375797,0.23902439024390243,0.9506051913691516,0.13568994130162718
150,pcg10,0.46740762503034256,0.8530821963130103,0.20930795895027984,0.4658536585365854,0.7044909711120101,0.08228723499999369
150,poisson_pcg10,0.9187432892383733,0.9843759511930442,0.2745836411484333,0.8097560975609757,0.31106282425981935,0.03102338621297964
150,cg20,0.2142372234013698,0.6504380450749706,0.1582628537568939,0.25121951219512195,0.9316343310190729,0.10130455813057963
150,pcg20,0.5479709307617877,0.9206172333020128,0.23400424418402044,0.5414634146341464,0.5976490819622418,0.031818085242876416
150,poisson_pcg20,0.9999924540165971,0.999996691502455,0.28978620134193606,0.9975609756097561,0.0019915965833329154,0.0004047312154915331
150,cg40,0.21708094522420365,0.674738959543692,0.16356709671862635,0.29024390243902437,0.8707169870008461,0.058520700722058006
150,pcg40,0.6494327174743582,0.9334899355504678,0.25011755066768243,0.6170731707317073,0.5107314328272331,0.012108578338512773
150,poisson_pcg40,0.9999999998253771,1.0,0.28978896960675476,1.0,4.6945834831881707e-07,2.477442193633172e-07
150,cg80,0.2885503119018115,0.7352818178208912,0.1790184238763314,0.35609756097560974,0.8169188403806514,0.0342730888094032
150,pcg80,0.7821773771400119,0.9616644389449863,0.2669351082090127,0.6951219512195121,0.3881551988921694,0.010719537765445738
150,poisson_pcg80,1.0,1.0,0.28978896960675476,1.0,3.22165728086316e-11,4.677856826792189e-13
150,poisson,0.30571157968653473,0.673204478382277,0.14417636932372624,0.2634146341463415,172.54675032799253,431.87763195810487
150,amg,0.7137687069421609,0.9543070021042045,0.2563060694382917,0.6292682926829268,0.4725300173899294,0.06454575165384731
150,oracle,1.0,1.0,0.28978896960675476,1.0,3.208863764238021e-11,4.647800915940256e-13
151,ensemble,0.21242198124062905,0.6494375554173338,0.17463695393986736,0.23414634146341465,,
151,raw,-0.013410848375218266,0.584825245159668,0.13721538466735222,0.15609756097560976,,
151,smoothed,-0.027470045381302863,0.6625550864841259,0.17149160602074984,0.22439024390243903,,
151,prediction_magnitude,0.5624061514916772,0.7542176726704869,0.19432086327792272,0.25853658536585367,,
151,boundary_distance,0.12293697678811298,0.48375130685653034,0.04896881881287152,0.0,,
151,jacobi1,0.20223672915543492,0.6303766393605336,0.1658606674195849,0.21707317073170732,0.9848872652522426,0.6848478561305964
151,jacobi5,0.2731993564961095,0.6432354459192992,0.18013594834152422,0.24146341463414633,0.9602656651421214,0.4975861530519828
151,jacobi10,0.3257296139809259,0.6646003996665034,0.18824906139745304,0.24878048780487805,0.9419989322616069,0.4441186401535231
151,jacobi20,0.3837916649064669,0.6817668700289824,0.206254744234827,0.28536585365853656,0.9138326922111907,0.4003919394455837
151,jacobi40,0.4772271563229505,0.7471004327514789,0.2422458441713765,0.35365853658536583,0.8688925596426649,0.3602636573469972
151,jacobi80,0.5978581353094621,0.8301040191628177,0.28707208272022033,0.4609756097560976,0.7982293081375791,0.31610476495186307
151,cg5,-0.008703121444675862,0.5797069994574064,0.13572077937437224,0.15121951219512195,0.9859064964180543,0.4523716626622159
151,pcg5,0.3305779232475787,0.664061114566653,0.19545150963083835,0.275609756097561,0.9379412320388086,0.43971307575235236
151,poisson_pcg5,0.4199500870907731,0.9394227333483318,0.3782136928506945,0.7414634146341463,0.5293944723420958,0.12112127339809921
151,cg10,0.010021007809643167,0.5887186850707357,0.1512419923492353,0.16341463414634147,0.9671773459629526,0.3805837295657897
151,pcg10,0.46973265981105183,0.7496631949499093,0.24585774957874867,0.36585365853658536,0.8601386016620508,0.3624713581695844
151,poisson_pcg10,0.7701224267136635,0.9759875865172108,0.3943881075422877,0.7804878048780488,0.3206945490173007,0.07983093051424445
151,cg20,0.07065033018274337,0.6131367203525535,0.1888415112600419,0.22682926829268293,0.8987369714080582,0.27578666477185576
151,pcg20,0.7676250589457375,0.8809079840662758,0.3515213619179347,0.6292682926829268,0.6050504321626453,0.24196709220331236
151,poisson_pcg20,0.9998713065211322,0.9999973532019639,0.4085061914422976,0.9975609756097561,0.0045095447632359726,0.002054394137791199
151,cg40,0.10676543014867934,0.6525647472969575,0.20433307074030377,0.28536585365853656,0.8172102320127104,0.16711269525799138
151,pcg40,0.7906397881227978,0.9797506716250016,0.39984917189100705,0.8414634146341463,0.3510851176894436,0.11225137229627097
151,poisson_pcg40,0.9999999963329173,1.0,0.4085113546748498,1.0,6.840108813928116e-06,3.394241137653125e-06
151,cg80,0.180140875772588,0.7301198999510342,0.2568168263197018,0.3804878048780488,0.7106043540134853,0.0946725242444256
151,pcg80,0.7594817828334255,0.9980929820150073,0.4066932511124321,0.9146341463414634,0.24744046903336087,0.045415759735963346
151,poisson_pcg80,1.0,1.0,0.4085113546748498,1.0,3.5231330979917193e-12,2.4469186310041e-12
151,poisson,0.030911626041255955,0.606979606421132,0.07532702464785555,0.046341463414634146,131.67643352433993,423.590875555182
151,amg,0.9794504176800389,0.9977515450683535,0.4062432651798393,0.9170731707317074,0.20486293174393633,0.12016103328590612
151,oracle,1.0,1.0,0.4085113546748498,1.0,2.0251583602621076e-14,3.60175938507122e-15
152,ensemble,0.30164146905769973,0.6538848378174503,0.15914483566340218,0.2,,
152,raw,0.2147664052853826,0.6869790770615248,0.20853024715006563,0.36097560975609755,,
152,smoothed,0.2615929524688506,0.7402862512076016,0.20003772708693573,0.3439024390243902,,
152,prediction_magnitude,0.3573496207202559,0.6681762238132419,0.07354746298628642,0.0024390243902439024,,
152,boundary_distance,0.3728746178519207,0.6718910048568744,0.12139289389913893,0.09831591173054588,,
152,jacobi1,0.14123379652291815,0.6044558844937337,0.15495826975962623,0.20243902439024392,0.9727991782355588,0.621914077663638
152,jacobi5,0.24504018260172727,0.6433843283088284,0.18918800878184774,0.2975609756097561,0.9404726262689715,0.34794943619290086
152,jacobi10,0.3225938420123476,0.6869936344507233,0.2117926097057683,0.3439024390243902,0.9161301361945822,0.277761449617783
152,jacobi20,0.39556914061906284,0.742394425843336,0.24312639930810365,0.40487804878048783,0.8805275826593834,0.23043928338288422
152,jacobi40,0.47730713941637143,0.8074560300676257,0.27410450673790865,0.48048780487804876,0.8301858889030698,0.1959844067147128
152,jacobi80,0.5401048538081447,0.8511738549289997,0.2950009004647067,0.551219512195122,0.7637122262348623,0.16239344847358148
152,cg5,0.21632853543388308,0.6882310125325887,0.21405599907882847,0.37317073170731707,0.9841175099470287,0.29664451661386304
152,pcg5,0.329340994197711,0.6874078583433691,0.21719583671168655,0.3439024390243902,0.9144352900117361,0.2750080879727988
152,poisson_pcg5,0.45903766993750905,0.8659290922806135,0.2273114782259057,0.3878048780487805,0.9574379698245788,0.09473190112977321
152,cg10,0.2152508562673394,0.6895074308854863,0.22025018183083836,0.3829268292682927,0.9738870530626775,0.23052735939206637
152,pcg10,0.4626538025190526,0.7909936079827429,0.2695689628803431,0.4682926829268293,0.8362687844047915,0.20464231382964998
152,poisson_pcg10,0.8331235367291666,0.9901393539165994,0.36236205891942996,0.8390243902439024,0.39971843825655873,0.029355268986290085
152,cg20,0.21009386436409067,0.6882548337149134,0.2241605192414861,0.3975609756097561,0.9422203973516089,0.1592230968062058
152,pcg20,0.5805866348394608,0.8649563940023557,0.2897704923400768,0.5609756097560976,0.6630677257682779,0.12726648764956694
152,poisson_pcg20,0.9999952565410142,1.0,0.3805693587304072,1.0,0.0011673589344615833,0.0003929330908311053
152,cg40,0.21137697595695637,0.7028016357211863,0.22488837669250414,0.44634146341463415,0.9068608768244993,0.07548626414175087
152,pcg40,0.5645487281201581,0.937090904278549,0.3170278586179526,0.6853658536585366,0.5946817972581555,0.019461004420750442
152,poisson_pcg40,1.0,1.0,0.3805693587304072,1.0,1.965739591498194e-07,1.5937529466751402e-07
152,cg80,0.25829385788487913,0.7419107235022432,0.23239788987390061,0.4609756097560976,0.8729478595225704,0.049628412907144454
152,pcg80,0.48616900084523124,0.9455626430925188,0.3155973824481809,0.6853658536585366,0.6185790394275361,0.013842976353153982
152,poisson_pcg80,1.0,1.0,0.3805693587304072,1.0,2.0386914792544954e-11,4.574418264852154e-13
152,poisson,0.5183066018359945,0.84926485184548,0.18992009491230272,0.29024390243902437,103.70892268561757,442.95286186495287
152,amg,0.9693998229727976,0.9982067943305586,0.3783627854927901,0.926829268292683,0.22892129508448894,0.07707454051574704
152,oracle,1.0,1.0,0.3805693587304072,1.0,2.0060548928139776e-11,4.500238661768571e-13
153,ensemble,0.3935207088341242,0.6501330016013128,0.1431171554307895,0.13658536585365855,,
153,raw,-0.03117647603647268,0.5213001071953205,0.09074368377697195,0.1073170731707317,,
153,smoothed,-0.06697704733724802,0.48545452139274514,0.10490952143477443,0.12195121951219512,,
153,prediction_magnitude,0.6054187683591631,0.801916943477628,0.21201813592640403,0.3780487804878049,,
153,boundary_distance,0.47980804978355174,0.8500152190887075,0.18858777372363897,0.33995354239256675,,
153,jacobi1,0.2211185925654973,0.5971811600915792,0.13524250941267182,0.17073170731707318,0.9723649525100164,0.6368908841645033
153,jacobi5,0.32842253837179625,0.6290181702685177,0.1594493965643213,0.21707317073170732,0.9347606184643795,0.41495155498880826
153,jacobi10,0.3536475434163052,0.6407639982531133,0.17299655513452972,0.24390243902439024,0.9086122504854705,0.351565195154285
153,jacobi20,0.3923873600319876,0.6744471500602146,0.188915003013167,0.2731707317073171,0.8680629559267662,0.28417642202578125
153,jacobi40,0.44486636846228284,0.7262271217394757,0.20983721448782333,0.32439024390243903,0.8026320155938389,0.21512869151011912
153,jacobi80,0.5642837672393407,0.8454435371808954,0.23788011773354742,0.4170731707317073,0.6992156052504532,0.15682988114313437
153,cg5,-0.024699076037612618,0.5223323584293901,0.0919748904325811,0.0975609756097561,0.9813543022853412,0.3558098290569534
153,pcg5,0.34978424473543807,0.6371643529240502,0.1729059856271064,0.23902439024390243,0.8998837576817226,0.344216126677142
153,poisson_pcg5,0.060417040010626026,0.48650133001601314,0.16473545154974767,0.22439024390243903,0.8763029633465923,0.10467635012110843
153,cg10,-0.005709800103611506,0.5320540476158967,0.10536384346276838,0.12682926829268293,0.9657877499902792,0.2357968665679873
153,pcg10,0.423983013324824,0.709386869234943,0.20450083974408292,0.3048780487804878,0.7945629980129649,0.20555509441892916
153,poisson_pcg10,0.3055355590109488,0.7136171141961013,0.17061592309163381,0.23414634146341465,0.8146678406553164,0.08908416976653998
153,cg20,0.03129346488535567,0.5515470534520863,0.11434126013638078,0.15853658536585366,0.9426584180824726,0.16459033577724017
153,pcg20,0.7034602262046696,0.9274426637375435,0.25688996094592315,0.5097560975609756,0.5421910957598884,0.1163972863556217
153,poisson_pcg20,0.9997841645834843,0.9999556661328958,0.3140401325838774,0.9878048780487805,0.011018489196139012,0.0024868387789735336
153,cg40,0.07999606528994459,0.5780547357833861,0.132756903020721,0.1951219512195122,0.9044364236108332,0.10399053187188187
153,pcg40,0.8522424250082254,0.9882204253404444,0.3036958440023444,0.8317073170731707,0.28508390147352575,0.046359916476051574
153,poisson_pcg40,0.9999999949359333,1.0,0.3140557625765995,1.0,5.279780486656755e-06,3.1620591471119035e-06
153,cg80,0.2839179438732084,0.6479857866945463,0.17965506407322937,0.2780487804878049,0.8522980409300565,0.05931864195778617
153,pcg80,0.8979753440086935,0.9888444079774493,0.30369233429029696,0.8146341463414634,0.24608161327997027,0.013241416076642299
153,poisson_pcg80,1.0,1.0,0.3140557625765995,1.0,1.1359066693239123e-11,2.8335615946447984e-12
153,poisson,0.33197221014063943,0.6933730794171751,0.1383174537974481,0.15121951219512195,115.73921733789203,439.49342106404424
153,amg,0.8824690359556288,0.9761556581925016,0.29431652206391284,0.7097560975609756,0.3603988735236948,0.08672479670389827
153,oracle,1.0,1.0,0.3140557625765995,1.0,4.963182067468545e-12,1.688365380543795e-13
154,ensemble,0.30137299528612915,0.6809417307412358,0.14981255185581777,0.2097560975609756,,
154,raw,0.17519905711546507,0.6406971666027024,0.14716749141800248,0.2073170731707317,,
154,smoothed,0.13985712035871645,0.6222364120005823,0.163514399168068,0.25365853658536586,,
154,prediction_magnitude,0.41440440274018964,0.7494891679790373,0.14172267792180143,0.16585365853658537,,
154,boundary_distance,0.211166211937152,0.5543043553061684,0.0978319830453856,0.038908246225319396,,
154,jacobi1,0.2893660942971986,0.7066540502626947,0.18983289522427166,0.32682926829268294,0.8906831858886576,0.5524932837578171
154,jacobi5,0.41436435609992484,0.7682576128528512,0.20960883446084116,0.4,0.7793099196973319,0.24226826550711794
154,jacobi10,0.474358830120382,0.8102133319217077,0.22160865623856288,0.44146341463414634,0.7209953986090384,0.17642924450895628
154,jacobi20,0.5440863799387853,0.8612105130817993,0.24335607152742117,0.5317073170731708,0.6527812495193123,0.13105911605996334
154,jacobi40,0.6276227289162154,0.9044036102325212,0.2593939462269675,0.6024390243902439,0.5766869391693945,0.0978591928696789
154,jacobi80,0.7295299856946051,0.9310581898548231,0.2692736072184968,0.6487804878048781,0.5004757200375586,0.07138087358705333
154,cg5,0.18766371237391383,0.6420913674682054,0.15574167036424996,0.2121951219512195,0.92889748068718,0.19069994780101182
154,pcg5,0.4663483736536428,0.7970991093524609,0.21814096964760352,0.4292682926829268,0.7282369761189244,0.17101470454141138
154,poisson_pcg5,0.4313192383660295,0.736394134695552,0.15842909412599768,0.21707317073170732,0.9582227961438576,0.08533557906146057
154,cg10,0.19990266881070173,0.6512717864563344,0.15888928828761278,0.21707317073170732,0.904713886052726,0.12468834273028252
154,pcg10,0.5943657149112836,0.8915064251022325,0.2521345486508461,0.573170731707317,0.6008305850112271,0.09384598653830348
154,poisson_pcg10,0.8359174635831432,0.9703413046067519,0.2948691963042713,0.7121951219512195,0.33129110477904256,0.02700628788744766
154,cg20,0.23957792665621946,0.6676276749202652,0.17761803556220426,0.25121951219512195,0.8577626316808141,0.07867965279055283
154,pcg20,0.7675224248053834,0.9380821301430594,0.27365508695774265,0.6804878048780488,0.4638887553224761,0.02592286669110903
154,poisson_pcg20,0.9985020635338798,0.9996691502454905,0.3125976770030886,0.975609756097561,0.03166080103736604,0.003110354178324262
154,cg40,0.3580490230025141,0.7299796196551223,0.22047256975554938,0.3804878048780488,0.7517772240425716,0.04635669184226912
154,pcg40,0.8071334088165669,0.9385023093312864,0.28113622925227577,0.7365853658536585,0.43870695578828717,0.011973882466672654
154,poisson_pcg40,0.9999999965075401,1.0,0.312876335728085,1.0,5.521560225187218e-06,2.0000303391779243e-06
154,cg80,0.4973867876876653,0.8127119092677634,0.24957944491535947,0.4951219512195122,0.6485515985093162,0.026231769300141965
154,pcg80,0.8369393667686912,0.9463904291783015,0.2853826024193181,0.7536585365853659,0.4040390892702449,0.008055338811229633
154,poisson_pcg80,1.0,1.0,0.312876335728085,1.0,9.407529822428151e-12,1.5025755249257604e-12
154,poisson,0.24981734731775732,0.6419907891428345,0.14196988731498966,0.1926829268292683,205.80107269628985,457.57966895448016
154,amg,0.8439840955682865,0.96057594325265,0.2882339720440935,0.7536585365853659,0.37463859850517145,0.05756454781038676
154,oracle,1.0,1.0,0.312876335728085,1.0,4.027131331111333e-12,6.589602939068132e-14
155,ensemble,0.2766248531560326,0.6165292537352938,0.13985716069034307,0.17804878048780487,,
155,raw,0.26602335032121693,0.7374879239839605,0.19959103337027312,0.3902439024390244,,
155,smoothed,0.32678545339896253,0.7806492595582494,0.19958928368547602,0.3902439024390244,,
155,prediction_magnitude,0.3633060593871286,0.6868818072336991,0.15619120617330984,0.21951219512195122,,
155,boundary_distance,0.29929530568658613,0.6438720008469754,0.11323537752613967,0.11509872241579558,,
155,jacobi1,0.17101665063068797,0.6344666040257798,0.15314442164870204,0.22439024390243903,0.9543757029266361,0.5672000289069822
155,jacobi5,0.22632620488049196,0.6688048383468099,0.17213087819632542,0.28292682926829266,0.9040962861091647,0.2719907253245409
155,jacobi10,0.2393626519541347,0.6892917168455461,0.17923629032581126,0.3170731707317073,0.8756854387035584,0.20391956655335233
155,jacobi20,0.26041357985601676,0.7270304249434247,0.18451923185133465,0.3439024390243902,0.8413603032534074,0.15194445559367037
155,jacobi40,0.29526077160536257,0.77254145547424,0.18831154648348195,0.3829268292682927,0.8043445673173834,0.10364961604736718
155,jacobi80,0.3413437155853005,0.8074606619641889,0.1901983390361162,0.4146341463414634,0.775918439003716,0.05873283100150881
155,cg5,0.2574712087895324,0.7293576221166443,0.1977073375952606,0.3780487804878049,0.9714244015949088,0.24342905096157239
155,pcg5,0.2381898872499846,0.6826681047602663,0.1780681443670114,0.3146341463414634,0.8762327264100672,0.20688589575373328
155,poisson_pcg5,0.4515008341600685,0.8377737781718566,0.17352131104380594,0.32439024390243903,0.8039166970941675,0.1025570621236183
155,cg10,0.26346129748180797,0.7387663274353851,0.1977751588761568,0.3829268292682927,0.9571066784425479,0.1572098339253568
155,pcg10,0.2873335683968369,0.7628594682582746,0.18255408615358237,0.36341463414634145,0.8072414454786474,0.11350012168504092
155,poisson_pcg10,0.9574682244825795,0.991102788401731,0.2842415343775819,0.8097560975609757,0.22383833884968976,0.030655507595295593
155,cg20,0.26080988377037695,0.7398971718962984,0.19596795067974102,0.3853658536585366,0.9402643416492639,0.10164396180891964
155,pcg20,0.37783154029745475,0.8238370631128992,0.19444784434493861,0.45365853658536587,0.7668449379728006,0.034027475510327906
155,poisson_pcg20,0.9999931500638478,0.999996691502455,0.29256726275268663,0.9975609756097561,0.0019010717575708748,0.00034423862229812516
155,cg40,0.2457734690788221,0.7514166986488096,0.18278548617988236,0.36829268292682926,0.8854945429572469,0.06217401323935456
155,pcg40,0.4052611227372772,0.8218863729603113,0.1912417384823905,0.4682926829268293,0.7720226149988296,0.01868194538958334
155,poisson_pcg40,1.0,1.0,0.2925679170671834,1.0,2.1973225702892433e-07,9.49491337975125e-08
155,cg80,0.29469860378718993,0.8133583896880748,0.19767225942115843,0.4219512195121951,0.8184270856985852,0.03428726835026124
155,pcg80,0.6181802062210936,0.8609517885737729,0.23123653528913596,0.43658536585365854,0.586677166163626,0.015748879113049313
155,poisson_pcg80,1.0,1.0,0.2925679170671834,1.0,5.2883176147145205e-12,1.1180595803998422e-13
155,poisson,0.43517022979296255,0.7993932215502296,0.18076592301598035,0.32926829268292684,133.61845474458792,430.8561649056062
155,amg,0.8229966116922752,0.9786039463758718,0.27931049775935257,0.7926829268292683,0.3458936444635437,0.05692095981216918
155,oracle,1.0,1.0,0.2925679170671834,1.0,5.989184956977653e-12,1.218823495907335e-13
156,ensemble,0.057616586971526565,0.5830915924460384,0.11952198778370368,0.15609756097560976,,
156,raw,0.09622558581962948,0.6738668395908051,0.13360222104145789,0.2121951219512195,,
156,smoothed,0.12562917956641645,0.7267372920609293,0.14891427065346766,0.25121951219512195,,
156,prediction_magnitude,0.1706676170881629,0.578926855736273,0.0976573139148835,0.07804878048780488,,
156,boundary_distance,0.13520539594404862,0.6954157458015167,0.11692984115149972,0.13176538908246224,,
156,jacobi1,0.15779675564169174,0.6338684276696267,0.16362791312083078,0.25853658536585367,0.9362477033894383,0.6635754322431652
156,jacobi5,0.2988492730668313,0.6889820414753253,0.18864110122756747,0.3073170731707317,0.8509861762813291,0.3822474599267873
156,jacobi10,0.3673912839852666,0.716189801887167,0.2084406952458744,0.36097560975609755,0.8011255355670032,0.30321339990505225
156,jacobi20,0.4425960626231023,0.7532370339981208,0.22618458918227619,0.4268292682926829,0.7402630604914135,0.24732866433115425
156,jacobi40,0.5367262856806463,0.7885367177057555,0.2460840649113129,0.4975609756097561,0.6640838241456368,0.1984182490912966
156,jacobi80,0.638877051429014,0.8280024615221736,0.2634229659296342,0.5780487804878048,0.5758026659979532,0.15062029039051347
156,cg5,0.11706833168153953,0.6873112502150523,0.15153339238814656,0.24878048780487805,0.9563775392259215,0.3196376820583386
156,pcg5,0.37179718345405516,0.7142999880894089,0.20606966799546392,0.35365853658536583,0.7900156334917704,0.2972165631808659
156,poisson_pcg5,0.4287273400123695,0.9196379180286648,0.2728425709414015,0.6609756097560976,0.6742074031388274,0.0949297822726629
156,cg10,0.1262279539518888,0.6883441631486309,0.15698725332233143,0.24390243902439024,0.9225524823859411,0.23629721198873474
156,pcg10,0.5312460376296624,0.7838287256990856,0.24283338497642115,0.4878048780487805,0.6553889142554775,0.205505293136684
156,poisson_pcg10,0.7291323949834084,0.982972486534415,0.3036065411325537,0.7975609756097561,0.3799409864855719,0.0564302404652685
156,cg20,0.16705522797213365,0.7180107989359872,0.1841287317675967,0.32195121951219513,0.8601879189181852,0.15355513540056345
156,pcg20,0.7087945744747788,0.8729199475933989,0.2708282983875853,0.6073170731707317,0.48945532494550353,0.11369456459717497
156,poisson_pcg20,0.9998418057126698,0.9999569895319138,0.31844895856198085,0.9902439024390244,0.009592483676902954,0.0022634490879843354
156,cg40,0.24993520474140826,0.7734241626192714,0.23003401555445227,0.4926829268292683,0.7437680103023994,0.08973439276624261
156,pcg40,0.8093999894234347,0.9877459867924778,0.311158653103862,0.8341463414634146,0.3037986505903608,0.05220105801529256
156,poisson_pcg40,0.9999999883002594,1.0,0.3184945154778284,1.0,1.736397149126605e-05,4.268695764831325e-06
156,cg80,0.41651688588976926,0.8331101200322909,0.2681892650582301,0.5926829268292683,0.6170857408452894,0.04901502133346959
156,pcg80,0.9463118452126701,0.9990014954408903,0.3178916322605856,0.9463414634146341,0.13333588935259505,0.019151173698010636
156,poisson_pcg80,1.0,1.0,0.3184945154778284,1.0,1.1333396104253334e-11,2.9567963134944593e-12
156,poisson,0.10990624208608595,0.6950921747416063,0.14200512197511403,0.25365853658536586,163.30313959778445,437.08200229738105
156,amg,0.722363167657743,0.9020995725421171,0.21659971801377909,0.44390243902439025,0.8183357741086509,0.09033704829850968
156,oracle,1.0,1.0,0.3184945154778284,1.0,4.235451892218978e-13,1.2687061801332834e-14
157,ensemble,0.2642871849605626,0.7467140002382118,0.18798936464271573,0.34146341463414637,,
157,raw,-0.012229149784115689,0.6059976443497479,0.12084525444947428,0.17073170731707318,,
157,smoothed,0.0234536184007596,0.6543341317840742,0.143401472228281,0.24390243902439024,,
157,prediction_magnitude,0.5228573543954368,0.7535903815359369,0.17367434358558462,0.1926829268292683,,
157,boundary_distance,0.2550498193810054,0.6511083466776068,0.057821257646837806,0.01997677119628339,,
157,jacobi1,0.2033544565338504,0.667898310019454,0.1659339362912616,0.26097560975609757,0.9718109834726977,0.6732639553254807
157,jacobi5,0.2880829406201916,0.7188610828050765,0.19965360012439337,0.33170731707317075,0.9289218314640615,0.4213351116600112
157,jacobi10,0.32456830716447127,0.7340034143694666,0.20958253454288467,0.35121951219512193,0.901400467726927,0.35040236384895107
157,jacobi20,0.36605914663782846,0.7487262284451385,0.22386559385171384,0.3878048780487805,0.8654023105783472,0.29870294778597734
157,jacobi40,0.4270929569811088,0.7626510329129336,0.24718073119632322,0.44146341463414634,0.8154805461697171,0.2577213770798888
157,jacobi80,0.5217599754851671,0.7964857139076003,0.27063810365785157,0.47317073170731705,0.7447684078732444,0.21948737910074748
157,cg5,0.003754223047541711,0.6059202255071927,0.1246679329741662,0.17317073170731706,0.9823840768923267,0.3593893724944364
157,pcg5,0.3297800833647375,0.7339359210195466,0.21298997835617414,0.36585365853658536,0.8925926482819649,0.3422116722062117
157,poisson_pcg5,0.6283792269800516,0.9320255945370088,0.33901589351744615,0.7439024390243902,0.4716711120355498,0.10051435508089884
157,cg10,0.018880488777860333,0.6053624128210897,0.13006325893112988,0.16829268292682928,0.9669635805986938,0.2864061411386102
157,pcg10,0.4114316656083116,0.7587615631989201,0.2358921613765106,0.4073170731707317,0.8121543207959349,0.26268712147050494
157,poisson_pcg10,0.8075607484754994,0.968560671227982,0.34790421257368903,0.7878048780487805,0.344295843990135,0.08525109162239254
157,cg20,0.06776405064100328,0.6306975636224078,0.154409245592026,0.21707317073170732,0.9202320075250013,0.21183866443760457
157,pcg20,0.6386398786543424,0.8611694877122401,0.29200198877731176,0.48292682926829267,0.6126695589595913,0.17717249431831256
157,poisson_pcg20,0.9958488092961013,0.9995685719201196,0.363581668278902,0.9609756097560975,0.04530539750555084,0.014158288746877272
157,cg40,0.11047196348216912,0.6788156902187579,0.19365045899252192,0.34146341463414637,0.8487157696512853,0.1326945075345302
157,pcg40,0.8124516709911702,0.9805374323412253,0.34599414413227886,0.7634146341463415,0.3465603536951174,0.08822398868764007
157,poisson_pcg40,0.9999999937135722,1.0,0.36408285448165784,1.0,1.0113334750697603e-05,4.231177665069305e-06
157,cg80,0.2096209765674942,0.7607698212087927,0.23952179275903676,0.44146341463414634,0.7542167235449632,0.07799956932615197
157,pcg80,0.8835480272393429,0.9992747773381152,0.3632493492433639,0.9609756097560975,0.19405516845230794,0.033420149736658314
157,poisson_pcg80,1.0,1.0,0.36408285448165784,1.0,3.662947540087247e-11,1.733638522019045e-11
157,poisson,0.06405948076844846,0.5970494818892844,0.06525518370293798,0.024390243902439025,140.2900481074214,444.2303362347949
157,amg,0.9223376912107805,0.9940996254780778,0.3578651878524528,0.875609756097561,0.28451622964859513,0.10202505527359033
157,oracle,1.0,1.0,0.36408285448165784,1.0,3.910112241943587e-14,6.4884737188678714e-15
158,ensemble,0.4649885119374514,0.7891507748501251,0.19148088717972364,0.3878048780487805,,
158,raw,0.21444726779556383,0.8052115453330334,0.17913463036776522,0.40487804878048783,,
158,smoothed,0.32618064247124007,0.8799769728570861,0.17592994642177878,0.3926829268292683,,
158,prediction_magnitude,0.7277996950006862,0.7567215436126147,0.1480893753689178,0.05121951219512195,,
158,boundary_distance,0.7788768578132411,0.9176250281222291,0.23332862034022564,0.50801393728223,,
158,jacobi1,0.13237229342044032,0.6610060479335125,0.15614570688929763,0.28536585365853656,0.9893304120106285,0.5955149674766557
158,jacobi5,0.21383229206341015,0.6747813083122692,0.1655334083182905,0.28536585365853656,0.9775934694087687,0.2932002047830781
158,jacobi10,0.21904736759050888,0.6510282810370155,0.16542826679372513,0.25853658536585367,0.9722698693528576,0.21936255334319715
158,jacobi20,0.22414172990952685,0.624810423090666,0.1637574893454967,0.23902439024390243,0.9665909658485544,0.15991710980237406
158,jacobi40,0.2391443178572099,0.6037994785807869,0.16389060318465154,0.2048780487804878,0.9613103171786119,0.1108941815471231
158,jacobi80,0.269810264888552,0.6028049442187314,0.1720211562652692,0.2097560975609756,0.9582519333668864,0.0705140295201466
158,cg5,0.2178279280811431,0.8111900003970197,0.1786274129408254,0.40487804878048783,0.9915351979506883,0.2398845505396508
158,pcg5,0.22047012292089674,0.6431514100816538,0.16249703658757783,0.24390243902439024,0.9719147323187729,0.21991167098574688
158,poisson_pcg5,0.665138259885226,0.7933234519539987,0.19665145129489334,0.4146341463414634,1.2191887353762658,0.09349813994383999
158,cg10,0.21594966692689685,0.7989684104654394,0.17823186244017486,0.3853658536585366,0.988135292380585,0.15064221265781227
158,pcg10,0.22758270724703863,0.5849317787806202,0.16032869086027313,0.2048780487804878,0.9620395210141904,0.12029549395994096
158,poisson_pcg10,0.9788375052931724,0.9961092068869685,0.2853863773198951,0.8951219512195122,0.2353605964629336,0.026937711427988096
158,cg20,0.2198256519682163,0.7955732302846631,0.18328757338055274,0.3902439024390244,0.983529927522597,0.09349486903992638
158,pcg20,0.30090359121824606,0.6003242327594193,0.17817125523042293,0.22439024390243903,0.957912056706262,0.042002471088111275
158,poisson_pcg20,0.9999980030114504,1.0,0.28893101579397473,1.0,0.001900345824489511,0.0009763205637220408
158,cg40,0.213958407932276,0.7546550560459484,0.18200031822794785,0.348780487804878,0.9700285778612692,0.06360122069488829
158,pcg40,0.30070182290618924,0.5998471474134166,0.17801121132819056,0.23658536585365852,0.9601150415645734,0.03566231000446405
158,poisson_pcg40,0.9999999989522621,1.0,0.28893101579397473,1.0,1.9803403951418785e-06,6.537533437532874e-07
158,cg80,0.2569686502763011,0.7169706073078094,0.18434532152545488,0.3073170731707317,0.9531853903376261,0.04343822544741119
158,pcg80,0.6181192343329368,0.9283802919418234,0.21716124995434072,0.5073170731707317,0.6053667727141075,0.02321728142840221
158,poisson_pcg80,1.0,1.0,0.28893101579397473,1.0,9.938800284599962e-13,8.953560900820691e-14
158,poisson,0.6456100392449112,0.7841139181874727,0.19452646813054397,0.4585365853658537,87.23481033537168,439.59685884292384
158,amg,0.600978015887172,0.78771753371359,0.19067603982620937,0.32926829268292684,0.7056497565546251,0.07383907077322127
158,oracle,1.0,1.0,0.28893101579397473,1.0,1.0476725609711113e-12,4.7250897595934914e-14
159,ensemble,0.43857528735540663,0.8381344044042719,0.2513171509995113,0.4585365853658537,,
159,raw,0.0903278536568234,0.7774499424321427,0.21626062800091955,0.4146341463414634,,
159,smoothed,0.16860620704553766,0.8693911041118008,0.283565827732323,0.5829268292682926,,
159,prediction_magnitude,0.5149491899826081,0.7873357330968861,0.11593429858833268,0.05365853658536585,,
159,boundary_distance,0.35142978194151087,0.8550758969336845,0.20337164281769754,0.2980836236933798,,
159,jacobi1,0.30891430892098304,0.7147459735584876,0.21446291601889989,0.33658536585365856,0.9869325170576159,0.5745006137478845
159,jacobi5,0.35817016613240416,0.6938177414872359,0.2148698161686981,0.3024390243902439,0.97317400517885,0.2784384465925105
159,jacobi10,0.3880213720452672,0.6791955057369348,0.2174017383333871,0.2951219512195122,0.9658008375032684,0.20108208186763135
159,jacobi20,0.4283711375698939,0.6690582692587642,0.2186993719389548,0.28780487804878047,0.9587011609392795,0.13882627768085598
159,jacobi40,0.47720989344309384,0.6619760994137343,0.2162631785942426,0.275609756097561,0.953013347378643,0.09291941280583833
159,jacobi80,0.5268776826282701,0.6532721040720988,0.21170010806686418,0.25609756097560976,0.9495065799019827,0.06619763555003456
159,cg5,0.0975086382153005,0.7687611661792147,0.2043570371346305,0.3780487804878049,0.9901941553222156,0.22056577173139363
159,pcg5,0.3865719067310934,0.6769258764209997,0.21758996482705822,0.2926829268292683,0.9654653412618461,0.20074398618793993
159,poisson_pcg5,0.5681717282747762,0.8218711538716038,0.2472038886822825,0.44390243902439025,1.1566766908040182,0.09724944385962773
159,cg10,0.11414239700428527,0.7708766195095483,0.20948723648470904,0.3853658536585366,0.9869198239172198,0.13655447416699773
159,pcg10,0.4627666442464713,0.6595787620925585,0.2187480391888566,0.28536585365853656,0.9537133048528369,0.10002688328765191
159,poisson_pcg10,0.9698294444303815,0.999373370564959,0.4144759628098013,0.9609756097560975,0.16994768983015332,0.033018390047195284
159,cg20,0.16824558105339965,0.7710493230814023,0.21219468199879138,0.3780487804878049,0.9817933468342299,0.09899325789039048
159,pcg20,0.5378306133636825,0.6477164749943756,0.21068862259241133,0.25121951219512195,0.9487693504882976,0.05766284578440494
159,poisson_pcg20,0.9999006692028073,0.9999847809112926,0.4154170448673194,0.9926829268292683,0.006009076652681135,0.0024380104706161598
159,cg40,0.2599329347821957,0.7401744239905774,0.20544675863855502,0.33170731707317075,0.9655442264672399,0.06823869352732055
159,pcg40,0.4701871802373599,0.5755925519103264,0.1701920655650265,0.15609756097560976,0.9649155295234847,0.04426883656541719
159,poisson_pcg40,0.9999999979045241,1.0,0.41542420684683995,1.0,1.9367831200840295e-06,6.720495310732536e-07
159,cg80,0.3917634806226592,0.6911537392639254,0.22978602953955782,0.33902439024390246,0.9387747723094166,0.050593672072325686
159,pcg80,0.45981594209160687,0.5652673927715945,0.16889971599761197,0.14878048780487804,0.9341399832760747,0.042074713135550196
159,poisson_pcg80,1.0,1.0,0.41542420684683995,1.0,3.6987730871066415e-12,4.2546153091658953e-13
159,poisson,0.367994466728201,0.777773513492053,0.2231252917394899,0.4219512195121951,84.59867234655161,457.03111493244177
159,amg,0.47128953136273666,0.5741129918081601,0.15665893060898492,0.13658536585365855,1.0005937456105263,0.07538010844910038
159,oracle,1.0,1.0,0.41542420684683995,1.0,2.567592166467592e-12,1.1525933593852418e-13
160,ensemble,0.30158947139440684,0.6909241295342959,0.14076050784604704,0.21707317073170732,,
160,raw,-0.03751008238237842,0.5315273348067175,0.09920840590639297,0.1073170731707317,,
160,smoothed,-0.018782114740046995,0.5170420708547834,0.11491744874396603,0.13902439024390245,,
160,prediction_magnitude,0.4089056626381003,0.742882760080992,0.11784894998856475,0.12682926829268293,,
160,boundary_distance,0.1831572914452704,0.5818045869009966,0.12027930799675196,0.10116144018583043,,
160,jacobi1,0.199906205100936,0.6435199767081773,0.147681791106192,0.23902439024390243,0.9374269712178864,0.5962755533625107
160,jacobi5,0.2724538823818308,0.678995672485211,0.16742888327889843,0.3073170731707317,0.8595059560052657,0.2688140903846056
160,jacobi10,0.3205666749423996,0.7095853790876487,0.17847184139746944,0.3463414634146341,0.8165468116315496,0.17717018954093192
160,jacobi20,0.3842294323520583,0.7605415348781811,0.18662268626767636,0.36341463414634145,0.7661934692237266,0.11633506308713236
160,jacobi40,0.4559802067770932,0.8212948135992483,0.20383247351584358,0.4121951219512195,0.7105449989720986,0.08363872577104031
160,jacobi80,0.5246136688047786,0.869260749308524,0.22141252458989163,0.4878048780487805,0.6556926960792575,0.06893669187261063
160,cg5,-0.037340668218492315,0.5296004658364544,0.1013794566943866,0.1073170731707317,0.9745890273941258,0.21202450829919492
160,pcg5,0.3145423358708708,0.7026143747601339,0.17629961741148417,0.33658536585365856,0.8167135510502365,0.17320578872753914
160,poisson_pcg5,0.12933282515946853,0.4921079099559308,0.1182213043736671,0.1,1.1099503820836858,0.10987806434865188
160,cg10,-0.02740139951108915,0.5309648902240515,0.10267928924510596,0.11707317073170732,0.9679340027264756,0.13646533169380934
160,pcg10,0.4150836437501509,0.7876043830975478,0.19492192285785903,0.3804878048780488,0.73236122691682,0.07882665873468857
160,poisson_pcg10,0.43239178187034477,0.9159429879703029,0.22145197902433844,0.5048780487804878,0.646097265843237,0.06731904542280584
160,cg20,0.0203073718465602,0.5474795865701467,0.11021738372889757,0.12195121951219512,0.9501700670778643,0.10941243361458668
160,pcg20,0.5579183129773215,0.8813420589441923,0.22713379084835672,0.5195121951219512,0.6265989473006782,0.04346372834443469
160,poisson_pcg20,0.9996940879318135,0.9999814724137475,0.29025034093167285,0.9926829268292683,0.013443454007013713,0.003444060638663684
160,cg40,0.15314037590379273,0.5914256977621323,0.1305630488768919,0.13902439024390245,0.897543250481134,0.06847998567941989
160,pcg40,0.6783122618561469,0.9199389913052685,0.25587389251253273,0.6414634146341464,0.5307628520695233,0.02178824857069562
160,poisson_pcg40,0.9999999366118535,1.0,0.29027396930189286,1.0,7.138886185605511e-05,7.456555337265854e-06
160,cg80,0.29433028652531873,0.6516979209401427,0.1587716356165889,0.23414634146341465,0.8377262361543966,0.0398976774242631
160,pcg80,0.6991759984495713,0.9210658655691277,0.2558946012312677,0.6365853658536585,0.5169320811706952,0.0129699084021001
160,poisson_pcg80,1.0,1.0,0.29027396930189286,1.0,4.112785878747844e-11,1.9592547285356632e-11
160,poisson,0.12256731765280324,0.5709050725884361,0.10037532316804694,0.11463414634146342,131.3102691253308,435.56301616651257
160,amg,0.500273459956517,0.8731601445151728,0.21099109041425038,0.48048780487804876,0.6630580861404419,0.06786179171650426
160,oracle,1.0,1.0,0.29027396930189286,1.0,7.41187347092788e-12,1.635409380018935e-13
161,ensemble,0.3427544903813744,0.6657424930190702,0.15575798271394709,0.2634146341463415,,
161,raw,0.24709871597757363,0.7502421820203009,0.19224196279107444,0.4121951219512195,,
161,smoothed,0.3504757346752537,0.792669692839088,0.18735391956633232,0.3853658536585366,,
161,prediction_magnitude,0.4079780080221524,0.6164888900652435,0.11630469630830034,0.06341463414634146,,
161,boundary_distance,0.40750048752733586,0.6189815121157181,0.11200830703223409,0.06887340301974448,,
161,jacobi1,0.08427612898514816,0.59054365231661,0.12620577346502154,0.1878048780487805,0.98130884333098,0.568673201863191
161,jacobi5,0.15306981284773727,0.6087178910313249,0.1387818666753992,0.22439024390243903,0.9621185742086434,0.2598301432237339
161,jacobi10,0.1598428630199686,0.6288527453912629,0.14041605023131967,0.23902439024390243,0.9483421293847734,0.19482954709712927
161,jacobi20,0.189377681056663,0.6767664068393261,0.1462691695907848,0.2707317073170732,0.9283118987134545,0.14006032686185527
161,jacobi40,0.2524504448234369,0.7117114196101266,0.15534896316654478,0.33414634146341465,0.9005223160190847,0.09065350512027463
161,jacobi80,0.32255862963502513,0.7142073501581462,0.16534666939735623,0.3804878048780488,0.8660003605184988,0.05251854259610539
161,cg5,0.24549595140781336,0.7500271296798697,0.1950302369520374,0.4219512195121951,0.9882381957591801,0.22217853919315078
161,pcg5,0.16064716517591718,0.6239316861426889,0.14062153607735867,0.23414634146341465,0.9493387696173308,0.1985487760743851
161,poisson_pcg5,0.5394139591581126,0.7881085981234202,0.16054935604822773,0.3048780487804878,0.9080527701317078,0.10272302699049597
161,cg10,0.23854388752189357,0.7460132604581607,0.1941214283681623,0.4097560975609756,0.9838006204627213,0.1383654576833284
161,pcg10,0.2413191504957393,0.7085901830260842,0.1515720509614552,0.33170731707317075,0.9064176448369837,0.09709140818777101
161,poisson_pcg10,0.973267546600311,0.992428834217805,0.2535783891203261,0.848780487804878,0.20343123097137544,0.028285050514639483
161,cg20,0.23781891135304264,0.7398396040390138,0.18867242182565805,0.3829268292682927,0.9779727955325254,0.09793566510376799
161,pcg20,0.3381997537983435,0.7086384870902426,0.1683237743683539,0.3829268292682927,0.8522664988545796,0.036313828844120356
161,poisson_pcg20,0.9999969505586707,0.999999338300491,0.2582614269740241,0.9975609756097561,0.0012005803335664307,0.0004203516002346129
161,cg40,0.18902989352160435,0.7131691436284954,0.161700545200753,0.3463414634146341,0.9527819905241002,0.06190245062837488
161,pcg40,0.40871150072900214,0.6850171380172836,0.18113468471985697,0.36097560975609755,0.7956069977773454,0.03148746409267943
161,poisson_pcg40,0.999999999476131,1.0,0.25826153224062665,1.0,8.067966685674535e-07,3.2861309318521156e-07
161,cg80,0.2160081595177969,0.7486673371888358,0.16047879039193375,0.37317073170731707,0.9259990112683376,0.045019188152552354
161,pcg80,0.39344460010105226,0.7960112753596337,0.18266143204125135,0.35121951219512193,0.6909557858763106,0.028255705266067774
161,poisson_pcg80,1.0,1.0,0.25826153224062665,1.0,5.35184786847006e-12,1.5907971960764738e-13
161,poisson,0.5578095280912797,0.7754820480923204,0.16575048923290012,0.3121951219512195,91.33320910482949,450.45725099703554
161,amg,0.6909877305484515,0.9019917155221471,0.2227199496399911,0.47804878048780486,0.5549650606360391,0.06437165523313945
161,oracle,1.0,1.0,0.25826153224062665,1.0,4.994955999304217e-12,1.4467527225104214e-13
162,ensemble,0.3014580340644477,0.7290883104164737,0.1603260333113499,0.28780487804878047,,
162,raw,0.17124875584609842,0.7026798830115268,0.1815939556435813,0.3097560975609756,,
162,smoothed,0.2935218066888821,0.7785166020406813,0.18176005626545405,0.3170731707317073,,
162,prediction_magnitude,0.39937247463719766,0.8359620449161627,0.13626357419471166,0.23658536585365852,,
162,boundary_distance,0.4406082237087916,0.8976628773341451,0.2293831299297293,0.5197444831591174,,
162,jacobi1,0.09616304913483108,0.6453555311461959,0.14219905348130085,0.24146341463414633,0.9887285315281342,0.6445796318282937
162,jacobi5,0.16133615084738812,0.6578199647975861,0.145930573579625,0.25609756097560976,0.9766890537919003,0.4217797403150372
162,jacobi10,0.19254268299344157,0.6441492529412544,0.14447168012916295,0.23902439024390243,0.9685425666793764,0.3717105310287421
162,jacobi20,0.22053620427783305,0.6119542633299366,0.14798851465571333,0.23414634146341465,0.9557828249792306,0.3356808791160386
162,jacobi40,0.2529059991924874,0.5883712928285008,0.15924968603031814,0.23658536585365852,0.9338685209805893,0.30604884322579456
162,jacobi80,0.2810113892049798,0.5721795058428066,0.16734133485499164,0.22926829268292684,0.895479691975859,0.27239732077486783
162,cg5,0.16736892368561693,0.7014206688458637,0.18393578307908412,0.3170731707317073,0.9868320752145225,0.38371747961431774
162,pcg5,0.19717739516110466,0.6421277609412014,0.14835897744885346,0.25365853658536586,0.9684219376362001,0.37009819025203256
162,poisson_pcg5,0.5590761811177951,0.9344580019321626,0.2646407961709469,0.6487804878048781,0.48715839864116633,0.099749373739176
162,cg10,0.1639173191419881,0.6980962905125524,0.18568564305004673,0.3195121951219512,0.9715253533487411,0.3282625946221048
162,pcg10,0.250812292904115,0.5790492701454415,0.15122561927742914,0.2073170731707317,0.9395874562529192,0.3114445312427169
162,poisson_pcg10,0.9839213305115375,0.9975662692058282,0.29958613363819997,0.9243902439024391,0.12426047576902481,0.028560626960917334
162,cg20,0.1694020375415966,0.6934895385307625,0.18704300608942276,0.2975609756097561,0.8968335282239662,0.21851256885897394
162,pcg20,0.2835271650303514,0.5656915421568757,0.1837188082320948,0.26097560975609757,0.8032142740640708,0.18384573087049152
162,poisson_pcg20,0.9999509990418926,0.9999861043103107,0.30086010991318496,0.9926829268292683,0.00511302986148688,0.0024284065180764005
162,cg40,0.16947398256401988,0.6836308775458889,0.18785942162486596,0.28292682926829266,0.8541036274003071,0.11274214184117314
162,pcg40,0.4420338429419007,0.8307101359130792,0.25880450865675814,0.5658536585365853,0.5933805155537873,0.02493416946913841
162,poisson_pcg40,0.9999999989522621,1.0,0.30086748337269525,1.0,2.2410619436247204e-06,6.982105273367964e-07
162,cg80,0.24987927753690048,0.7304514114050528,0.20801825440149405,0.35365853658536583,0.7978385954068489,0.06327283657258809
162,pcg80,0.6085010857848167,0.8442101292960841,0.26125401480809796,0.5829268292682926,0.519164070991846,0.019270199815389667
162,poisson_pcg80,1.0,1.0,0.30086748337269525,1.0,5.1069927533620665e-12,3.514939205562736e-13
162,poisson,0.39699038930226577,0.9115043076638037,0.2452350106950167,0.6024390243902439,105.42813466142178,417.49043522217477
162,amg,0.9547089655314327,0.9864133239813137,0.2928073677088045,0.8146341463414634,0.3067753009494088,0.1303401062596543
162,oracle,1.0,1.0,0.30086748337269525,1.0,5.199173176858415e-12,2.1003029601699632e-13
163,ensemble,0.33571209017939285,0.684962216958035,0.16085389804792083,0.2048780487804878,,
163,raw,0.3679617547775175,0.8134311766340669,0.19192029341031788,0.33170731707317075,,
163,smoothed,0.4836640631705523,0.8690377565739846,0.21219072731089567,0.3780487804878049,,
163,prediction_magnitude,0.3896595613339096,0.6686870558342046,0.09199726417854845,0.0,,
163,boundary_distance,0.448923013871257,0.6214747958657014,0.11305905824994175,0.03246225319396051,,
163,jacobi1,0.22282176902340095,0.6327223641200058,0.17190073563325267,0.23658536585365852,0.9758110094179469,0.6416067531678038
163,jacobi5,0.28858872459472934,0.6312480976139115,0.18748722425397932,0.2634146341463415,0.9431848140191882,0.370008942847887
163,jacobi10,0.3345225691766892,0.6532767359686619,0.19763959805734663,0.29024390243902437,0.9258398147720709,0.29534557527696437
163,jacobi20,0.3674347238995343,0.6663611820600029,0.20556922173732997,0.3121951219512195,0.9063803318736149,0.247463805735066
163,jacobi40,0.38634737386715784,0.6836619774228128,0.21404646017265191,0.35121951219512193,0.8830841744231828,0.2171409534291204
163,jacobi80,0.3855191988271929,0.7224448473459233,0.21857027445097146,0.36341463414634145,0.8512250446297304,0.18855600652272303
163,cg5,0.37796063960015863,0.8128316768788958,0.20264637542878342,0.32926829268292684,0.9753803305871344,0.29868134233917465
163,pcg5,0.3405254249052398,0.649372047165941,0.19243945463249965,0.2804878048780488,0.922368964947485,0.28877285932780783
163,poisson_pcg5,0.5467121942686667,0.7089130923864855,0.23458088867449897,0.4975609756097561,0.9797491572404573,0.08924563138175592
163,cg10,0.374925882667542,0.8157054378465651,0.20741306302417864,0.35121951219512193,0.9609055775099928,0.23930804610639198
163,pcg10,0.3975767193547544,0.677005942061591,0.20933536473742048,0.32682926829268294,0.8880754302123687,0.22591602182008683
163,poisson_pcg10,0.5711548790488506,0.6821797705226103,0.24836983749366387,0.5219512195121951,0.9697212389600058,0.07261019592554556
163,cg20,0.3540922145819308,0.8387438296520784,0.22107850061749537,0.4878048780487805,0.90209870090004,0.1750155638997847
163,pcg20,0.36983434924101305,0.7936351124227465,0.23248867898806114,0.43414634146341463,0.799837939335831,0.15585200624153606
163,poisson_pcg20,0.8665826249856391,0.9902697087198762,0.3326351858095799,0.8170731707317073,0.26997830028344766,0.019783601384736407
163,cg40,0.35409902418017164,0.9033124677421489,0.24199132517689312,0.5804878048780487,0.819584786687569,0.10807768824758637
163,pcg40,0.4356399893932597,0.9283802919418234,0.2593097200657606,0.5975609756097561,0.7056744965024895,0.0816733158797306
163,poisson_pcg40,0.9999999270075889,1.0,0.34130825060879416,1.0,7.974749263903094e-05,2.992860754318652e-05
163,cg80,0.4713251818691489,0.9688796103913291,0.29017461681095125,0.7024390243902439,0.6803028822906192,0.06113746556236259
163,pcg80,0.68386234216596,0.9300934319706735,0.2789402676435104,0.5902439024390244,0.5763328693526617,0.03061485932160783
163,poisson_pcg80,1.0,1.0,0.34130825060879416,1.0,6.348200574068191e-10,1.4120278161804083e-10
163,poisson,0.3832109891464965,0.7302667972420365,0.1542824298982483,0.22926829268292684,126.95006877874269,449.9898243849287
163,amg,0.6119139283895413,0.7129130659185051,0.22221145848988397,0.48048780487804876,0.9987700602650065,0.09677331189508852
163,oracle,1.0,1.0,0.34130825060879416,1.0,1.6190120960814867e-12,4.8999889393714994e-14
164,ensemble,0.27685353156982556,0.6389767478792531,0.12805548686573553,0.1926829268292683,,
164,raw,0.1751526796932067,0.7001634397787276,0.16025131533192263,0.3463414634146341,,
164,smoothed,0.28054201272752954,0.764793615923137,0.157117862301797,0.3146341463414634,,
164,prediction_magnitude,0.408394639624522,0.6676462025065177,0.11984056995208667,0.13414634146341464,,
164,boundary_distance,0.39783863514949985,0.716224871961145,0.14343731440031732,0.23780487804878048,,
164,jacobi1,0.083297863212473,0.61657226420338,0.12450994341073467,0.2146341463414634,0.9784500521881898,0.5654457727228615
164,jacobi5,0.15258390254142673,0.6392056959093736,0.1407875618504138,0.2707317073170732,0.9494216356652656,0.27643019102340116
164,jacobi10,0.17309463037229736,0.6546570411444754,0.14555857138184078,0.2926829268292683,0.9306935980216443,0.20273352633083264
164,jacobi20,0.20100823980944918,0.6734949644667364,0.1472895886921419,0.3097560975609756,0.906084416777544,0.14618922967406206
164,jacobi40,0.23795067645035992,0.6890852665987321,0.14753464354693924,0.3073170731707317,0.8757706153761934,0.10139074948108885
164,jacobi80,0.2782062489354982,0.7065316358535262,0.14904158031297007,0.3073170731707317,0.8416036132679976,0.06629088201008039
164,cg5,0.16508362873257346,0.6899428291624208,0.15937090366071377,0.35121951219512193,0.9896147467361786,0.22361324413829617
164,pcg5,0.1821723858909986,0.6606335111099347,0.14429387674406183,0.28536585365853656,0.9321552549072308,0.1966470801911647
164,poisson_pcg5,0.632628274663081,0.8917711049058401,0.19871888282142003,0.5463414634146342,0.7627129125407992,0.10376040884241515
164,cg10,0.16441096507227215,0.694627661686275,0.15770975800089201,0.33414634146341465,0.9851784997699738,0.14610528314015686
164,pcg10,0.22428579108490665,0.679067136032185,0.1477999457118572,0.3048780487804878,0.8806069745505979,0.10195527846146729
164,poisson_pcg10,0.9807479049361926,0.9943563648875773,0.2324672529610151,0.8560975609756097,0.2109037682178901,0.028848922779040644
164,cg20,0.16035692709297253,0.6871590593279779,0.1542816117239464,0.2975609756097561,0.9776808620137499,0.09883733461707458
164,pcg20,0.2937814117078766,0.7114288739197756,0.15283835057894946,0.3024390243902439,0.8183089351466575,0.03560678328384503
164,poisson_pcg20,0.9999987893387886,0.999998676600982,0.23554026135746026,0.9975609756097561,0.0008596886677761764,0.00031283093854769854
164,cg40,0.14192591982032998,0.6743591440255151,0.14597733848207478,0.3121951219512195,0.9557916209513976,0.05830217164980335
164,pcg40,0.3893756707967659,0.7520810449558647,0.16400528423356084,0.33902439024390246,0.7713393495100797,0.023179782754184097
164,poisson_pcg40,0.9999999998253771,1.0,0.23554042615469603,1.0,1.2339502284375623e-07,4.99489796546938e-08
164,cg80,0.19150545838647462,0.696894644204174,0.14831439610440858,0.33414634146341465,0.9321599846532017,0.04011712325144802
164,pcg80,0.5925339240787283,0.7946137659965856,0.17921170522601187,0.37317073170731707,0.6245596546802654,0.0219998107095519
164,poisson_pcg80,1.0,1.0,0.23554042615469603,1.0,1.2726712475884337e-11,3.65234500887201e-13
164,poisson,0.6289566587686782,0.8571198867170441,0.17975883817755264,0.44390243902439025,90.0045218969208,447.6923876764064
164,amg,0.9848169442529647,0.9905681351984437,0.2316616988631285,0.8341463414634146,0.12674461103754364,0.053636430050613706
164,oracle,1.0,1.0,0.23554042615469603,1.0,1.3399007532580487e-11,3.831657246543198e-13
165,ensemble,0.3510441023081752,0.6615016608657677,0.13417093136618993,0.2121951219512195,,
165,raw,0.15779112352629368,0.742362002567394,0.16681099036473654,0.3853658536585366,,
165,smoothed,0.2621005422197606,0.7924546404986568,0.16617881447988786,0.3780487804878049,,
165,prediction_magnitude,0.4593320097399397,0.7056138586345169,0.11584725936102012,0.13170731707317074,,
165,boundary_distance,0.4041418044983429,0.6579635535910432,0.1133255480126228,0.12055749128919861,,
165,jacobi1,0.053748131673671706,0.660086285615976,0.12088122188843138,0.23170731707317074,0.9824809614315523,0.6273269910807749
165,jacobi5,0.11553066446814923,0.7004717917499306,0.1265548249532376,0.2780487804878049,0.9621278796425068,0.3625309011919799
165,jacobi10,0.1354247459486907,0.7142265394439077,0.12817083379533942,0.2658536585365854,0.9502659771891961,0.27519920009685794
165,jacobi20,0.16202244051446785,0.729691780368699,0.13102621304640333,0.2731707317073171,0.9354107804902582,0.18268760276201412
165,jacobi40,0.19010366497480735,0.7436033508463137,0.13273163235297705,0.2682926829268293,0.9167240099950966,0.09137447828831381
165,jacobi80,0.22852877149203923,0.7474147400182629,0.13667714287238253,0.2707317073170732,0.8957519545407012,0.039482069728271424
165,cg5,0.14803795490826396,0.7331868771753371,0.16496020502456135,0.3780487804878049,0.98690013479128,0.3164145691484593
165,pcg5,0.13725348018037412,0.6970805817662084,0.1277211466970594,0.2707317073170732,0.9500107692032621,0.27131959325578037
165,poisson_pcg5,0.5481889372659773,0.8236855339253338,0.1639562356207425,0.35609756097560974,0.7102682803539072,0.11510168238032407
165,cg10,0.14707229028002042,0.7423580323703399,0.16268845982384783,0.3804878048780488,0.979972786010071,0.15320915704690755
165,pcg10,0.18154522322015304,0.7280567208819131,0.13394100803158626,0.26097560975609757,0.9226774985922598,0.08170528639423674
165,poisson_pcg10,0.9821173372147696,0.9879861837142517,0.21554233386746902,0.7926829268292683,0.15797742029594813,0.03132987370479028
165,cg20,0.14271128952598436,0.7534057673729206,0.16155364131665828,0.4024390243902439,0.9748339044586971,0.11735574965363448
165,pcg20,0.23440056253609812,0.7482584068922621,0.13792475340837376,0.275609756097561,0.8916873576728995,0.03269015077451032
165,poisson_pcg20,0.9999979930579398,1.0,0.2198947592684001,1.0,0.0009332258202870558,0.0004154659304362187
165,cg40,0.11085757575452779,0.758551804454561,0.14844490170279065,0.424390243902439,0.9508355272626428,0.0690732468915307
165,pcg40,0.27784772819816567,0.7169739158053545,0.1396027448828299,0.24878048780487805,0.8588542153182687,0.029040718285324063
165,poisson_pcg40,1.0,1.0,0.2198947592684001,1.0,2.2928965240250235e-07,2.773128490333325e-07
165,cg80,0.17536398015059043,0.7980671757341556,0.14648166961375464,0.4024390243902439,0.9213560720648012,0.043140230495400354
165,pcg80,0.637460902435703,0.8652085015152918,0.19243103473302325,0.5,0.4962106499819037,0.019905367846355507
165,poisson_pcg80,1.0,1.0,0.2198947592684001,1.0,2.8803360458353956e-12,1.0374989625326829e-13
165,poisson,0.5113010114624768,0.8227108505485489,0.16454889170161044,0.3829268292682927,104.06714903602305,410.19633052570776
165,amg,0.8888620871116162,0.9279111469899289,0.20241329882118392,0.7146341463414634,0.2737132335738026,0.07900229705832862
165,oracle,1.0,1.0,0.2198947592684001,1.0,3.4518773752988704e-12,1.184494509139449e-13
166,ensemble,0.3458682673616047,0.7423858237497187,0.20790486680360457,0.33902439024390246,,
166,raw,0.14162467280540528,0.7116776729351667,0.17776500498704276,0.3097560975609756,,
166,smoothed,0.18397720986934513,0.7694519804666305,0.22443548073447367,0.43414634146341463,,
166,prediction_magnitude,0.5239569216810568,0.8247085213662771,0.13982238368292935,0.08292682926829269,,
166,boundary_distance,0.32184130125974675,0.7653282691264243,0.13819071933699234,0.1631823461091754,,
166,jacobi1,0.22840033331198747,0.6541078305519897,0.1905372736762373,0.2634146341463415,0.9634742249655243,0.6583352439159965
166,jacobi5,0.3461918352113827,0.6782903008085968,0.2149521898832609,0.3121951219512195,0.9195401927463304,0.3477880400867615
166,jacobi10,0.3965301148737104,0.685936238635311,0.22369410182862895,0.32926829268292684,0.8953014572885739,0.2419552105789047
166,jacobi20,0.4552899715034833,0.7106189537207364,0.22494457083742103,0.32926829268292684,0.8692273100961937,0.16121238967208504
166,jacobi40,0.5177315244891845,0.7424460384050395,0.22739203689074208,0.33902439024390246,0.8435665099116284,0.10691990198121937
166,jacobi80,0.5638899827855257,0.7538954250095946,0.23289439144600108,0.37073170731707317,0.8206363095122279,0.071008531948805
166,cg5,0.1488758510356345,0.7063026878234057,0.18867993458491555,0.32195121951219513,0.9733255596185842,0.25700341968572066
166,pcg5,0.3987315401493745,0.6864212643754218,0.223817733823992,0.32439024390243903,0.8904445563676564,0.231644364334141
166,poisson_pcg5,0.3834657801588159,0.711166840914204,0.18963593518168126,0.25853658536585367,1.1615475892277276,0.106985597900404
166,cg10,0.1559418125942126,0.7053187406534944,0.195362414794048,0.3146341463414634,0.9646544718116653,0.16400488649407455
166,pcg10,0.5077106588226578,0.7375382131466458,0.22506440582397452,0.32682926829268294,0.8511757716109807,0.11917006375763191
166,poisson_pcg10,0.19141876453142703,0.6149921257758427,0.16288545976290805,0.18292682926829268,0.9814204348494674,0.07894113381262431
166,cg20,0.1819960570058298,0.7087430356126676,0.20381305331677466,0.3048780487804878,0.947052990249529,0.1218900028607398
166,pcg20,0.5714006664996434,0.7497657583738073,0.2350901556554332,0.40487804878048783,0.8115227854147364,0.05508739402795827
166,poisson_pcg20,0.9986854136603572,0.9999457406402604,0.37349935511538335,0.9902439024390244,0.03186868466203911,0.004128848340473067
166,cg40,0.2494248788228186,0.7101689980546034,0.21858447871066403,0.33658536585365856,0.8973612703768342,0.0791926829009436
166,pcg40,0.593068945006386,0.746894644204174,0.24047026513039255,0.4195121951219512,0.7905380212656561,0.02683132089037869
166,poisson_pcg40,0.9999999923165884,1.0,0.37353401923369367,1.0,1.00793207841747e-05,4.076704635279733e-06
166,cg80,0.4155966468138485,0.750385770813758,0.2511606658065955,0.4024390243902439,0.8395395526772186,0.04331371904753789
166,pcg80,0.6339207451752644,0.7641411802072443,0.24447721935724215,0.4292682926829268,0.770314517767554,0.020858507261834823
166,poisson_pcg80,1.0,1.0,0.37353401923369367,1.0,1.3144978389210244e-11,3.0327790503889225e-12
166,poisson,0.27656965517714427,0.7558189854823127,0.17187629963103215,0.23658536585365852,132.22515389662937,445.2939750865191
166,amg,0.6064897222703717,0.739217606500536,0.23206507681097951,0.375609756097561,0.8041086738201436,0.07882582727297868
166,oracle,1.0,1.0,0.37353401923369367,1.0,2.702826294471457e-12,7.137857863746902e-14
167,ensemble,0.38382816809695475,0.6395643370432619,0.13992934494634995,0.14390243902439023,,
167,raw,0.06425233929152574,0.623064859785874,0.13308643227721598,0.22195121951219512,,
167,smoothed,0.12464028536526324,0.706071092995249,0.15576141253405326,0.28292682926829266,,
167,prediction_magnitude,0.5161261699111899,0.6661123830446117,0.11984071678062969,0.007317073170731708,,
167,boundary_distance,0.6048602343180088,0.8906276881542554,0.23518268470251064,0.4256678281068525,,
167,jacobi1,0.18919163998986124,0.6167502613713061,0.15481677667940424,0.24634146341463414,0.979603892232227,0.6803307125150857
167,jacobi5,0.28608294453873157,0.627390389476331,0.16388378969990205,0.23170731707317074,0.9526626402317433,0.3860574557218904
167,jacobi10,0.3238280357676505,0.6178453740587324,0.16395349468429785,0.21951219512195122,0.9370782912351268,0.2628140841570829
167,jacobi20,0.36397186787258795,0.6242982676706854,0.16907301843334197,0.2073170731707317,0.9192719954693,0.1590477445421046
167,jacobi40,0.4113389453391475,0.6539754906501859,0.17516944590213887,0.21707317073170732,0.8993752198615458,0.09027393798967108
167,jacobi80,0.459455772738596,0.6842078795177534,0.19399887602505458,0.28780487804878047,0.878090296711042,0.05987263192787924
167,cg5,0.06387420070865084,0.6218149094133372,0.1354345566257954,0.21951219512195122,0.985582939994912,0.2690439921253331
167,pcg5,0.3247772294313113,0.6056641477972023,0.16320814756299074,0.2097560975609756,0.9326822728225901,0.23778309141881834
167,poisson_pcg5,0.3001763372670725,0.5931117081111126,0.12867046042005204,0.16585365853658537,1.0518764792893998,0.11124683290477654
167,cg10,0.07541035093717506,0.6221358336752114,0.1392114893430752,0.22439024390243903,0.9817109763167512,0.1525948565994522
167,pcg10,0.39979658219915,0.6391216600717282,0.1689586524198947,0.1951219512195122,0.9070860509414339,0.10061279061057593
167,poisson_pcg10,0.806929146888168,0.9927265989968636,0.3127711006898661,0.8634146341463415,0.47538253451076146,0.054687907368076986
167,cg20,0.09737798179936673,0.6233573309688604,0.14569193917961107,0.23170731707317074,0.9760429020730147,0.11439805708849453
167,pcg20,0.471256029766878,0.6879755965221074,0.20087321009816386,0.3146341463414634,0.8719478007129473,0.050337621300422075
167,poisson_pcg20,0.9998223717451393,0.9999761788176753,0.31957497808372576,0.9926829268292683,0.01424802883800777,0.003204032962590863
167,cg40,0.16882957430099393,0.6231720551063351,0.16092786577164156,0.23414634146341465,0.9531578851458707,0.07700343870241619
167,pcg40,0.5601470894524024,0.6931659674708521,0.2134527671739205,0.35609756097560974,0.8358712661319411,0.04048522197352955
167,poisson_pcg40,0.9999999970314093,1.0,0.31959548123185655,1.0,4.078700871470936e-06,3.526301551225822e-06
167,cg80,0.27212537305059276,0.6217308735756918,0.17620817064816457,0.25609756097560976,0.921614533803329,0.05669935231154814
167,pcg80,0.5985405560295056,0.7145911358733772,0.22899438241184794,0.4121951219512195,0.7695592020701334,0.0355359765430017
167,poisson_pcg80,1.0,1.0,0.31959548123185655,1.0,1.052412845029095e-11,3.4267521564649885e-12
167,poisson,0.25592644839016043,0.7076849780977462,0.14069538615477162,0.21951219512195122,90.556539359146,426.62166588995683
167,amg,0.6526635241652519,0.7158245437581885,0.23122739156208794,0.3902439024390244,0.748538639324797,0.08784363589151299
167,oracle,1.0,1.0,0.31959548123185655,1.0,1.288033197358195e-12,7.905087184544076e-14
168,ensemble,0.3824243658223744,0.69919735849556,0.2020470913841269,0.28536585365853656,,
168,raw,0.2349516245065294,0.674945409790506,0.1467694583871304,0.17560975609756097,,
168,smoothed,0.3033029451955934,0.7791161017958524,0.1770189430991107,0.23414634146341465,,
168,prediction_magnitude,0.5436855986908808,0.7261318370101769,0.1973933467946765,0.24146341463414633,,
168,boundary_distance,0.6662110236363994,0.8478607254873417,0.1924620318211315,0.27886178861788613,,
168,jacobi1,0.2729248692325239,0.7071112846234268,0.18352069343315297,0.2926829268292683,0.9803534080643519,0.7370512929610361
168,jacobi5,0.3088464551406662,0.6928516602040681,0.20356568465005587,0.33658536585365856,0.9532259439234407,0.5458395850857012
168,jacobi10,0.3357683025432484,0.7274876593041568,0.21532935022349353,0.36585365853658536,0.9347780232455096,0.47901397532617335
168,jacobi20,0.3704865029069001,0.7721106890938687,0.23762737474354811,0.4097560975609756,0.9071637927760758,0.4148506297756283
168,jacobi40,0.39450582593993555,0.7855041488559216,0.25967217289643996,0.44390243902439025,0.8632530751403408,0.34376550405979545
168,jacobi80,0.4143016226150132,0.7918333046596879,0.2840662708319821,0.5097560975609756,0.7949277133722028,0.2649077791285996
168,cg5,0.23726925527232917,0.6817979699059064,0.14611200827026427,0.16829268292682928,0.986107671286384,0.4837595340112437
168,pcg5,0.34011130036518283,0.7383011526805447,0.21760011062692391,0.375609756097561,0.9256873749894292,0.46589552563008774
168,poisson_pcg5,0.6113553048942607,0.9910061802734142,0.35291022608426426,0.8341463414634146,0.45058920443117195,0.11829654684692303
168,cg10,0.24186948166894431,0.6917287561372629,0.160760968228291,0.2121951219512195,0.9666663795315538,0.35960448856515687
168,pcg10,0.4036169571513173,0.784266770774056,0.26279095690849263,0.43658536585365854,0.8407231140126027,0.3268664257892703
168,poisson_pcg10,0.8092875975248461,0.994976377327528,0.3602700160828808,0.875609756097561,0.30383099060963464,0.09477170231622743
168,cg20,0.2536336635076948,0.7020559003745219,0.1855308608439877,0.26097560975609757,0.9400040284631821,0.24053898887691244
168,pcg20,0.4907704253302024,0.9026249619522783,0.30391211375293536,0.5829268292682926,0.6783203636748633,0.18717257040418225
168,poisson_pcg20,0.9998797574008859,1.0,0.36874701603405935,1.0,0.007612021850266857,0.002586566768707368
168,cg40,0.25488784181682567,0.7070781996479759,0.18162810039479207,0.28292682926829266,0.8980916796644127,0.16893212364561064
168,pcg40,0.687626701030516,0.9926617524449797,0.3596269420603167,0.8707317073170732,0.5047011256329683,0.11254883552181351
168,poisson_pcg40,0.9999999949359333,1.0,0.36874701603405935,1.0,6.914580855299449e-06,4.15473156060251e-06
168,cg80,0.3431195710060676,0.7781414184190676,0.25301371553682545,0.44878048780487806,0.8013996118340699,0.10689122276445677
168,pcg80,0.89338580750785,0.9995884229053902,0.3680781369434224,0.9707317073170731,0.2124268864039156,0.05398720187855541
168,poisson_pcg80,1.0,1.0,0.36874701603405935,1.0,3.3190733463250133e-12,2.3480534007223325e-12
168,poisson,0.6316987458185477,0.8653553988062941,0.23193040384802907,0.35121951219512193,113.85834875617604,406.7529953395202
168,amg,0.9618407114132359,0.9992853645302595,0.3674265809447618,0.9560975609756097,0.2106650359627266,0.1102137827864526
168,oracle,1.0,1.0,0.36874701603405935,1.0,2.979178949499104e-14,5.584733806223735e-15
169,ensemble,0.11954594836657934,0.6056456202109498,0.09736530017143251,0.11707317073170732,,
169,raw,0.10333013975818545,0.6315213795111364,0.10632462100909595,0.13902439024390245,,
169,smoothed,0.08586949290069525,0.621946587615632,0.10943204895067878,0.14390243902439023,,
169,prediction_magnitude,0.11294070215961426,0.5830737265592949,0.0839984334757482,0.05609756097560976,,
169,boundary_distance,0.01831158080096199,0.568459431203102,0.10705970936676017,0.14250871080139374,,
169,jacobi1,0.22055598557049694,0.723868162989823,0.16253800490064527,0.3146341463414634,0.8924401941775313,0.6023717026633831
169,jacobi5,0.3235658728710524,0.8157802098910842,0.19016608676264588,0.4292682926829268,0.7673732732783382,0.3046109457530606
169,jacobi10,0.4054912155973146,0.8625544247846169,0.20175727041504113,0.48048780487804876,0.6980700439285727,0.22426964051037115
169,jacobi20,0.5046858662272762,0.8993237431017826,0.21732198456223112,0.5463414634146342,0.6159631519196308,0.16093554984139827
169,jacobi40,0.6096216832667475,0.92421423183304,0.2287931162922577,0.6121951219512195,0.5255573904492862,0.111142603098164
169,jacobi80,0.701456093479125,0.9406799624154679,0.23788337844141894,0.6560975609756098,0.4395215182559695,0.07929963677523079
169,cg5,0.11595501615304596,0.6436906951815041,0.11021899015502017,0.14878048780487804,0.9608281416678369,0.25388985761617633
169,pcg5,0.4026814481677606,0.8607274724402154,0.20457261990987594,0.4902439024390244,0.6900554435398051,0.22399600605374545
169,poisson_pcg5,0.19202419851398905,0.6405860010851872,0.16554212819573877,0.3,0.8847155919695087,0.12165763894868026
169,cg10,0.12685815820602897,0.6537108108465783,0.1164773269442974,0.16829268292682928,0.9421502988882736,0.17240915076716398
169,pcg10,0.5849094319243019,0.9167555549673783,0.22368323506043752,0.5878048780487805,0.5332527872548632,0.11842011410347875
169,poisson_pcg10,0.9227057173761222,0.9761291902121408,0.24397893960302558,0.7097560975609756,0.2667120141763419,0.042888834681502445
169,cg20,0.15659865261736677,0.671214086259148,0.12461269896375536,0.1878048780487805,0.9065058604913343,0.13369925647773223
169,pcg20,0.7388751283059904,0.9433294072495798,0.2402760014448326,0.6560975609756098,0.3985408043597495,0.06938688951937237
169,poisson_pcg20,0.9996479417103978,0.9999225811574448,0.2585529344818724,0.9878048780487805,0.014210643347045996,0.0030618079344033483
169,cg40,0.28215276839470227,0.7423136985032357,0.17780615087377027,0.33170731707317075,0.7727791413638567,0.07830774479983514
169,pcg40,0.858127779893277,0.9780467953892779,0.24853562810442736,0.7536585365853659,0.27689881414759565,0.03475610135220141
169,poisson_pcg40,0.9999999966821631,1.0,0.2585973708114878,1.0,4.592401729947362e-06,9.1792758124364e-07
169,cg80,0.46104824834697683,0.840717679287482,0.20755547477870867,0.4634146341463415,0.6610666724884379,0.04370378267794417
169,pcg80,0.9448602302894505,0.9934696875454918,0.2546265278759184,0.8609756097560975,0.1643259387927063,0.012910774688594496
169,poisson_pcg80,1.0,1.0,0.2585973708114878,1.0,1.202079577100231e-11,8.994402695518683e-13
169,poisson,-0.001935688894134098,0.5802350356656035,0.10856205687604976,0.1902439024390244,165.31301429858493,448.60606500517275
169,amg,0.9574020895163842,0.9933995473975358,0.2560349577156439,0.8878048780487805,0.16296900293804698,0.06582618561552663
169,oracle,1.0,1.0,0.2585973708114878,1.0,1.1997746838219252e-11,2.569326574540731e-13
170,ensemble,0.3039569124958873,0.6593365800722576,0.13687422793727388,0.17804878048780487,,
170,raw,0.16125930887236797,0.6782320712518032,0.15377564484166475,0.25853658536585367,,
170,smoothed,0.22316136691470398,0.7404007252226619,0.14715197996854149,0.24146341463414633,,
170,prediction_magnitude,0.44646611292737653,0.7200640525124731,0.10784609308626636,0.09024390243902439,,
170,boundary_distance,0.40767841211672234,0.681890607837169,0.12096856944294003,0.10691056910569106,,
170,jacobi1,0.1256370049466084,0.6530491113375594,0.14378248898422374,0.24390243902439024,0.9542750346795472,0.5774289291830057
170,jacobi5,0.2347567377373867,0.7068598388099996,0.1664863526342172,0.3024390243902439,0.9012090148934314,0.3181472115951184
170,jacobi10,0.2783856064818602,0.7553154321559493,0.17886787854725306,0.3439024390243902,0.8642262097116696,0.25835946470988197
170,jacobi20,0.34129837769372035,0.8237530272752538,0.1953914376512115,0.4195121951219512,0.8092573347528192,0.2064216462093351
170,jacobi40,0.4347920332352539,0.8988221748739462,0.2180182724910283,0.5195121951219512,0.7280443164193097,0.1536562834308914
170,jacobi80,0.5867508961721858,0.9441294019559837,0.2398627768886122,0.6170731707317073,0.6176457872953207,0.1015725910044035
170,cg5,0.15943105764788362,0.6801152680544711,0.15232529519076002,0.25609756097560976,0.9618704032290156,0.2825808753482234
170,pcg5,0.28255140509762794,0.7529128012387015,0.18009221628518313,0.348780487804878,0.8623408409291223,0.25987702973814186
170,poisson_pcg5,0.38966993970226144,0.6605931474398846,0.12072549934852737,0.14146341463414633,1.2105806289539174,0.08635290550775031
170,cg10,0.16895371291370845,0.6965790135383719,0.1560414754284974,0.2731707317073171,0.9350333122663245,0.18361543597791535
170,pcg10,0.4326034467659151,0.9028757460661965,0.2200909593103574,0.5195121951219512,0.7203813126258833,0.15802044095786086
170,poisson_pcg10,0.9289426650058764,0.992078133478025,0.2736135932279474,0.8390243902439024,0.2501969250367868,0.022135246947980067
170,cg20,0.17987483956337885,0.7037921998861877,0.16722512133127565,0.3073170731707317,0.9040246539903489,0.10558460483879781
170,pcg20,0.717346822701112,0.9558957426253589,0.2468753677877952,0.6609756097560976,0.49889053660178945,0.06407191601278003
170,poisson_pcg20,0.9999937677053745,0.999999338300491,0.28031681389592056,0.9975609756097561,0.0018957314118614656,0.0007351466296637758
170,cg40,0.20674583203553526,0.7288064264256315,0.17948961977254807,0.35609756097560974,0.8682005347180142,0.06426918060938748
170,pcg40,0.8433335349879658,0.9487414475338459,0.2555696583580808,0.6634146341463415,0.3912793321479705,0.008891314379490211
170,poisson_pcg40,0.9999999989522621,1.0,0.28031696014652485,1.0,3.8120195961694003e-06,6.978885602802364e-07
170,cg80,0.3257859819338684,0.8057296560485953,0.19511501863979003,0.3926829268292683,0.8015407627554223,0.032771046469703365
170,pcg80,0.86753739313911,0.9558904490292868,0.2621619663570082,0.7170731707317073,0.34587800171968425,0.00797264235912483
170,poisson_pcg80,1.0,1.0,0.28031696014652485,1.0,8.901690183370982e-12,2.118916359100616e-13
170,poisson,0.4035436250984594,0.7133372153037862,0.11656632654164292,0.11707317073170732,219.47820265692425,427.2481163967002
170,amg,0.8481668657927584,0.9358760239799903,0.2486439971195984,0.5878048780487805,0.3898341830887351,0.06013570789727619
170,oracle,1.0,1.0,0.28031696014652485,1.0,8.922427269460846e-12,1.6708443121377694e-13
171,ensemble,0.511893061465729,0.6581614017442399,0.15640938855801967,0.2097560975609756,,
171,raw,0.3853655679625425,0.926168892182682,0.2371692625858144,0.5951219512195122,,
171,smoothed,0.543710851445789,0.9615916519989942,0.2418743399363128,0.624390243902439,,
171,prediction_magnitude,0.6356054634589233,0.6196174053438852,0.0939273018819124,0.0,,
171,boundary_distance,0.728836590290531,0.7614480632055372,0.15594759050365045,0.12259001161440185,,
171,jacobi1,0.21473489474089189,0.6876480552651429,0.16817914487151625,0.3,0.998417040254221,0.5799924543094677
171,jacobi5,0.25988956506637123,0.685277847623837,0.1772366830156022,0.3073170731707317,0.9996195582657519,0.2775856104321758
171,jacobi10,0.2696576971286839,0.6664518348927385,0.17472446972098452,0.2804878048780488,1.0008630101924163,0.2096337296115988
171,jacobi20,0.28447296367377944,0.6431639823723251,0.17170296571918864,0.25365853658536586,1.0021396283064778,0.1651783886997489
171,jacobi40,0.3110814850397548,0.6176746555854056,0.16564430372317,0.2048780487804878,1.0033400536913175,0.13643683732101508
171,jacobi80,0.35578064500117795,0.5928337943173246,0.1587358306186092,0.15121951219512195,1.004688831772106,0.11339267825981436
171,cg5,0.3839820072868359,0.925540277649114,0.2404500607380147,0.6268292682926829,0.9982141281279273,0.21987209357343468
171,pcg5,0.2786216929268915,0.6619284570490849,0.1749381319591351,0.2707317073170732,1.0014431263577452,0.20516556198117944
171,poisson_pcg5,0.8234913759082072,0.8710202083030054,0.23036128569084502,0.5195121951219512,0.9711541239472096,0.0980638196193629
171,cg10,0.38218760777731137,0.9218466709897701,0.23837071097043175,0.6048780487804878,0.9975791417407402,0.1563712186918333
171,pcg10,0.30013006811106985,0.6186817622381324,0.16743825452978595,0.22195121951219512,1.0037780048257907,0.13639379875088453
171,poisson_pcg10,0.9984251918729509,0.9994871828805103,0.2621755262955447,0.9658536585365853,0.17553697934936194,0.030541197835623927
171,cg20,0.37274357284706894,0.9065078146712016,0.24035359768680464,0.6195121951219512,0.9959555468787034,0.11178538580205646
171,pcg20,0.39191550251105073,0.5622076942418909,0.14829053052881633,0.11707317073170732,1.008257484473211,0.08547142147109808
171,poisson_pcg20,0.9999948517649162,0.9999947064039278,0.26247729933039476,0.9975609756097561,0.005684803226738389,0.0021950206654240936
171,cg40,0.3330395937101301,0.8060075698423832,0.22763005923515645,0.4585365853658537,0.9905711674819363,0.08507094606125039
171,pcg40,0.34829246861927027,0.46274168574566915,0.13181594349581355,0.09024390243902439,1.0049274656022151,0.07093302938043845
171,poisson_pcg40,0.9999999998253771,1.0,0.26247955729070666,1.0,5.964323113536298e-07,5.571318877531966e-07
171,cg80,0.36185013564155316,0.7686480155631724,0.22043868850299037,0.48048780487804876,0.9817320251318107,0.07201488756459014
171,pcg80,0.41941026315768887,0.5451279065150934,0.15835402561437417,0.2,1.0041170577981633,0.06595853285153915
171,poisson_pcg80,1.0,1.0,0.26247955729070666,1.0,4.353781344319689e-12,3.977740487274867e-13
171,poisson,0.8133991502062843,0.9110808199780316,0.23720330629485892,0.573170731707317,35.26006111899588,460.28685156427235
171,amg,0.9672400707759565,0.9909095721450975,0.2570500346725647,0.8341463414634146,0.3258053538213225,0.06986321988142795
171,oracle,1.0,1.0,0.26247955729070666,1.0,3.481267778216535e-12,2.1986603629552636e-13
172,ensemble,0.21156343891290957,0.6687274195042547,0.14406780343865636,0.2073170731707317,,
172,raw,0.21005260793572939,0.6084161560552122,0.15549645966916834,0.22195121951219512,,
172,smoothed,0.21702185839125787,0.6346690840755396,0.16902482854820486,0.2731707317073171,,
172,prediction_magnitude,0.30868581177933296,0.764132578113627,0.14859550211356695,0.2658536585365854,,
172,boundary_distance,0.3144952442676511,0.759907626748541,0.16496306378837486,0.29692218350754934,,
172,jacobi1,0.18623402276446807,0.5937932586054021,0.13821988701008617,0.18292682926829268,0.9447700312051587,0.5407881150456625
172,jacobi5,0.25411779423108216,0.642848351706523,0.1612124362426266,0.22926829268292684,0.886669318492545,0.229201051271926
172,jacobi10,0.30016989996505306,0.6791101465002713,0.16792997077880595,0.24390243902439024,0.8509023679511619,0.15391085906643
172,jacobi20,0.3563969338982401,0.7247654275240528,0.17692890056565375,0.275609756097561,0.8030928794865663,0.09850963260959658
172,jacobi40,0.45061410209331904,0.7920060082315419,0.19229897080831124,0.34146341463414637,0.739256670200842,0.0761706424308548
172,jacobi80,0.540386079249167,0.8382005743551738,0.21502261554769558,0.45365853658536587,0.6638883841750661,0.07205181100600996
172,cg5,0.20615341130766865,0.6056773817873827,0.15280349620798256,0.2121951219512195,0.9873100441416477,0.22552399687299024
172,pcg5,0.2899500952282046,0.6701884520201686,0.16622699082584574,0.24146341463414633,0.8560982083021023,0.14219232305627036
172,poisson_pcg5,0.3648024183091287,0.7925353678387571,0.17494043518372637,0.3439024390243902,1.0057537863570891,0.14043456234973462
172,cg10,0.20593543745797874,0.6073686857324352,0.15367676670047273,0.21707317073170732,0.9828477444993786,0.15293144958917304
172,pcg10,0.371993263771356,0.7395861731270595,0.18250416998579916,0.2975609756097561,0.781585042862145,0.042384148322470665
172,poisson_pcg10,0.9748762102840258,0.9957201275756653,0.2854670356794904,0.9024390243902439,0.19575461538917632,0.03378490555767378
172,cg20,0.1984119645304659,0.6119430144382833,0.14839476708321733,0.22195121951219512,0.9490722623215028,0.11940648763268884
172,pcg20,0.5507223725400231,0.843930230403769,0.22692159961942798,0.5146341463414634,0.6239882899866477,0.02691387292937135
172,poisson_pcg20,0.9999964321030039,1.0,0.28825422094718056,1.0,0.0013391584613046353,0.000434709700927087
172,cg40,0.21345799378940053,0.6387888252186917,0.15205067023432875,0.24390243902439024,0.9010392766695898,0.07098115471640001
172,pcg40,0.5772392456473892,0.8107976125881715,0.2210130677228275,0.4219512195121951,0.6394132182398737,0.01938823799068068
172,poisson_pcg40,0.9999999996507541,1.0,0.28825422094718056,1.0,1.6218222686130925e-07,4.9819521660051114e-08
172,cg80,0.2975583977356902,0.6993098474120932,0.1730963347822531,0.29024390243902437,0.8293854812791451,0.04649301296348782
172,pcg80,0.455127801399845,0.7597885208369175,0.21011034027363645,0.37073170731707317,0.7328587625089992,0.017857682238209088
172,poisson_pcg80,1.0,1.0,0.28825422094718056,1.0,2.4883887436255556e-11,5.886441142107929e-13
172,poisson,0.2692847174328956,0.7869969429482684,0.19409264982659558,0.3829268292682927,88.4273889364836,425.5914683331345
172,amg,0.8466133808794025,0.961690245225838,0.26897562529365027,0.7024390243902439,0.35558965389775865,0.04589275661982808
172,oracle,1.0,1.0,0.28825422094718056,1.0,2.426813395751931e-11,5.741006147870998e-13
173,ensemble,0.2884467257168986,0.6170109709778595,0.11598216735529794,0.13902439024390245,,
173,raw,0.27085481772404946,0.7465644561491735,0.20281064223136316,0.32439024390243903,,
173,smoothed,0.3925938452603353,0.8347147413416619,0.22064516406265222,0.37073170731707317,,
173,prediction_magnitude,0.33247450724325,0.520621203499067,0.09333015281265652,0.02926829268292683,,
173,boundary_distance,0.3800342147294088,0.5722549395868348,0.07532000288949714,0.027990708478513354,,
173,jacobi1,0.23350096023088454,0.6860871061233672,0.18642889980179841,0.28292682926829266,0.978311987338641,0.6144045783491001
173,jacobi5,0.30140981629046454,0.7109809033521697,0.2060793478213142,0.33170731707317075,0.9391802382233674,0.36324381704355546
173,jacobi10,0.34342194399005216,0.7465029180948348,0.22590122182094274,0.37317073170731707,0.9118563807219014,0.29800520932458846
173,jacobi20,0.39952174586420114,0.7667502613713061,0.246050098295083,0.4317073170731707,0.8767176124730865,0.2539939929286809
173,jacobi40,0.4663673394569287,0.7794357026587087,0.2691233975938456,0.48292682926829267,0.8339419262961625,0.2194541431280862
173,jacobi80,0.5388613044513608,0.7813486759392825,0.2820305095436671,0.4853658536585366,0.7820159568773404,0.18884013637790023
173,cg5,0.27342256571775697,0.7553855723039054,0.21071160314816378,0.3439024390243902,0.9782749367492724,0.31052454853608985
173,pcg5,0.34907735514310256,0.7543308232865291,0.2246670288061279,0.37317073170731707,0.9087666435002175,0.2917246128659446
173,poisson_pcg5,0.384982630215947,0.5970163969138335,0.08250631036324153,0.041463414634146344,1.5608080163406652,0.08850363243175689
173,cg10,0.27612901169085574,0.7589620581501528,0.21147636607697992,0.3439024390243902,0.9613910162235413,0.24560960190946446
173,pcg10,0.45438010485873254,0.7854273917128753,0.274473610240541,0.4926829268292683,0.8294436406652315,0.22358941211516906
173,poisson_pcg10,0.4216205233090683,0.8912596111853684,0.2999195522651234,0.47804878048780486,0.6651038653923985,0.04477731557982696
173,cg20,0.2835739549121197,0.7652832735598111,0.23490221270585984,0.37317073170731707,0.9136025065489642,0.190536289564666
173,pcg20,0.5720495864969433,0.7598983629554147,0.29017881820841845,0.4585365853658537,0.7204974105420661,0.16645665461692893
173,poisson_pcg20,0.9991685495565525,0.9999510342363326,0.3932867780105214,0.9902439024390244,0.015701100918641037,0.0021769058485157375
173,cg40,0.2900829976450762,0.7903987401241348,0.2567092299968058,0.424390243902439,0.7816464966936045,0.08994672790191437
173,pcg40,0.7061280268870236,0.9118861082805076,0.32681701420895093,0.573170731707317,0.48917046434482947,0.029677935599072714
173,poisson_pcg40,0.9999999982537702,1.0,0.3933022578964287,1.0,1.7930966471526921e-06,6.455176427890278e-07
173,cg80,0.359187360085073,0.8410399269483742,0.28232929769815324,0.4951219512195122,0.7094485233816308,0.05014224506925253
173,pcg80,0.6101848036533478,0.9399269483742043,0.3164051084397971,0.5390243902439025,0.5249133541904323,0.015550534525683939
173,poisson_pcg80,1.0,1.0,0.3933022578964287,1.0,3.087161382978273e-12,5.125541264194596e-13
173,poisson,0.45532393637414276,0.7277821155856702,0.18544769222597227,0.2975609756097561,137.44199259273728,430.0715942341547
173,amg,0.681918211472468,0.9710685123671638,0.35771936239509716,0.7121951219512195,0.45697541742515146,0.08273652339482167
173,oracle,1.0,1.0,0.3933022578964287,1.0,2.5843308189076555e-12,6.53253513525685e-14
174,ensemble,0.46884673974122054,0.7860474041528261,0.20466051903511243,0.35365853658536583,,
174,raw,-0.05813157724488616,0.6219320302264336,0.12523869163413515,0.21707317073170732,,
174,smoothed,-0.02724504994105845,0.6569028492780858,0.16413795350828336,0.33658536585365856,,
174,prediction_magnitude,0.6228961367924242,0.8247839551103053,0.17006957320130142,0.17317073170731706,,
174,boundary_distance,0.49674388961967386,0.8893254635205061,0.2420334783937688,0.5049361207897793,,
174,jacobi1,0.23720155795421427,0.6294191601709832,0.1483048651325916,0.2097560975609756,0.9723969499027239,0.6060903509835813
174,jacobi5,0.3318019214648036,0.6676481876050449,0.1664283700497395,0.24634146341463414,0.9411194822019479,0.2900817318708142
174,jacobi10,0.367485147161921,0.6676462025065177,0.1683228204858653,0.24390243902439024,0.9233836384940247,0.21453988158560158
174,jacobi20,0.39397850204456986,0.6636740203538769,0.17413704501874447,0.25121951219512195,0.8999730139063249,0.16015866712116777
174,jacobi40,0.42653894021501043,0.6667906250413562,0.17292021974964294,0.24390243902439024,0.8701923651478402,0.1178807446383661
174,jacobi80,0.46583591628679877,0.6826548707700859,0.1767425924477418,0.2682926829268293,0.8357233841046208,0.09034668010404119
174,cg5,-0.047202930630638795,0.6231766870028982,0.12686917354198524,0.21951219512195122,0.9885550558868663,0.24377643478585023
174,pcg5,0.3640532135492244,0.6651529187565343,0.17052864722790712,0.24634146341463414,0.9237678992949754,0.2154813253063926
174,poisson_pcg5,0.4374509016022624,0.793404179294099,0.18738026744663278,0.2951219512195122,1.062117425976323,0.10577586300429563
174,cg10,-0.03918880131848463,0.6126358138242262,0.12565417624411393,0.1951219512195122,0.9835115834220071,0.16541450991874895
174,pcg10,0.39993685772266135,0.6442326270793907,0.1670246128283163,0.22195121951219512,0.8777870707309285,0.12249099197640959
174,poisson_pcg10,0.908862032210147,0.995814088905946,0.303496952079569,0.926829268292683,0.36237662238969265,0.0502914363011343
174,cg20,-0.007129686902090872,0.6088025885684792,0.13342818523281133,0.1926829268292683,0.9733477450114156,0.1297950637578912
174,pcg20,0.47880081403372077,0.6778661514233156,0.17471823166001538,0.2926829268292683,0.8167163138926304,0.07896285953929826
174,poisson_pcg20,0.9998442034609886,0.9999894128078557,0.3071997245942246,0.9951219512195122,0.011354947464311226,0.0026250711013129234
174,cg40,0.11785706008584411,0.6075400659052711,0.14600454797581477,0.18536585365853658,0.9442334123974845,0.08148404499649423
174,pcg40,0.6107953462315744,0.6850270635099188,0.22099644579365108,0.4219512195121951,0.7194391431570872,0.036409927738534666
174,poisson_pcg40,0.999999999301508,1.0,0.30722183121142155,1.0,2.004553061816179e-06,7.249369670195652e-07
174,cg80,0.3031794554819215,0.645917314029353,0.1697919681808259,0.23170731707317074,0.9103742269112703,0.05445236980137043
174,pcg80,0.6557807502988429,0.6947004486322671,0.22013538619519976,0.4219512195121951,0.6902504521531886,0.026342542092505188
174,poisson_pcg80,1.0,1.0,0.30722183121142155,1.0,3.5244138901831333e-12,1.3783264875593616e-12
174,poisson,0.19292931419096526,0.784124505379617,0.15272124869536963,0.348780487804878,97.16994429209522,453.6079652030732
174,amg,0.8354144119345791,0.9640147956010217,0.2800475015354979,0.7,0.5149408664251168,0.06414407637595589
174,oracle,1.0,1.0,0.30722183121142155,1.0,2.1130295997432688e-12,7.682691683241952e-14
175,ensemble,0.19114796425771874,0.6941644720299618,0.1445915400689817,0.24634146341463414,,
175,raw,0.21020595870509873,0.7296017892354724,0.19569771582723258,0.33170731707317075,,
175,smoothed,0.22198757979292902,0.7961092068869685,0.2296913531818786,0.4219512195121951,,
175,prediction_magnitude,0.1756072436006401,0.5542990617100962,0.08708191141478913,0.041463414634146344,,
175,boundary_distance,0.22877249043108608,0.7561174119608803,0.15521813703107135,0.28025551684088273,,
175,jacobi1,0.21569822605670103,0.6854783425750698,0.18436406535974137,0.3195121951219512,0.9466920106889473,0.6643328918943505
175,jacobi5,0.3491414356697834,0.7375812236147321,0.20155508698427174,0.36097560975609755,0.8824273274458648,0.42055424127981295
175,jacobi10,0.4061063093746117,0.7550136971798367,0.2181631069268531,0.4097560975609756,0.8439626888051311,0.3595735868944129
175,jacobi20,0.48096370298338775,0.772158993158027,0.23412599526998362,0.4682926829268293,0.7941007233132443,0.3035627259887028
175,jacobi40,0.5920399664464014,0.7956215343488215,0.2508276224409174,0.5121951219512195,0.7293080231887106,0.2367486520383011
175,jacobi80,0.7042292931076837,0.8201017693844871,0.27448276986840303,0.5560975609756098,0.6576469582912327,0.1577449991086571
175,cg5,0.21830103118789013,0.7328156637507774,0.1916115696981768,0.3024390243902439,0.946495877091791,0.3760565554836963
175,pcg5,0.408261517706548,0.7529783094900944,0.2135883245481835,0.4,0.8402171723248201,0.3594589380875328
175,poisson_pcg5,0.3502708130211868,0.7927610073713325,0.2183190792417471,0.43414634146341463,1.042739862023198,0.0966189193441441
175,cg10,0.2414007836018225,0.7459371650146236,0.2230576894916927,0.33902439024390246,0.8803374817181333,0.25582970036385594
175,pcg10,0.5902209349667094,0.7902015536704472,0.24160886844217475,0.4853658536585366,0.7212799576581537,0.22711107638132103
175,poisson_pcg10,0.573352700629805,0.8626411074202983,0.26064157778028807,0.526829268292683,0.7580510401356825,0.07083818612415199
175,cg20,0.2775061549715641,0.7641709566851501,0.24690522648866733,0.3804878048780488,0.8144714953247782,0.13273877597797043
175,pcg20,0.7558494288235562,0.851776663181716,0.2825176738592617,0.5609756097560976,0.6383295516209172,0.08041427607198212
175,poisson_pcg20,0.9991162946735908,0.9998987599751201,0.36401375523581736,0.9853658536585366,0.018394980938963974,0.0032089461194543837
175,cg40,0.3431416452732545,0.7909089104455884,0.27057827929535694,0.4951219512195122,0.7271654204768998,0.07998172861597047
175,pcg40,0.825352292284413,0.897629130659185,0.29661453943467336,0.6341463414634146,0.572639300086645,0.03671559621587925
175,poisson_pcg40,0.999999902385747,1.0,0.3640482575257285,1.0,0.00011320495714977237,1.2603449176251111e-05
175,cg80,0.47752852260537954,0.8497028969204505,0.30532181602855524,0.6,0.6118914654190386,0.0439233611634219
175,pcg80,0.8491830065941555,0.897066686076519,0.3012729068807085,0.6536585365853659,0.5499817413073175,0.0216415859401114
175,poisson_pcg80,1.0,1.0,0.3640482575257285,1.0,2.1775485260465332e-10,4.595966423831942e-11
175,poisson,0.3039860844892537,0.7566136865926445,0.19197669241512638,0.2951219512195122,220.66966812071914,433.6525266065954
175,amg,0.7844735760766164,0.8138659132114924,0.21296541627145563,0.4073170731707317,0.7621745111671568,0.11865339790964438
175,oracle,1.0,1.0,0.3640482575257285,1.0,6.540606177336521e-14,3.728626377580759e-15
176,ensemble,0.22555088891904512,0.6505683998782473,0.1462903307822087,0.24390243902439024,,
176,raw,0.1910154369310364,0.7571748077762926,0.1666407571165195,0.32195121951219513,,
176,smoothed,0.25611510007070976,0.7949459391501131,0.1670806440938099,0.28780487804878047,,
176,prediction_magnitude,0.5532382105311803,0.829167714357556,0.19841445230681073,0.48048780487804876,,
176,boundary_distance,0.5634917136293245,0.8401903047787939,0.17979234342545877,0.35574912891986055,,
176,jacobi1,0.06544594996472894,0.5847789261940368,0.12344759908426656,0.18292682926829268,0.9899139726519164,0.6965813781436477
176,jacobi5,0.1276273391378575,0.5879319243545121,0.1300528295242721,0.16829268292682928,0.9714780818601325,0.5063849104923356
176,jacobi10,0.1527986091949148,0.5971063880470601,0.13812461699134002,0.18536585365853658,0.9575448152060696,0.4386148361475684
176,jacobi20,0.21341896170872596,0.6422495136508609,0.14878037180282822,0.22926829268292684,0.9364530878243348,0.3638767212182477
176,jacobi40,0.27383432044917394,0.6863325966412133,0.16261684594714493,0.2975609756097561,0.9044778487734073,0.27620885525802197
176,jacobi80,0.3312593056593049,0.7165226367402036,0.17013774236200657,0.35609756097560974,0.8625564161604128,0.17556786156878146
176,cg5,0.1850597866869777,0.750628614533568,0.16922985156389705,0.32926829268292684,0.9778007073318203,0.44736042574667234
176,pcg5,0.1557291458865305,0.5991086907613514,0.1415380558885555,0.1951219512195122,0.9518141835494408,0.4266839210871249
176,poisson_pcg5,0.7150695059233796,0.9561339544486058,0.26122073763542136,0.7292682926829268,0.4978769398489475,0.08714473880958741
176,cg10,0.18436614958283823,0.7502263012320844,0.1690564723347881,0.35121951219512193,0.9536217789509367,0.2915684722370673
176,pcg10,0.303854918348803,0.6875732832206238,0.16573415568176722,0.3073170731707317,0.8992828154088299,0.25931263751530204
176,poisson_pcg10,0.9656551563431789,0.995638076836547,0.27614579763661207,0.8707317073170732,0.12029509000682231,0.025746183442745565
176,cg20,0.18293224632056782,0.7497875944576049,0.16247654836468195,0.3195121951219512,0.9334835498156366,0.14082940520219603
176,pcg20,0.372173409915155,0.7211346823180658,0.1757543415066485,0.4195121951219512,0.8324392589546489,0.07413854954478125
176,poisson_pcg20,0.9999788589180885,0.9999933830049098,0.27870682294003135,0.9951219512195122,0.0028507805599387068,0.0015970580007938421
176,cg40,0.1837860320925769,0.7635701335309609,0.16476433532506501,0.33658536585365856,0.913532689619193,0.08812078783259895
176,pcg40,0.3671318226809955,0.7173166761510263,0.19103828403607695,0.43658536585365854,0.793299221420564,0.024558190658806947
176,poisson_pcg40,0.9999999989522621,1.0,0.2787121197842015,1.0,1.7710675953772697e-06,5.615011146157832e-07
176,cg80,0.21545914744668215,0.807641305930151,0.17253232643365554,0.36829268292682926,0.8810021290768801,0.05059234691673281
176,pcg80,0.3717238250331253,0.7655737596442703,0.19218620352532031,0.43414634146341463,0.7536633381130508,0.023160657061334095
176,poisson_pcg80,1.0,1.0,0.2787121197842015,1.0,1.5588041399235079e-12,2.1930169926816615e-13
176,poisson,0.6498823795397508,0.9300696107883488,0.2539602477850161,0.6658536585365854,182.92172894965336,392.36079898886413
176,amg,0.975296241621449,0.9894756693090534,0.27363300538257607,0.8121951219512196,0.17509176307301325,0.10233007065860399
176,oracle,1.0,1.0,0.2787121197842015,1.0,1.7979664082983308e-12,7.40842918662748e-14
177,ensemble,0.19342811551587602,0.6620296970739648,0.1479833885977059,0.23170731707317074,,
177,raw,0.17105314736012503,0.7370333364212643,0.17793491140026602,0.36341463414634145,,
177,smoothed,0.20146469715399726,0.7817430488466578,0.18050699698618114,0.3951219512195122,,
177,prediction_magnitude,0.27722934190433274,0.7068406495242381,0.10243712744906613,0.1048780487804878,,
177,boundary_distance,0.3011977587547153,0.7376374680729987,0.14799627937432958,0.26132404181184665,,
177,jacobi1,0.14232408696202709,0.6678486825562775,0.15815430414104206,0.28292682926829266,0.9399857481741012,0.6157082559926653
177,jacobi5,0.2634083400905447,0.7288229689133571,0.17705517463148185,0.3463414634146341,0.8690237428682431,0.3446742571663656
177,jacobi10,0.32811979990188705,0.7691780368698966,0.1874176296882877,0.3902439024390244,0.8237920370795414,0.2682510219343824
177,jacobi20,0.40112772471939623,0.8001568227836375,0.20213088449018954,0.4634146341463415,0.7604005106762214,0.20830017770012452
177,jacobi40,0.486030939715896,0.8341112713894366,0.21367218093610552,0.524390243902439,0.6759906991291134,0.1509235621430078
177,jacobi80,0.5841596647037366,0.8793582838161534,0.22376424503116826,0.573170731707317,0.58704894799317,0.09155210771338822
177,cg5,0.1668184921041909,0.7322975530352156,0.1759868235364547,0.35365853658536583,0.9580909585528309,0.29386822388135964
177,pcg5,0.33447325791352295,0.7720590765321652,0.19140544950249674,0.4097560975609756,0.819938081428689,0.2644053779879932
177,poisson_pcg5,0.34392252524713207,0.8212180564562022,0.1963106479979065,0.45121951219512196,0.9322967251741873,0.10835215023728675
177,cg10,0.17655211499597445,0.7455374985111761,0.1767252132198385,0.35365853658536583,0.9303536759347586,0.2053860824270489
177,pcg10,0.48106156589970017,0.8352976986091076,0.2131769525051001,0.5170731707317073,0.6743542460559061,0.16086093582851566
177,poisson_pcg10,0.9534893636226833,0.9900321585961384,0.26817147215838255,0.8170731707317073,0.21461899832469722,0.031815090629173634
177,cg20,0.1865708525320837,0.7545055119569102,0.1859517874095093,0.3902439024390244,0.8943552723211741,0.1173518803067187
177,pcg20,0.6427780643108264,0.9045088204544552,0.22236437356653985,0.5634146341463414,0.5436185485788754,0.05620973123270964
177,poisson_pcg20,0.9999905590078755,0.9999947064039278,0.27578431261474284,0.9951219512195122,0.0023956910856081206,0.0009587988896631606
177,cg40,0.21571877673827275,0.7751684025250454,0.1971820577879675,0.43658536585365854,0.8298008879426289,0.07260102365355753
177,pcg40,0.7368062198796292,0.9220570914336381,0.23856660974187432,0.6146341463414634,0.46863479278026227,0.013968936060303149
177,poisson_pcg40,0.9999999977299012,1.0,0.27578826966467823,1.0,4.031323872710475e-06,7.804114207227855e-07
177,cg80,0.32018566136656545,0.8381959424586107,0.21647394549232735,0.5073170731707317,0.7468699762013051,0.03820816670504723
177,pcg80,0.8445588608638077,0.9475616373092651,0.25042037854834887,0.6390243902439025,0.34364338821552864,0.011517061238471623
177,poisson_pcg80,1.0,1.0,0.27578826966467823,1.0,2.0557387304837813e-11,3.447536948967387e-13
177,poisson,0.3347273719124979,0.7840748779164406,0.1682801531784902,0.36097560975609755,159.97056803334297,432.1834012088675
177,amg,0.744207759333585,0.9032436509932109,0.23085230468216517,0.5634146341463414,0.485389398311295,0.06335525781426771
177,oracle,1.0,1.0,0.27578826966467823,1.0,2.0364113835653718e-11,3.415328153188388e-13
178,ensemble,0.2888216585708653,0.7162639122321771,0.19014306584791288,0.32439024390243903,,
178,raw,0.14263650897539834,0.6803925201487501,0.16379709558061178,0.2658536585365854,,
178,smoothed,0.18038522153594921,0.7113501316782023,0.17749465386050187,0.2951219512195122,,
178,prediction_magnitude,0.3192346149529474,0.6546702751346558,0.08444804722784996,0.02926829268292683,,
178,boundary_distance,0.31882330650447305,0.7055159271071821,0.13672663121045614,0.18629500580720093,,
178,jacobi1,0.2447824011706502,0.6769225679234546,0.1751151881062667,0.2658536585365854,0.9444581823675884,0.6541339214471377
178,jacobi5,0.31302219678966386,0.7299683707634689,0.1968568367136135,0.348780487804878,0.8729790101628784,0.36692507606075464
178,jacobi10,0.36322419298472663,0.7558474385612006,0.20903704870997294,0.4,0.8338261403326448,0.28913891787244717
178,jacobi20,0.44094211465706623,0.7976430263488744,0.22576170231057546,0.4658536585365854,0.7837774427420523,0.23065109377625345
178,jacobi40,0.5469167628350414,0.8431375143919643,0.24059914931205362,0.5146341463414634,0.7173845225536323,0.18394532554281653
178,jacobi80,0.6488345348862096,0.8657616823048317,0.25107644599036577,0.5682926829268292,0.6400794787862446,0.13930615869519083
178,cg5,0.1505905732165991,0.6892367957862975,0.15987830921949137,0.25121951219512195,0.9571947972540936,0.30121661542052786
178,pcg5,0.3682248119184635,0.7546471156518402,0.20948253907324205,0.3926829268292683,0.825048480290086,0.28307832761255486
178,poisson_pcg5,0.502703636638385,0.7941571933353625,0.17788073144389893,0.35365853658536583,0.9754646160843357,0.08872557800048486
178,cg10,0.16657281850758976,0.7013273692150921,0.16909630200092346,0.28536585365853656,0.9320282080964125,0.21918381375682547
178,pcg10,0.5279250369404465,0.8357000119105912,0.236133553222453,0.5048780487804878,0.7258235419769642,0.1940738148635035
178,poisson_pcg10,0.5456798646934437,0.7640895676455408,0.20732062544222118,0.4268292682926829,0.8620577163442317,0.07116041022210444
178,cg20,0.19368184255029813,0.7194519804666305,0.1844463509123766,0.32682926829268294,0.8737201527854537,0.1363097310544261
178,pcg20,0.698371230050231,0.8648683879676561,0.26103057980301847,0.6292682926829268,0.5815705896072899,0.09784690567620483
178,poisson_pcg20,0.9992802143249974,0.9999748554186573,0.3255731553561939,0.9902439024390244,0.017840360910457133,0.0023536304692754386
178,cg40,0.229841318409745,0.770272487857814,0.22167172923257336,0.44146341463414634,0.7875307967958741,0.08145708562226969
178,pcg40,0.6842080805001941,0.9502752669957519,0.2904933100978003,0.7317073170731707,0.4708160109501608,0.04061861608333559
178,poisson_pcg40,0.9999999853316685,1.0,0.3256248695010302,1.0,1.6794238895943638e-05,4.026184888414635e-06
178,cg80,0.3579727614743232,0.8439758876698914,0.25407249602785537,0.5487804878048781,0.6873895184253229,0.046014271770949
178,pcg80,0.7753065059609865,0.963187009515239,0.2906880285513533,0.7317073170731707,0.42417363046073586,0.019252735116902387
178,poisson_pcg80,1.0,1.0,0.3256248695010302,1.0,3.703045116707128e-11,1.115399224488504e-11
178,poisson,0.22655652754438832,0.6264818760504479,0.09455692969376782,0.07317073170731707,222.70877353512373,448.19006366759635
178,amg,0.5557525160309496,0.7292676309834178,0.1666838498333359,0.3073170731707317,0.9744222122787143,0.09184673352139311
178,oracle,1.0,1.0,0.3256248695010302,1.0,2.2789304484333273e-12,5.617998768651627e-14
179,ensemble,0.13610974410411308,0.6475834733930628,0.13446229917827063,0.2146341463414634,,
179,raw,0.0887546183590736,0.5554967378214205,0.10944487602870083,0.12682926829268293,,
179,smoothed,0.049094161558455175,0.5299908685467756,0.11627543119546485,0.14878048780487804,,
179,prediction_magnitude,0.28253618198895425,0.7492569114513717,0.15029384600492393,0.25365853658536586,,
179,boundary_distance,0.2777611991454228,0.6973214403874912,0.14340490841045422,0.18826945412311266,,
179,jacobi1,0.21696714202258466,0.6552763918849173,0.14089148383880515,0.1975609756097561,0.9182876011328018,0.634753736502282
179,jacobi5,0.3438872390042835,0.7330373330862988,0.17891745711607865,0.33902439024390246,0.8228934173033189,0.31794266586274983
179,jacobi10,0.38070139357809835,0.7584029220650318,0.18616013058520872,0.37317073170731707,0.7808126009980976,0.20983890604418406
179,jacobi20,0.4107985720421268,0.7902783108134934,0.1958320039255338,0.3975609756097561,0.7400317222805767,0.1297648195782672
179,jacobi40,0.4474073818503623,0.8321658748329209,0.2048182984347901,0.43414634146341463,0.6954843137956241,0.08293531265894767
179,jacobi80,0.5035318927034188,0.8764077657054379,0.21705880380444073,0.4878048780487805,0.6433126499866548,0.06104737612386307
179,cg5,0.0949035420304413,0.5593147439884599,0.12030288449149032,0.14634146341463414,0.9589687283808587,0.23486399415254652
179,pcg5,0.37927146683062796,0.7558580257533449,0.18460923668746787,0.36341463414634145,0.7766463976298543,0.20050813436420853
179,poisson_pcg5,0.3695965780333439,0.7378154652409248,0.16278674731650233,0.2097560975609756,1.0316451183051907,0.1101112491671231
179,cg10,0.10384496064724166,0.5650907190026865,0.1225472610158863,0.15609756097560976,0.9478321859476043,0.14480857456403276
179,pcg10,0.4222030949508754,0.8062504135621932,0.19825329469071284,0.4073170731707317,0.7163721938782005,0.09156145019083908
179,poisson_pcg10,0.9389949441265096,0.992183343699959,0.2820925011050979,0.8585365853658536,0.20854726433404105,0.030375591768509982
179,cg20,0.13463116424753752,0.5841463414634146,0.12704781839083892,0.15853658536585366,0.9236304281345376,0.11336936240019317
179,pcg20,0.526154007749964,0.8881952807591017,0.21972781760199483,0.4951219512195122,0.6221685733301736,0.050873674465954366
179,poisson_pcg20,0.9998096279337221,0.9999735320196392,0.2882539054372717,0.9878048780487805,0.009232387356977553,0.0020470090346657987
179,cg40,0.25292944023384173,0.6469899289334727,0.1584101832831673,0.23414634146341465,0.8380653723593451,0.07057200514343867
179,pcg40,0.6262648964938274,0.9242539338035811,0.25106998458771407,0.6268292682926829,0.5184882495857405,0.03297852052059919
179,poisson_pcg40,0.9999999966821631,1.0,0.2882781550997426,1.0,3.6436297110856084e-06,7.961224377597165e-07
179,cg80,0.4423170852784938,0.727461191323796,0.20000552457336218,0.36585365853658536,0.7465714600337415,0.03820703759085892
179,pcg80,0.8055903544838379,0.9503679049270145,0.26478421544226005,0.7390243902439024,0.39471139323789284,0.015006259331400089
179,poisson_pcg80,1.0,1.0,0.2882781550997426,1.0,3.3880828455275494e-12,3.8742587302566683e-13
179,poisson,0.30603360124970835,0.7263826211240951,0.14692983918230262,0.16829268292682928,182.46642365604333,445.7888431563641
179,amg,0.8834145663781392,0.9780322380000794,0.27559852817723907,0.7829268292682927,0.3273770430425553,0.07051185064897737
179,oracle,1.0,1.0,0.2882781550997426,1.0,2.2402291451319653e-12,5.646599734962898e-14
180,ensemble,0.22512134796266095,0.7376255574818363,0.13911592493863562,0.24634146341463414,,
180,raw,-0.03351004307125021,0.5946733189523974,0.12236569585799699,0.2,,
180,smoothed,-0.05641484655025432,0.5769252147214907,0.13750343134551798,0.2658536585365854,,
180,prediction_magnitude,0.3359294055257756,0.8153931156783082,0.17768455091109286,0.44878048780487806,,
180,boundary_distance,0.15464113645999558,0.687125974352527,0.13688131923492933,0.2552845528455284,,
180,jacobi1,0.0922674755846322,0.6614182867276313,0.14496637119949454,0.22439024390243903,0.9256251318497225,0.6046599039476004
180,jacobi5,0.1661152694200885,0.7090149941108743,0.15702963140939555,0.28536585365853656,0.841119017008179,0.3226011341771423
180,jacobi10,0.23247214040320086,0.7686698516469701,0.17100908159597783,0.348780487804878,0.7947329019695654,0.23059475880184568
180,jacobi20,0.31136321077565243,0.8285113084446092,0.18137428152753474,0.4097560975609756,0.7415903349156994,0.15288268335960223
180,jacobi40,0.4062276501777299,0.8711201249288673,0.19207713239008736,0.48048780487804876,0.6844186015215742,0.0979960563897412
180,jacobi80,0.5072740355069174,0.8876612892553234,0.1976325670974974,0.526829268292683,0.6283123099024318,0.06371000316714429
180,cg5,-0.019324285955405144,0.6045313182377618,0.13295969870875288,0.24146341463414633,0.9441057886515376,0.24940553975818258
180,pcg5,0.2349765851171701,0.7686169156862486,0.16855178659428655,0.348780487804878,0.7899866991654296,0.22513495341769368
180,poisson_pcg5,0.4075119128853664,0.8006081018487884,0.19639325238975633,0.43902439024390244,0.6252743213625452,0.0899807027140856
180,cg10,-0.0031700488905265266,0.6140075169064224,0.13893899625788186,0.25609756097560976,0.9261438472079423,0.14521811294218706
180,pcg10,0.3720465293722021,0.859417969111867,0.1864338110186646,0.4585365853658537,0.7038387569758779,0.10631772342732501
180,poisson_pcg10,0.9006349585397516,0.972577187247727,0.24807789620658044,0.7609756097560976,0.2807385348743782,0.028712811513990157
180,cg20,0.028828352079740292,0.6260067758029724,0.1442739808539809,0.25609756097560976,0.900494925276286,0.09872202439320436
180,pcg20,0.5404935359527231,0.8841728094437754,0.20136133976982953,0.5560975609756098,0.6077234310929933,0.043598302892521215
180,poisson_pcg20,0.9995584196613533,0.999927874753517,0.2614618907914553,0.9853658536585366,0.015412784178778487,0.002787102724883588
180,cg40,0.15034687600303448,0.6832312110424414,0.17354226187141264,0.32439024390243903,0.8193792099266478,0.05970664842615558
180,pcg40,0.6898987031574519,0.8935596786787184,0.21849503582366875,0.6780487804878049,0.5116167717673129,0.028083816620570225
180,poisson_pcg40,0.9999999914434734,1.0,0.261524975805129,1.0,1.1325465511554086e-05,2.98194163594627e-06
180,cg80,0.30164830310315954,0.74176448791075,0.18978935683373843,0.3853658536585366,0.7432556395194815,0.03400101332088923
180,pcg80,0.7630372389889167,0.8919947593398886,0.22459688876034353,0.6853658536585366,0.4535778547488196,0.010701187835874143
180,poisson_pcg80,1.0,1.0,0.261524975805129,1.0,1.45526295242286e-11,2.592349182584113e-12
180,poisson,0.13469322159221972,0.7011923825152522,0.16021359045960096,0.35853658536585364,198.46326499645255,436.60432102873636
180,amg,0.9006393288294012,0.9691449518944457,0.24892098956867403,0.802439024390244,0.2719628239454404,0.06465034742761179
180,oracle,1.0,1.0,0.261524975805129,1.0,4.359807302027305e-12,8.465009705221927e-14
181,ensemble,0.500497850502713,0.8119555867289546,0.20453211481867498,0.4024390243902439,,
181,raw,0.2769327981851055,0.6491788309093075,0.15070855957282797,0.24878048780487805,,
181,smoothed,0.4253041295166727,0.7487176263515213,0.1759143796765506,0.3170731707317073,,
181,prediction_magnitude,0.5785983474043144,0.839324140121488,0.23412590306036196,0.45365853658536587,,
181,boundary_distance,0.5224455908031712,0.8006365549276763,0.18082455131851524,0.36747967479674803,,
181,jacobi1,0.22372079280263815,0.6616419411616796,0.15014759940028738,0.22926829268292684,0.9815210794471916,0.6419055175628523
181,jacobi5,0.27353513241396143,0.6823954845625505,0.16614241766054674,0.2780487804878049,0.9549963518039826,0.3793281368407921
181,jacobi10,0.28987317449821454,0.7026415044400037,0.17711463332402236,0.32195121951219513,0.9374178427232205,0.30481513853455006
181,jacobi20,0.32855667275388456,0.7443616584836494,0.18538181436471,0.36341463414634145,0.9138547340479577,0.2392291761331907
181,jacobi40,0.378683336589703,0.8022014742665061,0.2002093219271513,0.4317073170731707,0.8828149838638343,0.17947769546112025
181,jacobi80,0.44681126121051673,0.8606017495335019,0.21254377789003076,0.4926829268292683,0.8425058226489108,0.12829595699502055
181,cg5,0.28152261757519803,0.6549058401598666,0.1527725474509281,0.24878048780487805,0.9856869231531128,0.3221305698590771
181,pcg5,0.2995890998735115,0.7071787779733467,0.1818003494810574,0.3463414634146341,0.9316903496407226,0.29836185153371375
181,poisson_pcg5,0.79043981022029,0.9597653613541018,0.2672519990705208,0.7073170731707317,0.47081122512968254,0.08725886732429979
181,cg10,0.28547919130247856,0.6648154520069346,0.15987916683019288,0.2731707317073171,0.9754468161321482,0.21464582150363992
181,pcg10,0.3956603722272104,0.8002640181040985,0.19738555160500204,0.4170731707317073,0.8795207222007223,0.18347736100003753
181,poisson_pcg10,0.8966960437372763,0.9815577729841325,0.2763181096362307,0.7878048780487805,0.27622316903183053,0.06338121289654286
181,cg20,0.295438690607507,0.6903259531781427,0.16411813713509804,0.3097560975609756,0.9617808612504898,0.14295566408296378
181,pcg20,0.4938376069586788,0.8890541667218083,0.22162688656376156,0.5292682926829269,0.8058920330444206,0.10007918657592732
181,poisson_pcg20,0.9999394061706235,0.9999682384235671,0.28576334270698917,0.9902439024390244,0.006861899369427653,0.002417199415455181
181,cg40,0.30857457761771323,0.722573878750182,0.18182940682645515,0.37073170731707317,0.9254520304489235,0.10585805083353994
181,pcg40,0.5335345082764593,0.910050553842489,0.2432913425823864,0.6439024390243903,0.7174902976725299,0.07627650126716785
181,poisson_pcg40,0.9999999923165884,1.0,0.285774955428306,1.0,1.0698165683874782e-05,4.516916517844255e-06
181,cg80,0.39136481563080866,0.7727531993171262,0.20010764511693213,0.4097560975609756,0.8573110990192292,0.062206565976749194
181,pcg80,0.7679508638906808,0.9078768709553617,0.24372375911214786,0.5707317073170731,0.5752929100455415,0.031267682614411506
181,poisson_pcg80,1.0,1.0,0.285774955428306,1.0,8.560101872904904e-12,3.409703249202271e-12
181,poisson,0.6542435226115263,0.8823584293900454,0.20449930928792934,0.43902439024390244,106.06231938284415,437.5039156431228
181,amg,0.9109630202773338,0.9668422376030597,0.27060163218814476,0.7390243902439024,0.3807437221732416,0.07747345900450522
181,oracle,1.0,1.0,0.285774955428306,1.0,3.915561004828719e-13,2.0244433295404706e-14
182,ensemble,0.17551125665914308,0.6322843190450352,0.127035207741658,0.2097560975609756,,
182,raw,-0.03348584870630346,0.6265566480949671,0.0975495082297552,0.15121951219512195,,
182,smoothed,-0.02603366386951365,0.6303971520453132,0.10331456798918687,0.17317073170731706,,
182,prediction_magnitude,0.34556315122502085,0.6506967695829969,0.07759492387832914,0.026829268292682926,,
182,boundary_distance,0.23017726532616298,0.6683442954885328,0.06428906836199533,0.00029036004645760743,,
182,jacobi1,0.12502626207580864,0.6721867845374059,0.1286148290281278,0.22926829268292684,0.9671917741976871,0.586782504514548
182,jacobi5,0.20291637965631512,0.6884698860553445,0.144877065601294,0.2658536585365854,0.9244687973010629,0.3109239812767174
182,jacobi10,0.28115316037442745,0.7007894075142597,0.15476081743226128,0.28292682926829266,0.8944090518245046,0.24340914747590026
182,jacobi20,0.3800827481437436,0.724388920503421,0.16428111041414395,0.3024390243902439,0.8508057644069515,0.1837063507871643
182,jacobi40,0.47681218800459063,0.7507126503712134,0.17678274669317454,0.3195121951219512,0.7895950571515487,0.12802494313831764
182,jacobi80,0.5755425298909861,0.766885909770655,0.18388542736865812,0.35365853658536583,0.7115736114022553,0.08326480343881036
182,cg5,-0.027254276845393444,0.6297857416989796,0.09850757111521022,0.13902439024390245,0.9867552191385526,0.27722165106950725
182,pcg5,0.2864165732922598,0.6958418802853248,0.15529154722884195,0.28780487804878047,0.889106626309436,0.2438797601236037
182,poisson_pcg5,0.28721532400863314,0.6720326085518045,0.12451165305958915,0.15609756097560976,0.9455699726989923,0.12293995105018077
182,cg10,-0.01824373563760806,0.6312216296335508,0.10619427600086122,0.15365853658536585,0.9784138766529354,0.18422723321275308
182,pcg10,0.4609905096035382,0.7365899977502217,0.1745062437560379,0.2926829268292683,0.7867177278247541,0.1318213021023537
182,poisson_pcg10,0.6889566507010959,0.8662122996704736,0.19778658080972303,0.5439024390243903,0.6267947130215159,0.08241472008656676
182,cg20,-0.00019215863412074056,0.6341966306261001,0.11346807394919305,0.16341463414634147,0.9658333416975565,0.13331774833128396
182,pcg20,0.6530440884361246,0.7619840398078425,0.18986150894076895,0.4146341463414634,0.6432333404561321,0.06030367067604594
182,poisson_pcg20,0.9998974288985463,0.9999933830049098,0.2502014086409286,0.9951219512195122,0.012228223030684396,0.0034415769032822585
182,cg40,0.04995870393221923,0.643056125352355,0.12712555702585124,0.17317073170731706,0.9312630800328235,0.08824099568463402
182,pcg40,0.7604406612629093,0.7713848047324748,0.20099907609093537,0.526829268292683,0.543469529094564,0.03771830206962858
182,poisson_pcg40,0.9999999970314093,1.0,0.2502174726423775,1.0,2.5415191101135153e-06,1.4682374296614918e-06
182,cg80,0.1795566055729266,0.6667271018884904,0.1468656167128664,0.2097560975609756,0.8912121880385594,0.058019547544033004
182,pcg80,0.8257250177291233,0.784960893559017,0.2077604376403594,0.5365853658536586,0.4753024623480902,0.02911865782485904
182,poisson_pcg80,1.0,1.0,0.2502174726423775,1.0,7.623242524927987e-12,3.067302130642904e-12
182,poisson,0.21133594339527226,0.6366323465187989,0.1028467700281953,0.1073170731707317,125.02969984712335,443.3466318044674
182,amg,0.8194027880712212,0.7822651297592738,0.20857295564218548,0.5585365853658537,0.49653698347131753,0.07439076141983261
182,oracle,1.0,1.0,0.2502174726423775,1.0,5.55902216972932e-14,4.502717041100426e-15
183,ensemble,0.22221203320340263,0.625717613117531,0.12153903849479081,0.15609756097560976,,
183,raw,0.21643416715253766,0.623832431216336,0.14144375128321982,0.21951219512195122,,
183,smoothed,0.2508587026316272,0.6753708825748052,0.13430271315870204,0.18292682926829268,,
183,prediction_magnitude,0.1822499324697961,0.569746436748144,0.12485343714395296,0.14146341463414633,,
183,boundary_distance,0.4688104841947186,0.7308934266770774,0.15930554198817903,0.22468060394889663,,
183,jacobi1,0.19286012786258774,0.6561710096211109,0.15193974749382133,0.24878048780487805,0.9361899538523015,0.5928332915344282
183,jacobi5,0.29245062367230645,0.7302548866508741,0.17830424003825995,0.33658536585365856,0.866765657260037,0.28928491332737005
183,jacobi10,0.3309662622579754,0.7720226830591692,0.18851370592670344,0.37317073170731707,0.8288827904018615,0.20827763821407702
183,jacobi20,0.38333274363148545,0.8393406826092135,0.19832355929420983,0.4195121951219512,0.7821267238114082,0.15277290231512194
183,jacobi40,0.4383617929347369,0.8974418696981327,0.22105924522403014,0.5,0.7253010245118319,0.11387084862618817
183,jacobi80,0.510449666745289,0.9316762171962468,0.24236079989787707,0.5902439024390244,0.6583389111850789,0.08934496735575818
183,cg5,0.2241290204988395,0.6371134020618556,0.14528960156952525,0.22926829268292684,0.9605486468453311,0.22452369519062468
183,pcg5,0.3241207980259611,0.7576088826542091,0.18836549159634924,0.37317073170731707,0.8285217036006165,0.20677383273598013
183,poisson_pcg5,0.6485879860791668,0.8968800868149756,0.24538034082763815,0.5902439024390244,0.5587331997113919,0.0874932884086874
183,cg10,0.23429456480764982,0.6490306102192872,0.15080772884501015,0.25609756097560976,0.9456683014601528,0.15053024223627406
183,pcg10,0.42481994675563334,0.8872391249685693,0.21549153225402054,0.4853658536585366,0.7343338599745357,0.12128526593865809
183,poisson_pcg10,0.8994450446353135,0.9879656710294721,0.2849160697639197,0.8097560975609757,0.24361987742590177,0.048971444762357846
183,cg20,0.24455015468523827,0.6703604938925135,0.1630629610989865,0.3024390243902439,0.9142857389549536,0.11473332102605299
183,pcg20,0.5644227369321093,0.9463771951881211,0.2572447097737478,0.6682926829268293,0.5935697415006493,0.07880808378992718
183,poisson_pcg20,0.9997063384332746,0.999966915024549,0.2944432634302502,0.9926829268292683,0.012605623738258308,0.002501686736708622
183,cg40,0.2682024622708164,0.7155042811958233,0.19166966343359002,0.4024390243902439,0.8320735947181753,0.07888259814328262
183,pcg40,0.6928969864108666,0.9686149305877215,0.2705486818736683,0.7,0.4734956155472268,0.050982431589303344
183,poisson_pcg40,0.999999971361829,1.0,0.29449951897669946,1.0,2.990903065503961e-05,5.512453366933268e-06
183,cg80,0.4902594709434604,0.8122500430104681,0.24026777155647616,0.5024390243902439,0.6768334796429172,0.040426496126552205
183,pcg80,0.9633260786909322,0.9952853909982399,0.290678204415125,0.8853658536585366,0.14396632697441314,0.011066097937147712
183,poisson_pcg80,1.0,1.0,0.29449951897669946,1.0,1.3472407551557502e-11,3.0098658525936955e-12
183,poisson,0.3530890444272187,0.7019903921231291,0.152989867504064,0.2097560975609756,160.92383199115753,447.89194704263303
183,amg,0.8238180606037899,0.9750645157021294,0.2762675404436289,0.724390243902439,0.34793314955557725,0.06980398860686242
183,oracle,1.0,1.0,0.29449951897669946,1.0,2.115028137453736e-12,4.4152997744979864e-14
184,ensemble,0.16645670434527945,0.5974094464221907,0.12874252875946635,0.17317073170731706,,
184,raw,0.13499933395297956,0.5984450061538055,0.1557768807222163,0.23414634146341465,,
184,smoothed,0.0777145790390047,0.5906217328586743,0.15376851462157615,0.2634146341463415,,
184,prediction_magnitude,0.25549412795959436,0.6695340312057488,0.09946472484348082,0.06341463414634146,,
184,boundary_distance,0.21845782559062374,0.6378955308815161,0.12032846364434137,0.14883855981416955,,
184,jacobi1,0.12178038122965432,0.587646070166616,0.14686836762456248,0.2097560975609756,0.9368174984902359,0.5569643400845141
184,jacobi5,0.2175153461131101,0.6464010163704459,0.16417423098774037,0.24878048780487805,0.8648883877039372,0.24221899240577802
184,jacobi10,0.28331636626482704,0.7020578854730489,0.17474392525211774,0.2780487804878049,0.8245829229778254,0.16960868372280463
184,jacobi20,0.36386974031353686,0.7707773645831955,0.18437710812902888,0.3170731707317073,0.7746032205771429,0.11945395434474056
184,jacobi40,0.45148151614220544,0.8514438283286794,0.2044237616859607,0.4170731707317073,0.7124870800655019,0.09669826420330828
184,jacobi80,0.5433724575800237,0.9123995870995064,0.22208415418435515,0.5,0.6353201143100294,0.09148523759115369
184,cg5,0.13623538953863543,0.6022286039463759,0.1571835105364223,0.23902439024390243,0.9814648266792556,0.20253661674744033
184,pcg5,0.264608473281788,0.6847729708984556,0.1715155672875203,0.2707317073170732,0.8294051226361433,0.14373480219082496
184,poisson_pcg5,0.2802455142356575,0.7057746516152085,0.12326711655541635,0.16097560975609757,1.0387252794566868,0.126178583573414
184,cg10,0.13624045360543677,0.6022120614586504,0.15619315925659288,0.23658536585365852,0.9764617502311701,0.12733692738227212
184,pcg10,0.400000151223512,0.8067261755091778,0.1942013254378048,0.36585365853658536,0.7461532813619041,0.04506322182284881
184,poisson_pcg10,0.966272488612625,0.9957538742506253,0.27408146504233205,0.8951219512195122,0.19582970729805757,0.034671251977277835
184,cg20,0.13525002848450265,0.6024403477892619,0.1558968711773299,0.23902439024390243,0.9598153985775489,0.10941477071131803
184,pcg20,0.5345359938431565,0.9136369651813718,0.22251825338796172,0.4975609756097561,0.6364142713472961,0.016927162555685972
184,poisson_pcg20,0.9999924548897121,0.999998014901473,0.2767417756048151,0.9975609756097561,0.0018383627663154493,0.00043662333622415477
184,cg40,0.15885799737126738,0.6212531265301802,0.15902778799829687,0.25609756097560976,0.8949111070373319,0.059203545515581185
184,pcg40,0.8434505447916081,0.9575235234175457,0.25645614205108513,0.751219512195122,0.3849035857075065,0.011990444812293338
184,poisson_pcg40,0.9999999998253771,1.0,0.27674232079868943,1.0,3.1233374828694325e-07,6.22410524444087e-08
184,cg80,0.29163319196274906,0.712005214192131,0.17698460605879537,0.29024390243902437,0.815826413074279,0.03108740736445672
184,pcg80,0.8015269879696214,0.9332570173232931,0.2513855492769554,0.6536585365853659,0.40741041938621597,0.010568127123903412
184,poisson_pcg80,1.0,1.0,0.27674232079868943,1.0,3.447203022874588e-12,7.158191322214615e-14
184,poisson,0.25038603870170795,0.6735750301073277,0.12404850470836265,0.16097560975609757,112.18989523392855,438.04274831194266
184,amg,0.8789338895019787,0.9818595079602451,0.26559505168363673,0.775609756097561,0.32986425325650026,0.05866355822015853
184,oracle,1.0,1.0,0.27674232079868943,1.0,3.777118331407749e-12,7.72104639116169e-14
185,ensemble,0.3121790673858117,0.6827521405979117,0.17253815611784673,0.2121951219512195,,
185,raw,0.16893897263761073,0.6154480367375568,0.13477858339059343,0.16585365853658537,,
185,smoothed,0.2477362201713194,0.7244716329420483,0.16333379973156217,0.22439024390243903,,
185,prediction_magnitude,0.5314167588466523,0.7343183833357596,0.18919443558378685,0.25121951219512195,,
185,boundary_distance,0.7098266052405222,0.9467345129229914,0.2917574326722798,0.6589430894308942,,
185,jacobi1,0.19510414875034757,0.6422104733798287,0.182651853580207,0.3024390243902439,0.9780110539224522,0.6531515846473653
185,jacobi5,0.2612159442206104,0.6691078967219406,0.19595066094203237,0.32195121951219513,0.9419095715007985,0.41612471928226474
185,jacobi10,0.28673978141867185,0.6827666979871101,0.20322705574542388,0.3463414634146341,0.9183852591107303,0.3454105212567603
185,jacobi20,0.3012479893210077,0.709388192633961,0.21000677144211968,0.36341463414634145,0.8870757881213227,0.28117860780198023
185,jacobi40,0.2922448154573033,0.7356351653587073,0.22277722028046146,0.4146341463414634,0.8436447101440432,0.21532225955718795
185,jacobi80,0.3102059176686953,0.8128336619774228,0.23742636537737893,0.4975609756097561,0.7822048818388159,0.15047845714330754
185,cg5,0.17045309421047386,0.6210341039926949,0.13532171471848192,0.17073170731707318,0.9802176683400503,0.3639100972632009
185,pcg5,0.2899769291943158,0.6847054775485356,0.20362179549497456,0.348780487804878,0.9147163653401288,0.33608650373766186
185,poisson_pcg5,0.807719675480909,0.9734380583089607,0.30335835948242695,0.7048780487804878,0.3438982642628176,0.09183484011161923
185,cg10,0.1721777765377217,0.6264487910749971,0.13866738006723073,0.1902439024390244,0.9622028547385776,0.24409110666191924
185,pcg10,0.2863543654225575,0.740822889509416,0.22521114920426175,0.4073170731707317,0.8352821466100778,0.2089234719693621
185,poisson_pcg10,0.8890099564652306,0.9877287826052433,0.3146267077015574,0.802439024390244,0.21691687381504443,0.06249063398199901
185,cg20,0.18164258287299917,0.6386849383957757,0.15073319827079795,0.23658536585365852,0.9419290059366268,0.15062172128869167
185,pcg20,0.3525114902278738,0.8912079986236651,0.24402735420730975,0.551219512195122,0.7212576216765103,0.10289831717272285
185,poisson_pcg20,0.9998265537912022,0.9999933830049098,0.32297234126460694,0.9951219512195122,0.007499493221164428,0.0020455418266712624
185,cg40,0.1948100789150643,0.6678731654381113,0.1598032417325966,0.2780487804878049,0.8999006543451736,0.10719017465680762
185,pcg40,0.5735370829527949,0.9913800404960099,0.3089580173888784,0.8463414634146341,0.5262763445244019,0.07104930803117196
185,poisson_pcg40,0.9999999982537702,1.0,0.32297771766568256,1.0,1.304852273495651e-06,1.0107715399493972e-06
185,cg80,0.3135406615367181,0.7254674907031219,0.23193477013049904,0.4097560975609756,0.8072626593681572,0.06499844394295995
185,pcg80,0.9459447698695262,0.9896212432010375,0.31554416468575075,0.8121951219512196,0.1997151142266408,0.027565288892945395
185,poisson_pcg80,1.0,1.0,0.32297771766568256,1.0,3.0954690485194156e-12,1.5447681111322411e-12
185,poisson,0.5620505852007657,0.8429409896377857,0.1963466746228735,0.33658536585365856,178.27661389862388,432.00693406501455
185,amg,0.9876379682299029,0.997244021544936,0.3209359181083761,0.9073170731707317,0.15472187966732726,0.09681613595337626
185,oracle,1.0,1.0,0.32297771766568256,1.0,4.4241584511851106e-14,4.280331954734273e-15
186,ensemble,0.3207605977926201,0.7440136045419055,0.21155072757330823,0.33414634146341465,,
186,raw,0.15045496571494063,0.6149252941254317,0.15579141852316103,0.2073170731707317,,
186,smoothed,0.174120469734734,0.6622090176409089,0.19316722689001264,0.2707317073170732,,
186,prediction_magnitude,0.5121066887744965,0.8882164551433903,0.24303017988013584,0.4609756097560976,,
186,boundary_distance,0.31111987053927415,0.7328785252041343,0.16059427142895355,0.16445993031358883,,
186,jacobi1,0.3172297472392245,0.6858125008271244,0.21337328618131202,0.3048780487804878,0.9706888383582918,0.6725715037785194
186,jacobi5,0.40887432427188086,0.6910359567513201,0.22271449160935983,0.3024390243902439,0.9297867246927038,0.4293485508344095
186,jacobi10,0.4468234116530031,0.7028095761152945,0.22843092931914658,0.3170731707317073,0.9031746944131563,0.3607314554166583
186,jacobi20,0.4817630149380611,0.7198020195069015,0.2418638776394209,0.36097560975609755,0.8649339258099845,0.3108052884212634
186,jacobi40,0.5292546055836556,0.7680954964731416,0.2623122660928978,0.43658536585365854,0.8068224546530174,0.2707743948875905
186,jacobi80,0.5921961902878771,0.8736372298611754,0.2987050024837469,0.5658536585365853,0.7165751352550864,0.22736241812048663
186,cg5,0.1626347235600672,0.6189411484456678,0.1564992227269167,0.18536585365853658,0.9751879236169693,0.3755935784865008
186,pcg5,0.4521804460692672,0.6988175429773831,0.22938399644948404,0.3146341463414634,0.8949057294503645,0.35220070684383314
186,poisson_pcg5,0.6423244376049972,0.9411907944364305,0.32912853821012195,0.6219512195121951,0.6972144411050337,0.10135306213272997
186,cg10,0.16987683711072205,0.627496261397774,0.16197723383709314,0.2097560975609756,0.9535521918547561,0.30100966105036425
186,pcg10,0.5309153067447056,0.7559724997684052,0.25610453960419594,0.4146341463414634,0.8062659261416016,0.2776009528994196
186,poisson_pcg10,0.8946600416169899,0.9949247647658246,0.3845312150031684,0.8731707317073171,0.20564551379887339,0.04288695603355848
186,cg20,0.22714078709204716,0.6634047086537062,0.20088032515806287,0.3024390243902439,0.8811513145216615,0.19936164943230628
186,pcg20,0.6956224620992668,0.9637540859944682,0.3388776195715823,0.7195121951219512,0.517895673879542,0.15647868777207508
186,poisson_pcg20,0.9997782370059818,0.999964929926022,0.39267043858959244,0.9951219512195122,0.013850290590282092,0.002941701115474346
186,cg40,0.2758744361633099,0.6994620382991675,0.2402223383993696,0.36829268292682926,0.8251068546136006,0.10599026814830131
186,pcg40,0.70917252324246,0.9931308973968741,0.3807703592976251,0.8634146341463415,0.33575342456101337,0.03862587142077546
186,poisson_pcg40,0.9999999914434734,1.0,0.39269397162505754,1.0,1.1812565417302054e-05,3.384724991095911e-06
186,cg80,0.48654955952816814,0.7720233447586782,0.28719845903737073,0.4634146341463415,0.7535736105967598,0.056956273635097414
186,pcg80,0.925587164575773,0.9950504876725381,0.384473520222117,0.8878048780487805,0.2107365645041295,0.01632722501069777
186,poisson_pcg80,1.0,1.0,0.39269397162505754,1.0,1.967393975313294e-11,6.095194829122944e-12
186,poisson,0.3563476640207232,0.8072899434908619,0.17937335822716355,0.24634146341463414,128.7245618926748,403.43699773013765
186,amg,0.8303417042636956,0.9428251922237074,0.34955039278947325,0.7682926829268293,0.612613576885431,0.17412166851327218
186,oracle,1.0,1.0,0.39269397162505754,1.0,1.6769886127349844e-12,7.280061558157528e-14
187,ensemble,0.17140994683861416,0.6524787263607851,0.1306039960044005,0.2073170731707317,,
187,raw,-0.0892459072281961,0.5452324550375184,0.11032652903212142,0.14390243902439023,,
187,smoothed,-0.07444273437311408,0.5479672591082937,0.1320662483005659,0.2,,
187,prediction_magnitude,0.21399045177538778,0.6770893161997273,0.11926495542717191,0.16097560975609757,,
187,boundary_distance,0.24888803435130738,0.6364874343263237,0.1306952941870766,0.16991869918699187,,
187,jacobi1,0.12991468521257848,0.6632683985548483,0.15509127625497546,0.28292682926829266,0.9277346542717235,0.5901336292403814
187,jacobi5,0.2756663342752917,0.7490478144065217,0.1729652533196777,0.3170731707317073,0.8238321877051532,0.309644053396279
187,jacobi10,0.36100664860981097,0.7990180379286158,0.19293892182114858,0.4097560975609756,0.7589716518985972,0.23555068710482754
187,jacobi20,0.49430725707035933,0.8683482656855869,0.2123991230851427,0.5097560975609756,0.6715102414794563,0.17787885332556688
187,jacobi40,0.6462251214970907,0.9327819170758175,0.23286818750204144,0.5951219512195122,0.5563924285272474,0.12658592582650657
187,jacobi80,0.7711044369271807,0.9685884626073608,0.24741165345974703,0.6829268292682927,0.42631007360205947,0.07842008675547946
187,cg5,-0.07778615106671459,0.551742916506756,0.11541593776828545,0.14634146341463414,0.9536753409592152,0.26108872950741363
187,pcg5,0.34829436834281274,0.7881251406111457,0.1925997887043953,0.4097560975609756,0.75317877600569,0.2347723938866476
187,poisson_pcg5,0.26985838277818314,0.6843719809959901,0.1917581357990605,0.4097560975609756,0.8669858496096502,0.0820891465654542
187,cg10,-0.06354830967457203,0.5593180524860051,0.12193039961744905,0.16829268292682928,0.9283143850892599,0.17276087452307054
187,pcg10,0.625263082810526,0.9251743578206265,0.23248265370169352,0.5951219512195122,0.5567835587763019,0.13646231937611986
187,poisson_pcg10,0.9233432524781379,0.9833377446633934,0.2582476141832345,0.8097560975609757,0.23318589521107566,0.025775404010084373
187,cg20,-0.031239129194807508,0.574948056588542,0.1347707639169138,0.1951219512195122,0.89708533071273,0.10117882582453953
187,pcg20,0.8165726192627546,0.9764871696465202,0.2519527646565177,0.7341463414634146,0.3365854498924389,0.04688534459285286
187,poisson_pcg20,0.9998731662560092,0.9999814724137475,0.26774606980612337,0.9926829268292683,0.008612948092788356,0.0012773559221476926
187,cg40,0.09221227463715298,0.6326250942921801,0.1587035432942629,0.23658536585365852,0.8254851911084055,0.0639256503624169
187,pcg40,0.8868197809266543,0.9846757010706298,0.25869212937060704,0.7951219512195122,0.2509488881428972,0.02627794046768152
187,poisson_pcg40,0.9999999975552782,1.0,0.2677526742538158,1.0,2.8996988222596555e-06,5.585681247424131e-07
187,cg80,0.3111395601070783,0.7289182536426558,0.1947235894880666,0.36585365853658536,0.7358135260389491,0.03877964410423713
187,pcg80,0.9516319730593323,0.988522160316557,0.2611390307371419,0.848780487804878,0.17952739294535758,0.0075118107947778085
187,poisson_pcg80,1.0,1.0,0.2677526742538158,1.0,2.6484981880576175e-12,3.200439471117176e-13
187,poisson,0.21858719374479765,0.6903769040403372,0.13002872020695777,0.15609756097560976,214.52440706502767,435.41400167330204
187,amg,0.867628212287748,0.9658265288567156,0.25068458021966256,0.7195121951219512,0.3025092430725502,0.07733622579153848
187,oracle,1.0,1.0,0.2677526742538158,1.0,1.784951116608847e-12,4.363101869119877e-14
188,ensemble,0.3177096524354236,0.6824279078384924,0.15585855293506892,0.23658536585365852,,
188,raw,0.19755669865396688,0.7043493508727816,0.1994163465482897,0.37073170731707317,,
188,smoothed,0.2469689309303757,0.7647307544697802,0.1903805431324093,0.35853658536585364,,
188,prediction_magnitude,0.4054548061793741,0.7561842436112912,0.092587382742734,0.046341463414634146,,
188,boundary_distance,0.4268000427875016,0.8003665815279966,0.10858378334191897,0.11457607433217189,,
188,jacobi1,0.13867277081595486,0.6275141272845176,0.15845562928162824,0.25121951219512195,0.9543654873091106,0.5962001509208554
188,jacobi5,0.2496146084511047,0.6707985389674841,0.18090246318098602,0.2926829268292683,0.91023675222609,0.27061929882962593
188,jacobi10,0.28448748532188967,0.6807299868983497,0.18450975602655106,0.3024390243902439,0.8878008895768046,0.1798011942702646
188,jacobi20,0.3326229098954855,0.7054338763680638,0.1906496266620657,0.3097560975609756,0.8605159752662382,0.11909179130142966
188,jacobi40,0.40011899090149944,0.7264382038828527,0.19386113749666767,0.3195121951219512,0.825826764646313,0.07747769320136433
188,jacobi80,0.48313077066128085,0.7581071423845004,0.19983487231474786,0.34146341463414637,0.7862725036742128,0.045772424196817305
188,cg5,0.19870298440055084,0.704608075380808,0.19759805059684135,0.36097560975609755,0.9772014093872522,0.2105558017606461
188,pcg5,0.2906723451828864,0.6841066394928735,0.18605898099939136,0.3024390243902439,0.8858697798016254,0.1742962053372632
188,poisson_pcg5,0.43398105471840825,0.8560254357291267,0.20701269818307597,0.5,0.8642803514295917,0.11011069250817446
188,cg10,0.1967324653788263,0.7029981604753649,0.19525915553513482,0.35365853658536583,0.9703011326241507,0.14421002569244817
188,pcg10,0.37612046354609513,0.7109961224408772,0.19248884319324705,0.32195121951219513,0.8385495346258933,0.09199460099838047
188,poisson_pcg10,0.9072920913497862,0.9869737834654526,0.2921058134715661,0.7853658536585366,0.3099207887829429,0.032507948135362945
188,cg20,0.19536719541391404,0.704777470455117,0.19399831240208187,0.35121951219512193,0.95760863537362,0.10362225332334246
188,pcg20,0.5168926632205307,0.772295303256885,0.2031780756103606,0.36829268292682926,0.7637874928927673,0.03228074134326421
188,poisson_pcg20,0.999989500617914,0.999998014901473,0.30335763411776423,0.9975609756097561,0.002045841378449824,0.00040930579044864995
188,cg40,0.19936457905856247,0.704676230430237,0.18732387305585887,0.34146341463414637,0.907552895520487,0.058182724243074774
188,pcg40,0.6016355303043257,0.7656988208514749,0.20419680380289715,0.35609756097560974,0.7274965581882438,0.023778505945046473
188,poisson_pcg40,0.9999999996507541,1.0,0.30335850897260236,1.0,4.3645232973621764e-07,9.238435011345886e-08
188,cg80,0.2838089562498715,0.7206503182774638,0.19387429818601676,0.348780487804878,0.8664930700384432,0.03847226013417434
188,pcg80,0.6122871590185708,0.9230893426677077,0.25903982834409256,0.5707317073170731,0.5263831842515786,0.01836475727063411
188,poisson_pcg80,1.0,1.0,0.30335850897260236,1.0,8.904543690175205e-12,2.0081362783700494e-13
188,poisson,0.3540653757263758,0.8508072734010032,0.190562294869463,0.4219512195121951,133.90323689440066,439.511144740707
188,amg,0.580639085824044,0.8751386260471394,0.23167491535714288,0.44634146341463415,0.6048689284722175,0.07149970757805531
188,oracle,1.0,1.0,0.30335850897260236,1.0,8.433215690545058e-12,1.9674850234424297e-13
189,ensemble,0.38840564111756254,0.7483014173603483,0.19773539630363307,0.2975609756097561,,
189,raw,0.029279456356433413,0.5642424202321242,0.10570892290586428,0.13902439024390245,,
189,smoothed,0.017455759334534967,0.5921112184534759,0.13000248027235609,0.2097560975609756,,
189,prediction_magnitude,0.583798316121653,0.8985045591096171,0.2462876072121999,0.4682926829268293,,
189,boundary_distance,0.32102472529290993,0.7830829903524211,0.12312954707968503,0.13495934959349593,,
189,jacobi1,0.2846524322803651,0.6390614454164075,0.1674430161018894,0.22926829268292684,0.9630780753525783,0.6246281241164003
189,jacobi5,0.37700690835802086,0.6349397191747284,0.19679804896137937,0.2707317073170732,0.9065487950912516,0.3038809206404379
189,jacobi10,0.43929793387890587,0.6410180908645766,0.20942456161334247,0.29024390243902437,0.8660760466779114,0.20493747703802562
189,jacobi20,0.5159414936977025,0.6753040509243942,0.22370063017042852,0.32439024390243903,0.8133097697702707,0.12627333711663227
189,jacobi40,0.5832767565312912,0.7425810251048793,0.23682658388445732,0.36097560975609755,0.7518785133626873,0.07322108104337895
189,jacobi80,0.6163576929335411,0.8005009065283274,0.2522173864230809,0.4097560975609756,0.6928457911036434,0.04290714382145994
189,cg5,0.04457216731050863,0.5679869777536625,0.11041310758640546,0.12926829268292683,0.9768262626119935,0.22510926930476058
189,pcg5,0.4404545204612328,0.6378187737384698,0.206917503598287,0.275609756097561,0.860744965303217,0.20043297494985782
189,poisson_pcg5,0.33305955172126306,0.6260219948916798,0.14906883182071223,0.15121951219512195,0.9868929500991251,0.09214610659960074
189,cg10,0.06419467319125226,0.570900440691873,0.1140108520973472,0.12682926829268293,0.9707917510648773,0.13073036516728972
189,pcg10,0.5600632761782498,0.7191595092836441,0.2278578170491962,0.32926829268292684,0.7724141222763362,0.08659663236623111
189,poisson_pcg10,0.9756335051525796,0.998497280415018,0.34491037509738004,0.9390243902439024,0.15824190876564329,0.030569519118780506
189,cg20,0.09682708694313986,0.5735432685308948,0.11835636841709936,0.12926829268292683,0.9616768062982832,0.09650771362832077
189,pcg20,0.6182113647256302,0.8103271442372589,0.2540283522704603,0.4195121951219512,0.6751815238015179,0.03594376800827184
189,poisson_pcg20,0.9998169603532044,0.9999854426108016,0.34632308833705133,0.9926829268292683,0.010638364903191942,0.002005885725487188
189,cg40,0.2529560038835595,0.5999543427338777,0.14923806208880752,0.18048780487804877,0.9235331887742764,0.06676378385685976
189,pcg40,0.697909675984382,0.8446455275730186,0.2841568690936761,0.5536585365853659,0.591412118274723,0.019154498736614678
189,poisson_pcg40,0.9999999975552782,1.0,0.34633283050223473,1.0,2.119599389299033e-06,5.55482357056388e-07
189,cg80,0.40888308755216896,0.6503050434736577,0.19156267080174452,0.2731707317073171,0.8693286137642254,0.043970990206140086
189,pcg80,0.7215847296118016,0.8620667522464698,0.2894370026668108,0.5658536585365853,0.563922810913031,0.016778214186564232
189,poisson_pcg80,1.0,1.0,0.34633283050223473,1.0,9.563030145539393e-13,2.57347229305799e-13
189,poisson,0.19116054654286707,0.6330148353029922,0.12933336973268686,0.17560975609756097,122.16395713190903,442.8264712442121
189,amg,0.7744326844706123,0.947869989280468,0.3003992362364928,0.5853658536585366,0.5104498924262449,0.06837819459535481
189,oracle,1.0,1.0,0.34633283050223473,1.0,3.402380316471483e-13,1.330250152717338e-14
190,ensemble,0.24523896887693,0.6656094914177574,0.15161646341431279,0.22926829268292684,,
190,raw,0.0762926130045459,0.6209990339187168,0.09961542949607753,0.11463414634146342,,
190,smoothed,0.053934380017966334,0.6304084009369665,0.11012657866370121,0.15365853658536585,,
190,prediction_magnitude,0.3987360913484449,0.8323326231091936,0.1689886356073418,0.32926829268292684,,
190,boundary_distance,0.25094395207973247,0.6995923931024444,0.13055404463283865,0.1903019744483159,,
190,jacobi1,0.20584789615754537,0.68042626682371,0.15906626239086735,0.2682926829268293,0.8988800522277473,0.5497438702524269
190,jacobi5,0.3541991200006974,0.7809768008152138,0.18746272591790156,0.37073170731707317,0.7946874780906473,0.23073998893383174
190,jacobi10,0.42841130173143305,0.8278238026547384,0.20468417651981546,0.43902439024390244,0.7356291494991943,0.15207465469853254
190,jacobi20,0.5147836131589966,0.8805235366515358,0.22000924120469373,0.4878048780487805,0.6628192517649675,0.09408053558603004
190,jacobi40,0.6095347477334774,0.9161461297195718,0.23582812426346936,0.5487804878048781,0.5806275750128137,0.054958777022767885
190,jacobi80,0.6925841802269104,0.9355378955308815,0.25021552329292096,0.5926829268292683,0.4994226507573617,0.029113569062879603
190,cg5,0.08559843750279397,0.6233083652051931,0.10635924091341295,0.12682926829268293,0.9659752597575089,0.19044612238987263
190,pcg5,0.4278654774030583,0.8261993303600969,0.20232951382024708,0.4292682926829268,0.73710618731324,0.15428128255453558
190,poisson_pcg5,0.34157820003899264,0.7552049283379432,0.17122001374433032,0.2951219512195122,0.860583085253861,0.11228370753593891
190,cg10,0.1012345899748744,0.631089289731747,0.11091921498946167,0.13658536585365855,0.9557110504880078,0.12927372597905407
190,pcg10,0.5670762862827464,0.9056085650384448,0.22751171770666234,0.5170731707317073,0.6099187264932552,0.06856115008917692
190,poisson_pcg10,0.8717690635642225,0.9863034818628165,0.28046405626373544,0.7926829268292683,0.2899810011809303,0.03400971384417822
190,cg20,0.1285878242735013,0.6477952172359488,0.12285587562834986,0.17560975609756097,0.9336083344202158,0.10125847000013896
190,pcg20,0.7072538689959307,0.9357615499649299,0.2537611748881176,0.6024390243902439,0.47642546744287895,0.020472607024858678
190,poisson_pcg20,0.9992982092244416,0.9999900745073648,0.2930586675253767,0.9951219512195122,0.02099048479760926,0.00325169115596118
190,cg40,0.21808758478854356,0.7056826753834549,0.16307364514734002,0.28292682926829266,0.8417333242063307,0.0609047075400427
190,pcg40,0.7849025275057757,0.9522934504982598,0.266526715506297,0.6878048780487804,0.3976949179647643,0.011493555170000955
190,poisson_pcg40,0.9999999972060323,1.0,0.2930655481161588,1.0,5.734476953462963e-06,1.0920194089851603e-06
190,cg80,0.38438100476086545,0.7985971970408798,0.19592626674624145,0.4024390243902439,0.7560692848933002,0.036119684288326445
190,pcg80,0.8313281051977526,0.9626199330360097,0.27357229827201796,0.7414634146341463,0.3560704962101172,0.008262034594732858
190,poisson_pcg80,1.0,1.0,0.2930655481161588,1.0,9.619273819008711e-12,2.2481418605454457e-12
190,poisson,0.2157052280894803,0.6647426650609425,0.13218795649619458,0.18536585365853658,130.1618072573814,456.494249394473
190,amg,0.9009476281685275,0.9804831729814857,0.282274292540893,0.8097560975609757,0.28995011495900885,0.05403459662013108
190,oracle,1.0,1.0,0.2930655481161588,1.0,5.2580761459572484e-12,1.1887521166594537e-13
191,ensemble,0.29439288432816474,0.6517627674920266,0.13673889792873137,0.18048780487804877,,
191,raw,0.14922143151068282,0.6628634384553287,0.1405090837311413,0.21707317073170732,,
191,smoothed,0.17742485068057706,0.7026441512380398,0.13890536063878328,0.1975609756097561,,
191,prediction_magnitude,0.48694188884858136,0.7014980876884189,0.18563344698362239,0.33414634146341465,,
191,boundary_distance,0.502663246995208,0.7508979262337387,0.15937513172111822,0.25783972125435545,,
191,jacobi1,0.10253792919677446,0.6390343157365377,0.13059066184735624,0.17560975609756097,0.9522554586138035,0.6266431418748373
191,jacobi5,0.22622553594730263,0.6967656127999153,0.1624740465614702,0.28292682926829266,0.8983657699230826,0.3540649570916
191,jacobi10,0.25183174717680723,0.729939255985072,0.17047688488843452,0.3048780487804878,0.8678146476029219,0.2674735926362618
191,jacobi20,0.2728217253676527,0.7756951153342244,0.1800170256673335,0.35121951219512193,0.8329477595673481,0.18942119065270424
191,jacobi40,0.29095646796861097,0.829311964850522,0.18752667042618051,0.3878048780487805,0.7954694246766474,0.12614847309278593
191,jacobi80,0.3170080313934144,0.8780097402167728,0.1913650714404928,0.4146341463414634,0.7539674690047858,0.08116327079417848
191,cg5,0.1558209010144115,0.6758062808517397,0.14505355112297222,0.24878048780487805,0.959818686796904,0.2855766376777837
191,pcg5,0.2607526980579576,0.7348312004552493,0.1726064375167157,0.3121951219512195,0.8617657264496368,0.2552923288895748
191,poisson_pcg5,0.6103076717091641,0.8912457154956791,0.21913807664846904,0.5365853658536586,0.6157075966772353,0.09521839436777103
191,cg10,0.15719314402468618,0.6784656511784868,0.14451687695572932,0.25365853658536586,0.942612279951049,0.16758606956536204
191,pcg10,0.28266501481697054,0.8124789910405886,0.1861587592959624,0.375609756097561,0.8030694742558109,0.12552917263036484
191,poisson_pcg10,0.9184327976821912,0.9819183992165478,0.2625862121351706,0.751219512195122,0.2360019280520608,0.027903181462236148
191,cg20,0.16219645232714058,0.6956784405065971,0.1520812770370866,0.3,0.9214869949271633,0.10306809410358732
191,pcg20,0.33666029931861835,0.8942544631631884,0.1938286989165254,0.44878048780487806,0.7326324452568745,0.04094360094706823
191,poisson_pcg20,0.9999786879621783,0.999996691502455,0.2734237559230528,0.9975609756097561,0.0030830246519186967,0.0011316565387931466
191,cg40,0.17792250839950569,0.7185037650702063,0.16278235354018847,0.348780487804878,0.8755768038564093,0.06180991039374799
191,pcg40,0.46713519901656797,0.9401797175866495,0.217425596366742,0.5560975609756098,0.6388884302014414,0.014656580469666967
191,poisson_pcg40,0.9999999963329173,1.0,0.2734241822661924,1.0,3.5979327420639445e-06,5.761958920583045e-07
191,cg80,0.25118063723255024,0.7803640670698623,0.17462878927774078,0.4073170731707317,0.8278254583979624,0.03280579736988566
191,pcg80,0.6686060175795902,0.9452602464168972,0.24336220330979555,0.6731707317073171,0.4988976610028333,0.013713127563609238
191,poisson_pcg80,1.0,1.0,0.2734241822661924,1.0,6.936955461649753e-12,1.6907075546616639e-13
191,poisson,0.5839324941594896,0.8728345883567354,0.2066533715962929,0.47317073170731705,204.1207078849862,415.3456724242531
191,amg,0.9725343303216596,0.9938733242459934,0.26990278291480896,0.8731707317073171,0.15595651440743577,0.07370112610227489
191,oracle,1.0,1.0,0.2734241822661924,1.0,6.795334947026869e-12,1.5534496809372792e-13
192,ensemble,0.16883098473090963,0.6668812778740918,0.14586612953556247,0.22195121951219512,,
192,raw,0.1647343212789824,0.6881999126556648,0.14622100385703604,0.25121951219512195,,
192,smoothed,0.12224976119956443,0.6800173365271363,0.1528267680646012,0.2804878048780488,,
192,prediction_magnitude,0.24397743876516453,0.7473234254860183,0.1631622725497574,0.32682926829268294,,
192,boundary_distance,0.11159923472147004,0.5977277238860289,0.08714557681045067,0.03559814169570267,,
192,jacobi1,0.2777676549992803,0.7337777748368911,0.18271223332352202,0.3195121951219512,0.8719031216168769,0.5964691399599467
192,jacobi5,0.4158264033500011,0.7976529518415097,0.21412330127413423,0.43414634146341463,0.7301594816622421,0.32346750428956816
192,jacobi10,0.5041426540842558,0.8366488890065243,0.23148736718882856,0.5048780487804878,0.6560464729093176,0.24177075600778405
192,jacobi20,0.5998682158687765,0.8772282730966213,0.2460831803708044,0.5829268292682926,0.5668842535900281,0.1687569228012834
192,jacobi40,0.7070768646690244,0.9219776874925559,0.25653024930709445,0.6439024390243903,0.4655396833460118,0.1079404998005106
192,jacobi80,0.8025205749890924,0.95624578166563,0.26940474866459385,0.724390243902439,0.3712886105485961,0.06236914893159568
192,cg5,0.17647511987658934,0.6927576988737875,0.16310057480348894,0.275609756097561,0.9155596623198986,0.25060597652890587
192,pcg5,0.5045118596532933,0.8332080515596257,0.22638990546951637,0.4853658536585366,0.6477833901410656,0.23785478610938351
192,poisson_pcg5,0.3089541704608751,0.7356821460238476,0.19237815103081268,0.36829268292682926,0.8568871569648522,0.08739151342013643
192,cg10,0.1956118610865987,0.7005075235234175,0.16874074474005732,0.2804878048780488,0.8808135339841882,0.14544321203164587
192,pcg10,0.667983841442937,0.90390535050223,0.25239488778310615,0.624390243902439,0.4872870277954046,0.11692444552863787
192,poisson_pcg10,0.9063356918683129,0.9846942286568824,0.27820704462407886,0.7707317073170732,0.26891447532022966,0.02860071207778944
192,cg20,0.24942958596022197,0.722853777642497,0.18163532408346256,0.32195121951219513,0.8374153903773605,0.09169793716360009
192,pcg20,0.8235253743064812,0.9686983047258579,0.2757337467057196,0.7902439024390244,0.33903294088289937,0.03877323142495022
192,poisson_pcg20,0.9993508107340446,0.9998676600981962,0.291692371550733,0.9829268292682927,0.019041351773571382,0.00262334495276502
192,cg40,0.37086363862992533,0.7733030716091208,0.20884318532647378,0.4,0.7227784551013704,0.055761508485995405
192,pcg40,0.8897281349102042,0.9729728835541204,0.27768056484776005,0.8097560975609757,0.28864645620687357,0.011333270874081655
192,poisson_pcg40,0.9999999963329173,1.0,0.2917181623498603,1.0,4.9805633255482625e-06,7.416192317683706e-07
192,cg80,0.5178264738208561,0.8482458346015908,0.24486726168981152,0.5390243902439025,0.6001279459594618,0.029410659636348924
192,pcg80,0.9062517516432443,0.9744689861440122,0.27773814644207323,0.8097560975609757,0.2743239286646298,0.0060534279462283545
192,poisson_pcg80,1.0,1.0,0.2917181623498603,1.0,2.809834749133135e-12,8.673168840314941e-13
192,poisson,0.1835399355590864,0.72655466299644,0.15972926478346636,0.2926829268292683,271.71954836881554,457.1862773035761
192,amg,0.9776844242674329,0.998078424625809,0.290655412219756,0.9317073170731708,0.12987318492075528,0.07094994816482783
192,oracle,1.0,1.0,0.2917181623498603,1.0,1.9513602005733755e-12,3.437880170186546e-14
193,ensemble,0.13631341755302503,0.6686777920410784,0.1661067616756905,0.24634146341463414,,
193,raw,0.17656278812793869,0.6323657080846447,0.12730353352508708,0.12926829268292683,,
193,smoothed,0.15290462351254738,0.6390846048992231,0.15447721793654984,0.1902439024390244,,
193,prediction_magnitude,0.21791356006328255,0.75048568743962,0.10110460034685577,0.11463414634146342,,
193,boundary_distance,0.34303337711169074,0.834859653534137,0.2432552142918857,0.4738095238095238,,
193,jacobi1,0.27988639296985157,0.7563265090057303,0.20729944935702704,0.36829268292682926,0.9180618656959754,0.5949611504783834
193,jacobi5,0.40401056768063115,0.780077551182457,0.22294300559170707,0.4170731707317073,0.8258730774549997,0.2762871005970397
193,jacobi10,0.46378022647177286,0.7814816775405953,0.22717605807971158,0.424390243902439,0.7785720396585594,0.1967129069333867
193,jacobi20,0.5106537379853793,0.7829248441697656,0.24038215085546527,0.45365853658536587,0.7262774882055026,0.1264764176792605
193,jacobi40,0.5526548553560029,0.8084009369665047,0.2493976525910836,0.4902439024390244,0.6771849379814545,0.07143779387957065
193,jacobi80,0.5783954836822217,0.8463818270846843,0.25576665082436323,0.5219512195121951,0.6457915087876526,0.04532114827101955
193,cg5,0.17980070546711344,0.6293344626338288,0.13306310600603866,0.12682926829268293,0.9506432110700285,0.2303800751282365
193,pcg5,0.4618318014496335,0.7789235472387279,0.22488480644925324,0.4121951219512195,0.7741054281034103,0.19505264206918038
193,poisson_pcg5,0.34301535774998637,0.7318687717533714,0.1734364385397896,0.24146341463414633,1.1234548382829121,0.09255731567052809
193,cg10,0.18800850756936194,0.633529637521009,0.1344657999819994,0.12195121951219512,0.9350183572293779,0.12529910451375437
193,pcg10,0.5459210277781317,0.801013061948308,0.2423067691495176,0.4585365853658537,0.6919380004946588,0.07545239137227071
193,poisson_pcg10,0.49463437797417886,0.8613719677619999,0.25860538712972936,0.5073170731707317,0.6310634715275341,0.059269076397688185
193,cg20,0.21288257435614688,0.6530769027169382,0.14825648386111923,0.15609756097560976,0.9118263412443779,0.09811721235296747
193,pcg20,0.5829009711678719,0.8700137633497876,0.256985141335339,0.5365853658536586,0.6427045901407209,0.038202757963857754
193,poisson_pcg20,0.9997370135813661,0.9999907362068737,0.33596042086747907,0.9951219512195122,0.011121081984508006,0.001971708238218707
193,cg40,0.3436881948109199,0.7054166721808293,0.19571499391108688,0.25121951219512195,0.8299743012945859,0.06157111396808274
193,pcg40,0.5898058208381501,0.8685944179029419,0.25244504236032916,0.5121951219512195,0.6534883434005246,0.02665333461223429
193,poisson_pcg40,0.9999999902211123,1.0,0.335979641256345,1.0,1.5792668281019766e-05,3.091566062878909e-06
193,cg80,0.4855061015788377,0.7510249725394704,0.2297806602658961,0.35609756097560974,0.7476299062090122,0.03520540720979281
193,pcg80,0.6434008098930604,0.8596211108611358,0.2395980662131633,0.4560975609756098,0.6472758495913127,0.012104003245860955
193,poisson_pcg80,1.0,1.0,0.335979641256345,1.0,1.0248004335080623e-11,1.754126608236521e-12
193,poisson,0.2697749844082622,0.6421191588475841,0.17371471482682196,0.2048780487804878,217.643433567089,434.2908003174167
193,amg,0.8269308481701411,0.9517065230337599,0.3011271641265825,0.7463414634146341,0.4172326583814404,0.06023695680739708
193,oracle,1.0,1.0,0.335979641256345,1.0,1.0292660626262766e-12,2.3295074957926794e-14
194,ensemble,0.4510529710607511,0.823902571364292,0.24555567584664878,0.4,,
194,raw,-0.013567650393424205,0.6403788891388642,0.14567088514168652,0.24146341463414633,,
194,smoothed,-0.03664178770973758,0.6990021571403994,0.1997041624261243,0.348780487804878,,
194,prediction_magnitude,0.5759686665721189,0.6617001707184733,0.11802302507953423,0.041463414634146344,,
194,boundary_distance,0.3969399886533782,0.8856622950385771,0.25025110942933154,0.4142857142857143,,
194,jacobi1,0.23610943205282434,0.619643211624737,0.16392054114773477,0.1975609756097561,0.9789380510766085,0.6925405503175299
194,jacobi5,0.35111076201646474,0.6275015549938462,0.1957520295836001,0.22682926829268293,0.9518900694308703,0.46272212878260255
194,jacobi10,0.3946919895920785,0.64459060651377,0.20981863827099995,0.24878048780487805,0.9347090239450372,0.3946646352686729
194,jacobi20,0.4463845695775119,0.6771515159535751,0.22923418141128887,0.28292682926829266,0.9102024383768522,0.34957404388258534
194,jacobi40,0.49800768628250053,0.7111833834019295,0.25505692229224664,0.33902439024390246,0.8738659873494556,0.31408303781444047
194,jacobi80,0.5356981669642802,0.757571165782195,0.28893526544622167,0.4292682926829268,0.8181753408291937,0.2741763136121445
194,cg5,0.002390459031322392,0.6412285113084446,0.1610468500477723,0.2634146341463415,0.9862300370919493,0.405635606842227
194,pcg5,0.39990060459229976,0.6495070338657809,0.20712741492157236,0.24146341463414633,0.9336363198350258,0.3884340817546604
194,poisson_pcg5,0.7146399654908645,0.9948208779429085,0.40619353980805195,0.8853658536585366,0.347956163959444,0.11187120524644131
194,cg10,0.024094846604457296,0.6483172981485648,0.1620220893172839,0.2634146341463415,0.9707390146246034,0.34360121002654176
194,pcg10,0.49777977062194173,0.7193388298505883,0.260379594034913,0.348780487804878,0.8746396244516162,0.3203355226228706
194,poisson_pcg10,0.8318732832464298,0.9982299538133743,0.4174420353587149,0.9463414634146341,0.22573262708751368,0.08181248383389875
194,cg20,0.05990531763196023,0.6686215475828117,0.19759014813715342,0.33658536585365856,0.9089556099793233,0.23912005523644883
194,pcg20,0.6192421873044223,0.8976006775802973,0.3355117535348364,0.5975609756097561,0.6669133307330021,0.2007415763508561
194,poisson_pcg20,0.9997238253544317,0.9999933830049098,0.42021742647673194,0.9926829268292683,0.00790139841765255,0.003284128365399029
194,cg40,0.09950179047241305,0.6933234519539987,0.21593419824314158,0.4,0.8465606612417669,0.15483700817561866
194,pcg40,0.6696662505121344,0.9964499821341133,0.41252842534216394,0.9024390243902439,0.4442713022441814,0.10992606508489836
194,poisson_pcg40,0.9999999977299012,1.0,0.42022414731964997,1.0,1.6904776109998775e-06,1.2546651193209082e-06
194,cg80,0.2150683713977931,0.748710347656922,0.27913460674490026,0.48292682926829267,0.7405449858917987,0.0855668112339939
194,pcg80,0.8356848121470101,0.9997664200733163,0.4197006630930215,0.973170731707317,0.1913286683925823,0.047640169355235434
194,poisson_pcg80,1.0,1.0,0.42022414731964997,1.0,5.554444472216461e-12,2.3001339629284235e-12
194,poisson,0.40314799383186883,0.8757043791273507,0.24991817948631795,0.4658536585365854,113.44206020358948,425.2095647851304
194,amg,0.9502322639477112,0.9985667588634649,0.41682162587536,0.9365853658536586,0.17625969872863248,0.10853218801760163
194,oracle,1.0,1.0,0.42022414731964997,1.0,9.712705232615524e-13,4.844939248363562e-14
195,ensemble,0.28916259704288677,0.6682662149464685,0.14402688111561596,0.23414634146341465,,
195,raw,-0.11529487173899246,0.456071754694758,0.08826986993619322,0.05365853658536585,,
195,smoothed,-0.11524934787392456,0.460154440665405,0.09721529261360626,0.06341463414634146,,
195,prediction_magnitude,0.3391921767809422,0.7281361248229954,0.15637793185912027,0.28780487804878047,,
195,boundary_distance,0.12077165219643372,0.5673848312004552,0.0891285779268937,0.07578397212543554,,
195,jacobi1,0.11485926892002414,0.6275439037624234,0.14645754710091435,0.23902439024390243,0.9335091596875907,0.6418879938501416
195,jacobi5,0.25388972577540436,0.7293199052446303,0.18118959219277267,0.3780487804878049,0.8261726385490088,0.3552448215630529
195,jacobi10,0.3730257386329093,0.8175416539840927,0.20006839709682295,0.44634146341463415,0.7499663071301612,0.2589089598895579
195,jacobi20,0.5195729026479328,0.9035374455752154,0.2225479515382814,0.5414634146341464,0.6476900534110704,0.18035098214646125
195,jacobi40,0.6679054301310774,0.9518004843640406,0.24558305300721303,0.6731707317073171,0.5188125428230462,0.11887722655312656
195,jacobi80,0.7941190431696539,0.9769099956327832,0.2571529002624966,0.7439024390243902,0.3811165655080908,0.0762519324739076
195,cg5,-0.0963773546793039,0.4673696121117478,0.10086504492045965,0.06097560975609756,0.9609200139591751,0.27782925879506565
195,pcg5,0.3731234578344983,0.8140233976946389,0.19952820912939756,0.43902439024390244,0.733764471801714,0.24851677353386964
195,poisson_pcg5,0.2980426601248144,0.6447050805288302,0.1510235211130588,0.17560975609756097,0.814815376851432,0.09797983339539942
195,cg10,-0.07796487630321838,0.4725990233315247,0.11146024423035006,0.06097560975609756,0.9446503934870237,0.16985514233912835
195,pcg10,0.628338080389553,0.9372027314955732,0.2391870488704094,0.6317073170731707,0.5359171392142317,0.12408462799155037
195,poisson_pcg10,0.6957617689890352,0.9316656300041025,0.22045107213410067,0.4975609756097561,0.5601943637043129,0.07667152966539538
195,cg20,-0.03305667864915676,0.49031933618305257,0.11876910631617196,0.06585365853658537,0.922447503935697,0.11863148194402236
195,pcg20,0.8337343112067281,0.9818747270489525,0.2585758881985587,0.7463414634146341,0.3182387564054353,0.048867288148393966
195,poisson_pcg20,0.9973326608462171,0.9993528578801795,0.27291104447907233,0.9536585365853658,0.04419856548908139,0.011852697213814847
195,cg40,0.11150718568727365,0.556315921813586,0.1483492383160331,0.16097560975609757,0.8567225272489236,0.07730304751409467
195,pcg40,0.9153237978631845,0.9861665100644496,0.2657823716530625,0.824390243902439,0.23264927599595323,0.016234980134258347
195,poisson_pcg40,0.9999999876017674,1.0,0.2733224990071523,1.0,1.4430144957566762e-05,4.1936734677313585e-06
195,cg80,0.3332819058141131,0.6903623466511388,0.18839121176888085,0.32682926829268294,0.7610534718209736,0.04642663527151419
195,pcg80,0.9353857604923552,0.9873370564959041,0.26646624972283,0.8317073170731707,0.20665562666363183,0.011339003760348966
195,poisson_pcg80,1.0,1.0,0.2733224990071523,1.0,6.824876487415714e-11,1.740286288092929e-11
195,poisson,0.12786280898909996,0.5415143654963408,0.1099928129327952,0.08292682926829269,199.95515883785333,450.0254285705609
195,amg,0.9564283082367961,0.9949697603324378,0.2706882015429496,0.8829268292682927,0.16788136979974477,0.06871910546668486
195,oracle,1.0,1.0,0.2733224990071523,1.0,2.931215784555576e-12,8.17516575722093e-14
196,ensemble,0.3053930649023095,0.7412384368010799,0.19987144013096084,0.2975609756097561,,
196,raw,0.21170282525613981,0.8366442571099613,0.22234135378999584,0.3902439024390244,,
196,smoothed,0.3055570757069186,0.9168971586623083,0.27159470156087323,0.5073170731707317,,
196,prediction_magnitude,0.3677449009597057,0.7257123195214589,0.07148215439399948,0.0,,
196,boundary_distance,0.4033062990746059,0.8696703413046067,0.2103579109745968,0.34198606271777005,,
196,jacobi1,0.2776532362516104,0.6406654050262695,0.17230164843085116,0.1975609756097561,0.9791382138781091,0.6504873070846781
196,jacobi5,0.3241667009975472,0.6450001985098527,0.17310727251183686,0.18292682926829268,0.9592223482927582,0.38224576577123537
196,jacobi10,0.35070085357395436,0.6355623784127152,0.17966027887900446,0.1878048780487805,0.9505693315916685,0.2909004043626164
196,jacobi20,0.382645579801702,0.6181874727048953,0.17856685763800842,0.16585365853658537,0.9446200743909074,0.2120600061917732
196,jacobi40,0.4245893710630199,0.6026110662625889,0.17862688546855382,0.15365853658536585,0.9446649843093087,0.14479753432723197
196,jacobi80,0.46577108994531424,0.5858541878961926,0.17439909743716084,0.13902439024390245,0.951493980766967,0.09547483572571544
196,cg5,0.2179507463694064,0.8450160792980692,0.2417478994965379,0.4292682926829268,0.9756384471921684,0.28822113414029726
196,pcg5,0.3437218149757909,0.6280964228524543,0.18272240514234533,0.1902439024390244,0.9490172393691356,0.27896091799507244
196,poisson_pcg5,0.41688362194043754,0.6266473009277027,0.17648027180046802,0.17560975609756097,1.0149758062129977,0.07918134936864295
196,cg10,0.2302451038716237,0.8379914773103239,0.2515104671157329,0.44634146341463415,0.9640280336653346,0.17163318087906743
196,pcg10,0.42486804072191436,0.6030153646625994,0.18407737678799124,0.16829268292682928,0.9463879380517016,0.1494106990353729
196,poisson_pcg10,0.47827149402292046,0.800629276233077,0.23129551878641277,0.36341463414634145,0.8812841267131762,0.06411661420454627
196,cg20,0.25673749466072737,0.8230503023966756,0.2593656609972004,0.43902439024390244,0.9519919188385053,0.1079099707527063
196,pcg20,0.49623728067072664,0.5783002263012321,0.17193743421437488,0.13902439024390245,0.9630207911960982,0.07751101784758947
196,poisson_pcg20,0.9721277563052033,0.999756494580681,0.3901312538509023,0.9804878048780488,0.11247078301710088,0.018189179044147838
196,cg40,0.33839501356219953,0.7595734684964863,0.24899981063674834,0.37317073170731707,0.9227385041682561,0.06410806088587302
196,pcg40,0.44863593825157744,0.47748104230906663,0.15060373454963694,0.1,0.9789615365590403,0.04083209112381109
196,poisson_pcg40,0.9999987327609389,1.0,0.39077400070070795,1.0,0.0008273341816180822,6.048455728061086e-05
196,cg80,0.45053203924004975,0.7583089607347512,0.25116486276099204,0.3951219512195122,0.8901458566655877,0.04450122387463616
196,pcg80,0.5058142543394234,0.5333979593187141,0.1727688243691659,0.14634146341463414,0.952112379428106,0.033754764125724326
196,poisson_pcg80,1.0,1.0,0.39077400070070795,1.0,1.1845949199159054e-09,2.982268296780576e-10
196,poisson,0.3984031647539722,0.8308153461350132,0.2399287842889537,0.4682926829268293,155.65687480061698,458.43870473151196
196,amg,0.4570645050281923,0.38988261450710004,0.12154627133444126,0.01951219512195122,1.0898532303325055,0.09490201291661184
196,oracle,1.0,1.0,0.39077400070070795,1.0,7.74855590321833e-13,2.753930449222276e-14
197,ensemble,0.41775121183467806,0.8272520942789461,0.22539066998399254,0.4097560975609756,,
197,raw,0.12286818364035688,0.7041713537048555,0.17843323573074102,0.33170731707317075,,
197,smoothed,0.16489522536592038,0.8032846763627701,0.22281055588976453,0.45121951219512196,,
197,prediction_magnitude,0.4863572109042309,0.8431930971507219,0.1347988265200428,0.16829268292682928,,
197,boundary_distance,0.26059336334225175,0.7955017667376891,0.16016745886966896,0.2567363530778165,,
197,jacobi1,0.2404913344806483,0.658304328838188,0.179408003038345,0.2634146341463415,0.9730836834407457,0.5878516041380637
197,jacobi5,0.30909689227789744,0.6508489604700713,0.1838251232241305,0.24146341463414633,0.9467913149244905,0.29719551138628125
197,jacobi10,0.34436387298795196,0.6490378889138865,0.18450882429969018,0.23658536585365852,0.9335583318770048,0.22026166312505496
197,jacobi20,0.3922334338798558,0.6452112806532297,0.19006099046327282,0.24390243902439024,0.9195715051223687,0.15889695714510324
197,jacobi40,0.43286947389472863,0.6423745748580655,0.18915925109112525,0.23170731707317074,0.90555130538412,0.11037752113488637
197,jacobi80,0.4743096967980458,0.6433922687029366,0.18756710731540344,0.22926829268292684,0.8940450609300497,0.07645379634613127
197,cg5,0.12741178626134464,0.7012029697073965,0.1772309551218978,0.3,0.9843084794790081,0.23746475712476944
197,pcg5,0.3487000166827823,0.6517217421224674,0.18614024541297078,0.23902439024390243,0.933980385398783,0.2185387873233567
197,poisson_pcg5,0.3348969584292782,0.7268365469872822,0.17218882803935184,0.2,1.061929690973209,0.10154435008883443
197,cg10,0.13423912794450688,0.6952880377962759,0.1845731491954596,0.3048780487804878,0.9776738080140202,0.1510379205616112
197,pcg10,0.41407282074276414,0.6283710281486972,0.1891149768754143,0.22682926829268293,0.9107041266094152,0.11659746797948024
197,poisson_pcg10,0.9688814046754594,0.998882389529267,0.3536221328368358,0.9536585365853658,0.15569423797935536,0.029525975701882187
197,cg20,0.16422767658771137,0.6912510090917513,0.18497765437743205,0.2780487804878049,0.9672931498895586,0.10615775845312042
197,pcg20,0.5047212762778268,0.6420576207932454,0.18858377338344784,0.24878048780487805,0.8899903574481525,0.05401686018980449
197,poisson_pcg20,0.9998472782226521,0.999998014901473,0.35506916703596514,0.9975609756097561,0.012909125597247034,0.002464608886367759
197,cg40,0.23613264084559774,0.6730496406971666,0.19280060593747714,0.2682926829268293,0.9386644828394705,0.06786103875034864
197,pcg40,0.5030857257172339,0.6344083744689861,0.18367467701922552,0.24878048780487805,0.8766313306076366,0.030184179254955718
197,poisson_pcg40,0.9999999987776391,1.0,0.35507349260457255,1.0,2.3309904516291206e-06,6.742004476497869e-07
197,cg80,0.3487416319613945,0.6703300557150986,0.20621989807276483,0.3048780487804878,0.903872743336398,0.04229077572347253
197,pcg80,0.5198944453948592,0.6490835461800087,0.18957345194775455,0.2658536585365854,0.858655302196931,0.02703759625150827
197,poisson_pcg80,1.0,1.0,0.35507349260457255,1.0,6.130610584657598e-12,3.4836407404620504e-13
197,poisson,0.28064891116137647,0.7536975768563979,0.17158327597914377,0.23658536585365852,104.72972488632351,455.4454806085257
197,amg,0.6303417372674412,0.820760160395961,0.25573551998286775,0.4609756097560976,0.7230625403995443,0.0692707877783833
197,oracle,1.0,1.0,0.35507349260457255,1.0,5.266611510762942e-12,1.6998801716291688e-13
198,ensemble,0.515660122795727,0.7217414607678361,0.18399573128827865,0.25365853658536586,,
198,raw,0.22867536609780365,0.6468066381694745,0.1976486817142567,0.3170731707317073,,
198,smoothed,0.37813526329179936,0.7322459404735122,0.1891042223078464,0.2658536585365854,,
198,prediction_magnitude,0.616159784313502,0.6165630004102537,0.14076482249287428,0.1024390243902439,,
198,boundary_distance,0.6573094035298339,0.8050884692243558,0.15907276622687921,0.20696864111498256,,
198,jacobi1,0.08627613571861077,0.5367871842039094,0.11301646057814663,0.1073170731707317,0.9964714776554329,0.7078286252691982
198,jacobi5,0.16264079101058712,0.5782744200203803,0.12879953591306725,0.13902439024390245,0.9894055932383697,0.5326883753296617
198,jacobi10,0.17657643893118213,0.5900017204187235,0.1352662523686802,0.16585365853658537,0.9836520993832442,0.46924867086268257
198,jacobi20,0.20774762476407738,0.6319362651032913,0.1423692517798917,0.2073170731707317,0.9749742892149919,0.4063248732634213
198,jacobi40,0.2561072601968094,0.7084909280997314,0.15749148352030123,0.2804878048780488,0.9612400401527792,0.34001327577062895
198,jacobi80,0.29971258487236263,0.7924122917300795,0.1871239192557084,0.3975609756097561,0.9398016098789852,0.25734104748822795
198,cg5,0.23009404258431748,0.651535804560433,0.1989799110882944,0.32439024390243903,0.9913336137150066,0.46521006963099304
198,pcg5,0.18770923868370362,0.5982326006114104,0.14064595836280727,0.1902439024390244,0.980205241241406,0.45337188329265776
198,poisson_pcg5,0.8452492519011275,0.9906263647552374,0.2884513881197109,0.8634146341463415,0.3683200640246891,0.08314300598214533
198,cg10,0.23181972812066096,0.6616829665312388,0.19954131083472354,0.33902439024390246,0.9816843535394741,0.3556087910455485
198,pcg10,0.27129886181850654,0.6986441777060202,0.15794954751435258,0.2731707317073171,0.9578807818234631,0.3374558558526775
198,poisson_pcg10,0.9889012016143435,0.999653931156783,0.2932273254339126,0.975609756097561,0.07200963500235519,0.022331337958826636
198,cg20,0.2289017476953677,0.6747846168098143,0.19914888105576825,0.3780487804878049,0.9654979186003132,0.16574219367963294
198,pcg20,0.36011092764986624,0.8795501766737689,0.2124418282507144,0.5439024390243903,0.9007041364059485,0.10930608385505547
198,poisson_pcg20,0.9999993729288317,1.0,0.2934705178557985,1.0,0.000604925445638165,0.0006688688854241184
198,cg40,0.2274320786755095,0.6848073792729246,0.19231550003145567,0.3926829268292683,0.95298585356427,0.10165689489337751
198,pcg40,0.3448748893658565,0.9123757659171817,0.22972828059820546,0.6146341463414634,0.8717566712565656,0.0630161926014318
198,poisson_pcg40,0.9999999998253771,1.0,0.2934705178557985,1.0,2.3177421833165826e-07,2.7527697877589775e-07
198,cg80,0.2942689650419297,0.7592366634463957,0.20152665117357552,0.47317073170731705,0.9311535911584384,0.07424498195999514
198,pcg80,0.673478842517497,0.9668243717163162,0.2793827271818411,0.7975609756097561,0.4605472317904396,0.0351983709586191
198,poisson_pcg80,1.0,1.0,0.2934705178557985,1.0,3.999342364832758e-12,2.331822807221079e-13
198,poisson,0.8102671616194755,0.9795303256884983,0.27840370872851583,0.7926829268292683,100.01726884422024,364.7553040507912
198,amg,0.9696085442485723,0.9965307094742135,0.29094700664456385,0.9097560975609756,0.26804803618491246,0.09025373122281545
198,oracle,1.0,1.0,0.2934705178557985,1.0,4.670006123507181e-12,2.734379288370522e-13
199,ensemble,0.43474292523325164,0.6887153765731906,0.1528259690654469,0.17804878048780487,,
199,raw,0.25770736665536786,0.7053882191019414,0.17250793304385242,0.2804878048780488,,
199,smoothed,0.3939711044907111,0.7910524992390455,0.16720535306184744,0.2682926829268293,,
199,prediction_magnitude,0.5785711282198804,0.6510653362095206,0.09130806359429715,0.0,,
199,boundary_distance,0.6295975470029684,0.6824623162129614,0.1223633934362589,0.012950058072009291,,
199,jacobi1,0.13607963159130554,0.612074030941069,0.14906678958903452,0.21707317073170732,0.9910861517465713,0.6205967314430926
199,jacobi5,0.2229190824011539,0.6348523748395378,0.16575304920716838,0.24634146341463414,0.9781725240513421,0.33783012594962514
199,jacobi10,0.25015189301662255,0.649094795071662,0.16744421085098593,0.24390243902439024,0.9666969163208438,0.2732464277876581
199,jacobi20,0.2814699027352722,0.6813188994613766,0.17506504170186118,0.25365853658536586,0.9476253779872547,0.22717253853942038
199,jacobi40,0.33171030411446417,0.7207694241890873,0.19745047565887194,0.34146341463414637,0.9185325723182575,0.1946519202924301
199,jacobi80,0.4063000895578468,0.7601074600002646,0.22010620164571898,0.44146341463414634,0.8793954776257882,0.16908230312011469
199,cg5,0.25124447520789356,0.6991000886677342,0.17247153190842085,0.275609756097561,0.9917404123051254,0.28511727314384583
199,pcg5,0.2540273845733634,0.6498352368222543,0.16507951100377402,0.22195121951219512,0.9665091422502442,0.27367495260020064
199,poisson_pcg5,0.5537476331250263,0.7070543784656512,0.14662866765272406,0.18536585365853658,1.1335808448946616,0.08362851604061099
199,cg10,0.24768416977188262,0.6973141616928921,0.17328161166952544,0.28292682926829266,0.9869746134396078,0.21778146398641246
199,pcg10,0.32057845500951737,0.7029472096131705,0.19333260054154483,0.3146341463414634,0.9222251626554212,0.2010298766554554
199,poisson_pcg10,0.9716921987135901,0.999404470441883,0.3085797257594765,0.9536585365853658,0.21972772616933017,0.022976388968867875
199,cg20,0.23734240274868323,0.6961310429707661,0.1833112594858733,0.3097560975609756,0.9708770508660589,0.16441153290277588
199,pcg20,0.5025990664529058,0.8042692852321903,0.2424795579415772,0.5048780487804878,0.7978082863542442,0.14342879527464666
199,poisson_pcg20,0.9999960170241493,1.0,0.30935622805535423,1.0,0.002659834782519407,0.0010872685377983362
199,cg40,0.25683102064038194,0.7427762264600399,0.19328304444773015,0.4146341463414634,0.9436101600468169,0.09784278001674097
199,pcg40,0.6305359533096674,0.9617808980585736,0.26529655298606813,0.6853658536585366,0.7539968542511699,0.06931149340439198
199,poisson_pcg40,0.9999999996507541,1.0,0.30935622805535423,1.0,1.2627573667171059e-06,5.895489221948736e-07
199,cg80,0.34236413395153786,0.8033660654023794,0.19747217992910238,0.45365853658536587,0.9196985306743511,0.051912232125965685
199,pcg80,0.5839225221388429,0.9755846115162182,0.279393323598219,0.7463414634146341,0.7484613268769111,0.02347836994605327
199,poisson_pcg80,1.0,1.0,0.30935622805535423,1.0,4.009205215425967e-12,1.3129881438305635e-13
199,poisson,0.5860425954514427,0.7007086801741593,0.14859139380995498,0.18048780487804877,86.47153595457797,437.68761048941514
199,amg,0.891166307180788,0.9918247025660707,0.3004293621746402,0.8390243902439024,0.3542251033437951,0.08023478849428102
199,oracle,1.0,1.0,0.30935622805535423,1.0,3.744321852178557e-12,1.1892003472542888e-13
