sample,method,spearman,auroc,error_capture_top10,top10_overlap,relative_l2_correction_error,relative_A_correction_error
0,ensemble,0.15240210778194938,0.6717857946349404,0.14857261751298767,0.25609756097560976,,
0,raw,0.13434834502245682,0.5751842833132618,0.1463310298581772,0.2,,
0,smoothed,0.10128211676567371,0.5965644561491735,0.15984137349722008,0.24634146341463414,,
0,prediction_magnitude,0.39963935637093967,0.8567499966915024,0.12509155629217011,0.18536585365853658,,
0,boundary_distance,0.4319345653310277,0.8462620594735518,0.15742812905369064,0.2916376306620209,,
0,jacobi1,0.051361149211519914,0.5414766486243268,0.12541547781403126,0.13902439024390245,0.9650107305135168,0.5755650252320963
0,jacobi5,0.1662231593632905,0.5823571059910273,0.13778951581978774,0.15365853658536585,0.9254596748709805,0.3106577585948082
0,jacobi10,0.20782688910925848,0.5907249579820811,0.14330005096292237,0.15365853658536585,0.9005067988624148,0.25239948717734406
0,jacobi20,0.2626934707512913,0.6148346412926962,0.15186737015836674,0.16829268292682928,0.8667485699163849,0.209449792693228
0,jacobi40,0.3557590633454547,0.6656849251617856,0.16412756893560992,0.2097560975609756,0.8195200345349017,0.1713984943442643
0,jacobi80,0.4785416033134448,0.7393300954170692,0.1836621631039518,0.2804878048780488,0.7541553868674754,0.13377496345872197
0,cg5,0.14352731709205388,0.5811197279091619,0.14726438734447156,0.18292682926829268,0.9404344595227242,0.3348721225260368
0,pcg5,0.20822014166143635,0.5910213993621217,0.14653056118148627,0.15609756097560976,0.9002904042539838,0.2549320156734458
0,poisson_pcg5,0.9886356512063013,0.9999748554186573,0.3182593633178799,0.9926829268292683,0.06369277517967618,0.04191764445996255
0,cg10,0.19465041727072252,0.5818674483543533,0.15150371852071906,0.16829268292682928,0.9028963241173622,0.23244353705151102
0,pcg10,0.33294576772817336,0.6505445786959226,0.16040262533965408,0.20243902439024392,0.8230201023687653,0.17931660704419644
0,poisson_pcg10,0.9999957040997457,0.999998676600982,0.31831849552872904,0.9975609756097561,0.0011377753450430793,0.0006750715104531787
0,cg20,0.33778037502704567,0.6359190344480764,0.1757839989097949,0.2097560975609756,0.825379316478653,0.15307725005515685
0,pcg20,0.5864431940436963,0.8156386061961542,0.20677259661735653,0.3780487804878049,0.6794757036623704,0.10488159712838618
0,poisson_pcg20,1.0,1.0,0.31831862079246265,1.0,2.7983527931269706e-07,2.783989655120252e-07
0,cg40,0.5555912064694215,0.7971659410028717,0.20020642351540296,0.29024390243902437,0.6919968100456284,0.09756538727936706
0,pcg40,0.7972464206617055,0.9330459351799161,0.27420871576405054,0.6121951219512195,0.4743169641597587,0.06838373667631954
0,poisson_pcg40,1.0,1.0,0.31831862079246265,1.0,7.32621009152608e-13,9.180012226394216e-14
0,cg80,0.795688901258716,0.9748540952582613,0.2950357686997729,0.7268292682926829,0.4094169014951753,0.0531830354859339
0,pcg80,0.9727868868581585,0.9994600532006406,0.3175836244638711,0.9658536585365853,0.108910443920358,0.012782565651786518
0,poisson_pcg80,1.0,1.0,0.31831862079246265,1.0,7.330759463987974e-13,9.161947893078546e-14
0,poisson,0.2930727936971549,0.7575169064224554,0.17477027686005556,0.23658536585365852,2.5727027363926065,6.982287963282455
0,amg,0.9744229550013033,0.9984727975331842,0.31634504343425573,0.9365853658536586,0.2284554818154171,0.06951905551206847
0,oracle,1.0,1.0,0.31831862079246265,1.0,7.290144962556854e-13,9.202420003532602e-14
1,ensemble,0.19120338173770943,0.5461806704339426,0.12690019005998035,0.15853658536585366,,
1,raw,0.022280723078610634,0.5091559361062954,0.12001022201536742,0.13414634146341464,,
1,smoothed,0.01527047184278276,0.5243386313407356,0.1256139143286316,0.16341463414634147,,
1,prediction_magnitude,0.42744312846926996,0.6353731323531357,0.09624016868739177,0.02926829268292683,,
1,boundary_distance,0.4159039749972681,0.6150007278694599,0.12065713694018272,0.0792102206736353,,
1,jacobi1,0.035217525382918884,0.5617954554477721,0.1248067637396087,0.17804878048780487,0.9608539379714788,0.5834371703362624
1,jacobi5,0.14287395940062908,0.6342482431878036,0.14193424182436243,0.24390243902439024,0.9111589034423265,0.31785712332834043
1,jacobi10,0.17548904583677552,0.6708111112581554,0.15408933264654645,0.3,0.8741922833276282,0.25197451611710847
1,jacobi20,0.23333163355311803,0.7395458094570094,0.16798479507350655,0.36097560975609755,0.8202663132352211,0.19730346292484263
1,jacobi40,0.34919995200941056,0.8461998597197041,0.19434586656999073,0.44878048780487806,0.7461134124097804,0.14649571875841272
1,jacobi80,0.4913661808333691,0.9299637388669058,0.2169751603024054,0.551219512195122,0.6561122762451226,0.10458490364956496
1,cg5,0.04252961560561824,0.5459192991278801,0.1263989513421015,0.17073170731707318,0.9330836227820678,0.34293633833433773
1,pcg5,0.17429722242990717,0.6700203803448778,0.15079486178746435,0.29024390243902437,0.8730318103953869,0.25008121292639346
1,poisson_pcg5,0.9932582777166085,0.9986091076320421,0.26634835377881394,0.926829268292683,0.06581658467848095,0.04130643702888757
1,cg10,0.1089281621122755,0.6230939745642708,0.1412420002753484,0.25365853658536586,0.8914429744878041,0.23080867750099038
1,pcg10,0.3259458815893498,0.8397932850733825,0.1887871634129746,0.43658536585365854,0.7413658446436706,0.14828967724613304
1,poisson_pcg10,0.9999948818000709,0.999996691502455,0.26703910998081315,0.9951219512195122,0.0015363406326366212,0.0007835110364130828
1,cg20,0.21043063755385655,0.7340953906012202,0.16746589888117677,0.36585365853658536,0.8188256585671815,0.15359490943895873
1,pcg20,0.5742384748894371,0.956175641517674,0.23227477099893973,0.6268292682926829,0.586841418275153,0.0810720397660269
1,poisson_pcg20,0.9999999998253771,1.0,0.267040638513662,1.0,1.4637757335364907e-07,2.2791008220018482e-07
1,cg40,0.4234670039516764,0.8885003242327594,0.21162298147087585,0.5195121951219512,0.682594639709069,0.09745971926732447
1,pcg40,0.7913293104107267,0.9842455963897675,0.2599590383555703,0.8292682926829268,0.37901849545491406,0.05376285577695655
1,poisson_pcg40,1.0,1.0,0.267040638513662,1.0,6.649587040747256e-13,8.624083747011458e-14
1,cg80,0.8020607021934213,0.9858971983642788,0.25620240484973267,0.7902439024390244,0.37030462000296305,0.04910584656775746
1,pcg80,0.9971777807286735,0.9995884229053902,0.26685448719505683,0.9707317073170731,0.036544696543674746,0.006892106531235262
1,poisson_pcg80,1.0,1.0,0.267040638513662,1.0,6.644379619334113e-13,8.571132123181738e-14
1,poisson,0.5622110665254373,0.8500244828818337,0.17701690547145485,0.32195121951219513,2.3080301648825166,6.76172674331646
1,amg,0.9934827547011862,0.9990054656379445,0.2663065567447127,0.948780487804878,0.12650977174697975,0.06489220850409717
1,oracle,1.0,1.0,0.267040638513662,1.0,6.736104235447584e-13,8.693909662566032e-14
2,ensemble,0.12433758304231364,0.6038649868321798,0.1260929002489542,0.20243902439024392,,
2,raw,0.056842934294089494,0.5665603536122176,0.13542546296435481,0.18048780487804877,,
2,smoothed,0.09365099574780439,0.602689146804653,0.14452146940690552,0.22926829268292684,,
2,prediction_magnitude,0.2747462642344283,0.708723846326906,0.1236781528253641,0.14390243902439023,,
2,boundary_distance,0.25274230641923057,0.6685560393314188,0.13093337848199887,0.18025551684088267,,
2,jacobi1,0.04463964827073504,0.5639122321771237,0.11873402663852621,0.15365853658536585,0.9617289650350849,0.5730295074565942
2,jacobi5,0.14983172385416024,0.6174126225798341,0.1433421927426619,0.21707317073170732,0.912530078235069,0.3478647087106496
2,jacobi10,0.2176195656556191,0.6806505829572674,0.15647346647359067,0.2682926829268293,0.8740693775518921,0.28015368240454963
2,jacobi20,0.2980678033911059,0.7635099188756402,0.18255655137475968,0.35121951219512193,0.8175463060162544,0.21873519505038283
2,jacobi40,0.38128147963622094,0.8217136693884574,0.20381006130428847,0.4317073170731707,0.7402252579837104,0.16577085664654007
2,jacobi80,0.4803209707518501,0.8848259068591771,0.22883690328795142,0.5414634146341464,0.6446817235191601,0.1198170543807558
2,cg5,0.07169872262861417,0.5763892381191853,0.1363709803222322,0.1902439024390244,0.9254290457202071,0.3603838751654047
2,pcg5,0.2312539127774075,0.6847438561200587,0.16124009199369052,0.28292682926829266,0.8662399587080479,0.27557079356715325
2,poisson_pcg5,0.9965016513258271,0.9990517846035758,0.26711699287669066,0.9463414634146341,0.05127674231847035,0.04487213723744057
2,cg10,0.14722693710124493,0.6336156584571814,0.15140131132618673,0.24634146341463414,0.8833521940832759,0.2562132170571838
2,pcg10,0.3660826194605675,0.8073686857324351,0.20266715488431886,0.4146341463414634,0.7403971784795436,0.17188460257291063
2,poisson_pcg10,0.9999983079031963,0.999998676600982,0.2677294022098923,0.9975609756097561,0.0007724540862945521,0.0008695929525766885
2,cg20,0.3065790084037525,0.7734976112647725,0.1920159855821403,0.40487804878048783,0.7775303307939841,0.1740809251553644
2,pcg20,0.5576890020790475,0.9223211095377367,0.2340899813964176,0.5804878048780487,0.5404588717535872,0.08527187898891032
2,poisson_pcg20,1.0,1.0,0.2677296306606464,1.0,1.453861295008007e-07,1.87308863453691e-07
2,cg40,0.46664799894483017,0.8951669467861255,0.2311120229742257,0.6,0.6198335502202934,0.09109976278401932
2,pcg40,0.748764433358725,0.9737510421767267,0.2450966444008549,0.6951219512195121,0.3983529496369293,0.04283241839054248
2,poisson_pcg40,1.0,1.0,0.2677296306606464,1.0,1.139084356299214e-12,1.1748699392049119e-13
2,cg80,0.674309894645897,0.953874912324815,0.24304467339155716,0.6658536585365854,0.4570720551305834,0.049875688639236054
2,pcg80,0.9899036650698023,0.9973260722840543,0.26649113497528143,0.9121951219512195,0.07815788700133726,0.011281355553462404
2,poisson_pcg80,1.0,1.0,0.2677296306606464,1.0,1.1395333160384553e-12,1.1742715721016934e-13
2,poisson,0.6245405663811567,0.9224772706218652,0.2177189305606477,0.5146341463414634,3.169205142861589,6.196308238350349
2,amg,0.9844000997851663,0.998431110464116,0.2670154025785439,0.9414634146341463,0.13095274868915074,0.06384555418284096
2,oracle,1.0,1.0,0.2677296306606464,1.0,1.1645300162211448e-12,1.200802303511575e-13
3,ensemble,0.2502231985696449,0.718808146844355,0.1908940594798835,0.3170731707317073,,
3,raw,0.1681029889812612,0.5894829480036525,0.15278707248031825,0.2121951219512195,,
3,smoothed,0.1657570364614486,0.6197993727088654,0.15530095281029282,0.20243902439024392,,
3,prediction_magnitude,0.502577090673087,0.9154685494223364,0.30869924981918023,0.6585365853658537,,
3,boundary_distance,0.5035629296682939,0.8812474359144026,0.24116253510946395,0.42566782810685244,,
3,jacobi1,0.16801207117063233,0.5999126556648094,0.16154870218495734,0.2073170731707317,0.960282701859605,0.5727325135999873
3,jacobi5,0.2655664202722264,0.6350799994706404,0.17281757233752312,0.23902439024390243,0.9181443323230165,0.31428209417047603
3,jacobi10,0.31392062161203454,0.6446918465386499,0.1844869756056514,0.2682926829268293,0.8917043401375516,0.2494817061780004
3,jacobi20,0.37303299334515966,0.6717811627383773,0.19992207260806397,0.3195121951219512,0.8546837315150237,0.20033412963085473
3,jacobi40,0.4254953305182989,0.7059268425022829,0.23354519862427378,0.3951219512195122,0.8016058033732509,0.16415973608830073
3,jacobi80,0.48303882921066615,0.7706761245583156,0.2504543204855761,0.44146341463414634,0.7274176582939444,0.13271156854769137
3,cg5,0.1991644815393042,0.6103840503950346,0.16993562798753636,0.24146341463414633,0.9230996779637829,0.3465223531113961
3,pcg5,0.3182645775903324,0.6420351230099387,0.18004723338501027,0.2634146341463415,0.8896951568281145,0.2493141775600217
3,poisson_pcg5,0.9716724361055865,0.9976787581223615,0.33848062466202655,0.9292682926829269,0.10025446023161785,0.04915414898151189
3,cg10,0.2513967351074248,0.6406541561346162,0.18271723654514344,0.25365853658536586,0.884448067863469,0.22942286225286587
3,pcg10,0.41022119508511995,0.69148789751598,0.23020718622123199,0.3902439024390244,0.8134189758364488,0.1737255537253721
3,poisson_pcg10,0.9999795324389731,0.999999338300491,0.3401486661583228,0.9975609756097561,0.0025781380437673034,0.0010943969014217084
3,cg20,0.3663083851628347,0.6741275491973585,0.21697022455581147,0.3073170731707317,0.8127520891247694,0.15754048459470413
3,pcg20,0.5179614394083919,0.8424903722721437,0.283518970859308,0.5439024390243903,0.6304475001736194,0.1079844161043518
3,poisson_pcg20,0.999999999301508,1.0,0.3401495749386691,1.0,8.623751707615219e-07,6.726646161737045e-07
3,cg40,0.4680243440238368,0.8284782234691582,0.27689419528902365,0.5073170731707317,0.6264847652476427,0.09779386913438581
3,pcg40,0.7373101867273002,0.9816682768021386,0.32406610124432766,0.7341463414634146,0.36233069140121693,0.05111072558345934
3,poisson_pcg40,1.0,1.0,0.3401495749386691,1.0,1.0039975119297789e-12,1.20128905811328e-13
3,cg80,0.7068579160737868,0.9769424189087251,0.3233726875365982,0.7365853658536585,0.38369349078000226,0.047634870647201295
3,pcg80,0.9557546352555945,0.9959378267141326,0.33669884877329026,0.8902439024390244,0.132779253534807,0.01773282933072045
3,poisson_pcg80,1.0,1.0,0.3401495749386691,1.0,1.0018468883897687e-12,1.1736347981837367e-13
3,poisson,0.5986952038984682,0.8941307253550018,0.2663540515604825,0.5365853658536586,2.328460856086026,6.170244630392542
3,amg,0.9828015357715062,0.9985561716713206,0.33881951925556025,0.9463414634146341,0.16341171959411097,0.06935969457430073
3,oracle,1.0,1.0,0.3401495749386691,1.0,1.0197644721205989e-12,1.1945327775637422e-13
4,ensemble,0.23659183156385763,0.656385400262033,0.13583744089193606,0.20243902439024392,,
4,raw,0.26531209917038157,0.722364781705332,0.17427520863777113,0.3048780487804878,,
4,smoothed,0.3553314551163587,0.797383640141339,0.16674070238470537,0.2926829268292683,,
4,prediction_magnitude,0.37750271489859905,0.6200157484483146,0.11127223104309691,0.05365853658536585,,
4,boundary_distance,0.3984418705296901,0.6428609239971944,0.13735039142918862,0.1313588850174216,,
4,jacobi1,0.14821519235686614,0.6480155631724521,0.14306305405830785,0.2121951219512195,0.9623599570528382,0.5978311120654659
4,jacobi5,0.2523040358419142,0.695708878684012,0.15196818307460802,0.25365853658536586,0.9178669107859717,0.3519397955405082
4,jacobi10,0.26692151565381983,0.7294734195307228,0.17271669640007214,0.33902439024390246,0.8886072926027055,0.28118230847631076
4,jacobi20,0.2899013851920037,0.7684164207350158,0.18501142742878351,0.4,0.8504524161410142,0.22321466582510138
4,jacobi40,0.35516046847241933,0.8279951828275743,0.19820068236347607,0.4609756097560976,0.8032540672734788,0.1724609552451192
4,jacobi80,0.4297988162209505,0.8883666609319376,0.2184318337106989,0.5317073170731708,0.7512624895986777,0.12668422596654966
4,cg5,0.22849379118867466,0.7077842330240991,0.1610708534954691,0.2951219512195122,0.9347845264740917,0.36162254102615793
4,pcg5,0.25620166941956324,0.7226294615089396,0.17474729115005103,0.3463414634146341,0.8834514626525356,0.2764811530130145
4,poisson_pcg5,0.9977969313473474,0.9998081071423846,0.2992123134297294,0.9829268292682927,0.04584799263431589,0.04245545799699935
4,cg10,0.2803769636146032,0.7471957174807776,0.1652741906073995,0.32926829268292684,0.8986570198470227,0.23945263593762905
4,pcg10,0.3502636555739436,0.8243478951338619,0.1992174655569297,0.4682926829268293,0.8006697633292116,0.17803916433571346
4,poisson_pcg10,0.9999969109192512,1.0,0.29932760484889004,1.0,0.0010002980944954563,0.0007897542865773543
4,cg20,0.3245949776834609,0.8575096277278562,0.19361932044229707,0.44878048780487806,0.8404131026691453,0.14975687983984923
4,pcg20,0.4791448501430176,0.9203320408136257,0.23332687062972715,0.5804878048780487,0.7075938906073581,0.0980929127092626
4,poisson_pcg20,0.9999999998253771,1.0,0.29932760484889004,1.0,3.2308290908403967e-07,2.541366825619489e-07
4,cg40,0.4302436085749334,0.9444781175972368,0.22868115834820513,0.6073170731707317,0.7429996150223662,0.09955250970962168
4,pcg40,0.5423527789167853,0.9718321136005718,0.27245522936643257,0.7365853658536585,0.5982542375420028,0.07057963832234736
4,poisson_pcg40,1.0,1.0,0.29932760484889004,1.0,2.711134394597302e-12,2.751962844739607e-13
4,cg80,0.5756621992028139,0.9877790717679288,0.28495195114492916,0.8121951219512196,0.5278496148430589,0.05744659256163287
4,pcg80,0.8633615503833995,0.9941419742466551,0.295666927746641,0.8560975609756097,0.28085045799811204,0.03083742409891988
4,poisson_pcg80,1.0,1.0,0.29932760484889004,1.0,2.709444371687826e-12,2.746528933118943e-13
4,poisson,0.392897308939535,0.735518044545611,0.1422481247257752,0.2146341463414634,3.464538422919585,6.445945246812668
4,amg,0.9799596670478756,0.9965009329963077,0.2970527449434384,0.8926829268292683,0.1728299090934787,0.08005312320376867
4,oracle,1.0,1.0,0.29932760484889004,1.0,2.649278721484762e-12,2.6851263793586455e-13
5,ensemble,0.25763279739860356,0.7538603549356166,0.16692774562628684,0.36829268292682926,,
5,raw,0.26326441774044446,0.7029855881846936,0.15279170135631429,0.28536585365853656,,
5,smoothed,0.3231558790378983,0.7512671545597713,0.1556680451990561,0.33658536585365856,,
5,prediction_magnitude,0.1539529207888869,0.6197305559599274,0.06670012964012378,0.02195121951219512,,
5,boundary_distance,0.3271698182248745,0.7062146817887062,0.12127680133692388,0.14808362369337977,,
5,jacobi1,0.03941351701269401,0.5815293199052446,0.12340174606533078,0.17804878048780487,0.9697014514592085,0.6058228782688334
5,jacobi5,0.10453227168420831,0.6433221285549806,0.13290149614468538,0.1926829268292683,0.9376046979770601,0.3515369096535852
5,jacobi10,0.1405085751833849,0.6642602861188677,0.13778455710811188,0.21951219512195122,0.9181611381972209,0.2917298500553473
5,jacobi20,0.20061157879106797,0.7051824305546365,0.1473559027792892,0.2804878048780488,0.889714630506812,0.24530428685954386
5,jacobi40,0.28027906979002104,0.7541382687294046,0.16146227997563709,0.33658536585365856,0.8476909019537803,0.2065118824894509
5,jacobi80,0.35608925324837887,0.8044532376956977,0.17393515034078968,0.3780487804878049,0.7895038278042251,0.17276930013226394
5,cg5,0.18194041059509505,0.7008006564059129,0.14790896166028328,0.29024390243902437,0.942592426318951,0.3670938650031241
5,pcg5,0.1437583139753268,0.6670685388351442,0.13820064410090394,0.21951219512195122,0.9166500876167566,0.2917709079692746
5,poisson_pcg5,0.9924462766075152,0.9984125828778635,0.24800133170962102,0.9390243902439024,0.07348418356632089,0.04051559932680349
5,cg10,0.19469177550428887,0.7314638116538518,0.151036823020283,0.3,0.9096605945422754,0.26121574612357534
5,pcg10,0.27851130674800245,0.7497108373145587,0.16130466396860493,0.33658536585365856,0.8503728883121157,0.21172654139831207
5,poisson_pcg10,0.999999366467781,1.0,0.24857798061677977,1.0,0.0005139170228688458,0.0005977542073266747
5,cg20,0.2845322474814615,0.8111390495348253,0.1711888831546892,0.36829268292682926,0.8273865230112293,0.18961767563533705
5,pcg20,0.41869348396675937,0.8365780871590593,0.18454779384257436,0.424390243902439,0.7041971679488185,0.14546845427322097
5,poisson_pcg20,1.0,1.0,0.24857798061677977,1.0,1.624140149269336e-07,1.6631628818838095e-07
5,cg40,0.5386966131409474,0.9288170136177759,0.19666874971374051,0.551219512195122,0.6551086011457318,0.1225089022475237
5,pcg40,0.6222122506090292,0.928717758691423,0.20482150080331574,0.5804878048780487,0.5634805150920215,0.09379955759218145
5,poisson_pcg40,1.0,1.0,0.24857798061677977,1.0,1.6719093616658814e-12,2.661425204293326e-13
5,cg80,0.803205133793064,0.9850416208991173,0.2374452804323458,0.7902439024390244,0.35341822135557577,0.05657298730628277
5,pcg80,0.9939785794025557,0.9997128224130858,0.24839504829842862,0.973170731707317,0.056467198612775917,0.016946473654453044
5,poisson_pcg80,1.0,1.0,0.24857798061677977,1.0,1.6710598642696944e-12,2.6588823537108043e-13
5,poisson,0.6626121067392405,0.9283081666953403,0.20866911054038031,0.5317073170731708,2.697971361401662,6.966087214029285
5,amg,0.9898154773150483,0.9976006775802972,0.24760551155198984,0.926829268292683,0.13274379689295032,0.0783944505104282
5,oracle,1.0,1.0,0.24857798061677977,1.0,1.6155568341238484e-12,2.5695770229844824e-13
6,ensemble,0.35688947062327164,0.7290049362783373,0.17007205576877052,0.25853658536585367,,
6,raw,0.37796518957686814,0.7926948374204307,0.17702634999080796,0.3097560975609756,,
6,smoothed,0.4883142471100314,0.835726479890952,0.18332319686865584,0.33658536585365856,,
6,prediction_magnitude,0.5560284507445254,0.8078801794529068,0.13979465535196128,0.12195121951219512,,
6,boundary_distance,0.5010669205950696,0.8412807855696571,0.1756125192549705,0.30412311265969805,,
6,jacobi1,0.21824165640162865,0.6531185897860063,0.16729331121159965,0.24390243902439024,0.9624667449465235,0.5729209968276932
6,jacobi5,0.3050403089938497,0.7003196008628562,0.18160872969999386,0.32195121951219513,0.9278310684936335,0.3138565605737978
6,jacobi10,0.32726675383287696,0.7278132154625941,0.1870900259036477,0.33658536585365856,0.9093184434232924,0.25348593844122197
6,jacobi20,0.3578077181239556,0.745148419199873,0.19701418579164598,0.36585365853658536,0.8855806979366292,0.21229945370215986
6,jacobi40,0.39439113163718253,0.7511586358402922,0.20936885329287644,0.4,0.8547836554626445,0.18295220859203815
6,jacobi80,0.441413769964577,0.7735942193930893,0.22106155543172293,0.4317073170731707,0.8135833314032641,0.15794975720354595
6,cg5,0.3571224349838084,0.7796176700236889,0.19120277433192562,0.35365853658536583,0.9437244922462,0.3242500735278787
6,pcg5,0.3290549791972327,0.7307895398541614,0.1859515854017809,0.33170731707317075,0.9100156253814975,0.2527993714292827
6,poisson_pcg5,0.9926754146290259,0.9994871828805103,0.30673864871208845,0.9634146341463414,0.0582643796397071,0.04211468240462511
6,cg10,0.35347044164976876,0.7568545452139275,0.19316142671865935,0.35853658536585364,0.9098150970452543,0.2267392173954831
6,pcg10,0.3843769945438278,0.7477575003639347,0.20562648031184774,0.3853658536585366,0.8607115088709035,0.18864416642789375
6,poisson_pcg10,0.9999938218385025,0.999998014901473,0.30698242534451714,0.9975609756097561,0.0020587732035450826,0.0010075900813448638
6,cg20,0.4172470240889206,0.8151840186334581,0.2240022417573787,0.4853658536585366,0.8357458933954378,0.16262513034958498
6,pcg20,0.46237928888739505,0.8183992165477814,0.23811976493843695,0.4682926829268293,0.7518426182153057,0.13556768558953838
6,poisson_pcg20,0.9999999980791471,1.0,0.3069825756870042,1.0,2.2780658631173642e-06,1.000276643866836e-06
6,cg40,0.5334993915925371,0.9403226446805977,0.26705932124505993,0.6048780487804878,0.6635829356259557,0.10526927337482148
6,pcg40,0.6622003375141151,0.9613024893135529,0.2747557639712529,0.6341463414634146,0.5252492308919849,0.08060810127446316
6,poisson_pcg40,1.0,1.0,0.3069825756870042,1.0,1.3748332913734065e-12,2.950109209434289e-13
6,cg80,0.7975443432040866,0.9812917697815068,0.2887136583616966,0.724390243902439,0.36859514859562237,0.049065086642858205
6,pcg80,0.9198561589543653,0.9884606222622183,0.2962010254909743,0.7926829268292683,0.2300444744396967,0.030935535187654503
6,poisson_pcg80,1.0,1.0,0.3069825756870042,1.0,1.398907755195372e-12,1.6139330778149903e-13
6,poisson,0.3868067568453331,0.7316828341913371,0.1972044805845172,0.2975609756097561,2.793977100038194,7.059668958177081
6,amg,0.9250737401467929,0.9852725540277649,0.29576878316875216,0.7707317073170732,0.3781014773113197,0.09494131066850446
6,oracle,1.0,1.0,0.3069825756870042,1.0,1.3437486178922236e-12,1.5492403737637956e-13
7,ensemble,0.44360607206196395,0.672850469144952,0.14628260377682678,0.22682926829268293,,
7,raw,0.20751155682908337,0.7575162447229464,0.15274234707193554,0.2975609756097561,,
7,smoothed,0.3116362701470231,0.8145454786072549,0.14820366076594063,0.2804878048780488,,
7,prediction_magnitude,0.9019273248020082,0.8398283551473604,0.16360060849907654,0.18292682926829268,,
7,boundary_distance,0.8559159215128783,0.8129388721993568,0.16069877998713925,0.17584204413472704,,
7,jacobi1,0.027649558865997726,0.5999080237682464,0.11305801617350851,0.1902439024390244,0.9959059027916198,0.5677339339998596
7,jacobi5,0.1437061712003266,0.6399719439408176,0.1245791296430384,0.22439024390243903,0.9889945988206549,0.32815088803523496
7,jacobi10,0.16683889610244831,0.6672233765202547,0.12737538520704028,0.26097560975609757,0.9828912086117204,0.2823297986606068
7,jacobi20,0.21035847250646192,0.7134371319296481,0.13326466461034672,0.3073170731707317,0.9732627676792012,0.24965700475987687
7,jacobi40,0.2748442272097157,0.7654453899395207,0.14389700959727966,0.3829268292682927,0.9576551205292547,0.227016807741467
7,jacobi80,0.3426779377566539,0.8087569313023569,0.15201854080339705,0.4146341463414634,0.931660528443134,0.2131790642056266
7,cg5,0.17542790456431537,0.7257315088072205,0.1414030706603167,0.3024390243902439,0.9895056289829453,0.3342820382303236
7,pcg5,0.1700544018028134,0.6659257837830684,0.13026575864088394,0.2682926829268293,0.9827013496748344,0.2846098767771623
7,poisson_pcg5,0.9992065689984899,0.9993687386683959,0.20906625133437254,0.9634146341463414,0.034728974718057255,0.03956748942056392
7,cg10,0.18969199528478806,0.7410882310125326,0.13707356890049507,0.32682926829268294,0.982338370100663,0.26194611334343115
7,pcg10,0.27245197095854784,0.7529611053028599,0.14428354336931296,0.375609756097561,0.960555956618659,0.2302527729133176
7,poisson_pcg10,0.9999995803809474,0.999998014901473,0.2092086302456718,0.9975609756097561,0.0004370994735660503,0.000625371123256998
7,cg20,0.27614247617136545,0.8559056681179943,0.14923235009926455,0.4121951219512195,0.9643742645804693,0.22701371120546868
7,pcg20,0.3875611837058475,0.820236756084327,0.15896282065166728,0.4073170731707317,0.8942945828028165,0.20626690783390547
7,poisson_pcg20,0.9999999998253771,1.0,0.20920872500038953,1.0,1.7873432432448443e-07,2.2247751508142973e-07
7,cg40,0.4555306711387476,0.9593961330280693,0.17929421883542163,0.6707317073170732,0.8759398721741782,0.20070347632043384
7,pcg40,0.7089752649184474,0.914163677990551,0.17944410201425479,0.47560975609756095,0.5684662459838281,0.15652663432005476
7,poisson_pcg40,1.0,1.0,0.20920872500038953,1.0,7.855436858187415e-13,1.817180998497807e-13
7,cg80,0.89506861401898,0.9855067956539576,0.20573001445901345,0.8365853658536585,0.3695646916782268,0.11085340675428247
7,pcg80,0.9952604223593763,0.9988612151449784,0.20888781579527999,0.9414634146341463,0.06759435457683212,0.026966427786154188
7,poisson_pcg80,1.0,1.0,0.20920872500038953,1.0,7.847961694491799e-13,1.8052304751520964e-13
7,poisson,0.731620082874955,0.8733566692693514,0.1760305995178585,0.524390243902439,1.0500769517096662,7.01036370625335
7,amg,0.9958410975954778,0.9976410412503474,0.2085811019438064,0.9219512195121952,0.1769575413062784,0.0765929623665604
7,oracle,1.0,1.0,0.20920872500038953,1.0,7.16852793490693e-13,1.6498556483416437e-13
8,ensemble,0.1589885786993141,0.6199714145812104,0.12778993636723845,0.1926829268292683,,
8,raw,0.12535475708796126,0.5676607598957162,0.12965589131226554,0.14390243902439023,,
8,smoothed,0.17790358101327827,0.5925135317549595,0.12891795956622487,0.15121951219512195,,
8,prediction_magnitude,0.46170763664347003,0.8543136190992946,0.20017089663233786,0.47560975609756095,,
8,boundary_distance,0.42137473766482014,0.8514921323928377,0.2346587078479128,0.5875725900116144,,
8,jacobi1,0.1298090562878918,0.5839431997141458,0.13012358741637922,0.16341463414634147,0.9280322882122735,0.5210385910087947
8,jacobi5,0.2666511311574582,0.6669785477019176,0.16702557661030298,0.26097560975609757,0.855272792208273,0.27508050790483013
8,jacobi10,0.3370033584122685,0.705129494593915,0.18266281965533604,0.32439024390243903,0.8083479567257434,0.21398521459663078
8,jacobi20,0.42937291859869553,0.7594656114765163,0.2017311013953935,0.3878048780487805,0.7402738688400334,0.16725858728996554
8,jacobi40,0.5835754393821844,0.8318290697828302,0.22442052157324544,0.4634146341463415,0.6374675402730021,0.1252731746655839
8,jacobi80,0.7694466463821804,0.9155492767624367,0.24750858545099205,0.573170731707317,0.49009863946037324,0.08381223753599495
8,cg5,0.16891568718534333,0.6026388576419677,0.1450003532064542,0.1926829268292683,0.9006881704670667,0.3107743792634789
8,pcg5,0.3281912018468016,0.6980274737636145,0.18301628147287857,0.3146341463414634,0.8102075051514409,0.21110557295640406
8,poisson_pcg5,0.9860384780158873,0.9980870267194262,0.27944225407205553,0.9243902439024391,0.09727126302109562,0.04142639538641539
8,cg10,0.25793630211420665,0.6522716144144621,0.16751585513157602,0.25365853658536586,0.8469709071315513,0.20780046265260374
8,pcg10,0.5413327606118253,0.8094814922647328,0.2209784091318861,0.43658536585365854,0.6479748095291088,0.13064455519680715
8,poisson_pcg10,0.9999995141988332,1.0,0.2809037134566348,1.0,0.0003553055884871876,0.0002919772056346908
8,cg20,0.4062576263099798,0.7201408096555192,0.1997370839677969,0.348780487804878,0.7459238708552053,0.13752745142094175
8,pcg20,0.8821408512485349,0.9529485330121885,0.2611003637715738,0.6780487804878049,0.3288989268927925,0.05315674091596773
8,poisson_pcg20,1.0,1.0,0.2809037134566348,1.0,6.231076732506066e-08,6.277536007713341e-08
8,cg40,0.7087845677041563,0.8701818350250784,0.23817595197947544,0.5170731707317073,0.514827484356398,0.07670756048803379
8,pcg40,0.9838353623896494,0.9976463348464195,0.2797605652940459,0.9146341463414634,0.0886893109862322,0.010782801851703792
8,poisson_pcg40,1.0,1.0,0.2809037134566348,1.0,2.4528791971502993e-12,1.9009462712082427e-13
8,cg80,0.9110443699702989,0.9771687201408097,0.2665945069993934,0.7097560975609756,0.2518980529800581,0.027543577571680165
8,pcg80,0.9978421644651319,0.9995579847279753,0.2806089392499624,0.9682926829268292,0.0348371518792328,0.003582082319784769
8,poisson_pcg80,1.0,1.0,0.2809037134566348,1.0,2.4528791971502993e-12,1.9009462712082427e-13
8,poisson,0.706712527938282,0.8606957108637825,0.16014011105764128,0.23170731707317074,2.8021404441669993,6.7591535621620755
8,amg,0.9497943059884344,0.9834145018064396,0.2720162982774608,0.7634146341463415,0.2430825469816011,0.06064581423883023
8,oracle,1.0,1.0,0.2809037134566348,1.0,2.4540043514901008e-12,1.9025602580826072e-13
9,ensemble,0.1451160872005202,0.6893876632743539,0.16452293686208203,0.2707317073170732,,
9,raw,0.18128698514994893,0.6498114156399296,0.15485668121115076,0.24878048780487805,,
9,smoothed,0.19647737820591055,0.6930865635297698,0.16547534788485863,0.2780487804878049,,
9,prediction_magnitude,0.18396447130464902,0.584471235922343,0.09490396984114564,0.06097560975609756,,
9,boundary_distance,0.1958505543432837,0.6472334343527917,0.13560957242311603,0.2289198606271777,,
9,jacobi1,0.18247857892758124,0.6194771250479733,0.15647084828929367,0.2146341463414634,0.931385859645801,0.6390364159335775
9,jacobi5,0.3231961745159283,0.7121891666556384,0.1981208112982799,0.3195121951219512,0.8435968079037406,0.39286192735560377
9,jacobi10,0.3916599157417516,0.7581521379511137,0.21379834351683494,0.36341463414634145,0.7822759741214406,0.3120083713254087
9,jacobi20,0.4785635439940419,0.817411299180816,0.2395961634831244,0.44146341463414634,0.6986040356990859,0.2407598994819809
9,jacobi40,0.5927893804046515,0.8831432050077419,0.2584911937551596,0.5317073170731708,0.592284531061568,0.17650537102864725
9,jacobi80,0.7163849149119431,0.9442167462911742,0.280621729588156,0.6536585365853659,0.46971181640153115,0.12273919019627756
9,cg5,0.25062168579528843,0.702478726360785,0.19407620578712664,0.33414634146341465,0.8564389333139989,0.38597661003555395
9,pcg5,0.3961002175117973,0.7570259253867634,0.22049983284014152,0.3804878048780488,0.7621933634609732,0.3008638819227624
9,poisson_pcg5,0.9917019015703552,0.9992277966729749,0.3140150136013563,0.948780487804878,0.06097405797210894,0.03861394703510962
9,cg10,0.34938966173067537,0.7554629911464605,0.22707064601545854,0.4073170731707317,0.756069003007699,0.2571502751247481
9,pcg10,0.5893900024550596,0.8772269496976033,0.2571302863503853,0.5292682926829269,0.5785953369765925,0.18104851645976008
9,poisson_pcg10,0.9999969772759887,1.0,0.314877673028627,1.0,0.000979480728601803,0.0006874131740987776
9,cg20,0.505673290626696,0.8617623704723211,0.27006046369239656,0.5804878048780487,0.5874885223319333,0.15385314722990773
9,pcg20,0.7842533616393015,0.9712557733282162,0.29176005979593655,0.7268292682926829,0.3750393493470181,0.09714435231064152
9,poisson_pcg20,0.999999999476131,1.0,0.314877673028627,1.0,2.7029285846620536e-07,1.5391857832300915e-07
9,cg40,0.7684210151703517,0.9548595211942352,0.2989238645627559,0.748780487804878,0.34271455182538835,0.06749426100847518
9,pcg40,0.9523344818846388,0.9944893664888901,0.3107771644473041,0.8707317073170732,0.16246553953773313,0.02927266385522002
9,poisson_pcg40,1.0,1.0,0.314877673028627,1.0,1.3760405888471367e-12,1.466874318917408e-13
9,cg80,0.9410656794586252,0.99428026944404,0.3113247724863164,0.8731707317073171,0.16024073729149732,0.022279092028549066
9,pcg80,0.9901113798186448,0.9995235763535063,0.31433280189667284,0.9536585365853658,0.06017115613606836,0.006615898669520494
9,poisson_pcg80,1.0,1.0,0.314877673028627,1.0,1.377211081179001e-12,1.46794433600457e-13
9,poisson,0.5760972112721964,0.9122771726903378,0.23490257642424628,0.4878048780487805,3.3681824006577683,6.789971040367596
9,amg,0.9551511678771811,0.9909234678347869,0.31043842612221195,0.8560975609756097,0.1836283331085664,0.0744912860710666
9,oracle,1.0,1.0,0.314877673028627,1.0,1.3830497941572725e-12,1.4748724863968521e-13
10,ensemble,0.18765219598751565,0.6151793867368951,0.14884925732711465,0.18536585365853658,,
10,raw,0.11331755481876761,0.5733010865105939,0.1313081869016058,0.15853658536585366,,
10,smoothed,0.14440531224658712,0.6182046768921298,0.14358697835361817,0.1951219512195122,,
10,prediction_magnitude,0.3144814991409108,0.7207403094106904,0.1596337018868988,0.25853658536585367,,
10,boundary_distance,0.25489281409982806,0.659318714185514,0.1297029904198891,0.1875725900116144,,
10,jacobi1,0.1753674846594399,0.6397999020684727,0.16698118607069368,0.23902439024390243,0.9279523726378094,0.5433260164134199
10,jacobi5,0.28225797804958247,0.7028122229133306,0.1892496972027827,0.3073170731707317,0.8377826630545423,0.281521760221699
10,jacobi10,0.3426408818843928,0.7585001918928577,0.20829861783084058,0.375609756097561,0.782340864131077,0.21459492214879045
10,jacobi20,0.41356245186691826,0.8251028942736525,0.22773399457193938,0.4560975609756098,0.7113162160879748,0.16905760464146535
10,jacobi40,0.5275656615981854,0.907607559255191,0.2507173081428025,0.5585365853658537,0.6176363096611567,0.13411246286061282
10,jacobi80,0.6742880358634836,0.959873880073581,0.27393481834715927,0.675609756097561,0.49583415318897966,0.09807352746320537
10,cg5,0.2007692324456115,0.6121011606209388,0.16435143119044698,0.2121951219512195,0.8737457120093364,0.3096679388122598
10,pcg5,0.34530085404334093,0.7533204081362571,0.20803203350962585,0.3780487804878049,0.7746432202204583,0.21345115009718152
10,poisson_pcg5,0.941999425797689,0.9947686036816961,0.2981885777481735,0.8682926829268293,0.16171519105472343,0.04197641884506888
10,cg10,0.309265785890641,0.7035467093683416,0.19383553146919796,0.3024390243902439,0.8036572311875512,0.2093579824879826
10,pcg10,0.4944624679238517,0.8937509098368249,0.24760126282436273,0.5463414634146342,0.6286844595996637,0.14518249952376458
10,poisson_pcg10,0.9999786614194832,1.0,0.30223403210290845,1.0,0.0024713041679972968,0.0008507095312423382
10,cg20,0.4693872265431867,0.8267723621349073,0.24154620855415382,0.4682926829268293,0.6569930901780761,0.1297418917010088
10,pcg20,0.7978261159135694,0.981959424586107,0.2906684539891851,0.7853658536585366,0.33050700306833775,0.06082101301078949
10,poisson_pcg20,1.0,1.0,0.30223403210290845,1.0,5.784963329248783e-07,4.0665568348046125e-07
10,cg40,0.6640591425237108,0.9494461575109511,0.2718467282404407,0.6487804878048781,0.463054204059995,0.06418627424413655
10,pcg40,0.9465316431741464,0.9966359196961476,0.29928441087315655,0.9146341463414634,0.16620002809700674,0.021565772941216997
10,poisson_pcg40,1.0,1.0,0.30223403210290845,1.0,1.1211048035868931e-12,1.08216459492471e-13
10,cg80,0.8961033378500619,0.9939017773248813,0.29758268712744024,0.8536585365853658,0.22210218157998254,0.02615560897386851
10,pcg80,0.9948929041723218,0.9995401188412318,0.30195564942346864,0.9658536585365853,0.04809470565093765,0.005744002671365097
10,poisson_pcg80,1.0,1.0,0.30223403210290845,1.0,1.1324308863188297e-12,1.0691398803336302e-13
10,poisson,0.4131391442528975,0.8631267948599182,0.2262462910211189,0.4951219512195122,4.604675377119119,6.892801384344928
10,amg,0.9744932723628073,0.9981366541826026,0.30036051662229396,0.9243902439024391,0.16251277295213595,0.06061945896061824
10,oracle,1.0,1.0,0.30223403210290845,1.0,1.1284607822959035e-12,1.0656701011630492e-13
11,ensemble,0.4011387886576192,0.8370148088350119,0.21919268928762406,0.4585365853658537,,
11,raw,0.23399566263027716,0.7794588621415243,0.18965411602156024,0.36097560975609755,,
11,smoothed,0.2535627286792869,0.8531543215594934,0.19357010389730717,0.3975609756097561,,
11,prediction_magnitude,0.4110578678038005,0.6238675012903141,0.11448866290370568,0.11707317073170732,,
11,boundary_distance,0.409246551986408,0.6525270304249434,0.12406151113976244,0.1062137049941928,,
11,jacobi1,0.11523024254686715,0.6337255005756786,0.1512442270123013,0.24390243902439024,0.9793267470607222,0.6045418482756655
11,jacobi5,0.20213715213982178,0.6693533872397867,0.16577618685367435,0.2975609756097561,0.9518821380079985,0.36834587063172736
11,jacobi10,0.2409474181319911,0.6887279488638619,0.17955978789359278,0.3463414634146341,0.932036648180556,0.32794449222594607
11,jacobi20,0.2946657701242802,0.7206992840411313,0.19209552829210066,0.35365853658536583,0.9012600964928749,0.30067623992367654
11,jacobi40,0.3762555683081563,0.7557415666397576,0.21928326259293196,0.40487804878048783,0.8513134575009347,0.2755930321362696
11,jacobi80,0.5170446594393424,0.8117630321718301,0.24690230100245825,0.44390243902439025,0.7694732823052572,0.24237857409342753
11,cg5,0.2280496500038333,0.7526137130606249,0.199164008017241,0.4073170731707317,0.9534467572587441,0.37865429563394903
11,pcg5,0.2417791837699411,0.6837579238516205,0.17734461672906715,0.33902439024390246,0.931758339605602,0.32946133839944935
11,poisson_pcg5,0.9924620965775793,0.9993588131757606,0.3278669620441685,0.9463414634146341,0.06706886377194775,0.04050596770031937
11,cg10,0.23882373466363085,0.75066103780951,0.20870558372128403,0.43658536585365854,0.9094528168396554,0.3081367449863444
11,pcg10,0.3605147557197552,0.7511963527123063,0.22147992273328787,0.4,0.8499232015878657,0.28160834230478127
11,poisson_pcg10,0.9999968047484715,1.0,0.32867754043648273,1.0,0.001065351575717523,0.0009003603185859525
11,cg20,0.399563037915653,0.86479163082461,0.2736070927375568,0.6073170731707317,0.7465896299276429,0.22872578878797178
11,pcg20,0.6824441986288212,0.885347987771793,0.27494580659171364,0.4878048780487805,0.506931463870571,0.1563765661434944
11,poisson_pcg20,0.9999999998253771,1.0,0.32867754043648273,1.0,2.1998084274097963e-07,2.82279971527264e-07
11,cg40,0.6758513216669527,0.9768266214946468,0.3020573853738679,0.6780487804878049,0.4520121915958141,0.10924271553792544
11,pcg40,0.8485402570749414,0.9620502097587443,0.3002258680063054,0.6341463414634146,0.3366086861561856,0.0657443473410011
11,poisson_pcg40,1.0,1.0,0.32867754043648273,1.0,7.465366936141487e-13,1.1156366491812425e-13
11,cg80,0.8520274962342902,0.9879054563741514,0.3148189597410262,0.7634146341463415,0.27645574553298874,0.04077518292612213
11,pcg80,0.9344916352373218,0.9960370816404854,0.3246191831706262,0.8780487804878049,0.1719806553796405,0.02536433440241308
11,poisson_pcg80,1.0,1.0,0.32867754043648273,1.0,7.446887288457396e-13,1.1013188604465293e-13
11,poisson,0.4336019668849426,0.9343812447891163,0.2702306290029414,0.5975609756097561,2.80088228698096,7.122210178917378
11,amg,0.9721485907491387,0.9954362584862962,0.3262203123326538,0.9024390243902439,0.1900345345044024,0.091496262510582
11,oracle,1.0,1.0,0.32867754043648273,1.0,7.187196673822702e-13,1.057628071585026e-13
12,ensemble,0.09200651496734187,0.576168230483173,0.10740776496153912,0.11707317073170732,,
12,raw,0.258396219438741,0.7188041766473009,0.17665197287002757,0.32439024390243903,,
12,smoothed,0.22023147178796512,0.7290142000714636,0.1863433124908737,0.36341463414634145,,
12,prediction_magnitude,0.13142429854362747,0.5675403305850747,0.08036040312702443,0.026829268292682926,,
12,boundary_distance,0.19018954483073439,0.6239469052313963,0.11404069641717007,0.11480836236933797,,
12,jacobi1,0.21369187876235718,0.6735201090480791,0.180738643676855,0.3170731707317073,0.8964745819455574,0.5786527901673989
12,jacobi5,0.32249439736096325,0.725227293781348,0.20160790282264765,0.36097560975609755,0.7936196433222756,0.29938987846606335
12,jacobi10,0.39462661982383923,0.7715925783783069,0.21805259906937732,0.4292682926829268,0.7400569965192015,0.2237926220398952
12,jacobi20,0.46584431565276924,0.8239581541230496,0.22916698936911395,0.48292682926829267,0.6787308458179556,0.15805975318876705
12,jacobi40,0.5301238715093842,0.8651959292246205,0.23972871645582033,0.5073170731707317,0.6165978933442939,0.10496165623114145
12,jacobi80,0.5855583119329363,0.8973187935894552,0.25195074740183787,0.551219512195122,0.5604693251710532,0.0722042477795853
12,cg5,0.2714285602526999,0.7435636488757725,0.19800691613791482,0.3926829268292683,0.8240509816336129,0.3157643776241808
12,pcg5,0.39417430645754153,0.7725943914349616,0.2199075791072168,0.44878048780487806,0.738271915583787,0.22270743595097633
12,poisson_pcg5,0.9932026754854909,0.9990537697021029,0.303168353668389,0.948780487804878,0.057236466823940985,0.04085884848938897
12,cg10,0.3260126572473069,0.778574831597475,0.2166714377879463,0.44146341463414634,0.7359517910677356,0.17604828672990486
12,pcg10,0.5176878907433944,0.8575685189841589,0.2399677477174816,0.5195121951219512,0.6254609698287342,0.11039064417325367
12,poisson_pcg10,0.9999893219785919,0.999999338300491,0.3037378406479438,0.9975609756097561,0.0020738944053178515,0.0009620415163277096
12,cg20,0.45422714105391604,0.8478395511030531,0.241357121148147,0.5365853658536586,0.6387695587610699,0.09961247314240401
12,pcg20,0.5988446162208501,0.9076300570384976,0.2557712668383856,0.5585365853658537,0.5371648740172726,0.0607614309599325
12,poisson_pcg20,0.999999998428393,1.0,0.30374040479866515,1.0,1.356015137737405e-06,4.397564900570416e-07
12,cg40,0.6131377224724872,0.9221007636012334,0.2702498752361109,0.6146341463414634,0.49554113281764567,0.05425449796660074
12,pcg40,0.7156357274397152,0.9619820547093154,0.2771984757328413,0.6609756097560976,0.40764872152985987,0.03677455886895452
12,poisson_pcg40,1.0,1.0,0.30374040479866515,1.0,1.6676435877944565e-12,1.334992218693071e-13
12,cg80,0.8835108683395158,0.989881291108082,0.29582510890653807,0.8292682926829268,0.2344599934845172,0.02366742117532543
12,pcg80,0.9758420470905407,0.9988393790611807,0.30287567298898904,0.9463414634146341,0.09283725679730992,0.010033514541927637
12,poisson_pcg80,1.0,1.0,0.30374040479866515,1.0,1.6514179740427451e-12,1.3043867850463636e-13
12,poisson,0.3930168392514603,0.8273950213728941,0.22591657259502312,0.47317073170731705,4.5128596132114165,6.802003239071388
12,amg,0.9684606388737271,0.9966028347206967,0.3020488652195096,0.9073170731707317,0.13631146567040828,0.061117610909799114
12,oracle,1.0,1.0,0.30374040479866515,1.0,1.6677303283479578e-12,1.316668786918196e-13
13,ensemble,0.15236161497993705,0.6433088945648002,0.13710176079764685,0.2146341463414634,,
13,raw,0.16272632694056718,0.7041693686063285,0.19876008877641968,0.3975609756097561,,
13,smoothed,0.1225929236700266,0.720306896232283,0.21408268951612847,0.4951219512195122,,
13,prediction_magnitude,0.32649616089952577,0.8267736855339254,0.15751270684058452,0.2975609756097561,,
13,boundary_distance,0.29473075039079,0.7994984317721636,0.13437412146090263,0.22305458768873399,,
13,jacobi1,0.1264234012608395,0.6302952503209243,0.15863903103844615,0.23658536585365852,0.9362964906397027,0.5241880499509819
13,jacobi5,0.2283906412119987,0.648638222410439,0.16906877922604646,0.23414634146341465,0.8697061960642193,0.2806258089877454
13,jacobi10,0.28267525226456686,0.683602424467001,0.17049448774167705,0.24634146341463414,0.8306557380973932,0.22645876370096876
13,jacobi20,0.34537640590368773,0.7248243187803555,0.18439466614960226,0.32439024390243903,0.7816716425877139,0.1853475567076425
13,jacobi40,0.4190225368993752,0.7625114143165306,0.1973427244929019,0.3926829268292683,0.7213216628553957,0.14965420813628622
13,jacobi80,0.5070490563066115,0.8001124889165332,0.2119182918967298,0.47560975609756095,0.6517533915808937,0.11611840565765445
13,cg5,0.1557001095752297,0.6572350224316134,0.17158452179599953,0.2731707317073171,0.9067047250232744,0.36918288143546457
13,pcg5,0.26664897945293664,0.6703684342866217,0.17018529368816082,0.24146341463414633,0.8346128225785716,0.22762258492594703
13,poisson_pcg5,0.9970688119646199,0.9997167926101399,0.29389339426772104,0.975609756097561,0.04390662832474616,0.04211934139221555
13,cg10,0.21391392220090238,0.6678050103886823,0.17819317251892836,0.2731707317073171,0.8478188244243413,0.2555886377136285
13,pcg10,0.3906283506659925,0.7519367944628985,0.1919321689020631,0.375609756097561,0.7316083634962772,0.15569938074564954
13,poisson_pcg10,0.9999993750243076,1.0,0.29415896676245235,1.0,0.00039907851897948144,0.0003797238845707075
13,cg20,0.3767286247905642,0.8204968039913715,0.21119556717314406,0.4024390243902439,0.7153868083732788,0.16826901352560816
13,pcg20,0.5560833165904808,0.8271283564707596,0.21997006844010747,0.4951219512195122,0.6185720682488214,0.08780257411575114
13,poisson_pcg20,1.0,1.0,0.29415896676245235,1.0,4.36870545819914e-08,6.788181682825032e-08
13,cg40,0.6255991513965146,0.9696412265262099,0.26932279710156687,0.7048780487804878,0.4829947851015709,0.08883225576870209
13,pcg40,0.6681728381785208,0.8974544419888041,0.23975294840303457,0.4951219512195122,0.5242377206914953,0.0464550079520914
13,poisson_pcg40,1.0,1.0,0.29415896676245235,1.0,2.0686507406636194e-12,1.77137075011835e-13
13,cg80,0.9178951478053718,0.9941121977687493,0.28956332773440313,0.8658536585365854,0.19625616723336808,0.028314332935414806
13,pcg80,0.9596168931834225,0.9945939150113151,0.2905990897439464,0.8853658536585366,0.14649903605954456,0.015125564546736107
13,poisson_pcg80,1.0,1.0,0.29415896676245235,1.0,2.0686507406636194e-12,1.77137075011835e-13
13,poisson,0.5531643212563513,0.8387888252186917,0.19579981321256598,0.43902439024390244,1.8655866181792893,5.736303798124189
13,amg,0.9745171253398024,0.9901777324881225,0.28760740804973806,0.8609756097560975,0.22037587806479517,0.07215332674446436
13,oracle,1.0,1.0,0.29415896676245235,1.0,2.052639045488217e-12,1.7578408623301325e-13
14,ensemble,0.2199994455021476,0.7246820533859164,0.16856315102195996,0.29024390243902437,,
14,raw,0.07969806102400265,0.5579410558077366,0.15295286870673278,0.1926829268292683,,
14,smoothed,0.038396868756878755,0.5650219022537485,0.1604577279093669,0.22682926829268293,,
14,prediction_magnitude,0.21306924720893783,0.6867223376520255,0.08751831038013715,0.06585365853658537,,
14,boundary_distance,0.2190185847070331,0.6975437714225216,0.09697424090547836,0.10232288037166085,,
14,jacobi1,0.06692977828998659,0.5468099466670195,0.13527277523742298,0.15365853658536585,0.9494370767307513,0.5733035924044052
14,jacobi5,0.22030100421911505,0.6391382025594537,0.16344259304577033,0.2097560975609756,0.8822698378215343,0.34901916269879585
14,jacobi10,0.2962062051121119,0.7051466987811496,0.17498070707819344,0.25853658536585367,0.8315739420725364,0.2836189300375675
14,jacobi20,0.3921303961857645,0.8059930124531848,0.19139091646942413,0.33170731707317075,0.7571671648480212,0.22326042035433705
14,jacobi40,0.5268475379848316,0.8999060386697193,0.22645475140110763,0.47317073170731705,0.6517146064833287,0.1687321074915949
14,jacobi80,0.6953297740557284,0.9605534454693435,0.2589500589727474,0.624390243902439,0.5093137735515947,0.11760779679060802
14,cg5,0.11851709658288788,0.5871186956579278,0.14943211446317906,0.1878048780487805,0.9058144770878132,0.38129485716330985
14,pcg5,0.3073726304428171,0.7055185739052182,0.1749969541896758,0.2658536585365854,0.8205394156945269,0.2800091906849425
14,poisson_pcg5,0.9883690141193726,0.9986130778290963,0.29504956500341567,0.9439024390243902,0.08432808734062074,0.0411438719533394
14,cg10,0.22655217262156224,0.658408877360613,0.175564223094515,0.25365853658536586,0.8431961091414222,0.26678517437055327
14,pcg10,0.46992417635642675,0.8804983920701931,0.2180673217348028,0.43902439024390244,0.6550635625000143,0.17411264568779525
14,poisson_pcg10,0.9999997646082053,1.0,0.2961039985295788,1.0,0.0002435786749886806,0.00029037976493876414
14,cg20,0.401682318265241,0.7877380463983695,0.20543955072428985,0.32926829268292684,0.718771479042664,0.17145858923559704
14,pcg20,0.7995119110972271,0.9858131625266334,0.2840475667473516,0.7902439024390244,0.3374986695201508,0.07053119553704604
14,poisson_pcg20,1.0,1.0,0.2961039985295788,1.0,3.0240046682639846e-08,3.89765792908762e-08
14,cg40,0.600444481525055,0.934437489247383,0.24728317771369662,0.5463414634146342,0.5397300661613934,0.08959923634585604
14,pcg40,0.9725822805732172,0.9981082011037148,0.29507404406999654,0.9390243902439024,0.10784348747347093,0.01726133909381557
14,poisson_pcg40,1.0,1.0,0.2961039985295788,1.0,9.013111809077648e-13,8.865483959641249e-14
14,cg80,0.7888778485829777,0.9843607321043368,0.2802116727406385,0.7853658536585366,0.35546526175419607,0.038069023511269014
14,pcg80,0.9984677935968514,0.9998392070193084,0.29598572153226904,0.9804878048780488,0.02708036013736406,0.003751854816032747
14,poisson_pcg80,1.0,1.0,0.2961039985295788,1.0,9.013111809077648e-13,8.865483959641249e-14
14,poisson,0.7248074905482861,0.9482617153898072,0.2367183608038207,0.5487804878048781,1.9884679110604913,6.161917629581929
14,amg,0.9736846734334892,0.997977184600929,0.2947690617462974,0.9414634146341463,0.16061899283250425,0.07094058475105008
14,oracle,1.0,1.0,0.2961039985295788,1.0,9.011212562869384e-13,8.859959652099377e-14
15,ensemble,0.23550244811657509,0.6618219234281328,0.15046733563801243,0.24390243902439024,,
15,raw,0.12414917950103757,0.6289744981009224,0.1706704430653492,0.2951219512195122,,
15,smoothed,0.1498554055259991,0.6886366343316174,0.17613170010731682,0.3170731707317073,,
15,prediction_magnitude,0.43170629442129554,0.7579999470640393,0.13317835123025648,0.15365853658536585,,
15,boundary_distance,0.37871706460774823,0.7431375143919643,0.1392737137430624,0.19605110336817655,,
15,jacobi1,0.09464797691439328,0.5943729073753027,0.14486546147919505,0.2121951219512195,0.9642628184006709,0.5533267493913825
15,jacobi5,0.2047467794421072,0.6390065243571589,0.16132360071680865,0.23902439024390243,0.9260705360345134,0.3074382696342452
15,jacobi10,0.24860295755610734,0.6447341953072271,0.1711727937040813,0.26097560975609757,0.9024209021378178,0.23833703407895254
15,jacobi20,0.3030920601663104,0.6651198337810833,0.17963286149179067,0.2731707317073171,0.8696798665176868,0.1852851553857123
15,jacobi40,0.38485779747683463,0.7093021716977886,0.19853908891686753,0.33414634146341465,0.8212082386639686,0.14669163447983594
15,jacobi80,0.49507760815086493,0.79218268200045,0.21946003156199984,0.4219512195121951,0.7485192471502948,0.11577206910204416
15,cg5,0.13916384332718887,0.6227399653269458,0.16625987222840735,0.2658536585365854,0.9431599030041061,0.32504472574883153
15,pcg5,0.25778909318475235,0.6471275624313487,0.16893327922670934,0.24634146341463414,0.9000829664933248,0.2327591955524073
15,poisson_pcg5,0.9972540513372601,0.9997849476595688,0.29832947207868576,0.9853658536585366,0.04392833140932172,0.03990972757316569
15,cg10,0.19275879885448435,0.6295170916983179,0.16472324402676258,0.24390243902439024,0.9135180282863952,0.21637484920927183
15,pcg10,0.362392110929913,0.6900678903696253,0.19414437726843942,0.3195121951219512,0.8328154185032223,0.15388296176325106
15,poisson_pcg10,0.9999997536069567,1.0,0.2985956792647294,1.0,0.0002876489680976275,0.000354990114976882
15,cg20,0.2892515791576366,0.6924427299074944,0.180882309485449,0.3048780487804878,0.8625376118019156,0.14188598935602512
15,pcg20,0.6254783671168754,0.8771085054854889,0.23679848424380207,0.4902439024390244,0.6540302683921168,0.09428480400093212
15,poisson_pcg20,1.0,1.0,0.2985956792647294,1.0,4.6043051991258806e-08,4.795955068334547e-08
15,cg40,0.4433530332167579,0.8222079589216945,0.21928239798783192,0.4585365853658537,0.7628738683688329,0.10138086516979701
15,pcg40,0.8126868869405806,0.973168084909281,0.2823394679876076,0.7536585365853659,0.4252434488142723,0.05830339136747378
15,poisson_pcg40,1.0,1.0,0.2985956792647294,1.0,1.3598030233023154e-12,1.544718638902077e-13
15,cg80,0.8087019680598061,0.9856199462699998,0.2874676478016867,0.7853658536585366,0.3691998933817993,0.05033185193975691
15,pcg80,0.9728471087405598,0.9995659251220835,0.2982422159806807,0.9634146341463414,0.09521141649468055,0.011064171210625614
15,poisson_pcg80,1.0,1.0,0.2985956792647294,1.0,1.3598030233023154e-12,1.544718638902077e-13
15,poisson,0.765348202998084,0.943857443457777,0.2603039606024891,0.6585365853658537,3.1842373983400596,6.958744668566927
15,amg,0.9671091162785734,0.9985952119423528,0.29747040945488556,0.9463414634146341,0.15071216523757405,0.05457253785330046
15,oracle,1.0,1.0,0.2985956792647294,1.0,1.373649449730816e-12,1.5641516118479576e-13
16,ensemble,0.26751906645597917,0.6916599393883249,0.1778929758963986,0.28292682926829266,,
16,raw,0.2130483614258423,0.7053842489048873,0.20648122145423986,0.35609756097560974,,
16,smoothed,0.3012151488478012,0.7778522557336263,0.21260573698585558,0.3853658536585366,,
16,prediction_magnitude,0.43212870045680263,0.8640644230641981,0.2511355719676868,0.5414634146341464,,
16,boundary_distance,0.4306082126714444,0.8756679856543547,0.24910036230787058,0.5277584204413472,,
16,jacobi1,0.1505284757086285,0.6235148154520069,0.15295135113568184,0.21951219512195122,0.9515543928546113,0.5212000356376908
16,jacobi5,0.2553672612118579,0.6682688617445046,0.1798467849385726,0.2731707317073171,0.9137367893392249,0.28890030595564403
16,jacobi10,0.293376757845853,0.6806459510607044,0.18564067137484883,0.2804878048780488,0.8959281944053029,0.22801267761936034
16,jacobi20,0.3381592077363183,0.6841397244683245,0.18963046490739166,0.2951219512195122,0.8740139144644409,0.18235208835973205
16,jacobi40,0.378485805155329,0.6915282611860302,0.19569535292765627,0.3048780487804878,0.8464793984498503,0.1472596669057494
16,jacobi80,0.410945096973317,0.7021571403994018,0.19142802709380208,0.2780487804878049,0.815294288109011,0.11905670974371978
16,cg5,0.22096386367146606,0.7137223244180353,0.20096746922010333,0.3439024390243902,0.9424348357840296,0.3312350934514357
16,pcg5,0.3019514107260763,0.6851838862935564,0.18745637867446588,0.28536585365853656,0.8972705233718745,0.21782011435673498
16,poisson_pcg5,0.9952590589030458,0.9989432658840968,0.32432066991117037,0.9414634146341463,0.05715383524012579,0.03773250782052169
16,cg10,0.2587473576397923,0.6877797334674378,0.19543655737475946,0.3,0.9097438175440713,0.2196797339380745
16,pcg10,0.3710384461995778,0.6828083850561782,0.19081466304190597,0.2926829268292683,0.8560452092977909,0.15054197858934149
16,poisson_pcg10,0.9999993682140108,1.0,0.32510865099450337,1.0,0.00047308076630163653,0.0004092001157290473
16,cg20,0.34821257283734597,0.7040257798128714,0.2185473478987353,0.35853658536585364,0.8408858669703226,0.1587402237382354
16,pcg20,0.4093322467033414,0.7013525137964348,0.18325853676413464,0.25853658536585367,0.8067991155620463,0.10103973767594834
16,poisson_pcg20,1.0,1.0,0.32510865099450337,1.0,1.1843719188664928e-07,1.192159797804876e-07
16,cg40,0.4939572577604694,0.85949009435835,0.25543649488946285,0.5,0.6635386102998175,0.09587750611489895
16,pcg40,0.43952246936218636,0.8317675317284915,0.21994321528461197,0.32926829268292684,0.7128054211237009,0.06549372912934073
16,poisson_pcg40,1.0,1.0,0.32510865099450337,1.0,3.570783683931519e-13,8.164022159789695e-14
16,cg80,0.7034823598436742,0.9711704140915527,0.29729910498099005,0.675609756097561,0.4382199792459803,0.04877130395455539
16,pcg80,0.9914295106558024,0.9995341635456506,0.32467406519270975,0.9609756097560975,0.05665862410349714,0.010318324868020066
16,poisson_pcg80,1.0,1.0,0.32510865099450337,1.0,3.570783683931519e-13,8.164022159789695e-14
16,poisson,0.6004254678750689,0.8220610616306923,0.2188935168238307,0.3926829268292683,2.178508116500164,6.767526037007053
16,amg,0.9758394301903655,0.9911332265791459,0.3188963886566046,0.8585365853658536,0.2573557145415782,0.0657239760606678
16,oracle,1.0,1.0,0.32510865099450337,1.0,3.503307159026726e-13,7.957486409424524e-14
17,ensemble,0.22250846341768438,0.6282611860302,0.13630452002586643,0.17560975609756097,,
17,raw,0.3162661159211131,0.7377314294032794,0.17192971653842232,0.3170731707317073,,
17,smoothed,0.3971136644042791,0.8035877347379008,0.18393100106696575,0.3829268292682927,,
17,prediction_magnitude,0.2832568360641017,0.6435213001071953,0.05733887845297345,0.0,,
17,boundary_distance,0.34298832788486816,0.5834085465108585,0.12376466329834925,0.18368176538908246,,
17,jacobi1,0.12285510193344813,0.7118748593888543,0.15192683542172883,0.3121951219512195,0.9766392466565835,0.6581669422015378
17,jacobi5,0.15780928938164798,0.7060777099903391,0.15938708183004102,0.33414634146341465,0.9393165778007625,0.4292517948400287
17,jacobi10,0.2007226360461197,0.7269755038841761,0.1674407761024651,0.35609756097560974,0.9113184790880499,0.36195373266843417
17,jacobi20,0.24506011686413318,0.7496274631764224,0.17491360291323277,0.3804878048780488,0.8730438835823178,0.3069318347940132
17,jacobi40,0.2976474607008859,0.8039834310442942,0.18727182077489113,0.4219512195121951,0.8241083109712016,0.2564602626255614
17,jacobi80,0.35908553811625993,0.877287826052433,0.20402485354520544,0.5,0.7633214003410072,0.20789265910277652
17,cg5,0.2486093368832931,0.723932347842198,0.16515329860766742,0.33170731707317075,0.945861991633879,0.4181421492237854
17,pcg5,0.1956263507787012,0.7207654539920332,0.168802872098216,0.36341463414634145,0.904547199249232,0.35565748628547417
17,poisson_pcg5,0.9976201077552391,0.9992985985204399,0.2793025132759084,0.9536585365853658,0.05428791959159948,0.04410053724775464
17,cg10,0.2384800521658951,0.7476251604621309,0.1737914000808034,0.3780487804878049,0.8973618726871171,0.3134269629446413
17,pcg10,0.29911990360699026,0.8059817635615314,0.1883285032836577,0.424390243902439,0.8108026086056361,0.25998690860657214
17,poisson_pcg10,0.9999948494948172,1.0,0.2797524552512681,1.0,0.0013778917090355046,0.0011075040878960885
17,cg20,0.33115838369739853,0.8834032529147864,0.1983983290483523,0.5195121951219512,0.7917014384596118,0.21042356390213415
17,pcg20,0.4223772476843036,0.9263528446461893,0.2180179730541715,0.5707317073170731,0.6889298794931245,0.170837213624042
17,poisson_pcg20,0.999999999126885,1.0,0.2797524552512681,1.0,6.840911693752416e-07,7.011935788846683e-07
17,cg40,0.5309708639230908,0.9781619311038471,0.24466842159344607,0.7341463414634146,0.6053372538693166,0.13852684254412367
17,pcg40,0.7260098321965237,0.9902968383997459,0.2640597094366809,0.8268292682926829,0.4506567117625334,0.10632082736836791
17,poisson_pcg40,1.0,1.0,0.2797524552512681,1.0,8.084104620022559e-13,1.538353799238864e-13
17,cg80,0.9464869306075048,0.9988903299233752,0.2788653571209173,0.948780487804878,0.1568093235515199,0.0460855414420483
17,pcg80,0.9883397382253253,0.9992013286926141,0.2791732709205659,0.9439024390243902,0.06993365272505941,0.011733503768689004
17,poisson_pcg80,1.0,1.0,0.2797524552512681,1.0,8.315976129403391e-13,1.2506844307038694e-13
17,poisson,0.3499323269544811,0.6682701851435227,0.13558023480892872,0.20243902439024392,4.795029091930831,6.703406486547491
17,amg,0.9863885937993135,0.998499265513545,0.2784475830534779,0.926829268292683,0.19475092705290944,0.08327359236642191
17,oracle,1.0,1.0,0.2797524552512681,1.0,8.120386653525116e-13,1.2235540534676153e-13
18,ensemble,0.2298316444705476,0.6654096581660336,0.14539585342675973,0.22439024390243903,,
18,raw,0.223435665934703,0.7035619284570491,0.165044161923709,0.2682926829268293,,
18,smoothed,0.21642290501721756,0.7389205034209865,0.18428850858358767,0.34146341463414637,,
18,prediction_magnitude,0.29242339104190196,0.6553637362201077,0.09443235553800457,0.06341463414634146,,
18,boundary_distance,0.3323168923533261,0.6994335852202798,0.1263589259218892,0.2004645760743322,,
18,jacobi1,0.19481805080394748,0.6493614599737967,0.17336801208456007,0.2926829268292683,0.9386574722971912,0.5861532195474088
18,jacobi5,0.28121452760904075,0.6902273599512989,0.18969811960612837,0.34146341463414637,0.8729227967318118,0.3225033804617073
18,jacobi10,0.3279633251271703,0.7137024734327647,0.19889977907372097,0.36341463414634145,0.8349201527431291,0.2603646510402739
18,jacobi20,0.3972635979762955,0.7612244087714887,0.21709509876088912,0.4170731707317073,0.7840711247980862,0.21294421657301374
18,jacobi40,0.48989441179739535,0.8227419504254728,0.2415116760682063,0.4853658536585366,0.7150153087551601,0.17068297981228608
18,jacobi80,0.5753444284871625,0.8658391011473869,0.2690856228922116,0.5756097560975609,0.6247973073561306,0.130389102837001
18,cg5,0.24416266783504817,0.7116730410386035,0.19327833659873483,0.36341463414634145,0.8853633635125074,0.3414278397838266
18,pcg5,0.32648021956648127,0.7081044955864643,0.20081547904351427,0.37073170731707317,0.8313462055267001,0.26064363159951726
18,poisson_pcg5,0.9927501066457542,0.9992893347273136,0.32771672839333366,0.948780487804878,0.06119171203260202,0.04122351519453515
18,cg10,0.2998190593215821,0.765317020234771,0.2224489280727823,0.4609756097560976,0.8092449588919998,0.2275194552342394
18,pcg10,0.48571410567797985,0.8257447427974008,0.2421836936644491,0.4878048780487805,0.7145197823564043,0.17746516141834442
18,poisson_pcg10,0.9999830224541142,0.999998014901473,0.32830636703356125,0.9975609756097561,0.002308733663823941,0.0008076087595510172
18,cg20,0.43521614097182915,0.8245907388536717,0.2570696657693177,0.5902439024390244,0.674611934135826,0.14344375261880493
18,pcg20,0.6250368110508248,0.9030193348596536,0.2862471087239601,0.6439024390243903,0.5265511975090073,0.10159431078372802
18,poisson_pcg20,0.9999999996507541,1.0,0.3283068021705387,1.0,4.837400623487716e-07,4.039358566015682e-07
18,cg40,0.6852960711544832,0.9508231541892196,0.30358493145987697,0.7439024390243902,0.43515140914522027,0.0767776350825549
18,pcg40,0.8213981632790365,0.9786879822135172,0.3155145313939927,0.7682926829268293,0.29337203242074084,0.04272669177032398
18,poisson_pcg40,1.0,1.0,0.3283068021705387,1.0,1.3181779839243696e-12,1.4746449496557062e-13
18,cg80,0.9218467278389173,0.9931302356973651,0.3242098314239816,0.8975609756097561,0.18092389906490086,0.02533377125012514
18,pcg80,0.997071488411236,0.9997075288170136,0.32815478632153583,0.9707317073170731,0.03471275959720405,0.006729408680391193
18,poisson_pcg80,1.0,1.0,0.3283068021705387,1.0,1.31005969922223e-12,1.2590827861653545e-13
18,poisson,0.4164744711870944,0.7794522451464341,0.20459968273042048,0.37317073170731707,3.3551987154080507,6.916095026655625
18,amg,0.9398622209217233,0.9917902941916017,0.32116903483629033,0.8463414634146341,0.23370212468174922,0.08564494708976877
18,oracle,1.0,1.0,0.3283068021705387,1.0,1.3035268885970192e-12,1.254232647374577e-13
19,ensemble,0.0966108551324296,0.6005148022180168,0.1339387211773281,0.1975609756097561,,
19,raw,0.18514529799511573,0.7006769185977264,0.17302616880812183,0.3073170731707317,,
19,smoothed,0.2453355128657751,0.7662645739316861,0.1894486826920607,0.36097560975609755,,
19,prediction_magnitude,0.2047984629586354,0.6344560168336355,0.11076923244448261,0.07560975609756097,,
19,boundary_distance,0.14604962971578633,0.5955891110728796,0.11856880231148731,0.1016260162601626,,
19,jacobi1,0.1847431981689899,0.6817748104230906,0.1644228091537304,0.2731707317073171,0.9555103025403445,0.5520549296185855
19,jacobi5,0.23604658785693503,0.7253371358998452,0.1837809257309875,0.3195121951219512,0.8987910755029446,0.3203492880355359
19,jacobi10,0.26784995939107376,0.7365152257057025,0.19390141003813988,0.36341463414634145,0.8595920920016051,0.2535088960580524
19,jacobi20,0.32029596040858094,0.7593537842594921,0.20507768361810869,0.4073170731707317,0.8090903845565041,0.19431819580589074
19,jacobi40,0.3809740839710845,0.7936635655016344,0.21636119502756304,0.44146341463414634,0.7481079404817754,0.14282152672042633
19,jacobi80,0.441906626075063,0.8424519937006206,0.22837868931490615,0.47317073170731705,0.6786009593903559,0.10308089964045324
19,cg5,0.19159350679208006,0.6849145745933857,0.16528944073163535,0.2658536585365854,0.9200146433163907,0.35800843493883355
19,pcg5,0.2670404026546383,0.7423540621732859,0.19411548142709578,0.35609756097560974,0.858468751116947,0.24877053416214828
19,poisson_pcg5,0.9922018627411865,0.9983788362029036,0.29438595852233557,0.9317073170731708,0.07170076280094599,0.045005841983215174
19,cg10,0.23469556363580385,0.7322585127641835,0.1864133465910507,0.32439024390243903,0.8637604954886896,0.2414129842374827
19,pcg10,0.36877819061214495,0.7788143668197398,0.21337418207535414,0.4268292682926829,0.7547930557534441,0.14129663997005165
19,poisson_pcg10,0.9999995809048166,1.0,0.2956140661186941,1.0,0.00039899905718155396,0.0004523091154669986
19,cg20,0.3190565592209993,0.793232137421754,0.21842138052644286,0.4682926829268293,0.7532518089377173,0.14910548710935848
19,pcg20,0.47910819101419694,0.8863842092029167,0.241130592813042,0.5219512195121951,0.6218332807658993,0.070828525673191
19,poisson_pcg20,1.0,1.0,0.2956140661186941,1.0,3.283737914602943e-08,5.1257123480960405e-08
19,cg40,0.4328498527313495,0.9064925955824941,0.2471475319711655,0.551219512195122,0.6170365628393164,0.07928559154478963
19,pcg40,0.6195135870588659,0.9430402445641385,0.2632298986429263,0.6609756097560976,0.502048212371692,0.04658298402970218
19,poisson_pcg40,1.0,1.0,0.2956140661186941,1.0,2.0901672142013944e-12,1.9145055427681515e-13
19,cg80,0.5780800082111922,0.9635443272501092,0.27262319692099957,0.6878048780487804,0.4754955165516782,0.04015268890583639
19,pcg80,0.9967317710778056,0.9998550878075249,0.29553853781310274,0.9780487804878049,0.03661285971276086,0.004608497969504369
19,poisson_pcg80,1.0,1.0,0.2956140661186941,1.0,2.0901672142013944e-12,1.9145055427681515e-13
19,poisson,0.3745958366539642,0.8444079774492808,0.232107154727445,0.5390243902439025,2.654397608170592,6.287948416015517
19,amg,0.9831185023482741,0.9960827389066077,0.2931386507856284,0.9048780487804878,0.15640454364704928,0.06741374309250436
19,oracle,1.0,1.0,0.2956140661186941,1.0,2.061705955586779e-12,1.886783759370038e-13
20,ensemble,0.3147445702516963,0.6000086020936173,0.144048663278631,0.14878048780487804,,
20,raw,0.194101960326103,0.7236868573243519,0.15495190073769602,0.25853658536585367,,
20,smoothed,0.220516147604709,0.7668554715932401,0.1335470635792791,0.16829268292682928,,
20,prediction_magnitude,0.7075513953187403,0.7723244180352818,0.18988445928951833,0.16341463414634147,,
20,boundary_distance,0.6553434416234071,0.7651112316874661,0.17728982804128351,0.19018583042973286,,
20,jacobi1,0.07012480734892905,0.5972579172346254,0.11890345390956303,0.17317073170731706,0.971683117426343,0.5810949139396785
20,jacobi5,0.15900515024674092,0.6421773884043778,0.13144623810401762,0.22195121951219512,0.945218524635108,0.3179621781214419
20,jacobi10,0.19402229417341468,0.6765751756812196,0.14558905119872598,0.26097560975609757,0.9292779902695788,0.26374750142540404
20,jacobi20,0.23816738480721847,0.7139651681378453,0.15743314649882018,0.3048780487804878,0.9064590126658572,0.22873681245818522
20,jacobi40,0.2958406509098612,0.7563020261238966,0.16838670052212473,0.3463414634146341,0.8724490421995688,0.2018258365632156
20,jacobi80,0.37042860770125957,0.816748276272779,0.18609559488446434,0.4097560975609756,0.8218248383248429,0.17484132038839487
20,cg5,0.17617905829144617,0.7035645752550852,0.14787893833095567,0.24146341463414633,0.9586245009959327,0.35184372985334045
20,pcg5,0.19749807771516684,0.6755594669348756,0.14856226787450713,0.2682926829268293,0.9286369878708458,0.2653916886387481
20,poisson_pcg5,0.9820980696629513,0.999055093101121,0.2856139402473585,0.9463414634146341,0.09472001997567875,0.04735746776926614
20,cg10,0.19569650486770673,0.7068135198443682,0.1483353756308569,0.25853658536585367,0.9354733543425185,0.2541312069809737
20,pcg10,0.29203180212297974,0.7476655241321811,0.16809698137806078,0.348780487804878,0.8771858074747879,0.2090257518883931
20,poisson_pcg10,0.9999980347928351,1.0,0.2860670845535721,1.0,0.0007244984830590873,0.0008220996787226371
20,cg20,0.2855803217642388,0.8209222767756706,0.1734889078196373,0.3804878048780488,0.8752004117959724,0.19144255393350432
20,pcg20,0.4564697791021931,0.8781142887391977,0.19767672974668501,0.4317073170731707,0.7212922368131472,0.14265245502838228
20,poisson_pcg20,0.9999999996507541,1.0,0.2860670845535721,1.0,4.0209578533873556e-07,2.475391011197256e-07
20,cg40,0.40200725061908743,0.9513333245106732,0.21721408958575492,0.5951219512195122,0.7400434732106614,0.12575248539344203
20,pcg40,0.6455159626789593,0.9649888172782976,0.24800653622892602,0.6658536585365854,0.5468862556727822,0.09133894916298013
20,poisson_pcg40,1.0,1.0,0.2860670845535721,1.0,1.2252295104582282e-12,1.9760740037511448e-13
20,cg80,0.6611461453147729,0.9853618834614825,0.26662230549399174,0.8,0.4841184617186419,0.07498157152516857
20,pcg80,0.9888948476074917,0.998918121302754,0.2855946512959534,0.9439024390243902,0.08280281983432781,0.023647612752461245
20,poisson_pcg80,1.0,1.0,0.2860670845535721,1.0,1.2311272605452677e-12,1.9788395309033369e-13
20,poisson,0.6993788682834688,0.9319236928126199,0.2353330498489904,0.6219512195121951,1.939984461743895,6.483822667334039
20,amg,0.9934307163507359,0.99884665775578,0.2853361188166095,0.9414634146341463,0.19487256340704137,0.07475456743274371
20,oracle,1.0,1.0,0.2860670845535721,1.0,1.2810140467815175e-12,2.0609870922371734e-13
21,ensemble,0.1260592470111249,0.5979857866945463,0.12550153629342972,0.17560975609756097,,
21,raw,0.2014320003955141,0.6740541005518574,0.13539609884999973,0.1902439024390244,,
21,smoothed,0.188324987297225,0.6902855895080926,0.14081863182774104,0.2121951219512195,,
21,prediction_magnitude,0.41861853944518285,0.8053266810476026,0.13680625271339275,0.1975609756097561,,
21,boundary_distance,0.4416911978365652,0.8334991993435941,0.16776371765964712,0.33896631823461093,,
21,jacobi1,0.11655709964423848,0.5760954435371809,0.13419470188220298,0.1878048780487805,0.9292743110660702,0.5845613473048803
21,jacobi5,0.2603528065142032,0.65868745285391,0.1613382752462887,0.2731707317073171,0.8645364594741325,0.30696122746309346
21,jacobi10,0.313540332721622,0.6923897939467729,0.17004354710937267,0.28780487804878047,0.8315529144375282,0.23356982544653712
21,jacobi20,0.3699845904987434,0.7241546788772283,0.1767552574475181,0.29024390243902437,0.7898440899773043,0.17817488556462033
21,jacobi40,0.43897688042560634,0.7544949247647659,0.18886329179983768,0.32926829268292684,0.7384477522257643,0.13225116481500526
21,jacobi80,0.4944129320955161,0.7893671505895743,0.20035852336075924,0.3853658536585366,0.6826517291934252,0.09646601489642424
21,cg5,0.23179131311796985,0.6625392056959094,0.16802246249260583,0.24878048780487805,0.8909584612596912,0.30111239891977837
21,pcg5,0.31290398540520586,0.6922620859415323,0.16432337184431417,0.2634146341463415,0.8310130968310891,0.23242820415373125
21,poisson_pcg5,0.9826629423912878,0.9979129997485542,0.2801595994903974,0.9317073170731708,0.10641025719662589,0.040224924875636205
21,cg10,0.3005285043467994,0.6788143668197398,0.17374375732207117,0.25853658536585367,0.8350506720646665,0.19032362928423197
21,pcg10,0.4130059413098547,0.7388536717705756,0.18358190332877672,0.3048780487804878,0.7454751249201095,0.14036941513271098
21,poisson_pcg10,0.9999940130506798,1.0,0.28166782791827855,1.0,0.0015542335878061106,0.000648517877575422
21,cg20,0.39950618258993675,0.7879299392559851,0.1926212570491556,0.32682926829268294,0.7466605481942615,0.12012649112724894
21,pcg20,0.513335388191943,0.7974438547966597,0.2048587609897191,0.3878048780487805,0.6534508239474434,0.08218568431602506
21,poisson_pcg20,0.999999998428393,1.0,0.28166782791827855,1.0,1.1756992430832993e-06,3.8216085623071585e-07
21,cg40,0.5566979432512712,0.9241970276458055,0.22804364529276241,0.5097560975609756,0.5808735881414366,0.07021023777910626
21,pcg40,0.6690479911692174,0.9389099162288421,0.23825577229087044,0.5390243902439025,0.4771443280786827,0.05193991468497769
21,poisson_pcg40,1.0,1.0,0.28166782791827855,1.0,1.125269501490701e-12,1.242943131052608e-13
21,cg80,0.8310038248861625,0.9860282148670646,0.26898092364592885,0.7926829268292683,0.3148354430494761,0.03368570651827233
21,pcg80,0.9794076030907096,0.9977217685904477,0.28029433414734883,0.926829268292683,0.10027134469543175,0.01507338779431626
21,poisson_pcg80,1.0,1.0,0.28166782791827855,1.0,1.0849262336232938e-12,1.0707206013951842e-13
21,poisson,0.4719372120606542,0.7901770707886134,0.20858626479448802,0.4292682926829268,3.6498232709793865,7.314903911269738
21,amg,0.987092375451617,0.9970276458054869,0.2797275880777615,0.9097560975609756,0.17293140182746,0.07165659628708712
21,oracle,1.0,1.0,0.28166782791827855,1.0,1.0570685106558602e-12,1.043556309264175e-13
22,ensemble,0.2503498138602712,0.6446567764646719,0.152801394085531,0.21707317073170732,,
22,raw,0.11453404808899302,0.50020909704485,0.12287885791492952,0.11219512195121951,,
22,smoothed,0.12715425733511568,0.5229980281354631,0.1258973614742361,0.11707317073170732,,
22,prediction_magnitude,0.6103926072852937,0.9600280560591824,0.2642146610782299,0.6682926829268293,,
22,boundary_distance,0.5620551346736922,0.8663830181438006,0.20537168651879686,0.35574912891986066,,
22,jacobi1,0.04048979395660275,0.5389264587165676,0.1221764450606326,0.14390243902439023,0.9804326004390151,0.6157434897587803
22,jacobi5,0.11665429777081594,0.5577193864722152,0.1316773527807794,0.15853658536585366,0.9517337294107111,0.3747822276436473
22,jacobi10,0.14010316485455498,0.5638480473247489,0.13666279138417725,0.17073170731707318,0.9300261119695072,0.314912671312049
22,jacobi20,0.19199186514595468,0.594382171168429,0.15190062932746345,0.2146341463414634,0.8971701618845288,0.26839084089611476
22,jacobi40,0.279281046648032,0.6581488294535686,0.1710735125216418,0.26097560975609757,0.846674057510618,0.22836102665273356
22,jacobi80,0.42839728614075695,0.7954250095946429,0.19757094307782078,0.35365853658536583,0.7699953372963251,0.1886116043972533
22,cg5,0.12235862885690503,0.5301820997048821,0.13074204878985132,0.11707317073170732,0.9560560806677174,0.3599963806791634
22,pcg5,0.13749959574777085,0.5610464116035626,0.13519288737902618,0.17073170731707318,0.9282960759240898,0.31430615108992127
22,poisson_pcg5,0.9977226158177922,0.9999364768471342,0.29451705990006216,0.9853658536585366,0.039111215584626574,0.03657769726008702
22,cg10,0.18068553047615474,0.5502984264785675,0.14251833110811357,0.15365853658536585,0.9221261770678718,0.26761688747452733
22,pcg10,0.2558166040664191,0.6410551460370817,0.16836489985174866,0.2658536585365854,0.8475266632809194,0.23450648071338598
22,poisson_pcg10,0.9999942273130925,0.999999338300491,0.2945962163793811,0.9975609756097561,0.001760813295937768,0.0010555987260177822
22,cg20,0.29799784068890084,0.610223257414343,0.17196172344727448,0.21951219512195122,0.8413353355088848,0.19179904976475567
22,pcg20,0.557442442270756,0.9135509442451993,0.23483099050253284,0.5121951219512195,0.6287566631887453,0.14534127096117905
22,poisson_pcg20,0.9999999998253771,1.0,0.2945962371076147,1.0,5.709864007134879e-07,6.65493494723852e-07
22,cg40,0.49210882919837257,0.7749937138546643,0.20427453379168892,0.36829268292682926,0.678948184406205,0.12161961464723782
22,pcg40,0.7497513541454326,0.9790082447758823,0.27797412680122685,0.7463414634146341,0.4088709326246515,0.06920339879346263
22,poisson_pcg40,1.0,1.0,0.2945962371076147,1.0,6.934984640279828e-13,2.056292297118539e-13
22,cg80,0.7418142265883373,0.9813433823432103,0.27695682685548323,0.7731707317073171,0.40095729564723265,0.06383919450350341
22,pcg80,0.9629670489275746,0.9990180379286159,0.2936789081732594,0.9439024390243902,0.12810225552243265,0.027564242409807774
22,poisson_pcg80,1.0,1.0,0.2945962371076147,1.0,8.152559971468346e-13,1.2810205585340537e-13
22,poisson,0.7590134172484825,0.940823551208925,0.25576891547834396,0.551219512195122,3.313075581601599,7.118959002190012
22,amg,0.9612810700405283,0.9960344348424494,0.2917631981535148,0.8878048780487805,0.24180430340310186,0.08365572787623879
22,oracle,1.0,1.0,0.2945962371076147,1.0,8.521068198788071e-13,1.3363762866971817e-13
23,ensemble,0.44161913743114545,0.695113349125895,0.16399446051165364,0.22439024390243903,,
23,raw,0.14172586962390288,0.7048171724256581,0.1598801617595011,0.3097560975609756,,
23,smoothed,0.1774416612868815,0.7631479692442068,0.16142139287219773,0.33658536585365856,,
23,prediction_magnitude,0.6335022877148786,0.7143588793457115,0.1251320185206058,0.012195121951219513,,
23,boundary_distance,0.8102575680637845,0.8645090851342588,0.18698427340773294,0.3407084785133565,,
23,jacobi1,0.0029865922440233676,0.6256521048661382,0.12173740055779245,0.23414634146341465,0.9862982823878069,0.6014740590461943
23,jacobi5,0.08735587526185068,0.6203267472175535,0.13795093907673026,0.24634146341463414,0.9682204948854847,0.36879601428442743
23,jacobi10,0.11838311517054155,0.6334416314863094,0.14391275880986595,0.2731707317073171,0.9550493977772352,0.3116750399031582
23,jacobi20,0.15446488711587414,0.6766023053610895,0.15130831238379458,0.29024390243902437,0.9358881802777006,0.2698309314270033
23,jacobi40,0.2216132282589065,0.7539390971771899,0.16730017573007158,0.35609756097560974,0.9085672534525849,0.23983792557906633
23,jacobi80,0.32145875466369117,0.835872053782936,0.18789601913510937,0.44390243902439025,0.8696318742984578,0.21803963904676912
23,cg5,0.0951940207438705,0.6666470362478991,0.1445586536005757,0.26097560975609757,0.9791775815045018,0.40339616070780787
23,pcg5,0.13298407040860552,0.630600293794582,0.1402119081170049,0.25365853658536586,0.9542425871120658,0.31212319991076476
23,poisson_pcg5,0.9977362708119876,0.9995884229053902,0.2529288520743158,0.9707317073170731,0.050678127045028026,0.0491007548090656
23,cg10,0.09698892404073024,0.6607069597554358,0.14381604695815994,0.28536585365853656,0.9647451124054318,0.3015207850348046
23,pcg10,0.20726059739447966,0.7433115413628363,0.16591776396713045,0.35609756097560974,0.9108247870712043,0.24524169026334386
23,poisson_pcg10,0.9999996638507382,1.0,0.25315278105517036,1.0,0.0006432753207501002,0.0006781663546003927
23,cg20,0.18759801326670952,0.747905721053955,0.15648235759529094,0.34146341463414637,0.9290713062583762,0.24398240455075543
23,pcg20,0.4415494712387828,0.8889959371650146,0.2118073382585403,0.5536585365853659,0.816979475157489,0.2053805536227582
23,poisson_pcg20,0.9999999998253771,1.0,0.25315278105517036,1.0,4.471723040001336e-07,3.527740313261015e-07
23,cg40,0.4239125529470885,0.9596363299498432,0.22648182481890328,0.7024390243902439,0.7889211420572136,0.1951439334276034
23,pcg40,0.8895679322838297,0.9871676614215952,0.24477251991406027,0.7829268292682927,0.3372773507277372,0.11685639304930798
23,poisson_pcg40,1.0,1.0,0.25315278105517036,1.0,3.6334962721807734e-13,9.346563525553589e-14
23,cg80,0.8369744312403384,0.9943603350846314,0.2514096460173628,0.9073170731707317,0.3705190412132121,0.09472334438802146
23,pcg80,0.9998018886426661,0.9999437555417334,0.25313018207920523,0.9878048780487805,0.011510671910314843,0.005920723548953232
23,poisson_pcg80,1.0,1.0,0.25315278105517036,1.0,3.6392351677618953e-13,9.258269811346204e-14
23,poisson,0.8782597013829471,0.968281434035176,0.24391657232692915,0.7926829268292683,1.463407748515914,6.275735617220943
23,amg,0.997901190529276,0.9994620382991676,0.2528126921360657,0.9634146341463414,0.14218631623594652,0.07411215816443234
23,oracle,1.0,1.0,0.25315278105517036,1.0,3.8965735576784147e-13,9.889647965296839e-14
24,ensemble,0.1868062958406312,0.6219313685269245,0.1308224016655188,0.18292682926829268,,
24,raw,0.1923837018549041,0.7152528353823961,0.14936897682104847,0.24390243902439024,,
24,smoothed,0.22802693818809844,0.7559387530934452,0.16527705564859493,0.28780487804878047,,
24,prediction_magnitude,0.3505051074850623,0.725263025554835,0.14137814022540662,0.20243902439024392,,
24,boundary_distance,0.3328421515715066,0.734090758704657,0.17795731527305977,0.3664924506387921,,
24,jacobi1,0.1552947577451025,0.6776914627529347,0.1698127154026092,0.28780487804878047,0.9355445622541128,0.6367932477529176
24,jacobi5,0.26589446772564757,0.7468688379233223,0.18646938469172483,0.32926829268292684,0.8566879094222041,0.3721636229444958
24,jacobi10,0.3227796658481458,0.7667674655585406,0.2033956266357297,0.3975609756097561,0.8105493306125211,0.29619819691168375
24,jacobi20,0.3901150467268778,0.7954805923534005,0.21317857811187713,0.4292682926829268,0.7527425515614504,0.23587753278513196
24,jacobi40,0.4737681839113718,0.8364775088336884,0.22739602125565062,0.48048780487804876,0.6791096451973925,0.18049481887473148
24,jacobi80,0.5792854550054941,0.8980962905125525,0.24492247267081113,0.5414634146341464,0.5915445017848473,0.12555616675529566
24,cg5,0.23067712831621637,0.748710347656922,0.18875388726282633,0.348780487804878,0.8747598973066706,0.36350124226604535
24,pcg5,0.33179538532617003,0.7740309410690417,0.20405472008804454,0.3902439024390244,0.798097197604525,0.2893157326731097
24,poisson_pcg5,0.9907628947136228,0.9985945502428437,0.2959846834424411,0.9439024390243902,0.06899706655148725,0.03757666401240046
24,cg10,0.32677467479471045,0.7797877267975067,0.20505349396842523,0.3975609756097561,0.7865988349888897,0.24656843908833895
24,pcg10,0.4695930548398341,0.8307524846816564,0.22630572919733236,0.48048780487804876,0.6740540436689624,0.18777218316120434
24,poisson_pcg10,0.9999943794097196,1.0,0.2969653616320987,1.0,0.0013592302401604689,0.0006433244738925311
24,cg20,0.4737063792461607,0.8885095880258856,0.24182203357917828,0.5658536585365853,0.6427384248839423,0.13661125336189076
24,pcg20,0.640803643163697,0.9282492754390376,0.2520821599719646,0.5780487804878048,0.517386469220903,0.08845824332267713
24,poisson_pcg20,0.9999999996507541,1.0,0.2969653616320987,1.0,4.682641920069128e-07,2.509568144088984e-07
24,cg40,0.6722648075897691,0.958583566030994,0.2679771170585771,0.6926829268292682,0.4793550885805526,0.07473944274350598
24,pcg40,0.8318383474719285,0.9680769688868891,0.2749602978356149,0.7365853658536585,0.3470135237366345,0.0493423593775382
24,poisson_pcg40,1.0,1.0,0.2969653616320987,1.0,1.0694526528963412e-12,1.0561926210827929e-13
24,cg80,0.8918496420522006,0.9877420165954237,0.2897009912424293,0.8170731707317073,0.2388847395974827,0.02772838256321057
24,pcg80,0.9784270881738828,0.9972519619390442,0.2950401754437462,0.8926829268292683,0.10213526051939678,0.011662958767292323
24,poisson_pcg80,1.0,1.0,0.2969653616320987,1.0,1.0711199375232487e-12,1.0494589651596097e-13
24,poisson,0.5456216762957976,0.8306327170705239,0.2066891443197411,0.3878048780487805,4.097361731267115,7.047160552147364
24,amg,0.935181252170913,0.9804487646070167,0.28721100219618745,0.7902439024390244,0.24802069702353788,0.08281193897235689
24,oracle,1.0,1.0,0.2969653616320987,1.0,1.0557201904190382e-12,1.0339847036776418e-13
25,ensemble,0.4555298065803085,0.7200640525124731,0.1606069505550154,0.25365853658536586,,
25,raw,0.3116080770901562,0.7415646546590262,0.179669868662279,0.35609756097560974,,
25,smoothed,0.48174999068211716,0.807259505313447,0.18537004926041312,0.3878048780487805,,
25,prediction_magnitude,0.5830599018403643,0.7600856239164671,0.11152043981572057,0.041463414634146344,,
25,boundary_distance,0.6559703902140658,0.75038444741474,0.17323215354489846,0.2551684088269454,,
25,jacobi1,0.16231220309900213,0.6427583605732965,0.14262434806726154,0.2658536585365854,0.9912679451420339,0.581848956194515
25,jacobi5,0.22269420814926674,0.6695631459841457,0.14593661354948806,0.2804878048780488,0.9784174933564352,0.35473558192802396
25,jacobi10,0.22429964916564296,0.6824537141193441,0.15045167933960413,0.2951219512195122,0.967572623254979,0.3042934498584258
25,jacobi20,0.23694915700680205,0.7053167555549674,0.15740004797864013,0.3146341463414634,0.9511375010478756,0.2651922821263787
25,jacobi40,0.2534895946489033,0.7303667138678983,0.1682048235583294,0.375609756097561,0.9276997167681029,0.22993994316597263
25,jacobi80,0.28735510988927176,0.7759022272805474,0.17562229288725306,0.43902439024390244,0.8971188208150473,0.1961546285593754
25,cg5,0.2594713428231571,0.7096528724375687,0.16033711371248352,0.32682926829268294,0.9798228300747278,0.3688226270100226
25,pcg5,0.2221343015242324,0.6718248349059724,0.15066683701651482,0.28536585365853656,0.9677555064991811,0.3022609208108625
25,poisson_pcg5,0.999188342548957,0.9994051321413919,0.24937326981206973,0.9585365853658536,0.03163633763301581,0.0453979412979509
25,cg10,0.2510847746226244,0.6877056231224277,0.15146454054230865,0.2926829268292683,0.9650123998085219,0.27902455491713046
25,pcg10,0.26302815090986126,0.732204253404444,0.1716071918474537,0.3829268292682927,0.9252470653829323,0.23383323035443834
25,poisson_pcg10,0.9999995421385119,1.0,0.24963079470936117,1.0,0.0005349355014017207,0.0007749286194041442
25,cg20,0.297494173319663,0.798674615883435,0.1749332283292967,0.40487804878048783,0.9288790581200336,0.2146407086478636
25,pcg20,0.3509054067735058,0.8448241864404537,0.18239402037485367,0.4634146341463415,0.8588131261224796,0.17098050686852928
25,poisson_pcg20,1.0,1.0,0.24963079470936117,1.0,9.457036503760255e-08,2.0206837364307036e-07
25,cg40,0.46540444382548746,0.9403279382766698,0.21222384739182992,0.6390243902439025,0.8255214493710968,0.16230208278844954
25,pcg40,0.5783557590467563,0.9433909453039185,0.2007037273249529,0.6121951219512195,0.6892865478584617,0.1297794761260116
25,poisson_pcg40,1.0,1.0,0.24963079470936117,1.0,8.104835989824697e-13,1.4858754602376504e-13
25,cg80,0.705876834156101,0.9767558196471818,0.2347626870615164,0.7390243902439024,0.5377227144227704,0.10208944296603742
25,pcg80,0.9951284478890904,0.9962746317642233,0.24826391124682665,0.9024390243902439,0.06682395537330049,0.025877797041569253
25,poisson_pcg80,1.0,1.0,0.24963079470936117,1.0,8.087611904859905e-13,1.4796530532106074e-13
25,poisson,0.5112200277793052,0.7468820719135026,0.15978530591535572,0.2731707317073171,1.750155883562381,6.570688928000711
25,amg,0.9904048376003372,0.9927676243664227,0.24743381215262614,0.8658536585365854,0.20938509601038224,0.08475397618288918
25,oracle,1.0,1.0,0.24963079470936117,1.0,7.499796162977292e-13,1.37095978022705e-13
26,ensemble,0.27619898556893235,0.6796011275359634,0.14537915367094778,0.2097560975609756,,
26,raw,0.11923412565932057,0.6584538729272262,0.15112741724292073,0.22682926829268293,,
26,smoothed,0.14306375783037442,0.7441995421039398,0.1705729437742395,0.25365853658536586,,
26,prediction_magnitude,0.8387457342396742,0.9445786959226077,0.2671242073203081,0.5195121951219512,,
26,boundary_distance,0.7484337548720097,0.9474914971613091,0.25431751101766253,0.5777584204413473,,
26,jacobi1,0.12294386803955545,0.6088336884454032,0.1460863686483446,0.22439024390243903,0.9939637503911495,0.6683207638199481
26,jacobi5,0.18889630885269845,0.6179532310787026,0.16001025555413523,0.23658536585365852,0.9813920980214585,0.4600736539078873
26,jacobi10,0.2013156969418792,0.651503381284491,0.16852442282118152,0.275609756097561,0.9705144641658567,0.40110079597498227
26,jacobi20,0.21680249611414945,0.7004817172425658,0.1854692076417448,0.3439024390243902,0.9533774906729635,0.3511141752793394
26,jacobi40,0.2514674635314547,0.7462091235128303,0.19568100129408084,0.4073170731707317,0.9260217842483086,0.30844270162657883
26,jacobi80,0.3164915662542546,0.8024085862128291,0.21058352881084488,0.5048780487804878,0.8816096499610272,0.2690156679926124
26,cg5,0.15979432795600687,0.675611741196088,0.1645305416637548,0.28292682926829266,0.9806939950063861,0.43199138348966415
26,pcg5,0.20698418857947745,0.669260087609015,0.17042258555635045,0.28780487804878047,0.9671257645744655,0.3949646155675717
26,poisson_pcg5,0.9911612827534062,0.999614890885751,0.3026999568160806,0.9634146341463414,0.059115065832548074,0.040627886770113524
26,cg10,0.21788590867742724,0.6948109524502732,0.18262241068286772,0.3463414634146341,0.962052097335345,0.3448285882262265
26,pcg10,0.2562587802187185,0.7517310059155936,0.20060214902474452,0.4317073170731707,0.9237843953187842,0.3113171212515053
26,poisson_pcg10,0.9999977478872574,1.0,0.3028565959630998,1.0,0.0005066100959449658,0.0008931874574389521
26,cg20,0.2285622551017295,0.7430878869287879,0.1928732159149693,0.424390243902439,0.9114260687777791,0.27248882630894095
26,pcg20,0.4295197978399387,0.8884533435676191,0.22012701187970488,0.5487804878048781,0.7885882304726572,0.22707058111954856
26,poisson_pcg20,0.9999999996507541,1.0,0.3028565959630998,1.0,1.2427586246393566e-07,3.012427757157972e-07
26,cg40,0.3526087152463922,0.9216792610139883,0.24618158888871425,0.6560975609756098,0.7859061831524335,0.198192582422691
26,pcg40,0.7151927953444783,0.987543506742718,0.287138991681583,0.8048780487804879,0.5225209731401825,0.14144562587702111
26,poisson_pcg40,1.0,1.0,0.3028565959630998,1.0,6.649987035918274e-13,1.720315850461918e-13
26,cg80,0.6415815775969261,0.9976853751174517,0.3018276623658735,0.9243902439024391,0.45149651806670865,0.11839119887360836
26,pcg80,0.9549235490757109,0.9965307094742135,0.30148023360033105,0.9097560975609756,0.11417185225357818,0.046136831537687634
26,poisson_pcg80,1.0,1.0,0.3028565959630998,1.0,6.670371942143813e-13,1.7178221513857894e-13
26,poisson,0.7742256179223206,0.9606030729325199,0.28839771540676934,0.7682926829268293,2.1758886474881307,7.103709308276442
26,amg,0.9891637944327508,0.9941657954289798,0.29962424796379433,0.8658536585365854,0.25352640850195285,0.12125043913699793
26,oracle,1.0,1.0,0.3028565959630998,1.0,7.030631701359514e-13,1.8054841007865723e-13
27,ensemble,0.18421776945696888,0.6586589997750222,0.14263302660917257,0.22682926829268293,,
27,raw,0.302501570419502,0.7292987308603417,0.1680079234916711,0.3024390243902439,,
27,smoothed,0.2890607272273736,0.7440076492463242,0.15901444751591268,0.26097560975609757,,
27,prediction_magnitude,0.3152982628439725,0.7411795455447772,0.12579573484972972,0.15853658536585366,,
27,boundary_distance,0.30122790017773987,0.7413747468999378,0.12642675140089507,0.16231126596980255,,
27,jacobi1,0.23318583854603928,0.6450908513425883,0.16458135377787414,0.24878048780487805,0.8942053928540935,0.5746930031700687
27,jacobi5,0.3694516926374364,0.7170850813228696,0.18545845976944994,0.3024390243902439,0.7970946832678357,0.2890044913048752
27,jacobi10,0.4298715306322816,0.7542931064145151,0.19792115462746523,0.35609756097560974,0.7485262575879813,0.22224956447508834
27,jacobi20,0.500048196295355,0.8065084763707105,0.21859204518282302,0.43414634146341463,0.6888775509639329,0.17531565685921585
27,jacobi40,0.5837741324087088,0.8616386326641345,0.23659692329962048,0.5097560975609756,0.6119401335019271,0.133188646644499
27,jacobi80,0.681877967682844,0.9078583433691092,0.2588733111775827,0.6097560975609756,0.5229971045961416,0.09224112738913003
27,cg5,0.33302988414784207,0.7275564760530948,0.19761988920967494,0.37317073170731707,0.8273413764305702,0.3125522690713175
27,pcg5,0.4202179992747977,0.7460794304090627,0.19850564564780293,0.35365853658536583,0.7525129482338175,0.2236761864662094
27,poisson_pcg5,0.9843633749981001,0.9986785860804891,0.3033371159009422,0.9341463414634147,0.09041252676423292,0.04068074656601235
27,cg10,0.4169618801079321,0.7756686473538636,0.21734463669836765,0.4073170731707317,0.7344433702663882,0.18912806730532356
27,pcg10,0.5558527908400434,0.8480777629262999,0.23218890340469223,0.5024390243902439,0.6236172474534991,0.14310870172268877
27,poisson_pcg10,0.9999907097075186,0.999998676600982,0.30488533669929424,0.9975609756097561,0.0016174999805645641,0.000528752946714952
27,cg20,0.55601253211247,0.8702943239416117,0.24254980218708658,0.4951219512195122,0.6046669547650726,0.10529120885966835
27,pcg20,0.7374213291983726,0.9303832563556238,0.2709641499022639,0.675609756097561,0.4574215216071129,0.06640350248145559
27,poisson_pcg20,0.999999999476131,1.0,0.30488702436062715,1.0,3.883439158882336e-07,1.3375444895414135e-07
27,cg40,0.6880050013142825,0.9591307915249527,0.2761430931415271,0.6487804878048781,0.4333802698378929,0.05039885716730316
27,pcg40,0.8269338633853638,0.9693864722152377,0.2845408545394396,0.7048780487804878,0.33180842908811337,0.03235024774121888
27,poisson_pcg40,1.0,1.0,0.30488702436062715,1.0,2.1024366262313114e-12,1.635973955717082e-13
27,cg80,0.8496116688476381,0.9880510302661355,0.29514482525393454,0.8,0.27175454019247974,0.020362977301354314
27,pcg80,0.9445818197710779,0.9971844685891244,0.3026642665879555,0.9121951219512195,0.155627426862536,0.012551778467067527
27,poisson_pcg80,1.0,1.0,0.30488702436062715,1.0,2.1077067466940126e-12,1.6358422385755037e-13
27,poisson,0.5301116732201977,0.8513220756190198,0.23765683990043096,0.5317073170731708,4.03974545123097,7.1054633552746544
27,amg,0.9688096019707757,0.9934273387769146,0.30037178209295023,0.8560975609756097,0.18990108861772453,0.06627434791496405
27,oracle,1.0,1.0,0.30488702436062715,1.0,2.1296570429471483e-12,1.6558356295558214e-13
28,ensemble,0.2091740602740458,0.5828732316080621,0.13966464918403187,0.14878048780487804,,
28,raw,0.22054191200498713,0.7169004671598533,0.1960300918968408,0.3829268292682927,,
28,smoothed,0.29950907434670326,0.7881569021875786,0.19478411798552034,0.35609756097560974,,
28,prediction_magnitude,0.3804863142791429,0.791522305890449,0.10645886297452048,0.06341463414634146,,
28,boundary_distance,0.3829428431735632,0.8268504426769715,0.1437410180867654,0.21027874564459928,,
28,jacobi1,0.10516628254497618,0.564234479838016,0.14228654457290568,0.1926829268292683,0.9651951757597369,0.578573523826831
28,jacobi5,0.2139746066596125,0.6202301390892367,0.16588828220037916,0.24390243902439024,0.9213204462346039,0.36113955344728693
28,jacobi10,0.2640384596525332,0.642707409711102,0.17788041675669475,0.2634146341463415,0.8894428194657751,0.3082949215083473
28,jacobi20,0.34919604010511807,0.6834475867818907,0.1896588727493941,0.2780487804878049,0.8436864352683286,0.2594523182617971
28,jacobi40,0.4401400712495339,0.7362789989809827,0.21091856916891347,0.32682926829268294,0.7815231169461602,0.20775612233437932
28,jacobi80,0.5019695561505404,0.7989935550467822,0.23216350720969423,0.3902439024390244,0.7067853140943782,0.15678229482306452
28,cg5,0.1876730435281757,0.6700064846551884,0.18529533187898856,0.32439024390243903,0.9233755473860831,0.3631945058426442
28,pcg5,0.26049467582177305,0.6372609610523668,0.17692414906313547,0.25121951219512195,0.8827638284795624,0.3072005635857322
28,poisson_pcg5,0.9959374433872257,0.9994785807868931,0.31920362993848217,0.9609756097560975,0.0630725371920605,0.04358372972966065
28,cg10,0.24654720313057396,0.7052274261212498,0.1983424186437581,0.35121951219512193,0.8672348731394193,0.27098458763500005
28,pcg10,0.44996437621090574,0.7393737675846644,0.218863649489751,0.36097560975609755,0.7656893685714778,0.20502621720692504
28,poisson_pcg10,0.9999967001492984,1.0,0.31970934032063,1.0,0.0009932332732249269,0.000791253877591583
28,cg20,0.3952612088613374,0.8455864642748435,0.23646795566778933,0.4902439024390244,0.7364375423546006,0.18361987257869594
28,pcg20,0.521939204683629,0.8517945290684594,0.24122992079913202,0.43902439024390244,0.6435887089771603,0.12110961622342406
28,poisson_pcg20,0.9999999998253771,1.0,0.31970934032063,1.0,1.3332866286940084e-07,1.6176302281160091e-07
28,cg40,0.5920497229822747,0.9594861241612959,0.2824003101883806,0.6414634146341464,0.520773140581684,0.0968333424333168
28,pcg40,0.7306377008890854,0.9755998306049257,0.2986991388473703,0.7292682926829268,0.37871742785769313,0.06717483360870874
28,poisson_pcg40,1.0,1.0,0.31970934032063,1.0,2.910430799286088e-12,2.6982141882542764e-13
28,cg80,0.8689764978964776,0.9930289956724853,0.31224246238333203,0.8414634146341463,0.23902634826314573,0.03947828964824362
28,pcg80,0.9709339676911701,0.9990365655148684,0.3186790560478422,0.9512195121951219,0.1133770619803265,0.013393843684116263
28,poisson_pcg80,1.0,1.0,0.31970934032063,1.0,2.908671486548423e-12,2.694808288551672e-13
28,poisson,0.4770909971872566,0.8124822995381338,0.21800441640203105,0.43902439024390244,4.619506287496086,6.63604174809915
28,amg,0.8271619098385444,0.978330002779138,0.3003235276879781,0.7317073170731707,0.3617680808877162,0.09379063604086751
28,oracle,1.0,1.0,0.31970934032063,1.0,2.8982206723494097e-12,2.687368053177947e-13
29,ensemble,0.18309354837330719,0.6637944496645184,0.14684698871924454,0.24878048780487805,,
29,raw,0.2659434388232232,0.7242995910697034,0.20485663050034034,0.3902439024390244,,
29,smoothed,0.30974717293755993,0.7941499146407633,0.20963210367759116,0.4024390243902439,,
29,prediction_magnitude,0.23356297707322873,0.6765731905826926,0.07089151782561255,0.004878048780487805,,
29,boundary_distance,0.2727949036376448,0.7190463586676019,0.11784076330990018,0.136527293844367,,
29,jacobi1,0.13628408106479906,0.5940672022021359,0.15021182299744404,0.1951219512195122,0.961173710977659,0.5813999667047854
29,jacobi5,0.24111764149882742,0.6473022511017297,0.1661222753087464,0.24390243902439024,0.9054167623389975,0.37183471042993504
29,jacobi10,0.2900193370866939,0.7002362267247197,0.18123607663675476,0.28780487804878047,0.8648208988384102,0.32512972832908227
29,jacobi20,0.3586093375468605,0.7632081838995275,0.20691235303131922,0.36585365853658536,0.8054624361600778,0.28323551164253485
29,jacobi40,0.4595853085987827,0.8496909863292882,0.2310715646786432,0.4634146341463415,0.719305791008708,0.23506678749081636
29,jacobi80,0.5718376432523217,0.9267816259280336,0.2592518471567596,0.5756097560975609,0.6028494731898342,0.17530950570594434
29,cg5,0.23397034788420634,0.6987262284451385,0.18322145219241576,0.32195121951219513,0.9163728783833314,0.3946664396713587
29,pcg5,0.2834065733598738,0.6918108068763813,0.18245113335417165,0.28780487804878047,0.8643263474108297,0.32708598647407927
29,poisson_pcg5,0.9936386595064532,0.9993674152693779,0.3105260451780326,0.9536585365853658,0.06250776488579937,0.036881814800095426
29,cg10,0.30014955533861326,0.7599638712068075,0.198633285523192,0.3853658536585366,0.8368680965038502,0.30068613054995375
29,pcg10,0.4491870917244571,0.8492893347273136,0.23438023353354603,0.47560975609756095,0.6894269495985169,0.23243921007849386
29,poisson_pcg10,0.9999984624445454,1.0,0.311175895243797,1.0,0.0006533799397908824,0.0005622725277932152
29,cg20,0.4814626490707598,0.9088733904159443,0.2700881373081508,0.6634146341463415,0.6234652924546001,0.1843127022186794
29,pcg20,0.643912231047063,0.9530497730370684,0.2793232607403346,0.6780487804878049,0.47511396155968927,0.09653977063265493
29,poisson_pcg20,1.0,1.0,0.311175895243797,1.0,1.2792693957290545e-07,1.6054006300482666e-07
29,cg40,0.7076889903793069,0.9793840900970051,0.3033816127965452,0.8439024390243902,0.3863666253577322,0.07982959497931318
29,pcg40,0.768158253666133,0.9723978666807829,0.28792437048381936,0.6731707317073171,0.3728889624064445,0.03641072516993409
29,poisson_pcg40,1.0,1.0,0.311175895243797,1.0,1.6134415740817131e-12,1.5208071626215018e-13
29,cg80,0.8889653259713957,0.9973393062742347,0.3088071333934315,0.9024390243902439,0.20104027302004154,0.031037954304400487
29,pcg80,0.953235720232675,0.9949121924751532,0.30670132388508803,0.8585365853658536,0.14975528305474756,0.01755959417180007
29,poisson_pcg80,1.0,1.0,0.311175895243797,1.0,1.6137786158867313e-12,1.5197415984238937e-13
29,poisson,0.620284513172888,0.9109286290909572,0.2446035559022577,0.5219512195121951,4.429845778153117,6.933133150932694
29,amg,0.9725464163282613,0.9962514722814075,0.30790064619451996,0.8780487804878049,0.18236956012824232,0.08374209742957718
29,oracle,1.0,1.0,0.311175895243797,1.0,1.6647202916688168e-12,1.5671158558418377e-13
30,ensemble,0.12868848185619605,0.5777430753146381,0.11903619583680304,0.13658536585365855,,
30,raw,0.32719231781345637,0.6601114301973188,0.1712486420161317,0.24878048780487805,,
30,smoothed,0.36100399311795417,0.6794297473631274,0.1528747828588726,0.18536585365853658,,
30,prediction_magnitude,0.11093835617653541,0.5717871180339584,0.0826765643373109,0.07804878048780488,,
30,boundary_distance,0.1803289212694758,0.6318872993396238,0.1021457086512244,0.06114982578397212,,
30,jacobi1,0.19709331977783934,0.5535546497624498,0.13243150812446491,0.11463414634146342,0.9510934184513484,0.5821894530236903
30,jacobi5,0.24633864966749552,0.5722562629858529,0.14719358686329603,0.16097560975609757,0.903601017648403,0.3262891891569905
30,jacobi10,0.27610044109907766,0.5925691145137171,0.15483466810620392,0.1878048780487805,0.8746656994451677,0.27480569858929543
30,jacobi20,0.324237508700416,0.6303607585723171,0.15563073753872403,0.18536585365853658,0.8344443031873393,0.23267388835679534
30,jacobi40,0.38653068068713287,0.696023847650305,0.16372463157963332,0.2121951219512195,0.7783807711995706,0.19008243740159791
30,jacobi80,0.4778945084756692,0.7873033098209441,0.17572908235262424,0.24146341463414633,0.7007953434694327,0.14447321705060964
30,cg5,0.2896131580674482,0.6301033574633088,0.1603522979606817,0.22195121951219512,0.9082594076046849,0.3616172726004274
30,pcg5,0.2677503753905408,0.5886432513267075,0.15152447575876762,0.17560975609756097,0.8745970977220264,0.27681009810812957
30,poisson_pcg5,0.9922263785870638,0.9988327620660905,0.27837313731734875,0.9439024390243902,0.06654326693362471,0.038724163229227226
30,cg10,0.3097764495300993,0.6533773142940328,0.1724268815716573,0.24878048780487805,0.8524242415691617,0.2550321162619746
30,pcg10,0.3704387438675199,0.6723178010401917,0.15714137608527806,0.1878048780487805,0.7835175388425163,0.19290884558420868
30,poisson_pcg10,0.9999971501527517,1.0,0.2790572940145551,1.0,0.0011142236421680534,0.0008670551808937254
30,cg20,0.46607077129048236,0.7610894220716489,0.2113328131132416,0.4146341463414634,0.711550058388051,0.16018407777265034
30,pcg20,0.535938849835737,0.8530861665100644,0.19319950724869775,0.32195121951219513,0.6202212914194348,0.09744646521595987
30,poisson_pcg20,0.9999999987776391,1.0,0.2790572940145551,1.0,1.1702776886610722e-06,4.812792065780572e-07
30,cg40,0.6401543369003363,0.8481796646506888,0.2393827041123535,0.5439024390243903,0.5506571881738855,0.0853940577476364
30,pcg40,0.7024478246054248,0.9565759697206304,0.24511069545756062,0.6414634146341464,0.45095610468246217,0.05021032000733029
30,poisson_pcg40,1.0,1.0,0.2790572940145551,1.0,9.363384674258072e-13,1.0993175926610773e-13
30,cg80,0.8661017432976623,0.9687366832973809,0.2645625165260065,0.7268292682926829,0.30860197521535676,0.0380039196820858
30,pcg80,0.994614240275986,0.9990808993819726,0.2785714425050714,0.9512195121951219,0.053416412403620696,0.010206053733692938
30,poisson_pcg80,1.0,1.0,0.2790572940145551,1.0,9.396277297489794e-13,1.0957740511942355e-13
30,poisson,0.6751543897761786,0.9106871087701653,0.22661820360393958,0.45365853658536587,3.3522226957737975,6.713046717157696
30,amg,0.977636250673067,0.9985528631737756,0.2783462547808019,0.9365853658536586,0.11740119240168725,0.0604086264270702
30,oracle,1.0,1.0,0.2790572940145551,1.0,9.15036638980274e-13,1.066557107258211e-13
31,ensemble,0.23686656137878068,0.57676376004129,0.1301797777721917,0.13658536585365855,,
31,raw,0.1639805031542221,0.6881430064978892,0.17027939552379207,0.3170731707317073,,
31,smoothed,0.21678621024993944,0.726448791074997,0.1670224150657116,0.3,,
31,prediction_magnitude,0.32508062937311855,0.6511930442147612,0.07601339275422674,0.024390243902439025,,
31,boundary_distance,0.2735201617900906,0.6307809377605442,0.07553110504021261,0.03159117305458769,,
31,jacobi1,0.07140959375092201,0.6304481029075076,0.13494024855542222,0.22682926829268293,0.9579687915712556,0.5961733478996348
31,jacobi5,0.19375989798049767,0.7014980876884189,0.1579020911195661,0.3048780487804878,0.9054094704591994,0.3656397633201987
31,jacobi10,0.23862606318161642,0.7553921892989955,0.1741379843332809,0.35609756097560974,0.8660392927173051,0.30134988101759286
31,jacobi20,0.3119840545388679,0.8371967761999921,0.19884980481083614,0.4585365853658537,0.8075499038679781,0.24881590516561233
31,jacobi40,0.4250912389423133,0.9184686949962283,0.22591436639702728,0.5853658536585366,0.7237717132061487,0.20179758583087568
31,jacobi80,0.5486781931742136,0.9537187512406866,0.2483107871608612,0.6780487804878049,0.6143333261367566,0.15428714927174217
31,cg5,0.1535249311831739,0.6975629607082832,0.16473594389916657,0.33170731707317075,0.9246321103577829,0.3771658170354311
31,pcg5,0.2374320938327853,0.7477548535658987,0.17423899059916195,0.35365853658536583,0.8592510214447362,0.2988844538365148
31,poisson_pcg5,0.9955144207579297,0.9989737040615115,0.27668326471970855,0.9536585365853658,0.04923113770709495,0.038564211641688384
31,cg10,0.20608056330974778,0.7500258062808517,0.17645001105518035,0.3878048780487805,0.8726678785486913,0.280944773198576
31,pcg10,0.4003530606255828,0.9106705662824398,0.22411353820544908,0.5780487804878048,0.7179353505994419,0.20921687972851297
31,poisson_pcg10,0.9999992725206106,0.999999338300491,0.27703187584746836,0.9975609756097561,0.00045105811965526064,0.0005904673018121133
31,cg20,0.34982492368556106,0.8919874806452893,0.22529160808949217,0.5756097560975609,0.7334362713213003,0.1943531811979608
31,pcg20,0.6358285614457242,0.9564515702129349,0.25692809401331124,0.7097560975609756,0.48461163681561914,0.10968611500120208
31,poisson_pcg20,1.0,1.0,0.27703207709652083,1.0,8.976144111171351e-08,1.1965327716741468e-07
31,cg40,0.6501859775040323,0.977214377406932,0.2626639184836538,0.724390243902439,0.48715689988859734,0.0979790591375065
31,pcg40,0.7445787827279812,0.9655850085359237,0.25933379895216196,0.6804878048780488,0.4048036371155097,0.04216501080894359
31,poisson_pcg40,1.0,1.0,0.27703207709652083,1.0,1.995132390214163e-12,2.013416385522703e-13
31,cg80,0.889869771096078,0.9888748461548642,0.2725500364463055,0.8390243902439024,0.24738554125823423,0.03777584448821969
31,pcg80,0.9731710864305025,0.9964519672326403,0.27450485329277,0.8975609756097561,0.12554258404746935,0.015669457877599876
31,poisson_pcg80,1.0,1.0,0.27703207709652083,1.0,1.9951445455339086e-12,2.0134454870507978e-13
31,poisson,0.5583853271549204,0.8814406521710361,0.23346999463265286,0.6121951219512195,2.7063440385535276,6.661291173755726
31,amg,0.9921397238475664,0.9978501382951974,0.2759911464432052,0.9243902439024391,0.14965935840344086,0.07215304645922319
31,oracle,1.0,1.0,0.27703207709652083,1.0,2.043029621399294e-12,2.0621647729463604e-13
32,ensemble,0.34093786031708406,0.721006974312825,0.15564059757004933,0.26097560975609757,,
32,raw,0.1773277669320601,0.7654592856292101,0.18067802922590154,0.3780487804878049,,
32,smoothed,0.26261540466908917,0.8447858078689305,0.1828448481408775,0.3853658536585366,,
32,prediction_magnitude,0.5787309869515349,0.7797963288911239,0.170012894079958,0.2926829268292683,,
32,boundary_distance,0.5677398504049627,0.8010018130566547,0.17525624242035637,0.3382113821138212,,
32,jacobi1,0.08350298253976822,0.6461469237589825,0.14116926849960368,0.25853658536585367,0.9789190300620969,0.5513584972996409
32,jacobi5,0.18200613746735528,0.6406607731297064,0.14711104126158028,0.24634146341463414,0.9585534992777848,0.32428801429147514
32,jacobi10,0.20294680387116545,0.6437753927186586,0.15598884956871067,0.2658536585365854,0.9457336030021831,0.27045921008928964
32,jacobi20,0.23085319596538745,0.6476284689596761,0.1624830340854757,0.2804878048780488,0.9276157197201348,0.22567952967121235
32,jacobi40,0.2674673396329486,0.659663459629713,0.17259927023548047,0.3024390243902439,0.9018124508234983,0.18840621277172007
32,jacobi80,0.3023558113847598,0.6929476066328759,0.1760446407399877,0.3073170731707317,0.8649355864133306,0.15898144085205781
32,cg5,0.15309225749029265,0.7013492052988897,0.1572251583623548,0.275609756097561,0.9673839938631447,0.35515063079860265
32,pcg5,0.21045082187638858,0.6467517171102259,0.1595194237714519,0.2707317073170732,0.9453806971709448,0.27255387097957584
32,poisson_pcg5,0.9986504581534578,0.9994269682251896,0.27470088678552673,0.9634146341463414,0.04258323590832413,0.04443875111208657
32,cg10,0.19242472952714443,0.6719624684038484,0.15447496003489838,0.28780487804878047,0.948710485377477,0.25164062816296473
32,pcg10,0.2713075063551593,0.666119661739211,0.170436305155557,0.2951219512195122,0.903899450769012,0.1930050845529916
32,poisson_pcg10,0.9999994731624298,0.999999338300491,0.2749257063343752,0.9975609756097561,0.00041520315735322344,0.0008006909023227496
32,cg20,0.227440985670521,0.7346776861691569,0.16764556869129457,0.34146341463414637,0.9096834321776683,0.18024614377297155
32,pcg20,0.3247019347906335,0.7287693712531266,0.1760227875125688,0.2926829268292683,0.8205233935270564,0.14042841775734632
32,poisson_pcg20,1.0,1.0,0.27492570792941895,1.0,1.214056840434113e-07,1.902265093744097e-07
32,cg40,0.3461056622567236,0.8743809801093128,0.18849766980554222,0.48292682926829267,0.8166611145755894,0.13262976864805545
32,pcg40,0.6068657274841393,0.9544936013657478,0.24325760078224637,0.6634146341463415,0.5615106349649812,0.09849850177155352
32,poisson_pcg40,1.0,1.0,0.27492570792941895,1.0,9.832539489150524e-13,1.4373371952829361e-13
32,cg80,0.6149700300144795,0.9898402657385228,0.25268349509665217,0.8292682926829268,0.5476320121412461,0.08333571001622435
32,pcg80,0.9271428953154435,0.9982074560300677,0.27377647671636524,0.9317073170731708,0.21266040851218826,0.03549088625295988
32,poisson_pcg80,1.0,1.0,0.27492570792941895,1.0,9.822260414636735e-13,1.4355853316065527e-13
32,poisson,0.5058853878887974,0.7733804904516761,0.1640908725143344,0.35853658536585364,2.0860178003912297,6.491483677612665
32,amg,0.9846327809072082,0.9951504042984,0.27167282808114357,0.8975609756097561,0.18616521658857663,0.08231821087531842
32,oracle,1.0,1.0,0.27492570792941895,1.0,9.380506313631095e-13,1.3707212716710199e-13
33,ensemble,0.12414787576577073,0.6184620780011382,0.11692908159742518,0.12195121951219512,,
33,raw,0.3402304213608121,0.775714966319495,0.18613563974370348,0.32439024390243903,,
33,smoothed,0.3488449382256494,0.8085299683707635,0.18763281519767186,0.3439024390243902,,
33,prediction_magnitude,0.27420390075915463,0.698220028320739,0.12698104293602225,0.13658536585365855,,
33,boundary_distance,0.344449466052404,0.7907639982531133,0.14193557353924827,0.19819976771196282,,
33,jacobi1,0.28644215276678814,0.6718188796103913,0.18365453793713923,0.2731707317073171,0.8910902375892411,0.5536336230895866
33,jacobi5,0.411426431284092,0.7276411735902492,0.2069117676087036,0.36097560975609755,0.7894896627861895,0.27156207307098296
33,jacobi10,0.46802073613817535,0.7510143853473261,0.21729654185765926,0.3878048780487805,0.739870202021673,0.20961291182064165
33,jacobi20,0.5275006183749433,0.7749268822042534,0.2318778114697093,0.44390243902439025,0.6842881679512749,0.16242412038077603
33,jacobi40,0.588955423625323,0.8072336990325953,0.2421914301426049,0.4853658536585366,0.6256857524437207,0.1214671226670576
33,jacobi80,0.6402623827818711,0.8496698119449996,0.2511663494167191,0.526829268292683,0.5701700221847359,0.09057842955270433
33,cg5,0.34875638655657765,0.7518057779601127,0.2031152078323269,0.35365853658536583,0.8341166506847463,0.3004761107194941
33,pcg5,0.45917144581859237,0.743269192594259,0.2166176895431665,0.3853658536585366,0.7418472599936534,0.20800454633335363
33,poisson_pcg5,0.9891460165896873,0.9988956235194474,0.30778401064174377,0.9439024390243902,0.07231579167813451,0.03720868233294593
33,cg10,0.3915993138797173,0.7821890343157365,0.22129536987915543,0.4317073170731707,0.7507871908887003,0.18854507394725467
33,pcg10,0.5641197283204297,0.7975828116935537,0.2381007045714996,0.4658536585365854,0.6335265401208245,0.12413242528393674
33,poisson_pcg10,0.9999960126585745,0.999998676600982,0.30883483201670947,0.9975609756097561,0.001198776807540606,0.0003295735067176192
33,cg20,0.5274792169301491,0.901920251975173,0.2524576606225188,0.551219512195122,0.6135661078747335,0.11232800832476178
33,pcg20,0.6481711583751759,0.8693831637176925,0.25294488472299587,0.5219512195121951,0.5508601774234537,0.07524256875253667
33,poisson_pcg20,0.9999999996507541,1.0,0.30883489359240346,1.0,3.8147592629165556e-07,1.3873248889869113e-07
33,cg40,0.76136003455803,0.9800332173153528,0.293064387532834,0.7634146341463415,0.37082695160932827,0.05653089337095085
33,pcg40,0.818605131018654,0.9755290287574606,0.29318301664424473,0.7463414634146341,0.32057767869832937,0.03861565925985982
33,poisson_pcg40,1.0,1.0,0.30883489359240346,1.0,2.4668389986316864e-12,1.6826770384743628e-13
33,cg80,0.9727664360609389,0.9985038974101081,0.307828081206267,0.9317073170731708,0.10163286999907159,0.015133501402984625
33,pcg80,0.9945618951129366,0.9995970249990075,0.3085431795283698,0.9658536585365853,0.04420442980567899,0.005229281906843937
33,poisson_pcg80,1.0,1.0,0.30883489359240346,1.0,2.4695926021354876e-12,1.6826982531810552e-13
33,poisson,0.40733376827031487,0.8532873231608062,0.20283371164569694,0.4878048780487805,5.2467727016297125,7.127388636485585
33,amg,0.8468401618397519,0.9795296639889893,0.2954026308604583,0.7682926829268293,0.32060817565586963,0.06704233027759506
33,oracle,1.0,1.0,0.30883489359240346,1.0,2.472696874589894e-12,1.686226428065855e-13
34,ensemble,0.36456382584952274,0.6702096264044572,0.13713478322817238,0.17073170731707318,,
34,raw,-0.018208263945140777,0.6104839670208965,0.15609617918552413,0.29024390243902437,,
34,smoothed,-0.00021416392522537262,0.6492919815253497,0.1611695530330267,0.3195121951219512,,
34,prediction_magnitude,0.53021137561512,0.6947527228934797,0.11260993000296453,0.041463414634146344,,
34,boundary_distance,0.4965309867164142,0.6749030610219288,0.11010509667542268,0.026713124274099883,,
34,jacobi1,-0.03820774035555812,0.5903755806413191,0.1305048217592895,0.22926829268292684,0.9769304975122569,0.5768599832531254
34,jacobi5,0.09731588638687201,0.6377843653640008,0.1511834058911468,0.2707317073170732,0.9464051895725704,0.3329449913858694
34,jacobi10,0.14820125744201287,0.6923037730106004,0.1580639015487677,0.3024390243902439,0.9248820346895026,0.27860205772721763
34,jacobi20,0.20641072963856788,0.7556125352354989,0.16758932523073905,0.33902439024390246,0.8933750082446191,0.23797227688856554
34,jacobi40,0.2990679747451566,0.830461336897688,0.1872366500695819,0.4170731707317073,0.8467517124826162,0.19803407658180927
34,jacobi80,0.4215049314441305,0.900873443351905,0.21076573628260573,0.551219512195122,0.7800421158345741,0.15716143640808888
34,cg5,-0.000540714335726311,0.6134351468311211,0.14561282303667392,0.26097560975609757,0.965083604530793,0.35191410975266874
34,pcg5,0.1521853920909251,0.6885678175826794,0.15876111364614634,0.2975609756097561,0.9248346518063656,0.27956863052922803
34,poisson_pcg5,0.9910392773351759,0.9995937165014623,0.27437886341017315,0.9634146341463414,0.08368594462673207,0.04158704012559157
34,cg10,0.06324510723137006,0.6372722099440202,0.14873464323020047,0.29024390243902437,0.9402198771757098,0.26137550751328786
34,pcg10,0.29702554387937746,0.8178321400685521,0.18661881153824525,0.4024390243902439,0.8369457209817992,0.20195379012457454
34,poisson_pcg10,0.9999979963757766,0.999998676600982,0.2746764289094358,0.9975609756097561,0.0009028510110252734,0.0009167380964898206
34,cg20,0.16770341891843715,0.7548304064158384,0.16480887153278517,0.3804878048780488,0.8813988704682244,0.1814424577687886
34,pcg20,0.5242101398640768,0.9355412040284267,0.22287744547232496,0.6439024390243903,0.6951092426761812,0.12562508491257215
34,poisson_pcg20,0.9999999998253771,1.0,0.2746764553333086,1.0,1.1714759082658268e-07,2.1152662814049295e-07
34,cg40,0.341913889169217,0.9252398660720194,0.1914502952604453,0.5219512195121951,0.7784585518783573,0.11727055137291202
34,pcg40,0.7061619517690175,0.986007040482776,0.26178207462365843,0.8,0.48305389029394064,0.0648768432732459
34,poisson_pcg40,1.0,1.0,0.2746764553333086,1.0,1.2261063996812532e-12,1.5785265470257244e-13
34,cg80,0.5976135763314263,0.9849066341992774,0.24807041787923878,0.7707317073170732,0.5903752570736994,0.07532705665837194
34,pcg80,0.9629946456469198,0.9977905853393857,0.27307355623300233,0.9146341463414634,0.16805083904930504,0.027453505736599354
34,poisson_pcg80,1.0,1.0,0.2746764553333086,1.0,1.228496001168819e-12,1.5772607399300997e-13
34,poisson,0.4508628752480485,0.8053339597422019,0.13880082102739985,0.2658536585365854,2.1465894571959314,6.700724883547398
34,amg,0.995435786277885,0.9971182986382224,0.27279404679033936,0.9341463414634147,0.14758295120031814,0.07688763028791565
34,oracle,1.0,1.0,0.2746764553333086,1.0,1.2007700769852922e-12,1.5416231293232152e-13
35,ensemble,0.20940864915228777,0.6836037478660191,0.15760530864840883,0.26097560975609757,,
35,raw,0.13441128107004055,0.5377605441816762,0.1294487632652321,0.17560975609756097,,
35,smoothed,0.12637530432596755,0.5379835369162156,0.1280762856574109,0.16341463414634147,,
35,prediction_magnitude,0.45974777593082594,0.8770439897833596,0.21545081320510165,0.4121951219512195,,
35,boundary_distance,0.4348168544643916,0.8856887630189378,0.20276347188204655,0.45673635307781646,,
35,jacobi1,0.1565303065748323,0.566330082183079,0.1421156021963921,0.17560975609756097,0.9485895115197962,0.5805364282467435
35,jacobi5,0.24027227761915493,0.6268133875044665,0.1593392634804213,0.23658536585365852,0.8915877325205516,0.3096307561715861
35,jacobi10,0.2900827406000303,0.6548204809232031,0.17155192602670172,0.2731707317073171,0.8569492902426978,0.24398914685771234
35,jacobi20,0.35348922933760163,0.7082699204637191,0.18442043314896583,0.3121951219512195,0.8099772752983626,0.1926820757139424
35,jacobi40,0.43187330228033605,0.7818475973690827,0.20701597197683222,0.3926829268292683,0.7491334551246506,0.1515768595658508
35,jacobi80,0.513277452823014,0.8627198496618715,0.2312901733082064,0.5097560975609756,0.677367073513866,0.11856669640956713
35,cg5,0.19191726166308368,0.5842978706509799,0.15115232458218547,0.2073170731707317,0.915796662083918,0.3321084549302057
35,pcg5,0.28133336431843725,0.6459861307782909,0.17238246737614876,0.28292682926829266,0.856547538326303,0.24153961799394988
35,poisson_pcg5,0.996458914269107,0.9998458240143986,0.29953736647330764,0.9829268292682927,0.03898282390054276,0.041096197541642475
35,cg10,0.25893464813411005,0.6347895133861811,0.170008615809295,0.25609756097560976,0.8691955321002903,0.2204787847721123
35,pcg10,0.409809769518045,0.759770654950174,0.20235165025179283,0.375609756097561,0.7560132802412036,0.1538957831191695
35,poisson_pcg10,0.9999964719170464,1.0,0.2996448671405564,1.0,0.000973513390105571,0.0007181101578014966
35,cg20,0.36398025344334195,0.6917902941916018,0.1925343347934257,0.32926829268292684,0.7838292186550118,0.14338012621309779
35,pcg20,0.5578665922660958,0.9026898085041621,0.24330987522640818,0.5853658536585366,0.6142831761681002,0.09367797695315298
35,poisson_pcg20,0.9999999989522621,1.0,0.2996448671405564,1.0,7.524989587006868e-07,2.489518521534656e-07
35,cg40,0.562079607367604,0.8456202109498034,0.23111243587019742,0.44390243902439025,0.6343603495260013,0.08298245722186666
35,pcg40,0.7709208865081302,0.9690629011553273,0.2788305157556647,0.7390243902439024,0.4002390665636937,0.04983293145607744
35,poisson_pcg40,1.0,1.0,0.2996448671405564,1.0,1.5960055459642513e-12,1.6502899542042145e-13
35,cg80,0.727057447744698,0.9658979924036897,0.2728016688331262,0.651219512195122,0.43187284696789374,0.043431290266700805
35,pcg80,0.979114333727227,0.998114818098805,0.29832182398173307,0.9195121951219513,0.10653660665472037,0.014259807507635409
35,poisson_pcg80,1.0,1.0,0.2996448671405564,1.0,1.5986167329277808e-12,1.6457995011988216e-13
35,poisson,0.19830359123081887,0.5597600677580298,0.1426425817453178,0.12926829268292683,3.6552702260975196,6.891074101656413
35,amg,0.9667225308322739,0.9959120204332809,0.29686744848713087,0.8926829268292683,0.23306763372685876,0.07170986857528604
35,oracle,1.0,1.0,0.2996448671405564,1.0,1.571960970324411e-12,1.6190971375537365e-13
36,ensemble,0.23200800418715203,0.6707515583023438,0.1366688409958799,0.1951219512195122,,
36,raw,0.1296011883946844,0.6099493138176092,0.13014292512597073,0.1878048780487805,,
36,smoothed,0.10261449194962857,0.5984317721636251,0.13202637810182377,0.1951219512195122,,
36,prediction_magnitude,0.3967717757385618,0.7597051466987812,0.11997666055331639,0.15609756097560976,,
36,boundary_distance,0.35029930448357877,0.7214020089197094,0.1277450964524287,0.13548199767711963,,
36,jacobi1,0.14064018975568204,0.6463242592273997,0.14337674349850155,0.23902439024390243,0.9244704131019558,0.5763759103984779
36,jacobi5,0.26628265341705626,0.718944456943213,0.15870844210961146,0.29024390243902437,0.8471807098437202,0.30226752204794755
36,jacobi10,0.33048609809587737,0.7560876354829744,0.1702433985218812,0.32439024390243903,0.8011868338675391,0.23302401953854254
36,jacobi20,0.4027353940997881,0.8013703796831783,0.1854882246353972,0.37073170731707317,0.7424832287366626,0.18219575485697548
36,jacobi40,0.4899588071693328,0.850560459484139,0.20330141813317476,0.44390243902439025,0.6664502954741311,0.14039916313492004
36,jacobi80,0.6072518962799771,0.8980367375567407,0.218250829023462,0.5073170731707317,0.5665054430600694,0.10286607267359382
36,cg5,0.19165601553719955,0.6701421330545373,0.1599144379647319,0.2951219512195122,0.8657515566410713,0.30776433858413754
36,pcg5,0.32350943925986453,0.7500602146553207,0.17041363618482075,0.32195121951219513,0.8011089404808897,0.2330751825696029
36,poisson_pcg5,0.9905032935363342,0.9980307822611596,0.2575093608847845,0.9243902439024391,0.07857256022799551,0.03856742793093383
36,cg10,0.28360101012556316,0.7316596747085213,0.17706534138448402,0.35121951219512193,0.7926217405582978,0.19287105827484255
36,pcg10,0.4621861095818794,0.8365053002130672,0.20043826946727725,0.424390243902439,0.6739215689899147,0.1477802081476754
36,poisson_pcg10,0.9999888091108611,0.999999338300491,0.25844419086673875,0.9975609756097561,0.0023182908379426764,0.0008973078448690327
36,cg20,0.4476039766070009,0.8057872239058799,0.2007996106652494,0.44146341463414634,0.6775516532312713,0.12043512506933383
36,pcg20,0.714831059623219,0.9229113454997816,0.22677764534309625,0.5439024390243903,0.4537499174366791,0.07517410745194876
36,poisson_pcg20,0.999999999476131,1.0,0.25844436908420715,1.0,1.2920233661461688e-06,3.848112229914036e-07
36,cg40,0.6857207245879121,0.9084856345036592,0.2345606822254166,0.6048780487804878,0.4834970182972351,0.06193011356086536
36,pcg40,0.9280201095559514,0.9861049720101107,0.2520881457079299,0.7853658536585366,0.2115290456288827,0.03028633551247804
36,poisson_pcg40,1.0,1.0,0.25844436908420715,1.0,1.3899151155215323e-12,1.3217049781933104e-13
36,cg80,0.9436556426402751,0.9855074573534667,0.2515853834899907,0.7682926829268293,0.19690206617116798,0.025794716042612742
36,pcg80,0.9871521237564608,0.9967881105832219,0.2568029812777342,0.8902439024390244,0.08855954790289307,0.007979910403246764
36,poisson_pcg80,1.0,1.0,0.25844436908420715,1.0,1.430986666126976e-12,1.2463636243296034e-13
36,poisson,0.5340293110840729,0.8396761642602861,0.1946397431433819,0.40487804878048783,4.5077625080140145,6.97575215674501
36,amg,0.9806455191097345,0.9947758823762953,0.25547694896177037,0.8707317073170732,0.16999716108276802,0.07375179404383958
36,oracle,1.0,1.0,0.25844436908420715,1.0,1.4229599194804471e-12,1.239159868912112e-13
37,ensemble,0.16028280871277653,0.6199733996797374,0.12591125351493201,0.18048780487804877,,
37,raw,0.03526895971243589,0.5766625200164102,0.12123572717222177,0.17073170731707318,,
37,smoothed,0.01442826881390922,0.6329149186771303,0.11814692869519863,0.18048780487804877,,
37,prediction_magnitude,0.33327046224550305,0.732345857099374,0.12336287218964018,0.2146341463414634,,
37,boundary_distance,0.3309403920847191,0.7299458729801622,0.1210637243878046,0.16062717770034846,,
37,jacobi1,0.04878586955349488,0.6039893863398753,0.13481114144617498,0.2097560975609756,0.9346369532846831,0.5474369425708565
37,jacobi5,0.1816990451223579,0.661828540423223,0.15978656138960443,0.28292682926829266,0.8708527139136348,0.28111827406968043
37,jacobi10,0.24452097605619807,0.685486282969178,0.16920399124126126,0.32439024390243903,0.8332712396884717,0.2152529984305293
37,jacobi20,0.3188739683552962,0.7248666675489327,0.1843723416712343,0.3878048780487805,0.7832559661785867,0.1657944098981854
37,jacobi40,0.4053891821600568,0.7791306591850509,0.20592867003292403,0.4585365853658537,0.7169897354477807,0.1271931026668037
37,jacobi80,0.5203620260494478,0.8556370181173325,0.2270246791895025,0.5439024390243903,0.6312889955323386,0.09549567051138821
37,cg5,0.09038899685013649,0.6104813202228604,0.14790531284666736,0.22926829268292684,0.9064306715689652,0.3093113317558063
37,pcg5,0.2447482286732519,0.6808722522927888,0.1677449235633372,0.32439024390243903,0.835530793840058,0.21497594519452398
37,poisson_pcg5,0.9897290560464931,0.9990372272143774,0.2758903779508686,0.9463414634146341,0.07133464908305372,0.04304332869636529
37,cg10,0.17077833791711705,0.6605038180061671,0.15897974853394284,0.2634146341463415,0.8564083090421656,0.2000113049334505
37,pcg10,0.3812879499419861,0.7633180260180247,0.20100031921002504,0.43902439024390244,0.7299746914769143,0.13431542666312418
37,poisson_pcg10,0.9999922823621948,1.0,0.27665416759805117,1.0,0.0020530410709251787,0.0008868193145950388
37,cg20,0.30210058154485864,0.7488446726572529,0.19089343937435643,0.4024390243902439,0.76434931621939,0.12600297211432204
37,pcg20,0.6240263028886947,0.9205662824398184,0.23998729690077336,0.6048780487804878,0.5301525284545772,0.07399694696211075
37,poisson_pcg20,0.999999999476131,1.0,0.27665416759805117,1.0,1.1308449491205797e-06,3.711587293766462e-07
37,cg40,0.4586966478210739,0.8885843600704049,0.22477010928240335,0.5439024390243903,0.6217683948573052,0.07309284986394102
37,pcg40,0.815159848002,0.97599486521181,0.2595838019388607,0.7292682926829268,0.3479838645600021,0.03913945889086049
37,poisson_pcg40,1.0,1.0,0.27665416759805117,1.0,1.4407870047007303e-12,1.4251806927095572e-13
37,cg80,0.7482744236030273,0.9820540476158967,0.25910011859096505,0.7658536585365854,0.3803944879676712,0.037930474387359824
37,pcg80,0.9596320899240242,0.9984357423606792,0.2754090176705654,0.9439024390243902,0.13926545389046296,0.014958412071136728
37,poisson_pcg80,1.0,1.0,0.27665416759805117,1.0,1.4155403752462658e-12,1.348045154189568e-13
37,poisson,0.527415296532753,0.8780011381231555,0.21256586893205237,0.5121951219512195,3.1475943153023045,6.785387402812887
37,amg,0.9719938138337844,0.9952642166139513,0.27408965798034907,0.8829268292682927,0.16050114876890634,0.06415401000045873
37,oracle,1.0,1.0,0.27665416759805117,1.0,1.4312164051468842e-12,1.3622661038883662e-13
38,ensemble,0.2900188739865161,0.7392937019440732,0.16593752284140112,0.28780487804878047,,
38,raw,0.13450689327059423,0.7123724574196366,0.18582731759893467,0.348780487804878,,
38,smoothed,0.16142776872159653,0.771632280348848,0.19234351425516588,0.36585365853658536,,
38,prediction_magnitude,0.5100690410071226,0.8193831637176925,0.17334179648036427,0.2780487804878049,,
38,boundary_distance,0.4868826214193054,0.8365006683165042,0.21751224355082244,0.406678281068525,,
38,jacobi1,0.1216904028907286,0.6568082262482962,0.1634799371720561,0.2658536585365854,0.9788690206820496,0.5363143108706179
38,jacobi5,0.2283256756959886,0.6756911451371703,0.18627510441408207,0.3073170731707317,0.95751356042783,0.2229152087630245
38,jacobi10,0.2648279534294168,0.6847637071053293,0.1890635677998562,0.3073170731707317,0.9447741281410847,0.16938112670685376
38,jacobi20,0.29694392858483964,0.6758049574527216,0.18863250172806703,0.2951219512195122,0.9278625216314836,0.14054377478892913
38,jacobi40,0.3371051386461862,0.666083929965724,0.1871993866763491,0.28780487804878047,0.9050189487016929,0.11948565829256164
38,jacobi80,0.3872013583601331,0.6725077087992801,0.18547788518407912,0.3,0.8716825745157855,0.10242232002637368
38,cg5,0.15370581458525,0.6943305586067255,0.18445344431545116,0.32926829268292684,0.9473317886945567,0.23742229270279838
38,pcg5,0.26505243827202923,0.6903193361830525,0.19004891672126578,0.3097560975609756,0.9472654896992998,0.17459057532753086
38,poisson_pcg5,0.9950476798653152,0.999721424506703,0.3202024938740544,0.9829268292682927,0.076224429500433,0.0426432453791807
38,cg10,0.21411038214859038,0.6965326945727406,0.18805185113402517,0.3195121951219512,0.9289096680103248,0.16662516910591263
38,pcg10,0.319677115729391,0.6595642047033601,0.18198688260745446,0.2682926829268293,0.9115078386287292,0.1260494974702323
38,poisson_pcg10,0.999999440333307,1.0,0.3203327528891011,1.0,0.000687296967751658,0.0005911514420253217
38,cg20,0.30714017109197655,0.7033038656485316,0.2107654858819265,0.35365853658536583,0.8849264019618883,0.12102243782686599
38,pcg20,0.4321129531299035,0.6911848391408494,0.1821650515757527,0.28780487804878047,0.8375251961847284,0.09210654014917155
38,poisson_pcg20,1.0,1.0,0.3203327528891011,1.0,6.608296146831273e-08,7.153486116793721e-08
38,cg40,0.4505327784191797,0.8220709871233276,0.22144521616535934,0.44634146341463415,0.7861646347799693,0.08694903999895412
38,pcg40,0.550111151027599,0.9221312017786483,0.2677196223992078,0.5926829268292683,0.5760741802041768,0.05984508237315664
38,poisson_pcg40,1.0,1.0,0.3203327528891011,1.0,6.906736879453139e-13,6.777125452006193e-14
38,cg80,0.6964683384974242,0.98653044479441,0.2993187960596532,0.8121951219512196,0.47538427463465294,0.0501138310536295
38,pcg80,0.9559909052293916,0.9983662639122322,0.318960239636921,0.9317073170731708,0.12876922255335396,0.018134197250149316
38,poisson_pcg80,1.0,1.0,0.3203327528891011,1.0,6.906736879453139e-13,6.777125452006193e-14
38,poisson,0.12724178553882454,0.6051281711948969,0.15760302363238016,0.24878048780487805,2.8446184160593124,6.865431106342584
38,amg,0.9847152413770328,0.9953396503579794,0.3178842155313239,0.8975609756097561,0.2159194033759482,0.06723495388102284
38,oracle,1.0,1.0,0.3203327528891011,1.0,6.703565620741592e-13,6.592909444353178e-14
39,ensemble,0.10010016532047707,0.5525693791935207,0.11246764379376435,0.1048780487804878,,
39,raw,0.06238066456733508,0.643926260206715,0.15976349509801235,0.3,,
39,smoothed,0.04729610247486323,0.6698284874872623,0.16380125652775968,0.3195121951219512,,
39,prediction_magnitude,0.32361870470838355,0.7217513862604714,0.13099558828156496,0.046341463414634146,,
39,boundary_distance,0.2226294376910117,0.6642841073011924,0.10754257744835559,0.013821138211382112,,
39,jacobi1,0.043499142195978294,0.5651019678943399,0.12524984757115507,0.14390243902439023,0.9747174905021428,0.5963599760618137
39,jacobi5,0.15322410658126961,0.5806214681788706,0.1508893370916229,0.1902439024390244,0.9461361329158694,0.34700152043083365
39,jacobi10,0.215838231089196,0.5927656392678957,0.15874683307094767,0.20243902439024392,0.92863345489127,0.2761285659839887
39,jacobi20,0.28860288704334275,0.5972539470375713,0.1655713664464718,0.1902439024390244,0.9053719286304656,0.22034367763854246
39,jacobi40,0.3617593872152276,0.6121018223204479,0.17533724007458526,0.2048780487804878,0.8733454985409578,0.17682223074119266
39,jacobi80,0.40873142591101236,0.6436059976443498,0.1991549516988102,0.2731707317073171,0.8265450516780446,0.14610765826982022
39,cg5,0.08345889005937518,0.6210711591652,0.1502624826887757,0.23414634146341465,0.9571074412562922,0.362281856944766
39,pcg5,0.21615855671386017,0.5887133914746635,0.15884743082435304,0.20243902439024392,0.9282659708601676,0.26293684406321616
39,poisson_pcg5,0.9975727423160854,0.9999430938422244,0.3191249721358864,0.9902439024390244,0.045008931227630514,0.03986363853065607
39,cg10,0.16654535118388242,0.6308259333271574,0.16653385011734176,0.23170731707317074,0.9280278476692222,0.24945976080514867
39,pcg10,0.36047790782347894,0.609698529703691,0.17403568129016678,0.2,0.8798017641006202,0.1801550545417922
39,poisson_pcg10,0.9999995718244208,1.0,0.31917436810040367,1.0,0.0002420604708791589,0.0003818453921391206
39,cg20,0.28057674716171976,0.638588330267459,0.19239162337355256,0.28292682926829266,0.874683101205764,0.17387350832943735
39,pcg20,0.42932950575099177,0.6769424189087252,0.21420370940793393,0.3195121951219512,0.787342872518617,0.13144234551081724
39,poisson_pcg20,1.0,1.0,0.31917436810040367,1.0,4.520732020643905e-08,7.222243549564788e-08
39,cg40,0.4590929988836422,0.7927166735042283,0.23550520991181295,0.43414634146341463,0.7415178011377456,0.12273488094416236
39,pcg40,0.7289847117779046,0.9706999457406402,0.2970732520798744,0.6951219512195121,0.40979270674924495,0.07372338844089091
39,poisson_pcg40,1.0,1.0,0.31917436810040367,1.0,8.316937707898916e-13,1.142639825667044e-13
39,cg80,0.726447932298917,0.9855941399891481,0.30932908210641086,0.8121951219512196,0.39941108329585706,0.061839875795694985
39,pcg80,0.9556468474668435,0.9998120773394387,0.3189836164752047,0.9829268292682927,0.11225948087462885,0.016505796641449744
39,poisson_pcg80,1.0,1.0,0.31917436810040367,1.0,8.316937707898916e-13,1.142639825667044e-13
39,poisson,0.6378110693836664,0.9099982795812765,0.2548710096372492,0.5073170731707317,3.2924858508768318,6.636492280852465
39,amg,0.9411644860375925,0.9964652012228207,0.3159027776076732,0.8926829268292683,0.19094343432966746,0.07308619418686388
39,oracle,1.0,1.0,0.31917436810040367,1.0,8.645932718704534e-13,1.1958070988631766e-13
40,ensemble,0.24517152546064708,0.6306307319719969,0.1283911017179893,0.17560975609756097,,
40,raw,0.27123393681503083,0.7406237179572013,0.15765481124474034,0.3073170731707317,,
40,smoothed,0.26411414178163284,0.7292193269192594,0.15983933871641762,0.28292682926829266,,
40,prediction_magnitude,0.3092003497791627,0.6850852930667125,0.11493023343160826,0.10975609756097561,,
40,boundary_distance,0.29018583491342953,0.6907467940658788,0.12561554265772445,0.15127758420441348,,
40,jacobi1,0.15634733590411906,0.6562285774783955,0.15050926527693637,0.22926829268292684,0.91335982478848,0.5673452791807353
40,jacobi5,0.2611906067735505,0.7334482484813997,0.1613554265968942,0.2707317073170732,0.828183432568902,0.3129534657567304
40,jacobi10,0.31528726865387074,0.7718281434035176,0.17099932391747438,0.3,0.7815689180649482,0.2454094268942614
40,jacobi20,0.39264326828221713,0.8203207919219724,0.18574805277137088,0.36341463414634145,0.7229317322542851,0.1929334752931004
40,jacobi40,0.49285611886791103,0.85949009435835,0.20060885243879645,0.424390243902439,0.6449835474131351,0.1490425357870698
40,jacobi80,0.614981462232595,0.894800365258129,0.216052774290943,0.524390243902439,0.5429141921234174,0.10923804729335737
40,cg5,0.2601238177953515,0.7693500787422416,0.17264878053788746,0.36097560975609755,0.8418249363929224,0.3168612478172184
40,pcg5,0.30390549510480064,0.7629732805738259,0.17002109150579825,0.3,0.7808688388539508,0.24419935233175155
40,poisson_pcg5,0.9827482712183979,0.9951226129190213,0.2584986272258011,0.875609756097561,0.10996659254196076,0.04133079276421063
40,cg10,0.3534228609004646,0.8193831637176925,0.19575016822569255,0.43902439024390244,0.7418506414518667,0.20376366105482666
40,pcg10,0.45391010742191873,0.842393764143827,0.19548012085080396,0.4268292682926829,0.663868774755199,0.1591132628679752
40,poisson_pcg10,0.9999882691765662,0.9999933830049098,0.26154412300002494,0.9951219512195122,0.0023503717934141855,0.0008889988550813235
40,cg20,0.5510893525390127,0.8877340762013155,0.22418199382686585,0.551219512195122,0.5895769025296558,0.11540823389095645
40,pcg20,0.6923996128035479,0.9039179227929013,0.221520172365472,0.5414634146341464,0.46067039319973374,0.08554927432601761
40,poisson_pcg20,0.999999998428393,1.0,0.26154609396760575,1.0,1.5435519563968118e-06,7.074585295884204e-07
40,cg40,0.7982347225416658,0.9611370644362982,0.24607682621379415,0.7048780487804878,0.36201243574729547,0.05195378169452313
40,pcg40,0.9321180299441832,0.9822426319759671,0.2524197313369305,0.7682926829268293,0.20355542449108438,0.028319924260073306
40,poisson_pcg40,1.0,1.0,0.26154609396760575,1.0,1.4005109378976535e-12,2.2519231715747093e-13
40,cg80,0.9649652404550233,0.9942729907494409,0.2585422213381999,0.8560975609756097,0.1415380101081535,0.018765773310570815
40,pcg80,0.9985820405154959,0.9997432605905007,0.2613606880685381,0.9682926829268292,0.02909146254707618,0.004347531707025737
40,poisson_pcg80,1.0,1.0,0.26154609396760575,1.0,1.2056896704331137e-12,9.786405178418097e-14
40,poisson,0.3875236560022589,0.7541488559215489,0.19438821095993716,0.4658536585365854,5.840229165044572,7.154679982740329
40,amg,0.9217533574483495,0.9859785874038881,0.2543768303823943,0.8170731707317073,0.23833609410210946,0.07957550509687122
40,oracle,1.0,1.0,0.26154609396760575,1.0,1.1962710571081017e-12,9.698104632684481e-14
41,ensemble,0.203702220494805,0.6703274089170626,0.15739321562054567,0.2780487804878049,,
41,raw,0.13380519818843592,0.6563933406561412,0.16523720760234922,0.2634146341463415,,
41,smoothed,0.14241322641209372,0.7266016436615804,0.1750771865710318,0.33170731707317075,,
41,prediction_magnitude,0.44148675312069446,0.7554166721808292,0.14081711532314473,0.1024390243902439,,
41,boundary_distance,0.3912200680756189,0.6971891004856874,0.14601404675470367,0.1229965156794425,,
41,jacobi1,0.0991729767732979,0.6001091804189881,0.1421796097676606,0.17317073170731706,0.944108036646652,0.5726692855395297
41,jacobi5,0.23127224033365343,0.6733335097865357,0.16800375876017806,0.22195121951219512,0.8830716740326503,0.3501336634134
41,jacobi10,0.296825503636461,0.7217149927874753,0.18205482704008305,0.2634146341463415,0.8413918431958012,0.26964711142554204
41,jacobi20,0.3403870532962227,0.7668336355094425,0.19043312236398358,0.3,0.78943865032948,0.1830608992070826
41,jacobi40,0.384652511209958,0.8324365099321096,0.20096881706969,0.35609756097560974,0.7354459376051656,0.10711549713733806
41,jacobi80,0.4471758736709653,0.8928926855736273,0.2100981967916804,0.4073170731707317,0.6868995096678929,0.068428112896917
41,cg5,0.15080764636089036,0.6573435411510925,0.16712744460689258,0.25609756097560976,0.8913738421713464,0.3498284499712028
41,pcg5,0.31382240421104607,0.7214509746833768,0.18407263350297948,0.2707317073170732,0.8293924238368249,0.25586818356745
41,poisson_pcg5,0.9920591194455359,0.9989836295541469,0.28631449269392906,0.9390243902439024,0.07933489751315821,0.037971716135383006
41,cg10,0.22247409010384397,0.7074600002646798,0.18135682669465533,0.3121951219512195,0.8401023307066183,0.2159365778114116
41,pcg10,0.3674681566939336,0.8141868374733666,0.19880503863284957,0.3439024390243902,0.7392827812340558,0.1018205835667817
41,poisson_pcg10,0.999999721301703,0.999998676600982,0.28735282508143206,0.9975609756097561,0.0003032112826503605,0.00029272493240997276
41,cg20,0.34541407784586864,0.808756269602848,0.2005203249806618,0.3780487804878049,0.767246131475281,0.1277003194551358
41,pcg20,0.46371929614388846,0.907044452973016,0.2154926983269938,0.44146341463414634,0.6733581299834566,0.05785919839751659
41,poisson_pcg20,1.0,1.0,0.28735283738895256,1.0,4.1472244213669395e-08,4.6860009024399125e-08
41,cg40,0.42329617988174373,0.9042388470547755,0.21798946235976827,0.43658536585365854,0.6744618503880327,0.06569780794691749
41,pcg40,0.7057406376510866,0.9607301192382516,0.25431482985535936,0.6731707317073171,0.4739945866317853,0.04211133688824129
41,poisson_pcg40,1.0,1.0,0.28735283738895256,1.0,1.3918273761326092e-12,1.1454215198957613e-13
41,cg80,0.6105862931721124,0.9648723581647103,0.256230752021382,0.6560975609756098,0.5129413860638062,0.04114703918527837
41,pcg80,0.9945313888252797,0.9997842859600599,0.28718017179438204,0.973170731707317,0.047997189591714985,0.006552970199821848
41,poisson_pcg80,1.0,1.0,0.28735283738895256,1.0,1.3918273761326092e-12,1.1454215198957613e-13
41,poisson,0.6402200389761314,0.9031953469290526,0.2312325702649888,0.5829268292682926,2.81350943017451,6.53729170728921
41,amg,0.9815368622712413,0.9970177203128515,0.2844800536408862,0.9097560975609756,0.1888693160873201,0.06352114443529978
41,oracle,1.0,1.0,0.28735283738895256,1.0,1.4098855308864925e-12,1.1584684832596502e-13
42,ensemble,0.24798929656046909,0.7153785582891098,0.16861752695245408,0.28536585365853656,,
42,raw,0.2944110711382782,0.7067519817900295,0.17339985277363962,0.2780487804878049,,
42,smoothed,0.34298635496630026,0.752442994587298,0.18309997199628802,0.28780487804878047,,
42,prediction_magnitude,0.3954415041331726,0.8051725050620012,0.18570714855266565,0.3853658536585366,,
42,boundary_distance,0.3744564209943679,0.7897264534229715,0.16903938025180737,0.27456445993031353,,
42,jacobi1,0.24322099658068622,0.6635489591466723,0.17080929582174598,0.25121951219512195,0.92996675893552,0.5441755267709558
42,jacobi5,0.3412091055301789,0.715734552624962,0.18692149160537944,0.29024390243902437,0.8566015592520574,0.2836074047330589
42,jacobi10,0.3891212180291842,0.7519923772216561,0.19356266298894254,0.3121951219512195,0.816727092750472,0.2201867209384205
42,jacobi20,0.43821687383659175,0.782414012148803,0.2006125437050201,0.33902439024390246,0.7702834575913095,0.16810309456386974
42,jacobi40,0.48708755568238304,0.8086762039622567,0.2139320308096465,0.37317073170731707,0.7204512465258821,0.12137983908387323
42,jacobi80,0.5101257812562865,0.8256368857774308,0.21990598660791721,0.3853658536585366,0.6764227572880451,0.08695311075425888
42,cg5,0.31260854966887014,0.7289116366475656,0.19040957020761506,0.34146341463414637,0.8798490873633819,0.31158538794827123
42,pcg5,0.38438357940227647,0.7442379206754629,0.19190080028536338,0.3024390243902439,0.8165369692509522,0.2192909969249738
42,poisson_pcg5,0.9835742594546198,0.9984761060307293,0.3034534171594864,0.9463414634146341,0.08581316351560435,0.043093143366896014
42,cg10,0.34002012323940906,0.7534514246390429,0.20011309799082266,0.33658536585365856,0.8118723830404079,0.19630782559285273
42,pcg10,0.47808966713281226,0.7981479030742559,0.21209777398939705,0.36829268292682926,0.7250182417009481,0.12593065454162716
42,poisson_pcg10,0.9999864090924432,1.0,0.3042945202611412,1.0,0.0025004782770212575,0.0009735204456022288
42,cg20,0.4416687169152293,0.8294701110331776,0.2255161371581917,0.4317073170731707,0.7084028067677608,0.12012878078370995
42,pcg20,0.5105308797084506,0.8336394796395061,0.21962790398954415,0.3780487804878049,0.6643692701784264,0.07316643013065174
42,poisson_pcg20,0.999999998603016,1.0,0.3042945202611412,1.0,1.237585406806242e-06,4.31528471875305e-07
42,cg40,0.6168572063710179,0.906314598414568,0.25815397089882325,0.5487804878048781,0.5357498432006198,0.06334302198213848
42,pcg40,0.6138818036191496,0.9375898257083494,0.25685601177609835,0.524390243902439,0.49954082317498283,0.04482974690283304
42,poisson_pcg40,1.0,1.0,0.3042945202611412,1.0,1.2395126563884774e-12,1.1152417695763684e-13
42,cg80,0.7817265561018136,0.9721623016555722,0.2866567393298885,0.7024390243902439,0.34353639640984024,0.03165321894951247
42,pcg80,0.9923537781095522,0.9992952900228949,0.30385815885693307,0.9634146341463414,0.053298786045690875,0.006840760294574385
42,poisson_pcg80,1.0,1.0,0.3042945202611412,1.0,1.2213069126509617e-12,1.0715488303477697e-13
42,poisson,0.5357632648445191,0.7920827653745881,0.21072876506145785,0.4146341463414634,2.9392355813233535,6.626232549629823
42,amg,0.9487154633088873,0.9902591215277319,0.2985902741624544,0.8585365853658536,0.22896528720264409,0.07278172311365326
42,oracle,1.0,1.0,0.3042945202611412,1.0,1.1864422946558729e-12,1.0422624206772811e-13
43,ensemble,0.2328843065463897,0.6523152865820574,0.1635579909956548,0.2682926829268293,,
43,raw,0.16908695532154772,0.6416738350780143,0.15454410163943522,0.24146341463414633,,
43,smoothed,0.17588331207542865,0.68803448777841,0.16731813938026152,0.28536585365853656,,
43,prediction_magnitude,0.42458902331986476,0.8498875110834668,0.21700333137450786,0.3780487804878049,,
43,boundary_distance,0.3455198927903005,0.7517237272209945,0.11317905591684854,0.12874564459930313,,
43,jacobi1,0.17575760430049772,0.6634622765109909,0.16238620231569104,0.24634146341463414,0.9445421878187377,0.5653778509839074
43,jacobi5,0.22686165363448285,0.6689987163029525,0.18017637858268623,0.2951219512195122,0.8902896306685844,0.296754546281378
43,jacobi10,0.2746647758908064,0.6989651019678943,0.18941202972522136,0.3195121951219512,0.8556573284648655,0.2348743396559415
43,jacobi20,0.3486878903382691,0.7276199992059605,0.20653099014318338,0.35609756097560974,0.8078859058126846,0.18546529838076914
43,jacobi40,0.4296449288351233,0.7492079456877043,0.22094970671546568,0.3878048780487805,0.7424005077737149,0.14002289654398972
43,jacobi80,0.5340265977920055,0.8085405555629078,0.23911131324375146,0.44390243902439025,0.6573701173635528,0.10071709297931086
43,cg5,0.19802479095392547,0.6624763442425525,0.17700555571132007,0.275609756097561,0.90037269806527,0.3115036904674863
43,pcg5,0.26822811892870774,0.6916658946839062,0.19146226290434895,0.32195121951219513,0.8523879604680817,0.2363499242181843
43,poisson_pcg5,0.960398587773563,0.9988638619430145,0.31435815601978895,0.9439024390243902,0.13233542830491832,0.044063952881675104
43,cg10,0.24427402264768022,0.6736352447626484,0.18987272867801627,0.3,0.8528746200099309,0.1976987011017785
43,pcg10,0.42132160332015034,0.7420357847094478,0.22108494707342258,0.3878048780487805,0.7386774620775193,0.14577293383575407
43,poisson_pcg10,0.9999936430245575,1.0,0.3153004048496722,1.0,0.0014903099100598927,0.000753126578265201
43,cg20,0.348092118071295,0.7234863623731191,0.21103392091733192,0.36097560975609755,0.7823811551121885,0.12596066476766454
43,pcg20,0.6132089574778204,0.8636521842700793,0.254884919967429,0.5121951219512195,0.5816699911049678,0.08135746010644217
43,poisson_pcg20,0.999999999476131,1.0,0.3153004048496722,1.0,7.31769021180568e-07,3.639770390954488e-07
43,cg40,0.4571374956930985,0.8476780964228524,0.2445205365086943,0.47073170731707314,0.6323772873022003,0.07848934525903131
43,pcg40,0.8066684684616346,0.9854677553829255,0.3012990343259123,0.7951219512195122,0.32732268841196177,0.03802395144806334
43,poisson_pcg40,1.0,1.0,0.3153004048496722,1.0,1.7238702335809085e-12,1.7485189863838843e-13
43,cg80,0.7631350058625829,0.9831954792689543,0.299742657097982,0.7902439024390244,0.34843944182726455,0.039810270202374584
43,pcg80,0.9714919391441943,0.9994507894075143,0.31483713103580063,0.9609756097560975,0.1045562361579974,0.013315388320196377
43,poisson_pcg80,1.0,1.0,0.3153004048496722,1.0,1.7318739113848533e-12,1.753481665574566e-13
43,poisson,0.48963239907657125,0.8463222741288726,0.2195795049933769,0.43414634146341463,3.180501471212667,6.841820746918947
43,amg,0.9487877219542062,0.9977661024575519,0.3132832607630264,0.9243902439024391,0.21346648290262926,0.06490812967485933
43,oracle,1.0,1.0,0.3153004048496722,1.0,1.7384999905803191e-12,1.7599874930936623e-13
44,ensemble,0.2183368929881241,0.6591479957121872,0.15958942010933558,0.24634146341463414,,
44,raw,0.23432653408674356,0.7114884268755872,0.20182461996664244,0.35121951219512193,,
44,smoothed,0.2787679323494878,0.7640154573005307,0.21159421565456335,0.4170731707317073,,
44,prediction_magnitude,0.3168322932578314,0.7192746449982134,0.1203278813098647,0.15853658536585366,,
44,boundary_distance,0.27129952828145976,0.6940076492463243,0.11080439953696763,0.12229965156794426,,
44,jacobi1,0.21144937709463776,0.6820024350541932,0.18307445147891796,0.3,0.8969242040519211,0.5375540420061151
44,jacobi5,0.3515896413025791,0.7609451715786827,0.2057425240316807,0.37317073170731707,0.7900562710997456,0.2347917833695193
44,jacobi10,0.4283814310714711,0.8044148591241745,0.22361059632763614,0.44390243902439025,0.7321844396392929,0.16650683308390848
44,jacobi20,0.512546312113259,0.8445628151343911,0.23527339283323262,0.5,0.6656497427209036,0.11872640912914413
44,jacobi40,0.6034884856182738,0.873901247965274,0.24711322240009434,0.5658536585365853,0.5947066617264078,0.08759258065407055
44,jacobi80,0.6919479385574051,0.8934822598361633,0.24972429750377306,0.573170731707317,0.528958255210117,0.0663507440623019
44,cg5,0.25523530158452623,0.721142622712174,0.19792247406274557,0.34146341463414637,0.840295308343191,0.2721417191840065
44,pcg5,0.4170312291849392,0.798500588912563,0.2202607233660259,0.43902439024390244,0.7376028361011812,0.16536055466924807
44,poisson_pcg5,0.9794582058655332,0.9976218519645859,0.3055035950739127,0.9146341463414634,0.10183612988471452,0.04273426774841421
44,cg10,0.3315445795598003,0.7707092095337665,0.21377553981271624,0.3951219512195122,0.7653004395425677,0.175091872252951
44,pcg10,0.559911541719305,0.8659271071820864,0.24448690287500066,0.5609756097560976,0.620355363104817,0.08779246997354286
44,poisson_pcg10,0.9999990030773322,1.0,0.3073050712392621,1.0,0.000595267551646677,0.00047407507485422353
44,cg20,0.49701652250630546,0.8774036234665114,0.2483763669358449,0.5390243902439025,0.6286863951878673,0.10234653050773553
44,pcg20,0.7250662166897561,0.8969039079973002,0.25182709708429013,0.5560975609756098,0.5070584787496947,0.044765103712716
44,poisson_pcg20,1.0,1.0,0.3073050712392621,1.0,9.609279885354849e-08,6.885200098548848e-08
44,cg40,0.6990995099114893,0.9586358402922065,0.27490266062147606,0.6804878048780488,0.440392517306378,0.05158621605977503
44,pcg40,0.7247097102286495,0.9346889350608102,0.27419577650283233,0.6219512195121951,0.43239511725434987,0.026507594349673074
44,poisson_pcg40,1.0,1.0,0.3073050712392621,1.0,1.6764879404117592e-12,1.0347867672627135e-13
44,cg80,0.893565041071887,0.9835792649841854,0.29471125151585637,0.7682926829268293,0.2510377200293155,0.018938226193999232
44,pcg80,0.9747180334589948,0.9980539417439752,0.30587388211700794,0.9243902439024391,0.10353791089472568,0.006912472169903769
44,poisson_pcg80,1.0,1.0,0.3073050712392621,1.0,1.6764879404117592e-12,1.0347867672627135e-13
44,poisson,0.48588907372616297,0.7540350436059976,0.19288377041248309,0.348780487804878,3.7472274316084024,6.8340160215062475
44,amg,0.9495396513566726,0.9884573137646732,0.30088838055939715,0.8536585365853658,0.22933700612054658,0.05717713826600275
44,oracle,1.0,1.0,0.3073050712392621,1.0,1.6729264745820674e-12,1.0276813491070605e-13
45,ensemble,-0.011584428945932028,0.5850277252094279,0.10245810536784078,0.14634146341463414,,
45,raw,0.17475026816503814,0.6823981313605866,0.16235881510780587,0.32439024390243903,,
45,smoothed,0.2420402430492226,0.7415289228855392,0.17901321283802168,0.4,,
45,prediction_magnitude,-0.09715499207882164,0.4625286185037651,0.04465088735089444,0.0024390243902439024,,
45,boundary_distance,-0.10951013415990304,0.4686169156862486,0.05623117973047211,0.024274099883855982,,
45,jacobi1,0.1677607750628978,0.6653706178950015,0.15394912240821712,0.2634146341463415,0.9377242495028703,0.5639874300001515
45,jacobi5,0.23527752165241297,0.7580568532218149,0.17621450732757318,0.3146341463414634,0.8511494010943916,0.3185306170522051
45,jacobi10,0.2948910110844529,0.8135344017574739,0.18907856568832374,0.36585365853658536,0.7910477713657741,0.24890190096080458
45,jacobi20,0.39199777473728886,0.8839385678175827,0.20953250211898442,0.4585365853658537,0.7109669976975712,0.18273734291950738
45,jacobi40,0.5080410839427537,0.9385512750949538,0.23752716913715416,0.6170731707317073,0.6115520459924767,0.12618650502531606
45,jacobi80,0.6495781592191218,0.9648260391990789,0.2535320694520839,0.7219512195121951,0.4987142590810556,0.08265362252175844
45,cg5,0.17955324722352237,0.6957684316398237,0.16496809680638835,0.3146341463414634,0.8995935698366753,0.36308643608261976
45,pcg5,0.2928463928910616,0.810642113203552,0.1908920010670891,0.37317073170731707,0.7731310416747843,0.24380090457231915
45,poisson_pcg5,0.9922158137213553,0.9983510448235248,0.27174829169132786,0.9341463414634147,0.07321256662151444,0.04193812978789475
45,cg10,0.23130432137146276,0.7639162023741778,0.1822929175086314,0.35853658536585364,0.8247872478196185,0.2550972600234693
45,pcg10,0.47383256217025593,0.9248236570808465,0.22980467020729747,0.5658536585365853,0.618889997861732,0.13342282047616116
45,poisson_pcg10,0.9999998077400846,1.0,0.2726085115939568,1.0,0.0002679345833616284,0.00038412088136953454
45,cg20,0.369510018812624,0.8770363802390059,0.21505440474813436,0.4878048780487805,0.6889445621491761,0.15292705574181212
45,pcg20,0.7289805870081835,0.9705265804692773,0.2584041945813026,0.775609756097561,0.4157783018193497,0.06072195059107172
45,poisson_pcg20,0.9999999998253771,1.0,0.2726085115939568,1.0,5.602829238804774e-08,4.327967580788605e-08
45,cg40,0.5926117563407426,0.9672617550917777,0.2525371493624727,0.697560975609756,0.5149296467156474,0.07896359866700242
45,pcg40,0.9485229205041816,0.9901922898773209,0.26773120833877706,0.8658536585365854,0.16561211563894557,0.023937609635595183
45,poisson_pcg40,1.0,1.0,0.2726085115939568,1.0,8.445007010125491e-13,7.341325227092941e-14
45,cg80,0.8908198672113675,0.9914230509640962,0.26826016920389384,0.8585365853658536,0.2531591316327893,0.03494009553329676
45,pcg80,0.9916369196397838,0.9992000052935961,0.27223091693102475,0.9560975609756097,0.05822276522413846,0.004931021978614055
45,poisson_pcg80,1.0,1.0,0.2726085115939568,1.0,8.445007010125491e-13,7.341325227092941e-14
45,poisson,0.523499588602198,0.8672941783677196,0.21569024040013537,0.5317073170731708,2.281860655751989,6.589026732628785
45,amg,0.9773909341804867,0.9954309648902241,0.27051529999383284,0.8853658536585366,0.1572039120400332,0.06566371697301529
45,oracle,1.0,1.0,0.2726085115939568,1.0,8.549587151337073e-13,7.441114126092671e-14
46,ensemble,0.35864145176303847,0.7556449585114408,0.17332040556859418,0.2731707317073171,,
46,raw,0.24763467445608153,0.7044949247647658,0.17729939636793265,0.3048780487804878,,
46,smoothed,0.30918246330709914,0.753490464910075,0.1853270706031241,0.34146341463414637,,
46,prediction_magnitude,0.5319401874269097,0.8396291835951458,0.1831850282936153,0.28536585365853656,,
46,boundary_distance,0.4814087488225116,0.768843216918333,0.1432783446341536,0.1570267131242741,,
46,jacobi1,0.16603654920015407,0.625018196736498,0.14965367868139962,0.2121951219512195,0.9520664911646127,0.5657072505441996
46,jacobi5,0.2678344753956482,0.6827342747111682,0.15679130489005716,0.24878048780487805,0.905755444530228,0.3203403139313008
46,jacobi10,0.28908614412789535,0.6996784140386167,0.16398226996525203,0.275609756097561,0.8800952386150561,0.2560556518982699
46,jacobi20,0.3332393358715973,0.7147420033614335,0.17850404290144517,0.3121951219512195,0.8463383273340005,0.202466226824912
46,jacobi40,0.3962539342909603,0.7238178738271376,0.19176035281467937,0.33414634146341465,0.800821743594012,0.15231759403438191
46,jacobi80,0.48132097656330325,0.7332960575943253,0.20635555211882775,0.35853658536585364,0.7400730614515002,0.10959675629445181
46,cg5,0.24138407462610006,0.7038279316596747,0.17988962996393432,0.3195121951219512,0.9113516172776748,0.33730333560893583
46,pcg5,0.28001494500409485,0.6964493204346043,0.165032499170019,0.2731707317073171,0.8816297556293529,0.25151496620074315
46,poisson_pcg5,0.9960705687976594,0.9993918981512115,0.3069717595714284,0.9658536585365853,0.05080693039724227,0.04015212205162655
46,cg10,0.3266180175389658,0.714653997326734,0.1846903280441549,0.3097560975609756,0.8585729851331431,0.21945280515994695
46,pcg10,0.3886415003780797,0.7206000291147784,0.19116824328888363,0.33170731707317075,0.8066559876941448,0.15534521126618184
46,poisson_pcg10,0.9999993968521818,1.0,0.30739451472174834,1.0,0.000425810561319389,0.00037676510562232907
46,cg20,0.40955753568483727,0.7329089633815492,0.20415080515729445,0.348780487804878,0.7758492866337472,0.1364868729983613
46,pcg20,0.5412791995488748,0.7440777893942803,0.20664748027258595,0.35121951219512193,0.6973943317808097,0.08945566619540521
46,poisson_pcg20,1.0,1.0,0.30739451472174834,1.0,6.622151100884508e-08,6.964789970626316e-08
46,cg40,0.554403133265954,0.863466246708045,0.23328591190802095,0.4268292682926829,0.6400355539280317,0.08507161555638908
46,pcg40,0.8711811683658464,0.9497750221669335,0.2782639905963454,0.6414634146341464,0.35296637725089675,0.05545760406041981
46,poisson_pcg40,1.0,1.0,0.30739451472174834,1.0,2.2501998742672123e-12,1.8927688728764046e-13
46,cg80,0.8871321089928551,0.9846300438045075,0.29595592558889083,0.7682926829268293,0.27585090853874555,0.04061553658283544
46,pcg80,0.9909237988005609,0.999299260219949,0.30684767266626706,0.9536585365853658,0.06700282450535675,0.005960328494183268
46,poisson_pcg80,1.0,1.0,0.30739451472174834,1.0,2.24966943433159e-12,1.892701820483667e-13
46,poisson,0.5365906373172075,0.9133722853777643,0.23884791745636091,0.4878048780487805,5.448336428150528,6.637634862921379
46,amg,0.8936424572073084,0.9870386300173365,0.2968758664499871,0.8073170731707318,0.31771722898648574,0.07414374665744339
46,oracle,1.0,1.0,0.30739451472174834,1.0,2.2363225337911897e-12,1.8808037836885511e-13
47,ensemble,0.2513147270857753,0.6496241546788772,0.1332997751570094,0.17804878048780487,,
47,raw,0.15933168738589437,0.6454528009740217,0.14655955830406142,0.25121951219512195,,
47,smoothed,0.19409834545552185,0.6958908460489922,0.15276611218782946,0.2780487804878049,,
47,prediction_magnitude,0.2958158361094198,0.7356914098169739,0.09089000815664049,0.05853658536585366,,
47,boundary_distance,0.325899807862508,0.759457671082408,0.13114777394487623,0.21010452961672474,,
47,jacobi1,0.1365163823818308,0.6482828897740958,0.15041539887168676,0.24634146341463414,0.939043530233099,0.5680907376681475
47,jacobi5,0.22869920894666515,0.6963030848431111,0.16101601079237354,0.28292682926829266,0.870720719590328,0.3140488708654094
47,jacobi10,0.28910615225582736,0.7419471169752392,0.17588069025756015,0.33902439024390246,0.8256034129778018,0.247560681855162
47,jacobi20,0.37717100682337257,0.8019870836255839,0.19488243631498056,0.4170731707317073,0.7612490620370841,0.19433383336816726
47,jacobi40,0.4996389002556816,0.8736392149597025,0.214362028074753,0.4926829268292683,0.6739540765207341,0.14667222905080696
47,jacobi80,0.6228492588734744,0.9281672246999193,0.23191945254951493,0.5707317073170731,0.5697406616459916,0.1038588239807405
47,cg5,0.15883869297399777,0.6671538980718076,0.15333550176290564,0.25853658536585367,0.9076987638747507,0.34039824775502625
47,pcg5,0.279943141251673,0.7393181848259068,0.17330478797389606,0.32439024390243903,0.8231811952404868,0.24714884484134467
47,poisson_pcg5,0.9946262073643296,0.9995884229053902,0.27536842636002434,0.9658536585365853,0.06517015484375949,0.042625560595677715
47,cg10,0.21406143759370969,0.7022795548085703,0.16574490353135132,0.3121951219512195,0.8539190093979668,0.22736733598832756
47,pcg10,0.48045972775381307,0.8620462395616902,0.21616688408527007,0.4926829268292683,0.6705574102152211,0.15336989407378315
47,poisson_pcg10,0.9999993622768291,1.0,0.2758488208630938,1.0,0.00040146605685826154,0.00047039882186215983
47,cg20,0.33060031847182697,0.8020248004975981,0.18350256708415993,0.3951219512195122,0.7649799312185247,0.14118973383473613
47,pcg20,0.6933128694044647,0.9529922051797838,0.2463198923547465,0.651219512195122,0.4713299662129051,0.07713655825407784
47,poisson_pcg20,1.0,1.0,0.2758488208630938,1.0,1.1407312907451645e-07,1.100798275869758e-07
47,cg40,0.5526422994389265,0.9138784855021638,0.21287000172652187,0.5048780487804878,0.6187771198696748,0.08233984275227786
47,pcg40,0.822798597599948,0.9785172637401903,0.26014796079916686,0.7463414634146341,0.34073848266995077,0.042657961811545846
47,poisson_pcg40,1.0,1.0,0.2758488208630938,1.0,2.093899636015426e-12,1.7574567611410334e-13
47,cg80,0.7684045277912075,0.9605064648042031,0.2513342485799062,0.6463414634146342,0.3969205575863542,0.04095738162586899
47,pcg80,0.9312248787362057,0.993335362545161,0.2706293476163837,0.8439024390243902,0.19753259729138806,0.01734928254833921
47,poisson_pcg80,1.0,1.0,0.2758488208630938,1.0,2.089858601409384e-12,1.7518429924989196e-13
47,poisson,0.3081662767544778,0.6343124280401784,0.11013561777997499,0.12926829268292683,4.170246380660807,6.672016675989208
47,amg,0.957194017838144,0.992710056509138,0.2718715248399064,0.8609756097560975,0.23049772174827265,0.07242728659538797
47,oracle,1.0,1.0,0.2758488208630938,1.0,2.0579751937067466e-12,1.725960390224748e-13
48,ensemble,0.2300873353151506,0.5970269841059778,0.15140393326115717,0.2073170731707317,,
48,raw,0.31922010221060976,0.7040965816603364,0.17732147629025147,0.2731707317073171,,
48,smoothed,0.4149864646574796,0.7877717930733296,0.18183620067476533,0.2926829268292683,,
48,prediction_magnitude,0.3121528355197809,0.6381754297738311,0.14600422065114407,0.2121951219512195,,
48,boundary_distance,0.3899470121080865,0.6456294747429298,0.11105420742318886,0.05598141695702671,,
48,jacobi1,0.1438665706268144,0.5892460595794238,0.14972720985273602,0.20243902439024392,0.9686250686484217,0.6183660442975701
48,jacobi5,0.2118476034335295,0.629028757460662,0.16523044228869008,0.24878048780487805,0.931168543700116,0.40013226777015
48,jacobi10,0.23642276909067966,0.6489611317708402,0.1737197260097657,0.2804878048780488,0.9070823832688005,0.34528277452555195
48,jacobi20,0.2830776189146262,0.6886386194301444,0.19058935617279477,0.33902439024390246,0.8733453211357284,0.30000927141529593
48,jacobi40,0.355331804711591,0.7441525614387994,0.2118171219028897,0.4097560975609756,0.8239697344950166,0.25603401085619865
48,jacobi80,0.4550086763878868,0.8118827997829625,0.23367256571766493,0.4853658536585366,0.7506700212403642,0.21135801600179965
48,cg5,0.25592536223514306,0.6625544247846168,0.17339395751830738,0.25853658536585367,0.9368663935211131,0.4002533471759673
48,pcg5,0.22935523627440924,0.6422005478871935,0.1729227884939032,0.275609756097561,0.9037779971667107,0.34518524689023017
48,poisson_pcg5,0.9931653760141544,0.9994944615751095,0.3250030635977731,0.9560975609756097,0.06310067349265219,0.041075703254381694
48,cg10,0.29606349464558407,0.6925737464102801,0.1902085520470167,0.3146341463414634,0.8800695230297162,0.3010783761401653
48,pcg10,0.3560514695474823,0.7410055185739052,0.21342256783629082,0.424390243902439,0.8164839558525576,0.25799359286584317
48,poisson_pcg10,0.9999966323955772,0.999999338300491,0.32546777765072604,0.9975609756097561,0.001190078521694899,0.0007934453630419344
48,cg20,0.44851778571506806,0.8491464076333656,0.24038082974594588,0.4634146341463415,0.7396547421515539,0.20976680430696532
48,pcg20,0.5679685079725315,0.8821063218771091,0.2535510534028664,0.5487804878048781,0.6394084972897186,0.17014611188205808
48,poisson_pcg20,0.999999999476131,1.0,0.32546878983698674,1.0,8.847646714999687e-07,4.3212138461697597e-07
48,cg40,0.7277222517987006,0.9773520109048079,0.30641123697530853,0.7268292682926829,0.43761438834250815,0.11280218521782007
48,pcg40,0.8733084410352075,0.9830465968794251,0.31030514616427823,0.7682926829268293,0.29910464100851863,0.07182294938656189
48,poisson_pcg40,1.0,1.0,0.32546878983698674,1.0,1.3268638000971701e-12,1.8340674595600556e-13
48,cg80,0.92954199486709,0.998324576843164,0.32379779598738684,0.9219512195121952,0.15317683006248878,0.03566018955748627
48,pcg80,0.9475766089930227,0.9958564376745233,0.32086918830171834,0.8634146341463415,0.16647090604176057,0.02329731998566545
48,poisson_pcg80,1.0,1.0,0.32546878983698674,1.0,1.3372783677033025e-12,1.7986002563181507e-13
48,poisson,0.690071100231307,0.9094080436192317,0.26108018151937873,0.5195121951219512,2.928693128422369,6.927441132465331
48,amg,0.9778477103866204,0.9984158913754086,0.3240088957132093,0.9341463414634147,0.2062811079808608,0.09449853206765643
48,oracle,1.0,1.0,0.32546878983698674,1.0,1.3018575338746975e-12,1.749834971588821e-13
49,ensemble,0.1839074970526433,0.6061074864682451,0.12254005238387766,0.13902439024390245,,
49,raw,0.1229307709658233,0.5313016952741421,0.1479650823536995,0.15853658536585366,,
49,smoothed,0.0763945029017033,0.5603370697298943,0.1676966401958139,0.22682926829268293,,
49,prediction_magnitude,0.38997366706218073,0.8482464963010997,0.14382646073481406,0.2097560975609756,,
49,boundary_distance,0.3207920385412183,0.7817066553736617,0.16434773706202957,0.21283391405342625,,
49,jacobi1,0.17245865465361057,0.5448195545438905,0.162256650380877,0.18292682926829268,0.9679957992634564,0.5523869676511581
49,jacobi5,0.3060508529536935,0.5635297698609107,0.16992772460232394,0.15609756097560976,0.9255837124112982,0.27765373701594964
49,jacobi10,0.35613559784151455,0.5812712570967272,0.1789571178547828,0.17073170731707318,0.8977347616542991,0.2201951635942724
49,jacobi20,0.4116631552776712,0.6081713272368752,0.20237092451047628,0.22195121951219512,0.8588616920382414,0.1819836164446897
49,jacobi40,0.47945418359950914,0.6577471778515941,0.22641164668295422,0.28292682926829266,0.8029659889262588,0.15123024602537
49,jacobi80,0.5830848696105477,0.7708084644601194,0.25934510618346523,0.3829268292682927,0.7220650052099895,0.12375163786456576
49,cg5,0.19259732497271967,0.5366680782922859,0.15597113997411166,0.13902439024390245,0.9402744456773628,0.2967546579110796
49,pcg5,0.34982001223925574,0.5824682715085425,0.1774678996775233,0.17073170731707318,0.9003748437533464,0.21825352396480596
49,poisson_pcg5,0.9809818618538223,0.999578497412755,0.3708396679179004,0.9585365853658536,0.06591218096904436,0.03705334438038711
49,cg10,0.281417709494227,0.5506921376864339,0.17050622693215584,0.15365853658536585,0.9067499157408774,0.20328478434072908
49,pcg10,0.4654534467044478,0.6466273176025303,0.22954982424208473,0.2926829268292683,0.8090405983993906,0.15474358608815825
49,poisson_pcg10,0.9999573710349124,1.0,0.3713408409769955,1.0,0.002585176631881737,0.0007752457510282307
49,cg20,0.40534637158705644,0.6348709024257904,0.19849305133866865,0.22926829268292684,0.8388734811187597,0.14381738793097645
49,pcg20,0.6982556869051084,0.9154698728213544,0.2976534582034285,0.5463414634146342,0.6017484343303577,0.09782096849845667
49,poisson_pcg20,0.999999999301508,1.0,0.3713408409769955,1.0,5.893969557885595e-07,3.477546734326237e-07
49,cg40,0.5394719481363005,0.8063192303111311,0.2718067491822941,0.47317073170731705,0.6695486731322856,0.09450250058795215
49,pcg40,0.7787698556471343,0.9872378015695512,0.35840467148064675,0.8048780487804879,0.3383128711400171,0.047565229628907524
49,poisson_pcg40,1.0,1.0,0.3713408409769955,1.0,1.1166535637082418e-12,1.2798106294129473e-13
49,cg80,0.7432645190916297,0.9965035797943438,0.36078008558320906,0.8951219512195122,0.3420885556901586,0.0443877996073431
49,pcg80,0.9407824736182376,0.9994031470428649,0.3706565684359494,0.9536585365853658,0.1291271553153272,0.01775454266738055
49,poisson_pcg80,1.0,1.0,0.3713408409769955,1.0,1.1318264020786639e-12,1.2846607194148632e-13
49,poisson,0.5111099480637691,0.8782439818429655,0.25964409645249464,0.4585365853658537,3.0380099900641384,7.170564030398126
49,amg,0.9826661392144236,0.9968761166179214,0.36823312469467007,0.8902439024390244,0.18914777235272665,0.07736842079695871
49,oracle,1.0,1.0,0.3713408409769955,1.0,1.1558546286906733e-12,1.310965159507817e-13
50,ensemble,0.12918757427763636,0.6404073422177521,0.11711099257995931,0.16585365853658537,,
50,raw,0.1559958667924958,0.6626404457207893,0.15910220424488525,0.23902439024390243,,
50,smoothed,0.13473417749440983,0.670968595741302,0.15884166310883463,0.2682926829268293,,
50,prediction_magnitude,0.3179833359093717,0.7278350515463917,0.09343613932129226,0.07804878048780488,,
50,boundary_distance,0.30418120728610487,0.6916572925902889,0.08648802169644573,0.053832752613240414,,
50,jacobi1,0.16115096578249877,0.6592148273625981,0.1581050128147412,0.23658536585365852,0.914860815966827,0.5531717129585195
50,jacobi5,0.3244670714050462,0.7465829837354261,0.18453275849869186,0.3097560975609756,0.8209037090509915,0.280409996839329
50,jacobi10,0.3965486390554467,0.7779965062265923,0.20223431719941115,0.37073170731707317,0.7651475590700132,0.2115018102286133
50,jacobi20,0.49131992494871396,0.8310178261847729,0.2170227993736709,0.4170731707317073,0.692589351937733,0.15369523756878156
50,jacobi40,0.6108949435034547,0.8943563648875773,0.2280827411316901,0.47560975609756095,0.6024636595432523,0.10619492738776037
50,jacobi80,0.7215147167927976,0.9354737106785067,0.24675748115274115,0.5951219512195122,0.5047379050710045,0.07335958315189153
50,cg5,0.21422317096524215,0.6921833436999589,0.17399610900983836,0.2804878048780488,0.8569069801368533,0.3056508702923828
50,pcg5,0.3902883954960456,0.769537339703294,0.1999074324243959,0.36585365853658536,0.7610670548639912,0.2148586346898751
50,poisson_pcg5,0.9849804053443911,0.9980751161282638,0.28946095434393937,0.9292682926829269,0.09157324849193907,0.043242021076000524
50,cg10,0.32276647395412844,0.7514775750036393,0.19162551751454085,0.33170731707317075,0.7924124352592439,0.19847309256760323
50,pcg10,0.5779640143641241,0.8803303203949022,0.22567792371374945,0.4658536585365854,0.6136040398292891,0.11255853547879718
50,poisson_pcg10,0.9999978554550212,1.0,0.29087317765689136,1.0,0.0008651816560762228,0.0005594470927471979
50,cg20,0.44346034603096746,0.8247700594206159,0.21036742422756063,0.3951219512195122,0.6870273134962147,0.12736057976369095
50,pcg20,0.7622344263670997,0.94532575466829,0.2533032995015638,0.6731707317073171,0.4465394318653006,0.0593147935703399
50,poisson_pcg20,1.0,1.0,0.29087317765689136,1.0,8.334283095434532e-08,8.167418367175848e-08
50,cg40,0.6508883296925139,0.9426551354498895,0.24773581659614224,0.5707317073170731,0.4892211106241893,0.06711258205493763
50,pcg40,0.9097897070823621,0.98824358482326,0.2834639255935397,0.8560975609756097,0.23508423622001454,0.028539331509550857
50,poisson_pcg40,1.0,1.0,0.29087317765689136,1.0,6.29103252384248e-13,5.6078193863869905e-14
50,cg80,0.873249197914683,0.9901717771925413,0.2811119168526668,0.8121951219512196,0.25958816928066697,0.028489326968490786
50,pcg80,0.971181000378527,0.9956711618119979,0.2882615083410647,0.8829268292682927,0.12393054882506818,0.009671329708226083
50,poisson_pcg80,1.0,1.0,0.29087317765689136,1.0,6.29103252384248e-13,5.6078193863869905e-14
50,poisson,0.32918016869111993,0.7426835885287774,0.16509478867399294,0.3048780487804878,3.8575894383721607,6.436698131929936
50,amg,0.9062152865205689,0.9914323147572225,0.28342508814621475,0.8341463414634146,0.25411850849281353,0.06990692774781099
50,oracle,1.0,1.0,0.29087317765689136,1.0,6.311677939562872e-13,5.615247009473912e-14
51,ensemble,0.1815937607288367,0.5888768312533912,0.13381768187412799,0.17317073170731706,,
51,raw,0.18139334120477907,0.6934452046636581,0.16085324404034357,0.3,,
51,smoothed,0.21292019495916786,0.7588489075341106,0.17434488542912005,0.3439024390243902,,
51,prediction_magnitude,0.34133719760745823,0.6467722297950055,0.09576800842713576,0.0,,
51,boundary_distance,0.3737777250828811,0.6803184098037399,0.13957550939601143,0.14210220673635304,,
51,jacobi1,0.12503407313691514,0.5913363683284147,0.14007103835015994,0.17804878048780487,0.9794368461133406,0.6625268959023968
51,jacobi5,0.176546187593095,0.5819455288964176,0.15438496306399882,0.1951219512195122,0.9505026981799041,0.47382313629345707
51,jacobi10,0.2208458035105201,0.6068194751399495,0.15851302714693985,0.2,0.9273124346877848,0.42601560678892636
51,jacobi20,0.29264807355774264,0.6526203300557151,0.17367914709199023,0.23902439024390243,0.8894261324351982,0.3808172024349198
51,jacobi40,0.39367237920643045,0.7317198893638421,0.20658688883995666,0.33902439024390246,0.8280554036513434,0.33062855230176713
51,jacobi80,0.50228515298455,0.8403630083506478,0.23819650674553816,0.45365853658536587,0.7339832006095285,0.2740521988497288
51,cg5,0.1935021287730301,0.6612952106189537,0.17140543523784207,0.2926829268292683,0.9497708124516026,0.4829899317370338
51,pcg5,0.2264184617002323,0.6056998795706894,0.15967720918831296,0.20243902439024392,0.9228983917721326,0.4249221094174381
51,poisson_pcg5,0.9976569582708602,0.9997379669944285,0.3095405032148173,0.975609756097561,0.03696499584173555,0.03765422994398141
51,cg10,0.22600673438462524,0.7112508767518495,0.18748121729842224,0.35121951219512193,0.9001478791175048,0.380391560853259
51,pcg10,0.4096612893332006,0.7380841152415865,0.20912137594408953,0.35853658536585364,0.8008080190134994,0.32459858050883594
51,poisson_pcg10,0.9999983087763114,0.999999338300491,0.3097265428494598,0.9975609756097561,0.0007947809892921329,0.000832177732768262
51,cg20,0.36627576646082943,0.8351508013181054,0.2410743924829594,0.5853658536585366,0.7546733602395292,0.2735546166525926
51,pcg20,0.5864609002913327,0.9418088217778542,0.2760507775321354,0.6195121951219512,0.5486928422076907,0.20484258389849688
51,poisson_pcg20,1.0,1.0,0.30972668054150143,1.0,2.0644314526769784e-07,2.806095028730507e-07
51,cg40,0.6765300519046591,0.9606983576618187,0.29451402991381953,0.7853658536585366,0.4721059074296678,0.14351771127145194
51,pcg40,0.9261241996050334,0.9977733811521512,0.3083723600346438,0.9243902439024391,0.16865882501643784,0.06878725688736412
51,poisson_pcg40,1.0,1.0,0.30972668054150143,1.0,6.288923673870407e-13,1.2875914919996243e-13
51,cg80,0.8919860013058446,0.9964162354591533,0.307382194100992,0.9097560975609756,0.2261162957352955,0.052322394869609115
51,pcg80,0.9998003510872111,0.999998014901473,0.309723641230636,0.9975609756097561,0.007928795226834907,0.0018146300920164516
51,poisson_pcg80,1.0,1.0,0.30972668054150143,1.0,6.287395832375356e-13,1.2866297651703433e-13
51,poisson,0.6964167986956193,0.9624664187499173,0.28115744665291253,0.7268292682926829,2.4363269791234847,6.3380512733091505
51,amg,0.9879664138237484,0.9975867818906078,0.30792660196922916,0.9121951219512195,0.22112872317198293,0.11861192947389058
51,oracle,1.0,1.0,0.30972668054150143,1.0,6.307358369890255e-13,1.2882675981793468e-13
52,ensemble,0.22232652756282853,0.6808881330810053,0.16706548256791406,0.2707317073170732,,
52,raw,0.1050658044747184,0.6103344229318581,0.15884649856567215,0.23902439024390243,,
52,smoothed,0.0899611621350184,0.6702870452470124,0.17403163726408005,0.2951219512195122,,
52,prediction_magnitude,0.34499845521515343,0.7093445204663659,0.12143373086337561,0.12926829268292683,,
52,boundary_distance,0.32042879069535085,0.7007411034501012,0.1461665566036615,0.20092915214866433,,
52,jacobi1,0.09857551572735702,0.6037505128171194,0.15922280850145487,0.2146341463414634,0.9243305708354813,0.5525126578940831
52,jacobi5,0.24358968631340186,0.6845043208977939,0.18810702583474134,0.3,0.8439982444544701,0.31164524310033176
52,jacobi10,0.2967589186668124,0.7238377248124082,0.2019453271146578,0.33414634146341465,0.796471710051143,0.24758421708961018
52,jacobi20,0.35332674211860776,0.8018395246350727,0.21984836790088488,0.3951219512195122,0.7369092578645607,0.19575979023956558
52,jacobi40,0.41527889356049635,0.8766916347948069,0.2457855177117968,0.5,0.6621628451354149,0.14829679141401492
52,jacobi80,0.5060488440907803,0.9282525839365827,0.2623711243150391,0.5853658536585366,0.5733053390038193,0.10225873845989157
52,cg5,0.1299102531063894,0.63063536386856,0.16916642297175422,0.23902439024390243,0.8968434978270102,0.34925133728693286
52,pcg5,0.2980953933001544,0.7148379497902413,0.20088334311616537,0.33902439024390246,0.7974331245716276,0.22577930237364494
52,poisson_pcg5,0.9914005146824132,0.9992939666238768,0.2971727637515922,0.9634146341463414,0.07214666013654782,0.04439412818705438
52,cg10,0.221940885604561,0.6921734182073237,0.1924629038309891,0.3121951219512195,0.8265339653134426,0.23513221674237683
52,pcg10,0.39799990543117186,0.8662910419120469,0.2436182812862191,0.4951219512195122,0.6641695503605184,0.13795897416815067
52,poisson_pcg10,0.9999992531374584,1.0,0.29767952353524574,1.0,0.0005390636933559657,0.0005438986007786918
52,cg20,0.36365848822672225,0.8106182920212274,0.23183622080158475,0.4609756097560976,0.7006804926789265,0.13256442218713427
52,pcg20,0.5726149521859893,0.9444787792967457,0.26854539954668666,0.6390243902439025,0.5087892867725861,0.04961373282223084
52,poisson_pcg20,1.0,1.0,0.29767952353524574,1.0,9.064174614897559e-08,5.8294633949873824e-08
52,cg40,0.49039578793834004,0.9126503712134245,0.2647593126847083,0.6121951219512195,0.5667019587018854,0.0665195428307095
52,pcg40,0.7583832091526365,0.9859342535367839,0.28681203289113283,0.7878048780487805,0.34469913449585254,0.026884203850415254
52,poisson_pcg40,1.0,1.0,0.29767952353524574,1.0,1.4973338834691598e-12,1.3095176338833376e-13
52,cg80,0.6750963241384969,0.9625491311885447,0.2769602906993132,0.6780487804878049,0.4283639129481491,0.03317641726862455
52,pcg80,0.9896974744304442,0.9993197729047285,0.2971277427139022,0.948780487804878,0.06314893928172464,0.00834085001953426
52,poisson_pcg80,1.0,1.0,0.29767952353524574,1.0,1.4973338834691598e-12,1.3095176338833376e-13
52,poisson,0.5944670461894861,0.8891408493574898,0.24585730511908632,0.5317073170731708,3.0152093839476106,6.677716410826942
52,amg,0.9879077394503124,0.9979222635416805,0.2962939542403754,0.9170731707317074,0.14937769877926588,0.06134506116620022
52,oracle,1.0,1.0,0.29767952353524574,1.0,1.5250218309392113e-12,1.3291546282867584e-13
53,ensemble,0.5183333235195211,0.8072859732938078,0.21647828009760053,0.4268292682926829,,
53,raw,0.25141809796053755,0.7312461125153845,0.18242835139108224,0.3121951219512195,,
53,smoothed,0.34232089712381125,0.7994554213040774,0.1756433996648369,0.3024390243902439,,
53,prediction_magnitude,0.7934675878211164,0.9033104826436219,0.2398728261364672,0.43902439024390244,,
53,boundary_distance,0.7957610048641649,0.9288950941598402,0.24318155001264732,0.5,,
53,jacobi1,0.17207023164955418,0.6516714529597819,0.17747855887255565,0.28780487804878047,0.979064735505444,0.5440249992307271
53,jacobi5,0.2437757575899814,0.6624339954739754,0.18196142314792116,0.29024390243902437,0.9579358454812196,0.2888590488390427
53,jacobi10,0.27295438016912005,0.6749427629924699,0.18339104869684672,0.29024390243902437,0.9435693510155219,0.23661588199082453
53,jacobi20,0.30127954736295254,0.6991225864510409,0.19764307475882037,0.33658536585365856,0.9233745507019031,0.19926105530152657
53,jacobi40,0.3430960938177538,0.750801979804931,0.21073455665366414,0.3878048780487805,0.8953937700343538,0.17149092739380778
53,jacobi80,0.39383384296006146,0.8113071212101161,0.2247774764654369,0.4585365853658537,0.8575381856166007,0.15156644187492266
53,cg5,0.2362731632860214,0.7082011037147811,0.18114590189264623,0.3073170731707317,0.9673321542758715,0.3126823683948342
53,pcg5,0.2779893207282913,0.6730820639731085,0.18292239440645922,0.28536585365853656,0.9430257407667657,0.24005559697625034
53,poisson_pcg5,0.9915891394710213,0.9996995884229054,0.3092214407536602,0.9682926829268292,0.07354736264824306,0.046160496013008125
53,cg10,0.25720331476629915,0.6971904238847054,0.18579552702383742,0.3170731707317073,0.9516475726789189,0.21629076794045757
53,pcg10,0.34497468308860413,0.7392751743578206,0.214551220903255,0.3902439024390244,0.898012933173406,0.17691063031448892
53,poisson_pcg10,0.9999963886218788,1.0,0.30952517553385606,1.0,0.0012035288991169902,0.0009854097865082748
53,cg20,0.3032877776170315,0.7252378809734923,0.204447535857011,0.37317073170731707,0.9157632427407031,0.17003046147209316
53,pcg20,0.4377380003130362,0.8421926074930852,0.2338731590195986,0.5219512195121951,0.8118752634330548,0.14101574342112272
53,poisson_pcg20,0.999999999476131,1.0,0.30952517553385606,1.0,5.700797720154162e-07,4.6247155185631627e-07
53,cg40,0.370143211739292,0.9372516972592406,0.24038818571671883,0.6024390243902439,0.8008326140104884,0.1264632404137102
53,pcg40,0.6965003725616483,0.988557230390535,0.2937700855113383,0.824390243902439,0.5584695907214101,0.09428611818260034
53,poisson_pcg40,1.0,1.0,0.30952517553385606,1.0,4.4711132082311813e-13,9.088140605597925e-14
53,cg80,0.7156223598749667,0.9987699006127337,0.30719354960800893,0.9512195121951219,0.45564692252798045,0.07589609909639043
53,pcg80,0.9882802593637598,0.9996261397774043,0.3091317884056024,0.9682926829268292,0.07093752385580332,0.017867176693689542
53,poisson_pcg80,1.0,1.0,0.30952517553385606,1.0,4.1232352080340945e-13,6.723546677638217e-14
53,poisson,0.6924790769174332,0.9015801384275373,0.2663889221424676,0.6121951219512195,2.0042982183814635,6.611938945034073
53,amg,0.9941241702753556,0.9978653573839048,0.30742007318577524,0.9170731707317074,0.1955826667175552,0.07006599831177668
53,oracle,1.0,1.0,0.30952517553385606,1.0,4.334520018056317e-13,7.063873056859787e-14
54,ensemble,0.2314839242631301,0.6066150099916626,0.13167059738704814,0.15121951219512195,,
54,raw,0.26783499839151276,0.6539635800590236,0.1443808883253017,0.1902439024390244,,
54,smoothed,0.299128394999278,0.6973452615698159,0.13788223445721154,0.17317073170731706,,
54,prediction_magnitude,0.27737656532749555,0.6422402498577346,0.07318808910918752,0.012195121951219513,,
54,boundary_distance,0.3111288451462318,0.6870306896232283,0.10207623400869095,0.06329849012775843,,
54,jacobi1,0.22239893673316757,0.6070298955838175,0.15610453184794512,0.21951219512195122,0.9254528054220144,0.5785114773848418
54,jacobi5,0.3357253830055003,0.6472321109537736,0.17204997874782776,0.25609756097560976,0.8421616375940455,0.31154109496981497
54,jacobi10,0.3983832044727402,0.6859858660984873,0.18524024028235903,0.28780487804878047,0.7922727945743051,0.24559216910452825
54,jacobi20,0.4856420550086457,0.7558514087582547,0.19991956043835432,0.32926829268292684,0.7268456002819539,0.19612701012959313
54,jacobi40,0.5767748981375187,0.823095297963289,0.22105032140991707,0.4024390243902439,0.6432047980110983,0.15476134208479736
54,jacobi80,0.678324032842869,0.8910022100763602,0.25061682434203,0.5414634146341464,0.539006904148147,0.11872268110471944
54,cg5,0.3134902952014272,0.6650146235591493,0.17296019162671208,0.26097560975609757,0.8658298445090272,0.3119102066015983
54,pcg5,0.38750059528978364,0.6787045247012427,0.18701535169061037,0.3024390243902439,0.7893496826939249,0.24686696433051245
54,poisson_pcg5,0.9912217292009766,0.9992251498749388,0.30285600541462954,0.9560975609756097,0.07252522433736566,0.037133570684474086
54,cg10,0.3969255454984819,0.7235962044916162,0.1978345615528653,0.33414634146341465,0.7772209220493895,0.21402372113029824
54,pcg10,0.5512394647503512,0.8115989306935935,0.21879614171511297,0.3975609756097561,0.6474897394174169,0.16165492811876173
54,poisson_pcg10,0.9999906861334145,0.999998014901473,0.3035075599423424,0.9975609756097561,0.0017580259526854473,0.0007841337815774539
54,cg20,0.5834320379324728,0.8931315590963832,0.24517413956035247,0.5365853658536586,0.5829393793229007,0.13710855375923062
54,pcg20,0.7552160404937589,0.938066249354843,0.26872122697848466,0.6390243902439025,0.42749008018465207,0.09395109254370455
54,poisson_pcg20,0.999999998603016,1.0,0.3035080738175594,1.0,1.1255143131014997e-06,3.3457858727753403e-07
54,cg40,0.8487999897433439,0.9894399375355664,0.2972705743944357,0.8414634146341463,0.2718660378928671,0.054087073431640584
54,pcg40,0.9356580443630134,0.9902611066262589,0.296138554299649,0.8121951219512196,0.18744533659200474,0.0240180491569032
54,poisson_pcg40,1.0,1.0,0.3035080738175594,1.0,2.083817161918258e-12,1.6298560580662072e-13
54,cg80,0.9904776880429798,0.9995427656392679,0.3031304307386856,0.9658536585365853,0.05590081711552416,0.011392302560941094
54,pcg80,0.9948141516471334,0.9995057104667628,0.303065542149141,0.9560975609756097,0.04857230777876737,0.005050171857980774
54,poisson_pcg80,1.0,1.0,0.3035080738175594,1.0,2.0802620633777015e-12,1.6114492786039063e-13
54,poisson,0.5096013983613714,0.8994091023384461,0.2295420419523215,0.5,4.898280540046048,7.354224780029962
54,amg,0.9558771266496147,0.9977078729007584,0.30140670926266216,0.9195121951219513,0.18864067681630017,0.07213903141078981
54,oracle,1.0,1.0,0.3035080738175594,1.0,2.0901481211321726e-12,1.6202949674410503e-13
55,ensemble,0.1040913341327993,0.5831544538993952,0.13021192662800857,0.17317073170731706,,
55,raw,0.2329083902003588,0.661371306062491,0.14792769377866186,0.2658536585365854,,
55,smoothed,0.25139501384858126,0.6798466180538094,0.15575313299441174,0.2926829268292683,,
55,prediction_magnitude,0.20906852651889038,0.7422786284292577,0.17905061403260897,0.36829268292682926,,
55,boundary_distance,0.21663882601941442,0.7616598070484232,0.1380011587616241,0.22996515679442506,,
55,jacobi1,0.2092841976151696,0.6447818376718765,0.1603974778306701,0.24878048780487805,0.8997426896790128,0.5213342207243872
55,jacobi5,0.30262190661654065,0.7103933141881609,0.17999745665105227,0.2975609756097561,0.8155523098935712,0.26732166350481484
55,jacobi10,0.3574955023403393,0.7459212842264071,0.18455336774080505,0.3146341463414634,0.7755121657548137,0.20839772734528525
55,jacobi20,0.4114075933048371,0.7840689226208594,0.19232459133343036,0.34146341463414637,0.7283518791515738,0.15957906421086152
55,jacobi40,0.46686379821438634,0.8270152058547172,0.20552859727488568,0.40487804878048783,0.6772479763021527,0.11854582290497986
55,jacobi80,0.5150029399876372,0.8660164366158041,0.2183213337569487,0.4609756097560976,0.6260687215648416,0.08747829043785564
55,cg5,0.2624685512720489,0.6917691198073131,0.17545060175513202,0.33658536585365856,0.8569268981275157,0.3326837987196509
55,pcg5,0.3502544482273839,0.7390402710321189,0.18330587054273909,0.3170731707317073,0.7756867949410144,0.21220549524046983
55,poisson_pcg5,0.9877971068783803,0.9991748607122534,0.28436398374611416,0.948780487804878,0.07311061222110625,0.04036332816012382
55,cg10,0.31625438824089325,0.7364728769371253,0.18923726615914432,0.36097560975609755,0.7862526673037326,0.205722798624138
55,pcg10,0.45398768019416513,0.8191740666728425,0.20271370986303594,0.4024390243902439,0.6844911229024471,0.12498218814468809
55,poisson_pcg10,0.9999942337741433,1.0,0.2849813422601146,1.0,0.001374480671804831,0.0005851985256540204
55,cg20,0.4702456429677281,0.8171763958551143,0.2184260216827008,0.4682926829268293,0.6738463173212217,0.12265365793936338
55,pcg20,0.534315359437543,0.8891547450471792,0.22916831522691375,0.5292682926829269,0.5944470533709539,0.0690795445869295
55,poisson_pcg20,0.9999999998253771,1.0,0.2849813422601146,1.0,1.588736199008817e-07,1.6133541903314167e-07
55,cg40,0.6498699304919462,0.9008350647803819,0.2413811366012356,0.5487804878048781,0.5261818718919165,0.059339577945635
55,pcg40,0.7087226256106497,0.9476317774572212,0.25594226014367877,0.6195121951219512,0.429322755077629,0.03650823776801666
55,poisson_pcg40,1.0,1.0,0.2849813422601146,1.0,1.113358150014637e-12,9.968273885399696e-14
55,cg80,0.7737262089093937,0.9586239297010442,0.26236261583983694,0.651219512195122,0.37831348601333403,0.029932926462438336
55,pcg80,0.9894436845317445,0.9990048039384355,0.28441499766725625,0.9463414634146341,0.07051069830605157,0.009592024821384866
55,poisson_pcg80,1.0,1.0,0.2849813422601146,1.0,1.1067900836148155e-12,9.874552222128573e-14
55,poisson,0.38453606316848477,0.7861076188081468,0.1827567388717466,0.3195121951219512,2.8074710915511623,6.48148222940954
55,amg,0.9588323490952797,0.9885856834694229,0.2791684402070728,0.824390243902439,0.20819749090532702,0.05997137048436454
55,oracle,1.0,1.0,0.2849813422601146,1.0,1.0920325537111587e-12,9.728750867140871e-14
56,ensemble,0.12416947278831737,0.5475867818906078,0.10693083881290007,0.09268292682926829,,
56,raw,-0.12475581733451441,0.5238496354035705,0.1126113736269557,0.14878048780487804,,
56,smoothed,-0.20288629036836567,0.47892354723872793,0.11208481526871068,0.15609756097560976,,
56,prediction_magnitude,0.4255339665540251,0.6767809642285245,0.1290270445447544,0.20243902439024392,,
56,boundary_distance,0.4647370208459276,0.7239058798618372,0.13532921126516706,0.24065040650406505,,
56,jacobi1,-0.14030947912699235,0.5403630083506478,0.09650323658091842,0.12439024390243902,0.9597981594145955,0.5248102714964618
56,jacobi5,-0.0029903445429001474,0.6401168561332927,0.11615424158507255,0.2073170731707317,0.9195242130883526,0.26762888643762156
56,jacobi10,0.04912731862314828,0.6904218996069504,0.12196128490297888,0.23902439024390243,0.8945655562064109,0.2038684135091399
56,jacobi20,0.10782492652143844,0.7456857192011963,0.13407097745034666,0.29024390243902437,0.8607868437982205,0.1540766987372715
56,jacobi40,0.19897098214984207,0.8118483914084936,0.14572191792442912,0.33658536585365856,0.8135171631420572,0.11402673002010506
56,jacobi80,0.328367363617766,0.8755541733388034,0.16135753224992336,0.4073170731707317,0.7471240856203681,0.08374705150556021
56,cg5,-0.10767453683416393,0.5598017548270979,0.10863626945655168,0.17804878048780487,0.9394947944874535,0.3013454749961441
56,pcg5,0.04839270151884564,0.6822141788970792,0.12398963972575308,0.25365853658536586,0.8963955077846696,0.20179218867623475
56,poisson_pcg5,0.9975049592580809,0.9986494713020923,0.21321917480558455,0.9439024390243902,0.043965966792046916,0.039714112629836554
56,cg10,-0.024549488393745624,0.6254628588065587,0.11556958367090252,0.2097560975609756,0.9103384750623653,0.1964994485437054
56,pcg10,0.171904719261827,0.7894895649987428,0.14315246122721348,0.3195121951219512,0.8248919796439833,0.11978008575279388
56,poisson_pcg10,0.9999993048258643,0.999999338300491,0.21363176815909252,0.9975609756097561,0.00047166710113593843,0.00040717143854002245
56,cg20,0.09683756921217258,0.7227670950068155,0.13633293696381962,0.3,0.862913853580606,0.12434691271955814
56,pcg20,0.410726717998283,0.8953707502349033,0.1746346682383104,0.4853658536585366,0.6894575597218745,0.06889843264194842
56,poisson_pcg20,0.9999999998253771,1.0,0.21363183891484225,1.0,9.127944041235449e-08,1.4481769415698268e-07
56,cg40,0.26679222199572455,0.8452331167370274,0.1582224551282215,0.375609756097561,0.7731824547712641,0.0818988676923006
56,pcg40,0.7082682370247014,0.9517210804229583,0.19582043660707957,0.6292682926829268,0.4729953389068266,0.04441468770563798
56,poisson_pcg40,1.0,1.0,0.21363183891484225,1.0,2.539229475185144e-12,2.470826150878907e-13
56,cg80,0.5725020285603868,0.9258711274036234,0.18853868151222308,0.5804878048780487,0.5840442418899677,0.05362332383094065
56,pcg80,0.9860675654917251,0.9940830829903524,0.21188550149626148,0.8682926829268293,0.08759430900060723,0.01589101365034113
56,poisson_pcg80,1.0,1.0,0.21363183891484225,1.0,2.5394326565135135e-12,2.4696133900308527e-13
56,poisson,0.4839354803872954,0.7817093021716978,0.1179458834548897,0.22439024390243903,2.5041277638278308,6.781839403406858
56,amg,0.9915779665680509,0.9971500602146554,0.21278406906173533,0.9121951219512195,0.12267141235754946,0.05500462082741719
56,oracle,1.0,1.0,0.21363183891484225,1.0,2.5020785197860622e-12,2.433402670847597e-13
57,ensemble,0.25947133164728553,0.7256487963685931,0.1858658205608283,0.28780487804878047,,
57,raw,0.19967503673788378,0.662351283035348,0.19184416194525405,0.3073170731707317,,
57,smoothed,0.2605600059505928,0.7421661395127245,0.19479676377419672,0.33170731707317075,,
57,prediction_magnitude,0.39454687089985213,0.7396642536691238,0.21848388877701783,0.40487804878048783,,
57,boundary_distance,0.42186934086736755,0.7698225321916811,0.2613915516576167,0.5340301974448316,,
57,jacobi1,0.13538180493231447,0.6028790545637415,0.15661061224417075,0.20243902439024392,0.9747535726757539,0.5814651181203754
57,jacobi5,0.25817412675651175,0.6336785199105383,0.18084170278044617,0.26097560975609757,0.9362523159781123,0.3558695699102548
57,jacobi10,0.29918050738987745,0.668738006696399,0.19819291649112541,0.3024390243902439,0.9032285785061435,0.3099323571737175
57,jacobi20,0.3751631123693094,0.7316550428119583,0.22932565420537895,0.40487804878048783,0.8505442600016826,0.2675482663668005
57,jacobi40,0.4901136184854168,0.8384917221391421,0.26054194011539883,0.5121951219512195,0.7703757681633169,0.22579522068590238
57,jacobi80,0.6226668501395531,0.9334383229887644,0.2895937739477256,0.6219512195121951,0.654733526735652,0.18543873589537763
57,cg5,0.1988325934277717,0.6334899355504678,0.1852397175487966,0.2731707317073171,0.9440556154148443,0.36714495970008004
57,pcg5,0.30083368526851373,0.6781678863994283,0.19977841068602534,0.3048780487804878,0.9017780156293509,0.31196496339324975
57,poisson_pcg5,0.9940014904631258,0.9998358985217632,0.3422272710315531,0.9804878048780488,0.05104279339396167,0.043494126628888324
57,cg10,0.2583913636971706,0.6852050606778449,0.19383647006836746,0.3097560975609756,0.8985149465445442,0.2849960358788327
57,pcg10,0.47510230235666717,0.8243445866363167,0.2610519210863464,0.5170731707317073,0.7516649679540012,0.22466852922677272
57,poisson_pcg10,0.9999973925294664,1.0,0.3423558611663303,1.0,0.001029114698415904,0.0007288537878396379
57,cg20,0.41228917748574856,0.8502527692124452,0.2639173521864996,0.5658536585365853,0.7531033849358507,0.2117019806369898
57,pcg20,0.7701146025558324,0.9823928377645144,0.3256158784780733,0.8121951219512196,0.40611147701572664,0.13670847894537616
57,poisson_pcg20,0.9999999998253771,1.0,0.3423558611663303,1.0,2.0787226751161543e-07,2.616739227883309e-07
57,cg40,0.7333815373121002,0.9714397257917234,0.33002281028133773,0.8195121951219512,0.4297187707344047,0.10679762867014918
57,pcg40,0.9086476400526697,0.9973088680968198,0.337979968301068,0.9146341463414634,0.2017187719486509,0.03578743491776562
57,poisson_pcg40,1.0,1.0,0.3423558611663303,1.0,1.7368737027900576e-12,2.0658219319723375e-13
57,cg80,0.9309167285251159,0.9974299591069703,0.33975327878280764,0.9097560975609756,0.16732649252049656,0.032213819354506866
57,pcg80,0.9736183853229291,0.9986110927305691,0.3404460462990942,0.9243902439024391,0.10772470717470807,0.012001339473269632
57,poisson_pcg80,1.0,1.0,0.3423558611663303,1.0,1.7312359163932228e-12,2.059415246472986e-13
57,poisson,0.46650912878716755,0.9014147135502826,0.2648334719987789,0.6,3.6898039022814237,6.892489735141253
57,amg,0.9435455021559375,0.9965962177256065,0.33947169995850607,0.9073170731707317,0.23989344451550682,0.08557031121672296
57,oracle,1.0,1.0,0.3423558611663303,1.0,1.7267871625647892e-12,2.0493460657153705e-13
58,ensemble,0.22396700371418915,0.6154328176488493,0.12141748872390576,0.14390243902439023,,
58,raw,0.17975891853409895,0.7296170083241799,0.17670085488302933,0.3195121951219512,,
58,smoothed,0.20116810384183997,0.7747442531397641,0.1777060739878076,0.3121951219512195,,
58,prediction_magnitude,0.30314676046966826,0.6709116895835263,0.08020593260310546,0.024390243902439025,,
58,boundary_distance,0.3303372951411274,0.731576300570385,0.12712037689080372,0.1740998838559814,,
58,jacobi1,0.13789819350976906,0.63290168468695,0.1707448338086525,0.24390243902439024,0.943028466996391,0.6177487202098003
58,jacobi5,0.22303331255599115,0.6587820758836997,0.18631587281251957,0.28292682926829266,0.8653711239424458,0.386648681875379
58,jacobi10,0.29342521188474596,0.6978964572608287,0.20037056766037323,0.3170731707317073,0.8128102689467396,0.31569574474670375
58,jacobi20,0.38327007772567223,0.7595496473141617,0.22939200635486537,0.3951219512195122,0.74248881807022,0.2520080924116029
58,jacobi40,0.5058317138447703,0.8281923692812619,0.25241017360501206,0.4853658536585366,0.6504000341589048,0.18765668614574954
58,jacobi80,0.6475026285649913,0.9032813678652251,0.275265433497538,0.5756097560975609,0.5388984572605409,0.12278994479690847
58,cg5,0.20124288544016397,0.7251849450127708,0.19639071522942744,0.3170731707317073,0.8755981140109026,0.3765513981481447
58,pcg5,0.2888568580260863,0.7039053505022299,0.21022678255284555,0.3439024390243902,0.8009005559557906,0.30760505825062057
58,poisson_pcg5,0.9901881898376571,0.9994481426094782,0.32841830120935717,0.9658536585365853,0.06269262074107794,0.038968929568995815
58,cg10,0.28189454499282957,0.7317562828368381,0.22108963923126476,0.3804878048780488,0.7809240153258492,0.2581379380682177
58,pcg10,0.49460036298672044,0.8279759935418128,0.25014852694890594,0.47560975609756095,0.6291851185284445,0.18981890935866927
58,poisson_pcg10,0.9999934387156556,1.0,0.32914802266542165,1.0,0.0013606738438223082,0.0007104095963182057
58,cg20,0.4233563315657016,0.8628171194896973,0.27219228695941894,0.5658536585365853,0.6358894343490615,0.13282755023242912
58,pcg20,0.7299536935445261,0.9442670354538597,0.29048685942080515,0.6731707317073171,0.43734784691907935,0.07624845913157383
58,poisson_pcg20,0.9999999987776391,1.0,0.32914802266542165,1.0,7.345746933386075e-07,2.8801770499023037e-07
58,cg40,0.5477953024640674,0.9535043605997644,0.29616781077166954,0.6878048780487804,0.497907380612667,0.07015354367585272
58,pcg40,0.8535697652874188,0.9761060307293252,0.3116998636058979,0.7560975609756098,0.30200884376755144,0.03845406613216204
58,poisson_pcg40,1.0,1.0,0.32914802266542165,1.0,1.5068275575366432e-12,1.2474658333541415e-13
58,cg80,0.8940443116881288,0.996792080780276,0.326005297771519,0.9073170731707317,0.20136240592260551,0.029379162767675004
58,pcg80,0.9554075734536953,0.9971480751161282,0.3269601298855682,0.8951219512195122,0.12918949254761003,0.011191699846551153
58,poisson_pcg80,1.0,1.0,0.32914802266542165,1.0,1.4917945591011287e-12,1.2110740000231455e-13
58,poisson,0.3563924871237196,0.8575096277278562,0.254961164924122,0.5804878048780487,6.178834069785628,6.2604300072751595
58,amg,0.8589016751220518,0.9851627119092677,0.3163176667236065,0.7853658536585366,0.3060755360157141,0.09389664117417323
58,oracle,1.0,1.0,0.32914802266542165,1.0,1.506207277123765e-12,1.2244412012307964e-13
59,ensemble,0.2894496056481961,0.643509389516033,0.15240843437917387,0.20243902439024392,,
59,raw,0.281348280963758,0.7865046385135582,0.20889552994333935,0.4,,
59,smoothed,0.3670204907439756,0.8831934941704274,0.2137540447103777,0.424390243902439,,
59,prediction_magnitude,0.30497340508861803,0.5353221814909414,0.07781169030661893,0.0,,
59,boundary_distance,0.42785808294571115,0.6219247515318344,0.1152543543559302,0.01753774680603949,,
59,jacobi1,0.12745435148903958,0.6581574315471858,0.1561531789987143,0.2707317073170732,0.9765733565348762,0.5544481846312269
59,jacobi5,0.21749556167723236,0.6475523735161388,0.1661112352269779,0.28536585365853656,0.9529239521038255,0.302066224996364
59,jacobi10,0.23759252050045998,0.6432506650080065,0.16457695341540918,0.28292682926829266,0.9398954733455176,0.24835601595945866
59,jacobi20,0.25285959802150193,0.6519778198324577,0.1641274838433092,0.29024390243902437,0.9228733954126407,0.21118428761478267
59,jacobi40,0.2768666848721615,0.668632134774956,0.17253010650057976,0.33902439024390246,0.8993355441797076,0.18135431531259547
59,jacobi80,0.3231641497067228,0.7236101001813057,0.18098951804140306,0.3780487804878049,0.8677249059055955,0.15500832516271454
59,cg5,0.22280523921086948,0.7095701599989412,0.1808293537570135,0.33170731707317075,0.960809462484023,0.33392527124832644
59,pcg5,0.2372333100023045,0.6405350502229927,0.1664876932042168,0.28780487804878047,0.9397691866298343,0.24962903975107187
59,poisson_pcg5,0.9976296269784646,0.9996969416248693,0.29675902237770957,0.9658536585365853,0.04399790914128671,0.04229075442843494
59,cg10,0.2353059445131388,0.6937151780633378,0.16858548623003256,0.3073170731707317,0.9375070026274096,0.2390471226019949
59,pcg10,0.26992498433701606,0.6581316252663341,0.16893062436455603,0.32195121951219513,0.9032045941860154,0.18775372326993378
59,poisson_pcg10,0.9999994317767803,1.0,0.2970273732775342,1.0,0.0006544014779260657,0.0005860817984622314
59,cg20,0.31576044510227486,0.7724997684051719,0.19504900922511414,0.43902439024390244,0.8866534894316344,0.1692237629631332
59,pcg20,0.3801390073065613,0.7924506703016027,0.19336752844560043,0.4195121951219512,0.8307646753762333,0.13673865864660206
59,poisson_pcg20,1.0,1.0,0.2970273732775342,1.0,3.3900855805685637e-07,3.1303054031440893e-07
59,cg40,0.4336783316153225,0.9371564125299419,0.23831086534925247,0.6292682926829268,0.7684108069874416,0.12191072696773002
59,pcg40,0.5420942322877523,0.9803342905919564,0.2722341169902555,0.775609756097561,0.6387023721696329,0.09410411257614153
59,poisson_pcg40,1.0,1.0,0.2970273732775342,1.0,1.5570162086705001e-12,2.0465143205442902e-13
59,cg80,0.6341173813175526,0.9937317205510634,0.2913421901619219,0.8682926829268293,0.49562395976191176,0.06854597509731163
59,pcg80,0.9449275216091065,0.9991126609584056,0.296065283230285,0.948780487804878,0.162019182015758,0.029704112227679335
59,poisson_pcg80,1.0,1.0,0.2970273732775342,1.0,1.5590192661773889e-12,2.0470271556105408e-13
59,poisson,0.5023248018336365,0.8863253179466141,0.2137208199639396,0.5219512195121951,2.052259948499259,6.709772570263777
59,amg,0.9925694279018263,0.9996373886690576,0.29668600611979984,0.9682926829268292,0.14368837022659042,0.06149936741605348
59,oracle,1.0,1.0,0.2970273732775342,1.0,1.503386041191211e-12,1.972697941441862e-13
60,ensemble,0.26442323635386966,0.6652442332887789,0.14835466181480092,0.25365853658536586,,
60,raw,0.03894752822131087,0.570064052512473,0.14638880617957184,0.2146341463414634,,
60,smoothed,0.012044748427219597,0.6108551804454561,0.16601782575141125,0.2682926829268293,,
60,prediction_magnitude,0.47103051587096695,0.8011083466776068,0.14134220869451372,0.1926829268292683,,
60,boundary_distance,0.48403164133078125,0.8297883884970157,0.17045030491485016,0.26277584204413473,,
60,jacobi1,0.04700501502567992,0.5641908076704207,0.1478126881961511,0.18292682926829268,0.9766773114670768,0.6497672105316012
60,jacobi5,0.15866701761697338,0.5719776874925558,0.1568668632780675,0.17560975609756097,0.9387085728929726,0.4164849385895132
60,jacobi10,0.21931882601827835,0.5864338366660932,0.16740806292002372,0.17560975609756097,0.9096929047133648,0.33989681057745647
60,jacobi20,0.2806862347306861,0.6148319944946601,0.19246213253192393,0.24390243902439024,0.8703995404677658,0.26718034127964174
60,jacobi40,0.37243168745015565,0.7046219710704975,0.21440575037804677,0.3097560975609756,0.8202509219503668,0.20197317581521493
60,jacobi80,0.47132804009830076,0.821666027023808,0.2388235421730452,0.4097560975609756,0.7576560772333408,0.15385487105960607
60,cg5,0.07231869187987995,0.5621547582811693,0.15695296110589071,0.1878048780487805,0.941872965177133,0.40256764385350063
60,pcg5,0.2355198884133928,0.5838750446647168,0.17214548887724773,0.18536585365853658,0.8969006016961306,0.32852238648717463
60,poisson_pcg5,0.9950700719463497,0.999650622659238,0.3295588396598519,0.9682926829268292,0.05475471421481379,0.04106087713061263
60,cg10,0.18496132411530683,0.6018785649061048,0.1772287458909108,0.21951219512195122,0.900661601390339,0.26921524981219597
60,pcg10,0.3753802337095467,0.6976006775802972,0.21530206816791686,0.3097560975609756,0.8127755269914685,0.20230925330919744
60,poisson_pcg10,0.9999974271048191,1.0,0.3298387540448402,1.0,0.001082451973255379,0.0008260173958974605
60,cg20,0.3127795261846759,0.6747561637309265,0.21792502258160198,0.348780487804878,0.8410861138040164,0.17320705725724392
60,pcg20,0.5258575468020356,0.8876010746000026,0.2625745801130437,0.524390243902439,0.6973054478052784,0.13238970690413518
60,poisson_pcg20,0.9999999998253771,1.0,0.3298387540448402,1.0,1.3376963259408506e-07,2.0890496150370976e-07
60,cg40,0.44395304463151364,0.8034759075208766,0.24975085772921368,0.4560975609756098,0.7217887682952457,0.11943483004347544
60,pcg40,0.7789270248974949,0.9753774995698953,0.3105862103346722,0.7365853658536585,0.39513612244692387,0.06991606294920248
60,poisson_pcg40,1.0,1.0,0.3298387540448402,1.0,7.526533916641341e-13,1.1573765801869325e-13
60,cg80,0.7134517070124012,0.9808325503222477,0.3083232097302688,0.724390243902439,0.4140623453989959,0.06295352056037985
60,pcg80,0.9750893875893398,0.9996579013538371,0.3294398634800104,0.973170731707317,0.08513204208001236,0.018200552392434597
60,poisson_pcg80,1.0,1.0,0.3298387540448402,1.0,7.530980480869014e-13,1.1367919449261437e-13
60,poisson,0.7214756646304787,0.9414091552744068,0.278930241744176,0.6195121951219512,2.6264952794046272,6.456236584749545
60,amg,0.989863248228792,0.9991007503672432,0.32925372266735287,0.9560975609756097,0.1622066224996362,0.10218456843595126
60,oracle,1.0,1.0,0.3298387540448402,1.0,7.681004261780785e-13,1.1579310586143547e-13
61,ensemble,0.1646000215289196,0.5878101716448526,0.12213183402194262,0.17073170731707318,,
61,raw,0.037018899684035766,0.5804070775379485,0.11738035799752002,0.16097560975609757,,
61,smoothed,-0.016254004419554286,0.521317973082064,0.11339785225309867,0.16341463414634147,,
61,prediction_magnitude,0.12545517736348513,0.5382700528036208,0.08974102446406661,0.05609756097560976,,
61,boundary_distance,0.11526943505569619,0.5398369572409777,0.0916237267173247,0.04936120789779326,,
61,jacobi1,0.1066163658499228,0.6516562338710745,0.13627961531239663,0.24878048780487805,0.9176556102323682,0.5950973562267687
61,jacobi5,0.2053313636139103,0.7209368341648691,0.15590909315161042,0.32439024390243903,0.8266674511029423,0.3253393942331851
61,jacobi10,0.2794705944937822,0.7600393049508357,0.16957819470118835,0.37073170731707317,0.7735284314821477,0.25044815052260794
61,jacobi20,0.38244767083241693,0.8060876354829745,0.1870490669317302,0.43414634146341463,0.7021084433413578,0.18555980096312352
61,jacobi40,0.5363173839396915,0.865250850283869,0.2019755001274359,0.4853658536585366,0.6034413953898855,0.12510597152373557
61,jacobi80,0.718509750892058,0.9224660217302119,0.21507566717627513,0.5365853658536586,0.47455498879031505,0.07536133616575813
61,cg5,0.1595247303108524,0.6509508621944603,0.15293477173516334,0.25853658536585367,0.8430024378594094,0.32057284977045103
61,pcg5,0.2817790544092278,0.7526104045630798,0.17179480038402062,0.37073170731707317,0.7664466208873425,0.24941803224497733
61,poisson_pcg5,0.9903651871796436,0.9973512168653971,0.2424061934183818,0.9121951219512195,0.07846067661221999,0.03924665279452505
61,cg10,0.2821033918225366,0.7064601723065521,0.1801861614277773,0.33658536585365856,0.7639444196013483,0.18688113603991263
61,pcg10,0.5056456811598722,0.8491847862048887,0.19953576922208835,0.4634146341463415,0.6071339064083673,0.1324968522022222
61,poisson_pcg10,0.9999743829815282,0.9999940447044189,0.24372242693277268,0.9975609756097561,0.003504672221241743,0.0010011053071191794
61,cg20,0.40831474157249875,0.7562391646705399,0.1930651865885097,0.3829268292682927,0.6740108305616783,0.11034108600143651
61,pcg20,0.8032045805874217,0.9445992086073872,0.22209417385940639,0.5902439024390244,0.389023728518049,0.05682034223560867
61,poisson_pcg20,0.9999999996507541,1.0,0.2437229796302721,1.0,7.762117015846477e-07,4.1276828317130053e-07
61,cg40,0.6630177212023495,0.8745232455037518,0.21185884770797442,0.48048780487804876,0.4993437050484718,0.06544446148432188
61,pcg40,0.9829803212529425,0.9958531291769781,0.24186315068660386,0.8975609756097561,0.09900197114943592,0.01670917210308045
61,poisson_pcg40,1.0,1.0,0.2437229796302721,1.0,2.1196371866592663e-12,1.900996686451497e-13
61,cg80,0.9470904313389097,0.9885347326072284,0.23929709700586807,0.8146341463414634,0.17962424013634695,0.023868889891266763
61,pcg80,0.9950008288654995,0.9993495493826343,0.24342526907203751,0.9585365853658536,0.0500685823723493,0.004227373221598667
61,poisson_pcg80,1.0,1.0,0.2437229796302721,1.0,2.1633899854509574e-12,1.8723765643057748e-13
61,poisson,0.4182284398857692,0.6993105091116022,0.16905311174922283,0.25365853658536586,4.4650500440753005,7.041615804369977
61,amg,0.9749825752446288,0.9949982134113257,0.2417289523485513,0.8829268292682927,0.15143212657756663,0.06589629707657975
61,oracle,1.0,1.0,0.2437229796302721,1.0,2.1478451773585848e-12,1.859085474894851e-13
62,ensemble,0.12715804787642795,0.5916314863094372,0.12223140957168845,0.16585365853658537,,
62,raw,0.2092080958670174,0.5802171697788601,0.13271761064001664,0.18292682926829268,,
62,smoothed,0.23509944775967362,0.5959040800391726,0.1267101084755689,0.18048780487804877,,
62,prediction_magnitude,0.2501721760011458,0.759455024284372,0.11281096948064645,0.18292682926829268,,
62,boundary_distance,0.3085948191457161,0.7480605587390654,0.15753509979643276,0.2186991869918699,,
62,jacobi1,0.18419951873483995,0.6214132578113627,0.14728658233531824,0.2146341463414634,0.9187560151446014,0.5709030362209709
62,jacobi5,0.3102654134686911,0.6755323372550057,0.18191139312665333,0.3097560975609756,0.8294529098059932,0.30658317263799717
62,jacobi10,0.3762687682348314,0.7220709871233275,0.2030016323994776,0.37317073170731707,0.7743662604606069,0.23125241272823868
62,jacobi20,0.45331205353091597,0.7779918743300293,0.2211083556517402,0.43902439024390244,0.7025265630896476,0.17171222219211266
62,jacobi40,0.551330614111069,0.8462210341039927,0.2402929187925716,0.5121951219512195,0.6122768539234811,0.12295364254983038
62,jacobi80,0.6660180447508162,0.9195161653190054,0.25695586321122366,0.5878048780487805,0.5054276700369477,0.08820608086918849
62,cg5,0.2389746389648662,0.6244411947646334,0.15737301972338522,0.26097560975609757,0.873008529719716,0.31990887945750895
62,pcg5,0.37101678194717885,0.7149074282386882,0.20122036874853066,0.37317073170731707,0.770416981228914,0.22661353737092813
62,poisson_pcg5,0.9949817050284046,0.9991596416235459,0.29809757972692774,0.9560975609756097,0.05081802546399188,0.03967230257004135
62,cg10,0.34467994427263404,0.6780229742069531,0.1837240102839596,0.33414634146341465,0.7982424976879251,0.20080691641487966
62,pcg10,0.5305557269189196,0.8247071979672591,0.23605301894344954,0.4951219512195122,0.6174629689168439,0.12785914569815948
62,poisson_pcg10,0.9999957945544561,0.999999338300491,0.2986187712586933,0.9975609756097561,0.0014337374479048068,0.0007492022827759107
62,cg20,0.5009812790670449,0.7613898336487435,0.22259270370310957,0.44634146341463415,0.6756344707926333,0.12890657704126937
62,pcg20,0.7324503397702442,0.9568148432433863,0.26847467081794835,0.6585365853658537,0.41473576004295254,0.07153954138615902
62,poisson_pcg20,0.999999999126885,1.0,0.2986198924012537,1.0,1.1339228996927372e-06,4.266084572478218e-07
62,cg40,0.7285625907271224,0.8754284504320898,0.25976993110477764,0.5951219512195122,0.4620259486173602,0.06556154291590088
62,pcg40,0.9737391381704293,0.9972096131704671,0.29656786836869864,0.926829268292683,0.11707295892928783,0.02370131239776243
62,poisson_pcg40,1.0,1.0,0.2986198924012537,1.0,1.4372482633284264e-12,1.3897914304982846e-13
62,cg80,0.9329007389192909,0.9884493733705649,0.29288388879446037,0.8390243902439024,0.1930303825113349,0.025509044035339996
62,pcg80,0.9998448476452104,0.9999973532019639,0.2986195403187782,0.9975609756097561,0.006429368556287642,0.0009261507243856312
62,poisson_pcg80,1.0,1.0,0.2986198924012537,1.0,1.4902287780173989e-12,1.314831775399865e-13
62,poisson,0.6379034058314915,0.868250334158252,0.21573839418861362,0.4024390243902439,3.9530213015335303,7.1396155827920715
62,amg,0.981056549854222,0.9972288024562286,0.29659841048643504,0.9097560975609756,0.17141923299649897,0.06495343210661463
62,oracle,1.0,1.0,0.2986198924012537,1.0,1.4885224104620552e-12,1.3118700730308925e-13
63,ensemble,0.03394121046619254,0.5032271085054855,0.07618519703419015,0.03902439024390244,,
63,raw,-0.03804887743678703,0.522362796606805,0.1045242948460173,0.12682926829268293,,
63,smoothed,-0.10746449104298597,0.48933538901314133,0.09945401885854244,0.11707317073170732,,
63,prediction_magnitude,0.4063646352801814,0.7380702195518971,0.15644046416684917,0.25853658536585367,,
63,boundary_distance,0.45892925175883525,0.8646996545928562,0.18479996807961105,0.43397212543554003,,
63,jacobi1,0.01856532046867582,0.4968072998689835,0.10463819106824943,0.07073170731707316,0.9662132669685987,0.5805933238778549
63,jacobi5,0.08658670585513971,0.5039344652806268,0.11739630279573497,0.0975609756097561,0.9302076117030859,0.3076026532797143
63,jacobi10,0.12042038208516728,0.509347828963911,0.12576946697388797,0.1073170731707317,0.9099180674462143,0.24557134939467287
63,jacobi20,0.17223909854497976,0.5298836732263145,0.1350285639062961,0.13414634146341464,0.8816247368403666,0.2036382146823315
63,jacobi40,0.24269397373536072,0.5906859177110491,0.15031048177144601,0.17804878048780487,0.8387287560645411,0.17141747465221266
63,jacobi80,0.3632541909448507,0.7224905046120456,0.16957585204827183,0.24878048780487805,0.7723953649063594,0.1410929575153681
63,cg5,0.009229544634642877,0.5113600571708375,0.10964492610251099,0.11707317073170732,0.9460568882801499,0.35208072237463367
63,pcg5,0.1175842752218187,0.5085359236663446,0.1256569336158571,0.1048780487804878,0.909833212374902,0.24729295594904147
63,poisson_pcg5,0.9965839340294449,0.9993707237669229,0.2566864353491198,0.9560975609756097,0.04608283642421257,0.03939713452746992
63,cg10,0.08748827022430422,0.5529386075195533,0.12289290386444886,0.13658536585365855,0.9137565112757234,0.23760561179521128
63,pcg10,0.22555086953589287,0.5701269139658298,0.14676936748981265,0.16097560975609757,0.848859732705653,0.18062593774772806
63,poisson_pcg10,0.9999975086537569,0.999999338300491,0.2569117294246752,0.9975609756097561,0.0009304005849041755,0.0007874623382863755
63,cg20,0.19258830883833744,0.6193712531265302,0.15463029006649961,0.2780487804878049,0.8530070924659907,0.1643664614201743
63,pcg20,0.4776085154776881,0.8491477310323836,0.19237761533330958,0.36585365853658536,0.6688379274888819,0.114535501320727
63,poisson_pcg20,0.999999999476131,1.0,0.2569117538947042,1.0,7.968150898359644e-07,4.963212543543484e-07
63,cg40,0.3805008074637053,0.741520982491431,0.18566491012427616,0.37317073170731707,0.7333931526890387,0.10543007658647509
63,pcg40,0.8129251427270557,0.9812600082050739,0.24251218189519214,0.7634146341463415,0.36898108789993156,0.057141227875862705
63,poisson_pcg40,1.0,1.0,0.2569117538947042,1.0,5.383317621962737e-13,8.91168215030437e-14
63,cg80,0.6727118558982004,0.9330452734804071,0.22956426623617274,0.6146341463414634,0.5058508621819632,0.0641186256390431
63,pcg80,0.9949540794962655,0.9995679102206106,0.25670307005229587,0.9634146341463414,0.04914788948036313,0.01289517842995391
63,poisson_pcg80,1.0,1.0,0.2569117538947042,1.0,5.533217375829525e-13,8.788833595288538e-14
63,poisson,0.7041976886160226,0.9089508092584996,0.16832387004732002,0.37073170731707317,2.510915318893876,7.0067340083362515
63,amg,0.9929300528462263,0.9972890171115493,0.2556901437416215,0.9170731707317074,0.17431868799326236,0.07241829476499402
63,oracle,1.0,1.0,0.2569117538947042,1.0,5.397672425592742e-13,8.591037498282409e-14
64,ensemble,0.25447651770570984,0.5820474306208064,0.12426503701238698,0.11219512195121951,,
64,raw,0.3415117739762678,0.7208164048542276,0.1536533482912653,0.2146341463414634,,
64,smoothed,0.4175774642265939,0.7489472360811509,0.1423148360697132,0.17804878048780487,,
64,prediction_magnitude,0.30768376775482775,0.6132928814366819,0.12729504192213684,0.12682926829268293,,
64,boundary_distance,0.41248886577008975,0.6976866985164697,0.15722292713121525,0.22961672473867595,,
64,jacobi1,0.1628247165198269,0.6201712478329341,0.14118991327724673,0.21951219512195122,0.9637411545096729,0.60661732574877
64,jacobi5,0.2196584501030304,0.6434862300332174,0.1560097199683998,0.24634146341463414,0.9235576366897469,0.3583021524757041
64,jacobi10,0.25155289241754,0.6483212683456189,0.16926716139022155,0.275609756097561,0.9013993533682108,0.29400916233578617
64,jacobi20,0.2834639342191553,0.6604760266267883,0.18012471661384136,0.2926829268292683,0.8759438680338804,0.2399327859035015
64,jacobi40,0.3079643359149038,0.689322155022961,0.19390531134928418,0.3146341463414634,0.8458267155155857,0.19452549101041652
64,jacobi80,0.3153800191328127,0.7383858502176991,0.20644535582313536,0.35365853658536583,0.8033055939782134,0.1607326219042313
64,cg5,0.28378913095221336,0.7071926736630362,0.17694220227602697,0.3097560975609756,0.9323696513571937,0.37899642385925236
64,pcg5,0.2530275191587966,0.6455745536836812,0.17135240160920523,0.275609756097561,0.8979610324217969,0.2937018709079667
64,poisson_pcg5,0.9957330263936088,0.9997035586199595,0.2893795613100183,0.9707317073170731,0.04489017664677504,0.03829311117858786
64,cg10,0.29469723841000656,0.7391031324854757,0.18703603611543673,0.33658536585365856,0.8826623246226413,0.25752190160924837
64,pcg10,0.30814431651610535,0.6850627952834059,0.1923419287249797,0.3024390243902439,0.8488043154778994,0.19949699436038856
64,poisson_pcg10,0.9999976455581835,0.999998676600982,0.2896158723627475,0.9975609756097561,0.0012325221936037444,0.0008655483403986184
64,cg20,0.3510885024742821,0.7689239442584334,0.213037541602498,0.3926829268292683,0.8013536927300988,0.17188833526563801
64,pcg20,0.30580897234312654,0.7937687757235684,0.21157393084155796,0.3829268292682927,0.76243751303903,0.1450058316440855
64,poisson_pcg20,0.9999999989522621,1.0,0.2896162085256034,1.0,7.940205542709314e-07,3.803794469434129e-07
64,cg40,0.5398403937460717,0.9315227029101545,0.25566991145449747,0.6170731707317073,0.6038601062617793,0.1071135012836905
64,pcg40,0.7160086049810525,0.9821863875177005,0.27530358258652926,0.7634146341463415,0.3919528196855975,0.0628327517455173
64,poisson_pcg40,1.0,1.0,0.2896162085256034,1.0,6.223308571459558e-13,9.785324050132681e-14
64,cg80,0.8135899780385742,0.9855418657279357,0.28006196827138374,0.7975609756097561,0.32067015700600654,0.047201542905927076
64,pcg80,0.9818255093640952,0.9991298651456401,0.2888906429534274,0.9463414634146341,0.09205276742767891,0.01952765457544161
64,poisson_pcg80,1.0,1.0,0.2896162085256034,1.0,6.08283456537382e-13,8.889723386877485e-14
64,poisson,0.7120315776625844,0.9292305758109127,0.25424641483906,0.6146341463414634,3.557037144733132,6.910491927744032
64,amg,0.9632501084338939,0.9963474187102154,0.2872772669263564,0.8902439024390244,0.16170844065617937,0.08111077935179378
64,oracle,1.0,1.0,0.2896162085256034,1.0,6.29628456773238e-13,9.213874063226853e-14
65,ensemble,0.1771133000359416,0.6675601815703452,0.1371966125662266,0.22682926829268293,,
65,raw,0.2923496620709807,0.7910233844606487,0.15893159933679554,0.3048780487804878,,
65,smoothed,0.30216241397512567,0.8112548469489036,0.15576404369592511,0.28780487804878047,,
65,prediction_magnitude,0.17579241888664182,0.6590613130765057,0.0969899453794537,0.0975609756097561,,
65,boundary_distance,0.2531096905828576,0.7541640750102564,0.1625532957282057,0.3046457607433217,,
65,jacobi1,0.249571271215157,0.720726413721001,0.17464865324997927,0.3439024390243902,0.8819521948620498,0.5577233544549673
65,jacobi5,0.3725678160268257,0.7842694175720921,0.19266859154349883,0.4121951219512195,0.7575803558763154,0.2842451047418588
65,jacobi10,0.4539107210471166,0.8140147956010216,0.2101818586627537,0.4609756097560976,0.6912801949999109,0.21522609237155355
65,jacobi20,0.5627476492811456,0.8438276669798711,0.2189920878838977,0.4975609756097561,0.6187552935424415,0.15377894026993938
65,jacobi40,0.6555185634788946,0.8633742704762913,0.22756199864750334,0.5292682926829269,0.5509746481041514,0.10286369657079636
65,jacobi80,0.7121811763077,0.8818164974921588,0.23128730462843233,0.5536585365853659,0.498674401218227,0.0718839307232379
65,cg5,0.33012305584538315,0.8136177758956102,0.19330432135901418,0.4121951219512195,0.7941896120971486,0.304377868527367
65,pcg5,0.45081052484630946,0.8166682106321878,0.20800171854648838,0.4585365853658537,0.6848440173794205,0.21458544439341748
65,poisson_pcg5,0.9893276648404735,0.9985032357105991,0.2774856545026834,0.9341463414634147,0.0862395526869736,0.03771063371483795
65,cg10,0.4224762887819507,0.8588297182483491,0.22239563195341447,0.5219512195121951,0.6904363447629478,0.17600028195226297
65,pcg10,0.6468626213252617,0.8572667840080462,0.2237706399610391,0.5146341463414634,0.5594230189928326,0.10381321254051804
65,poisson_pcg10,0.9999917637319051,1.0,0.27859807932894054,1.0,0.0018184456073288434,0.0007252515387114857
65,cg20,0.5860237641078615,0.9134827891957704,0.23971596947557294,0.5853658536585366,0.5516090805639392,0.09742058333057152
65,pcg20,0.726137161695192,0.8848477429429747,0.23326422301997335,0.5585365853658537,0.4841906098713297,0.058633627693968106
65,poisson_pcg20,0.999999998603016,1.0,0.27859807932894054,1.0,1.5273487989891256e-06,2.78971414675076e-07
65,cg40,0.7825688403303789,0.9664273520109048,0.256580503985775,0.6829268292682927,0.3803454458844053,0.04614527515281581
65,pcg40,0.7907006940034631,0.9626715455977132,0.2567358675748484,0.6731707317073171,0.36364812820252734,0.03004181658092076
65,poisson_pcg40,1.0,1.0,0.27859807932894054,1.0,1.8536890144242715e-12,1.3137316990807905e-13
65,cg80,0.9475815801603917,0.99445561981393,0.2751700278543945,0.8804878048780488,0.16613893352195588,0.015805417800188355
65,pcg80,0.9776832333386197,0.997034262800577,0.2766303906961517,0.9,0.1092083910184861,0.00954682172085767
65,poisson_pcg80,1.0,1.0,0.27859807932894054,1.0,1.860487267026604e-12,1.3161304918397688e-13
65,poisson,0.4166168910809616,0.8690364331749666,0.21963582114273092,0.5195121951219512,4.868466699246991,7.234843582638585
65,amg,0.9866551327481201,0.9983192832470918,0.27753613263190463,0.9317073170731708,0.12954999386590302,0.0641796876121029
65,oracle,1.0,1.0,0.27859807932894054,1.0,1.8488328828614918e-12,1.30795248993744e-13
66,ensemble,0.32414842373272323,0.6909221444357688,0.17379532394395142,0.24146341463414633,,
66,raw,0.17549621690461215,0.6256401942749759,0.1669748704135687,0.25853658536585367,,
66,smoothed,0.187731428202066,0.6426505035533263,0.16629420174496803,0.2707317073170732,,
66,prediction_magnitude,0.5224006386088588,0.7264567314691053,0.1445866756691335,0.03170731707317073,,
66,boundary_distance,0.48497205932254617,0.6584188028532483,0.11719253162431151,0.0416376306620209,,
66,jacobi1,0.09206381959801956,0.5646804653070947,0.13345208582704532,0.16829268292682928,0.9803468751663164,0.5881860874471764
66,jacobi5,0.21161608128429318,0.6100551857390522,0.15679685274862248,0.23658536585365852,0.9571991410550948,0.38106017122786123
66,jacobi10,0.2434653685374964,0.6183694400698755,0.16200827287083497,0.23658536585365852,0.9386486341353343,0.3359001804480464
66,jacobi20,0.277914853800601,0.6328937442928417,0.18673313243371226,0.28292682926829266,0.9089992448074821,0.2977654417811208
66,jacobi40,0.354054001483094,0.6847656922038564,0.2100716580302136,0.32195121951219513,0.8613439543605268,0.2595206249210442
66,jacobi80,0.4689593225027403,0.7604661011341529,0.24588364322202438,0.4097560975609756,0.7863252541616744,0.21721594927220178
66,cg5,0.17860194638420324,0.6239244074480896,0.18034586490970084,0.2975609756097561,0.9536190548481994,0.38875808843387527
66,pcg5,0.242232435560204,0.6177831743048847,0.16295221787273334,0.24390243902439024,0.9381390896497811,0.3372712342874065
66,poisson_pcg5,0.9913172883161403,0.9995394571417228,0.3328680283509126,0.9609756097560975,0.06148525643963747,0.04654128609733072
66,cg10,0.25639611037620447,0.6353268133875045,0.18892339401013167,0.2804878048780488,0.9115625557361376,0.3003808543616986
66,pcg10,0.3538831861443109,0.6979659357092757,0.211167399695694,0.33170731707317075,0.8551823622594176,0.2624156692030444
66,poisson_pcg10,0.9999969776252348,0.9999960298029459,0.3332896155583384,0.9951219512195122,0.0012700918191827638,0.0010336927468439206
66,cg20,0.38410305140548884,0.6824292312375104,0.24023672867037954,0.36097560975609755,0.8000644605515893,0.21276682454710824
66,pcg20,0.629307783523759,0.8408559744848669,0.2808055006309809,0.5439024390243903,0.6424310297825493,0.1679986612895327
66,poisson_pcg20,1.0,1.0,0.33328990747486753,1.0,3.0403725242479406e-07,3.1727344479358875e-07
66,cg40,0.5605102177920323,0.8812692719982002,0.27964015256544245,0.5073170731707317,0.603247853609833,0.12007525740257881
66,pcg40,0.8417916308968927,0.9691879623625319,0.3121277481917555,0.697560975609756,0.34233784657644384,0.06021517018758141
66,poisson_pcg40,1.0,1.0,0.33328990747486753,1.0,8.972758174179386e-13,1.3604908525319218e-13
66,cg80,0.7744397863877438,0.9745563304792028,0.313757577283568,0.7073170731707317,0.3718230695370932,0.058125672428886735
66,pcg80,0.9615230889525058,0.996826489154745,0.3306682862168955,0.8951219512195122,0.12435047895062083,0.02336695167649894
66,poisson_pcg80,1.0,1.0,0.33328990747486753,1.0,8.903677025406211e-13,1.3380264017102103e-13
66,poisson,0.5944158074377214,0.8396523430779614,0.2127809934259619,0.2975609756097561,3.0248912672352986,6.664776326650115
66,amg,0.9838523624619014,0.997000516125617,0.33131887709366636,0.9121951219512195,0.18500697400908825,0.08768465095181356
66,oracle,1.0,1.0,0.33328990747486753,1.0,9.073390889930666e-13,1.361115443069691e-13
67,ensemble,0.1763095318771061,0.5898349721424506,0.1300863604367187,0.16097560975609757,,
67,raw,0.1973392773114273,0.6901724388920504,0.14898215398657785,0.24146341463414633,,
67,smoothed,0.20483072822370252,0.7109153951007768,0.1578406496757866,0.2634146341463415,,
67,prediction_magnitude,0.18239000770869668,0.6028836864603047,0.07178296194755755,0.014634146341463415,,
67,boundary_distance,0.21290033449167164,0.6136032185064119,0.12890926998711502,0.12473867595818815,,
67,jacobi1,0.17600636104066586,0.6753788229689134,0.1645383952751534,0.2682926829268293,0.9240024552295333,0.5709738835332651
67,jacobi5,0.24021181772561404,0.7056350330188055,0.18827039978615154,0.32682926829268294,0.845735235167131,0.2958771655047317
67,jacobi10,0.28569720339460397,0.7406230562576922,0.20236831438625566,0.36585365853658536,0.8027714620842799,0.22971731853411814
67,jacobi20,0.35421226579424464,0.7988797427312309,0.2164630729988297,0.4317073170731707,0.7506898991830879,0.18306689376022112
67,jacobi40,0.43379016506957885,0.8636700501568227,0.23562318293706164,0.5121951219512195,0.6855441726955014,0.14648160337858185
67,jacobi80,0.5295854398454244,0.9143224858727155,0.2581384146210594,0.5951219512195122,0.5994601487805473,0.1139978142967223
67,cg5,0.2082179693514016,0.6987758559083149,0.17082830304747235,0.3,0.8767463169319961,0.3204518603293026
67,pcg5,0.27870068346321936,0.7314843243386313,0.19891315329764514,0.36097560975609755,0.8021122130089299,0.22834832712999042
67,poisson_pcg5,0.9921695347864649,0.9990650185937562,0.3005733864543978,0.9463414634146341,0.06853933035811526,0.04333494109618461
67,cg10,0.27502301688210395,0.7479302039357887,0.20539345652236218,0.4,0.8033126846274553,0.21349097510658585
67,pcg10,0.4108387739222325,0.854639836957241,0.22953530593161234,0.48292682926829267,0.6994871878134941,0.15294410523359295
67,poisson_pcg10,0.9999816789048048,0.999996691502455,0.30146679792915304,0.9951219512195122,0.0026555389207079563,0.0008294002805164386
67,cg20,0.4237652395930843,0.8597031616002541,0.24273571357803037,0.5414634146341464,0.6634358499690596,0.13134682752760957
67,pcg20,0.6129970339655971,0.9496751055410717,0.27060386026913336,0.6658536585365854,0.5148123452155563,0.09029810620522717
67,poisson_pcg20,0.9999999996507541,1.0,0.3014704248943462,1.0,2.7847593999767546e-07,2.4355845607979945e-07
67,cg40,0.6726497204970402,0.9744564138533409,0.2850066402979455,0.751219512195122,0.42537743406590295,0.0691863892726293
67,pcg40,0.8709786519688868,0.9926174185778754,0.29604879248727556,0.8560975609756097,0.22916023630701549,0.028964566693887157
67,poisson_pcg40,1.0,1.0,0.3014704248943462,1.0,1.4196291562890237e-12,1.390376410068916e-13
67,cg80,0.9179856199781222,0.9984258168680439,0.30047903941741616,0.9390243902439024,0.17529480968284236,0.021850429510141132
67,pcg80,0.9945329186973225,0.9994838743829652,0.30108041109759387,0.9585365853658536,0.05009379886306785,0.005780239826924906
67,poisson_pcg80,1.0,1.0,0.3014704248943462,1.0,1.4246512008757495e-12,1.3871609060080909e-13
67,poisson,0.5539389451868763,0.872400513478819,0.21821559504616925,0.3975609756097561,3.8758859336027554,6.984332484575198
67,amg,0.9646565160835321,0.993999047152707,0.2975741579201309,0.9,0.19861568844718946,0.06895733266663838
67,oracle,1.0,1.0,0.3014704248943462,1.0,1.4159283404847411e-12,1.380492299190947e-13
68,ensemble,0.21765038853476276,0.5971070497465691,0.13806220300397368,0.16341463414634147,,
68,raw,0.22486678273787172,0.6271680584413006,0.22182972018208758,0.32439024390243903,,
68,smoothed,0.27905098923646227,0.6612608022444847,0.23050527986487865,0.33902439024390246,,
68,prediction_magnitude,0.3155974579376516,0.56032648253775,0.10064499986436626,0.05853658536585366,,
68,boundary_distance,0.28833360216849707,0.5850813228696584,0.11218014576381866,0.11219512195121951,,
68,jacobi1,0.21210913890971325,0.6082024271137991,0.19114203954644843,0.2634146341463415,0.9639926212420142,0.545414569609698
68,jacobi5,0.3250660797853294,0.6277649113984357,0.21330653728308505,0.32195121951219513,0.9278907925065528,0.31837430287709445
68,jacobi10,0.38798159327667386,0.6654142900625968,0.22357682871891418,0.32926829268292684,0.9044736869132851,0.2738086974511757
68,jacobi20,0.4748833474750018,0.7331352646136337,0.2565319421189766,0.3804878048780488,0.8693661962451884,0.24285744672322265
68,jacobi40,0.5627510776543702,0.7950187260961052,0.31086703517572195,0.4682926829268293,0.8136860561420123,0.21437613436764744
68,jacobi80,0.6469607865139753,0.8581243465717349,0.3620294669524617,0.573170731707317,0.7256822223138865,0.17902403211138665
68,cg5,0.2538270935718287,0.6337347643688048,0.22498373761773127,0.33414634146341465,0.9418673015216424,0.36052315457426654
68,pcg5,0.3815439840953937,0.6610550136971798,0.2203949769148565,0.32926829268292684,0.9052798918022206,0.27613895964341223
68,poisson_pcg5,0.9802961444262911,0.9994666701957308,0.45232349282175166,0.9585365853658536,0.0632529649585499,0.042923698648833226
68,cg10,0.33617250622719563,0.6670420708547834,0.24463231139095037,0.36829268292682926,0.8999239725730707,0.2704672836147096
68,pcg10,0.5526610904445963,0.7875421833437,0.3114024708593306,0.48048780487804876,0.8172568771664319,0.22138019006520734
68,poisson_pcg10,0.9999800765642196,1.0,0.4534024637990982,1.0,0.0016299747017738259,0.0008525491916143538
68,cg20,0.4751275940525029,0.752548204809232,0.31363363016750956,0.4609756097560976,0.7775346996632759,0.19767436031281618
68,pcg20,0.7029218392441959,0.9005399467993594,0.3944935687582308,0.6731707317073171,0.5201330837490975,0.11622620875071672
68,poisson_pcg20,0.9999999998253771,1.0,0.4534024637990982,1.0,1.8358620031461945e-07,2.1364209925969452e-07
68,cg40,0.6371384196932045,0.9120118311872213,0.39828658547764206,0.6707317073170732,0.5249826436235598,0.10925600981139998
68,pcg40,0.7742666960606058,0.9753629421806969,0.4230187792451104,0.748780487804878,0.35703959531821844,0.052299809773813814
68,poisson_pcg40,1.0,1.0,0.4534024637990982,1.0,1.2358032111167542e-12,1.3643573900336324e-13
68,cg80,0.810063778393978,0.989077326204624,0.4372568661116176,0.8268292682926829,0.2756723521218546,0.041816765593778546
68,pcg80,0.8626384065336158,0.9976900070140148,0.4495230132873996,0.9170731707317074,0.16444505385269845,0.017255988653323333
68,poisson_pcg80,1.0,1.0,0.4534024637990982,1.0,1.237513723865938e-12,1.3575458186965324e-13
68,poisson,0.5004817876320653,0.86489948784458,0.3149221206773084,0.43414634146341463,1.9631402799644768,6.365883305654886
68,amg,0.9617521838421375,0.9987811495043871,0.4519197974612888,0.9439024390243902,0.13671827828545366,0.0655310644971879
68,oracle,1.0,1.0,0.4534024637990982,1.0,1.2047349602818299e-12,1.3205193437179302e-13
69,ensemble,0.20421536081217517,0.6359494726254913,0.13562696560709167,0.1902439024390244,,
69,raw,0.21160082464800475,0.7123717957201275,0.17671086937721261,0.33170731707317075,,
69,smoothed,0.24444503897752845,0.769258764209997,0.1758778591945525,0.33170731707317075,,
69,prediction_magnitude,0.27573833168461287,0.6871855273083387,0.10962719738426771,0.1,,
69,boundary_distance,0.28823525764797303,0.6835739713881133,0.12172786770539319,0.13606271777003484,,
69,jacobi1,0.16470890769629748,0.656701030927835,0.16483824360689367,0.25365853658536586,0.9133120313971773,0.5222369732426381
69,jacobi5,0.30308561221228836,0.7063007027248785,0.18728018802167903,0.3097560975609756,0.8356258973609856,0.24400953223634964
69,jacobi10,0.3508938528431641,0.7252749361459974,0.19479013824842203,0.33658536585365856,0.7949420899234894,0.18777060488108968
69,jacobi20,0.39384290519491394,0.7563351110993476,0.20846351420791223,0.3780487804878049,0.7433470586151613,0.15154615983843567
69,jacobi40,0.45370031116699794,0.811586358402922,0.22397507416615112,0.4292682926829268,0.6750531761361603,0.12513677630294015
69,jacobi80,0.547534677646793,0.8850905866627847,0.2495353966939633,0.5463414634146342,0.5837495728037477,0.10098198239252816
69,cg5,0.22030325930044856,0.696371901592049,0.17890371731408838,0.3048780487804878,0.8758696108776667,0.3038687677313334
69,pcg5,0.3443619131940999,0.7147757500363935,0.1939471283421588,0.34146341463414637,0.8001340611462623,0.19082531693099583
69,poisson_pcg5,0.9889164147695066,0.9985905800457896,0.2992606394383947,0.9390243902439024,0.08044069424813614,0.04395629722485474
69,cg10,0.2902390070495163,0.7267187644746768,0.1941269174127525,0.35853658536585364,0.8147148630848314,0.1993224741403362
69,pcg10,0.4250555451293988,0.7889846882733613,0.21541701218596185,0.3926829268292683,0.6929646565257847,0.13249897852643427
69,poisson_pcg10,0.9999926150189967,1.0,0.30028368611954576,1.0,0.0018572253942861496,0.0007516159761962274
69,cg20,0.4047494179955337,0.8125160462130937,0.22583600748935415,0.47073170731707314,0.6943852055384213,0.127498853488347
69,pcg20,0.6682240533561813,0.9517587972949724,0.27457221182135155,0.7024390243902439,0.4447110232848454,0.07603418616123529
69,poisson_pcg20,1.0,1.0,0.30028368611954576,1.0,1.941139301252324e-07,1.98290765597208e-07
69,cg40,0.6155017982396438,0.9546497624498763,0.27668094582621017,0.6804878048780488,0.47442980972203175,0.06500136868457801
69,pcg40,0.8966714917444396,0.9920179188227042,0.29398372119304633,0.8414634146341463,0.2253360450835678,0.025546469066160617
69,poisson_pcg40,1.0,1.0,0.30028368611954576,1.0,3.5758460496861998e-12,2.3270090796405386e-13
69,cg80,0.8711938734109587,0.9948281566375078,0.29576662038304774,0.8682926829268293,0.23344716603744503,0.02635585874951358
69,pcg80,0.993339191026714,0.999688339531252,0.30008173796594223,0.975609756097561,0.05018045098545935,0.0060555843045527425
69,poisson_pcg80,1.0,1.0,0.30028368611954576,1.0,3.5763055343929085e-12,2.327450303621757e-13
69,poisson,0.46965288591597676,0.854990537697021,0.19108090788755788,0.4268292682926829,3.0745321808776094,6.498893668904999
69,amg,0.9786036763741965,0.9973287190820904,0.29855383808688213,0.9243902439024391,0.16990092973435214,0.06115362844803995
69,oracle,1.0,1.0,0.30028368611954576,1.0,3.5437154371729655e-12,2.307065445226979e-13
70,ensemble,0.08504144917722117,0.6032694572740627,0.11467901106414904,0.15853658536585366,,
70,raw,0.25428512828587385,0.7446845678440507,0.15718351253261978,0.3,,
70,smoothed,0.25682857347375593,0.7563933406561413,0.14666635705738018,0.25853658536585367,,
70,prediction_magnitude,0.15460614017890112,0.628230086153276,0.0815538895544249,0.02926829268292683,,
70,boundary_distance,0.22432323883829797,0.6874171221364954,0.09205229859686455,0.0732288037166086,,
70,jacobi1,0.20103821559245308,0.7044049336315392,0.175771196737616,0.32926829268292684,0.8763913553707102,0.5548744205181781
70,jacobi5,0.30201397185809375,0.762314227862843,0.1984894202026384,0.4170731707317073,0.7642218195916421,0.25957488253711686
70,jacobi10,0.36524567118680384,0.8074672789592791,0.2084323355156441,0.44878048780487806,0.7149748575643894,0.18773579549904781
70,jacobi20,0.4339167716290554,0.8620204332808385,0.21627395754578702,0.47804878048780486,0.6596818575576636,0.13913042515864857
70,jacobi40,0.5051397723298943,0.9069478448446991,0.23161600550558809,0.5463414634146342,0.594356127270682,0.10276885675118905
70,jacobi80,0.6079198837111449,0.938029855881847,0.24489617955055712,0.6097560975609756,0.5169122947463701,0.07642821584779534
70,cg5,0.2672798039679485,0.7649424983126663,0.19022600483107638,0.4219512195121951,0.8221900546492419,0.3007559797087021
70,pcg5,0.3529476672072436,0.7939117028175166,0.20671966790244228,0.44146341463414634,0.7195660350753597,0.18794001193074725
70,poisson_pcg5,0.9889296373971708,0.9978805764726123,0.2804652115243434,0.9243902439024391,0.08669204164841098,0.045201885782956405
70,cg10,0.3007906581630019,0.818041237113402,0.20715958916256333,0.47317073170731705,0.7403375212690706,0.17263644234346243
70,pcg10,0.47109345995120844,0.8930270105739582,0.22939031011474303,0.5414634146341464,0.6143146225785691,0.10632205586309583
70,poisson_pcg10,0.9999906335718934,1.0,0.281756586040877,1.0,0.0021132750286547626,0.0008471889049398673
70,cg20,0.43341886559623055,0.8856814843243387,0.23277613579415363,0.5634146341463414,0.6329061296060604,0.10171803404352014
70,pcg20,0.6735018597488469,0.9503910644098302,0.24987788805153813,0.6317073170731707,0.4636205965272791,0.060591548314175216
70,poisson_pcg20,0.9999999979045241,1.0,0.281756586040877,1.0,3.0854258335380922e-06,5.903722656000162e-07
70,cg40,0.656636780150937,0.954187896192581,0.258900167432489,0.6902439024390243,0.45178761290044944,0.05432335074432195
70,pcg40,0.879269225195265,0.9758664955070603,0.26969993329188374,0.7658536585365854,0.27110330674471783,0.02665163528597672
70,poisson_pcg40,1.0,1.0,0.281756586040877,1.0,1.1205834462196794e-12,1.1157410724117246e-13
70,cg80,0.9227361978195762,0.9926855736273044,0.2770057798042565,0.8365853658536585,0.19439812328748984,0.020432875644607596
70,pcg80,0.9784156028703773,0.9983675873112502,0.28054064930516964,0.9243902439024391,0.09743752818641092,0.0072945165109302035
70,poisson_pcg80,1.0,1.0,0.281756586040877,1.0,1.1178601846826937e-12,8.487942404874796e-14
70,poisson,0.3693659550178993,0.823026481214351,0.18071952813872114,0.36585365853658536,4.060398297407193,6.630312994192669
70,amg,0.9428022302122253,0.989216944801027,0.27548951230837854,0.8341463414634146,0.21913318185005287,0.059925872317093926
70,oracle,1.0,1.0,0.281756586040877,1.0,1.0982211247761469e-12,8.330076334120456e-14
71,ensemble,0.31609083512314917,0.7390766645051149,0.18398822811165313,0.35365853658536583,,
71,raw,0.24465185232248024,0.6761781559758082,0.15468765857117356,0.24634146341463414,,
71,smoothed,0.3012444694453348,0.7194797718460093,0.15516033626854536,0.25609756097560976,,
71,prediction_magnitude,0.38582499791430297,0.7187148472135834,0.16597647928828202,0.24146341463414633,,
71,boundary_distance,0.4006255834170211,0.6938435477680875,0.10120365086666563,0.0367595818815331,,
71,jacobi1,0.12741507685702752,0.6207892751743578,0.13808426272786803,0.1926829268292683,0.9686334208843265,0.6223904918568645
71,jacobi5,0.1892673607106424,0.659976443497479,0.1538381802858668,0.24146341463414633,0.9319565124784294,0.41774898603403426
71,jacobi10,0.22414369459282282,0.6803442160845916,0.16150244535245928,0.2658536585365854,0.9061498992132551,0.36633921309735534
71,jacobi20,0.28584931661082086,0.7225202810899515,0.1772760856396232,0.32439024390243903,0.8668994474141986,0.31681956590434474
71,jacobi40,0.3699354547316852,0.7760259650887339,0.20326873468103204,0.4219512195121951,0.8069733994561666,0.2643487288510143
71,jacobi80,0.46601115709609725,0.8434121196882072,0.2331117525617252,0.5219512195121951,0.7177979029499312,0.20912194338179566
71,cg5,0.2281074755348996,0.6952953164908752,0.1685243940965759,0.3073170731707317,0.9381443005055912,0.4230506310481915
71,pcg5,0.21035340756654564,0.6695108717229332,0.1605819102287976,0.2658536585365854,0.8991917621109344,0.3644215820562906
71,poisson_pcg5,0.9939315343965948,0.9990491378055397,0.2915440189770202,0.9512195121951219,0.06211824762282927,0.04588680664694169
71,cg10,0.25690150738618944,0.7366727101888491,0.173467494752413,0.348780487804878,0.8822157338490769,0.31737566937467543
71,pcg10,0.3768158826778797,0.7767465558540556,0.20660742556720013,0.4268292682926829,0.790736351781998,0.2616975484010692
71,poisson_pcg10,0.9999972117946684,0.999998014901473,0.2920094984684678,0.9975609756097561,0.0011223648141107355,0.0010586364282703059
71,cg20,0.3567614033424573,0.8004803938435477,0.2174304008793472,0.5024390243902439,0.7583025418173831,0.21674408861009112
71,pcg20,0.5511450611155331,0.9228054735783386,0.24417447982080334,0.5756097560975609,0.5837874348865557,0.15724259479439812
71,poisson_pcg20,0.9999999987776391,1.0,0.292010933169317,1.0,1.870808342068529e-06,6.399712930729443e-07
71,cg40,0.6417806455390168,0.9301979804930984,0.2623472972209297,0.6536585365853659,0.520192489770964,0.12284358877582421
71,pcg40,0.9160468598147846,0.9857324351865331,0.28370688550406836,0.7926829268292683,0.22590786168870716,0.06702338037696616
71,poisson_pcg40,1.0,1.0,0.292010933169317,1.0,6.975710024618683e-13,1.278935477910161e-13
71,cg80,0.8920265943414553,0.98415626695605,0.28311362530307144,0.7658536585365854,0.23997958485504395,0.04434432915983027
71,pcg80,0.9990072150239365,0.9998749387927954,0.2919423587510664,0.9780487804878049,0.0196986928788945,0.005529429402720913
71,poisson_pcg80,1.0,1.0,0.292010933169317,1.0,6.743494885214859e-13,1.0174887251418495e-13
71,poisson,0.6854055578503345,0.908271243862737,0.2397973043749498,0.524390243902439,2.4009184710017184,6.308294416274824
71,amg,0.9362416873168834,0.983843283088284,0.28710498530446993,0.8341463414634146,0.23424800195976458,0.1141725284845941
71,oracle,1.0,1.0,0.292010933169317,1.0,6.63279744118052e-13,9.978019532204968e-14
72,ensemble,0.23160829372744152,0.5913383534269417,0.13572655192257052,0.17804878048780487,,
72,raw,0.18967960054473437,0.6732799121263052,0.13585483152095532,0.25121951219512195,,
72,smoothed,0.21963052648944192,0.6842707409711102,0.13894616833040047,0.25365853658536586,,
72,prediction_magnitude,0.46529357481402234,0.7534004737768485,0.12852014396547493,0.11707317073170732,,
72,boundary_distance,0.4827935259216861,0.7635231528658206,0.15832622332135007,0.2814169570267131,,
72,jacobi1,0.15833507764241192,0.6881833701679393,0.1487194881205949,0.26097560975609757,0.9343873328743043,0.5963795119925904
72,jacobi5,0.2519298980464353,0.7541230496406972,0.17098356398880274,0.35121951219512193,0.8593651195988365,0.3214337425961308
72,jacobi10,0.3048692844567208,0.791210645421701,0.17802316722516162,0.37073170731707317,0.8168050774377519,0.2424313104419638
72,jacobi20,0.35003664323812833,0.839459126821328,0.18688165037342117,0.3951219512195122,0.7669269466681738,0.17986501887741996
72,jacobi40,0.38541655281247517,0.8806618318489208,0.19734448269483423,0.43414634146341463,0.7122278345316737,0.13212313620483782
72,jacobi80,0.4287193667265023,0.9137573944920133,0.21058081501499784,0.5121951219512195,0.6559405399739975,0.09634978594749206
72,cg5,0.23391985756659034,0.7383858502176991,0.16396022737657598,0.34146341463414637,0.8910283531378506,0.3329103699634537
72,pcg5,0.3051408230364441,0.7862624564932573,0.17837515050634206,0.37073170731707317,0.8094965017814882,0.23929991406497372
72,poisson_pcg5,0.9928814886202246,0.9987672538146977,0.26014371617372245,0.9365853658536586,0.0654888577105295,0.04241537526996649
72,cg10,0.28713699738892523,0.7947805142728585,0.18517716927787278,0.4073170731707317,0.8266957911747704,0.216494872830851
72,pcg10,0.36159567361895284,0.8666807829228591,0.1953054695626813,0.424390243902439,0.7186310775324894,0.14019560398775446
72,poisson_pcg10,0.9999943161961962,0.9999940447044189,0.26083386326652236,0.9951219512195122,0.0017157822960176998,0.0008110252139686828
72,cg20,0.35422892378005305,0.8604548522424996,0.19823627263079616,0.4878048780487805,0.7267932632344837,0.1281394922294835
72,pcg20,0.45887155440196353,0.9262456493257282,0.21398155583723177,0.5195121951219512,0.6157038788105206,0.07588580178240845
72,poisson_pcg20,0.9999999996507541,1.0,0.26083417045724944,1.0,7.205432880324671e-07,2.579437239493389e-07
72,cg40,0.469342973933509,0.9295058428066646,0.2172737170520632,0.5560975609756098,0.6128272918506744,0.06968526358240153
72,pcg40,0.6769381203446907,0.9604052247793232,0.23133919624754085,0.6365853658536585,0.4758369485015199,0.050036931466583834
72,poisson_pcg40,1.0,1.0,0.26083417045724944,1.0,1.0946525004840055e-12,1.1105323397584612e-13
72,cg80,0.761344383797646,0.9750790730913278,0.2425732026171429,0.724390243902439,0.40368140774172495,0.03936493366929365
72,pcg80,0.980354590567475,0.9961323663697842,0.25889045313660625,0.9121951219512195,0.10902539519884545,0.013269330127180975
72,poisson_pcg80,1.0,1.0,0.26083417045724944,1.0,1.0844419657158917e-12,1.0621077169536519e-13
72,poisson,0.37252551622608027,0.7166516681444622,0.1933535447992541,0.40487804878048783,3.5184905692694213,6.932530191601085
72,amg,0.9741998247092485,0.9962382382912272,0.2587841700094477,0.9,0.20095019692312133,0.07528924235068028
72,oracle,1.0,1.0,0.26083417045724944,1.0,1.0562075601104127e-12,1.0339618528637411e-13
73,ensemble,0.152467722720871,0.720690681947514,0.14215170344160452,0.22682926829268293,,
73,raw,0.36700267483309956,0.8068896152879055,0.18383058283071105,0.32926829268292684,,
73,smoothed,0.4797895898404846,0.8924811084790175,0.19495082223026158,0.3926829268292683,,
73,prediction_magnitude,-0.06572619873935051,0.5629018170268517,0.038232169529734156,0.0,,
73,boundary_distance,0.15996154579484287,0.7703942405674735,0.13824996530542116,0.22276422764227644,,
73,jacobi1,0.17817011245329603,0.5958015166152747,0.16039307040683734,0.25121951219512195,0.9662169781313638,0.6087377687169878
73,jacobi5,0.22209077639394412,0.589813136058653,0.16405497056828855,0.2121951219512195,0.9271515114855813,0.39149164894670707
73,jacobi10,0.2578268770602719,0.5798036075857231,0.16517530077434842,0.1926829268292683,0.903852283970738,0.33114385798684587
73,jacobi20,0.298089899835413,0.5764037955083837,0.17196850609697809,0.1902439024390244,0.8720518804182343,0.2766103671584709
73,jacobi40,0.3451408169595639,0.5935722509693898,0.18145338220907214,0.22195121951219512,0.8295852622298125,0.22153431998396997
73,jacobi80,0.37300626677218923,0.6219201196352713,0.1891818229254153,0.25853658536585367,0.7800287455609235,0.16984970389078013
73,cg5,0.3046358830148322,0.7165246218387306,0.17744094778548403,0.2634146341463415,0.9378861244767167,0.40145246649930966
73,pcg5,0.26208005946653323,0.5685328798486031,0.16505737912555493,0.18048780487804877,0.8991174028801198,0.3290602106359456
73,poisson_pcg5,0.9881352485885433,0.9994223363286264,0.29607337576465975,0.9658536585365853,0.07087481977192986,0.03957461883431446
73,cg10,0.2747164613281875,0.6711962203724045,0.18882421950135367,0.2951219512195122,0.8861370184301477,0.28325470927375157
73,pcg10,0.3255654655733982,0.5745245689027699,0.18425331407346648,0.22682926829268293,0.8224867378200238,0.22284480745829705
73,poisson_pcg10,0.9999900819378582,0.999999338300491,0.296262670800391,0.9975609756097561,0.0019588151823161106,0.0010130703858141981
73,cg20,0.3401428285465958,0.7130295250320924,0.20229040610653107,0.37317073170731707,0.8028438406178243,0.18959673699031546
73,pcg20,0.35836095624612757,0.6429436364358218,0.18186472978161458,0.25365853658536586,0.7449017252402811,0.14109422403509017
73,poisson_pcg20,0.9999999996507541,1.0,0.29626433265764474,1.0,1.0404606649684605e-06,7.049348658264259e-07
73,cg40,0.5850314535824703,0.9117028175165094,0.23531480523927847,0.4951219512195122,0.5939072361913365,0.12554717686841546
73,pcg40,0.4319485087364024,0.8532271085054854,0.19632169554608853,0.3146341463414634,0.6314275209458368,0.09044890079194698
73,poisson_pcg40,1.0,1.0,0.29626433265764474,1.0,1.0361923894862913e-12,1.4602592287254743e-13
73,cg80,0.8528070679327029,0.9900089991133226,0.2862800798198725,0.8512195121951219,0.2878720634739122,0.043041169229372
73,pcg80,0.9506756055338669,0.9958716567632306,0.29237281011065597,0.8951219512195122,0.15513664570961572,0.030076490195553966
73,poisson_pcg80,1.0,1.0,0.29626433265764474,1.0,1.0195910251138465e-12,1.3562567128128892e-13
73,poisson,0.5199481791599501,0.9218797559652211,0.2388808132744399,0.5878048780487805,3.2200854892820407,6.351297347483374
73,amg,0.9502851146443257,0.9886631023119781,0.2887110926958829,0.8365853658536585,0.24300004041017217,0.09762981848968977
73,oracle,1.0,1.0,0.29626433265764474,1.0,9.737162858226737e-13,1.292881181439455e-13
74,ensemble,0.13900889667828512,0.5665709408043619,0.11779435550794967,0.11707317073170732,,
74,raw,0.12100739142109923,0.6249652607757765,0.13366757760215286,0.2097560975609756,,
74,smoothed,0.13192780229112075,0.6599691648028797,0.12873479246435815,0.17317073170731706,,
74,prediction_magnitude,0.2871018360015168,0.6342330240990961,0.10992136298125764,0.1,,
74,boundary_distance,0.2883132771588166,0.6621878432566203,0.0940573272351348,0.04523809523809524,,
74,jacobi1,0.073361954251458,0.584301840848034,0.11805165375067937,0.15121951219512195,0.9584922458578813,0.5833155781348297
74,jacobi5,0.17281352978671521,0.6318985482312772,0.138429963584859,0.1902439024390244,0.9070291379844954,0.3121235765199051
74,jacobi10,0.224408887722221,0.6629871762635152,0.15415107830012403,0.25609756097560976,0.8728153852922323,0.2354717156362198
74,jacobi20,0.27531458960858524,0.7017488718023371,0.1681506665287089,0.3,0.8284769011615255,0.1807436992517019
74,jacobi40,0.3452211424886744,0.7329096250810582,0.1841915470637018,0.35121951219512193,0.7733967638501421,0.14312699000421603
74,jacobi80,0.4420478829797959,0.7657901353837195,0.19881597242727872,0.4170731707317073,0.7063088123975712,0.11826332251003926
74,cg5,0.1263195311389398,0.6301232084485794,0.14085235782787375,0.1975609756097561,0.9300633941752535,0.34014997102093714
74,pcg5,0.22466836875889043,0.6662824398184296,0.15487162038627522,0.26097560975609757,0.8693462769770569,0.23331366273334467
74,poisson_pcg5,0.992503037986061,0.9994316001217527,0.2613240347520501,0.9634146341463414,0.06213733714229562,0.04464895553743318
74,cg10,0.15255200642936717,0.6202129349020024,0.14630124060977215,0.2097560975609756,0.8921516856045986,0.22808514548616826
74,pcg10,0.3204095201857475,0.7274545743287059,0.18113541105892367,0.33414634146341465,0.780999396263013,0.15107017023718047
74,poisson_pcg10,0.9999985368339404,1.0,0.26173995969067637,1.0,0.0006110833446054182,0.0005254436156631604
74,cg20,0.2450367545777488,0.6927312308934267,0.16511801859454314,0.2731707317073171,0.823088233671803,0.15511900547962826
74,pcg20,0.5199202487360648,0.7898389423395048,0.20884139762679066,0.44634146341463415,0.6462899737090353,0.10748276018859058
74,poisson_pcg20,0.9999999996507541,1.0,0.26173995969067637,1.0,4.1938893242174394e-07,2.460018040557145e-07
74,cg40,0.4879186408145289,0.8910902161110597,0.20929662753252334,0.4658536585365854,0.6458857082254584,0.10827979041065686
74,pcg40,0.8052405820092161,0.9279025448963116,0.22178893619111206,0.4902439024390244,0.3905512268097808,0.06325338032636504
74,poisson_pcg40,1.0,1.0,0.26173995969067637,1.0,9.158650980239814e-13,1.1860786841401838e-13
74,cg80,0.9593998123557195,0.9976866985164697,0.26087186884386343,0.9292682926829269,0.1470736141245672,0.0356590776341955
74,pcg80,0.9768985308674221,0.9975510501171209,0.2605038737103968,0.9146341463414634,0.1034361236386336,0.014792121291895185
74,poisson_pcg80,1.0,1.0,0.26173995969067637,1.0,9.143240117999091e-13,1.1817220181035616e-13
74,poisson,0.37898184656383305,0.6903828593359184,0.159372847894872,0.2,3.1078583697694295,6.72223107084855
74,amg,0.9393739112954871,0.983880338260789,0.25339418236644506,0.7804878048780488,0.24912133666179165,0.07756612339513687
74,oracle,1.0,1.0,0.26173995969067637,1.0,9.416238908861145e-13,1.2213292072801445e-13
75,ensemble,0.10240047854942327,0.6234347498114157,0.12434808869221828,0.16341463414634147,,
75,raw,0.21573909272654163,0.6281745033945185,0.13840934276262862,0.2073170731707317,,
75,smoothed,0.23685318193966867,0.6590434471897622,0.14317225487235868,0.22926829268292684,,
75,prediction_magnitude,0.08151937779480609,0.5758214999404471,0.09008938404814502,0.04390243902439024,,
75,boundary_distance,0.0532164757331112,0.5915871524423328,0.05874361046912268,0.0076074332171893145,,
75,jacobi1,0.19165777556234753,0.5800510832020963,0.1414250749660429,0.16341463414634147,0.9394403655325104,0.6072668401500548
75,jacobi5,0.2618737898975821,0.6205193017746781,0.16080171775466934,0.1902439024390244,0.8649271894821539,0.3560519215361597
75,jacobi10,0.3347461499960661,0.6728749520267856,0.17266687630587904,0.23170731707317074,0.8167847568379013,0.2991023563258796
75,jacobi20,0.4250296775269316,0.7569809298201501,0.1876808160010658,0.28780487804878047,0.7467748689877788,0.2496038465649311
75,jacobi40,0.5476367585815048,0.8643721133358919,0.2144802123703511,0.4097560975609756,0.6437210763656789,0.19891009080109398
75,jacobi80,0.7164128051725399,0.9447143443219566,0.24757130716807504,0.6073170731707317,0.4982790470481051,0.1449153410393406
75,cg5,0.24521974847332006,0.6381741063748131,0.1630879084938128,0.23658536585365852,0.8852162735173815,0.39441870433793225
75,pcg5,0.34327581702466337,0.6687982213517197,0.17431311856542409,0.23658536585365852,0.8121714573908486,0.3008074487244473
75,poisson_pcg5,0.9926781305404384,0.9991523629289467,0.27739359278399434,0.9536585365853658,0.061870108262450346,0.032735819452957095
75,cg10,0.2884910017260575,0.6950564429681193,0.17376487508294644,0.26097560975609757,0.8159447261794682,0.2713746160107256
75,pcg10,0.5262882046470839,0.8581819144290195,0.21695291524739946,0.4268292682926829,0.6262644430986003,0.20221748666568948
75,poisson_pcg10,0.999997327045844,0.999998676600982,0.2779901136853456,0.9975609756097561,0.0009578257004779428,0.0006397655626973923
75,cg20,0.4898581785740549,0.8183257679022802,0.22150973164530893,0.4609756097560976,0.6595702880977466,0.1751666577929849
75,pcg20,0.8627621822797503,0.9850449293966624,0.26636084186335546,0.7707317073170732,0.2890755538863272,0.09403998932238894
75,poisson_pcg20,0.9999999998253771,1.0,0.27799020230275145,1.0,1.8552693574472118e-07,1.9259517465416736e-07
75,cg40,0.7544436016207472,0.9537048555509972,0.25668221506159916,0.675609756097561,0.4158176276393821,0.0859323437034097
75,pcg40,0.9922368488071098,0.9986812328785252,0.2769256196718871,0.926829268292683,0.0696481074757939,0.012662495480987579
75,poisson_pcg40,1.0,1.0,0.27799020230275145,1.0,1.5164768596544674e-12,1.6718228675697944e-13
75,cg80,0.9286768488216385,0.9950068155049429,0.27513396682306424,0.8780487804878049,0.18137526665113574,0.02546183870243459
75,pcg80,0.9990033766359242,0.9999569895319138,0.2779523182618507,0.9853658536585366,0.02076366797809859,0.002423134625588169
75,poisson_pcg80,1.0,1.0,0.27799020230275145,1.0,1.514466530717073e-12,1.669808794114824e-13
75,poisson,0.4924637923414658,0.9077226949697603,0.19948102508196866,0.4926829268292683,3.085268696343596,6.415494461711673
75,amg,0.9479443868444681,0.996125749374694,0.2752465301708234,0.8926829268292683,0.18707573872164743,0.06777303623295143
75,oracle,1.0,1.0,0.27799020230275145,1.0,1.5068839003608848e-12,1.6595132670068478e-13
76,ensemble,0.176321972368384,0.6135112422746583,0.13945617259968546,0.1902439024390244,,
76,raw,-0.0007454837185432743,0.4255621137329116,0.09006065769914104,0.014634146341463415,,
76,smoothed,-0.0539841611916072,0.4206410544843376,0.08429049721426571,0.007317073170731708,,
76,prediction_magnitude,0.43167548830595925,0.7969217738840437,0.1726928385242727,0.2682926829268293,,
76,boundary_distance,0.4817846950799999,0.8120442544631632,0.18363225073925513,0.34407665505226476,,
76,jacobi1,0.02324986287904086,0.505268451490809,0.10557762583747497,0.1024390243902439,0.9624633306317024,0.565250380955054
76,jacobi5,0.10712626656152408,0.5717798393393592,0.12946882212253355,0.16585365853658537,0.9255611508020529,0.2894481098710124
76,jacobi10,0.15545638302500223,0.6101431917737518,0.13666066803434784,0.18536585365853658,0.9024232343324663,0.23103546460318514
76,jacobi20,0.21954804122315222,0.6661699509018965,0.14758345979953522,0.22439024390243903,0.8673547406516111,0.18490732071167462
76,jacobi40,0.2869347256387793,0.7487255667456295,0.17198451511134877,0.3146341463414634,0.8141637035406849,0.14702596366640225
76,jacobi80,0.36760473475018796,0.8490663419927742,0.19718708844121563,0.44390243902439025,0.736192785535699,0.11635727224727492
76,cg5,0.04964398405488113,0.46734115903286,0.10876340443443747,0.06341463414634146,0.9444506396941936,0.35374364621579496
76,pcg5,0.14915795256021336,0.6086245914005531,0.1360157309336649,0.18536585365853658,0.9038321594041381,0.23486823134038595
76,poisson_pcg5,0.9946435299652497,0.999479904185911,0.2695173525225102,0.9658536585365853,0.051687736962960855,0.04185221190442404
76,cg10,0.11266852096727616,0.5260047907044453,0.12561982281908357,0.12195121951219512,0.9183106301845396,0.23030080642053063
76,pcg10,0.27987841479454056,0.7227697418048515,0.16390902910885055,0.28292682926829266,0.8239000365690756,0.15274421796257048
76,poisson_pcg10,0.9999924456346934,1.0,0.269884780842013,1.0,0.0016354719884905554,0.0008616389682942297
76,cg20,0.2245992845849639,0.6201573521432447,0.1500692604965604,0.1878048780487805,0.8678051075634321,0.17052517491226354
76,pcg20,0.4412479898798013,0.915528764077657,0.22217644417493032,0.5756097560975609,0.6362330905052802,0.09298071290625504
76,poisson_pcg20,1.0,1.0,0.269884780842013,1.0,1.9406368215039453e-07,2.6094945068874963e-07
76,cg40,0.4052446075930772,0.8052095602345063,0.20243799430092704,0.4170731707317073,0.7230415798114123,0.1133457965559481
76,pcg40,0.7948388773898484,0.9919894657438164,0.26417031647497163,0.8658536585365854,0.34785564152538473,0.05293260730306475
76,poisson_pcg40,1.0,1.0,0.269884780842013,1.0,1.002446498807559e-12,1.6096623551472384e-13
76,cg80,0.6729653325232503,0.9650397681404921,0.2451647296882169,0.6926829268292682,0.47984218385223104,0.06310807002656761
76,pcg80,0.9943882512309106,0.9993647684713418,0.26953234558997036,0.9536585365853658,0.04820065954205796,0.01231683485008523
76,poisson_pcg80,1.0,1.0,0.269884780842013,1.0,1.000413469969319e-12,1.6067305959412462e-13
76,poisson,0.7468469221943086,0.8966544472824001,0.16547303334964716,0.25609756097560976,1.8453300194389766,6.449215959336385
76,amg,0.9949205207986881,0.9990067890369625,0.2693260468513826,0.9439024390243902,0.14620930996823917,0.05908061345863664
76,oracle,1.0,1.0,0.269884780842013,1.0,9.852540209709698e-13,1.5827286015137482e-13
77,ensemble,0.1040599585718823,0.6356199462699998,0.14271042244222606,0.23414634146341465,,
77,raw,0.19933577848830242,0.7861784206556118,0.20159536054749255,0.4219512195121951,,
77,smoothed,0.22812167919453932,0.8402763257149664,0.22153212209739767,0.47560975609756095,,
77,prediction_magnitude,0.08081399799286935,0.6124002487990154,0.09884728894242269,0.1024390243902439,,
77,boundary_distance,0.09962220502836372,0.6274353850429443,0.14102178114276884,0.21742160278745642,,
77,jacobi1,0.16737370137070948,0.7304103860354936,0.17073228618448172,0.3170731707317073,0.9396864492484471,0.5351939931419738
77,jacobi5,0.250302488933652,0.7826608260656671,0.20578604895983293,0.40487804878048783,0.8732988996162061,0.30372497332795756
77,jacobi10,0.30736294445463314,0.786773950213729,0.210513552111366,0.4219512195121951,0.8322282047234439,0.24384649327912505
77,jacobi20,0.3787870086891284,0.7749970223522095,0.21663518034640195,0.44634146341463415,0.7796328525408274,0.18378716034164558
77,jacobi40,0.4609371498808988,0.7874965260775777,0.22632576246835087,0.48048780487804876,0.7178690209629696,0.12796833822600875
77,jacobi80,0.5174532337621851,0.8019731879358946,0.23191384593404143,0.5048780487804878,0.6553910368770437,0.08574699438134151
77,cg5,0.19709613836757175,0.7747667509230708,0.18994944186501703,0.3804878048780488,0.8942544576155443,0.3207528346998762
77,pcg5,0.31330109904638526,0.7911563860619616,0.21097143753037845,0.4317073170731707,0.8246414785165802,0.24357153482503646
77,poisson_pcg5,0.9921537331518149,0.999022669825179,0.2924218184029632,0.9512195121951219,0.07052745588337762,0.034743484089869554
77,cg10,0.2386267031748863,0.7855828910974948,0.21128355459783638,0.4170731707317073,0.8351474256439958,0.20840061579278488
77,pcg10,0.45038092085102477,0.7797778013048714,0.22754840421524725,0.47804878048780486,0.7192660982717796,0.13188095865172023
77,poisson_pcg10,0.9999983564483885,0.999999338300491,0.293051375041291,0.9975609756097561,0.0007929937171189475,0.0004791183531874943
77,cg20,0.355320768713047,0.7994660084962217,0.22476969284108836,0.4682926829268293,0.7534264117143171,0.12907642611041098
77,pcg20,0.5239851061813969,0.7976046477773513,0.23368393167852675,0.5121951219512195,0.6240001118210202,0.06846198108781222
77,poisson_pcg20,1.0,1.0,0.29305229145592915,1.0,5.628221262270158e-08,4.657120547772133e-08
77,cg40,0.4943441980406909,0.8805731641147122,0.24837250130740002,0.5804878048780487,0.6027800664521221,0.07619155867049653
77,pcg40,0.5666323986504912,0.8607744531053558,0.23758737052223536,0.551219512195122,0.5201088221669561,0.04565214812470298
77,poisson_pcg40,1.0,1.0,0.29305229145592915,1.0,2.2401025599557665e-12,1.9625159064261556e-13
77,cg80,0.6856853630825536,0.9574467662744994,0.2705795954855455,0.6902439024390243,0.39330414750494946,0.0344110311798212
77,pcg80,0.979300032707585,0.9997081905165226,0.29291572814899397,0.973170731707317,0.08715737909560164,0.00823866242140472
77,poisson_pcg80,1.0,1.0,0.29305229145592915,1.0,2.2401025599557665e-12,1.9625159064261556e-13
77,poisson,0.5308626348620361,0.8870703915937694,0.22874483863870632,0.5048780487804878,3.04456018496956,6.7642417408858995
77,amg,0.9770927655943082,0.9947904397654936,0.29054638466322186,0.8951219512195122,0.14026711757600083,0.06503568373423649
77,oracle,1.0,1.0,0.29305229145592915,1.0,2.2143815954760347e-12,1.9400156970977665e-13
78,ensemble,0.21798317717707097,0.7051414051850774,0.16118635548716667,0.2804878048780488,,
78,raw,0.12810238300455035,0.6598209441128595,0.13286285958751898,0.20243902439024392,,
78,smoothed,0.1518432378936254,0.6945654619324273,0.14849265514861681,0.26097560975609757,,
78,prediction_magnitude,0.5058722750337686,0.8502355650252108,0.22155774022512698,0.47804878048780486,,
78,boundary_distance,0.40277692731060716,0.7836652859203579,0.19699460356293372,0.42787456445993033,,
78,jacobi1,0.11672006044078978,0.6432837499834575,0.1479014992202752,0.23658536585365852,0.937082272779259,0.5775990880906341
78,jacobi5,0.22312259030746837,0.6985733758585552,0.16922887943189813,0.3170731707317073,0.8730244682234699,0.3075950639096037
78,jacobi10,0.2833753102561644,0.7394604502203459,0.1775093463741865,0.348780487804878,0.8360160661296165,0.2387059953538437
78,jacobi20,0.3436296189248521,0.7858237497187777,0.189966578949256,0.3975609756097561,0.7891758735365649,0.1835391569821596
78,jacobi40,0.4037053453732674,0.8245424347895134,0.20112801359513965,0.44390243902439025,0.7317157486404099,0.14122183737633387
78,jacobi80,0.4680370759608903,0.8667535698688511,0.21795042009246157,0.5024390243902439,0.6631496731283584,0.10566381353986588
78,cg5,0.16467007765442598,0.6816080621468179,0.16135391143025685,0.275609756097561,0.9031126877500503,0.33692195850410145
78,pcg5,0.28712891007424357,0.7373926392546617,0.17760864280657468,0.3439024390243902,0.8320823208730355,0.23860766078225717
78,poisson_pcg5,0.9827843331365821,0.9986289586173127,0.279372021084583,0.9341463414634147,0.09473756900072615,0.04140002856560521
78,cg10,0.20450439207561413,0.7112449214562683,0.17042328753819333,0.3195121951219512,0.8529723493713725,0.2177627023070757
78,pcg10,0.38249498632939455,0.8140478805764726,0.19931657843363731,0.43902439024390244,0.7410284963185881,0.1508411691311325
78,poisson_pcg10,0.999998010170993,1.0,0.2801058777749791,1.0,0.0010061646285254118,0.0007192842257359066
78,cg20,0.3079761954354835,0.8133570662890568,0.19712859843908606,0.43902439024390244,0.7645027597974728,0.13075272864695153
78,pcg20,0.5090329621016138,0.8982709791829334,0.23088803740090183,0.5585365853658537,0.5890647966495808,0.08014954680935645
78,poisson_pcg20,0.999999999301508,1.0,0.2801058777749791,1.0,7.334145606177482e-07,3.4111412129185545e-07
78,cg40,0.4191090032206627,0.8985813162526634,0.21796596201195506,0.5097560975609756,0.6586225490425209,0.0789124986743886
78,pcg40,0.6959673632908718,0.9691522305890449,0.25428972081360385,0.6731707317073171,0.4346748171114564,0.0484700794532515
78,poisson_pcg40,1.0,1.0,0.2801058777749791,1.0,1.1315156677042918e-12,1.2643390816979258e-13
78,cg80,0.7214783407278488,0.9797572886200918,0.2609696336364097,0.7170731707317073,0.3925242976136811,0.04338472588682134
78,pcg80,0.9894918666826371,0.9980043142807988,0.27915998564502176,0.9195121951219513,0.07717059829172353,0.011780857018552927
78,poisson_pcg80,1.0,1.0,0.2801058777749791,1.0,1.1272661766380855e-12,1.2532233707950664e-13
78,poisson,0.5596903046897421,0.857678361102656,0.1948761193412263,0.43902439024390244,2.553756608110018,6.8011007053910095
78,amg,0.9835956081632702,0.9964049865675,0.27825533509135986,0.9073170731707317,0.173497819129459,0.06549867584837873
78,oracle,1.0,1.0,0.2801058777749791,1.0,1.1450053083749015e-12,1.273183670928606e-13
79,ensemble,0.2752696812895682,0.7227419504254727,0.16887089014375442,0.33902439024390246,,
79,raw,0.03780949096643126,0.5850383124015722,0.13284609788855492,0.1902439024390244,,
79,smoothed,0.014755298040657375,0.6318416420735016,0.14243063162228328,0.21951219512195122,,
79,prediction_magnitude,0.7080418866846532,0.9682258512764184,0.2576502862664982,0.697560975609756,,
79,boundary_distance,0.5723401181481086,0.7869949578497413,0.13756239558267744,0.1154471544715447,,
79,jacobi1,-0.030347969387443777,0.5674920265209163,0.11645325231917801,0.16585365853658537,0.9925396113018617,0.6117113819245869
79,jacobi5,0.04490510927180479,0.5700528036208197,0.1279523461183278,0.1878048780487805,0.9774410698066022,0.3735578812161745
79,jacobi10,0.08299273467765658,0.5862591479957122,0.12981498515543136,0.1926829268292683,0.9641321946051602,0.3163867277219281
79,jacobi20,0.1425524992503784,0.6266009819620714,0.13275962385548523,0.2097560975609756,0.9423266094635894,0.276847468912312
79,jacobi40,0.21534816108856566,0.6829175654751665,0.1432294564817699,0.2634146341463415,0.9061069031617919,0.2440832061059051
79,jacobi80,0.3355337285079608,0.7659376943742308,0.16453950548133234,0.3463414634146341,0.8480501279589375,0.21210648629955905
79,cg5,0.023757980515259087,0.5645752550851607,0.1315785886763965,0.16829268292682928,0.9790174628357982,0.38386660584855836
79,pcg5,0.08604960900933945,0.5842899302568717,0.12932795520052814,0.1951219512195122,0.9639540034865003,0.3152312496828215
79,poisson_pcg5,0.9928167017435364,0.9991609650225639,0.27143699579279695,0.948780487804878,0.059154172544458546,0.048643323867334894
79,cg10,0.05022029581162979,0.5733202757963554,0.13144733322167795,0.16585365853658537,0.9625489961723556,0.2992244901680228
79,pcg10,0.19985351750219715,0.6684991331736432,0.13914185873830454,0.25121951219512195,0.9081163638690665,0.24943737512059394
79,poisson_pcg10,0.9999979724524267,1.0,0.27185973932354546,1.0,0.0008492328793353945,0.0008015943768469687
79,cg20,0.15321957703545033,0.6728048118788296,0.14988608912458157,0.2682926829268293,0.9125748721810666,0.24030502887745733
79,pcg20,0.5252526957110246,0.8667588634649233,0.18413532547818365,0.4073170731707317,0.7204676749412461,0.17597695190933135
79,poisson_pcg20,0.9999999996507541,1.0,0.27185973932354546,1.0,4.93789056726466e-07,4.2091741945462714e-07
79,cg40,0.4109176146320322,0.8881178619165464,0.18173986568609113,0.4853658536585366,0.7816511557164378,0.1786041872145663
79,pcg40,0.7434795412888663,0.9684031867448354,0.25087688953705267,0.6926829268292682,0.4881239657369894,0.11920545747521
79,poisson_pcg40,1.0,1.0,0.27185973932354546,1.0,6.033372665975698e-13,1.3629128081248487e-13
79,cg80,0.7889507556034703,0.9908831041647367,0.264746791078632,0.8048780487804879,0.3914301736135959,0.0963381434397107
79,pcg80,0.9950306958583784,0.9996234929793683,0.2717123877371829,0.9682926829268292,0.057762340114413425,0.023478567285152414
79,poisson_pcg80,1.0,1.0,0.27185973932354546,1.0,6.003244939456159e-13,1.346843171944059e-13
79,poisson,0.6704535199413312,0.9109928139433321,0.20284881145960693,0.4902439024390244,1.7668402584482512,6.588878418594656
79,amg,0.9973054200085315,0.9985561716713206,0.27129319017304626,0.9414634146341463,0.14232816348151808,0.0731004769304727
79,oracle,1.0,1.0,0.27185973932354546,1.0,6.359770004357424e-13,1.4259152162712152e-13
80,ensemble,0.257047919510926,0.6165610153117267,0.14760383492254375,0.1902439024390244,,
80,raw,0.335912370354302,0.7283908791339677,0.15686686530864044,0.22926829268292684,,
80,smoothed,0.39856735367403434,0.7899785609359078,0.15536922990540608,0.2097560975609756,,
80,prediction_magnitude,0.4877508612964816,0.8078808411524159,0.1003091935258799,0.1024390243902439,,
80,boundary_distance,0.5966567681559336,0.8907335600756984,0.18573395050394922,0.36109175377468056,,
80,jacobi1,0.11442777847254446,0.5602424467001046,0.13654753015535626,0.18048780487804877,0.9679305356716026,0.616994579829797
80,jacobi5,0.20979414460186405,0.6003229093604012,0.15040712821375637,0.22439024390243903,0.9377524323217126,0.3696698508256152
80,jacobi10,0.23698004921127402,0.619890025541601,0.15243758635278673,0.22682926829268293,0.9211664619686942,0.30224798991343116
80,jacobi20,0.277464816645019,0.6638487090242579,0.16057888151644,0.26097560975609757,0.8991241252765585,0.24670692201133965
80,jacobi40,0.3250132109279237,0.7451768722787607,0.17294571216574234,0.3073170731707317,0.8696380867349757,0.19986512915005622
80,jacobi80,0.3644606412974941,0.8289017111549303,0.1828633283872263,0.35853658536585364,0.8308736967643511,0.16140082316855414
80,cg5,0.2767276711743986,0.7074785278509323,0.17499137515313576,0.32195121951219513,0.9371904925974237,0.3702460659993294
80,pcg5,0.2376571016712622,0.6140147956010217,0.15263539349431465,0.23658536585365852,0.9199773163615547,0.3006369166029486
80,poisson_pcg5,0.9938409148420381,0.9995996717970436,0.30711832112151793,0.973170731707317,0.05216484137593346,0.043380797561106986
80,cg10,0.3060712838438919,0.7657987374773368,0.17100090590029615,0.32682926829268294,0.8957178090226319,0.2524603003921789
80,pcg10,0.33528196126739074,0.7323041700303058,0.16790594032783088,0.2951219512195122,0.8732676783597425,0.20545484415814994
80,poisson_pcg10,0.9999933879003645,1.0,0.30730886623531434,1.0,0.0015268466335807244,0.000946006528351089
80,cg20,0.413385980489387,0.8741573256752644,0.20603395255150753,0.5,0.8197751559488082,0.17312854414053333
80,pcg20,0.38456839374255125,0.8847623837063113,0.18877942237282455,0.4097560975609756,0.7944289776665736,0.13711980128502232
80,poisson_pcg20,0.999999999476131,1.0,0.30730886623531434,1.0,7.495352172757614e-07,5.2333266598069e-07
80,cg40,0.5144698755359949,0.9619899951034236,0.25763173623193486,0.6829268292682927,0.6676016564752558,0.11086439246776397
80,pcg40,0.5606898391937368,0.9419709381575639,0.22762997022405435,0.5341463414634147,0.6198309105025475,0.09050665143318157
80,poisson_pcg40,1.0,1.0,0.30730886623531434,1.0,1.1722177011928986e-12,1.7804015839844148e-13
80,cg80,0.7896142239661984,0.9925042679618332,0.2951019978263436,0.8634146341463415,0.3534076830696631,0.055661386604902406
80,pcg80,0.9938672549743246,0.9994051321413919,0.30686764763997815,0.9560975609756097,0.05519528463911339,0.016778740031964032
80,poisson_pcg80,1.0,1.0,0.30730886623531434,1.0,1.248390846541196e-12,1.7683409791884014e-13
80,poisson,0.7138382250542253,0.9794767280282678,0.28867118262845215,0.775609756097561,3.9568959069507295,6.997351025069266
80,amg,0.9944222973012619,0.9994666701957308,0.3069239852815169,0.9560975609756097,0.1248351265005042,0.0764899587576365
80,oracle,1.0,1.0,0.30730886623531434,1.0,1.1902018848355612e-12,1.685076916933613e-13
81,ensemble,0.15394805771315068,0.5826621494646851,0.11609336203147717,0.13170731707317074,,
81,raw,0.06832220282882544,0.5039470375712981,0.1356031765016686,0.16829268292682928,,
81,smoothed,0.020249197244130653,0.4649233090269047,0.13945763670602962,0.17560975609756097,,
81,prediction_magnitude,0.33855238233410956,0.6592406336434499,0.09755744284659229,0.05609756097560976,,
81,boundary_distance,0.3434529127191453,0.6602980294588622,0.09039074719628194,0.022125435540069686,,
81,jacobi1,0.04464682003706367,0.5186367666715191,0.1305038487434802,0.15365853658536585,0.9409483952690018,0.5331986579365136
81,jacobi5,0.18199490152548412,0.60352090308749,0.14661534486206645,0.22195121951219512,0.8808312452349183,0.2559896873134041
81,jacobi10,0.21968521125135343,0.6458220293000543,0.16320416421838188,0.28536585365853656,0.8450854395671501,0.19678170761381417
81,jacobi20,0.26873723436070884,0.7012678162592804,0.1801420727603122,0.348780487804878,0.796642456817164,0.15631860943666004
81,jacobi40,0.34649410010373444,0.8025521750062862,0.1940520210635995,0.4073170731707317,0.730241748521769,0.12394126472581353
81,jacobi80,0.4445522903244445,0.8975464182205577,0.2153620389479449,0.5,0.6443116262767752,0.09198173004854632
81,cg5,0.11032264563082654,0.5489968635443272,0.1441370319814111,0.20243902439024392,0.9116314891792628,0.29207064675912164
81,pcg5,0.21366557198306232,0.6411226393870015,0.16105131425542293,0.2804878048780488,0.8503162133377927,0.2000098173529474
81,poisson_pcg5,0.9931138758517691,0.9994514511070233,0.2720597612727439,0.9609756097560975,0.0667914620834332,0.04291267946050957
81,cg10,0.16607175581491773,0.5971672644018898,0.15726318928745622,0.26097560975609757,0.8684408659793118,0.19237204197658042
81,pcg10,0.31210561536695747,0.7639625213398091,0.18841802599702834,0.3804878048780488,0.7473808329469327,0.13178645279460524
81,poisson_pcg10,0.9999993442906608,1.0,0.2724478106106572,1.0,0.0004288581083708326,0.0004091559547928209
81,cg20,0.23707307681690618,0.6826059050064185,0.18094154327675105,0.36097560975609755,0.7850112106721246,0.124201663381878
81,pcg20,0.48854335230241963,0.9414118020724429,0.2312934401451896,0.6073170731707317,0.5597179245168358,0.06344477424960077
81,poisson_pcg20,1.0,1.0,0.2724478106106572,1.0,7.04806361033136e-08,7.967015621113697e-08
81,cg40,0.42162764984804174,0.8469621375540939,0.2064935912176692,0.44390243902439025,0.6372093915191838,0.0715264229737862
81,pcg40,0.7538987712464494,0.9899917949260881,0.26383671139333686,0.8463414634146341,0.37281761884236453,0.03734407452227171
81,poisson_pcg40,1.0,1.0,0.2724478106106572,1.0,1.0921447405649937e-12,8.979579264638152e-14
81,cg80,0.6728055606917999,0.9589183859825576,0.2453652545945353,0.6414634146341464,0.44360819304930216,0.037918566987694906
81,pcg80,0.9690098697474523,0.998291491867713,0.27057716259092945,0.9341463414634147,0.1220585751528795,0.011607763732839553
81,poisson_pcg80,1.0,1.0,0.2724478106106572,1.0,1.0921347277003986e-12,8.973304514795273e-14
81,poisson,0.24302735784207555,0.5845036591982848,0.10076793594001882,0.0975609756097561,4.56299071054408,6.832232813656
81,amg,0.9613246809107061,0.9968205338591639,0.27011994742110423,0.9097560975609756,0.2135924653570339,0.05995678054603466
81,oracle,1.0,1.0,0.2724478106106572,1.0,1.0805035336513014e-12,8.874429881529916e-14
82,ensemble,0.28673261209706513,0.5820097137487924,0.1398769704774251,0.15365853658536585,,
82,raw,0.18161267100201076,0.7838948956499874,0.17766704000333544,0.3926829268292683,,
82,smoothed,0.27543379424862835,0.8835799266836944,0.1814409850360736,0.3975609756097561,,
82,prediction_magnitude,0.5825348912885313,0.5561220438574435,0.14292940619527658,0.02926829268292683,,
82,boundary_distance,0.6193445815365777,0.6913343832298876,0.1682775837074656,0.23879210220673638,,
82,jacobi1,0.02774563748456612,0.6186559559572807,0.10901204218638329,0.1902439024390244,0.9914779901868653,0.6878157398046445
82,jacobi5,0.13824290977562428,0.6449704220319469,0.1342854760743872,0.24634146341463414,0.9798642477409858,0.49516041827538043
82,jacobi10,0.16860801002794193,0.6680822624829612,0.14064710587458448,0.2634146341463415,0.971020291238611,0.43589791281051965
82,jacobi20,0.21242129322603606,0.7010626894114844,0.15029747674020633,0.29024390243902437,0.9570300616585121,0.3829214794973183
82,jacobi40,0.2621160150393145,0.7413429853235048,0.16992457033626232,0.37317073170731707,0.9338295767012144,0.3338988715460877
82,jacobi80,0.34129287130687735,0.8204233553458703,0.1934033043238001,0.48292682926829267,0.8952609672272464,0.28508878546642397
82,cg5,0.15824125358130806,0.7455123539298334,0.15671003447388696,0.3463414634146341,0.9781420512384414,0.46650846279117125
82,pcg5,0.17036657794701027,0.6601365747786615,0.14686409174365536,0.2926829268292683,0.9674744457335102,0.42690118496960083
82,poisson_pcg5,0.9985630602185017,0.9997459073885367,0.2579820118711068,0.9780487804878049,0.042879334629311004,0.047399312226944684
82,cg10,0.22036944944750966,0.7402167727591547,0.16444873573879817,0.36341463414634145,0.9571457841929939,0.37139494278274576
82,pcg10,0.26869606716469707,0.7377810568664558,0.17003443369949142,0.36097560975609755,0.93170475369704,0.335762127087872
82,poisson_pcg10,0.9999996910919252,1.0,0.25811950765025765,1.0,0.00047662275613637395,0.0007187070651084907
82,cg20,0.31985072765540945,0.8703571853949684,0.21208258104105948,0.5780487804878048,0.9039329052379008,0.2785102931730646
82,pcg20,0.42827631658612225,0.8787382713762026,0.2173150103203425,0.5853658536585366,0.8229890820666584,0.23723997469133992
82,poisson_pcg20,1.0,1.0,0.25811950765025765,1.0,3.4329009134183053e-07,2.5690439904143034e-07
82,cg40,0.4330924611705519,0.9207753794846685,0.21914944429999286,0.5975609756097561,0.7874326645073928,0.19430017921223428
82,pcg40,0.6251332818726358,0.9230728001799823,0.22628407520850466,0.6024390243902439,0.6339273554374941,0.15308415014849924
82,poisson_pcg40,1.0,1.0,0.25811950765025765,1.0,5.116126484210376e-13,1.1709204714123983e-13
82,cg80,0.7082911283528732,0.9852540264415124,0.2475276082171149,0.7707317073170732,0.5117233148851763,0.1192337146182946
82,pcg80,0.9811691502526642,0.9995156359593981,0.25797597840869635,0.975609756097561,0.12779181720527125,0.03441108582540166
82,poisson_pcg80,1.0,1.0,0.25811950765025765,1.0,5.121311588650098e-13,1.1683073484007444e-13
82,poisson,0.8963998702187945,0.9178923547238728,0.22786899962736237,0.6414634146341464,1.533772125760412,6.243537540072023
82,amg,0.9966643955898671,0.9989571615737861,0.25743093246377946,0.948780487804878,0.08477515197619713,0.10559108406043455
82,oracle,1.0,1.0,0.25811950765025765,1.0,5.515422604577296e-13,1.2539468314518608e-13
83,ensemble,-0.009683974256994531,0.5597395550732501,0.09846080106254315,0.11707317073170732,,
83,raw,0.054558482944725935,0.6172776358799942,0.16121871064069554,0.2658536585365854,,
83,smoothed,-0.0014966529871204785,0.6362340034143694,0.1744869451718459,0.32682926829268294,,
83,prediction_magnitude,0.24795488971901403,0.6033574633087623,0.101564830110962,0.06585365853658537,,
83,boundary_distance,0.2727354905649717,0.6214642086735571,0.1176263531956514,0.09849012775842043,,
83,jacobi1,0.045373659782497425,0.5959828222807458,0.1486703599915995,0.2121951219512195,0.9331549520960626,0.5504933318024496
83,jacobi5,0.15832192556243693,0.6770171909532443,0.18408033708546853,0.32439024390243903,0.8582335035948798,0.29337138964835396
83,jacobi10,0.20614673232742664,0.7321063218771091,0.19090749627657483,0.35365853658536583,0.8165628422997917,0.23207099674640655
83,jacobi20,0.28859682780010343,0.8132736921509204,0.20404646028039553,0.4146341463414634,0.7619128981003,0.18141994116976273
83,jacobi40,0.4086917485983781,0.8886994957849741,0.21790001829566652,0.48048780487804876,0.6878617928817741,0.1367121291519083
83,jacobi80,0.5483045858833878,0.9381026428278391,0.23828176545877755,0.5804878048780487,0.5884122157051022,0.10270763562961148
83,cg5,0.08241386329707434,0.6338551936794463,0.16378974126367746,0.2707317073170732,0.9154534257484632,0.36979941821677753
83,pcg5,0.20269670794726286,0.7190112885936238,0.18814404542623217,0.3463414634146341,0.820259950842953,0.22859369456873585
83,poisson_pcg5,0.9876385320875478,0.997172557997962,0.2758157090713222,0.9243902439024391,0.08803089532640578,0.04409697641827654
83,cg10,0.14274849365316666,0.6736617127430091,0.1812512122391312,0.32682926829268294,0.8458914945526457,0.2410008552266956
83,pcg10,0.3784087222005783,0.8740554239508754,0.2176147156831459,0.47560975609756095,0.6954722602492798,0.1365233794851945
83,poisson_pcg10,0.9999998009297878,0.999999338300491,0.2770917915462565,0.9975609756097561,0.00022426985702323862,0.0002753864910976827
83,cg20,0.2567875725188336,0.7913959212842264,0.21089690820783596,0.45365853658536587,0.7454895890524581,0.15218596670040532
83,pcg20,0.6478466522760556,0.9556052565408997,0.2561156722952047,0.6731707317073171,0.48982094749227373,0.0814809633121597
83,poisson_pcg20,1.0,1.0,0.27709183449091984,1.0,2.7856265383589345e-08,4.360418450366998e-08
83,cg40,0.5675154606657937,0.9220683403252915,0.2476759932168032,0.5902439024390244,0.5761265111249063,0.08116482387695217
83,pcg40,0.9383023514424923,0.9893532548998849,0.2718107855001236,0.8121951219512196,0.18781389917152078,0.026918828638581485
83,poisson_pcg40,1.0,1.0,0.27709183449091984,1.0,1.3003542990105662e-12,1.1400704034492979e-13
83,cg80,0.7837214804330607,0.9729364900811244,0.26107251804523396,0.6902439024390243,0.3767709258261754,0.037156366970638566
83,pcg80,0.9974000415728452,0.9995004168706907,0.27682071466556357,0.9585365853658536,0.042008486590610065,0.0038850414556006697
83,poisson_pcg80,1.0,1.0,0.27709183449091984,1.0,1.3003542990105662e-12,1.1400704034492979e-13
83,poisson,0.6699912502704561,0.9074639704617339,0.20820511310345488,0.524390243902439,2.0202258887021327,6.388323908013843
83,amg,0.9934706945387874,0.9987215965485754,0.27625337178219556,0.9365853658536586,0.12470259891884991,0.05397086047490413
83,oracle,1.0,1.0,0.27709183449091984,1.0,1.2996802432669628e-12,1.1426237058724992e-13
84,ensemble,0.28484129752483506,0.7281897224832259,0.17553374950985184,0.348780487804878,,
84,raw,0.14386806312953687,0.6177911146989928,0.1472773035136816,0.1878048780487805,,
84,smoothed,0.17814390293900836,0.6760583883646758,0.17113122539675102,0.2658536585365854,,
84,prediction_magnitude,0.5986480020810591,0.9138202559453701,0.22588660972545382,0.4585365853658537,,
84,boundary_distance,0.4655518153155279,0.8124624485528632,0.1502155427425075,0.19564459930313588,,
84,jacobi1,0.21469715085403776,0.6265321652131334,0.15309163154906877,0.17804878048780487,0.9565203262764257,0.5814688339609648
84,jacobi5,0.3033103123650514,0.6268769106573323,0.18026665918059093,0.23902439024390243,0.9124979031431001,0.3070887584186732
84,jacobi10,0.3435783061329383,0.6367560843269854,0.18669373964377425,0.24634146341463414,0.886159594287442,0.24216617315839464
84,jacobi20,0.3888597379084893,0.6432453714119344,0.19507708293866607,0.275609756097561,0.851224931772213,0.1944667962292141
84,jacobi40,0.45207240734727505,0.6662817781189206,0.2082972684242035,0.32682926829268294,0.8060130221905093,0.15678106958877355
84,jacobi80,0.5442189191398312,0.6967087066421397,0.21957838537164923,0.36341463414634145,0.7484748982759382,0.1235843171029703
84,cg5,0.22538699284174255,0.5998908195810119,0.17061290265430448,0.18292682926829268,0.9202760988698586,0.3209722258907969
84,pcg5,0.33710748121363937,0.6319845691674497,0.1885611105549195,0.24878048780487805,0.8861238597471978,0.24257182034291444
84,poisson_pcg5,0.9932944447578347,0.9994885062795283,0.31560476266530363,0.9707317073170731,0.06023811568978531,0.04225197467736815
84,cg10,0.329133142544442,0.628403451424639,0.18968824707359502,0.24146341463414633,0.8751261778164947,0.2168543321022963
84,pcg10,0.43246909672443024,0.6580575149213239,0.20153568406879982,0.3121951219512195,0.813815518941606,0.16483605797788273
84,poisson_pcg10,0.9999982995212929,0.999999338300491,0.3159179234089654,0.9975609756097561,0.0006916365785160036,0.0005261128894773049
84,cg20,0.4851872323099365,0.6788355412040284,0.21212323242896453,0.2975609756097561,0.783314435778448,0.14274012959344076
84,pcg20,0.6076537083274102,0.7076611569154215,0.22644114718230904,0.3780487804878049,0.6944158037202075,0.09817337739479014
84,poisson_pcg20,0.9999999998253771,1.0,0.3159184722351538,1.0,5.622396568137197e-07,2.6135616319811e-07
84,cg40,0.5940863266787724,0.8259280335613991,0.24075728665862822,0.4170731707317073,0.6429129111014121,0.08008508363964698
84,pcg40,0.8032546972118325,0.9410372801503382,0.27633270715928504,0.6219512195121951,0.45470409370594395,0.05681474694827779
84,poisson_pcg40,1.0,1.0,0.3159184722351538,1.0,8.31418005381398e-13,9.749407700436619e-14
84,cg80,0.7759520791339997,0.9716977886002408,0.28660327165724764,0.6926829268292682,0.41350086829387067,0.045486974536574167
84,pcg80,0.9779400077188951,0.9992787475351693,0.31533605577397106,0.9682926829268292,0.09647552144286123,0.011713381961646042
84,poisson_pcg80,1.0,1.0,0.3159184722351538,1.0,8.36539898556036e-13,9.24333426354109e-14
84,poisson,0.27778122407896294,0.6027003956963064,0.16164355960831228,0.15121951219512195,2.9019905692106653,7.049523439949462
84,amg,0.9178091683329892,0.984298532350489,0.30214635573072607,0.7926829268292683,0.3461266395201513,0.08355437522183819
84,oracle,1.0,1.0,0.3159184722351538,1.0,8.260898737700673e-13,9.150417254256334e-14
85,ensemble,0.11232617503392994,0.5793212286436483,0.11934769628958648,0.17560975609756097,,
85,raw,-0.031175650069715087,0.4163797096462554,0.10510282675970277,0.08292682926829269,,
85,smoothed,-0.10085023708354232,0.36093723118457444,0.11227629565951511,0.09268292682926829,,
85,prediction_magnitude,0.5391320925014595,0.9003361433505817,0.20342393875177078,0.5365853658536586,,
85,boundary_distance,0.4240244519144506,0.8107579106176304,0.14097706950823735,0.2821138211382114,,
85,jacobi1,0.026869951893740262,0.5053756468112701,0.10361138690816281,0.1,0.9746962823608581,0.6240658023779874
85,jacobi5,0.05827721317041819,0.5629944549581144,0.1098507253446005,0.11707317073170732,0.9351824770095472,0.3814242612200906
85,jacobi10,0.0711492979233666,0.5865344149914641,0.11641193841867649,0.14146341463414633,0.9057180815711084,0.31740306553672376
85,jacobi20,0.10677292671377521,0.6236789169302437,0.12412172681426789,0.16829268292682928,0.862362772090937,0.26885741363954896
85,jacobi40,0.18949544051681477,0.6857893413443087,0.13350868417120884,0.1975609756097561,0.7988877513028203,0.2249934641466396
85,jacobi80,0.3474926144602032,0.7759081825761285,0.14411215720598922,0.24146341463414633,0.7079145323136355,0.17988075627163147
85,cg5,-0.009366415184410821,0.4666569617405344,0.1104587790366792,0.1,0.9510889956194566,0.40074513884527974
85,pcg5,0.058078809494193466,0.5783630877545889,0.11888178226819486,0.14146341463414633,0.9029495292514409,0.31290833898113063
85,poisson_pcg5,0.9974433407409804,0.9995209295554702,0.23219079746074917,0.973170731707317,0.05178124229183434,0.0388469590149162
85,cg10,0.06492714976690485,0.5408189193123619,0.11735855257084486,0.13170731707317074,0.9107620699688975,0.3087731792930953
85,pcg10,0.1580927171678598,0.6631638500324233,0.12932857169245926,0.1878048780487805,0.7955613281859572,0.229805660335051
85,poisson_pcg10,0.9999984868917645,0.999998676600982,0.2322983598674282,0.9975609756097561,0.0007390834629557368,0.0006935901258033818
85,cg20,0.21589648741518633,0.5855511295210619,0.14301151803091522,0.16097560975609757,0.8030431932187804,0.21042508385223244
85,pcg20,0.5467371550539303,0.8467484086126809,0.16387810757715549,0.33658536585365856,0.5765238676680589,0.13976774827796154
85,poisson_pcg20,0.9999999996507541,1.0,0.23229849969242022,1.0,2.8963607881526493e-07,2.628374666453246e-07
85,cg40,0.4391367905584673,0.6679949181477708,0.16100403990364232,0.2,0.6422915536417001,0.1256926926686734
85,pcg40,0.9365166387283848,0.9816080621468178,0.22448636616938109,0.7634146341463415,0.2238142781965317,0.05109073771512322
85,poisson_pcg40,1.0,1.0,0.23229849969242022,1.0,6.11475137101021e-13,9.782202974643356e-14
85,cg80,0.7903880790316845,0.8991172928549687,0.19310203541579596,0.4268292682926829,0.3882051889119834,0.05972606391307856
85,pcg80,0.9975757580551772,0.9986309437158397,0.23177928392419986,0.9292682926829269,0.04013676247750177,0.009668737291221126
85,poisson_pcg80,1.0,1.0,0.23229849969242022,1.0,6.116098233209637e-13,9.736066116402594e-14
85,poisson,0.5950764774669842,0.8335752947871312,0.1535700486621007,0.2121951219512195,2.5362147992264448,6.800505541654339
85,amg,0.9831129032366218,0.9960450220345937,0.23071143347035997,0.8878048780487805,0.18085484749826963,0.08118695193627035
85,oracle,1.0,1.0,0.23229849969242022,1.0,6.116763435973462e-13,9.69860630720663e-14
86,ensemble,0.3406945841195559,0.7039847544433122,0.18125293974583673,0.2780487804878049,,
86,raw,0.1801901973385109,0.7396735174622501,0.24287897859102395,0.47560975609756095,,
86,smoothed,0.23552390718695715,0.85366250678242,0.28352232887826834,0.5829268292682926,,
86,prediction_magnitude,0.5105112168101761,0.687402564747297,0.1206186491448929,0.004878048780487805,,
86,boundary_distance,0.4492833559469067,0.6576035890581369,0.13944914299539743,0.08757259001161438,,
86,jacobi1,0.09663047175561097,0.6266691370115003,0.1669604574029663,0.25853658536585367,0.9759165075414529,0.6083313184681753
86,jacobi5,0.2078636484716772,0.6530656538252848,0.18353082722733655,0.2780487804878049,0.9389978911902351,0.41563951907854
86,jacobi10,0.24061289111778608,0.6614507100035731,0.19418656078833182,0.3,0.9121762204659866,0.35795310487693577
86,jacobi20,0.30644199361539226,0.6822611595622196,0.20561134547599705,0.32926829268292684,0.875718529649195,0.3043931191400573
86,jacobi40,0.41107135638228326,0.7212240117517833,0.22592464745763918,0.375609756097561,0.8262777488133286,0.2562645313773176
86,jacobi80,0.5344680897714177,0.7917823537974935,0.2505010272851086,0.4292682926829268,0.7583573225482336,0.20838196161035072
86,cg5,0.1631894084337374,0.6908447255932136,0.20247112142573773,0.35365853658536583,0.9502861143601418,0.426253051446672
86,pcg5,0.24301600350581504,0.6620508714582534,0.19086631235437304,0.2975609756097561,0.9050152171273861,0.34758600607845513
86,poisson_pcg5,0.9989249361620246,0.9999225811574448,0.3723565741407386,0.9878048780487805,0.02680374186314086,0.03841899471801637
86,cg10,0.22373153473606167,0.6816682768021386,0.2026011926158715,0.32682926829268294,0.8991657104772771,0.325388819618258
86,pcg10,0.4025396944606122,0.7143502772520943,0.2234600364451994,0.37317073170731707,0.8237843132199639,0.2590866373268213
86,poisson_pcg10,0.9999986899783055,1.0,0.37242663857651925,1.0,0.0007788433048371705,0.0007761783237740016
86,cg20,0.3969422499340065,0.8290711062292392,0.2718778608211004,0.5146341463414634,0.7697721231677804,0.21782219502722378
86,pcg20,0.6197675175290751,0.8848967087066422,0.2676693228301532,0.4878048780487805,0.6423340647497362,0.14075452187118448
86,poisson_pcg20,1.0,1.0,0.37242663857651925,1.0,4.0253033249928086e-08,9.21230533995132e-08
86,cg40,0.5561280446985689,0.9602523721927398,0.3121072941601255,0.6317073170731707,0.5956091814199167,0.11197809972024679
86,pcg40,0.6220832464758566,0.96472413747469,0.3172318957322693,0.651219512195122,0.5092976758641925,0.07031621115301655
86,poisson_pcg40,1.0,1.0,0.37242663857651925,1.0,1.7703648050657226e-12,2.410487452423404e-13
86,cg80,0.7028284873636655,0.985103158953456,0.3465340396906159,0.7682926829268293,0.4094476359469348,0.05582567314347623
86,pcg80,0.9600370237067058,0.9998875110834667,0.372266813985752,0.9804878048780488,0.11105346498712278,0.01740957007745656
86,poisson_pcg80,1.0,1.0,0.37242663857651925,1.0,1.7703648050657226e-12,2.410487452423404e-13
86,poisson,0.7483309914992968,0.97637931262655,0.3315762429904293,0.7195121951219512,2.809123150690665,6.412739325533148
86,amg,0.9859807092372939,0.998952529677223,0.3707674367929571,0.9463414634146341,0.19267369088209857,0.06742262217268132
86,oracle,1.0,1.0,0.37242663857651925,1.0,1.8235216110071636e-12,2.485599486088815e-13
87,ensemble,0.3125349492204718,0.6655115598904225,0.14777578669605132,0.22439024390243903,,
87,raw,0.2659803284543949,0.7555701864669216,0.1559902962956725,0.2804878048780488,,
87,smoothed,0.3407579118465133,0.8007245609623758,0.1689730156792602,0.3170731707317073,,
87,prediction_magnitude,0.5966867265528539,0.7461555258525998,0.1432850883516221,0.13902439024390245,,
87,boundary_distance,0.6213938039676964,0.8237695697629792,0.17210218844223713,0.2653890824622532,,
87,jacobi1,0.16520250944696424,0.6864305281685481,0.15113766084223457,0.2731707317073171,0.9706735136511163,0.5597817155270066
87,jacobi5,0.157794327334349,0.6892109895054458,0.14894519597543715,0.2926829268292683,0.9373527448791825,0.3128961920494525
87,jacobi10,0.1603645031115303,0.6884315074838214,0.14634034662116419,0.29024390243902437,0.9167487835799261,0.2574822412189355
87,jacobi20,0.16638061866244264,0.7029253735293728,0.15049469020989564,0.3097560975609756,0.8920693458751626,0.2118524705401217
87,jacobi40,0.18245118267543214,0.7491655969191271,0.1600948969374146,0.3439024390243902,0.8646727584759725,0.16690828951772851
87,jacobi80,0.20566465639279968,0.8038140359699854,0.17290012105085548,0.3829268292682927,0.8350640883522361,0.12930956563082377
87,cg5,0.23028794954384565,0.7450399004803938,0.15526707569156553,0.3024390243902439,0.9385008205031385,0.33155094921847034
87,pcg5,0.15509391842736936,0.6807121210116062,0.14451190032275102,0.28292682926829266,0.9165820816352016,0.2586766567122913
87,poisson_pcg5,0.9943131946013724,0.9989101809086458,0.26961494650953083,0.9341463414634147,0.05316492867414646,0.04395505397741564
87,cg10,0.20876275152975332,0.737510421767267,0.16068590479333586,0.33414634146341465,0.8983708948273267,0.22007141227866137
87,pcg10,0.18055245238855197,0.7491311885446581,0.16393202882670962,0.35121951219512193,0.859026561509111,0.16687220398431166
87,poisson_pcg10,0.999997151025867,1.0,0.27030452685531364,1.0,0.000992179098800836,0.0009251026807439545
87,cg20,0.26117200313835237,0.834889430012043,0.18477909678431725,0.4268292682926829,0.8368741921699682,0.13171562308137724
87,pcg20,0.2238446057434704,0.8379597157338909,0.18345691763281674,0.4121951219512195,0.8169540932521451,0.11124560042543963
87,poisson_pcg20,0.999999999301508,1.0,0.27030452685531364,1.0,4.050005639859293e-07,4.3288898015550864e-07
87,cg40,0.3034648879400947,0.8931878035546498,0.20829181491550477,0.5682926829268292,0.7519226447686368,0.08805487849842798
87,pcg40,0.44074540622085895,0.9460688432169183,0.22908784749761055,0.6390243902439025,0.6357610164533881,0.07565297777712593
87,poisson_pcg40,1.0,1.0,0.27030452685531364,1.0,7.877132616231357e-13,9.433974342801011e-14
87,cg80,0.6470898419863078,0.9802409909611847,0.2598527587113956,0.7926829268292683,0.4700577099815776,0.05436738908764047
87,pcg80,0.9876926063674752,0.9973313658801265,0.26899363734474396,0.9024390243902439,0.10150963938550737,0.01635889121891918
87,poisson_pcg80,1.0,1.0,0.27030452685531364,1.0,7.872308857552042e-13,9.003450115155226e-14
87,poisson,0.4515836365417137,0.768490531080026,0.18678126578220997,0.4195121951219512,3.0545671428007446,6.803383210483864
87,amg,0.9582412205775623,0.9955983748660059,0.26774253465614767,0.8804878048780488,0.25800888002567296,0.07826068237565807
87,oracle,1.0,1.0,0.27030452685531364,1.0,7.487100567797148e-13,8.54168140013424e-14
88,ensemble,0.30328581537845745,0.7101246641874992,0.13686845846631165,0.22195121951219512,,
88,raw,0.024557628968440236,0.6086543678784591,0.16024506359870755,0.25365853658536586,,
88,smoothed,0.018086695433639464,0.6567579370856107,0.19160691037443875,0.32926829268292684,,
88,prediction_magnitude,0.4054561135817238,0.5834396463877823,0.09681759903332059,0.012195121951219513,,
88,boundary_distance,0.4391411089955816,0.7154890621071159,0.11565351033115769,0.07624854819976772,,
88,jacobi1,-0.04263296482712939,0.5223250797347908,0.10956644332482612,0.13414634146341464,0.987669514583349,0.6292596535019668
88,jacobi5,0.10294723239599064,0.5880847769410955,0.13234169487536754,0.16341463414634147,0.9713654950919832,0.4194479258758084
88,jacobi10,0.13105462446109947,0.5842892685573627,0.14133769282161623,0.17804878048780487,0.958516438068001,0.364239093052295
88,jacobi20,0.1763233875131205,0.5983325172372722,0.1512786756906832,0.1951219512195122,0.9378388927309567,0.314863846109678
88,jacobi40,0.2361969955303778,0.6295263554914442,0.1662838455664747,0.23170731707317074,0.9057938368236653,0.2674458617524702
88,jacobi80,0.33103890961407706,0.7236471553538107,0.18933356748371682,0.3024390243902439,0.8588892995874179,0.22506600025928014
88,cg5,0.04055249688249063,0.5992542646533356,0.14769854307636288,0.22926829268292684,0.9721684143627249,0.42953989483271904
88,pcg5,0.1460576927966367,0.5986349139128939,0.14518776285675966,0.1902439024390244,0.9561298836113551,0.3604718926883524
88,poisson_pcg5,0.9987934790996675,0.9999000833741382,0.3007749092799202,0.9853658536585366,0.02736763875384076,0.040275648116915294
88,cg10,0.11255081092543145,0.6294297473631275,0.1521793479897702,0.22926829268292684,0.948107023202261,0.3284238593504554
88,pcg10,0.24424828566321197,0.6319667032807061,0.16904232827936708,0.23414634146341465,0.9003844221662896,0.2676654357644151
88,poisson_pcg10,0.9999997220001949,1.0,0.3008238689244693,1.0,0.00023355226269935754,0.0004585515536019066
88,cg20,0.22369568935038908,0.6919312361870228,0.18680075947460184,0.32682926829268294,0.8999726759734451,0.2478275894202141
88,pcg20,0.4224705277947837,0.8209527149530855,0.20465339420234302,0.36585365853658536,0.8046867846542164,0.1988182713565331
88,poisson_pcg20,1.0,1.0,0.3008238689244693,1.0,2.8684266627652803e-08,8.002002072515259e-08
88,cg40,0.43530249885223804,0.9044003017349761,0.24266445068849926,0.5560975609756098,0.7425158429970897,0.17759589123361655
88,pcg40,0.801561763440215,0.9924076598335164,0.29427258988554794,0.8439024390243902,0.38454877102765744,0.08914111036465024
88,poisson_pcg40,1.0,1.0,0.3008238689244693,1.0,2.937680383303799e-13,6.267314966845094e-14
88,cg80,0.7128138052021,0.9895610285457168,0.2941722266397196,0.8317073170731707,0.45519106621733396,0.09135810381333413
88,pcg80,0.9894725434260842,0.9998703068962322,0.30069197683053966,0.9853658536585366,0.07361072327811986,0.018221101892548008
88,poisson_pcg80,1.0,1.0,0.3008238689244693,1.0,2.937680383303799e-13,6.267314966845094e-14
88,poisson,0.822875397316204,0.9839934888768312,0.28292335646543315,0.7853658536585366,2.2820909341661357,6.001197680336696
88,amg,0.996606511210852,0.9997088522160317,0.30054740209554254,0.9682926829268292,0.11243412989316688,0.08421482395709658
88,oracle,1.0,1.0,0.3008238689244693,1.0,3.1393134882475965e-13,6.684943416198507e-14
89,ensemble,0.33070826289740285,0.6991186162539867,0.14272690975221064,0.20243902439024392,,
89,raw,0.05787380332259779,0.4748362293715178,0.10487307825909427,0.08292682926829269,,
89,smoothed,0.04058062672583397,0.4504565726612231,0.10401520995118554,0.08780487804878048,,
89,prediction_magnitude,0.5090849112197144,0.8450934981406244,0.21406412810818468,0.44146341463414634,,
89,boundary_distance,0.44917648429125845,0.8007794820216243,0.14712282617451466,0.2307781649245064,,
89,jacobi1,0.10767035321649408,0.5306949168243718,0.11993434462563911,0.11707317073170732,0.949119711826713,0.5912804586467039
89,jacobi5,0.234273483446802,0.602266982517899,0.15084171369848748,0.1902439024390244,0.8905760256438513,0.3484366439286403
89,jacobi10,0.30795907976281006,0.6515880788216455,0.1732562384334663,0.24878048780487805,0.8505047248398819,0.27175219683989327
89,jacobi20,0.400597458426596,0.7070940804361923,0.19080073288488086,0.3048780487804878,0.7942711659077182,0.2030307069295444
89,jacobi40,0.5039845769689538,0.7895444860579913,0.21287500765675701,0.3951219512195122,0.7197236912478499,0.1448408052069043
89,jacobi80,0.5871053398118743,0.8772686367666716,0.2396648911669078,0.5048780487804878,0.6277323027125665,0.10247607424142689
89,cg5,0.15066969926036966,0.5249579820811773,0.13319879770609477,0.12926829268292683,0.9154711238918125,0.34453504197507845
89,pcg5,0.31166645442988083,0.6566249354842979,0.17371584814756222,0.25365853658536586,0.8423243632700275,0.2650669138897473
89,poisson_pcg5,0.9968828835296487,0.9996770906395988,0.305108279710481,0.9682926829268292,0.04500278999660423,0.04103696186826168
89,cg10,0.2593747885315553,0.5922614242420232,0.1618667904254776,0.2073170731707317,0.8675808227616151,0.22236198629242973
89,pcg10,0.49221001187240776,0.7743862737053849,0.20504203696598555,0.375609756097561,0.7236379399543751,0.1481367828258053
89,poisson_pcg10,0.9999883360571727,1.0,0.30560483752138495,1.0,0.0020474120118450525,0.0007400144931577295
89,cg20,0.3604699060740639,0.6756593835607374,0.1812878792152691,0.25121951219512195,0.7924785158725233,0.14722477196733985
89,pcg20,0.6278613625868478,0.9224964599076267,0.2563572296289464,0.5926829268292683,0.5487921952460463,0.07989715813419006
89,poisson_pcg20,0.999999999126885,1.0,0.30560483752138495,1.0,5.334442147124589e-07,3.332395730280771e-07
89,cg40,0.5221065483426853,0.8375891640088403,0.23288171396919632,0.47804878048780486,0.6343957623207229,0.09014180453931046
89,pcg40,0.8910794490055038,0.9947983801596019,0.30099640195771266,0.8853658536585366,0.2411938015084592,0.03880833401782242
89,poisson_pcg40,1.0,1.0,0.30560483752138495,1.0,8.712712831828644e-13,1.0571012960796632e-13
89,cg80,0.7696721630720593,0.9773427471116817,0.2882646419588685,0.7682926829268293,0.3804577509378119,0.045580638175963625
89,pcg80,0.9856592993784652,0.999822664531583,0.3053476724591627,0.9804878048780488,0.07553064234235395,0.009722144526419058
89,poisson_pcg80,1.0,1.0,0.30560483752138495,1.0,8.763712946307643e-13,1.0434061777154177e-13
89,poisson,0.5876814540700177,0.8020572237735399,0.16332175576551689,0.22926829268292684,2.984413364838303,6.944956897124665
89,amg,0.9601722966307094,0.9953211227717269,0.3008357890283504,0.8926829268292683,0.23862993713763195,0.07669703485029207
89,oracle,1.0,1.0,0.30560483752138495,1.0,8.706038219515837e-13,1.0372681418149075e-13
90,ensemble,0.21930332822763643,0.66001614546802,0.16190426866392657,0.2658536585365854,,
90,raw,0.12115085014715272,0.6459490756057858,0.166243488023381,0.23902439024390243,,
90,smoothed,0.12943767247163787,0.6881913105620475,0.16188858259103,0.22926829268292684,,
90,prediction_magnitude,0.48704047254256,0.7795065045061736,0.15020473996863642,0.2073170731707317,,
90,boundary_distance,0.5535062608084054,0.8535778092452655,0.2270514104152954,0.468815331010453,,
90,jacobi1,0.06551674701559526,0.6069015258790678,0.14744627243275607,0.2146341463414634,0.9759260695281616,0.6372654861650411
90,jacobi5,0.16381083980332478,0.6095562643092519,0.16301315093602478,0.25121951219512195,0.94031685572591,0.4319140780728134
90,jacobi10,0.2038113820426431,0.6096264044572078,0.17941356295503716,0.2634146341463415,0.9139884261954792,0.37502938387204565
90,jacobi20,0.2833465863453984,0.6439844897635086,0.1957890176998585,0.2926829268292683,0.8742940947141612,0.3227979003931206
90,jacobi40,0.41318803834173307,0.7332484152296759,0.22340471440971713,0.375609756097561,0.8120153887623458,0.26597072729944904
90,jacobi80,0.5378005687792193,0.8378425949207946,0.24979582645476953,0.4975609756097561,0.7169415148723682,0.200396236165394
90,cg5,0.11967915148424516,0.6301609253205934,0.1640215326084273,0.25365853658536586,0.9512345966045562,0.4324834880154846
90,pcg5,0.20593416131314482,0.6069266704604105,0.1814562810014875,0.2682926829268293,0.9074533744509429,0.3714583356605368
90,poisson_pcg5,0.9888758397200647,0.9997677434723343,0.3146202250221214,0.973170731707317,0.0728171748905268,0.04358585256399292
90,cg10,0.2079305725591785,0.6621203499067003,0.19325396545202686,0.32439024390243903,0.8997418578740161,0.32340355582741565
90,pcg10,0.4326410876252033,0.7288785516721147,0.22916358775113652,0.3902439024390244,0.7898129261270331,0.26117894754815435
90,poisson_pcg10,0.9999967694746267,1.0,0.314890001172669,1.0,0.0011040861621602774,0.0007212544332468954
90,cg20,0.2889831389136807,0.7105534454693435,0.22104622958261644,0.44390243902439025,0.8040259889480125,0.20776183027712075
90,pcg20,0.6130985924283134,0.9100068816748939,0.26601159865308444,0.6024390243902439,0.5667189266460679,0.12638783166359185
90,poisson_pcg20,1.0,1.0,0.314890001172669,1.0,2.810544871106805e-07,2.2466601229053055e-07
90,cg40,0.46930538406413475,0.864129931315591,0.2513189639024006,0.5829268292682926,0.6529953086268038,0.13665616474237088
90,pcg40,0.7647290405050466,0.9796428146050316,0.29347233101443204,0.7414634146341463,0.3906193924376011,0.06964241518191162
90,poisson_pcg40,1.0,1.0,0.314890001172669,1.0,7.020853924708341e-13,1.1868977180670213e-13
90,cg80,0.8217584311194156,0.9928741579873748,0.30641748664123386,0.8682926829268293,0.3208680365240629,0.0619567200331986
90,pcg80,0.9794245207409089,0.9989485594801689,0.3138940352032594,0.9463414634146341,0.10139690813252292,0.021227573261835758
90,poisson_pcg80,1.0,1.0,0.314890001172669,1.0,7.033339039797937e-13,1.1649636327592912e-13
90,poisson,0.5596461104041441,0.9686956579278219,0.28490931517228874,0.6951219512195121,4.743156357858826,6.4237808741727225
90,amg,0.9868638767248841,0.9989194447017721,0.3140816159688501,0.9560975609756097,0.19569486145582823,0.08192901955311928
90,oracle,1.0,1.0,0.314890001172669,1.0,7.261556833905069e-13,1.204682192778167e-13
91,ensemble,0.26684867900639353,0.7338439447877929,0.16403497598443956,0.2634146341463415,,
91,raw,0.2709921948551205,0.7255568201368394,0.1687119381803383,0.275609756097561,,
91,smoothed,0.299177026105886,0.781999126556648,0.1619310377984411,0.2658536585365854,,
91,prediction_magnitude,0.314204620939303,0.6917287561372629,0.1269707579683551,0.17073170731707318,,
91,boundary_distance,0.3356317888650763,0.7066169950901896,0.10854672572049127,0.0805458768873403,,
91,jacobi1,0.19352787466327098,0.6308199780315763,0.16932927060663552,0.24878048780487805,0.9423438850702766,0.6036109454718481
91,jacobi5,0.2819262942469519,0.6473889337374111,0.18381374212109422,0.29024390243902437,0.877228771290633,0.35170400362967774
91,jacobi10,0.3258395299000944,0.6596555192356047,0.19757427695024726,0.3121951219512195,0.8351018668511461,0.2891039073554962
91,jacobi20,0.3979337255868674,0.6896106560088933,0.21838255275715002,0.35365853658536583,0.7775538983119917,0.23963793053023372
91,jacobi40,0.4895631287545341,0.7470025012241441,0.2352448448848368,0.3902439024390244,0.7004544594500545,0.1922785557668722
91,jacobi80,0.6036106766607456,0.8470150735148154,0.2625194404355832,0.47560975609756095,0.6028713722436594,0.14325894127835348
91,cg5,0.28834386928147415,0.7159257837830685,0.19334348697567508,0.32195121951219513,0.8788410702803765,0.35496339123386195
91,pcg5,0.3187230203983125,0.6549548059235341,0.1947494956020096,0.3048780487804878,0.8320292440882107,0.28799936166993995
91,poisson_pcg5,0.9563910979978092,0.998466180538094,0.33012780704251615,0.9292682926829269,0.12920925038074216,0.04250692186386074
91,cg10,0.36259239442265895,0.7373033098209442,0.21743324666006963,0.35853658536585364,0.7904078278688736,0.24806554605540107
91,pcg10,0.48199898525880186,0.7330790201553671,0.2335017302778445,0.3878048780487805,0.6933742807434119,0.19750287343004821
91,poisson_pcg10,0.9999864110132963,0.9999953681034369,0.3314574072259004,0.9951219512195122,0.002174229291651945,0.0008393930531976094
91,cg20,0.5317701280310639,0.8782598626311819,0.2652165457494658,0.5170731707317073,0.6174107940139464,0.14351917090659633
91,pcg20,0.6852528271672139,0.9175734155605256,0.2825174696026465,0.5756097560975609,0.5028441853023242,0.10253224120621672
91,poisson_pcg20,0.9999999998253771,1.0,0.3314598981647503,1.0,2.2330620781608695e-07,2.1596803411054564e-07
91,cg40,0.750150837246006,0.9718817410637481,0.30512029548155134,0.7292682926829268,0.39803752341420495,0.07146865999249462
91,pcg40,0.9132477426415827,0.9929674576181464,0.3247432383721484,0.8585365853658536,0.2151113869564322,0.04337720424541577
91,poisson_pcg40,1.0,1.0,0.3314598981647503,1.0,8.493406410433384e-13,9.128380086410637e-14
91,cg80,0.9408104379189833,0.9974034911266095,0.32902599710452357,0.9073170731707317,0.14828426875136616,0.022874777341320193
91,pcg80,0.9916239079566954,0.9997525243836269,0.33125110682347264,0.975609756097561,0.05042323196355145,0.006767758199195129
91,poisson_pcg80,1.0,1.0,0.3314598981647503,1.0,8.438480634915536e-13,8.945061496289983e-14
91,poisson,0.476368309801977,0.8864106771832775,0.2592432637056619,0.5317073170731708,4.14153948711175,6.7479006340081655
91,amg,0.9603203828660813,0.9934902002302715,0.32661644982915133,0.8829268292682927,0.23195323041143048,0.08008495113248873
91,oracle,1.0,1.0,0.3314598981647503,1.0,8.449817560034357e-13,8.963251118722591e-14
92,ensemble,0.5375099189352569,0.753070947421357,0.2053174459109419,0.3146341463414634,,
92,raw,0.06426343151867354,0.5976681709302172,0.1490338796906714,0.22682926829268293,,
92,smoothed,0.07550423733868747,0.669120469012612,0.180198570323681,0.33902439024390246,,
92,prediction_magnitude,0.7890257984377919,0.9750327541256965,0.2929487141464246,0.6902439024390243,,
92,boundary_distance,0.6173911921903185,0.9230827256726175,0.24151834705669237,0.4603948896631823,,
92,jacobi1,0.039274226013618026,0.5659171816894512,0.119562220031414,0.17560975609756097,0.9900795931046811,0.5854161618139682
92,jacobi5,0.09866818553047615,0.563816285748316,0.13041179238481335,0.1878048780487805,0.9746335592790902,0.34965037470095317
92,jacobi10,0.12655065287765283,0.5513028863332583,0.13360499760897118,0.1878048780487805,0.962830474982237,0.2990905755470372
92,jacobi20,0.16176153298256746,0.560223919113852,0.13645974046696194,0.18536585365853658,0.9446707333607366,0.26357189712453327
92,jacobi40,0.21252979138112316,0.6186480155631725,0.148796931088462,0.21707317073170732,0.9153774151953856,0.23370977353701092
92,jacobi80,0.2790699894404778,0.7371431785397615,0.17824264936097906,0.3097560975609756,0.8666662331270637,0.20551527157755647
92,cg5,0.08564234296196135,0.5881602106851237,0.14423059091730567,0.21707317073170732,0.9748381482286965,0.3669663134976689
92,pcg5,0.12866797937057045,0.5536056006246444,0.13567629513879279,0.1902439024390244,0.9626088330164129,0.3002340265878715
92,poisson_pcg5,0.9856013853135415,0.9997068671175046,0.31821547592769756,0.9634146341463414,0.07614369001615652,0.04323945444590033
92,cg10,0.10375723931050237,0.5602027447295634,0.13575472657605472,0.18292682926829268,0.9557812443848419,0.2797967232859334
92,pcg10,0.21843446812574377,0.605440493363154,0.1453407985071123,0.2121951219512195,0.916796914028344,0.23844659916371747
92,poisson_pcg10,0.9999993119854069,1.0,0.3185598173337877,1.0,0.00037441234694549416,0.0006282037743688707
92,cg20,0.1649084593440792,0.644976377327528,0.17479005694244132,0.3146341463414634,0.9032346179784836,0.21791522071588712
92,pcg20,0.3661483087888842,0.8894915500972699,0.24306609802453508,0.5463414634146342,0.7658172731406072,0.1780929775919106
92,poisson_pcg20,0.9999999998253771,1.0,0.3185598173337877,1.0,3.1407198405441673e-07,3.1566754752219996e-07
92,cg40,0.2877618841983011,0.8853678387570636,0.23069679915315044,0.6,0.7802689322059492,0.15359460853970144
92,pcg40,0.6358291214616633,0.9890237285443935,0.3089430762511454,0.8341463414634146,0.5081264044206266,0.10312719498438086
92,poisson_pcg40,1.0,1.0,0.3185598173337877,1.0,1.0443880349657913e-12,2.0896269548516698e-13
92,cg80,0.6847506173760999,0.9992833794317325,0.3177602090499205,0.9609756097560975,0.41751472642766047,0.08967563552390982
92,pcg80,0.9971252733408638,0.9997373052949194,0.31830673069840476,0.9682926829268292,0.04158708522815628,0.015223880771750532
92,poisson_pcg80,1.0,1.0,0.3185598173337877,1.0,1.0449419453992613e-12,2.0897426451561828e-13
92,poisson,0.6482289674916807,0.9068188134404405,0.2658874686661108,0.6536585365853659,1.8744504196201337,6.907263984096594
92,amg,0.9946620777210899,0.998777179307333,0.3173539770623298,0.9414634146341463,0.18272952240049417,0.07866970905306077
92,oracle,1.0,1.0,0.3185598173337877,1.0,1.0894616435913843e-12,2.1770278618969107e-13
93,ensemble,0.23325758851457917,0.6354538596932361,0.1486377060346636,0.24878048780487805,,
93,raw,0.26071199885156743,0.7470388946971401,0.18107594972485005,0.3195121951219512,,
93,smoothed,0.2969721621542409,0.8068260921350396,0.1850655339180208,0.3463414634146341,,
93,prediction_magnitude,0.4260005941163171,0.6936959887775763,0.1973828376170278,0.4,,
93,boundary_distance,0.39936032045113645,0.669503593028334,0.20163254263979985,0.3945993031358885,,
93,jacobi1,0.15942946857864596,0.6485171314002885,0.15171709742256487,0.23170731707317074,0.9587893332369956,0.5827203592042307
93,jacobi5,0.2880253812145669,0.6903570530550667,0.1727303526614476,0.2780487804878049,0.9029307826727916,0.3452536974179537
93,jacobi10,0.32853518539457754,0.7110424414065085,0.1838396539983833,0.3121951219512195,0.8643563649242901,0.29027438695325936
93,jacobi20,0.38018247044568715,0.7268954382435848,0.1974432228242527,0.3463414634146341,0.8120167805097667,0.24457075624411012
93,jacobi40,0.4413184020615907,0.7577068141815438,0.21247350017038455,0.375609756097561,0.7432620015375466,0.200122392521047
93,jacobi80,0.5277045853651069,0.8291114698992893,0.2315583478392464,0.4195121951219512,0.6544584029910127,0.15750346892465103
93,cg5,0.2435406900701152,0.7057792835117717,0.17440926836688178,0.2682926829268293,0.9123530229840261,0.3582093279631038
93,pcg5,0.31594962973219926,0.7014921323928378,0.1869752352584494,0.3195121951219512,0.8594562416176111,0.2919189180665059
93,poisson_pcg5,0.9896090773027214,0.9991642735201091,0.2998546077506405,0.9463414634146341,0.06564763532489168,0.04011893966803846
93,cg10,0.32796317006195236,0.7452847292987309,0.18663401862674875,0.3024390243902439,0.8456547870472299,0.2619700453045681
93,pcg10,0.427959480976599,0.7472605640326615,0.2091450662021516,0.36829268292682926,0.7306299263945927,0.20272129352734908
93,poisson_pcg10,0.9999950922207776,0.999999338300491,0.30051968730779466,0.9975609756097561,0.001787417323216595,0.0009899847133718386
93,cg20,0.4585666465906104,0.875855908314916,0.23827054897963512,0.5121951219512195,0.6927904499425163,0.17052063124688577
93,pcg20,0.6109356956206118,0.89026706192184,0.24559555344048276,0.4682926829268293,0.5491268970257074,0.12584175035261047
93,poisson_pcg20,0.999999999476131,1.0,0.3005203462859208,1.0,4.987033184030548e-07,3.634589501651792e-07
93,cg40,0.6809575618419648,0.9642311713404709,0.2849034483666786,0.7731707317073171,0.44279255094083597,0.0880244757390571
93,pcg40,0.8637405041064065,0.9779051916943478,0.28151245483740694,0.7073170731707317,0.27802732105174166,0.052017873546071444
93,poisson_pcg40,1.0,1.0,0.3005203462859208,1.0,1.8928532023601977e-12,1.7316361180824904e-13
93,cg80,0.9018378411700222,0.9894525098262377,0.2962722778294548,0.8682926829268293,0.22536214810532532,0.028936584014750626
93,pcg80,0.9789143643812457,0.9973518785649061,0.29856778704872144,0.9,0.10391359258614334,0.00954030913366763
93,poisson_pcg80,1.0,1.0,0.3005203462859208,1.0,1.8919744973271527e-12,1.7296338860816872e-13
93,poisson,0.5851610187793199,0.8186288262774108,0.20229950190271936,0.44146341463414634,4.617116920040377,6.86617564817763
93,amg,0.9711351400149513,0.9944496645183489,0.29632655190446233,0.8682926829268293,0.1995394129247921,0.073481330412909
93,oracle,1.0,1.0,0.3005203462859208,1.0,1.9026912409263583e-12,1.7376738989797255e-13
94,ensemble,0.16236716917855556,0.6529968370763469,0.13364687372083606,0.23414634146341465,,
94,raw,0.07625159458732424,0.5608743697312176,0.11299737614671196,0.14878048780487804,,
94,smoothed,0.04020982422952424,0.5380927173352037,0.11281802936924426,0.15121951219512195,,
94,prediction_magnitude,0.2493719734692073,0.7830472585789341,0.1650167487166255,0.3902439024390244,,
94,boundary_distance,0.23303309768737998,0.784475206119397,0.1880725620369714,0.4924506387921022,,
94,jacobi1,0.09570036700444622,0.5817053319746437,0.12539064185349577,0.13902439024390245,0.9295701950359901,0.5489324890689383
94,jacobi5,0.2349894405126797,0.6624247316808491,0.1452409885505291,0.2121951219512195,0.8540539657125826,0.2772951194028728
94,jacobi10,0.3107274196334694,0.7108995143125604,0.1553764337484959,0.24634146341463414,0.8072233946297636,0.2082547205364907
94,jacobi20,0.3922197891884172,0.759453039185845,0.16997506889693945,0.3024390243902439,0.7465094408443668,0.1533707815650437
94,jacobi40,0.47725711342129423,0.8155327342747112,0.1878223112141692,0.3902439024390244,0.6697683529289553,0.10951076393677021
94,jacobi80,0.5775661105539008,0.8878776649947726,0.20830404092399266,0.48048780487804876,0.578667277396502,0.07578783365403216
94,cg5,0.13873306272217636,0.6021227320249328,0.1356221193873416,0.18536585365853658,0.890347762115842,0.31196674967345367
94,pcg5,0.29974632954342767,0.7063595939811813,0.15665731291951798,0.25609756097560976,0.8089287814558798,0.20381348925036952
94,poisson_pcg5,0.9950346728970474,0.9995679102206106,0.2601168431614127,0.973170731707317,0.05573591652375354,0.03527141551968722
94,cg10,0.23664292275919308,0.6573362624564932,0.151106119404684,0.23902439024390243,0.8393167748211737,0.20019796038111623
94,pcg10,0.4455542105277716,0.7921562140200892,0.18417996834866665,0.3780487804878049,0.6852047676582753,0.11212884575358557
94,poisson_pcg10,0.9999997048871417,1.0,0.26030958736777177,1.0,0.00024497828858744883,0.0002468067682427198
94,cg20,0.37529047399860843,0.7463983695724098,0.1726278523728622,0.32195121951219513,0.7462569283357869,0.12459956768098715
94,pcg20,0.6290106528966518,0.9225255746860236,0.22437535896631638,0.5609756097560976,0.5168968003467272,0.054350363663865496
94,poisson_pcg20,1.0,1.0,0.26030958736777177,1.0,8.32876578370412e-08,5.72215702353351e-08
94,cg40,0.5563276012357944,0.8634927146884057,0.2083578559745621,0.47560975609756095,0.5853728429217444,0.06911453925265437
94,pcg40,0.843252609628874,0.9813136058653045,0.25146321955194034,0.7853658536585366,0.3065866703058331,0.028880497597739013
94,poisson_pcg40,1.0,1.0,0.26030958736777177,1.0,2.170981890337725e-12,1.680920992863524e-13
94,cg80,0.7250001389999026,0.9584730622129879,0.23718311613970997,0.6341463414634146,0.41502517887379536,0.033371281889276065
94,pcg80,0.9895825192409393,0.9987182880510302,0.2593924295777435,0.948780487804878,0.07487646722990725,0.006461059534920122
94,poisson_pcg80,1.0,1.0,0.26030958736777177,1.0,2.170981890337725e-12,1.680920992863524e-13
94,poisson,0.5103177427410479,0.8840226036552281,0.20470043590059986,0.5487804878048781,3.6330112697855377,6.849446929905968
94,amg,0.9811004832530684,0.9971123433426412,0.25883248090698996,0.9121951219512195,0.12361420532819466,0.05861972233292771
94,oracle,1.0,1.0,0.26030958736777177,1.0,2.1774801511168576e-12,1.6844428990101622e-13
95,ensemble,0.2952052153000923,0.7665451345235101,0.17859827820379925,0.375609756097561,,
95,raw,0.23007132133894093,0.7695241057131136,0.20814626490664798,0.44390243902439025,,
95,smoothed,0.29082475386120776,0.8420060082315419,0.2299395479217115,0.5317073170731708,,
95,prediction_magnitude,0.5327698010110923,0.8866574911001416,0.21778801806373826,0.5024390243902439,,
95,boundary_distance,0.5158139365765142,0.8682093087886928,0.2203232839621254,0.5116724738675958,,
95,jacobi1,0.1383566810212355,0.6554120402842661,0.15898251318925066,0.2658536585365854,0.9511772611744791,0.5607047732150747
95,jacobi5,0.2405802591444334,0.7031437343673491,0.1716121378461097,0.3195121951219512,0.9066463753955949,0.27629706253658065
95,jacobi10,0.2735604946574864,0.7262674854095258,0.1722196846105985,0.32439024390243903,0.8848725022320807,0.20124744885701173
95,jacobi20,0.2968762970995931,0.7347742942974737,0.17736024785775398,0.3463414634146341,0.8623895118912469,0.15262445012432668
95,jacobi40,0.31964103355493967,0.7448976350859547,0.18317030740638893,0.36829268292682926,0.8394777980029748,0.12368479109373293
95,jacobi80,0.32888613832063307,0.7464506438336223,0.18292066050528435,0.37317073170731707,0.8165866655531208,0.10438708703688249
95,cg5,0.2050539224277726,0.7252908169342138,0.18316995989874554,0.348780487804878,0.9348395177836267,0.31674374551658085
95,pcg5,0.2804860512969152,0.725783121368924,0.1749720550915334,0.33902439024390246,0.8857037843439453,0.18248650888505627
95,poisson_pcg5,0.9990093354709422,0.9996406971666028,0.28303915454611783,0.9707317073170731,0.03506984938377603,0.034116051399461694
95,cg10,0.23264605058529159,0.7206794330558607,0.1772236484057952,0.33170731707317075,0.9089932619191049,0.19492685069749435
95,pcg10,0.3181704938648377,0.7418260259650887,0.1807319995677732,0.36097560975609755,0.8484959543288767,0.11145836552340059
95,poisson_pcg10,0.9999997375416414,0.999998676600982,0.2832705440226118,0.9975609756097561,0.000251982280435638,0.0003058622181557662
95,cg20,0.29487338778273836,0.7513048714317854,0.17915164624441327,0.36585365853658536,0.8660352275597943,0.12621814816191682
95,pcg20,0.31872765157471383,0.7305850747058745,0.17769564732512735,0.348780487804878,0.8068018316147819,0.0794963597615141
95,poisson_pcg20,0.999999999476131,1.0,0.2832705492263639,1.0,6.773799824632528e-08,6.945430574100461e-08
95,cg40,0.35189297663387886,0.8566772097455103,0.19763778871233764,0.44390243902439025,0.7758017386497437,0.0846992654288102
95,pcg40,0.37464671376151004,0.8358065455315432,0.18441135286825708,0.3804878048780488,0.7075892568155715,0.062497825606088096
95,poisson_pcg40,1.0,1.0,0.2832705492263639,1.0,5.1678262046840795e-12,4.644424213833948e-13
95,cg80,0.5401064943911653,0.9604912457154957,0.24080757067082711,0.6390243902439025,0.5820447705447667,0.05336424197356953
95,pcg80,0.9934304675129707,0.9987043923613409,0.28243778981027917,0.9390243902439024,0.06572461687510409,0.01179698838255961
95,poisson_pcg80,1.0,1.0,0.2832705492263639,1.0,5.1678262046840795e-12,4.644424213833948e-13
95,poisson,0.5397640178398203,0.7701156650741765,0.21639675965936317,0.43658536585365854,2.2789880196791006,6.703999366805692
95,amg,0.9844873925970804,0.9959206225268981,0.2814174383445342,0.9,0.18146314799121172,0.06168492246720295
95,oracle,1.0,1.0,0.2832705492263639,1.0,5.089595146822456e-12,4.573557277915862e-13
96,ensemble,0.21662219647673941,0.6502845307888782,0.13987310437649272,0.20243902439024392,,
96,raw,0.18856051302782526,0.5739085266598732,0.1631807852465156,0.21707317073170732,,
96,smoothed,0.17501006684093204,0.5731700700078081,0.16514332594421693,0.23658536585365852,,
96,prediction_magnitude,0.32346523991019965,0.7008602093617247,0.09202687452645551,0.036585365853658534,,
96,boundary_distance,0.2923171838078122,0.6718274817040085,0.10810964227154539,0.09070847851335656,,
96,jacobi1,0.18106764487533764,0.5717778542408322,0.15316874442162662,0.20243902439024392,0.9127024574864712,0.5238983500151658
96,jacobi5,0.3277673302005131,0.6476681709302172,0.18587004606836158,0.28536585365853656,0.8314066485898444,0.24502579614445028
96,jacobi10,0.3949641788170743,0.6975497267181028,0.1985097245939946,0.3146341463414634,0.7908864731730008,0.18102215515200584
96,jacobi20,0.46222215770484704,0.7678797824332014,0.2090253978893249,0.348780487804878,0.7427845238196655,0.1357544612969892
96,jacobi40,0.522517672161228,0.842812619933036,0.22131587826538116,0.3902439024390244,0.682790977439039,0.1010733981028286
96,jacobi80,0.5972360237833164,0.9078331987877665,0.24812285226000264,0.5146341463414634,0.6058408432242935,0.07602895868315897
96,cg5,0.21031144077184818,0.5866310231197809,0.1676094824721703,0.23414634146341465,0.8840264891643326,0.3135426982201413
96,pcg5,0.3843154505907454,0.6864861109273057,0.19655506924536648,0.3121951219512195,0.794923844884303,0.17649303247331186
96,poisson_pcg5,0.9941178473513966,0.9994110874369732,0.30659352241439947,0.9658536585365853,0.06634345692814674,0.04207086466233743
96,cg10,0.285569483089677,0.641454812540529,0.18084356463255358,0.29024390243902437,0.8302803001078777,0.19385365778843447
96,pcg10,0.5021865035662766,0.8183787038630017,0.21542096072364428,0.37073170731707317,0.7024398946312637,0.10526644644900804
96,poisson_pcg10,0.999999490973975,1.0,0.30712043516774046,1.0,0.0003711856127591275,0.0003719230496120602
96,cg20,0.41747088482895556,0.7539649034580417,0.20901391193076035,0.36585365853658536,0.7479044826627476,0.12007973045429386
96,pcg20,0.6405143988602064,0.9361287931924355,0.2616292486873123,0.6073170731707317,0.5510595697596088,0.0625895112006404
96,poisson_pcg20,1.0,1.0,0.30712043516774046,1.0,7.639298641150417e-08,5.587893958511109e-08
96,cg40,0.5772301032605829,0.9084022603655229,0.2487601174227873,0.4902439024390244,0.595056108930715,0.07146860642592015
96,pcg40,0.9092542288170855,0.982236676680386,0.2969689563400049,0.8195121951219512,0.255899578831956,0.03308241372105325
96,poisson_pcg40,1.0,1.0,0.30712043516774046,1.0,2.949587765794659e-12,2.0440623745544724e-13
96,cg80,0.8140590332097171,0.983775789738364,0.29168848123052904,0.751219512195122,0.32950462897813537,0.031209642856035603
96,pcg80,0.9940589367130511,0.9994276299246986,0.3066732690172681,0.9536585365853658,0.050674517773426964,0.004452386563640735
96,poisson_pcg80,1.0,1.0,0.30712043516774046,1.0,2.949587765794659e-12,2.0440623745544724e-13
96,poisson,0.636896629013479,0.8757692256792345,0.19133918261272936,0.32439024390243903,2.7127423272460587,6.563274342000629
96,amg,0.9328115289215351,0.9963527123062874,0.3037973195010423,0.9,0.2122944944723394,0.0562953908474603
96,oracle,1.0,1.0,0.30712043516774046,1.0,2.9530464519309318e-12,2.0459977528303542e-13
97,ensemble,0.14872449358773193,0.5577074758810528,0.11273650406319713,0.13170731707317074,,
97,raw,0.21546145666114358,0.7906693752233236,0.17685583617989845,0.3926829268292683,,
97,smoothed,0.2688887072344099,0.8575506530974154,0.1799335944474705,0.4219512195121951,,
97,prediction_magnitude,0.4635993303424571,0.5410438971454283,0.1098149171937026,0.004878048780487805,,
97,boundary_distance,0.4937468673098894,0.5606990193613276,0.12226973648504874,0.02340301974448316,,
97,jacobi1,0.06193740889569203,0.6679353651919591,0.12858956708541483,0.23658536585365852,0.9795110659225987,0.5602884213216872
97,jacobi5,0.1385137641824604,0.668843216918333,0.13297856641251357,0.24390243902439024,0.9506228704628015,0.2939627375030769
97,jacobi10,0.12502107961461795,0.6753047126239032,0.1379129163316138,0.2780487804878049,0.9330739198383672,0.23437459279389386
97,jacobi20,0.12553297085371815,0.6898945250982623,0.1420862814953666,0.3097560975609756,0.9123149715694061,0.19026960075485722
97,jacobi40,0.14313890229527818,0.7135615314373437,0.1445113895233219,0.3463414634146341,0.8879656751626867,0.1584038256492174
97,jacobi80,0.18372008868780518,0.7534798777179307,0.1583537583918073,0.4,0.8575381936089014,0.13332064971288166
97,cg5,0.1661035688064326,0.7208666940169131,0.14957550934306924,0.28536585365853656,0.9537540569812801,0.3099932466058648
97,pcg5,0.12038482325582643,0.6636488757725342,0.13805156749405534,0.2780487804878049,0.9325581635310436,0.2357372501923239
97,poisson_pcg5,0.9966996420186731,0.9989081958101187,0.2594720668971975,0.9585365853658536,0.04575819516041664,0.04247744377047423
97,cg10,0.16524334835174892,0.7028459695882906,0.14367682814959218,0.2951219512195122,0.9265037856721341,0.21724957251761814
97,pcg10,0.12786022945824516,0.7033938567817583,0.14153079471400848,0.32439024390243903,0.8922033192414013,0.1646208973036907
97,poisson_pcg10,0.9999991740332423,1.0,0.2599226186548549,1.0,0.0005884410759361402,0.0005591209966320067
97,cg20,0.192127628935192,0.7899917949260882,0.16242884109557668,0.4073170731707317,0.8718234751404138,0.14551248446422332
97,pcg20,0.26637872417758995,0.8046543943464394,0.18308462252930655,0.47804878048780486,0.8185503591828969,0.11346533046451722
97,poisson_pcg20,1.0,1.0,0.2599226186548549,1.0,1.8342642730574385e-07,1.5896089237459624e-07
97,cg40,0.2985273627385043,0.9300259386207536,0.20248951798291534,0.6073170731707317,0.7819283651114961,0.10019798531782668
97,pcg40,0.45566069419708516,0.948674615883435,0.22936703056788474,0.7,0.6819195088604012,0.08501500236239336
97,poisson_pcg40,1.0,1.0,0.2599226186548549,1.0,8.328977115689754e-13,1.0502597796160834e-13
97,cg80,0.6075330955275504,0.9939176581130977,0.2557404946103874,0.8902439024390244,0.5243080519297653,0.06331467868536696
97,pcg80,0.9890219783851939,0.9975603139102471,0.2586042419121122,0.9048780487804878,0.08078458678714255,0.0149772635627959
97,poisson_pcg80,1.0,1.0,0.2599226186548549,1.0,8.326225838221811e-13,1.0481333559009788e-13
97,poisson,0.45640425217325997,0.7558924341278139,0.15347908079331082,0.2951219512195122,2.6482824700358534,6.962565846229403
97,amg,0.9880180398893119,0.9984191998729537,0.259028176404902,0.926829268292683,0.1499831788945819,0.061873248688548266
97,oracle,1.0,1.0,0.2599226186548549,1.0,7.959980167771024e-13,1.0036370617304059e-13
98,ensemble,0.14413022008895324,0.6359130791524953,0.14222124069344758,0.22926829268292684,,
98,raw,0.12219268724586067,0.6617107579106176,0.17290585274715867,0.32195121951219513,,
98,smoothed,0.1260874294159892,0.6851534481161415,0.184467251860411,0.35121951219512193,,
98,prediction_magnitude,0.26945883594021713,0.6284444767941982,0.08084935874909698,0.0024390243902439024,,
98,boundary_distance,0.2978719537186778,0.6640723634583063,0.10434591162632698,0.06620209059233448,,
98,jacobi1,0.09857870277160498,0.6234995963632995,0.14902098288315221,0.23658536585365852,0.9501555311111995,0.5508692702965938
98,jacobi5,0.2144800027964825,0.6980149014729431,0.17236167430211385,0.28780487804878047,0.8965095099421657,0.29884982276559496
98,jacobi10,0.2664366541332061,0.7140445720789275,0.18257576751427182,0.32195121951219513,0.8597352828475325,0.24564986931222726
98,jacobi20,0.3484428974220953,0.7468867038100657,0.19842835468610134,0.35853658536585364,0.8087605074637135,0.2068566184745951
98,jacobi40,0.44590839415382344,0.7904496909863293,0.216863744998142,0.4268292682926829,0.7381142438212309,0.17060411593100153
98,jacobi80,0.5512666044813234,0.8468913357066289,0.23591982507893272,0.526829268292683,0.6413476353356866,0.13354942733507358
98,cg5,0.14127213273096503,0.6678268464724799,0.17309696710255998,0.2975609756097561,0.9142308879496713,0.3429126636625306
98,pcg5,0.2523492766431102,0.7029763243915673,0.17918240475257285,0.3073170731707317,0.8656939627855564,0.24067877845951408
98,poisson_pcg5,0.9916916810611893,0.9983358257348173,0.27764697939232774,0.9463414634146341,0.085638713921069,0.0453282143833776
98,cg10,0.20392743945248065,0.7082897714489896,0.18489612130001193,0.32926829268292684,0.864680270221285,0.24173812977361783
98,pcg10,0.42488216318186234,0.7767664068393261,0.21085820135606986,0.4073170731707317,0.7425839731148436,0.1670291636413227
98,poisson_pcg10,0.9999998037237557,1.0,0.2785588918580606,1.0,0.00026088298152628846,0.0003514333590890995
98,cg20,0.34928807602677203,0.7744537670553049,0.21925705705411314,0.45121951219512196,0.7382967304313238,0.15931774165625656
98,pcg20,0.6327126296177585,0.91493323451954,0.25286785209075613,0.6195121951219512,0.5188773680811231,0.08823392730876742
98,poisson_pcg20,1.0,1.0,0.2785588918580606,1.0,4.302987497507135e-08,4.2545813348071685e-08
98,cg40,0.5763614450228702,0.9342892685573627,0.25697430368755236,0.6365853658536585,0.5353186429295532,0.08628774124434092
98,pcg40,0.8666477246121079,0.9722986117544301,0.2636996808329422,0.7170731707317073,0.3050963504615392,0.03375212879284459
98,poisson_pcg40,1.0,1.0,0.2785588918580606,1.0,3.892651549200334e-12,3.5413452759032216e-13
98,cg80,0.8552483649560207,0.9914078318753887,0.2739114344202481,0.8341463414634146,0.2647649745249724,0.03785713463603675
98,pcg80,0.9643944909644755,0.9925505869274645,0.27408881906652693,0.8365853658536585,0.14529549997722802,0.013757134772231772
98,poisson_pcg80,1.0,1.0,0.2785588918580606,1.0,3.892651549200334e-12,3.5413452759032216e-13
98,poisson,0.7831092064678569,0.9410273546577028,0.24049111965826092,0.6048780487804878,2.317766629667061,6.204563823753174
98,amg,0.9683142744210674,0.9891315855643635,0.2739875016075177,0.8536585365853658,0.19053688534581767,0.06205213708458351
98,oracle,1.0,1.0,0.2785588918580606,1.0,3.9151629015235905e-12,3.5630611850283284e-13
99,ensemble,0.2290008565467362,0.6965856305334621,0.14025002463353486,0.22195121951219512,,
99,raw,0.18315617690980002,0.6152534970819051,0.13968348270328687,0.2073170731707317,,
99,smoothed,0.22509555789280286,0.664548125405291,0.13869092322199053,0.2,,
99,prediction_magnitude,0.6253300067234043,0.8880874237391316,0.23792913349699735,0.5146341463414634,,
99,boundary_distance,0.63531947561058,0.8869804004605428,0.21800621812165494,0.47456445993031354,,
99,jacobi1,0.12589138349941795,0.6020499450789407,0.1382194566789884,0.22926829268292684,0.9685883301010539,0.6004662864750818
99,jacobi5,0.2192553301293786,0.6468794251154666,0.1598287319417319,0.28536585365853656,0.9353318274547687,0.35308005911844365
99,jacobi10,0.24338252826266157,0.6676415706099547,0.16194271181017114,0.2926829268292683,0.9144762608007897,0.2856103834131606
99,jacobi20,0.26569210342531524,0.6910220610616307,0.16774968569871024,0.3121951219512195,0.8853374901542793,0.2348561205264952
99,jacobi40,0.30589302991484657,0.7401122242367296,0.17860155890440116,0.348780487804878,0.8434059551175833,0.19501896715327507
99,jacobi80,0.38657077919042665,0.8437694374230774,0.19803781857823524,0.4146341463414634,0.7824091938379614,0.16013043084085637
99,cg5,0.19297587234802158,0.6273354684170824,0.14639582136375093,0.23170731707317074,0.9537127253474909,0.3702209575476892
99,pcg5,0.24552165835712678,0.6673007953628098,0.16058737629293246,0.28780487804878047,0.9128113805826176,0.2842198455257391
99,poisson_pcg5,0.9972336805173715,0.9989955401453092,0.2827873404795851,0.9463414634146341,0.03891228836915945,0.041435368709394724
99,cg10,0.2519981040413293,0.6525587920013763,0.16327229936341595,0.28536585365853656,0.9193767067880505,0.262226803123294
99,pcg10,0.2913899096534161,0.7174768074322089,0.17600042579539457,0.33414634146341465,0.8486590167260493,0.20223358286367565
99,poisson_pcg10,0.9999976045217801,0.999999338300491,0.2832051182580393,0.9975609756097561,0.0012870365949036833,0.0009179700394460326
99,cg20,0.29239238009379465,0.7339617273003983,0.18045918036709793,0.348780487804878,0.8521892720099453,0.17896494960223772
99,pcg20,0.47481091507980466,0.91779309979752,0.2157939412604332,0.4902439024390244,0.6940034760043341,0.13226056210755918
99,poisson_pcg20,0.9999999996507541,1.0,0.28320545450188195,1.0,6.141485525771341e-07,4.23535402394726e-07
99,cg40,0.41299890662257566,0.8751088495692336,0.2145230232099299,0.5024390243902439,0.7094655585837996,0.11691978716344562
99,pcg40,0.7563007211692131,0.9774353850429442,0.26304857767806095,0.7463414634146341,0.422029051850756,0.06838073971277284
99,poisson_pcg40,1.0,1.0,0.28320545450188195,1.0,1.210634142414925e-12,1.8359043240075515e-13
99,cg80,0.6855832273162217,0.9791359527811231,0.2604484914676538,0.7585365853658537,0.46595479804289414,0.06681444229655711
99,pcg80,0.9712183623648949,0.9962885274539126,0.281503397639702,0.8878048780487805,0.11897834222343247,0.025098310456668205
99,poisson_pcg80,1.0,1.0,0.28320545450188195,1.0,1.2268776445594665e-12,1.8074515168592504e-13
99,poisson,0.7202393713829291,0.9232196974709844,0.22395808604906806,0.5170731707317073,2.703132831540118,6.901120919187137
99,amg,0.9938983984612836,0.9992033137911411,0.28293931742589473,0.9585365853658536,0.11399595339115352,0.06975466889595822
99,oracle,1.0,1.0,0.28320545450188195,1.0,1.2547831805805569e-12,1.845506942443565e-13
100,ensemble,0.24746604993737045,0.6270707886134749,0.12639872043719477,0.17804878048780487,,
100,raw,0.08607317211216596,0.632450405621799,0.18763828641781327,0.32926829268292684,,
100,smoothed,0.08778816478414699,0.6716924950041687,0.1978876544328382,0.35365853658536583,,
100,prediction_magnitude,0.35896623760819363,0.652615698159152,0.06390777537573973,0.007317073170731708,,
100,boundary_distance,0.31390318729319777,0.6368632796474465,0.06422116356552468,0.01997677119628339,,
100,jacobi1,0.07719780272167118,0.5889317523126398,0.1560434380019434,0.22682926829268293,0.9691786857204792,0.560520889706102
100,jacobi5,0.1999427774421291,0.6230079536280984,0.17264287232495107,0.25609756097560976,0.9294604663723185,0.3362368480768471
100,jacobi10,0.2652111494434192,0.6558937575268319,0.18795369895001665,0.28536585365853656,0.9014344876335157,0.2865680089777146
100,jacobi20,0.3303082353223368,0.6890376242340828,0.2066078046294107,0.32682926829268294,0.8599410644563582,0.25328797137547
100,jacobi40,0.4377161640569889,0.7478104363246563,0.23771431109834107,0.3975609756097561,0.7954567033756501,0.22231703200998912
100,jacobi80,0.573025977342541,0.8386452364252346,0.27383799640165407,0.47804878048780486,0.6973234555847437,0.1842055628914115
100,cg5,0.10173749476550117,0.62260894882416,0.1739208274646625,0.2926829268292683,0.9525782971043859,0.377601436747872
100,pcg5,0.26874890074825813,0.6540754072760478,0.18593544888080413,0.28292682926829266,0.9016055482308845,0.28725865984151033
100,poisson_pcg5,0.9913917121119514,0.9998087688418935,0.3582340032632712,0.9829268292682927,0.052602457300379046,0.04385887572702174
100,cg10,0.16902567854164488,0.6505200958140889,0.17147356090452637,0.275609756097561,0.917941721051702,0.2855773858221295
100,pcg10,0.41395546885267837,0.7258737742016595,0.22872267990707404,0.36585365853658536,0.79238500149406,0.22976996504200167
100,poisson_pcg10,0.9999978205304224,1.0,0.3583372421370727,1.0,0.0006148355114961179,0.0007969077378457744
100,cg20,0.3179044353038854,0.7355233381416831,0.23318582855775272,0.43902439024390244,0.8115513585716307,0.2159892668286
100,pcg20,0.6896485290024484,0.9150232256527666,0.2975642503932767,0.5341463414634147,0.5080804705854665,0.12895011462821543
100,poisson_pcg20,1.0,1.0,0.3583372421370727,1.0,1.4373729597132293e-07,1.8208059997570745e-07
100,cg40,0.589031815422267,0.9339888569802681,0.3064333426769351,0.6780487804878049,0.5408429055040861,0.1294860203591378
100,pcg40,0.8193237247171051,0.9720623850297103,0.3365571199789721,0.697560975609756,0.32611597897673833,0.057952223235331814
100,poisson_pcg40,1.0,1.0,0.3583372421370727,1.0,1.3373456352450589e-12,1.5117013843647847e-13
100,cg80,0.8510615567494553,0.990476820666199,0.3488330821017909,0.8317073170731707,0.24821251945461156,0.04027596250009077
100,pcg80,0.9300178903701203,0.9972215237616293,0.35607069287698767,0.8975609756097561,0.14694937283471485,0.017039603330722405
100,poisson_pcg80,1.0,1.0,0.3583372421370727,1.0,1.3348255493205898e-12,1.5081771467429707e-13
100,poisson,0.44687513795216455,0.8312527295104747,0.1962183128769283,0.348780487804878,2.63336669669751,6.436848383117655
100,amg,0.9785302788377161,0.9983014173603483,0.3563888783901574,0.9390243902439024,0.21841825319497143,0.09390497067318987
100,oracle,1.0,1.0,0.3583372421370727,1.0,1.3147060925774183e-12,1.4837709335220272e-13
101,ensemble,0.44216722836597133,0.6530874899090825,0.135513663903356,0.15609756097560976,,
101,raw,0.12553304856095007,0.7495407805407408,0.1685059789777595,0.4219512195121951,,
101,smoothed,0.1622104265321673,0.8309397456427088,0.16599734248277168,0.3926829268292683,,
101,prediction_magnitude,0.6996201763052412,0.7937826714132578,0.1804491347709727,0.44390243902439025,,
101,boundary_distance,0.7204227704162969,0.7957293913687916,0.16801508084474573,0.3670731707317073,,
101,jacobi1,-0.03346408072784652,0.6057514921323929,0.1039128983051465,0.20243902439024392,0.9884218909819819,0.5696751921876317
101,jacobi5,0.07252524294109601,0.6247098447652952,0.11880559586918459,0.21951219512195122,0.9730745914515989,0.3242493822595295
101,jacobi10,0.09771002375375622,0.6482855365721318,0.11976180972414663,0.24146341463414633,0.9626677053353081,0.2652946309797848
101,jacobi20,0.12213650718725888,0.657153633392004,0.12172049610909699,0.24146341463414633,0.948920861707495,0.21576678095444346
101,jacobi40,0.16382245101000822,0.675123406958432,0.12719361073266217,0.2634146341463415,0.9302960208304125,0.1780947232849524
101,jacobi80,0.20761551985041543,0.7068088879478052,0.13570096947882693,0.2951219512195122,0.9023074826531486,0.1531388028981871
101,cg5,0.08588153734702468,0.6825926710162381,0.13716263373700294,0.29024390243902437,0.975536477993344,0.34430509555173844
101,pcg5,0.10413475571165268,0.6541342985323505,0.1232927099565968,0.25365853658536586,0.9615301104753143,0.2669130535104903
101,poisson_pcg5,0.9983615203133201,0.9988552598493972,0.21892816442644106,0.9365853658536586,0.03993840202110613,0.042996840390116045
101,cg10,0.09952154592087395,0.6488512896523431,0.12568081168402312,0.24390243902439024,0.9612042389015018,0.24498327930599254
101,pcg10,0.1572488953838398,0.6597097785953443,0.12474995829340876,0.23902439024390243,0.9342252850635053,0.1820779349621185
101,poisson_pcg10,0.9999994445242588,0.999998676600982,0.2193889086436955,0.9975609756097561,0.0004997965134743307,0.0006316007037037281
101,cg20,0.1607554694994819,0.7563933406561413,0.13954181466076734,0.35609756097560974,0.9274941668258765,0.18182852495359303
101,pcg20,0.23039729077874366,0.7097468337678493,0.14271892584436252,0.3048780487804878,0.8727071378207075,0.1407217930045592
101,poisson_pcg20,1.0,1.0,0.21938902907373717,1.0,6.669118237412116e-08,1.5402781739222923e-07
101,cg40,0.2889245307223592,0.8601074600002647,0.1550644619602297,0.44878048780487806,0.8522028676965521,0.1361467851258085
101,pcg40,0.4865903408073651,0.8199661209851382,0.17323407115992726,0.4146341463414634,0.6890489612611318,0.11033727914717903
101,poisson_pcg40,1.0,1.0,0.21938902907373717,1.0,1.4166609909823087e-12,2.182585622492468e-13
101,cg80,0.6343051970778337,0.9210566017760015,0.19460355043943553,0.5146341463414634,0.5972780621980354,0.0924653002283392
101,pcg80,0.9922295216263174,0.9921264375421833,0.21671104496897786,0.824390243902439,0.0861081889152843,0.02012600910972448
101,poisson_pcg80,1.0,1.0,0.21938902907373717,1.0,1.4166609909823087e-12,2.182585622492468e-13
101,poisson,0.5801660293416361,0.7993555046782155,0.16098166554334387,0.3439024390243902,1.4728054256422196,6.7883715957813076
101,amg,0.9918136271076017,0.991101465002713,0.21661318824823675,0.8317073170731707,0.15324194884525527,0.06814932024878308
101,oracle,1.0,1.0,0.21938902907373717,1.0,1.3597618055163725e-12,2.0949051915880587e-13
102,ensemble,0.09879472887642929,0.5519850985270569,0.11314629142139529,0.12926829268292683,,
102,raw,0.10717930532710213,0.606908142874158,0.14366550971918723,0.23170731707317074,,
102,smoothed,0.09808951496633604,0.6375752683191509,0.14518141286761507,0.24878048780487805,,
102,prediction_magnitude,0.2747905344810283,0.730597646996546,0.13601684423732807,0.22439024390243903,,
102,boundary_distance,0.31330009174795553,0.8127165411643265,0.18593169531960324,0.40511033681765385,,
102,jacobi1,0.07383929545824873,0.5626404457207893,0.13412941468559844,0.15853658536585366,0.9569829448237461,0.5815269989294165
102,jacobi5,0.17587587523139642,0.6075394042057621,0.1449982708373512,0.18048780487804877,0.9081677407411249,0.3297974565217281
102,jacobi10,0.21073286088593596,0.6144660746661726,0.15643894815671344,0.21951219512195122,0.8769624322542164,0.2747882617284472
102,jacobi20,0.2522074471495828,0.6342138348133346,0.1682514072240693,0.24390243902439024,0.8336603602950854,0.2329595755337528
102,jacobi40,0.32426336215842066,0.6929813533078358,0.18757556408602166,0.3097560975609756,0.7712733408181816,0.1937634687826464
102,jacobi80,0.45292036996633156,0.8060638143006498,0.2093625010475727,0.3780487804878049,0.6826367187442202,0.1548276753540074
102,cg5,0.13423408430859576,0.6129779124703889,0.15073118131228808,0.22682926829268293,0.9202008247279202,0.35399155936277904
102,pcg5,0.21066388235892028,0.6088727287164353,0.15355705992143978,0.2073170731707317,0.872990728634735,0.27515342834246215
102,poisson_pcg5,0.9922629212423478,0.9996876778317431,0.2982144348775966,0.975609756097561,0.07314452472731993,0.03863232875257477
102,cg10,0.17545396198197602,0.6562166668872331,0.16904230464137932,0.2780487804878049,0.8675111169019974,0.2548738241447766
102,pcg10,0.3037893254123785,0.6808570332040813,0.18733635807332236,0.3048780487804878,0.7647915117935248,0.19893856745451644
102,poisson_pcg10,0.9999975090030028,0.999998014901473,0.2985943944476681,0.9975609756097561,0.0009587484883455803,0.000721948004537852
102,cg20,0.30428176592014083,0.7436926802800312,0.211768338774789,0.4560975609756098,0.7518791984108064,0.17152892600765732
102,pcg20,0.5706821840360385,0.8978971189603377,0.22708297526376484,0.4682926829268293,0.5706103620166317,0.12585976355073117
102,poisson_pcg20,1.0,1.0,0.2985945616722973,1.0,2.3455202108076517e-07,1.9456857686526083e-07
102,cg40,0.5996382700412994,0.8541091539510077,0.2619417613866186,0.6097560975609756,0.5274885898756164,0.09603506577373057
102,pcg40,0.8726473241457052,0.9866091870359832,0.2857757942692161,0.7853658536585366,0.2763970214203298,0.047340738564371536
102,poisson_pcg40,1.0,1.0,0.2985945616722973,1.0,1.1870207004127291e-12,1.5752416555883179e-13
102,cg80,0.8670626176679578,0.978155975808266,0.28756504608662725,0.775609756097561,0.276989767943009,0.03729931982326795
102,pcg80,0.9808553656560774,0.9993614599737967,0.29791089643822544,0.9585365853658536,0.09053772761649276,0.013770557718935338
102,poisson_pcg80,1.0,1.0,0.2985945616722973,1.0,1.192978448657415e-12,1.5787276744365202e-13
102,poisson,0.6504934760221117,0.95903815359369,0.2486262574009165,0.6341463414634146,3.7325065184331874,6.994320318510777
102,amg,0.9793420440311458,0.9981174648968411,0.2967542780798459,0.9243902439024391,0.17002922674919513,0.06976823830900641
102,oracle,1.0,1.0,0.2985945616722973,1.0,1.176281318902412e-12,1.5579488309348968e-13
103,ensemble,0.15256504570288856,0.650035070073978,0.13190018811303894,0.2146341463414634,,
103,raw,0.1609113041063058,0.6419993912364517,0.1297113479625239,0.21707317073170732,,
103,smoothed,0.10693690329227766,0.6119708058176621,0.12285502256086114,0.18048780487804877,,
103,prediction_magnitude,0.2327409963473524,0.6755091777721901,0.13091324896385523,0.17804878048780487,,
103,boundary_distance,0.2589961364050488,0.6704987890898985,0.14064966708669666,0.20174216027874567,,
103,jacobi1,0.17351459116203136,0.6702797665524132,0.145065329200955,0.2097560975609756,0.8809319102092862,0.5677829739287583
103,jacobi5,0.3402777637497307,0.786534414991464,0.17662871470852795,0.3121951219512195,0.7548496817284965,0.27548798961568327
103,jacobi10,0.41491704293730736,0.84005796487699,0.19062883407932205,0.37073170731707317,0.6918454640446303,0.20669337140452596
103,jacobi20,0.5081077584939976,0.894627661686275,0.20668328460553048,0.4634146341463415,0.6140113203323605,0.15530785179014134
103,jacobi40,0.6357612489966862,0.9378498736153937,0.22030186763930795,0.5585365853658537,0.5128221750034879,0.11116136265312333
103,jacobi80,0.7732966169630956,0.9668845863716369,0.23498212092422843,0.7024390243902439,0.39144628490507793,0.07363874109488154
103,cg5,0.24170938957892446,0.7091188809337904,0.16204226570980948,0.3097560975609756,0.8145967188210711,0.322138215283049
103,pcg5,0.40343522316064157,0.8338585021769914,0.18966146698802105,0.37073170731707317,0.6894550525833121,0.20992601775899844
103,poisson_pcg5,0.994342256756876,0.9986799094795071,0.25213127744553415,0.9365853658536586,0.0636551070990134,0.039925080869747866
103,cg10,0.3679194282594541,0.7876169553882191,0.18891218863995188,0.3951219512195122,0.7167177311637286,0.19233794426799514
103,pcg10,0.6017740966179802,0.9307306485978587,0.21916716027630148,0.5536585365853659,0.5254897650467287,0.1200445679527574
103,poisson_pcg10,0.999994777026275,0.9999960298029459,0.25268451894210286,0.9975609756097561,0.0014868610186061053,0.0006695640923010596
103,cg20,0.5496956136129044,0.8821791088231012,0.21480170118880185,0.5097560975609756,0.5852411884383343,0.10981700812769346
103,pcg20,0.8525465182033155,0.975612402895597,0.24280862717458684,0.7682926829268293,0.2951770833428131,0.052080343273564256
103,poisson_pcg20,0.9999999998253771,1.0,0.2526856090472889,1.0,8.320037540786503e-07,2.812514783910953e-07
103,cg40,0.7793000084349891,0.9593656948506544,0.23611273172876857,0.6536585365853659,0.3735743981350072,0.055309251545239385
103,pcg40,0.9385072980676471,0.9870009131453225,0.24663871375365995,0.8,0.18888196451634606,0.01841537081685354
103,poisson_pcg40,1.0,1.0,0.2526856090472889,1.0,1.892996532994714e-12,1.5923138332696967e-13
103,cg80,0.9672935661806615,0.9939791961674365,0.2509190583324048,0.8951219512195122,0.13273021414235092,0.015181008369899683
103,pcg80,0.9934861607226677,0.9983285470402181,0.2519065406064686,0.926829268292683,0.06076676157405676,0.0060703073136306315
103,poisson_pcg80,1.0,1.0,0.2526856090472889,1.0,1.8853383897830932e-12,1.5703595119619694e-13
103,poisson,0.5377665118822426,0.7868513690562842,0.16557204682187635,0.2634146341463415,3.9381679711473527,7.050851309958418
103,amg,0.9850894883118824,0.996158834350145,0.25115093242124586,0.8926829268292683,0.13926157362817188,0.06209354096027298
103,oracle,1.0,1.0,0.2526856090472889,1.0,1.8678062440465042e-12,1.5551383479829708e-13
104,ensemble,0.10946169996685236,0.6001310165027858,0.12990050334442588,0.2,,
104,raw,0.1608653375719503,0.67389727776822,0.15397060070186155,0.2731707317073171,,
104,smoothed,0.14878633370141067,0.6913840106930641,0.14441893729398528,0.25365853658536586,,
104,prediction_magnitude,0.18794456342323876,0.6460013498669984,0.09495129417720871,0.05121951219512195,,
104,boundary_distance,0.129373955596972,0.602163757394492,0.10280748540493757,0.0856562137049942,,
104,jacobi1,0.14010759556376015,0.6643416751584771,0.1511646348812298,0.2682926829268293,0.9016523845088682,0.5473477341001172
104,jacobi5,0.2808817562544089,0.7487328454402287,0.17972567224915267,0.37073170731707317,0.8062508032576265,0.27854161648202275
104,jacobi10,0.35333648101755866,0.7818231144872491,0.19557522866932803,0.4195121951219512,0.7498616912572253,0.20955583478806028
104,jacobi20,0.44826295663493615,0.82829493270516,0.2124054963932752,0.4853658536585366,0.6757378814059353,0.15569216288764498
104,jacobi40,0.5835658461188098,0.8964321162473697,0.22822784758040615,0.5536585365853659,0.5776648782520527,0.11450028286030342
104,jacobi80,0.7331662819931675,0.9440744808967352,0.24653416564029376,0.6487804878048781,0.45552372342738834,0.08291664487702774
104,cg5,0.18645965942034332,0.7084485793311541,0.16588763289875422,0.3195121951219512,0.8648661818461805,0.3311407180354705
104,pcg5,0.3420999779080959,0.7733381416830989,0.1912717724819579,0.40487804878048783,0.7537743870059022,0.20219521884477606
104,poisson_pcg5,0.9917620162342389,0.9992218413773937,0.2770863303194385,0.9585365853658536,0.07151346933413798,0.04507348860346188
104,cg10,0.27064529370637497,0.7647830287309927,0.18444602589863202,0.4121951219512195,0.7987912505550413,0.2106355751613456
104,pcg10,0.5358441692488518,0.8772812090573429,0.22357590416587192,0.5365853658536586,0.6028722316677294,0.1141280800651531
104,poisson_pcg10,0.9999987809568849,1.0,0.2775787385336609,1.0,0.0005713319847658031,0.000372631030796899
104,cg20,0.4241163507275716,0.8289784682979765,0.21356394718198116,0.5048780487804878,0.6795416478799169,0.1345327596307828
104,pcg20,0.811250289420149,0.9605170519963474,0.2553408283937052,0.7097560975609756,0.36286470422491435,0.05427872885788771
104,poisson_pcg20,0.9999999998253771,1.0,0.2775787385336609,1.0,5.966273809344655e-08,7.289581287102828e-08
104,cg40,0.7130430661581981,0.9601107684978097,0.25663179434771016,0.6951219512195121,0.4371762934526376,0.07298589985640869
104,pcg40,0.9101165740843496,0.9714264918015431,0.263515018622177,0.7414634146341463,0.2514438419256272,0.026982835941426114
104,poisson_pcg40,1.0,1.0,0.2775787385336609,1.0,3.0360505886708553e-12,2.0973733738200898e-13
104,cg80,0.9700393421412613,0.9962051533157762,0.2746372426510927,0.8804878048780488,0.12803056384183745,0.02010391878500062
104,pcg80,0.9935572841439082,0.9996585630533462,0.27734708054826474,0.9682926829268292,0.051834955442521834,0.004124620127631408
104,poisson_pcg80,1.0,1.0,0.2775787385336609,1.0,3.0360505886708553e-12,2.0973733738200898e-13
104,poisson,0.6694181803895752,0.9137421754033058,0.19971713350924314,0.4317073170731707,2.610076496212577,6.073872654421069
104,amg,0.9605251672664756,0.992289877320911,0.2731464873784846,0.8560975609756097,0.1829891917231376,0.056669507675683226
104,oracle,1.0,1.0,0.2775787385336609,1.0,3.0306872723585287e-12,2.090573504910641e-13
105,ensemble,0.2692900383701199,0.6787574606619642,0.15574733652010314,0.25121951219512195,,
105,raw,-0.012116680352918378,0.46813255164564666,0.10536209521966046,0.0951219512195122,,
105,smoothed,-0.06844406121449538,0.44973333509786534,0.10758417378591022,0.1,,
105,prediction_magnitude,0.7533916735831343,0.8815901962600744,0.198815592408707,0.40487804878048783,,
105,boundary_distance,0.7696927809003198,0.9440030173497611,0.2238886043262799,0.638850174216028,,
105,jacobi1,-0.003978470752129451,0.5393645037915382,0.10675738212922771,0.12926829268292683,0.97552321048536,0.6055629457961301
105,jacobi5,0.09602112394790345,0.575541601048132,0.12328171992695243,0.17804878048780487,0.947421875530301,0.34102902596432566
105,jacobi10,0.10616992959508254,0.6006583910114739,0.12210473417903749,0.1902439024390244,0.9297930011962514,0.26603712655491774
105,jacobi20,0.12533849584559326,0.6456850575016874,0.1272777774586377,0.21707317073170732,0.905373060111644,0.21098193711564578
105,jacobi40,0.17922506408803549,0.724109021611106,0.1403409308229479,0.28536585365853656,0.869223900009592,0.17249481233592553
105,jacobi80,0.2811270910824033,0.835972632108307,0.15969039574753263,0.3829268292682927,0.8129415209854992,0.14456225412207116
105,cg5,0.025288102269115438,0.5151290975742095,0.1141629933985748,0.12926829268292683,0.9596897124328014,0.34860340885931185
105,pcg5,0.10654957307891239,0.6033726823974697,0.11922255559133313,0.18048780487804877,0.9279337922962018,0.26144923542907766
105,poisson_pcg5,0.997305309122931,0.9997710519698795,0.2587281899469083,0.9780487804878049,0.03850170492831034,0.03836068672292257
105,cg10,0.07845437354043118,0.5527367891693025,0.11836392459849783,0.15609756097560976,0.9372288645113139,0.23346663312232083
105,pcg10,0.1511766593207663,0.6947176528195016,0.1353770024995166,0.2658536585365854,0.8781819521186672,0.17914449418710024
105,poisson_pcg10,0.999998904240718,0.999998676600982,0.2588535131999194,0.9975609756097561,0.0005539588510846108,0.0008031713397127322
105,cg20,0.1188316551085803,0.6141736034831862,0.12562093145283296,0.2073170731707317,0.8951201808979129,0.16780416327340403
105,pcg20,0.39049392955294954,0.9193613276338949,0.18115408091253152,0.4902439024390244,0.7426096231080118,0.12786468393821934
105,poisson_pcg20,1.0,1.0,0.2588536959608131,1.0,2.406075383288417e-07,3.880723665119649e-07
105,cg40,0.28774291664878526,0.7711426227121739,0.1677902604653791,0.35609756097560974,0.7953077499883244,0.12489990002494203
105,pcg40,0.8112256937715638,0.9908400936966505,0.25290668821079565,0.8292682926829268,0.37756251974122484,0.07823432526244103
105,poisson_pcg40,1.0,1.0,0.2588536959608131,1.0,5.375811244601368e-13,9.909222893225282e-14
105,cg80,0.7700321054151792,0.9780692931725845,0.24863895303411657,0.7560975609756098,0.44398815410130305,0.07230872465378371
105,pcg80,0.9925074473912612,0.9992469859587364,0.25844648932638353,0.948780487804878,0.060497148374349385,0.017712791764241204
105,poisson_pcg80,1.0,1.0,0.2588536959608131,1.0,5.310832513851832e-13,9.647293293600561e-14
105,poisson,0.6607148961962698,0.8305705173166762,0.16757835510319646,0.2121951219512195,2.195527603981955,7.027970287778915
105,amg,0.9906062615558513,0.9983907467940659,0.2578783438233329,0.9219512195121952,0.20271712176099888,0.06883928779210954
105,oracle,1.0,1.0,0.2588536959608131,1.0,5.072664849776901e-13,9.214480244143796e-14
106,ensemble,0.14671857010339245,0.6772229795005492,0.1575206998939229,0.3097560975609756,,
106,raw,0.13483529590718352,0.6254615354075407,0.15843192144771376,0.23658536585365852,,
106,smoothed,0.08409885259561851,0.6149941108743697,0.16954877812624677,0.2975609756097561,,
106,prediction_magnitude,0.11504592465976178,0.6230509640961847,0.07633226517495999,0.02195121951219512,,
106,boundary_distance,0.1564605429509034,0.659175787091566,0.0891299401322374,0.07177700348432055,,
106,jacobi1,0.11903470532802973,0.6023774863359052,0.14494269855497838,0.1902439024390244,0.9212393154453897,0.515933991853383
106,jacobi5,0.20615984319637526,0.6536386856000953,0.16727721209673402,0.24390243902439024,0.8484664021615009,0.24270818369371397
106,jacobi10,0.2565664004490242,0.6902577981287138,0.1729100266857588,0.25365853658536586,0.8147871003333631,0.1735481323393152
106,jacobi20,0.30534221573444253,0.7322287362862777,0.17418614482833952,0.25853658536585367,0.7788021948446272,0.12639457377059835
106,jacobi40,0.35213282987149536,0.7716607334277358,0.1816188373946531,0.2951219512195122,0.7354042798131512,0.09958130424435852
106,jacobi80,0.43939789122339806,0.8281711948969734,0.19284551321741844,0.35365853658536583,0.6692115813971423,0.08552522738506854
106,cg5,0.15071367648958722,0.6310681153474584,0.15765809349623844,0.23414634146341465,0.8890816064941099,0.33914682078266206
106,pcg5,0.2519177285700428,0.6806433042626683,0.17033911183659733,0.24634146341463414,0.8157737574886984,0.17212130745583165
106,poisson_pcg5,0.9946176419318925,0.9992741156386062,0.26230077587097383,0.9512195121951219,0.0561536971214334,0.03541220619136512
106,cg10,0.19592713748741597,0.6576254251419346,0.17109492659082412,0.26097560975609757,0.8383168434475369,0.2128414773405501
106,pcg10,0.32098522477834895,0.7536505961912576,0.17702950928350458,0.275609756097561,0.7569856033139756,0.1059651028154266
106,poisson_pcg10,0.999999719555473,1.0,0.26289105922533984,1.0,0.0002701564081254412,0.00024699549643090313
106,cg20,0.2961733363499805,0.7490961184706801,0.18257166534162372,0.3024390243902439,0.7580794177171291,0.12341954277159597
106,pcg20,0.5622860360181018,0.8851104376480553,0.20631164549668898,0.43902439024390244,0.5768969507593263,0.07840441625066646
106,poisson_pcg20,1.0,1.0,0.26289105922533984,1.0,3.995280986131685e-08,3.938679937120496e-08
106,cg40,0.4185873006140695,0.8455202943239416,0.20507008058676213,0.40487804878048783,0.6461270859862726,0.08043125961629641
106,pcg40,0.974827218057068,0.9948096290512553,0.2602221825930944,0.8804878048780488,0.12261051136536068,0.02437642764789719
106,poisson_pcg40,1.0,1.0,0.26289105922533984,1.0,1.3876142496694372e-12,1.0902938364650076e-13
106,cg80,0.9125296499364988,0.9906204094596561,0.258494122742632,0.824390243902439,0.22377324867104306,0.0316663505166245
106,pcg80,0.998386728888611,0.9997862710585869,0.2627702177507561,0.9707317073170731,0.027691127414907566,0.0023786254653655856
106,poisson_pcg80,1.0,1.0,0.26289105922533984,1.0,1.3876142496694372e-12,1.0902938364650076e-13
106,poisson,0.5841239094235284,0.8866971930706827,0.20002815884860267,0.4902439024390244,1.9572790595355085,6.2776515489583895
106,amg,0.9551152198131886,0.9878333311276684,0.25760940398861937,0.8317073170731707,0.2092949362274301,0.0543892672797947
106,oracle,1.0,1.0,0.26289105922533984,1.0,1.3929031782456464e-12,1.0947903023789349e-13
107,ensemble,0.1390859132762984,0.6104270608631208,0.13823795072221906,0.2146341463414634,,
107,raw,0.11532011192104516,0.4370095152389397,0.11954665697575378,0.07804878048780488,,
107,smoothed,0.06753789116388656,0.40926313142675647,0.11461410010066193,0.09024390243902439,,
107,prediction_magnitude,0.29710174987745663,0.7598831438667073,0.14892472657958777,0.22439024390243903,,
107,boundary_distance,0.4016422282355973,0.7897317470190437,0.1617363247266123,0.2130081300813008,,
107,jacobi1,0.06909994360515512,0.4823021849317788,0.11104705522170827,0.1024390243902439,0.9579262462420538,0.5835049172510216
107,jacobi5,0.13678715122340032,0.5287323160806214,0.13146804277552393,0.14878048780487804,0.9123705695247052,0.3200582426776415
107,jacobi10,0.19715577211973206,0.5863498008284478,0.13831041975031544,0.16829268292682928,0.881737569506647,0.25409668079685266
107,jacobi20,0.28314453968429054,0.6825152521736829,0.14922294285442214,0.21951219512195122,0.835615193822955,0.20227696741167547
107,jacobi40,0.3965599312259216,0.8064078980453396,0.17928049551582048,0.3463414634146341,0.7676304328773061,0.15803953775070212
107,jacobi80,0.5237285399517293,0.9158563053346215,0.217446221386735,0.524390243902439,0.675533781448236,0.11909742038068592
107,cg5,0.12152689098401093,0.4815868877625293,0.1325305373066325,0.14390243902439023,0.9298581150802945,0.34533966706163893
107,pcg5,0.1947188480054087,0.5837082963884441,0.1402958655523743,0.18292682926829268,0.8779187174921029,0.25350895882907604
107,poisson_pcg5,0.9978241667717199,0.9994137342350092,0.282006069089581,0.9536585365853658,0.03906037975008093,0.034367275329196555
107,cg10,0.14107601434585165,0.5217242565806016,0.13867732632026858,0.17073170731707318,0.8983351562863203,0.22578908437685669
107,pcg10,0.3823064701562879,0.7861585696703413,0.1788920625770393,0.3439024390243902,0.7684232028688266,0.16560364146477285
107,poisson_pcg10,0.9999966264583954,0.999999338300491,0.282322982951483,0.9975609756097561,0.0009833037235378761,0.000753086079584984
107,cg20,0.2537656678385127,0.6155863319349417,0.1506302444575802,0.2146341463414634,0.838202828008941,0.16163922934091474
107,pcg20,0.6030707301423204,0.973131691436285,0.250638081548876,0.6926829268292682,0.571148081696091,0.09462893113481465
107,poisson_pcg20,0.9999999996507541,1.0,0.28232327834596505,1.0,1.3160665176560118e-07,1.671257011624988e-07
107,cg40,0.46334154400169736,0.8664273520109048,0.1972658289644843,0.4097560975609756,0.6831855413750559,0.10689543785214452
107,pcg40,0.7901546185672244,0.9900996519460582,0.2750587526032592,0.8219512195121951,0.35101894060802324,0.05760732753168511
107,poisson_pcg40,1.0,1.0,0.28232327834596505,1.0,9.210123195256673e-13,1.3726528471344017e-13
107,cg80,0.7586801309306439,0.9929701044161825,0.2763395521946039,0.8585365853658536,0.37785326376404443,0.05550729507156602
107,pcg80,0.9923712037380386,0.9995957015999895,0.28211740246937633,0.9658536585365853,0.062155358208440946,0.012725384670299777
107,poisson_pcg80,1.0,1.0,0.28232327834596505,1.0,9.206836247709121e-13,1.3698266807986278e-13
107,poisson,0.7334831078238031,0.9189696015245556,0.2016789520992136,0.3853658536585366,2.2166773886450133,6.681388364919599
107,amg,0.9905419545431484,0.9982742876804785,0.2813337440597986,0.926829268292683,0.11818148003811844,0.05616542427967487
107,oracle,1.0,1.0,0.28232327834596505,1.0,9.447670521909197e-13,1.4058122012875e-13
108,ensemble,0.1069881907638574,0.6540330585074706,0.13805733090273062,0.24146341463414633,,
108,raw,0.22883284111302518,0.7661467914190808,0.14776512846823617,0.3024390243902439,,
108,smoothed,0.2636825832311859,0.7885949472625491,0.1482159617618591,0.29024390243902437,,
108,prediction_magnitude,0.15018072938459617,0.5633530960920027,0.12374106237651271,0.1024390243902439,,
108,boundary_distance,0.18575186038483843,0.6408123023172717,0.13085966862461276,0.20882694541231128,,
108,jacobi1,0.17027355173836212,0.6938501647631777,0.1430370859976539,0.26097560975609757,0.908156950142313,0.5950872616936901
108,jacobi5,0.2664390387848005,0.7774095787620926,0.17204203930109827,0.3463414634146341,0.8104964638080908,0.3137181945841797
108,jacobi10,0.32809476263175236,0.803802787078332,0.1827312172806782,0.3975609756097561,0.7619422082369298,0.2430565601393146
108,jacobi20,0.4223924578708758,0.8468192104601459,0.19284603719286994,0.44878048780487806,0.7046425410106629,0.18951368107650465
108,jacobi40,0.5291328952782838,0.8861221761973452,0.20416360135342762,0.5,0.6324330001748875,0.1427519322383616
108,jacobi80,0.628778913516412,0.9148816219578365,0.2192686698613947,0.573170731707317,0.5436451015035485,0.10009794519763221
108,cg5,0.26442529463508996,0.807083493244048,0.17533264263061793,0.3975609756097561,0.83921129625242,0.3324118595426924
108,pcg5,0.32344305720213395,0.8006848589918346,0.18305710086000063,0.4097560975609756,0.761290390513351,0.24101407180569406
108,poisson_pcg5,0.9909183959651526,0.9983973637891561,0.26165663118220256,0.9243902439024391,0.07443585760504232,0.037240733823823535
108,cg10,0.3428180014624746,0.8623195214589151,0.1931860916513055,0.44390243902439025,0.7422284805527211,0.2053815083192088
108,pcg10,0.5163504544612292,0.8797010441618253,0.2001064056258386,0.48048780487804876,0.6423298503986329,0.15118593409176548
108,poisson_pcg10,0.9999975493409141,1.0,0.2626861273598645,1.0,0.001119678260119746,0.0006517958158609232
108,cg20,0.4811847117806986,0.931788044413271,0.2243211628259355,0.5853658536585366,0.6137465793523457,0.11272783597830908
108,pcg20,0.6847835509233617,0.9226830591691701,0.2269465582543077,0.6073170731707317,0.4730656007317135,0.07591406524460936
108,poisson_pcg20,1.0,1.0,0.2626861273598645,1.0,2.1852792881690257e-07,1.9152325905880492e-07
108,cg40,0.717507955544171,0.9727624631102524,0.24410532937906618,0.7073170731707317,0.4295890949464696,0.059642433847996605
108,pcg40,0.9362416099588975,0.9872245675793708,0.2560536346570334,0.8317073170731707,0.19973615123234445,0.032292460979340944
108,poisson_pcg40,1.0,1.0,0.2626861273598645,1.0,1.2906669400491205e-12,1.1683879835754812e-13
108,cg80,0.9217479982686899,0.9945131876712148,0.25989697668054507,0.8731707317073171,0.19760065615197991,0.021494310379280686
108,pcg80,0.9974792318778772,0.9994481426094782,0.2624188205712223,0.9609756097560975,0.0366808888413185,0.004190367069530504
108,poisson_pcg80,1.0,1.0,0.2626861273598645,1.0,1.2883205285798117e-12,1.1615550788280292e-13
108,poisson,0.5469407682579096,0.8454759604568374,0.21838096306473054,0.5658536585365853,4.09049557902183,7.23718755214428
108,amg,0.9870541090927674,0.9977594854624617,0.26141288068629276,0.926829268292683,0.13677122859278157,0.06950583946032765
108,oracle,1.0,1.0,0.2626861273598645,1.0,1.2951572890313837e-12,1.168062819449325e-13
109,ensemble,0.3348212731569647,0.6863537710255019,0.19078456717356654,0.25121951219512195,,
109,raw,0.30611289213758436,0.875890316689385,0.3078202319834617,0.6341463414634146,,
109,smoothed,0.3812980384361692,0.9583976284689597,0.3148512948324754,0.6609756097560976,,
109,prediction_magnitude,0.3745076693301004,0.537436973121766,0.12504783485207796,0.0024390243902439024,,
109,boundary_distance,0.4279721225407899,0.6079655386895703,0.17665783113581449,0.1089430894308943,,
109,jacobi1,0.18676510437202332,0.7122407792173419,0.19756589554959603,0.348780487804878,0.9876453219324306,0.6576478073436758
109,jacobi5,0.26559593033570755,0.7065369294495983,0.2185642259432429,0.35609756097560974,0.9656352321712005,0.4941738493930184
109,jacobi10,0.285561812076211,0.6922435583552797,0.22044094865623748,0.3439024390243902,0.9485089962277181,0.4564214733339061
109,jacobi20,0.3142690908752585,0.7002117438428861,0.23018682004927618,0.34146341463414637,0.9214739175150609,0.42662573211531146
109,jacobi40,0.37943447582312523,0.7681299048476106,0.26816396895570394,0.47317073170731705,0.8753727693509348,0.3938595123458173
109,jacobi80,0.4656636346387422,0.9062199753847783,0.3149973669680868,0.6219512195121951,0.7943127835117848,0.34400316415935234
109,cg5,0.27025116943621524,0.8043109723012586,0.26220552205549347,0.4975609756097561,0.9623523877408683,0.49508248003279715
109,pcg5,0.2879359770360426,0.6897674787925308,0.22037723405681392,0.33414634146341465,0.9475087179278069,0.4525652601929265
109,poisson_pcg5,0.9975457428073766,0.9998894961819939,0.3702918317288755,0.9829268292682927,0.0323944191557274,0.03700777942768622
109,cg10,0.3067830536250169,0.7820533859163876,0.263919678006893,0.47317073170731705,0.904171825433621,0.4235284392612826
109,pcg10,0.4005828442282994,0.775576009422601,0.26100366750490556,0.4585365853658537,0.8553628363480765,0.3941781092479056
109,poisson_pcg10,0.9999975599929168,0.999999338300491,0.3704179468344659,0.9975609756097561,0.0009859292564356628,0.0006419790693032375
109,cg20,0.47012898834725403,0.9655122215899316,0.35520763995217036,0.7975609756097561,0.6550250668225653,0.28082051618847
109,pcg20,0.5649574711288122,0.9913893042891362,0.3627883628064969,0.8536585365853658,0.4801778311365705,0.16697688802258467
109,poisson_pcg20,1.0,1.0,0.37041891154536694,1.0,7.557673118342892e-08,1.1871675015852256e-07
109,cg40,0.6261458811451088,0.9931646440718341,0.36434353983519424,0.8658536585365854,0.4344817670739661,0.11424483537737797
109,pcg40,0.7147538876107418,0.9964446885380411,0.3665727655849517,0.8804878048780488,0.2891091568514447,0.04482854199020595
109,poisson_pcg40,1.0,1.0,0.37041891154536694,1.0,5.947817925409953e-13,9.837778795927692e-14
109,cg80,0.7097600058067036,0.9942346121779178,0.36399747594474535,0.848780487804878,0.31013731629464547,0.04917306582746384
109,pcg80,0.9913909662971477,0.9988704789381047,0.3693344647657419,0.9317073170731708,0.07013006582627296,0.014652902536414308
109,poisson_pcg80,1.0,1.0,0.37041891154536694,1.0,5.947817925409953e-13,9.837778795927692e-14
109,poisson,0.7184660759352417,0.9073395709540384,0.3151023613856499,0.5756097560975609,2.8444428320428403,6.408373053066295
109,amg,0.9112106676376264,0.9852871114169633,0.3475992183508656,0.7170731707317073,0.3509868851111478,0.1277305081396461
109,oracle,1.0,1.0,0.37041891154536694,1.0,6.042482669672599e-13,9.96235599993334e-14
110,ensemble,0.2778938628944636,0.7285510104151502,0.20174364641195014,0.35853658536585364,,
110,raw,0.36817782401422106,0.7111946322935828,0.186824549970539,0.275609756097561,,
110,smoothed,0.45511839830090994,0.7973088680968199,0.2097143497236101,0.33902439024390246,,
110,prediction_magnitude,0.5312266834648398,0.8303587734737901,0.19609655750799376,0.2975609756097561,,
110,boundary_distance,0.5730977299124552,0.8576485846247502,0.2551770099847956,0.5297909407665505,,
110,jacobi1,0.2175262549861151,0.6315326284027897,0.16392020468654878,0.21951219512195122,0.9705895368434269,0.5979433317913055
110,jacobi5,0.287779728398102,0.6589653666476979,0.16956155658314,0.23658536585365852,0.9415884524333913,0.33946805973891686
110,jacobi10,0.2984798497429214,0.6850237550123738,0.17373124136098045,0.2658536585365854,0.9250235550128666,0.2744496637479576
110,jacobi20,0.30409299968690795,0.7262972618874317,0.17799781901844053,0.2975609756097561,0.9027749016684835,0.22316119939954132
110,jacobi40,0.29647393219576373,0.7723680902028771,0.1889693857179143,0.37073170731707317,0.8738761776808985,0.1828451588381463
110,jacobi80,0.29640830904956145,0.8420126252266321,0.20386075639003137,0.44390243902439025,0.840037522120833,0.15294027840888116
110,cg5,0.3206345954286997,0.7170705239336712,0.18758164730980728,0.3097560975609756,0.9433806972086934,0.36060219018126444
110,pcg5,0.2955868652021134,0.6814201394862565,0.17177017061862365,0.25853658536585367,0.9231977556771848,0.2736254715528465
110,poisson_pcg5,0.9926997050366188,0.9996089355901698,0.31841385469543637,0.9707317073170731,0.048741290536023614,0.03992227712640802
110,cg10,0.30704433869182846,0.7326846472479918,0.18759990524437473,0.33414634146341465,0.9107069059555353,0.24229431768150492
110,pcg10,0.29583442874336935,0.757674390905602,0.18526521050977718,0.35853658536585364,0.8762572686303699,0.18881883206407032
110,poisson_pcg10,0.9999940965204707,1.0,0.3186266487794482,1.0,0.001452720286267981,0.0007456592083402441
110,cg20,0.35399763772110343,0.8399229781771502,0.20559871826602372,0.44634146341463415,0.8549706589093011,0.17283333314318433
110,pcg20,0.31016062552833934,0.8906607731297064,0.2074105318419937,0.4878048780487805,0.8105795992853755,0.13752002063084934
110,poisson_pcg20,0.9999999996507541,1.0,0.3186266487794482,1.0,1.5649416517566168e-07,2.1501699322287316e-07
110,cg40,0.4254384329338183,0.9642721967100301,0.2651304370610227,0.7073170731707317,0.6993571408940311,0.11999103019496504
110,pcg40,0.3834290356393515,0.9638334899355505,0.2535890443608984,0.6463414634146342,0.6600054892559878,0.09835298885745919
110,poisson_pcg40,1.0,1.0,0.3186266487794482,1.0,1.2749193523958574e-12,1.8904941232279996e-13
110,cg80,0.730284705223256,0.9978289639109088,0.3151332186535164,0.9195121951219513,0.3684271548940864,0.058145673415926774
110,pcg80,0.9884973801801283,0.9988757725341768,0.3176885432613657,0.9365853658536586,0.06888310614033535,0.012263966257336409
110,poisson_pcg80,1.0,1.0,0.3186266487794482,1.0,1.2688278678988856e-12,1.8821209595196947e-13
110,poisson,0.5635236777044045,0.9606890938686924,0.2805563306378413,0.7048780487804878,2.9301705333877988,6.898574108855643
110,amg,0.9762033115043418,0.9979527017190953,0.3168135321731417,0.9243902439024391,0.21833199376176712,0.07624287090887773
110,oracle,1.0,1.0,0.3186266487794482,1.0,1.3225052183146124e-12,1.9620060106520191e-13
111,ensemble,0.402110817595471,0.6689689398250467,0.16637185481194383,0.24390243902439024,,
111,raw,0.272002107727467,0.6793185818456122,0.15321991048680902,0.22682926829268293,,
111,smoothed,0.377687836226096,0.7370346598202824,0.1638281093897072,0.29024390243902437,,
111,prediction_magnitude,0.7418017459337709,0.7677831743048846,0.18856013248930079,0.275609756097561,,
111,boundary_distance,0.7365188440578188,0.8152045313182378,0.2241232170446799,0.45412311265969807,,
111,jacobi1,0.1519648268360169,0.6183085637150457,0.13432355757848058,0.2121951219512195,0.9872167137647657,0.635402273118887
111,jacobi5,0.2423339676548484,0.6548270979182933,0.14939933436418737,0.24390243902439024,0.9696767064662125,0.3788793167201733
111,jacobi10,0.257609568000317,0.6841132564879637,0.15506677912073008,0.2731707317073171,0.9561443817268219,0.31255024199969533
111,jacobi20,0.280059698956386,0.7132114923970726,0.16121402805548388,0.32195121951219513,0.9363001495930268,0.26432910482224625
111,jacobi40,0.31019971855243855,0.7511712081309636,0.17309881431071264,0.3878048780487805,0.9077364836787103,0.2284775275922989
111,jacobi80,0.3427120026862884,0.8134027235551792,0.1874710738820156,0.4609756097560976,0.8682098340099877,0.19997126438853063
111,cg5,0.26391401021089095,0.6750135648399349,0.15316003770725156,0.24878048780487805,0.9716038433200399,0.37628838095727457
111,pcg5,0.25149456344838444,0.6791670526580469,0.15594197349664352,0.2634146341463415,0.9543839020907652,0.3095966491028981
111,poisson_pcg5,0.9980186140147889,0.9994170427325543,0.27376039995968293,0.9560975609756097,0.03707897257295132,0.04424485128066883
111,cg10,0.26411133122455815,0.66430594338499,0.1588462356525308,0.3024390243902439,0.9529332188127856,0.27816998753866407
111,pcg10,0.3030294160883712,0.7434425578656221,0.16976282234842047,0.375609756097561,0.9104945379547861,0.23438142592022684
111,poisson_pcg10,0.9999978458507565,0.999998676600982,0.274104176564194,0.9975609756097561,0.0011234860107963733,0.0011077563753437351
111,cg20,0.2877622500334717,0.7893274486190331,0.16743278704819517,0.3878048780487805,0.907358707648829,0.2159390644570864
111,pcg20,0.3664891835235132,0.8717705755462329,0.20364917612973354,0.5097560975609756,0.8147163526240088,0.1809076924624431
111,poisson_pcg20,0.9999999998253771,1.0,0.2741042577466105,1.0,3.6557567142216677e-07,6.420500157579915e-07
111,cg40,0.3996181190717589,0.9598335164035309,0.2148855441797692,0.6560975609756098,0.7799072757904908,0.15774617046752967
111,pcg40,0.6127578650754908,0.9906210711591652,0.25625973158090143,0.8268292682926829,0.5954210385071419,0.1249399919678557
111,poisson_pcg40,1.0,1.0,0.2741042577466105,1.0,5.218173151612385e-13,1.3223246725883652e-13
111,cg80,0.764977965232534,0.9937806863147307,0.2708093242758504,0.8536585365853658,0.4059373442217463,0.08837816489624455
111,pcg80,0.9796643493566835,0.9988585683469423,0.27369573862580443,0.9560975609756097,0.11493446001849175,0.03186364721425076
111,poisson_pcg80,1.0,1.0,0.2741042577466105,1.0,5.389381220334719e-13,1.0819316203132683e-13
111,poisson,0.6577141069282804,0.8548548892976722,0.2093875334124329,0.4121951219512195,1.7192338089710826,6.653929772628812
111,amg,0.9897848781279589,0.9954733136588013,0.2717312767589729,0.8878048780487805,0.24834920449439316,0.09507363772041508
111,oracle,1.0,1.0,0.2741042577466105,1.0,5.019567362599651e-13,1.0081276494337727e-13
112,ensemble,0.37670054174618295,0.7524231436020274,0.18376335917924905,0.4,,
112,raw,0.030386263685972317,0.6036552280878208,0.13536795235603014,0.21951219512195122,,
112,smoothed,0.08000461884801799,0.6697775366250678,0.15397441272605744,0.28780487804878047,,
112,prediction_magnitude,0.44886457615283587,0.6601233407884811,0.07259951963589126,0.004878048780487805,,
112,boundary_distance,0.4015256170758262,0.602163757394492,0.07936501330113058,0.005749128919860627,,
112,jacobi1,0.03568393379335456,0.5831101200322909,0.13059299643494096,0.1975609756097561,0.9760709136993405,0.5764750662789044
112,jacobi5,0.16889887692828487,0.6240527771528394,0.14228377792846922,0.22195121951219512,0.943167124876972,0.3462078271054166
112,jacobi10,0.18514024475493995,0.6461515556555457,0.15215477548261355,0.23414634146341465,0.9190270928502656,0.28605351296791326
112,jacobi20,0.21507495590699577,0.6884645924592724,0.1676504484829414,0.2804878048780488,0.8836131273452512,0.2387697731172704
112,jacobi40,0.28977339526917534,0.7569160832682662,0.18734505443763821,0.35609756097560974,0.8312732752689557,0.19945782105001061
112,jacobi80,0.428115521114686,0.8428893770760822,0.21534324673975103,0.5073170731707317,0.7556237048047781,0.16440597309450727
112,cg5,0.06213720082471226,0.6044909545677117,0.12723512600486922,0.17804878048780487,0.9615667834618802,0.36844276287117567
112,pcg5,0.18492249634353422,0.6450915130420973,0.15497703714003774,0.24146341463414633,0.9183241297672311,0.2800821423745706
112,poisson_pcg5,0.9963242930381139,0.9994289533237166,0.2756408379110476,0.9634146341463414,0.05987972635940408,0.0435784665229317
112,cg10,0.11826169281848553,0.6092029167714358,0.1259370718449126,0.17073170731707318,0.9368892551635329,0.2615467935559159
112,pcg10,0.26676793001652466,0.7380907322366766,0.18777155552199642,0.3463414634146341,0.8325909758830181,0.20186740181524515
112,poisson_pcg10,0.9999991591902881,0.999999338300491,0.2759549659116606,0.9975609756097561,0.0006326757505889043,0.0006330331598612701
112,cg20,0.1539804859014704,0.7127099241692363,0.15921400669709684,0.3,0.880816194981538,0.18796189489396614
112,pcg20,0.6147451239812075,0.9333900189246059,0.24187384213287985,0.6902439024390243,0.6085944641545425,0.12583600512252993
112,poisson_pcg20,0.9999999998253771,1.0,0.27595505509883195,1.0,1.6491905267751548e-07,2.6178406320684155e-07
112,cg40,0.3399775325167571,0.9248990908248746,0.19249501878667682,0.5146341463414634,0.7578518784342392,0.12041021569193386
112,pcg40,0.7634091821226177,0.9713133411855008,0.26216172653386327,0.7268292682926829,0.4392311195239337,0.06413838557036854
112,poisson_pcg40,1.0,1.0,0.27595505509883195,1.0,1.6477172818131753e-12,2.0918769187789665e-13
112,cg80,0.5971564756757715,0.9835044929396662,0.2539747822462964,0.7731707317073171,0.5818975770101356,0.07382949504594852
112,pcg80,0.9198284274260694,0.9973644508555775,0.273971072021618,0.9,0.2565833878679763,0.035139627796137066
112,poisson_pcg80,1.0,1.0,0.27595505509883195,1.0,1.6503410612345231e-12,2.0957769670362e-13
112,poisson,0.39995059705976227,0.7446177361936397,0.09974569976540804,0.14390243902439023,2.9490397038650737,6.582278204262417
112,amg,0.9964331074354414,0.9994005002448288,0.275641208804646,0.9585365853658536,0.11551277721002837,0.06535689654196083
112,oracle,1.0,1.0,0.27595505509883195,1.0,1.6021533278863897e-12,2.0345112847636014e-13
113,ensemble,0.37812287815601026,0.6980751161282638,0.1630982983683338,0.2804878048780488,,
113,raw,0.28458087876269245,0.7313844077127695,0.14997506144985892,0.2731707317073171,,
113,smoothed,0.3800713946805981,0.7658993158027076,0.14771261609849062,0.2707317073170732,,
113,prediction_magnitude,0.26638746310959993,0.6649967576724058,0.07881014444391728,0.041463414634146344,,
113,boundary_distance,0.33721694245287565,0.699264190145971,0.11424021115938614,0.13176538908246227,,
113,jacobi1,0.14619527056952691,0.6500628614533568,0.1429946723245983,0.24634146341463414,0.946622056287393,0.6087070345050984
113,jacobi5,0.23676226168431785,0.7100267326601644,0.1584782449724366,0.3073170731707317,0.8889447197481861,0.32995390402695907
113,jacobi10,0.26855066418623785,0.7378975159800432,0.16891317226560082,0.33170731707317075,0.8570075810037872,0.2627741481233675
113,jacobi20,0.3025965005426445,0.7650887339041594,0.1813020675690422,0.36829268292682926,0.8182445260163932,0.21148249474165975
113,jacobi40,0.35674688501218393,0.7938322988764343,0.1909363976319893,0.40487804878048783,0.7711245855067627,0.16717604781277862
113,jacobi80,0.42893410498675216,0.825820838240938,0.19786680320034383,0.4317073170731707,0.7129740682436726,0.13011231911067828
113,cg5,0.2611735977955258,0.7420152720246681,0.1628640531049582,0.3170731707317073,0.9097712135418334,0.347133341864654
113,pcg5,0.2631255358830414,0.7352335137567327,0.17075186488134445,0.33414634146341465,0.8536729891104591,0.2639127008648282
113,poisson_pcg5,0.9966294358920156,0.9996181993832961,0.26356039056136776,0.9658536585365853,0.04862837062484738,0.0358891085435291
113,cg10,0.28002917939738137,0.7624055423950875,0.17604198272346397,0.375609756097561,0.851019946883811,0.23545077185299462
113,pcg10,0.33550281814269756,0.781123036406707,0.18938052909885472,0.4,0.773585138972716,0.17469530872354402
113,poisson_pcg10,0.9999953532821523,1.0,0.26387153204161273,1.0,0.0014338602365295756,0.0007678847458928857
113,cg20,0.3763351370212145,0.8168144462236809,0.20100684450395376,0.43414634146341463,0.7444291092603338,0.1485564507281778
113,pcg20,0.4735059977899156,0.8450346068843216,0.20493629051900772,0.45365853658536587,0.6627558990130787,0.11140596425329352
113,poisson_pcg20,0.9999999998253771,1.0,0.26387153204161273,1.0,6.866000141467899e-07,4.2301985697077275e-07
113,cg40,0.5777056486445121,0.9278661514233156,0.22279669438787267,0.524390243902439,0.570383296486774,0.08511057572001929
113,pcg40,0.7040067654395784,0.9514736048065853,0.23482741094818585,0.6024390243902439,0.4372660948063666,0.05746225316207955
113,poisson_pcg40,1.0,1.0,0.26387153204161273,1.0,7.164550204047389e-13,1.0154642404470932e-13
113,cg80,0.8282780645622837,0.9853923216388973,0.2521260991244573,0.775609756097561,0.31499355769268256,0.03842910178031959
113,pcg80,0.9554912461563385,0.9946673636568162,0.25992382928309227,0.8853658536585366,0.16068145848568252,0.021560792464828987
113,poisson_pcg80,1.0,1.0,0.26387153204161273,1.0,7.441193275035731e-13,9.22335283089529e-14
113,poisson,0.592010185193412,0.9211141696332862,0.2140687063413082,0.5585365853658537,3.1750564777122876,7.28146441442902
113,amg,0.9797316483597508,0.9961442769609465,0.261966341928562,0.8951219512195122,0.14839666418420108,0.07321679001924075
113,oracle,1.0,1.0,0.26387153204161273,1.0,7.634419713364121e-13,9.476250652338539e-14
114,ensemble,0.3301220343008733,0.6620277119754377,0.1318505211709038,0.14878048780487804,,
114,raw,0.09257748762607501,0.6306677871445019,0.14052694303847296,0.23658536585365852,,
114,smoothed,0.10353003977883844,0.6850952185593479,0.14230848057153042,0.25121951219512195,,
114,prediction_magnitude,0.6821080481446489,0.8123056257692257,0.16598627223661852,0.3048780487804878,,
114,boundary_distance,0.6474533469779745,0.8305189047549727,0.15869877243069075,0.2937862950058072,,
114,jacobi1,0.06387715672667886,0.6277404285166021,0.12862036743469682,0.22439024390243903,0.9697372666484831,0.5432501559846209
114,jacobi5,0.14935500552758607,0.6847213583367521,0.14127277649266065,0.2707317073170732,0.9362791140415765,0.26536616541892355
114,jacobi10,0.17620981551234444,0.721460900176012,0.14505325490589935,0.3024390243902439,0.9164445941217667,0.2017850154126359
114,jacobi20,0.2093164775485681,0.7712617286237974,0.15259464329395062,0.33902439024390246,0.8897242837884858,0.16065232410327454
114,jacobi40,0.26224636603963325,0.8344791763164512,0.1684375071412499,0.4170731707317073,0.8514228839634097,0.13384918369299326
114,jacobi80,0.3628257155379707,0.8965578391540834,0.19250252389439343,0.5365853658536586,0.7951181261741054,0.11648518243377451
114,cg5,0.09230112613390394,0.6518633458173974,0.13234376070823928,0.2146341463414634,0.9564816383952002,0.29958385819172384
114,pcg5,0.17408779288327206,0.7122076942418909,0.14693451242708147,0.3073170731707317,0.9167824840228591,0.20463497026745048
114,poisson_pcg5,0.9956931526301075,0.9984979421145269,0.24821409212275766,0.9317073170731708,0.06122211122027992,0.04312240484593303
114,cg10,0.12400840141255194,0.693897145428318,0.14044990058592716,0.275609756097561,0.9344929311414109,0.19928517540889115
114,pcg10,0.22845841798357552,0.8092571761311753,0.16281577154771998,0.3878048780487805,0.8624409178269331,0.13966655553669297
114,poisson_pcg10,0.9999973904339903,1.0,0.24911950085401033,1.0,0.0011271936530989695,0.0009223177679019091
114,cg20,0.19412822362427257,0.779518415097336,0.15034042124325553,0.35609756097560974,0.8962585568350644,0.14390441986111396
114,pcg20,0.4979902650195891,0.9321215409658166,0.2098103186264214,0.6170731707317073,0.7246372264502428,0.10722979674592768
114,poisson_pcg20,0.9999999996507541,1.0,0.24911950085401033,1.0,2.0700149729201447e-07,3.187022537197169e-07
114,cg40,0.3404195010423177,0.9189345314505777,0.19396219915248006,0.5878048780487805,0.7902396875863664,0.10974405844915817
114,pcg40,0.8157860891873108,0.9635496208461813,0.23403929525862696,0.6902439024390243,0.41571522281608747,0.06997247891179727
114,poisson_pcg40,1.0,1.0,0.24911950085401033,1.0,9.2069410223869e-13,1.2919366886876895e-13
114,cg80,0.814521587166825,0.9809681987215966,0.24007913913367532,0.7804878048780488,0.40885938387328513,0.0611841429287567
114,pcg80,0.9924251199841572,0.9984191998729537,0.24825836484109282,0.9170731707317074,0.07885316519735153,0.015118645570338925
114,poisson_pcg80,1.0,1.0,0.24911950085401033,1.0,9.183692215875555e-13,1.2853562109484635e-13
114,poisson,0.7460452226194499,0.90642113203552,0.19615724781535135,0.5317073170731708,1.9132139995807849,6.78497559404028
114,amg,0.9949467254235321,0.9974723078755475,0.2478073287406362,0.9073170731707317,0.12518111459645415,0.06294676608274254
114,oracle,1.0,1.0,0.24911950085401033,1.0,9.601453770989907e-13,1.3443642983043583e-13
115,ensemble,0.0958612380876385,0.5269755038841761,0.10227747879544401,0.09024390243902439,,
115,raw,0.16648033136012147,0.7065309741540172,0.13519434211565795,0.23658536585365852,,
115,smoothed,0.1791572375489056,0.7103106017495335,0.12127233009964591,0.18292682926829268,,
115,prediction_magnitude,0.27119266082889426,0.6679194844037426,0.09599823547787495,0.06829268292682927,,
115,boundary_distance,0.3902786530606752,0.7660958405568863,0.13062768006328432,0.17799070847851337,,
115,jacobi1,0.07693450442637156,0.5815531410875693,0.12222121995220703,0.14634146341463414,0.949861822670561,0.5238511597247337
115,jacobi5,0.1370718261670292,0.6338743829652078,0.13772786611093552,0.22682926829268293,0.9042139609657573,0.2512487194416072
115,jacobi10,0.17776876280754883,0.655897066024377,0.1473384894155029,0.25365853658536586,0.8780018153321236,0.19183450335728772
115,jacobi20,0.24040820747485878,0.6746674959967179,0.15852076360093367,0.2804878048780488,0.8432023547233197,0.1528936609631789
115,jacobi40,0.31864841726468757,0.6894657438164181,0.16542301506710685,0.3,0.7971563240953029,0.1259382131270145
115,jacobi80,0.4000992047193918,0.7257202599155671,0.1758730133533926,0.3146341463414634,0.7374211881061759,0.10651239186453475
115,cg5,0.1490199665187652,0.6820163307438826,0.1428270343787578,0.2707317073170732,0.9202572895710602,0.2814380778364769
115,pcg5,0.17258560923671257,0.6490643568942471,0.14767442686826052,0.25609756097560976,0.8817939845300861,0.1921576032309606
115,poisson_pcg5,0.9940325578144599,0.9982597302912801,0.25696968593947844,0.9365853658536586,0.06581946750781241,0.03813200937423634
115,cg10,0.1629388508066409,0.692743803184098,0.1451840814907621,0.275609756097561,0.8818899336257948,0.18338083347125136
115,pcg10,0.2923772743317723,0.6753768378703863,0.16153125648624428,0.29024390243902437,0.8120727308421987,0.13254636964899208
115,poisson_pcg10,0.9999901840923093,0.9999953681034369,0.25768599667799863,0.9951219512195122,0.0025125884181902585,0.0006599472153441294
115,cg20,0.2766668264117808,0.7862988499662533,0.1635719052835824,0.33414634146341465,0.8079736525504605,0.12980135100077603
115,pcg20,0.45242387017247054,0.7514788984026574,0.17733447679306313,0.2780487804878049,0.6844321674634473,0.09560931457293716
115,poisson_pcg20,1.0,1.0,0.25768900303014325,1.0,2.042128148300267e-07,1.8700829617510889e-07
115,cg40,0.5168057413078542,0.9122235750301073,0.2083281687360101,0.4902439024390244,0.6234371392943681,0.08681702249958226
115,pcg40,0.8568863598892718,0.9760914733401268,0.24513604956576077,0.7170731707317073,0.3195515396530753,0.05350840328632466
115,poisson_pcg40,1.0,1.0,0.25768900303014325,1.0,9.046641321994882e-13,9.225010320801502e-14
115,cg80,0.9493887954260064,0.9918167621719625,0.2527488928331675,0.8439024390243902,0.18203470738450578,0.030680919740262273
115,pcg80,0.9930501817657722,0.998218043222212,0.2564496901317748,0.9170731707317074,0.06482679047403733,0.0071490734507039765
115,poisson_pcg80,1.0,1.0,0.25768900303014325,1.0,9.053726696738635e-13,9.128955088682629e-14
115,poisson,0.4094985363380111,0.84529200799333,0.17700459369365057,0.48292682926829267,3.8785679569651275,7.123621619047301
115,amg,0.9089627566734483,0.9862009184389186,0.2500577226060453,0.8097560975609757,0.30342797465251836,0.06819117719070032
115,oracle,1.0,1.0,0.25768900303014325,1.0,9.19348751583902e-13,9.313178576726753e-14
116,ensemble,0.30033019793558186,0.7228994349086193,0.18500270894809243,0.33414634146341465,,
116,raw,0.22671290226013005,0.625263025554835,0.1930473410755683,0.2951219512195122,,
116,smoothed,0.27559075587224996,0.6713292219737172,0.1854436081618911,0.24878048780487805,,
116,prediction_magnitude,0.4898183960724506,0.8462044916162672,0.23137809214026192,0.40487804878048783,,
116,boundary_distance,0.4258607308901747,0.7939083943199714,0.18700280276559209,0.30365853658536585,,
116,jacobi1,0.11673214085945582,0.594800365258129,0.14083234698196312,0.1878048780487805,0.9609568626059724,0.6015812875706461
116,jacobi5,0.22071276401459886,0.6543850826462687,0.1693581565398608,0.2804878048780488,0.9161901755729678,0.3618939572111202
116,jacobi10,0.2683530003876351,0.6965432817648849,0.17747882569751475,0.3146341463414634,0.8860824846346754,0.2963612917314868
116,jacobi20,0.3253453800078522,0.7687327131003269,0.20007859917565762,0.3975609756097561,0.8448136572614611,0.23727215484461886
116,jacobi40,0.3943357132840768,0.856979606421132,0.21182999590672819,0.4560975609756098,0.7918619650577869,0.18169631740663253
116,jacobi80,0.45590805081009417,0.902965075499914,0.21673799194825036,0.48048780487804876,0.7340015969176381,0.13031280647442212
116,cg5,0.19942020241906214,0.6307941717507246,0.17032930763447557,0.2707317073170732,0.9434586093174796,0.38956996181512304
116,pcg5,0.27062805178127747,0.696125087675185,0.18161255445093838,0.33414634146341465,0.8815694913250544,0.2958828874849977
116,poisson_pcg5,0.9985653205385251,0.9995447507377949,0.3092497676248809,0.9634146341463414,0.050277559477328225,0.03819702372457806
116,cg10,0.2522361188480739,0.687300001323399,0.17808541231716088,0.3073170731707317,0.9086852144755883,0.2711638636583928
116,pcg10,0.3957172189964001,0.855339253338274,0.20860103542127936,0.44146341463414634,0.7853084235395893,0.18616793998268769
116,poisson_pcg10,0.9999998077400846,1.0,0.30947314615382776,1.0,0.0002061427633235538,0.00031250090017680344
116,cg20,0.33526824899685376,0.7453217844712359,0.20068978868651818,0.37317073170731707,0.8384630125996583,0.17887242138846968
116,pcg20,0.4823683188264933,0.9110292074163281,0.23114250109336926,0.5317073170731708,0.6852932485275082,0.09400767977823016
116,poisson_pcg20,1.0,1.0,0.30947314615382776,1.0,3.5495194216186304e-08,5.495594774989038e-08
116,cg40,0.463024993900768,0.8778482855365721,0.21497328999386428,0.424390243902439,0.713154890033101,0.11245317671961315
116,pcg40,0.48628340055899477,0.9224600664346307,0.23806344482093073,0.5414634146341464,0.6263989850163454,0.07104809309712727
116,poisson_pcg40,1.0,1.0,0.30947314615382776,1.0,2.359236912337679e-12,2.738336963600043e-13
116,cg80,0.6284316563113834,0.9732210208700025,0.2761143168732754,0.6902439024390243,0.5115306683989935,0.06269616827490461
116,pcg80,0.9907720241783277,0.9995156359593981,0.30917974570572515,0.9609756097560975,0.05594016917692019,0.013878521688948918
116,poisson_pcg80,1.0,1.0,0.30947314615382776,1.0,2.359236912337679e-12,2.738336963600043e-13
116,poisson,0.2457483834381183,0.5454673583632201,0.12760761563556375,0.12926829268292683,2.722885179975462,6.504945482595518
116,amg,0.9738845792167009,0.9947176528195016,0.3058196720994485,0.8707317073170732,0.22380097338889166,0.08306695959900828
116,oracle,1.0,1.0,0.30947314615382776,1.0,2.3220057482670717e-12,2.6944257510988626e-13
117,ensemble,-0.005493534416040594,0.5114315207178116,0.10675229506912615,0.12195121951219512,,
117,raw,0.18567030935818313,0.6902703704193851,0.1534988812874851,0.28780487804878047,,
117,smoothed,0.21149989639967065,0.7243968608975292,0.15945936373599254,0.3024390243902439,,
117,prediction_magnitude,0.09383812454123049,0.5786323994547596,0.08496294105862613,0.08048780487804878,,
117,boundary_distance,0.13228288888131295,0.5948638884109948,0.09255450534818736,0.07851335656213705,,
117,jacobi1,0.11427182337585527,0.6407262813810992,0.15398967956579948,0.23902439024390243,0.9280753709904177,0.620599495676844
117,jacobi5,0.22283680615858698,0.7142291862419438,0.16890095151124454,0.3024390243902439,0.8401774038616351,0.3574193100892752
117,jacobi10,0.30302857946961104,0.7796084062305626,0.192861860136364,0.37317073170731707,0.7848743848090638,0.2827300678594798
117,jacobi20,0.40833730268859064,0.8525032092426187,0.21817456367014798,0.48048780487804876,0.7119424298505632,0.22056123620083237
117,jacobi40,0.5220077955475998,0.9174430607572489,0.2378297442377908,0.5682926829268292,0.6181944363356449,0.16887813202285054
117,jacobi80,0.6605841837263552,0.9579979619655122,0.2605645339432527,0.6951219512195121,0.4977827847249622,0.12609538956560004
117,cg5,0.20786805351130236,0.7269258764209997,0.17695830499265292,0.348780487804878,0.8552995997017161,0.3553358704445946
117,pcg5,0.311733815074865,0.7879822135171975,0.19700688190260546,0.3926829268292683,0.7729042371063116,0.2785458292624622
117,poisson_pcg5,0.9940415889664197,0.9982233368182841,0.2812988548108357,0.9341463414634147,0.06750802569027044,0.04095300208672922
117,cg10,0.2848044566134785,0.7951927530669772,0.2034708041606811,0.44146341463414634,0.7674094844144125,0.23777343500112416
117,pcg10,0.5039332353642463,0.9100697431282506,0.2372087655659259,0.5780487804878048,0.6213403257666009,0.17546301972842654
117,poisson_pcg10,0.9999791613651126,0.9999947064039278,0.28235152189705,0.9951219512195122,0.0030049045781837406,0.0008576324634626313
117,cg20,0.5037434531744392,0.936042772256263,0.2503400122974362,0.6268292682926829,0.584997201137121,0.14849884769373023
117,pcg20,0.8038801101602867,0.9765374588092056,0.2689130697478955,0.7390243902439024,0.3415812534539737,0.09555137470565295
117,poisson_pcg20,0.9999999996507541,1.0,0.28235263482198353,1.0,5.923458132728162e-07,3.393537780554155e-07
117,cg40,0.7808502975729471,0.9835362545160992,0.2750821669846763,0.8170731707317073,0.3417252302345251,0.06322395989888648
117,pcg40,0.9570361277440678,0.9952807591016768,0.2793940530819887,0.8658536585365854,0.1389006887994072,0.020503615716948795
117,poisson_pcg40,1.0,1.0,0.28235263482198353,1.0,1.4076182225708256e-12,1.4670300987458083e-13
117,cg80,0.9559346079987613,0.9953310482643621,0.27948424605336397,0.875609756097561,0.14020316745389494,0.01942430267711371
117,pcg80,0.9953363915686768,0.9992132392837765,0.2818890647715106,0.9512195121951219,0.04672017274380556,0.00573003272910269
117,poisson_pcg80,1.0,1.0,0.28235263482198353,1.0,1.3977050624850076e-12,1.4455110750946685e-13
117,poisson,0.4421194977901391,0.8032648253774995,0.22365288397455066,0.4902439024390244,3.8268201839278944,6.727469909687782
117,amg,0.9333474381563589,0.9879881688127787,0.27660528050728506,0.8219512195121951,0.19162122516597455,0.07672116959300905
117,oracle,1.0,1.0,0.28235263482198353,1.0,1.3969996446919525e-12,1.4455708901324625e-13
118,ensemble,0.1902054569084656,0.6682602596508873,0.15838549698937615,0.24634146341463414,,
118,raw,0.0908539743997663,0.5931097230125856,0.1454171813000554,0.23658536585365852,,
118,smoothed,0.08943627597663707,0.624633087622249,0.15287639117334992,0.25853658536585367,,
118,prediction_magnitude,0.7040085375137127,0.8236259809695221,0.2036750090425452,0.33902439024390246,,
118,boundary_distance,0.6548622919411992,0.8363524476264839,0.19857271318159023,0.39419279907084787,,
118,jacobi1,0.08852172611783303,0.6238258142212458,0.14813679055801687,0.25121951219512195,0.9700225852432225,0.6106167791990001
118,jacobi5,0.16014648420910815,0.6606493918981512,0.16038360688583378,0.2975609756097561,0.9344001501221413,0.3659908025298131
118,jacobi10,0.18827536171267104,0.6929912788004712,0.16772255354730115,0.32439024390243903,0.9111533460109643,0.3068127103285102
118,jacobi20,0.2214547179039586,0.7408831041647367,0.1787641887193036,0.375609756097561,0.8769767913696065,0.2603580813601529
118,jacobi40,0.28397426624954963,0.8132531794661408,0.19850106953062185,0.4658536585365854,0.8249869795806868,0.21436141826698668
118,jacobi80,0.36959647395804,0.8878286992311052,0.21228163313050608,0.5317073170731708,0.7488761658648165,0.16586217782705762
118,cg5,0.1146858408720175,0.6201950690152588,0.15508414815532298,0.2658536585365854,0.9433192904140194,0.37308812903043576
118,pcg5,0.18908979933638792,0.6976992708071411,0.1706154274071654,0.33170731707317075,0.9080026555830873,0.3073257263216197
118,poisson_pcg5,0.9964702549847739,0.9989776742585657,0.27984807644736204,0.9414634146341463,0.05239813144608657,0.042180777603803635
118,cg10,0.17661990189568486,0.6870968595741302,0.16695582453122648,0.33414634146341465,0.8986539869183593,0.2663087035744084
118,pcg10,0.27942060202631963,0.8021008959411352,0.19627352433590525,0.4609756097560976,0.8158819278785426,0.2174375577806118
118,poisson_pcg10,0.9999976357792958,1.0,0.28049301889113015,1.0,0.0011666011623357123,0.0010769200455046533
118,cg20,0.25922787768355027,0.7538285933591837,0.20028913313501245,0.44146341463414634,0.8142745476034267,0.17120234837807027
118,pcg20,0.46265426369837753,0.9340417929409897,0.23083317338888606,0.5926829268292683,0.6274780145526118,0.1169022163814765
118,poisson_pcg20,0.9999999996507541,1.0,0.28049301889113015,1.0,4.754520309840151e-07,5.212193612175105e-07
118,cg40,0.36628570355687756,0.8441247700594207,0.21784388712489813,0.4975609756097561,0.6982512714265359,0.10383257955978636
118,pcg40,0.727052834030596,0.9722827309662136,0.25811730479998607,0.7073170731707317,0.4305932697093352,0.06157847188783379
118,poisson_pcg40,1.0,1.0,0.28049301889113015,1.0,8.718638528849943e-13,1.392573950827143e-13
118,cg80,0.6543870738877662,0.9651568889535884,0.2542651827092906,0.6902439024390243,0.4638234157298295,0.06178371620670417
118,pcg80,0.9845171326390435,0.9986468245040562,0.27968523666315537,0.9390243902439024,0.09023131429389694,0.020228414173159983
118,poisson_pcg80,1.0,1.0,0.28049301889113015,1.0,8.457987099950718e-13,1.2345802043043547e-13
118,poisson,0.8061743386510367,0.9623069491682437,0.25609130072069747,0.651219512195122,3.4617087320371254,6.781571888971908
118,amg,0.9901312777594681,0.9966643727750354,0.27879669476673385,0.9121951219512195,0.18589880128078387,0.1000910225138787
118,oracle,1.0,1.0,0.28049301889113015,1.0,8.659555693270421e-13,1.2623406822082666e-13
119,ensemble,0.342975123215381,0.678509323346082,0.15153479136172887,0.21707317073170732,,
119,raw,0.20529875276993978,0.7575896933684475,0.20146575480312864,0.4317073170731707,,
119,smoothed,0.3106782484179436,0.8494243214271535,0.20869723792127212,0.44390243902439025,,
119,prediction_magnitude,0.5928634993087165,0.7355061339544486,0.10378535378935021,0.007317073170731708,,
119,boundary_distance,0.5986956316141101,0.7053571192250175,0.1292258491935104,0.0979094076655052,,
119,jacobi1,0.03830310424221556,0.6392619403676403,0.1361504133376398,0.25121951219512195,0.9873488729873124,0.5839536164089725
119,jacobi5,0.163317646670462,0.7038980718076308,0.16278738079008226,0.35609756097560974,0.9678474216506949,0.34490434670333037
119,jacobi10,0.1839952973189755,0.744593253311806,0.17220227041908742,0.3926829268292683,0.9524750547922384,0.28256737315856123
119,jacobi20,0.21519140150374702,0.7789407514259624,0.1864506350284395,0.47073170731707314,0.9311670092746247,0.22891849741750495
119,jacobi40,0.2599936237811036,0.8059586040787158,0.19419765406850029,0.5146341463414634,0.9042244666470948,0.18530172203123774
119,jacobi80,0.30607523259363595,0.8243505419318979,0.1978780027178646,0.5439024390243903,0.8732806987975192,0.1592290324195978
119,cg5,0.18573219277836414,0.7385433347008457,0.17668241225977382,0.3780487804878049,0.9750331171622375,0.35429323266949725
119,pcg5,0.19351093623293555,0.7439342006008232,0.17569363271726077,0.4121951219512195,0.9495305468471674,0.281930719176963
119,poisson_pcg5,0.9983811313485658,0.9992271349734658,0.26811246508279946,0.9585365853658536,0.05051306710641983,0.042773100067446265
119,cg10,0.22266850783562706,0.7454693434617472,0.18072051966548286,0.3853658536585366,0.959398628052521,0.2566848812303133
119,pcg10,0.26273235841875053,0.8075407276047801,0.19485085519512113,0.5170731707317073,0.9012426361150168,0.1856818509486556
119,poisson_pcg10,0.9999998700804932,1.0,0.26840875620296084,1.0,0.00023221857301454615,0.0004814774213615959
119,cg20,0.26575804822707094,0.8145342297156015,0.20438858399144946,0.5146341463414634,0.923759002206897,0.20045285298925009
119,pcg20,0.3211852213655172,0.8203836533753291,0.19943932349746002,0.524390243902439,0.8461279553009727,0.1490141494261248
119,poisson_pcg20,1.0,1.0,0.26840875620296084,1.0,1.2118042304812243e-07,2.1637041196793187e-07
119,cg40,0.3658475634658188,0.9148690496671652,0.2183137786545054,0.651219512195122,0.8166757027090729,0.14773077599845963
119,pcg40,0.45229206543573386,0.9114182867276313,0.23001225132017025,0.6146341463414634,0.7072427721870173,0.11921648326945201
119,poisson_pcg40,1.0,1.0,0.26840875620296084,1.0,8.033309001419736e-13,1.3168634208992545e-13
119,cg80,0.6242005453783412,0.9894061908606063,0.25742098205648334,0.8146341463414634,0.5726974733132258,0.09474008503484667
119,pcg80,0.9945795370993116,0.9998206794330559,0.26829115610217075,0.9707317073170731,0.05193854664177056,0.01164934035916287
119,poisson_pcg80,1.0,1.0,0.26840875620296084,1.0,8.028913037278677e-13,1.3152249213563468e-13
119,poisson,0.7832011863355302,0.8750797347908368,0.2170813614760792,0.4634146341463415,1.8599445729155668,6.686685775377381
119,amg,0.992538109966497,0.9980314439606686,0.26747606374308747,0.9219512195121952,0.16383886135252027,0.07497893338411811
119,oracle,1.0,1.0,0.26840875620296084,1.0,7.655220267640111e-13,1.2536593525237585e-13
120,ensemble,0.38987428056025314,0.7041912046901261,0.18837637034687196,0.33414634146341465,,
120,raw,0.14976793320164802,0.697522597038233,0.16000151284079353,0.28292682926829266,,
120,smoothed,0.15790260336898884,0.7410994799041859,0.15089197467972898,0.25609756097560976,,
120,prediction_magnitude,0.5390374847323625,0.8069551235392983,0.11223174658578036,0.1048780487804878,,
120,boundary_distance,0.48740637741179554,0.7903881529319905,0.14895149117981332,0.287862950058072,,
120,jacobi1,0.07686253530597525,0.6187525640855974,0.15243088910255156,0.24390243902439024,0.9631446079799133,0.5785199936801875
120,jacobi5,0.1802251820074503,0.6767895663221418,0.16378747243363706,0.28780487804878047,0.9270553583199903,0.35711224713541123
120,jacobi10,0.2293838625709221,0.7064065746463216,0.17416478118573414,0.3121951219512195,0.9040387236155454,0.3089100152372417
120,jacobi20,0.28365873315293244,0.745256276219843,0.1889902329129863,0.3853658536585366,0.8686367708217397,0.2676148577926555
120,jacobi40,0.3631897861432715,0.7887451530510964,0.2042899281830174,0.4317073170731707,0.8138269326995281,0.22310363081236054
120,jacobi80,0.45265794653222763,0.8284166854148194,0.22215065909044412,0.5024390243902439,0.7369188268350783,0.17291667966539753
120,cg5,0.1581118947888364,0.7041984833847253,0.1768719218325201,0.33902439024390246,0.9452321750320556,0.38603984126982144
120,pcg5,0.23529170488116247,0.706979606421132,0.1753422909654824,0.32195121951219513,0.9034246707724547,0.3117193725012064
120,poisson_pcg5,0.9870063514503711,0.9980929820150073,0.28906990668775234,0.926829268292683,0.08283570904128916,0.046549773348244394
120,cg10,0.2088502409671577,0.7200230271429139,0.1755434435586562,0.32195121951219513,0.9021005741424365,0.2818590529828441
120,pcg10,0.3615457600810832,0.7874799835898522,0.20475526134515984,0.43414634146341463,0.7994622171723079,0.2249729488666604
120,poisson_pcg10,0.9999931043126237,1.0,0.29012855902521706,1.0,0.0015946175515696112,0.001012478391766464
120,cg20,0.3024226502562404,0.7797063377578974,0.20331255897295555,0.4219512195121951,0.8059050345809203,0.19788274293293276
120,pcg20,0.5439875358158744,0.8641841906753305,0.232771473374582,0.5463414634146342,0.6386833995833533,0.1250339095476367
120,poisson_pcg20,0.999999999476131,1.0,0.29012855902521706,1.0,5.699932808983405e-07,3.3338612796857125e-07
120,cg40,0.5003967280736106,0.9403233063801066,0.24262673917583688,0.5951219512195122,0.6284311333144295,0.11591837333221715
120,pcg40,0.6821793758747914,0.9405046120455779,0.25557607323978826,0.6048780487804878,0.47534249995806405,0.07259800567756929
120,poisson_pcg40,1.0,1.0,0.29012855902521706,1.0,1.3702033369448809e-12,1.7924125139781315e-13
120,cg80,0.7408245053726885,0.9752947871312679,0.26902756101290254,0.6902439024390243,0.4026608877138696,0.05565743801385583
120,pcg80,0.9559096545476633,0.9959960562709262,0.28778499334523505,0.9048780487804878,0.15055187647348486,0.025073395364264242
120,poisson_pcg80,1.0,1.0,0.29012855902521706,1.0,1.3718287269837371e-12,1.7887493113717256e-13
120,poisson,0.6571177639933647,0.8931924354512129,0.23367080143595428,0.5756097560975609,2.390471277328818,6.509366935086759
120,amg,0.9926492377692379,0.9974412079986237,0.2888027062666817,0.9195121951219513,0.15495701834057038,0.07441306551943136
120,oracle,1.0,1.0,0.29012855902521706,1.0,1.397940721708663e-12,1.8237788425974224e-13
121,ensemble,0.18030550107551002,0.6309953284014663,0.13749464285136692,0.1926829268292683,,
121,raw,0.18066800880502218,0.6835488268067705,0.16113726038243115,0.3024390243902439,,
121,smoothed,0.16653004739938587,0.73677328851422,0.16905253892318597,0.3195121951219512,,
121,prediction_magnitude,0.09137247092820532,0.4774731019149584,0.08865127599976924,0.014634146341463415,,
121,boundary_distance,0.1100330819063943,0.5133107473234255,0.07558988808532466,0.010046457607433217,,
121,jacobi1,0.16888258006282628,0.6604144885724494,0.16170079981421534,0.2707317073170732,0.9116537654327999,0.5818541526618682
121,jacobi5,0.2880545313800592,0.7165444728240011,0.1931260377723549,0.35365853658536583,0.8187072813555814,0.3179498873536273
121,jacobi10,0.3564550821325977,0.7642086735571643,0.2081683445339918,0.4073170731707317,0.7622917802428846,0.24538057149014633
121,jacobi20,0.43329463792578954,0.8352315286582057,0.230794311053501,0.4975609756097561,0.6884854595497132,0.18649322861378198
121,jacobi40,0.5239843048364813,0.9019963474187103,0.2518820168192064,0.573170731707317,0.5961120079307516,0.13660860348986636
121,jacobi80,0.6469218389508293,0.9503057051731668,0.26902009170514674,0.6682926829268293,0.48943712198454364,0.09741432571749288
121,cg5,0.22143693290135236,0.6979857866945463,0.18128795963199304,0.3439024390243902,0.8541368447009765,0.32873215660560867
121,pcg5,0.35353761509890425,0.7597792570437912,0.20968273637831922,0.4170731707317073,0.7590029603011742,0.24286923376995917
121,poisson_pcg5,0.9884271812130134,0.998741447533846,0.2934560307304802,0.9512195121951219,0.07780379122687275,0.042503968060131
121,cg10,0.32535878948211905,0.7670321453621481,0.20801812920316454,0.40487804878048783,0.7609418424986846,0.2040882728617579
121,pcg10,0.5012059657738375,0.8904662334740547,0.2463521321257065,0.5560975609756098,0.6026154544805071,0.14222353622312084
121,poisson_pcg10,0.9999947152097355,1.0,0.2942513944800314,1.0,0.001306371503868246,0.000490742501298025
121,cg20,0.4836179707330187,0.8937343673490994,0.24993057831108875,0.5780487804878048,0.6137384343772935,0.12471365420944465
121,pcg20,0.734453632209946,0.9698582639651682,0.2781259899639934,0.7292682926829268,0.4048958264533882,0.07673972276609356
121,poisson_pcg20,0.999999999301508,1.0,0.2942513944800314,1.0,7.305520365746429e-07,2.3837061976215242e-07
121,cg40,0.7082092495522387,0.9807167529081693,0.28541371868593096,0.8219512195121951,0.38917187461011,0.05908012878088586
121,pcg40,0.9115508058124703,0.9969383163717692,0.2924882412589332,0.9170731707317074,0.18785541035341122,0.020865024551315756
121,poisson_pcg40,1.0,1.0,0.2942513944800314,1.0,8.96329042870022e-13,8.149959386499194e-14
121,cg80,0.9158042492801064,0.9980790863253179,0.2929554700617245,0.9341463414634147,0.18279383649356656,0.020603773642710915
121,pcg80,0.9924113942676496,0.9991927265989968,0.29371234647876293,0.948780487804878,0.0596808231765494,0.005783791709442305
121,poisson_pcg80,1.0,1.0,0.2942513944800314,1.0,8.964245188181459e-13,8.036550733947281e-14
121,poisson,0.48869840547134913,0.8792623373873456,0.212475392025398,0.47804878048780486,3.901117427285693,6.985739086276762
121,amg,0.9617181763634675,0.9975530352156479,0.29228748538809646,0.926829268292683,0.1434994156453165,0.0665856816319587
121,oracle,1.0,1.0,0.2942513944800314,1.0,9.018531198310709e-13,8.109482724550833e-14
122,ensemble,0.3444532095873779,0.7078391540833476,0.1454867323136791,0.24146341463414633,,
122,raw,0.12794424162798698,0.7279058533938568,0.16975271364084446,0.3463414634146341,,
122,smoothed,0.1920652577929911,0.8229120071992907,0.17209979266397907,0.3829268292682927,,
122,prediction_magnitude,0.5184833180349622,0.7054921059248574,0.09116113563098036,0.0024390243902439024,,
122,boundary_distance,0.48647435650865334,0.6814618265553247,0.1026415710116499,0.051974448315911734,,
122,jacobi1,0.0495236269030833,0.667130738588992,0.14232102672954353,0.2707317073170732,0.9758533057242514,0.5377033710856853
122,jacobi5,0.14678845806695645,0.702231250744412,0.16277662122191253,0.35853658536585364,0.9480798417511196,0.2968985742239292
122,jacobi10,0.18469898694496154,0.7313063271707052,0.17567615690512306,0.3853658536585366,0.9292536296272141,0.2451122400623427
122,jacobi20,0.22995543820285058,0.7548555509971812,0.189013367076007,0.4268292682926829,0.9021910680313827,0.20439251727443253
122,jacobi40,0.288685535931377,0.7923494302767228,0.20147433367937304,0.47560975609756095,0.8636290901433552,0.16857661734279303
122,jacobi80,0.3646302339260792,0.845812103807419,0.215711487556762,0.5560975609756098,0.8121252707019457,0.13629967096011555
122,cg5,0.11931927340238684,0.7114520334025912,0.1612381252414855,0.34146341463414637,0.9636421460719591,0.3219423133365229
122,pcg5,0.1981145145179042,0.7340312057488453,0.17735757008793715,0.3902439024390244,0.9295541781366026,0.24776529337736844
122,poisson_pcg5,0.9976802597884431,0.9997478924870637,0.2813442461762052,0.975609756097561,0.06148320279122453,0.04379238019808374
122,cg10,0.17045182243121476,0.7104177970699945,0.16240308600616135,0.3170731707317073,0.9421101693492936,0.22980249637747052
122,pcg10,0.28960645324300327,0.7837552770535844,0.20238574112774635,0.47804878048780486,0.8637710077988888,0.17452759359871997
122,poisson_pcg10,0.9999985029570798,1.0,0.28147629596129353,1.0,0.0007894007745646609,0.0006745096859833837
122,cg20,0.2486265045936185,0.7695300610086947,0.19273109318999182,0.45121951219512196,0.8937926858124625,0.1641037969214329
122,pcg20,0.4715366415827024,0.8889463097018382,0.2308816292706862,0.6048780487804878,0.7443058572702799,0.11230030680815677
122,poisson_pcg20,1.0,1.0,0.28147629596129353,1.0,1.3411912538034235e-07,2.1877952443395501e-07
122,cg40,0.37939498378548675,0.9343322790254489,0.22717181212199286,0.6585365853658537,0.7950188663917399,0.11240299026475885
122,pcg40,0.6099846610813573,0.9574705874568241,0.25239940380140835,0.7268292682926829,0.6432121020104541,0.08042238517835688
122,poisson_pcg40,1.0,1.0,0.28147629596129353,1.0,1.876952636069985e-12,2.26152710189056e-13
122,cg80,0.6166354728882856,0.9809112925638209,0.26386703377660736,0.7780487804878049,0.5803753847892127,0.07104805975793033
122,pcg80,0.9649775173245568,0.9995024019692177,0.281222654275034,0.9707317073170731,0.12765045044319337,0.020914193084721453
122,poisson_pcg80,1.0,1.0,0.28147629596129353,1.0,1.879668170105342e-12,2.2614180643770628e-13
122,poisson,0.47081499739518384,0.7808828394849331,0.15520979494608617,0.2804878048780488,2.7198676957287136,6.43702549874817
122,amg,0.9908052125005367,0.998429125365589,0.2802146954633406,0.9292682926829269,0.16096583498513337,0.06478217818393756
122,oracle,1.0,1.0,0.28147629596129353,1.0,1.8158300067463487e-12,2.18421768171282e-13
123,ensemble,0.08287642930316876,0.6684825906859178,0.13682364548784134,0.25121951219512195,,
123,raw,0.17881832854531057,0.6726149041197411,0.1305425733263829,0.21951219512195122,,
123,smoothed,0.19211283155737557,0.7072654606090282,0.12182157655500181,0.18048780487804877,,
123,prediction_magnitude,0.2308259582709161,0.5912847557667112,0.11883508017572104,0.07560975609756097,,
123,boundary_distance,0.29674042190523836,0.7018104098566759,0.08920881443715015,0.06202090592334494,,
123,jacobi1,0.1198567842793038,0.5920179188227043,0.12579673959642,0.15365853658536585,0.944893352398976,0.5827360584708878
123,jacobi5,0.24033499957894908,0.6622017389463097,0.14873065810113328,0.21707317073170732,0.8782456138827324,0.3333865125523469
123,jacobi10,0.2971159432343397,0.7052823471804984,0.1648264620726168,0.2780487804878049,0.8371973527802173,0.27058716822810536
123,jacobi20,0.3466863104262612,0.7404867461588344,0.18315177107245276,0.35121951219512193,0.7827793990771195,0.21879471556949837
123,jacobi40,0.42610569061549775,0.7909744186969814,0.2023297214383925,0.4268292682926829,0.7098419705061082,0.1724173747033141
123,jacobi80,0.5378968902983712,0.8515576406442307,0.22043103855064616,0.4975609756097561,0.6160239736418734,0.13287662316329094
123,cg5,0.2218335244197823,0.6987738708097878,0.1552594091547421,0.2804878048780488,0.8906170593428928,0.35159729723447725
123,pcg5,0.3061885189111952,0.7055397482895067,0.168147551006556,0.28780487804878047,0.8292676769634618,0.26819160669962355
123,poisson_pcg5,0.9921663294068026,0.999301907017985,0.27415035743394495,0.948780487804878,0.06666946726022377,0.03965981000178507
123,cg10,0.28886436803715265,0.7458054868123288,0.17330479758590725,0.34146341463414637,0.8226532730093579,0.23947116828326434
123,pcg10,0.4098539028602185,0.7847392242234956,0.1985171774592972,0.4073170731707317,0.7054307920617009,0.17630641420000887
123,poisson_pcg10,0.9999967581241324,1.0,0.27477820925481006,1.0,0.001159550701052254,0.0007083658822212233
123,cg20,0.4479191133094237,0.8651370379683179,0.20889553297363617,0.47560975609756095,0.6955263991331918,0.1529683709664819
123,pcg20,0.632008309078898,0.9075413893042892,0.23669893919514964,0.5756097560975609,0.5048811221929966,0.10708766280937068
123,poisson_pcg20,0.9999999998253771,1.0,0.27477820925481006,1.0,5.473600246054942e-07,3.136417794886642e-07
123,cg40,0.679649751747571,0.9603053081534614,0.25251705140951,0.6902439024390243,0.46732380583816613,0.08224927507635037
123,pcg40,0.8753728274245384,0.975891640088403,0.2590983516653018,0.7219512195121951,0.28690223544902027,0.04105975946948246
123,poisson_pcg40,1.0,1.0,0.27477820925481006,1.0,1.5369929352754086e-12,1.5475550667550245e-13
123,cg80,0.9125549184074763,0.9944549581144211,0.2714991024504604,0.8926829268292683,0.20351471645218014,0.03061473308483173
123,pcg80,0.9680911046642164,0.9955242645209957,0.27143023446699616,0.8634146341463415,0.1300077798552208,0.015558075680742054
123,poisson_pcg80,1.0,1.0,0.27477820925481006,1.0,1.5321734515734527e-12,1.5317924400190394e-13
123,poisson,0.5368637324862917,0.8766287733414502,0.19328421246473207,0.45121951219512196,4.05889086306473,7.096956981175631
123,amg,0.9837256874502114,0.9977416195757183,0.27289831552179183,0.9170731707317074,0.16050052601588496,0.07421622969234329
123,oracle,1.0,1.0,0.27477820925481006,1.0,1.5150988449928874e-12,1.5127212324297726e-13
124,ensemble,0.23297022524997074,0.6089580879530987,0.13539463672159957,0.18048780487804877,,
124,raw,-0.004258426160122524,0.5970296309040138,0.12172771815503163,0.16341463414634147,,
124,smoothed,-0.013083099352492354,0.5902789725130024,0.13199686849459552,0.2121951219512195,,
124,prediction_magnitude,0.4468261184840198,0.7264898164445562,0.15798660730947195,0.2975609756097561,,
124,boundary_distance,0.4367990148511857,0.7371345764461443,0.14183236625269788,0.24837398373983743,,
124,jacobi1,-0.0013621613263881999,0.5973882720379021,0.11972657234160887,0.17317073170731706,0.9511245568944166,0.5358940456083026
124,jacobi5,0.10241783293172839,0.6696127734473221,0.13756398455451987,0.25121951219512195,0.8970643061417973,0.2906768504753239
124,jacobi10,0.14733599335141814,0.7162460463454337,0.147774502175938,0.3073170731707317,0.8624864834110413,0.23496505757212377
124,jacobi20,0.21940731936327035,0.7826442835779416,0.16318656224631492,0.3853658536585366,0.8139843537011431,0.18721181196630748
124,jacobi40,0.3281240764189893,0.8698999510342363,0.18324937515416556,0.4658536585365854,0.7465842726884004,0.1374364345866982
124,jacobi80,0.4577266775136883,0.9340285589508093,0.20386237154650816,0.5585365853658537,0.6598390581481903,0.08808011224776514
124,cg5,0.019917174672893414,0.6215541998067837,0.1276118283417876,0.2,0.9205620984163959,0.33940132103797727
124,pcg5,0.1426840088742567,0.7053213874515305,0.1473859342652663,0.3048780487804878,0.8638065003920685,0.2380363093752902
124,poisson_pcg5,0.9966799791203986,0.9988294535685455,0.2465819623051126,0.948780487804878,0.054993025386179284,0.045516990758398795
124,cg10,0.10790377770861775,0.6843283088283949,0.1449098519725093,0.2780487804878049,0.8743247113327296,0.2257610656941887
124,pcg10,0.31713320202801837,0.8605435199767082,0.1818247310741922,0.45365853658536587,0.7405375246835882,0.1415626047012696
124,poisson_pcg10,0.999999186256852,1.0,0.24711493549351995,1.0,0.0005122171191549843,0.0005974473453721292
124,cg20,0.20266218568000932,0.7866323465187989,0.16697936440132216,0.3951219512195122,0.8013493443429521,0.12925895372155874
124,pcg20,0.529262290217715,0.9540059288276008,0.21474211162425977,0.6,0.5928546434623534,0.05776185422433305
124,poisson_pcg20,1.0,1.0,0.24711493549351995,1.0,6.723020462007836e-08,9.19995189061835e-08
124,cg40,0.3386946922880228,0.9032145362148142,0.1847631958189976,0.4951219512195122,0.7178769337143238,0.07487274542628197
124,pcg40,0.7864851737604952,0.9735631195161654,0.23302425992802367,0.7195121951219512,0.39602220669765914,0.03569926912146925
124,poisson_pcg40,1.0,1.0,0.24711493549351995,1.0,1.6668580290940334e-12,1.5528655768487464e-13
124,cg80,0.5797189937806834,0.9444086391487897,0.20966837047943243,0.551219512195122,0.5615664310575325,0.04799141787602371
124,pcg80,0.9829813764996902,0.9967662744994243,0.24597723972524543,0.9048780487804878,0.1011891738891496,0.012465377960858125
124,poisson_pcg80,1.0,1.0,0.24711493549351995,1.0,1.6668580290940334e-12,1.5528655768487464e-13
124,poisson,0.6191299808554527,0.840267723621349,0.19027120734465172,0.40487804878048783,3.1535312300453024,6.014525060487469
124,amg,0.9939882514209004,0.9980076227783439,0.24614680504623462,0.9243902439024391,0.11756792661068968,0.06334456841277297
124,oracle,1.0,1.0,0.24711493549351995,1.0,1.6782106620475738e-12,1.5639136992177627e-13
125,ensemble,0.18466881401259835,0.6548112171300768,0.1523075037657777,0.24390243902439024,,
125,raw,0.17756073129259684,0.7594014266241415,0.21448014563090417,0.47804878048780486,,
125,smoothed,0.22917437417633824,0.8527553167555549,0.2579437669764647,0.6390243902439025,,
125,prediction_magnitude,0.49986522527539595,0.9628488810661302,0.2881260991010038,0.748780487804878,,
125,boundary_distance,0.4497584046303368,0.9688246893320805,0.2823354873126041,0.7156213704994193,,
125,jacobi1,0.0890390565139238,0.6103013379564073,0.15025711247691756,0.24146341463414633,0.9737914024420199,0.559889362396378
125,jacobi5,0.16352383416660632,0.6344580019321626,0.16620851806015952,0.25365853658536586,0.9500383706797692,0.32905882145157017
125,jacobi10,0.1836239044223259,0.6157649908023768,0.1644515887704247,0.23170731707317074,0.9386161010237402,0.27368113108541786
125,jacobi20,0.19525945005855042,0.5944099625478078,0.15960561045322003,0.2048780487804878,0.9242997560191102,0.2315788260260227
125,jacobi40,0.21643681565947478,0.5914468721464209,0.15297962059995676,0.18048780487804877,0.9079187823139189,0.19417303904739275
125,jacobi80,0.23939589493334038,0.6077915117186983,0.1501334236604338,0.18048780487804877,0.893634661894046,0.1600829630783302
125,cg5,0.14677732253330633,0.6825959795137831,0.18249093476944986,0.32682926829268294,0.9617283977736714,0.4078503350166837
125,pcg5,0.19216545768882085,0.6150761616134881,0.16160232651836795,0.21951219512195122,0.9395456390459047,0.27098436961703964
125,poisson_pcg5,0.9996431104160465,0.9999153024628455,0.3115022510023718,0.9829268292682927,0.026889477496689886,0.035092242343792227
125,cg10,0.1867510150904441,0.6736689914376084,0.18251851713020642,0.2951219512195122,0.9364416188244895,0.28472125288158057
125,pcg10,0.22080149362450055,0.5874786601908342,0.15206990504450568,0.16829268292682928,0.9091428210408754,0.1952485382151527
125,poisson_pcg10,0.9999999311985407,1.0,0.3115940398466986,1.0,0.00014840698478923173,0.000270296659297574
125,cg20,0.24725987815729547,0.6916500138956897,0.1895828495450796,0.3,0.8871258091774391,0.20495162286203586
125,pcg20,0.2545569570890118,0.6085147492820561,0.14139346557077836,0.18536585365853658,0.8936493297477448,0.13528472356911825
125,poisson_pcg20,1.0,1.0,0.3115940398466986,1.0,2.3114715816516766e-08,4.384643664980443e-08
125,cg40,0.31981683612640716,0.8200891970938158,0.21787212205791057,0.44146341463414634,0.7847606794469897,0.12262400525991927
125,pcg40,0.29047030585594436,0.8743445866363168,0.21957689677937517,0.5463414634146342,0.7477292801834632,0.10558303283856071
125,poisson_pcg40,1.0,1.0,0.3115940398466986,1.0,3.4826453368544797e-12,4.903371254059645e-13
125,cg80,0.44287320048910084,0.9699826634728637,0.26762319562341813,0.7195121951219512,0.6178255245032306,0.08510377360196876
125,pcg80,0.9976192367357493,0.9999900745073648,0.311580462563307,0.9951219512195122,0.026223841225177815,0.007340536660937068
125,poisson_pcg80,1.0,1.0,0.3115940398466986,1.0,3.4826453368544797e-12,4.903371254059645e-13
125,poisson,0.5408694723650312,0.8412113071212101,0.24641013359129071,0.5439024390243903,1.4513879237236178,5.760650824744291
125,amg,0.9808654017633626,0.9963990312719188,0.30774584185148834,0.8829268292682927,0.22074782550959263,0.0762358015070783
125,oracle,1.0,1.0,0.3115940398466986,1.0,3.4051282959911894e-12,4.793875545666074e-13
126,ensemble,0.1354003252723448,0.5191184839140849,0.10641672758105743,0.08780487804878048,,
126,raw,0.2005808982296637,0.7122143112369811,0.16897390235526888,0.2634146341463415,,
126,smoothed,0.2360784300104897,0.7639790638275347,0.18058839784340672,0.2951219512195122,,
126,prediction_magnitude,0.35825883567199623,0.6699469316993767,0.08357340553922561,0.05121951219512195,,
126,boundary_distance,0.29738430310974096,0.6494143959345182,0.14120226179139303,0.19843205574912892,,
126,jacobi1,0.12931690093947731,0.649337638791472,0.15424557692089086,0.22926829268292684,0.9733265980942546,0.6660073485688878
126,jacobi5,0.23011717070126805,0.6593471672644019,0.170716561310891,0.25609756097560976,0.9359309605382184,0.4308183879374668
126,jacobi10,0.27309429527077356,0.669923772216561,0.17935613273594578,0.26097560975609757,0.9105625950855468,0.37053026611407336
126,jacobi20,0.33972414198084283,0.6978871934677024,0.18970716526614775,0.28536585365853656,0.8756541896503351,0.32401031241269307
126,jacobi40,0.42847407380802627,0.7387080978785914,0.21946591909777188,0.35853658536585364,0.8228724657825078,0.2835149613228699
126,jacobi80,0.5539068189217117,0.798187605044797,0.2580183416422523,0.47560975609756095,0.7359767560191272,0.239357677204142
126,cg5,0.21964196935955999,0.696752378809735,0.17620622879174463,0.2707317073170732,0.9344164841600942,0.4292656920702421
126,pcg5,0.2786363128877469,0.6684819289864087,0.18059895661599917,0.25853658536585367,0.9046683856648425,0.36736034048591526
126,poisson_pcg5,0.9882938001545176,0.9994699786932758,0.3637548312877154,0.9536585365853658,0.06709086910323768,0.043950579816690684
126,cg10,0.2977350748191073,0.7364397919616744,0.20991000303660662,0.34146341463414637,0.8714983213687972,0.337084235789262
126,pcg10,0.41158404914092195,0.7323683548826807,0.21704854257438352,0.35853658536585364,0.8268590399937237,0.288938884076127
126,poisson_pcg10,0.9999905116850443,1.0,0.3647130290143882,1.0,0.001301226274387588,0.0007818727873272855
126,cg20,0.5038898307238232,0.8508800603469953,0.2916378958230049,0.5707317073170731,0.6848553363254932,0.22409733339422255
126,pcg20,0.714707517697272,0.8901810409856676,0.3126292813924673,0.6146341463414634,0.5445312156567521,0.1688655511919014
126,poisson_pcg20,0.9999999989522621,1.0,0.3647130290143882,1.0,9.014897056241485e-07,4.2264839204388206e-07
126,cg40,0.7060226937736872,0.963050037716872,0.34242148990208554,0.7365853658536585,0.415968197560464,0.10807145669553518
126,pcg40,0.8804607449327482,0.9806459510607043,0.35194336912570695,0.8097560975609757,0.26454172304905826,0.061256311910840335
126,poisson_pcg40,1.0,1.0,0.3647130290143882,1.0,7.967960459742116e-13,1.2084247036450386e-13
126,cg80,0.8842808376941584,0.9920821036750791,0.3566104941431375,0.8439024390243902,0.22232218376264407,0.03678495331694313
126,pcg80,0.9876915996659197,0.9995718804176648,0.36426546483954825,0.9609756097560975,0.058199155128343345,0.012601457558804721
126,poisson_pcg80,1.0,1.0,0.3647130290143882,1.0,8.099561388290897e-13,1.1398758659404298e-13
126,poisson,0.33681972592041126,0.7492926432248588,0.21056005093057686,0.34146341463414637,3.0929761184096627,6.7291393147068
126,amg,0.947589478183749,0.9962375765917182,0.3608186313975708,0.8975609756097561,0.22673194981182856,0.10166769620073188
126,oracle,1.0,1.0,0.3647130290143882,1.0,8.040152528386735e-13,1.1337310954003179e-13
127,ensemble,0.4705486728834129,0.8267822876275426,0.19455224259563966,0.4121951219512195,,
127,raw,0.17194332404003732,0.6661289255323373,0.14281293367084796,0.2121951219512195,,
127,smoothed,0.22316415389767463,0.705095086219446,0.15236928288610918,0.2707317073170732,,
127,prediction_magnitude,0.6542461765317761,0.8613984357423606,0.19552041123137914,0.3780487804878049,,
127,boundary_distance,0.5822996833251189,0.85107923189921,0.1862724505525752,0.370267131242741,,
127,jacobi1,0.11807760752920701,0.632028903034554,0.14529410251161906,0.22926829268292684,0.9811275654142065,0.612049472851097
127,jacobi5,0.17877350858552807,0.6101769384487117,0.15085730676923495,0.2121951219512195,0.9616250271824824,0.38577201601192934
127,jacobi10,0.1964696101020603,0.6203102047298281,0.15627092664611164,0.21951219512195122,0.9486588884605345,0.32584186845533386
127,jacobi20,0.21816991341800843,0.6400526712809179,0.15947426190906347,0.23902439024390243,0.9286231565325619,0.27746182024034705
127,jacobi40,0.2646361250073761,0.6959365033151146,0.16742173685908596,0.28780487804878047,0.8964129004778814,0.23829178193211265
127,jacobi80,0.3526214613279081,0.7890025541601048,0.18644443757638116,0.3902439024390244,0.8453884046325613,0.20606350685632785
127,cg5,0.1613863771350385,0.6316517343144131,0.1441511104982896,0.18536585365853658,0.9707835203829639,0.3843083619533809
127,pcg5,0.19734714879208945,0.6196597541124624,0.15543561771313352,0.22195121951219512,0.9457946972166793,0.32154568642520504
127,poisson_pcg5,0.9983139900300609,0.9996585630533462,0.280847158522237,0.9658536585365853,0.03542830440790647,0.04178649647392463
127,cg10,0.18766701274848435,0.6217864563344494,0.1425337260838526,0.1975609756097561,0.9496303349027929,0.28148976511965246
127,pcg10,0.25296698627284464,0.6765004036367005,0.1629249715090632,0.2780487804878049,0.8980592591921732,0.24259023639702795
127,poisson_pcg10,0.9999990009818562,1.0,0.2811610261657456,1.0,0.0006573216895114188,0.0009499004123109288
127,cg20,0.236111250402052,0.6932870584810026,0.15926279139830352,0.29024390243902437,0.9043421375742499,0.21940058416450733
127,pcg20,0.44520794238737627,0.8692025197517304,0.21304840419834956,0.5219512195121951,0.7599805615898063,0.18155247517812784
127,poisson_pcg20,0.9999999998253771,1.0,0.2811610261657456,1.0,3.7084252727879826e-07,3.0140117250673805e-07
127,cg40,0.41698441066500014,0.9114262271217395,0.2302456707017752,0.5975609756097561,0.7561331482571613,0.16456482183137675
127,pcg40,0.7799989064060432,0.9917102285510104,0.2756363220568405,0.8536585365853658,0.4071143490214277,0.09552392282041791
127,poisson_pcg40,1.0,1.0,0.2811610261657456,1.0,4.1577945212882954e-13,9.449694825081274e-14
127,cg80,0.769086084825927,0.9933982239985177,0.27690961276612247,0.8560975609756097,0.389013907412669,0.08319317101009865
127,pcg80,0.9817966801556643,0.9997134841125948,0.2809741301832448,0.9804878048780488,0.09707060921565942,0.03166522005361102
127,poisson_pcg80,1.0,1.0,0.2811610261657456,1.0,4.1876332201987624e-13,8.970079108996806e-14
127,poisson,0.8021567553170326,0.9586841443563648,0.22905124054298298,0.6341463414634146,2.070735352349884,6.8714529846004755
127,amg,0.9885726570092608,0.9990332570173233,0.28016932878265427,0.9463414634146341,0.13807347740794051,0.0836446610450164
127,oracle,1.0,1.0,0.2811610261657456,1.0,4.416595206106784e-13,9.450842214134228e-14
128,ensemble,0.30110783865293644,0.6789917022881569,0.16156360695593658,0.25365853658536586,,
128,raw,0.09533265812908312,0.7079423792067546,0.17928757640275703,0.3121951219512195,,
128,smoothed,0.10933833982344135,0.7875302727525376,0.1970698666848011,0.33414634146341465,,
128,prediction_magnitude,0.36722482077534174,0.6259095059751466,0.10188184655193415,0.10975609756097561,,
128,boundary_distance,0.37312100842850876,0.5984900017204188,0.10193572565198802,0.12740998838559814,,
128,jacobi1,0.018487630175154965,0.6371193573574369,0.13913360238298436,0.22439024390243903,0.9729957937379762,0.6350665185661227
128,jacobi5,0.15960284755759152,0.6794906237179572,0.15300389971234973,0.25609756097560976,0.9329140928943797,0.43628071608824504
128,jacobi10,0.20181955796801648,0.7063781215674338,0.1728399964192303,0.33414634146341465,0.9005949846771947,0.37925443017651933
128,jacobi20,0.27235089847162136,0.776483199449466,0.19797601564623787,0.4195121951219512,0.8501839956940692,0.32221475433622115
128,jacobi40,0.37552774176818826,0.8576882865952914,0.23785663046275984,0.5341463414634147,0.7724559817135817,0.26183909712822384
128,jacobi80,0.5266433703528491,0.9352632902346386,0.2639444203322949,0.6268292682926829,0.6604825930859913,0.19711253494307124
128,cg5,0.11977416787114623,0.7150867488056324,0.17688011881964782,0.33902439024390246,0.9264305942511445,0.42044869685732056
128,pcg5,0.20728929371481278,0.7088350118444212,0.18025894470862613,0.35609756097560974,0.8911052046714166,0.3746519484342621
128,poisson_pcg5,0.9855672879040301,0.9991510395299287,0.31310945932435186,0.9512195121951219,0.08495327864909072,0.04125785720235515
128,cg10,0.21287612256041902,0.756177626616201,0.20500565670040596,0.4268292682926829,0.8613936750312655,0.30301135388555733
128,pcg10,0.3834628230930499,0.8700058229556794,0.23931544797048146,0.5439024390243903,0.7488748478599615,0.25872751595845034
128,poisson_pcg10,0.9999902226839906,0.999999338300491,0.31358373727130257,0.9975609756097561,0.0017365466233608695,0.0009532940295617076
128,cg20,0.3309982647154377,0.8615426862353268,0.25080096866587526,0.5536585365853659,0.7297083548515629,0.19342226669898543
128,pcg20,0.6517556946723391,0.9647420033614335,0.284735671544585,0.7146341463414634,0.48424207562057137,0.12530069108367844
128,poisson_pcg20,1.0,1.0,0.31358458949614043,1.0,1.7498997558989508e-07,2.1493414306904377e-07
128,cg40,0.5316169344223886,0.9659403411722669,0.28301528210710064,0.6804878048780488,0.5406044606377791,0.10317862820283365
128,pcg40,0.8433813953086822,0.9849397191747283,0.3027344991466411,0.8048780487804879,0.2850835442103627,0.05779358557722405
128,poisson_pcg40,1.0,1.0,0.31358458949614043,1.0,1.7013671131259829e-12,1.8159930008306592e-13
128,cg80,0.7225307063706826,0.9844566785331446,0.2985423939107562,0.7585365853658537,0.3660315007893284,0.04402532015987706
128,pcg80,0.9803825061484058,0.9980592353400474,0.3119376591223331,0.9170731707317074,0.09876446065629704,0.011957385500681424
128,poisson_pcg80,1.0,1.0,0.31358458949614043,1.0,1.7015258866675422e-12,1.816089285601767e-13
128,poisson,0.34076316817323005,0.7620998372219208,0.1519009801226474,0.2073170731707317,4.631033409767673,6.4282928023122645
128,amg,0.9586832111056202,0.9944231965379882,0.3092633447131178,0.8634146341463415,0.18310483932712485,0.08505272233807082
128,oracle,1.0,1.0,0.31358458949614043,1.0,1.7078969385774133e-12,1.823746787767126e-13
129,ensemble,0.06934628164224516,0.5343091195426333,0.11692136400107618,0.14390243902439023,,
129,raw,0.09210659611953624,0.5244888371292828,0.11760587047748029,0.13170731707317074,,
129,smoothed,0.051114409192299655,0.5244160501832907,0.12284845406458743,0.15365853658536585,,
129,prediction_magnitude,0.27255651582369306,0.6701368394584651,0.12820514884185863,0.13170731707317074,,
129,boundary_distance,0.0934182667536146,0.48035811177428106,0.08674886816760181,0.026422764227642274,,
129,jacobi1,0.18120934968804792,0.5888887418445535,0.142154202719482,0.2073170731707317,0.9113380854703901,0.5399051752395456
129,jacobi5,0.3114297412629271,0.6597177189894525,0.1746034233698273,0.2951219512195122,0.819633863293261,0.28580455498320034
129,jacobi10,0.39594756156731764,0.70942260100843,0.18565870868948342,0.33170731707317075,0.7604014560241928,0.22363036338399161
129,jacobi20,0.5086126599239281,0.7700303058375131,0.2063874302328202,0.4073170731707317,0.6808568308301627,0.16951675051679246
129,jacobi40,0.6255392841734124,0.838276008099202,0.22541265473030303,0.4926829268292683,0.5804936860678265,0.11962313691156257
129,jacobi80,0.7284438879535616,0.9136270396887366,0.24603482618766698,0.6,0.4664930711383581,0.07711948031533908
129,cg5,0.20738720500169427,0.5827322896126411,0.14880234206724396,0.1975609756097561,0.8649086775616066,0.3174650479717416
129,pcg5,0.38404799731594685,0.6963163188332915,0.18548781816702176,0.33170731707317075,0.7611735068753015,0.22195835799974828
129,poisson_pcg5,0.973143655079132,0.9975305374323412,0.27306601963807203,0.9146341463414634,0.11504763747633895,0.04247917251006557
129,cg10,0.33083242194100754,0.6507291928589389,0.1820331586191697,0.3097560975609756,0.7912499885441213,0.20015613315243286
129,pcg10,0.6014278127615155,0.8134635999100088,0.22281632862471726,0.47317073170731705,0.5867098041002908,0.1202264621440472
129,poisson_pcg10,0.9999828799617517,0.999998676600982,0.2747994519293742,0.9975609756097561,0.002297664915607667,0.0005680618000323227
129,cg20,0.4925005022855775,0.7510587192144303,0.21313372697011407,0.424390243902439,0.6632940995964899,0.12113588277452245
129,pcg20,0.772048085961563,0.9444132710453529,0.25447627466490036,0.6634146341463415,0.39288638394554515,0.047598402887716364
129,poisson_pcg20,0.9999999998253771,1.0,0.2747997963647301,1.0,3.024984880772345e-07,1.8373053723846675e-07
129,cg40,0.6837441512123921,0.8710486613818933,0.2412091066043537,0.5707317073170731,0.49265787294108,0.058892569992866094
129,pcg40,0.9023654381757491,0.9930667125444993,0.2701594524858722,0.8682926829268293,0.21586740024747017,0.01882942374955278
129,poisson_pcg40,1.0,1.0,0.2747997963647301,1.0,2.1771210149335214e-12,1.8324066688121845e-13
129,cg80,0.8432972291214602,0.9753622804811879,0.2614528738049324,0.748780487804878,0.3087386331026225,0.027430775907360063
129,pcg80,0.9920992954814386,0.9995533528314122,0.27451769748927435,0.9707317073170731,0.05901478113481043,0.006120834739975679
129,poisson_pcg80,1.0,1.0,0.2747997963647301,1.0,2.1724662767665127e-12,1.8206158137201387e-13
129,poisson,0.3718709456033451,0.7571992906581263,0.16199739896201204,0.22926829268292684,3.64424925495898,6.852943542292357
129,amg,0.9841491627023057,0.9989472360811509,0.2740719554203231,0.9463414634146341,0.10474244005021871,0.05468585277083374
129,oracle,1.0,1.0,0.2747997963647301,1.0,2.165094129311349e-12,1.8146569339675134e-13
130,ensemble,0.16342677172209452,0.7203148366263912,0.1789036572088437,0.32682926829268294,,
130,raw,0.2344207994201511,0.6761166179214695,0.17632275260458208,0.2804878048780488,,
130,smoothed,0.2850968818494123,0.7642953561928457,0.20512150405528384,0.3780487804878049,,
130,prediction_magnitude,0.2246091107954114,0.757604912457155,0.1344365498195522,0.17560975609756097,,
130,boundary_distance,0.22378175457111021,0.741697656260339,0.11475785623459239,0.1576074332171893,,
130,jacobi1,0.2812693880416834,0.6854631234863624,0.20210188863510398,0.32195121951219513,0.9143446514350986,0.5764212946085079
130,jacobi5,0.3590967096222466,0.6855703188068234,0.21048709768114607,0.3146341463414634,0.8325795990770338,0.29113043354575396
130,jacobi10,0.404776401962796,0.6944410624247317,0.21427335072232553,0.32195121951219513,0.7936392577026639,0.2204034680089138
130,jacobi20,0.465501461741136,0.7216924950041687,0.22273635430372068,0.33658536585365856,0.7495920648221135,0.16115718846486535
130,jacobi40,0.5367701130833359,0.7528042825192224,0.23729972690488,0.3878048780487805,0.7023201527259557,0.11231707098293749
130,jacobi80,0.6060610469201646,0.7999067003692283,0.25442332672326,0.45365853658536587,0.6504044287743607,0.08271856673668436
130,cg5,0.30156088351495247,0.6919669679605098,0.2093759301827887,0.35121951219512193,0.8569159431082911,0.3133642245069647
130,pcg5,0.402084234038732,0.6958167357039821,0.21146216919768507,0.3073170731707317,0.7909384051370723,0.22270246286040946
130,poisson_pcg5,0.9909780913592297,0.9993866045551394,0.3394911048228113,0.9609756097560975,0.06281644529468004,0.04336618070316337
130,cg10,0.3767242071780835,0.6910730119238252,0.22285153121596432,0.35365853658536583,0.7901455642051157,0.17251931145184943
130,pcg10,0.5220804170594986,0.743650331511454,0.23717359499213297,0.3902439024390244,0.7054869810694624,0.11601807892839591
130,poisson_pcg10,0.999988426686506,1.0,0.339959444974994,1.0,0.0020430994676235003,0.0010193665740548647
130,cg20,0.4754881344793743,0.7307445442875481,0.2315081597546503,0.3804878048780488,0.7209870349291239,0.10210434712237915
130,pcg20,0.6355227555483173,0.8254516099149054,0.26173588300569667,0.48292682926829267,0.6185203957294213,0.07158554677177689
130,poisson_pcg20,0.9999999987776391,1.0,0.339959444974994,1.0,1.385325204827814e-06,5.668746273188224e-07
130,cg40,0.5787431634748936,0.8469376546722602,0.2646839309589546,0.4975609756097561,0.5935928260479546,0.06359778738287492
130,pcg40,0.7868574247545332,0.972608287124651,0.3193652187338062,0.7439024390243902,0.3628735703176422,0.04078668000131899
130,poisson_pcg40,1.0,1.0,0.339959444974994,1.0,1.214788240715304e-12,1.3674852868451607e-13
130,cg80,0.7946921402917215,0.9903127191879624,0.32930589582595216,0.8170731707317073,0.29526596963307405,0.029046290472454397
130,pcg80,0.9646334751034552,0.9993237431017826,0.3390296290889547,0.9560975609756097,0.10284242379015586,0.01118228703006206
130,poisson_pcg80,1.0,1.0,0.339959444974994,1.0,1.1891532513455015e-12,1.1419005969659996e-13
130,poisson,0.2725545254708171,0.6297175866495507,0.16256799941977274,0.17317073170731706,3.753260728302829,6.786384447256779
130,amg,0.9219992610234327,0.976866985164697,0.32390125557277,0.7658536585365854,0.331394432095958,0.07711859839299967
130,oracle,1.0,1.0,0.339959444974994,1.0,1.1818679046100311e-12,1.1357819713847547e-13
131,ensemble,0.1699535110984228,0.5753794846684224,0.12558488961406192,0.17560975609756097,,
131,raw,0.18603741927667972,0.6515298492648518,0.14512643377289192,0.24146341463414633,,
131,smoothed,0.23828125279396792,0.7016191786985694,0.14259764117500848,0.22439024390243903,,
131,prediction_magnitude,0.3386811211128642,0.5648558156769847,0.09806427478296524,0.02926829268292683,,
131,boundary_distance,0.42151613317076086,0.6379696412265262,0.11925643434590613,0.04552845528455285,,
131,jacobi1,0.07841446747167587,0.6071622354856213,0.1474237297122709,0.2634146341463415,0.9557497802257935,0.5664688800109399
131,jacobi5,0.13807779570294446,0.6405403438190649,0.15207368379898067,0.275609756097561,0.9089701795153878,0.2850391580273812
131,jacobi10,0.1677509886664928,0.6728855392189299,0.1554231549052211,0.3097560975609756,0.8838204138759431,0.2193749525773925
131,jacobi20,0.2122921654597843,0.7163142013948626,0.1664508930964613,0.35853658536585364,0.8524344755205119,0.17395398294834524
131,jacobi40,0.28543492524683034,0.779276894776544,0.17824345368180736,0.4317073170731707,0.8121920906370015,0.1362823235828551
131,jacobi80,0.37025608734357135,0.8480188716699972,0.19326739910486604,0.4926829268292683,0.7616379890764565,0.10899214537793966
131,cg5,0.1498391371240884,0.6475861201910988,0.1473205979330039,0.26097560975609757,0.9270696636218004,0.3190776541784459
131,pcg5,0.1652183100338763,0.6717487394624353,0.15688849433070853,0.3073170731707317,0.8838979946713023,0.22213132189176601
131,poisson_pcg5,0.9943621526022236,0.9990246549237061,0.2720029593435241,0.9439024390243902,0.05814997606710527,0.04329280138675148
131,cg10,0.14007544502599956,0.6617650172703572,0.1560737870612339,0.32682926829268294,0.888255476372486,0.19607230034841935
131,pcg10,0.2781108508227341,0.7786237973611424,0.17540768424982964,0.4146341463414634,0.8136105391893639,0.142431814372693
131,poisson_pcg10,0.9999961823921238,1.0,0.2728218522703383,1.0,0.0015533679726517692,0.0004939320216091966
131,cg20,0.22695024546684298,0.778785252041343,0.16931147273184624,0.3853658536585366,0.8383250714454653,0.1293910987915968
131,pcg20,0.4304174700372089,0.8874164604369864,0.20270688281032503,0.5292682926829269,0.719278429831204,0.09827250065463732
131,poisson_pcg20,0.9999999998253771,1.0,0.2728218522703383,1.0,2.492584009496378e-07,1.8126937300191626e-07
131,cg40,0.41052106676935063,0.9374687346981988,0.21984216743990712,0.5682926829268292,0.7093564405648713,0.09263439722501668
131,pcg40,0.798703034168104,0.9881205087145826,0.26581509123502794,0.8146341463414634,0.3740578851267118,0.05800144450857226
131,poisson_pcg40,1.0,1.0,0.2728218522703383,1.0,1.3059338103552629e-12,1.5900619221213023e-13
131,cg80,0.805887005770829,0.9954494924764766,0.2692714778688425,0.8731707317073171,0.356751394842367,0.0449106068274677
131,pcg80,0.98300225494862,0.9988003387901486,0.27183663132562347,0.9317073170731708,0.11028191953645217,0.016301688602340367
131,poisson_pcg80,1.0,1.0,0.2728218522703383,1.0,1.3043899371976536e-12,1.5892147090823646e-13
131,poisson,0.6787823595265589,0.8955924195704247,0.21512414260684246,0.4878048780487805,2.955231785153262,6.937563892710778
131,amg,0.9922888602656192,0.9946746423514153,0.26959690647538403,0.8853658536585366,0.15953471675297987,0.06761807717984737
131,oracle,1.0,1.0,0.2728218522703383,1.0,1.3461855162059917e-12,1.6394413143041417e-13
132,ensemble,0.47960016929489646,0.8427702711644588,0.17469779302179667,0.33658536585365856,,
132,raw,-0.018347383115191497,0.5272256262985853,0.11976591271976479,0.12926829268292683,,
132,smoothed,-0.0039866560303103045,0.5676839193785318,0.11915236726334061,0.11463414634146342,,
132,prediction_magnitude,0.6269068310749004,0.9325681881344045,0.23630407768586442,0.5878048780487805,,
132,boundary_distance,0.44310764335639563,0.7399825311329619,0.08781076231400078,0.01957026713124274,,
132,jacobi1,-0.025085153331002048,0.5309940050024483,0.0966259160081899,0.0975609756097561,0.9843092302314657,0.6277260425521091
132,jacobi5,0.0854060527318971,0.5789989809827562,0.11629874179499247,0.13414634146341464,0.9602210374188587,0.3991585945612396
132,jacobi10,0.13078893732325358,0.6024403477892619,0.12903165246702286,0.16829268292682928,0.939572940880705,0.34314506621205243
132,jacobi20,0.18752877210671215,0.6476112647724416,0.14967247644272078,0.23902439024390243,0.9050424463848815,0.3033996474338104
132,jacobi40,0.29639704743811024,0.7480632055371015,0.17291627666329143,0.3195121951219512,0.8466292135607735,0.26828391598481827
132,jacobi80,0.47635021920913273,0.8703472599023332,0.21289252687148524,0.47073170731707314,0.7505961627095368,0.22715124937361525
132,cg5,0.016239580734943193,0.5403186744835435,0.12143599259680023,0.11463414634146342,0.9659329132740588,0.39790945842523007
132,pcg5,0.1399044995930865,0.6043222211929119,0.13118288527889702,0.17560975609756097,0.9379610470318729,0.3416623233454724
132,poisson_pcg5,0.9915235503763028,0.9996466524621839,0.28272144367815133,0.9682926829268292,0.0681366601113535,0.04253397341152324
132,cg10,0.11346348987348692,0.5842052327197174,0.1374885770772348,0.15121951219512195,0.9384853575085076,0.31660039690022457
132,pcg10,0.27756005864482725,0.7314664584518878,0.16990801525269345,0.3097560975609756,0.8454805475907503,0.2753661306362389
132,poisson_pcg10,0.9999968141781131,1.0,0.2830168266866547,1.0,0.0010569226635704003,0.000823316084569726
132,cg20,0.245257396142905,0.6670341304606752,0.17660768668529347,0.2682926829268293,0.8510706229651067,0.24501162951824032
132,pcg20,0.7100591713155499,0.9611807366038935,0.26293159528647014,0.7341463414634146,0.5052032836496451,0.16517516780487818
132,poisson_pcg20,0.999999999126885,1.0,0.2830168266866547,1.0,6.103853469082867e-07,2.673340718901994e-07
132,cg40,0.4848668654742459,0.8766697987110094,0.21784099926467557,0.44634146341463415,0.6353709200675481,0.1559675864127539
132,pcg40,0.9169923488516457,0.991313870545108,0.2766393380734844,0.8560975609756097,0.23286696885523941,0.05223660995562788
132,poisson_pcg40,1.0,1.0,0.2830168266866547,1.0,1.253135753515755e-12,2.2035860751025857e-13
132,cg80,0.8523282902771705,0.9861526143747601,0.2688971500830534,0.7902439024390244,0.29872910678530756,0.06361376096362756
132,pcg80,0.9690394519302297,0.9984112594788455,0.2811127468705507,0.9390243902439024,0.13626860843562694,0.024737910436849645
132,poisson_pcg80,1.0,1.0,0.2830168266866547,1.0,1.2500245671434672e-12,2.190957452333355e-13
132,poisson,0.5785519844757644,0.8350224316133558,0.18877731612736506,0.375609756097561,2.3865156437048545,6.829826443707352
132,amg,0.98609050658745,0.9986223416222225,0.28214231369084763,0.9365853658536586,0.1963624576925789,0.09114513429390389
132,oracle,1.0,1.0,0.2830168266866547,1.0,1.274871477333105e-12,2.2338319981785422e-13
133,ensemble,0.15909341326400495,0.6338896020539153,0.14929772935414434,0.1951219512195122,,
133,raw,0.18568003393804858,0.5738708097878591,0.14423444141441955,0.1878048780487805,,
133,smoothed,0.164880172514665,0.5880960258327488,0.1486197282164706,0.1975609756097561,,
133,prediction_magnitude,0.18974754163654772,0.7577915117186983,0.11014356451849343,0.1951219512195122,,
133,boundary_distance,0.26192561843498685,0.7562762198430448,0.12144160289231105,0.16707317073170733,,
133,jacobi1,0.1181714897397676,0.5436992972751215,0.14459627040380316,0.16585365853658537,0.9649688043057828,0.5787632830523306
133,jacobi5,0.1857777887627282,0.5885069412278496,0.1533048417178227,0.17073170731707318,0.9199803822401482,0.35365427220283385
133,jacobi10,0.2354844326116179,0.6242592273996532,0.16611008984243772,0.22195121951219512,0.8874699133002592,0.30659110120164795
133,jacobi20,0.30504282880364086,0.678820322115321,0.1884656430433108,0.2951219512195122,0.8388315636423078,0.2685176448814415
133,jacobi40,0.41812857177362645,0.7657821949896113,0.2219850192172515,0.4,0.7636789091064525,0.2270391787103924
133,jacobi80,0.573661052181206,0.8832993660918703,0.2581762087820446,0.5292682926829269,0.6484065519999296,0.1771198933543475
133,cg5,0.17930733718738853,0.592811958233527,0.1627404116805634,0.23414634146341465,0.9280785488756841,0.37858653168694434
133,pcg5,0.22919240138103597,0.6274486190331247,0.17149980569522028,0.24146341463414633,0.8853739111289282,0.30889243652036574
133,poisson_pcg5,0.9909749624644384,0.998987599751201,0.3169653653235689,0.9390243902439024,0.062069260569899816,0.03974324496469883
133,cg10,0.2360901239884719,0.6137421754033059,0.17986567924068772,0.2731707317073171,0.8720696204990974,0.27882861283238636
133,pcg10,0.4367809842377743,0.7774459722350886,0.2271943527383819,0.4170731707317073,0.7378020350911612,0.22776652542756762
133,poisson_pcg10,0.9999973249503681,1.0,0.3178245226422843,1.0,0.0009907152963624696,0.0008008224780209206
133,cg20,0.4120418013149643,0.7294760663287588,0.22885856738902005,0.3951219512195122,0.7339308426595186,0.18215266139976008
133,pcg20,0.7263500248537414,0.9686334581739741,0.29671712433297465,0.724390243902439,0.4345351820272669,0.11524448769935307
133,poisson_pcg20,1.0,1.0,0.3178245226422843,1.0,2.3806379099911825e-07,2.2630837227080497e-07
133,cg40,0.6204748896047407,0.8887894869182007,0.2737664969939626,0.5658536585365853,0.5428687217696125,0.10014070965784265
133,pcg40,0.9574691431741467,0.9977449280732633,0.31487564941298973,0.9195121951219513,0.14213391683784662,0.031020451135545475
133,poisson_pcg40,1.0,1.0,0.3178245226422843,1.0,1.2784192687933358e-12,1.6138604397821932e-13
133,cg80,0.8715081246001832,0.9900109842118497,0.30882031818266037,0.7951219512195122,0.25016097541897375,0.042678422579021366
133,pcg80,0.9866921970022849,0.9993184495057105,0.31713102138384514,0.9512195121951219,0.07243502575167593,0.009027214673267182
133,poisson_pcg80,1.0,1.0,0.3178245226422843,1.0,1.2783705796575528e-12,1.6128230878609354e-13
133,poisson,0.5312829737105503,0.9080760425075765,0.24160737472610774,0.5146341463414634,3.1431766230263696,6.761048329137781
133,amg,0.9676507260810085,0.9936198933340391,0.312822048854801,0.8682926829268293,0.21748184476344362,0.07527117617253343
133,oracle,1.0,1.0,0.3178245226422843,1.0,1.2811775348320483e-12,1.615691699254044e-13
134,ensemble,0.2720620991075172,0.7187552108836335,0.15791751384038297,0.3097560975609756,,
134,raw,0.19758479182648161,0.6321208792663076,0.13044351955891764,0.1902439024390244,,
134,smoothed,0.23616900119447715,0.652305361089422,0.12642343593335956,0.17073170731707318,,
134,prediction_magnitude,0.4137750785859349,0.7784663128779958,0.12175831575207158,0.1,,
134,boundary_distance,0.4427872157682809,0.8066871352381456,0.16175885954101174,0.27636469221835075,,
134,jacobi1,0.1498727735288977,0.6280044466207007,0.13571491755969026,0.21707317073170732,0.944495928758545,0.5734945416293706
134,jacobi5,0.2269653475617825,0.6976555986395458,0.1512053598459968,0.2951219512195122,0.888375868968259,0.31567758809986285
134,jacobi10,0.2642920358126893,0.7245159668091526,0.16455632809100967,0.33902439024390246,0.8541373463776878,0.2508463167978782
134,jacobi20,0.32874263174787954,0.7714125961118536,0.17666413661627606,0.3780487804878049,0.805771150305835,0.19697407009028728
134,jacobi40,0.4293720472299597,0.8431772163625054,0.19404262641085238,0.44146341463414634,0.7363269441598135,0.14937627921858476
134,jacobi80,0.5446603248554848,0.9069405661500999,0.21575130484550026,0.5390243902439025,0.6454576763122315,0.10902884139517174
134,cg5,0.2269345746248148,0.6857675052605111,0.15375457308813506,0.28536585365853656,0.9061572605479004,0.3395475427410563
134,pcg5,0.2562264042426738,0.7200375845321123,0.16293560061561876,0.33658536585365856,0.8530371661226828,0.2516643372127304
134,poisson_pcg5,0.9944429211498677,0.9985204398978336,0.2673303025239648,0.9317073170731708,0.06066088952853516,0.043003454837428075
134,cg10,0.2866325557413358,0.741904106507153,0.1675460184931325,0.34146341463414637,0.8542348235449244,0.22141288073750306
134,pcg10,0.4094922141125442,0.821213424559639,0.18889783047588302,0.4073170731707317,0.7455203845159493,0.15610784035323214
134,poisson_pcg10,0.9999948655601326,0.999998676600982,0.268117052965534,0.9975609756097561,0.0014732013117378987,0.0009607569269006908
134,cg20,0.3429428167392875,0.7731164723475775,0.18547601316146883,0.424390243902439,0.7752353583599376,0.1404782349527929
134,pcg20,0.6063509748726733,0.9311025237219274,0.22857772227440842,0.6073170731707317,0.5686332849484365,0.08683300734927579
134,poisson_pcg20,1.0,1.0,0.2681176333028256,1.0,2.553522362406254e-07,2.6281424907970407e-07
134,cg40,0.5321192896744559,0.9035374455752154,0.21345404152363479,0.5341463414634147,0.608934152836198,0.08858268764326693
134,pcg40,0.8448536999133759,0.9784795468681762,0.254898219199269,0.7390243902439024,0.3257499170618635,0.04958308770367409
134,poisson_pcg40,1.0,1.0,0.2681176333028256,1.0,1.5181008536944875e-12,1.6353897883641397e-13
134,cg80,0.8294642211037783,0.9798492648518454,0.25298992737637,0.7463414634146341,0.3345672499512256,0.04010742707832912
134,pcg80,0.9832893393403085,0.99689729100221,0.2664822775180497,0.9121951219512195,0.10282300825840934,0.013112559469487807
134,poisson_pcg80,1.0,1.0,0.2681176333028256,1.0,1.5087024132342529e-12,1.6131046167743314e-13
134,poisson,0.6556871885214747,0.8813228696584308,0.18133513929073108,0.3463414634146341,3.0245054207517175,6.803292407676309
134,amg,0.9898588987192787,0.9989703955639665,0.2675171058885255,0.948780487804878,0.14498441819473257,0.06964843092109729
134,oracle,1.0,1.0,0.2681176333028256,1.0,1.4812017202461993e-12,1.5833492255709375e-13
135,ensemble,0.2734233097863307,0.6708600770218228,0.1666915340942941,0.25121951219512195,,
135,raw,0.19205971333833566,0.718213940685256,0.17923453082130175,0.2975609756097561,,
135,smoothed,0.24793892079553656,0.8140670698622342,0.2156958064527224,0.4195121951219512,,
135,prediction_magnitude,0.598464135070522,0.8636852692455302,0.16131395303673393,0.17560975609756097,,
135,boundary_distance,0.6638291464493197,0.9503659198284875,0.26575953422355814,0.5847851335656213,,
135,jacobi1,0.11801936290295724,0.6256435027725209,0.15166314308666706,0.2097560975609756,0.9824777408094676,0.5862705337447173
135,jacobi5,0.17580022261358264,0.6117041409155275,0.15901108854367235,0.2121951219512195,0.9568851090574317,0.32555037166117023
135,jacobi10,0.18035641240916253,0.614901472943107,0.17088754998688552,0.23414634146341465,0.9404563837760316,0.26148364190217516
135,jacobi20,0.18473560137029596,0.6261013988327621,0.18164575689517767,0.2658536585365854,0.9202042443360136,0.2146450461675316
135,jacobi40,0.21937246601082186,0.6666682106321877,0.19323393243284345,0.3,0.8967294995234651,0.18238232349718964
135,jacobi80,0.2648700337290598,0.7045068353559282,0.21054008556416068,0.36585365853658536,0.8697001650141826,0.1597446082190277
135,cg5,0.19314540211232917,0.6851157312441274,0.17862755229989027,0.2682926829268293,0.9655291101332937,0.3536504970108634
135,pcg5,0.1857760713455906,0.6196174053438852,0.1706260891481417,0.22439024390243903,0.9399553137192183,0.2614015467451128
135,poisson_pcg5,0.9980126696734791,0.9997995050487672,0.3287126300901572,0.975609756097561,0.03377032184854526,0.040571937673295325
135,cg10,0.21223212588378793,0.6705106996810608,0.1795845062599769,0.2682926829268293,0.9418310916712566,0.2467834143439522
135,pcg10,0.2070685339298902,0.6615446713338539,0.19598934327182926,0.3121951219512195,0.8994242537085989,0.186409613971047
135,poisson_pcg10,0.9999991249641813,1.0,0.32888977217983556,1.0,0.00048081322753430544,0.0006299321317823195
135,cg20,0.21201926639232138,0.674911001416037,0.2057412931030882,0.35609756097560974,0.889779932459472,0.17679893927225238
135,pcg20,0.3228811488737292,0.7242334211188015,0.22891535565439128,0.43902439024390244,0.8380777135239418,0.14214747487236412
135,poisson_pcg20,0.9999999996507541,1.0,0.32888977217983556,1.0,3.427764067236243e-07,3.325721468955765e-07
135,cg40,0.2775012267614515,0.8710188849039874,0.23940239285309545,0.524390243902439,0.7816365815273035,0.12551253373337976
135,pcg40,0.426364894176231,0.9507523523417546,0.2885364320375627,0.6878048780487804,0.6879812989174451,0.10218621197382771
135,poisson_pcg40,1.0,1.0,0.32888977217983556,1.0,8.025249505508089e-13,1.219316440829916e-13
135,cg80,0.5832186505556979,0.996892659105647,0.3253770089157205,0.9,0.5047904972938357,0.07614820688582193
135,pcg80,0.9819923771754951,0.9998914812805209,0.32879105781696977,0.9829268292682927,0.07698823431044277,0.0224906222867479
135,poisson_pcg80,1.0,1.0,0.32888977217983556,1.0,7.99432191601112e-13,1.2071722957523798e-13
135,poisson,0.5005482210289558,0.7680776305863981,0.22791153982823567,0.35853658536585364,2.087987808182028,6.934372451313516
135,amg,0.9530918478247506,0.9938878816351918,0.32214142429803244,0.8463414634146341,0.3033467765236906,0.084063545766552
135,oracle,1.0,1.0,0.32888977217983556,1.0,7.639288362241984e-13,1.1537458115933069e-13
136,ensemble,0.3273527195100431,0.670934849066342,0.1406322372190447,0.1975609756097561,,
136,raw,-0.053517201321759154,0.4323273295131215,0.09355638050109193,0.06097560975609756,,
136,smoothed,-0.10508681738335297,0.39021743445866364,0.08601446245917058,0.03902439024390244,,
136,prediction_magnitude,0.7678215609775669,0.9319428820983815,0.20272645913613066,0.524390243902439,,
136,boundary_distance,0.6624696571021272,0.8608247422680413,0.1658163627053387,0.3465737514518002,,
136,jacobi1,-0.04601911351338333,0.49653335627224965,0.09378600799654101,0.09268292682926829,0.9860770477866156,0.5879412570693632
136,jacobi5,0.06443685764582724,0.5409135423421516,0.10761945812734962,0.12439024390243902,0.9635018525219893,0.3404698840210643
136,jacobi10,0.08995027229591965,0.5647135502825457,0.11477398320980621,0.14878048780487804,0.9461937227504329,0.2786486364361058
136,jacobi20,0.12613287504995616,0.6117749427629925,0.12741055674286195,0.1878048780487805,0.9202032946115545,0.22712270111461008
136,jacobi40,0.18330245282860191,0.6699687677831743,0.13945868897084185,0.22926829268292684,0.8816759371292603,0.1883423774680521
136,jacobi80,0.2991789879952141,0.7672167595251644,0.15691238986147565,0.3,0.8264486599233191,0.16144163604628847
136,cg5,-0.0012742885915138478,0.4877406931964057,0.0970681165844022,0.0951219512195122,0.9772161782246755,0.36409147328245123
136,pcg5,0.08721326555278991,0.5589792623373874,0.11468253513433169,0.14146341463414633,0.943138482288883,0.27796480370683235
136,poisson_pcg5,0.9978359185499128,0.9996711353440175,0.2324343616545145,0.9682926829268292,0.03524189688591813,0.03908023238743863
136,cg10,0.06615261167405839,0.5389641755885817,0.11087105330943467,0.13902439024390245,0.9614112139992115,0.26818576905132574
136,pcg10,0.16569314487684636,0.6449214562682795,0.13751131795083094,0.2146341463414634,0.8860683133114784,0.19368057564929334
136,poisson_pcg10,0.9999989784554902,1.0,0.23258848467088303,1.0,0.0005543347961925496,0.0007743023435360712
136,cg20,0.09973370726961389,0.5721278932811031,0.11902514845012348,0.17073170731707318,0.9260858580195569,0.20251429296252996
136,pcg20,0.41196566988090316,0.830532800444662,0.16972538828005984,0.348780487804878,0.757711613827445,0.14721251486656226
136,poisson_pcg20,0.9999999998253771,1.0,0.23258848467088303,1.0,2.3764473732568783e-07,3.065023138429767e-07
136,cg40,0.20638369293516162,0.6806929317258447,0.14373281085472076,0.23902439024390243,0.83828087225358,0.15994653068372236
136,pcg40,0.7791881395322653,0.9580522213252518,0.21843760050544433,0.6609756097560976,0.4707788197471988,0.103190670400207
136,poisson_pcg40,1.0,1.0,0.23258848467088303,1.0,1.0411376348080604e-12,2.1023896449123515e-13
136,cg80,0.8099762515872531,0.9408381085981234,0.20767725707166482,0.5097560975609756,0.46828211863605385,0.1003025191281138
136,pcg80,0.9955954226018928,0.9982782578775327,0.23194308967001043,0.9292682926829269,0.05797144741125273,0.021922677014964635
136,poisson_pcg80,1.0,1.0,0.23258848467088303,1.0,1.0441523999708525e-12,2.1002949157289885e-13
136,poisson,0.4795257819952909,0.7183787038630017,0.12070803887912293,0.22195121951219512,1.3798620959321646,6.790578301149665
136,amg,0.9955100941240285,0.9974200336143351,0.23137288199255254,0.9097560975609756,0.1633704818009026,0.0705165428546998
136,oracle,1.0,1.0,0.23258848467088303,1.0,9.959233171543415e-13,2.0037279299487246e-13
137,ensemble,0.14201831913243274,0.604433386710427,0.11008390736213823,0.11707317073170732,,
137,raw,0.1462132696599227,0.6724574196365947,0.14044608006938894,0.21707317073170732,,
137,smoothed,0.1417304264109091,0.7025038709421277,0.1521280832372579,0.2804878048780488,,
137,prediction_magnitude,0.4384309342103822,0.7676925214721491,0.15890666571352086,0.25609756097560976,,
137,boundary_distance,0.4096503212034843,0.8101385598771885,0.15066682568406076,0.25789779326364687,,
137,jacobi1,0.10914009697499331,0.6056184905310801,0.13977092171215982,0.1902439024390244,0.9416133068389062,0.5629080185678894
137,jacobi5,0.2144079203457636,0.6648147903074256,0.15732052547654723,0.24878048780487805,0.8833362779629476,0.2906633247510332
137,jacobi10,0.25909557177882325,0.6856450908513426,0.16582178975162945,0.2707317073170732,0.8533012133363967,0.2296687310891597
137,jacobi20,0.3025148464818021,0.7059480168865715,0.17114328468257528,0.28536585365853656,0.8178482550325633,0.18385062428559262
137,jacobi40,0.3565763866141334,0.7448519778198325,0.1833909539279361,0.32926829268292684,0.7737160894352252,0.1461356156989576
137,jacobi80,0.4162606186146658,0.793336685944179,0.19926276314403574,0.4,0.7168091161906103,0.11404378515539121
137,cg5,0.16445817090601003,0.6719538663102312,0.15729569977489985,0.24390243902439024,0.9075275551952061,0.3339896981599356
137,pcg5,0.25697919540961134,0.6822882892420894,0.16705505199028034,0.2780487804878049,0.8518509643941602,0.23209426193127805
137,poisson_pcg5,0.9858672221032923,0.9987308603417017,0.28565220164252464,0.9341463414634147,0.0999699615028901,0.03952783180485813
137,cg10,0.22525786070991594,0.6830558606725514,0.17427674819699948,0.28780487804878047,0.8573461065606988,0.221184055137321
137,pcg10,0.33799241972762617,0.7272825324563609,0.17679057196991815,0.3121951219512195,0.7822310530893724,0.15444474768451644
137,poisson_pcg10,0.9999971082432335,0.999999338300491,0.28649122855391207,0.9975609756097561,0.001192261159854252,0.0006019541317131873
137,cg20,0.3036920673901144,0.769471831451901,0.19564971980597734,0.3878048780487805,0.770978498573146,0.13575193874686006
137,pcg20,0.4604980842879764,0.8407335600756984,0.21326004494986558,0.4682926829268293,0.6641793666580814,0.0943307411991675
137,poisson_pcg20,1.0,1.0,0.2864916873996501,1.0,2.878198708038113e-07,1.882829380544671e-07
137,cg40,0.44819574861044803,0.9264018104098567,0.22661381987876805,0.551219512195122,0.6326766145982413,0.08094216346665793
137,pcg40,0.6619276925231073,0.9472996043036936,0.2533292998261822,0.6195121951219512,0.46689361666840834,0.05835588317270162
137,poisson_pcg40,1.0,1.0,0.2864916873996501,1.0,1.7015857664599464e-12,1.7755262805522755e-13
137,cg80,0.7105564962030535,0.9717421224673451,0.2580403568662665,0.7146341463414634,0.4308603232697022,0.0422195371037165
137,pcg80,0.9605457263299513,0.9970163969138335,0.2841676971792185,0.9097560975609756,0.1589101345714525,0.017934998654874707
137,poisson_pcg80,1.0,1.0,0.2864916873996501,1.0,1.70343214125939e-12,1.7728713232309575e-13
137,poisson,0.5483030912851895,0.9014974259889099,0.22603058354848674,0.5439024390243903,2.7684646500158605,6.886316885432049
137,amg,0.9417554975579046,0.9867911544009634,0.279096834793624,0.8121951219512196,0.21036407647880334,0.07730230360044386
137,oracle,1.0,1.0,0.2864916873996501,1.0,1.7325845162169577e-12,1.8043023321535168e-13
138,ensemble,0.34791300167928646,0.6790777232243294,0.14133108872327468,0.2146341463414634,,
138,raw,0.2510835561033782,0.710816801873933,0.14212429082517675,0.23658536585365852,,
138,smoothed,0.2968644574860347,0.7443583499861043,0.12847405272826135,0.16585365853658537,,
138,prediction_magnitude,0.5994903792090567,0.8354756957770337,0.1551413989296548,0.32682926829268294,,
138,boundary_distance,0.5993892129558032,0.8398726890144648,0.15108817074316164,0.2620789779326365,,
138,jacobi1,0.1380988506957204,0.6267247197702579,0.13341510791536246,0.2146341463414634,0.9666486504451524,0.6101369294242792
138,jacobi5,0.24437277090256787,0.6766373754350674,0.14000605861454285,0.23658536585365852,0.9275955700255823,0.3824214112415286
138,jacobi10,0.2620174693470989,0.6887431679525694,0.1448283103681354,0.24390243902439024,0.9032490509686345,0.33316635890060947
138,jacobi20,0.2990375639762768,0.7340596588277332,0.15679767177472984,0.2780487804878049,0.8670012893390481,0.29141965260590574
138,jacobi40,0.37212255323849935,0.816363828858039,0.17667017865487875,0.35853658536585364,0.8098709956378521,0.25015032276442645
138,jacobi80,0.4745296571589057,0.89368672498445,0.20479395327306027,0.4853658536585366,0.7196157018602615,0.2052528109195148
138,cg5,0.2357510726671374,0.7116392943636436,0.1504408462306109,0.25853658536585367,0.9322656960724139,0.38353260301880404
138,pcg5,0.25439498361086377,0.6790095681749004,0.14325146912327844,0.22195121951219512,0.8993741575614725,0.3338778244965498
138,poisson_pcg5,0.9965794374873713,0.9996254780778953,0.2614792901492658,0.9682926829268292,0.04593592538546042,0.03829801280654861
138,cg10,0.3063948235793679,0.7654109815650517,0.16713387623385836,0.33414634146341465,0.8735904388822351,0.2903255931112719
138,pcg10,0.35406988885763374,0.8022047827640512,0.17743450449875459,0.35609756097560974,0.8015485825945684,0.25280938783149737
138,poisson_pcg10,0.9999953162620778,0.9999973532019639,0.2616401560003944,0.9975609756097561,0.0013797572943275095,0.001070608888434992
138,cg20,0.4285741608974024,0.863537710255019,0.20539094448940554,0.5097560975609756,0.7318433143357097,0.20139901215556452
138,pcg20,0.6089755771443591,0.9349331021796382,0.23515070771681423,0.6609756097560976,0.5496562667333152,0.15413398646609264
138,poisson_pcg20,0.999999999301508,1.0,0.26164031577041064,1.0,5.70384823313065e-07,4.455325302950375e-07
138,cg40,0.6968284135540188,0.9806307319719969,0.2538697309438011,0.7975609756097561,0.451420652527968,0.10493051349353191
138,pcg40,0.9423945752794415,0.9884983391342324,0.2558545312993845,0.7804878048780488,0.18751179563634446,0.040639832724058855
138,poisson_pcg40,1.0,1.0,0.26164031577041064,1.0,1.5940325697030378e-12,1.9645613401864923e-13
138,cg80,0.966511563904807,0.9992172094808306,0.26121165667365126,0.9560975609756097,0.12787453019253484,0.03401075531531105
138,pcg80,0.9889078928181951,0.995217235948811,0.2590936637820576,0.848780487804878,0.09211827597398746,0.011692853998334815
138,poisson_pcg80,1.0,1.0,0.26164031577041064,1.0,1.6347003887893768e-12,1.9891941435720924e-13
138,poisson,0.8055698048500043,0.9539993118325106,0.22710260816387326,0.6097560975609756,3.8065897991441173,7.180307980020955
138,amg,0.9769477047022928,0.993996400354671,0.25825052296166084,0.848780487804878,0.20580880167334129,0.08948126606421795
138,oracle,1.0,1.0,0.26164031577041064,1.0,1.614183093144985e-12,1.9637526673298893e-13
139,ensemble,0.4513079731922693,0.7358733771819541,0.1828465746578141,0.3146341463414634,,
139,raw,0.25822498395703636,0.7235988512896523,0.1758480745964193,0.3073170731707317,,
139,smoothed,0.34399808356852957,0.8035453859693236,0.18787648082239,0.348780487804878,,
139,prediction_magnitude,0.8196825917318332,0.9285351296269339,0.2346474655915208,0.5463414634146342,,
139,boundary_distance,0.8086913509246326,0.9149835236822255,0.21547987276737784,0.45458768873403027,,
139,jacobi1,0.147754556633338,0.6587092889377076,0.16007201625419903,0.2707317073170732,0.9798445024750075,0.5615025759809633
139,jacobi5,0.24795656068643546,0.6883024760795627,0.16745427597608872,0.2804878048780488,0.9579519727378589,0.28478576326152943
139,jacobi10,0.2620459306248832,0.7049693633127324,0.17166725751074888,0.3073170731707317,0.9443625476333563,0.22337598886230528
139,jacobi20,0.26527942004882066,0.7224825642179373,0.1758606367917255,0.35121951219512193,0.9273754968375747,0.18091702609404378
139,jacobi40,0.269834654831251,0.7538689570292338,0.18450795323411756,0.4024390243902439,0.9053846544670975,0.15126247051409997
139,jacobi80,0.27595722125727884,0.7948619033124678,0.18581067413019386,0.44146341463414634,0.8749041151048493,0.13254148000805765
139,cg5,0.24200128221472916,0.7238277993197729,0.17685454563215022,0.3170731707317073,0.9610769761077252,0.30156093687149205
139,pcg5,0.26599339147664336,0.7045624181146858,0.17069515298562943,0.3,0.9446000379408362,0.2277151850180397
139,poisson_pcg5,0.9924726923515577,0.9994395405158609,0.2763872115081504,0.9682926829268292,0.0769068648650253,0.044418252257500124
139,cg10,0.26038873886212643,0.7268590447705888,0.18047741703239195,0.35121951219512193,0.943047440410916,0.20267976177201485
139,pcg10,0.27229944074262324,0.7450160792980691,0.18065546352229755,0.3804878048780488,0.9101405691645383,0.15749197841575663
139,poisson_pcg10,0.9999985406756463,1.0,0.2767359659037643,1.0,0.0009394730703740497,0.0009788809730615963
139,cg20,0.28247520049653285,0.7803170864047219,0.18665311318857866,0.4170731707317073,0.9069808672349255,0.1499653152192784
139,pcg20,0.277146194467653,0.8218314519010627,0.18699101783673752,0.47073170731707314,0.847120383072569,0.12488764274688167
139,poisson_pcg20,0.9999999996507541,1.0,0.2767359659037643,1.0,4.819578394655198e-07,4.417772265416113e-07
139,cg40,0.3440075488332502,0.9369241560022763,0.22188221274949227,0.6195121951219512,0.8075137054929865,0.11732220920726588
139,pcg40,0.7084795521504165,0.9905972499768405,0.26700919408524415,0.8414634146341463,0.539251764679998,0.08881599394724726
139,poisson_pcg40,1.0,1.0,0.2767359659037643,1.0,9.536043005949268e-13,1.413932739243938e-13
139,cg80,0.7554259659696946,0.9980380609557588,0.2743357515975891,0.9292682926829269,0.41448310590433124,0.06550855944355348
139,pcg80,0.9851205004823507,0.9985230866958696,0.27578551408593477,0.9390243902439024,0.0872879394291254,0.020523063795928075
139,poisson_pcg80,1.0,1.0,0.2767359659037643,1.0,9.541387340637674e-13,1.3763385670203395e-13
139,poisson,0.7476858389930742,0.905688630679036,0.2319958124538711,0.5756097560975609,2.006686552234966,6.7046123235751
139,amg,0.9905873418530357,0.9980228418670514,0.27505367227264804,0.9170731707317074,0.2051808224354396,0.0721520652434823
139,oracle,1.0,1.0,0.2767359659037643,1.0,1.0030469719430944e-12,1.445761382778083e-13
140,ensemble,0.2943819221951468,0.7454878710479996,0.19746748121246027,0.32682926829268294,,
140,raw,0.13309298049933346,0.6690404033720208,0.20433711628660678,0.3024390243902439,,
140,smoothed,0.19453913981607646,0.7674979818164975,0.21618843145108177,0.32439024390243903,,
140,prediction_magnitude,0.5504970921150538,0.7544625014888239,0.13209348286422332,0.08292682926829269,,
140,boundary_distance,0.6107454300157654,0.8187088919180022,0.1910082696949687,0.24024390243902438,,
140,jacobi1,0.07061917569453573,0.6280520889853499,0.17180096550359641,0.25365853658536586,0.9727568941650858,0.5872253360096047
140,jacobi5,0.19411901086440003,0.6922481902518428,0.2097185863483542,0.34146341463414637,0.9384634543341954,0.3687718059413586
140,jacobi10,0.23697930147561738,0.7274499424321427,0.22491842366520137,0.375609756097561,0.9157302243870264,0.31252680432181074
140,jacobi20,0.27554927243399757,0.7583347670156029,0.24046351468929744,0.4146341463414634,0.8840939235369311,0.2640128439355117
140,jacobi40,0.31304731281476844,0.807188703465982,0.27137586940044806,0.5048780487804878,0.8410230924219787,0.21899514839000994
140,jacobi80,0.34840595680100955,0.8650960125987587,0.3103333950678763,0.6268292682926829,0.7851818127204495,0.1740461250166766
140,cg5,0.12443425887151861,0.6686480155631724,0.18691867111529528,0.28780487804878047,0.9623474544156169,0.39402451152862394
140,pcg5,0.24700045876254273,0.7286687929277557,0.22834943709228794,0.3804878048780488,0.9101699421120858,0.3093947505470554
140,poisson_pcg5,0.9986957567548644,0.9998557495070338,0.3957946687469873,0.9804878048780488,0.03659748332731916,0.044206386500797425
140,cg10,0.20472111981562496,0.6986633669917817,0.20480033965951394,0.33902439024390246,0.9361613485701877,0.2930017301717627
140,pcg10,0.32491637689028696,0.8042487725474108,0.2701720535769206,0.4926829268292683,0.834857697322598,0.22283126575137072
140,poisson_pcg10,0.9999987727496041,1.0,0.3959913374281861,1.0,0.0006170143072697504,0.0008362308583065177
140,cg20,0.27870219726994694,0.7736954594179691,0.2544726410856429,0.4609756097560976,0.8734714117140557,0.2065756803583569
140,pcg20,0.39880815214591264,0.9318919312361871,0.3327711450254628,0.7024390243902439,0.7084655502533914,0.13177337051033242
140,poisson_pcg20,1.0,1.0,0.3959913374281861,1.0,1.2085625585937277e-07,1.7114997844420313e-07
140,cg40,0.3492015026615897,0.9155142066884586,0.3139529551381334,0.6536585365853659,0.7544722516124128,0.12910896812507044
140,pcg40,0.44479381819656527,0.9890402710321189,0.3660738725390761,0.8439024390243902,0.5913639694500953,0.08466417530701884
140,poisson_pcg40,1.0,1.0,0.3959913374281861,1.0,1.7282461655485849e-12,2.3826933820209946e-13
140,cg80,0.4369880857106647,0.9960463454336117,0.38647581783570195,0.9073170731707317,0.5568897103564658,0.08086315200326834
140,pcg80,0.91498188901119,0.9992357370670831,0.3948411466986783,0.9390243902439024,0.14303988801904108,0.02840227672806583
140,poisson_pcg80,1.0,1.0,0.3959913374281861,1.0,1.7282451986177134e-12,2.38275357595836e-13
140,poisson,0.549889180057596,0.9286912907110623,0.29341006179474866,0.5707317073170731,1.8163442658956734,6.289949152489316
140,amg,0.9432131130510376,0.9982623770893162,0.3935703500925325,0.9195121951219513,0.268570739097687,0.08570474486420668
140,oracle,1.0,1.0,0.3959913374281861,1.0,1.6922982265462358e-12,2.3327855458233993e-13
141,ensemble,0.3722340561314296,0.6787376096766936,0.1457591006203486,0.22439024390243903,,
141,raw,0.21632967642052034,0.7219353387239786,0.14643270733817224,0.2658536585365854,,
141,smoothed,0.26855683029874894,0.7716005187724151,0.13872986978067728,0.24146341463414633,,
141,prediction_magnitude,0.617404249393262,0.7947176528195016,0.13202339468745491,0.14390243902439023,,
141,boundary_distance,0.736671107535912,0.8999338300490981,0.2016150696950015,0.5292102206736354,,
141,jacobi1,0.07649349545415837,0.6181828408083321,0.1275965438532465,0.2073170731707317,0.9813844748961205,0.5869743280921453
141,jacobi5,0.14595380573630665,0.658407553961595,0.13078986466855927,0.22682926829268293,0.9616653665757647,0.3314897054371964
141,jacobi10,0.14876189870597936,0.6841436946653786,0.13827253709728415,0.275609756097561,0.9491102586149702,0.2689784242464507
141,jacobi20,0.16745519477839813,0.7351819011950294,0.14184975589582288,0.3170731707317073,0.9306407936239938,0.22056642580231609
141,jacobi40,0.2191399296512413,0.778368381350661,0.14809039807526292,0.37073170731707317,0.9041884632203147,0.18146132503966256
141,jacobi80,0.30919827349827583,0.8187327131003269,0.1539482409657257,0.4097560975609756,0.86703896817432,0.1549805000871932
141,cg5,0.18085445779113596,0.7096780170189114,0.14733309622019464,0.3121951219512195,0.9646484487756934,0.346249252964078
141,pcg5,0.15069837846764944,0.6763932083162394,0.13823683589628588,0.2731707317073171,0.9493405783289889,0.2704397032202211
141,poisson_pcg5,0.9962132962026178,0.9993151410081653,0.24291717242154162,0.9536585365853658,0.05180550257194661,0.0427289054652376
141,cg10,0.18652731465431688,0.7322571893651655,0.14597607890503958,0.34146341463414637,0.9429539895975003,0.23499703428650376
141,pcg10,0.21483709616546903,0.7756845281420801,0.14668859013585273,0.3780487804878049,0.9060807140863357,0.1846536785945691
141,poisson_pcg10,0.9999987736227193,1.0,0.24326253980195503,1.0,0.0007776724896002713,0.0009743085876274857
141,cg20,0.23911988041705673,0.8344480764395272,0.15470219339407323,0.4170731707317073,0.9051319945210686,0.17491330459048335
141,pcg20,0.3936262450340015,0.836636978415362,0.15661086079611716,0.4,0.8308804203770831,0.14280103562452537
141,poisson_pcg20,0.9999999998253771,1.0,0.24326253980195503,1.0,3.697643382247692e-07,3.458124297231957e-07
141,cg40,0.43473080046034535,0.9419100618027342,0.18045973596685158,0.5682926829268292,0.78209346296091,0.12904898929780648
141,pcg40,0.6863879361691214,0.917443722456758,0.20827444282122926,0.5365853658536586,0.5770026093058253,0.09918383833843672
141,poisson_pcg40,1.0,1.0,0.24326253980195503,1.0,9.300823828054384e-13,1.5057012419013647e-13
141,cg80,0.7936502600611343,0.9802879716263251,0.23510517449800591,0.7414634146341463,0.45633652638213434,0.07815042049569951
141,pcg80,0.9952165027557464,0.9996631949499093,0.24315833431207992,0.973170731707317,0.06340231021876233,0.01754482208879696
141,poisson_pcg80,1.0,1.0,0.24326253980195503,1.0,9.315656712317775e-13,1.488038176976641e-13
141,poisson,0.7203866671000111,0.9435523999841192,0.21169089005140534,0.5902439024390244,1.9507019866466027,6.726955415777141
141,amg,0.9937072709759375,0.997765440758043,0.24239633940697808,0.9219512195121952,0.15642603688789367,0.0778359138475464
141,oracle,1.0,1.0,0.24326253980195503,1.0,8.907277866372688e-13,1.4232462151606237e-13
142,ensemble,0.4423585896715054,0.6829976311157577,0.15749994838520193,0.2658536585365854,,
142,raw,0.1510496740040175,0.6701183118722126,0.15936172049494968,0.22682926829268293,,
142,smoothed,0.21636000371960948,0.7144528406759922,0.15515262776812383,0.2,,
142,prediction_magnitude,0.7890601710531404,0.7905833542871511,0.14685380737697898,0.11463414634146342,,
142,boundary_distance,0.8063117516488545,0.8084710771144608,0.1668488668665994,0.23536585365853654,,
142,jacobi1,0.02935447683901202,0.6629765890713709,0.1187658554517395,0.24146341463414633,0.9872723282593039,0.5827924554380987
142,jacobi5,0.16392037172653134,0.7141967629660019,0.13235750095043383,0.3024390243902439,0.9722667520328085,0.3354141069328063
142,jacobi10,0.17627743390086645,0.7501952013551606,0.1372358922351071,0.3439024390243902,0.9604423806789367,0.2806075162217702
142,jacobi20,0.1950391928386021,0.7971824834905973,0.14680774783042833,0.4073170731707317,0.941294352565984,0.2404541699505906
142,jacobi40,0.257777658172669,0.8689212974603973,0.16067334357677407,0.4926829268292683,0.9112354291931551,0.20658528234481488
142,jacobi80,0.39192379273765043,0.9307418974895121,0.17726167382799835,0.5609756097560976,0.8675232159297211,0.17797068103977928
142,cg5,0.12711120106756396,0.6783061815968132,0.13826749535448518,0.2658536585365854,0.9840729351603121,0.36203202476717783
142,pcg5,0.1789606644455181,0.7419491020737663,0.1394445810367221,0.35121951219512193,0.9609034610123017,0.28294015477203854
142,poisson_pcg5,0.9994434428185973,0.9988036472876937,0.22077664418250864,0.9219512195121952,0.03789576132474758,0.0374588276054054
142,cg10,0.1777510394468592,0.7232766036287601,0.13362494322405627,0.3097560975609756,0.9745391196800837,0.26557456910797544
142,pcg10,0.22874047707476702,0.854955467623043,0.15789881576293535,0.47073170731707314,0.9108265892769151,0.21235553862350137
142,poisson_pcg10,0.9999996018595757,1.0,0.22112886330484638,1.0,0.0003931320888299368,0.0005056330219846822
142,cg20,0.21243019899868662,0.8065766314201395,0.1499801304874778,0.4073170731707317,0.9522857773034987,0.20901418473495173
142,pcg20,0.5330374336237049,0.9492019903921232,0.19350935207235267,0.5878048780487805,0.8103470459917862,0.1615641570906383
142,poisson_pcg20,1.0,1.0,0.22112886330484638,1.0,7.203399355478352e-08,1.6810227880813487e-07
142,cg40,0.3461982321754907,0.910467424533171,0.17275465106035462,0.5219512195121951,0.8846211729918926,0.17303511134237745
142,pcg40,0.7383667157315369,0.9520314174926883,0.20436590765869392,0.5951219512195122,0.6311273013288164,0.13119910104744917
142,poisson_pcg40,1.0,1.0,0.22112886330484638,1.0,1.2054894059471814e-12,2.4491947457318973e-13
142,cg80,0.8152938742924556,0.9674701904371187,0.21031883984950778,0.6853658536585366,0.5367738502598123,0.11690241447452027
142,pcg80,0.995434435569033,0.9946494977700726,0.21982898776544346,0.8634146341463415,0.060876368672451164,0.019835429612721143
142,poisson_pcg80,1.0,1.0,0.22112886330484638,1.0,1.2053542999709945e-12,2.448885883265027e-13
142,poisson,0.6916823387310558,0.7555423950875428,0.16724695528529018,0.3829268292682927,1.4257320720146098,6.607118487395022
142,amg,0.9957625226618735,0.9965690880457366,0.22024369860996032,0.9073170731707317,0.18516961504776805,0.07926314717799564
142,oracle,1.0,1.0,0.22112886330484638,1.0,1.1348276958103274e-12,2.307685281836451e-13
143,ensemble,0.40403150864459253,0.6885016476317775,0.15752456710312757,0.24634146341463414,,
143,raw,0.09288979526138576,0.6919457935762212,0.13561725868870128,0.26097560975609757,,
143,smoothed,0.10375351495130451,0.7239065415613462,0.1449281019466646,0.2804878048780488,,
143,prediction_magnitude,0.6261011828975526,0.692984661805381,0.15795373111176622,0.12195121951219512,,
143,boundary_distance,0.5156115534563867,0.681265963500655,0.15868970360755397,0.2251451800232288,,
143,jacobi1,0.05148781549206022,0.6005478871934677,0.11805881701552427,0.18292682926829268,0.9833346503873529,0.6260603666853131
143,jacobi5,0.12237245637861752,0.6663228034884798,0.12485982700700747,0.2073170731707317,0.9594207574894881,0.41483517728021196
143,jacobi10,0.13678103086211346,0.695462726466657,0.13235844507870054,0.24146341463414633,0.9425476279776855,0.3651210931786162
143,jacobi20,0.18870592508668008,0.7513942008655029,0.14412720828456305,0.2951219512195122,0.9178574525514079,0.3233138984801419
143,jacobi40,0.2721956471055946,0.8189583526329024,0.16317910643831093,0.37317073170731707,0.8803223227587371,0.28185776298975296
143,jacobi80,0.38236355353963325,0.8813963183039318,0.18858172030661477,0.4926829268292683,0.8234265909571337,0.2344251106169138
143,cg5,0.10263014725021034,0.6981750327541257,0.13651323062485926,0.275609756097561,0.964401378355196,0.4361084356882381
143,pcg5,0.1315196678435977,0.6883633524343925,0.13178172466782445,0.23658536585365852,0.940552259852426,0.36381777569651164
143,poisson_pcg5,0.9923486515277193,0.9983821447004486,0.2562418017091578,0.926829268292683,0.06710447636030141,0.04602700295320939
143,cg10,0.16257088506085488,0.7569253470613925,0.15209392852289438,0.32682926829268294,0.9279565276045328,0.33052768606711547
143,pcg10,0.2736987286635848,0.8097197040879796,0.16582078158912764,0.37073170731707317,0.8739897350725317,0.28484415737198365
143,poisson_pcg10,0.9999986382898994,0.9999973532019639,0.257026612438739,0.9975609756097561,0.0007240025431151543,0.0009212558169605344
143,cg20,0.23538193031162355,0.8766413456321216,0.18459393901478618,0.5024390243902439,0.8468810093295395,0.21718412414378951
143,pcg20,0.4890388637301394,0.9243115016608657,0.21518639847081178,0.5634146341463414,0.7019327262354563,0.16660452680236948
143,poisson_pcg20,0.9999999998253771,1.0,0.2570266187736291,1.0,2.734173358399999e-07,3.1930821601402777e-07
143,cg40,0.29819361471747174,0.916852163095695,0.19480446426031672,0.5195121951219512,0.748229240475405,0.13426727789344436
143,pcg40,0.5779464085247089,0.9388887418445535,0.2249737158109204,0.6292682926829268,0.5631088554312188,0.10352899989114267
143,poisson_pcg40,1.0,1.0,0.2570266187736291,1.0,6.678478730923673e-13,1.2819396249391247e-13
143,cg80,0.7056087824483049,0.9645560657993992,0.23507269558361282,0.6536585365853659,0.49343542430999976,0.08671167780179558
143,pcg80,0.9847282672045837,0.9971136667416592,0.2558473237255739,0.9048780487804878,0.10072848574681544,0.03131387723571519
143,poisson_pcg80,1.0,1.0,0.2570266187736291,1.0,6.670740614284087e-13,1.2621668159355682e-13
143,poisson,0.249729346234983,0.7512856821460239,0.16025489797717074,0.3878048780487805,2.2058940037508146,6.599063380724847
143,amg,0.9765291929341559,0.991134549978164,0.25263917793325835,0.8170731707317073,0.2298269626251628,0.09013752448748139
143,oracle,1.0,1.0,0.2570266187736291,1.0,6.411470793877909e-13,1.214913541625042e-13
144,ensemble,0.30466619180388405,0.7103417016264574,0.1823669692386016,0.2975609756097561,,
144,raw,0.04261385199128327,0.6574507364715535,0.14103516238880598,0.24878048780487805,,
144,smoothed,0.09666412020940678,0.7249645990762675,0.179422020151008,0.36829268292682926,,
144,prediction_magnitude,0.5435386139773496,0.7902220663552267,0.11042090848806727,0.03170731707317073,,
144,boundary_distance,0.40672112723353904,0.793161997273798,0.14728160768329474,0.20795586527293844,,
144,jacobi1,0.12100240348992294,0.6255263819594246,0.14487661635854315,0.23170731707317074,0.9798280270790964,0.6004217386447925
144,jacobi5,0.20333648084293565,0.6321420536505962,0.15185593093064972,0.2121951219512195,0.9579132968646537,0.38879791139983855
144,jacobi10,0.2297810429180849,0.6382945356854545,0.1596609151504463,0.22439024390243903,0.9428401952460806,0.33522080756639067
144,jacobi20,0.2578353805015463,0.661446739806519,0.17259391648783906,0.2731707317073171,0.9185940969718586,0.2893194815921205
144,jacobi40,0.2860002498994731,0.702445641385334,0.19035312892456574,0.33902439024390246,0.8775470081531326,0.24210258947025629
144,jacobi80,0.34385175491358366,0.7805096409618464,0.21118466794276766,0.4268292682926829,0.8106314854201265,0.19163554712303613
144,cg5,0.10069370992192761,0.6346181332133451,0.15418569415472017,0.23658536585365852,0.9515619360119468,0.4035614885273575
144,pcg5,0.2332152342314599,0.6241414448870479,0.16002527763806465,0.22439024390243903,0.9421448956211947,0.33551488735294543
144,poisson_pcg5,0.9874022217758394,0.9994243214271535,0.30734529473390104,0.9463414634146341,0.06911367764018761,0.04646267670065147
144,cg10,0.21084466727362827,0.6920490186996281,0.17967717864007965,0.3073170731707317,0.9153894163384307,0.29760763986271643
144,pcg10,0.27203941854929814,0.6851501396185964,0.18753218429513585,0.33170731707317075,0.8759205695046531,0.2429143270243787
144,poisson_pcg10,0.9999968136542441,1.0,0.30802922439927044,1.0,0.0011226770184612227,0.0007137959710722875
144,cg20,0.23198870066299745,0.7782816987149795,0.19975588629233024,0.3975609756097561,0.8301130369937172,0.19835459935941915
144,pcg20,0.4284509060516562,0.8729000966081283,0.2272994118784443,0.5292682926829269,0.701549561191988,0.14228552238630826
144,poisson_pcg20,0.999999999476131,1.0,0.30802922439927044,1.0,8.387279225893922e-07,3.789401039163792e-07
144,cg40,0.3263108237380094,0.9299531516747614,0.23410795241797067,0.6,0.7035633065469061,0.1264650315598554
144,pcg40,0.6240499548746247,0.9799663856649419,0.28759381185376154,0.7853658536585366,0.46860559024990134,0.07708522491665237
144,poisson_pcg40,1.0,1.0,0.30802922439927044,1.0,7.294869661960874e-13,1.160657481014685e-13
144,cg80,0.62721870561782,0.9925141934544685,0.2958872471287578,0.8682926829268293,0.456237766825237,0.06873299919930231
144,pcg80,0.9733082094851188,0.9988526130513611,0.307240580234642,0.9365853658536586,0.09828045077558534,0.023698774624638538
144,poisson_pcg80,1.0,1.0,0.30802922439927044,1.0,7.31681657871233e-13,1.1429779289341958e-13
144,poisson,0.6118981742523454,0.9378551672114659,0.2620786561438926,0.6439024390243903,2.525292577211881,6.357814899180794
144,amg,0.9913448834638787,0.9976701560287442,0.3066366555289226,0.9219512195121952,0.15066502730989018,0.08870928386281325
144,oracle,1.0,1.0,0.30802922439927044,1.0,7.47102952956053e-13,1.1660066729747176e-13
145,ensemble,0.14053679321133977,0.6064482617153898,0.1512298650121505,0.25609756097560976,,
145,raw,0.2394475843870504,0.6545035268583831,0.15497960841955127,0.22926829268292684,,
145,smoothed,0.25113338826693304,0.7248878419332213,0.18086043300388002,0.32195121951219513,,
145,prediction_magnitude,0.31290991699903714,0.7326422984794145,0.1312907641649673,0.18292682926829268,,
145,boundary_distance,0.1995011484194617,0.600766248031444,0.10924954744862052,0.11910569105691056,,
145,jacobi1,0.2344816890608781,0.6676422323094636,0.17788941735400146,0.275609756097561,0.9298449260562797,0.5929901936890961
145,jacobi5,0.3199383566165854,0.6822194724931514,0.19439674458697295,0.2975609756097561,0.8359059766600409,0.3493632300946227
145,jacobi10,0.3946514337511657,0.7410988182046769,0.21519158135300548,0.36341463414634145,0.7688086024019818,0.2796341783981794
145,jacobi20,0.5079097251931415,0.8358548495957016,0.23774086986126264,0.45121951219512196,0.6812722252324604,0.21450605656991728
145,jacobi40,0.6251337634828509,0.9031900533329804,0.26400487829448294,0.573170731707317,0.5810785562539811,0.1558090394299737
145,jacobi80,0.7304466900518986,0.9460092902611066,0.2820869996624017,0.6658536585365854,0.4797800883430385,0.1099767456255623
145,cg5,0.2765583537516507,0.6739780051083202,0.18098396579044235,0.2780487804878049,0.8625611654803261,0.3484559369536497
145,pcg5,0.3847682913184824,0.7325397350555166,0.21124196644186188,0.348780487804878,0.7579847501407786,0.27177934560059225
145,poisson_pcg5,0.9786092641353541,0.9981783412516708,0.3159348282007941,0.9243902439024391,0.09719734806998832,0.040980301588972465
145,cg10,0.3929344755227738,0.7408897211598269,0.2188921238407099,0.3902439024390244,0.7697885911078963,0.23038467208659238
145,pcg10,0.6002085132997901,0.9000787422415732,0.2623022760340243,0.5658536585365853,0.5746321357245927,0.15380561859987144
145,poisson_pcg10,0.9999843675750303,0.999998014901473,0.3175387610187276,0.9975609756097561,0.002194066973008972,0.0008221467344168247
145,cg20,0.590805912040247,0.8757586384870902,0.25802994589581474,0.5390243902439025,0.6123661155775089,0.1361780769035288
145,pcg20,0.7848063652427936,0.960814155075897,0.28940521445213163,0.7073170731707317,0.4096730344374412,0.0796163386963376
145,poisson_pcg20,0.999999999301508,1.0,0.31753886934468517,1.0,8.881404404410515e-07,3.665307718648942e-07
145,cg40,0.7907016835919655,0.9697973876103384,0.29659645701226833,0.7146341463414634,0.38279283530231517,0.06239667808773171
145,pcg40,0.860205774477841,0.9847352540264415,0.30585347592773027,0.8,0.28155441833539896,0.032904472030515386
145,poisson_pcg40,1.0,1.0,0.31753886934468517,1.0,1.6269296070066772e-12,1.3747990783195496e-13
145,cg80,0.9476313145350703,0.9961674364437622,0.3133510698416688,0.8878048780487805,0.1604200254781003,0.021408564529045732
145,pcg80,0.9881768137503566,0.9995202678559613,0.31692671741555056,0.9585365853658536,0.06829951038810873,0.005494648667040399
145,poisson_pcg80,1.0,1.0,0.31753886934468517,1.0,1.6090709259491403e-12,1.3550436492237967e-13
145,poisson,0.40230099443324246,0.7524026309172479,0.2033320325656699,0.35365853658536583,4.698790008150877,6.869884203407848
145,amg,0.9765533679159504,0.9981326839855484,0.31581167647216285,0.9365853658536586,0.1664747561267519,0.07665713018241545
145,oracle,1.0,1.0,0.31753886934468517,1.0,1.6064264807062033e-12,1.3509819796709504e-13
146,ensemble,0.3558840785655948,0.6813930098063867,0.1438749762954538,0.21951219512195122,,
146,raw,0.15384980119661176,0.5865880126516946,0.12408184360869896,0.16341463414634147,,
146,smoothed,0.21518938024260137,0.5866832973809933,0.1264609059028399,0.18536585365853658,,
146,prediction_magnitude,0.5790962756142595,0.7252676574513982,0.11297611274112725,0.08048780487804878,,
146,boundary_distance,0.6526458031404248,0.7892394425843337,0.1633685070076003,0.3383855981416957,,
146,jacobi1,0.016371664519222943,0.5429257705490782,0.09769042235353974,0.11951219512195121,0.9857404723106,0.6352288890722012
146,jacobi5,0.08406372141798787,0.5919193255958604,0.10990836563195501,0.17560975609756097,0.9659775545274221,0.37729856943590484
146,jacobi10,0.07897797866453476,0.6274691317179043,0.11389692760378053,0.2146341463414634,0.9517655679419471,0.314501887665028
146,jacobi20,0.07499609769997212,0.6989459126821328,0.11568545415669759,0.24634146341463414,0.9307126499049938,0.2664343987218111
146,jacobi40,0.11254608126166203,0.79581144210791,0.12940730317467536,0.3195121951219512,0.8990770964174484,0.224978624568722
146,jacobi80,0.21248032994218277,0.8783822770403504,0.14765302835199412,0.4268292682926829,0.8527387408361408,0.19003925068105867
146,cg5,0.11966347260955931,0.6021571403994018,0.11749748672983712,0.20243902439024392,0.9692215393673653,0.35905398163047947
146,pcg5,0.08047093645449722,0.6272917962494872,0.11511689824982407,0.2097560975609756,0.9492381612686773,0.31128900261969616
146,poisson_pcg5,0.9971469592465138,0.9993138176091473,0.2273972764519298,0.9560975609756097,0.047472953876557006,0.03601106341061751
146,cg10,0.14540623849583723,0.7005617828831571,0.12358275308591714,0.29024390243902437,0.9453709052844091,0.2694139629640647
146,pcg10,0.08326288221061645,0.7877029763243916,0.1252701048922682,0.3146341463414634,0.8967906585725408,0.22745600262752802
146,poisson_pcg10,0.9999985090688844,1.0,0.2277088334998124,1.0,0.0007880070689319526,0.0008790767720009257
146,cg20,0.20972160271805024,0.7902796342125115,0.14345186747695335,0.4292682926829268,0.8923527284214691,0.19831460982389032
146,pcg20,0.34041792629216544,0.9186824239376414,0.16866652835342455,0.5195121951219512,0.7886626790727446,0.16707416216351684
146,poisson_pcg20,0.999999999476131,1.0,0.2277088334998124,1.0,1.2389606634930137e-06,8.591433887675005e-07
146,cg40,0.36666389784448733,0.8872609610523668,0.16859327701653537,0.5195121951219512,0.7722003536915493,0.1443082260858897
146,pcg40,0.7375137747855687,0.9650900573031774,0.21051319812186042,0.6853658536585366,0.5433613405783086,0.11475091645733068
146,poisson_pcg40,1.0,1.0,0.2277088334998124,1.0,4.958919745610796e-13,1.5066497099238148e-13
146,cg80,0.8815021573483367,0.9759300186599261,0.21976841659865798,0.7219512195121951,0.3602823133282968,0.07807795840830635
146,pcg80,0.9758108863159052,0.9966074666172597,0.22662188834272148,0.8975609756097561,0.1423310416367768,0.034957797549883554
146,poisson_pcg80,1.0,1.0,0.2277088334998124,1.0,5.205378672162304e-13,9.636513223898786e-14
146,poisson,0.47642153139782895,0.8180101372364782,0.1512626329496755,0.348780487804878,2.4737607685372907,7.45103906933394
146,amg,0.9932544946840851,0.9960476688326297,0.22622852877501856,0.8829268292682927,0.17392858232613417,0.08860717200426428
146,oracle,1.0,1.0,0.2277088334998124,1.0,4.828662246106792e-13,8.944303571393983e-14
147,ensemble,0.2157146210602818,0.6737649378664161,0.15989147072252008,0.2682926829268293,,
147,raw,0.215702814625092,0.6192819236928127,0.15936690938956632,0.2048780487804878,,
147,smoothed,0.22378577840029246,0.6751789897171896,0.15396917353669004,0.2097560975609756,,
147,prediction_magnitude,0.2169040289072859,0.6699039212312905,0.07819822274568061,0.03170731707317073,,
147,boundary_distance,0.24277293461732255,0.7054365231660998,0.07862178683727582,0.03809523809523809,,
147,jacobi1,0.20552507377332518,0.6240938025223985,0.15659942135708899,0.2146341463414634,0.9119794067976524,0.5396420616973294
147,jacobi5,0.37974536307500983,0.7181570345274804,0.1968137837445527,0.3121951219512195,0.8121485533105672,0.29053693529171587
147,jacobi10,0.4473156003544093,0.7663201566904437,0.2183908372905854,0.3853658536585366,0.7450883886673184,0.22431321421508993
147,jacobi20,0.5368418276034082,0.8444212114394611,0.24834609286835868,0.4975609756097561,0.6528921764449434,0.1658810335558555
147,jacobi40,0.6578364945962426,0.9231912443920967,0.26902769019658446,0.5951219512195122,0.5340397766305636,0.112413154714251
147,jacobi80,0.7864494174325493,0.9702076413059302,0.28965842009374615,0.7170731707317073,0.3994982973545355,0.06569457653821179
147,cg5,0.27229302945942985,0.6449863028201633,0.1746625471344353,0.23414634146341465,0.8587487679125166,0.30776833575900436
147,pcg5,0.44009865050093616,0.7587833992827178,0.21978932347459923,0.3902439024390244,0.737332074726185,0.2251988818792376
147,poisson_pcg5,0.9833722087771831,0.9987679155142067,0.31179692960252725,0.9439024390243902,0.08653629653992947,0.04598428763514622
147,cg10,0.3903334810574006,0.7075049958312931,0.20375906101131025,0.3170731707317073,0.7791437960893165,0.20923968140470292
147,pcg10,0.6248463287974383,0.9122639387001575,0.2677403819919111,0.5878048780487805,0.5341830618829485,0.1210012705669761
147,poisson_pcg10,0.9999981774598206,1.0,0.3130858590118688,1.0,0.0008794541207878906,0.0004433864532300432
147,cg20,0.5400232425299357,0.8276484522848484,0.24490206637839473,0.47560975609756095,0.6395565425554667,0.1258622211653997
147,pcg20,0.834998405657148,0.9845585802575334,0.2980242146320531,0.7829268292682927,0.31304010969828,0.043971651364301374
147,poisson_pcg20,0.9999999996507541,1.0,0.3130858590118688,1.0,2.95472246166002e-07,1.8008469308064208e-07
147,cg40,0.7093104071294574,0.9607989359871895,0.28080471635905585,0.6682926829268293,0.43939644381048837,0.061011643246322654
147,pcg40,0.9455955111357502,0.9961740534388523,0.309429559204844,0.8926829268292683,0.16108714935051857,0.015517708732275301
147,poisson_pcg40,1.0,1.0,0.3130858590118688,1.0,1.7135754253272711e-12,1.237318750798338e-13
147,cg80,0.8615224933134761,0.9891620237417784,0.3020514911848127,0.8,0.269521557995258,0.022950606858582676
147,pcg80,0.9923373501022258,0.9997604647777352,0.31279718579485144,0.975609756097561,0.05622205834136335,0.004828578244131262
147,poisson_pcg80,1.0,1.0,0.3130858590118688,1.0,1.7128489776620081e-12,1.2365045022233845e-13
147,poisson,0.6778990151458765,0.8739502137289414,0.20500460455992334,0.37317073170731707,3.3482616321472616,6.659049748370053
147,amg,0.9886280269917974,0.9988062940857297,0.31202368512579065,0.9439024390243902,0.14220484740760117,0.06982290544527182
147,oracle,1.0,1.0,0.3130858590118688,1.0,1.7122724758571632e-12,1.2364062535134638e-13
148,ensemble,0.06630656908370594,0.5287283458835673,0.10448720331085329,0.1073170731707317,,
148,raw,0.06275440579399649,0.5367911544009635,0.10976020456635412,0.14878048780487804,,
148,smoothed,0.059003770725095016,0.5197563622407793,0.10319212046099037,0.13170731707317074,,
148,prediction_magnitude,0.13217609732809496,0.5673940949935815,0.11643772060616203,0.12439024390243902,,
148,boundary_distance,0.16569676851095333,0.5785437317205511,0.12329742347506119,0.1034843205574913,,
148,jacobi1,0.09776834032467918,0.5732772653282692,0.13286675987811059,0.16585365853658537,0.9254467032114062,0.5464121569165129
148,jacobi5,0.22383278254447328,0.6861797440546299,0.1605760113291649,0.28292682926829266,0.8444960005276793,0.28921948312803425
148,jacobi10,0.3141032762151302,0.7342105263157894,0.1747488987276284,0.32926829268292684,0.7915691277330629,0.22132441425091018
148,jacobi20,0.41406715509975134,0.7992264732739568,0.19105882401904245,0.3926829268292683,0.7211877339730799,0.16670833273750213
148,jacobi40,0.5327343513211221,0.8661388510249726,0.20430595992726816,0.45365853658536587,0.6296954267993464,0.1257921770263538
148,jacobi80,0.6683561711919447,0.9204901869962813,0.21745237463567946,0.5341463414634147,0.5142367198081935,0.09364757468487099
148,cg5,0.1360616180072013,0.5985555099718116,0.142675859479096,0.2097560975609756,0.8923975986700999,0.3174763749477873
148,pcg5,0.31038586404379015,0.7261814644733534,0.17598702972043773,0.32439024390243903,0.7879215828046621,0.22173142797066256
148,poisson_pcg5,0.9938249665240738,0.9980076227783439,0.24826814347664425,0.9146341463414634,0.06413668566476413,0.03918874483885395
148,cg10,0.21811309161990683,0.6674979818164974,0.16027915214215138,0.2634146341463415,0.8338485295807372,0.21577470108146893
148,pcg10,0.4839274733991905,0.8369440069875468,0.1972744911449353,0.4170731707317073,0.6498996616726558,0.13410009559985425
148,poisson_pcg10,0.9999970349015763,0.999998014901473,0.2491318337887871,0.9975609756097561,0.0011091937881395702,0.00037812389948249414
148,cg20,0.40000206666312393,0.7706814181543877,0.1939375789572344,0.3951219512195122,0.7004244312457071,0.13872612978025695
148,pcg20,0.7825601011480638,0.9537994785807868,0.22887990912940798,0.6439024390243903,0.38732420072970747,0.07105354831464596
148,poisson_pcg20,0.9999999998253771,1.0,0.24913188513156745,1.0,4.032471668742085e-07,1.8152274627862186e-07
148,cg40,0.670806248783227,0.9086411338882786,0.22400251442672175,0.5707317073170731,0.4847071753917615,0.07596505997522526
148,pcg40,0.9117756067227003,0.9782188372616227,0.23806587806559606,0.7463414634146341,0.23663189920336558,0.029234724881330817
148,poisson_pcg40,1.0,1.0,0.24913188513156745,1.0,1.1927575694388184e-12,1.0882770268387423e-13
148,cg80,0.9558957152672352,0.9876996678268465,0.2437598078537087,0.8170731707317073,0.17025148128695589,0.02534996483329433
148,pcg80,0.9881336195306404,0.9988373939626537,0.24871916701852645,0.9585365853658536,0.0749569428687999,0.008353347641626053
148,poisson_pcg80,1.0,1.0,0.24913188513156745,1.0,1.196343469014485e-12,1.088740669663236e-13
148,poisson,0.5864445849158367,0.8267227346717309,0.15739000895080169,0.25121951219512195,3.061161057245506,7.055553410552389
148,amg,0.9594838163181806,0.9941479295422363,0.24753234793701856,0.9073170731707317,0.16973028088493622,0.06010679050969547
148,oracle,1.0,1.0,0.24913188513156745,1.0,1.210961073342354e-12,1.1026412361893084e-13
149,ensemble,0.203222338348841,0.5933545518309226,0.1352472835102464,0.17073170731707318,,
149,raw,0.12661922348535648,0.6076618186149306,0.13481862718946142,0.1975609756097561,,
149,smoothed,0.17593984871418245,0.631752974339293,0.14268275715025483,0.21707317073170732,,
149,prediction_magnitude,0.42544113208142337,0.7449955666132896,0.15109521279776023,0.23414634146341465,,
149,boundary_distance,0.49146353600565884,0.8667059275042018,0.23892181320936062,0.6168408826945413,,
149,jacobi1,0.0787111646845141,0.5909717718989452,0.12443314511964924,0.16829268292682928,0.9482344570907134,0.5913862326125401
149,jacobi5,0.16018216562379023,0.6435881317576062,0.1462149399067741,0.24634146341463414,0.8955129160042204,0.3025457737499693
149,jacobi10,0.19556084410603533,0.6688584360070405,0.15642722738521844,0.2926829268292683,0.8666329918990543,0.23493986165518038
149,jacobi20,0.2503790333510918,0.7089124306869764,0.16770163435304783,0.3439024390243902,0.8299307585050455,0.18219690638764355
149,jacobi40,0.3090991964282921,0.7606434366025701,0.18471869052809484,0.4170731707317073,0.7820873350658364,0.13686990473344962
149,jacobi80,0.37068757674331304,0.842739171287535,0.2048055586891673,0.4951219512195122,0.7221084660950093,0.09936913171954023
149,cg5,0.11855181145930284,0.6245616240752749,0.1475820249105359,0.24634146341463414,0.9087578106410649,0.30593859441949095
149,pcg5,0.1928233835177464,0.6678493442557866,0.16203018255034987,0.3073170731707317,0.864188853649082,0.2366471390072402
149,poisson_pcg5,0.9914252886210743,0.9991007503672432,0.27544973576449105,0.948780487804878,0.08073785906507329,0.0355957773882534
149,cg10,0.17693762703473506,0.6946521445681088,0.16315619176026863,0.34146341463414637,0.8635079141453107,0.19511064359209457
149,pcg10,0.3100356041963945,0.7589838942339505,0.1812601095489085,0.40487804878048783,0.7871752360333751,0.14525436818016405
149,poisson_pcg10,0.9999983431770412,0.999999338300491,0.275957482462747,0.9975609756097561,0.0007415867005158075,0.0007425591833829597
149,cg20,0.252040243887413,0.7887868401201646,0.18236251196724743,0.45121951219512196,0.7992989423115405,0.11615783420409419
149,pcg20,0.42948917542799125,0.9095536175112158,0.21714114205954627,0.5341463414634147,0.6647248284658022,0.08003979050739472
149,poisson_pcg20,0.9999999996507541,1.0,0.2759577093706797,1.0,4.0801380582301776e-07,3.4179235829693965e-07
149,cg40,0.34630619965130166,0.8856007569842383,0.2145309444358235,0.5585365853658537,0.7062609128648003,0.07626225762041171
149,pcg40,0.6123286157395053,0.9810449558646428,0.2552925750542099,0.7560975609756098,0.5002726334154234,0.05607935924969753
149,poisson_pcg40,1.0,1.0,0.2759577093706797,1.0,1.7369671634977012e-12,1.8875068236266745e-13
149,cg80,0.7122804119353615,0.9837162367825523,0.2633218333403495,0.7829268292682927,0.42130940405242123,0.044829203167433905
149,pcg80,0.9908329621896238,0.9989598083718222,0.27540349576779416,0.9365853658536586,0.06761214537373621,0.010734944742084161
149,poisson_pcg80,1.0,1.0,0.2759577093706797,1.0,1.747521763252283e-12,1.8788581793317326e-13
149,poisson,0.5379027653143528,0.9162381059513254,0.22358998256133594,0.5780487804878048,3.6233218027166165,7.317410704570028
149,amg,0.9932670526966373,0.9984747826317113,0.2745515294849292,0.9365853658536586,0.12056501524608507,0.06503423372424695
149,oracle,1.0,1.0,0.2759577093706797,1.0,1.7220695858171175e-12,1.850479096568788e-13
150,ensemble,0.16507633036457484,0.5947719121792412,0.13024597292621676,0.18292682926829268,,
150,raw,0.19375509794366197,0.7253166232150656,0.18376512224523453,0.36585365853658536,,
150,smoothed,0.1994014384799563,0.7801695274142106,0.19206802377949095,0.4073170731707317,,
150,prediction_magnitude,0.31815190454872505,0.691936529783095,0.10848831754058208,0.05853658536585366,,
150,boundary_distance,0.2672616347483717,0.6371014914706933,0.108579407679356,0.056445993031358874,,
150,jacobi1,0.16623285390800113,0.6975887669891349,0.17942202683994177,0.32682926829268294,0.8986756776336544,0.5518073468245348
150,jacobi5,0.2971373013726317,0.785482974471633,0.21331920342283686,0.43414634146341463,0.7945800402265387,0.3044742343963702
150,jacobi10,0.3678574007753037,0.8300649788917857,0.23486602710029073,0.5146341463414634,0.7272448527417877,0.2188756474979076
150,jacobi20,0.4540705244853288,0.882243293675476,0.25305769762745595,0.5951219512195122,0.6411383999398128,0.1414716736452221
150,jacobi40,0.565277908686815,0.9430303190715033,0.26875608094754777,0.6780487804878049,0.5407557749496128,0.08871657005218624
150,jacobi80,0.7045288248009466,0.9728948030120562,0.2798700511610334,0.748780487804878,0.4294312689340897,0.059529142341043687
150,cg5,0.23766543328351133,0.7563351110993476,0.2009296793858202,0.4170731707317073,0.8250769911531964,0.2855944969479023
150,pcg5,0.3752615796558011,0.828471606474068,0.23537314965535613,0.524390243902439,0.7119335432247278,0.2085426644447568
150,poisson_pcg5,0.973444534338033,0.9959292246205154,0.2944826972709242,0.8975609756097561,0.11949098476980094,0.04178660868475903
150,cg10,0.29962253127092686,0.8091943146778185,0.2208952940646338,0.47804878048780486,0.7485045567324715,0.1794659399954502
150,pcg10,0.5101831243040227,0.9190595926577823,0.26275348885396216,0.6487804878048781,0.5691604769303636,0.0967158946743896
150,poisson_pcg10,0.9999984065651875,1.0,0.29726958156047856,1.0,0.0007357539081269654,0.00032414885258267944
150,cg20,0.41430298903993457,0.8687042600214391,0.24939389511458002,0.6024390243902439,0.6368683709981565,0.10860985925521859
150,pcg20,0.7733178060663302,0.9798002990881781,0.2830020160428784,0.775609756097561,0.35629024923673724,0.04641696561604157
150,poisson_pcg20,1.0,1.0,0.29726958156047856,1.0,8.671035626433264e-08,6.961787000480629e-08
150,cg40,0.6472484775459418,0.9678672101425301,0.2784681439765702,0.751219512195122,0.4534384237494452,0.06104802719958607
150,pcg40,0.9341896666801894,0.9908566361843759,0.29098198253935303,0.8609756097560975,0.18723495483455765,0.019368406546045366
150,poisson_pcg40,1.0,1.0,0.29726958156047856,1.0,1.5316368908222855e-12,1.2122591250164145e-13
150,cg80,0.9458395567221862,0.9953853076241017,0.2944416905139123,0.9,0.1625094585124554,0.019355363123658445
150,pcg80,0.986765570790038,0.9981624604634544,0.2959799869243369,0.9097560975609756,0.07957008205828416,0.006267366970069944
150,poisson_pcg80,1.0,1.0,0.29726958156047856,1.0,1.5316368908222855e-12,1.2122591250164145e-13
150,poisson,0.6313804320253876,0.8925221338485767,0.24612150193870103,0.5634146341463414,3.9898226032318576,6.854314474536872
150,amg,0.9747855453274911,0.9980499715469211,0.2958940470083526,0.9195121951219513,0.14119931907088884,0.0564648458492756
150,oracle,1.0,1.0,0.29726958156047856,1.0,1.5441461348559047e-12,1.2248650658580829e-13
151,ensemble,0.3954456769242169,0.6937932586054021,0.1632190831451543,0.275609756097561,,
151,raw,0.10925288841098998,0.6106659343858767,0.12690828161777623,0.17317073170731706,,
151,smoothed,0.15388040876560488,0.6338843084578432,0.1381719216247745,0.22195121951219512,,
151,prediction_magnitude,0.5717387064046014,0.7304368540158543,0.15193019926093612,0.15853658536585366,,
151,boundary_distance,0.5985716413641371,0.7174529862498842,0.15282737318333028,0.22015098722415796,,
151,jacobi1,0.029817929231419665,0.6313188994613766,0.13252546973468388,0.25609756097560976,0.9805685202736651,0.644943542709393
151,jacobi5,0.11351432838935128,0.689428688643913,0.1462383549429586,0.3048780487804878,0.9552385193332181,0.4210023148648467
151,jacobi10,0.1571028866382174,0.7281897224832259,0.15611394285004548,0.3463414634146341,0.937183206164057,0.3600995687216894
151,jacobi20,0.2049172362798854,0.7626457393168614,0.16926621390245422,0.4073170731707317,0.9102480659711113,0.30747561673291174
151,jacobi40,0.26491695440344987,0.7995440890382859,0.18684825621922252,0.47804878048780486,0.8687369125968014,0.2595348884521154
151,jacobi80,0.3440897232706121,0.8890998239879306,0.2062104305037778,0.5756097560975609,0.807323803261982,0.21396884620288728
151,cg5,0.10387848197549848,0.6506517740163836,0.14378387694555336,0.25609756097560976,0.9606365670604521,0.4308443480372693
151,pcg5,0.17560402512425335,0.7347246668342972,0.1582734468375436,0.35609756097560974,0.9314572985264661,0.3549173286816255
151,poisson_pcg5,0.9960375144112866,0.9988684938395775,0.24844468411784976,0.9390243902439024,0.059573106636007615,0.04382772834771095
151,cg10,0.15093262962502269,0.7131373820520626,0.16414598244209203,0.35853658536585364,0.9304578096209793,0.31675109683038594
151,pcg10,0.276129233985926,0.7887557402432407,0.18875460929867086,0.48292682926829267,0.8640694660783126,0.2621411087025941
151,poisson_pcg10,0.9999989980132653,1.0,0.24895512604015393,1.0,0.0006415108990417426,0.0007640472221875123
151,cg20,0.2274027826998179,0.7993634450723237,0.18105183010504003,0.48048780487804876,0.8644954449699244,0.2236959418495575
151,pcg20,0.45506925659667,0.957710784378598,0.22233735491792958,0.6731707317073171,0.6983843747303274,0.17004957847589242
151,poisson_pcg20,0.9999999996507541,1.0,0.24895512604015393,1.0,2.1338361386095872e-07,3.192224305595891e-07
151,cg40,0.39038744008615256,0.9101756150496937,0.20173164765664364,0.5829268292682926,0.7447094875343623,0.15295765257149715
151,pcg40,0.7717930738765343,0.9887709593319481,0.2428527593109015,0.8097560975609757,0.48306202289902983,0.10335086475652172
151,poisson_pcg40,1.0,1.0,0.24895512604015393,1.0,6.17509054974008e-13,1.3622774644891144e-13
151,cg80,0.8010862414557668,0.9735809854029088,0.24018959265853485,0.7585365853658537,0.415467588406221,0.08508035351160727
151,pcg80,0.9920758691084158,0.9978269788123817,0.24803237824013494,0.9121951219512195,0.06521779947156031,0.01896991355133698
151,poisson_pcg80,1.0,1.0,0.24895512604015393,1.0,6.137591973899037e-13,1.3527586005763228e-13
151,poisson,0.7899262478391454,0.942604184587695,0.21929744454696884,0.5902439024390244,2.1657969335329414,6.558013056774654
151,amg,0.9946497523063647,0.9986421926074931,0.24841595240752473,0.9390243902439024,0.09094233282067009,0.07837739096681752
151,oracle,1.0,1.0,0.24895512604015393,1.0,6.455933921339041e-13,1.424498776667586e-13
152,ensemble,0.15277547793475033,0.653245636091738,0.14313187328804675,0.2146341463414634,,
152,raw,0.28023597545465684,0.7573891984172147,0.21226000362508995,0.3829268292682927,,
152,smoothed,0.36095258218791826,0.8482630387888253,0.23063891315374097,0.45365853658536587,,
152,prediction_magnitude,0.39345263956903387,0.7991503778304196,0.12555771072359753,0.16829268292682928,,
152,boundary_distance,0.31906664168744897,0.719538663102312,0.11527225610631738,0.14767711962833915,,
152,jacobi1,0.23989118528835093,0.6899110675859879,0.17981707794228635,0.28292682926829266,0.9251102779018897,0.5509778416911105
152,jacobi5,0.38716527461407485,0.7533594484072893,0.2163656414263391,0.36585365853658536,0.8541670758732174,0.2592177067869362
152,jacobi10,0.42979561782620807,0.7646758334105316,0.2214745482684907,0.37317073170731707,0.8215474322196595,0.18446062934802807
152,jacobi20,0.4584180350892751,0.7657914587827376,0.22347037875527423,0.3780487804878049,0.7883385276365912,0.1366391241422146
152,jacobi40,0.4835561292223561,0.7608710612336725,0.23267006604604923,0.4121951219512195,0.7569175815569227,0.10707200947677725
152,jacobi80,0.5044500397958817,0.7697841536201581,0.24271420044542222,0.44390243902439025,0.7301928967382706,0.0900600004916129
152,cg5,0.3027645378042296,0.7507768352235883,0.21176535550093134,0.35853658536585364,0.901345495289486,0.30676726925577946
152,pcg5,0.42782043270348363,0.7624366422720115,0.21825114313385474,0.36829268292682926,0.8242683938972317,0.17621748349250493
152,poisson_pcg5,0.9940587172119487,0.9998511176104707,0.33523156127114506,0.9780487804878049,0.06360515699952653,0.04158309110873864
152,cg10,0.35996400981694143,0.7537405873244842,0.2258427424378299,0.4,0.8524207060794896,0.17952541845532982
152,pcg10,0.46794180898999405,0.7548178341251671,0.23305532024639633,0.4097560975609756,0.7656925831331962,0.10001306915089604
152,poisson_pcg10,0.9999996636761151,1.0,0.33566168345528835,1.0,0.00030567699176495885,0.0003949474726778446
152,cg20,0.417580089508673,0.7551116287071715,0.2356752743513591,0.4170731707317073,0.7886686409332119,0.10740238970683494
152,pcg20,0.5038969591836495,0.7696809284967511,0.24660042879442776,0.4560975609756098,0.7217837277488722,0.06987370185013508
152,poisson_pcg20,0.9999999998253771,1.0,0.33566168345528835,1.0,1.003249960654647e-07,8.503969911339039e-08
152,cg40,0.4839128476757764,0.8333622275452272,0.25942920927288626,0.5195121951219512,0.6736746259115772,0.06627674128794137
152,pcg40,0.5421253799656632,0.9431050911160224,0.2909603737097353,0.6317073170731707,0.5532931172976032,0.044535936362778306
152,poisson_pcg40,1.0,1.0,0.33566168345528835,1.0,2.0847828702403086e-12,1.4748589323630596e-13
152,cg80,0.5696691202664038,0.9712643754218334,0.30600061066611806,0.7170731707317073,0.48743218580228315,0.036414215428130725
152,pcg80,0.9043829826456596,0.9983338406362903,0.3333014509365844,0.9317073170731708,0.1898684646614813,0.016558873345114536
152,poisson_pcg80,1.0,1.0,0.33566168345528835,1.0,2.0847828702403086e-12,1.4748589323630596e-13
152,poisson,0.6966701474966385,0.9523841033309953,0.2880492772226339,0.6536585365853659,3.399802155167875,6.7740344800262475
152,amg,0.9585982826890332,0.9937277503540093,0.32960367112431865,0.8658536585365854,0.21546665645924795,0.0576569949213766
152,oracle,1.0,1.0,0.33566168345528835,1.0,2.1063848720265536e-12,1.4905406496513565e-13
153,ensemble,0.19282594907876174,0.7216541164326457,0.18907021327861442,0.3439024390243902,,
153,raw,0.20131950896181966,0.6745033945184813,0.191839410688849,0.32682926829268294,,
153,smoothed,0.1849319705140275,0.7298161798763946,0.2019881716031502,0.3804878048780488,,
153,prediction_magnitude,0.19333433947609527,0.6384877519420881,0.08381164859186975,0.041463414634146344,,
153,boundary_distance,0.14150345152884614,0.5947791908738403,0.10392163166011632,0.10261324041811846,,
153,jacobi1,0.18370401359354788,0.6195618225851276,0.17368693794127543,0.24146341463414633,0.9269247253182323,0.5519800733325655
153,jacobi5,0.3333587980805553,0.6472757831213689,0.20386956523885627,0.28780487804878047,0.8521163109550792,0.3180630071789725
153,jacobi10,0.40920973400531613,0.685345340973757,0.2194755543036485,0.32439024390243903,0.8046493314286949,0.25232263713784103
153,jacobi20,0.5056415897431427,0.7479864483940553,0.24487367881681107,0.40487804878048783,0.7406485304851047,0.19592542330035154
153,jacobi40,0.6184119780812102,0.8145282744200204,0.26361151968829377,0.4658536585365854,0.657535970762155,0.1470424567765295
153,jacobi80,0.7394411317182076,0.8631506160422429,0.28368177042903187,0.551219512195122,0.5590813380135107,0.10575395092450901
153,cg5,0.2454629574409959,0.6720193745616241,0.1962926966631841,0.3097560975609756,0.887776218021775,0.3676614805930306
153,pcg5,0.4147059497574166,0.6851077908500192,0.2227576183051881,0.33902439024390246,0.8015154635650835,0.2475197416380209
153,poisson_pcg5,0.9868613099415078,0.998744756031391,0.34099573876514744,0.9341463414634147,0.07818159493798701,0.046353770677889754
153,cg10,0.3413969169248852,0.6811078173179995,0.22087525223535334,0.32439024390243903,0.8209800083755818,0.23463730332884694
153,pcg10,0.5905450663248862,0.8086272381985893,0.26429511353511836,0.47560975609756095,0.6600047414921921,0.15028909734625354
153,poisson_pcg10,0.9999989987117572,0.999999338300491,0.3420737696408345,0.9975609756097561,0.0005368903872889712,0.0006431567761982991
153,cg20,0.47846469009224346,0.7457631380437516,0.248281804470584,0.4024390243902439,0.7161484633284623,0.1489040665421924
153,pcg20,0.791543683534298,0.8858952132657517,0.2929844657824301,0.6341463414634146,0.47098131234207585,0.08005609341965986
153,poisson_pcg20,1.0,1.0,0.3420739097862573,1.0,6.51682388019518e-08,6.718723580462856e-08
153,cg40,0.6942751777787799,0.9205682675383455,0.29088671454536397,0.5975609756097561,0.4939416724190097,0.08657599756330231
153,pcg40,0.8482226662209729,0.9470554371848656,0.3101877716100597,0.651219512195122,0.35623441327772193,0.04288807531868563
153,poisson_pcg40,1.0,1.0,0.3420739097862573,1.0,4.410320014076201e-12,3.394361847353818e-13
153,cg80,0.9230041458013145,0.9937945820044202,0.3362975130996121,0.8560975609756097,0.18188291931468897,0.025864825527260965
153,pcg80,0.9249469676954728,0.9955844791763164,0.33879273429764706,0.8804878048780488,0.16570278770315638,0.012623070909968066
153,poisson_pcg80,1.0,1.0,0.3420739097862573,1.0,4.410320014076201e-12,3.394361847353818e-13
153,poisson,0.4614836967992193,0.8602060532271085,0.21710913706493293,0.3780487804878049,2.7504098943565216,6.039756609789796
153,amg,0.9748647450621647,0.9954951497425989,0.33886770193502924,0.9,0.1678719602769443,0.06558638292885927
153,oracle,1.0,1.0,0.3420739097862573,1.0,4.3630731467944975e-12,3.356502562708535e-13
154,ensemble,0.1419332648126678,0.6093756203432897,0.1386991659004961,0.17560975609756097,,
154,raw,0.23191579975430965,0.6526540767306751,0.15005457057190913,0.24146341463414633,,
154,smoothed,0.24969811508728132,0.6837572621521115,0.16093330416708038,0.2731707317073171,,
154,prediction_magnitude,0.23349401914152992,0.7137534242949591,0.09781979945744536,0.09024390243902439,,
154,boundary_distance,0.1047712396427852,0.5795124598017548,0.10245193566273902,0.09140534262485484,,
154,jacobi1,0.26690555127054016,0.6530517581355955,0.1764747861917603,0.24878048780487805,0.9170100836213724,0.615266506925072
154,jacobi5,0.36839934340916386,0.7169831795984808,0.20205797818513946,0.33414634146341465,0.8183467505989552,0.355749090217282
154,jacobi10,0.4326725485767639,0.7491344970422031,0.21616528221717024,0.375609756097561,0.7596988860292128,0.2825006840981406
154,jacobi20,0.4986626220419145,0.7873152204121064,0.23902828811594642,0.45121951219512196,0.6865582736211407,0.2167524993911451
154,jacobi40,0.5697282133857773,0.8391077643820388,0.26184095055436457,0.551219512195122,0.6005570714065237,0.14962289711590715
154,jacobi80,0.6497279427899871,0.9043771422521605,0.2791719051912661,0.6097560975609756,0.5168063896647332,0.09110532746473946
154,cg5,0.2886109149862067,0.6761291902121409,0.1954586347391769,0.32682926829268294,0.838764629835824,0.3669754233425796
154,pcg5,0.4305674860312782,0.7437681140240594,0.21440582650313741,0.37073170731707317,0.7490997729231362,0.2805636614645225
154,poisson_pcg5,0.9775253343387708,0.9992185328798486,0.3210519891403268,0.9609756097560975,0.08833593385593883,0.03987267715446758
154,cg10,0.4284101328051169,0.7754727842991941,0.23797676258571215,0.43658536585365854,0.7171646172220203,0.22470192945298992
154,pcg10,0.5547245897491219,0.8353420324762119,0.26474105517377666,0.5585365853658537,0.5874611517074542,0.15029602910245107
154,poisson_pcg10,0.9999667350182972,0.999998676600982,0.3217867809299024,0.9975609756097561,0.002809273932742603,0.0007334604717621965
154,cg20,0.5704102315998216,0.8510262959384884,0.26389695189391826,0.5365853658536586,0.5939048617283473,0.11642310042974997
154,pcg20,0.6767407081778211,0.9294548919444702,0.2844194382354283,0.6317073170731707,0.48091470386546215,0.06835575291222383
154,poisson_pcg20,0.999999999476131,1.0,0.32178691170326323,1.0,5.751057224444986e-07,3.447926582148242e-07
154,cg40,0.7635632855170875,0.9553108002593862,0.2914498354388704,0.6902439024390243,0.41543286619853015,0.06385154233248037
154,pcg40,0.8378836580664424,0.9796878101716449,0.3052523585910026,0.7682926829268293,0.30938745869895135,0.03651100893883304
154,poisson_pcg40,1.0,1.0,0.32178691170326323,1.0,7.421123990889558e-13,7.929826958490401e-14
154,cg80,0.9400912505023554,0.994556198139301,0.3165734476655213,0.8658536585365854,0.16363239712895397,0.01921844000345291
154,pcg80,0.9828716720489664,0.9994560830035865,0.321433313269436,0.9634146341463414,0.0723702062568765,0.009024064482253222
154,poisson_pcg80,1.0,1.0,0.32178691170326323,1.0,7.389768243045175e-13,7.51293299528362e-14
154,poisson,0.44475587943045075,0.8799849132511943,0.25382973187291713,0.551219512195122,5.887888221378343,6.844002854484322
154,amg,0.9308573813292872,0.9958590844725593,0.31859853238237135,0.8975609756097561,0.18744408050669242,0.07507219330393858
154,oracle,1.0,1.0,0.32178691170326323,1.0,7.521389530790129e-13,7.642441470410798e-14
155,ensemble,0.24961936186360117,0.6790340510567341,0.17201239723013337,0.25609756097560976,,
155,raw,0.25133512811544184,0.7227796672974869,0.22053925819973982,0.36585365853658536,,
155,smoothed,0.3136569291926394,0.8547503407752471,0.23808410205591063,0.36585365853658536,,
155,prediction_magnitude,0.4916591171908039,0.7762800577001971,0.2273585581106976,0.4634146341463415,,
155,boundary_distance,0.47960994980787913,0.7371292828500722,0.21773471068826883,0.3742160278745645,,
155,jacobi1,0.13723691107766917,0.6496043036936067,0.16522617109484397,0.25853658536585367,0.9783433072190524,0.6486995008933584
155,jacobi5,0.26718657170416843,0.6964195439566984,0.2004449635758675,0.3097560975609756,0.9404019848235395,0.44708136284035055
155,jacobi10,0.31019262711268675,0.7040747455765388,0.20565199807422718,0.32682926829268294,0.9095375298924068,0.39168986548089446
155,jacobi20,0.3613457865441501,0.7438892050342099,0.2325825953548703,0.40487804878048783,0.86412931586667,0.34485313619205393
155,jacobi40,0.41135305941719175,0.794033455527176,0.2612176085075016,0.48048780487804876,0.7985536243511209,0.29909680702084845
155,jacobi80,0.5049179628861599,0.8657060995460741,0.27781446297120993,0.5414634146341464,0.7056071277801929,0.24828321013913845
155,cg5,0.22219443626976007,0.6881575638870876,0.20874052288524214,0.33170731707317075,0.9503903479330489,0.4567931730819197
155,pcg5,0.30530367032804984,0.7006001614546802,0.21192663848447338,0.34146341463414637,0.899820922240325,0.3877042442498421
155,poisson_pcg5,0.9898907826077288,0.9995553379299392,0.35874689098968965,0.9658536585365853,0.06990355045988413,0.03824572337258434
155,cg10,0.27438025164682056,0.7025065177401638,0.21461317585868298,0.33170731707317075,0.899790977212926,0.36841465152170944
155,pcg10,0.4071162550760809,0.7962137554093934,0.2581079772595584,0.4682926829268293,0.7766635845977999,0.30086049509034957
155,poisson_pcg10,0.9999996111145942,1.0,0.35913618536763664,1.0,0.0003109028797735737,0.0005390629588160319
155,cg20,0.4283750508711704,0.8669778860024085,0.28062329566784133,0.526829268292683,0.7344928582537485,0.2652783362117175
155,pcg20,0.645478297896321,0.9428205603271442,0.3028749754187174,0.6365853658536585,0.5347725268432355,0.18979147415512626
155,poisson_pcg20,1.0,1.0,0.35913618536763664,1.0,8.829944609069652e-08,1.2171161582935344e-07
155,cg40,0.6662697246798895,0.9814340351759459,0.34683198531671344,0.8097560975609757,0.44151889095067365,0.13227422529824012
155,pcg40,0.8272789374537319,0.9960642113203552,0.35522258057079037,0.8780487804878049,0.23918251847901806,0.054684498716431565
155,poisson_pcg40,1.0,1.0,0.35913618536763664,1.0,1.5052575642105582e-12,2.0031394483318224e-13
155,cg80,0.8590297881540903,0.9952966398898933,0.3551592889275588,0.8829268292682927,0.2144797117254023,0.04446821757207261
155,pcg80,0.9868424700414,0.998920106401281,0.35795170817871336,0.9317073170731708,0.07164268392394785,0.009209271467381725
155,poisson_pcg80,1.0,1.0,0.35913618536763664,1.0,1.5048699149765505e-12,2.002830397820175e-13
155,poisson,0.6481300285484846,0.8905562246072813,0.27278520604393125,0.5463414634146342,2.6932203181251593,6.157747878297338
155,amg,0.9737826339640548,0.9978382277040351,0.3570625064555542,0.9195121951219513,0.24641494415061083,0.11258673310454355
155,oracle,1.0,1.0,0.35913618536763664,1.0,1.4854639913288774e-12,1.9747254116216608e-13
156,ensemble,0.2137247674315098,0.6653633392004024,0.13705552705900126,0.22926829268292684,,
156,raw,0.10962828611136444,0.6528029591202044,0.14919764376144604,0.2658536585365854,,
156,smoothed,0.10910937904426851,0.6675105541071689,0.14912064939921738,0.275609756097561,,
156,prediction_magnitude,0.20447239590457952,0.6586603231740402,0.08640780451553252,0.08780487804878048,,
156,boundary_distance,0.21389522938244804,0.678820322115321,0.09317924619766392,0.10278745644599303,,
156,jacobi1,0.10609061740320132,0.629865807339571,0.14598698641649674,0.22439024390243903,0.9309007406403692,0.5320923876788024
156,jacobi5,0.23296610571893933,0.6939203049111338,0.16836297976775638,0.28292682926829266,0.8673298722965849,0.2598625363666993
156,jacobi10,0.2856567998249412,0.7096833106149836,0.17141082100038507,0.28780487804878047,0.833703332431851,0.19624019143071278
156,jacobi20,0.35077251204004584,0.727427444648836,0.17706251555978397,0.2975609756097561,0.7909770224924015,0.14743336645353328
156,jacobi40,0.42071549773755657,0.7539854161428212,0.184150302058759,0.32682926829268294,0.7372011312617441,0.11350666879776942
156,jacobi80,0.4976061368680492,0.7864053835872054,0.1956558814719426,0.3878048780487805,0.6707168358987939,0.09347171177148177
156,cg5,0.1415666904628912,0.6595430303190715,0.15465298682742337,0.24390243902439024,0.903845552269125,0.30393413885968396
156,pcg5,0.2731938092474861,0.7047589428688644,0.17157736695116468,0.28780487804878047,0.8393264262479201,0.18528271521628298
156,poisson_pcg5,0.9942827450661881,0.9995685719201196,0.26018976582936876,0.9707317073170731,0.0799444741549947,0.044791655147649066
156,cg10,0.2175460762674444,0.692777549859058,0.16636698164010832,0.2780487804878049,0.8575096420268997,0.1812238888380123
156,pcg10,0.39031143211054775,0.7325245159668091,0.17978048866617782,0.3121951219512195,0.7534529216982928,0.1039383771393164
156,poisson_pcg10,0.9999994548270155,1.0,0.2605036355919224,1.0,0.0004052394578720339,0.0004483880423992515
156,cg20,0.3165997600414647,0.7482696557839154,0.17724673460807006,0.3170731707317073,0.7923253199867132,0.1146246595897514
156,pcg20,0.5458597871451886,0.807847094477456,0.20427220214716107,0.44878048780487806,0.6231408807547477,0.06843850413478217
156,poisson_pcg20,0.9999999996507541,1.0,0.2605036355919224,1.0,1.0864009091858662e-07,9.942154488650639e-08
156,cg40,0.4821981918515491,0.8468383997459074,0.20548574703290062,0.4317073170731707,0.6461755310694863,0.0734710884175789
156,pcg40,0.7823533693520498,0.9414945145110702,0.2289469364387394,0.5975609756097561,0.37498769063393017,0.03683273873349239
156,poisson_pcg40,1.0,1.0,0.2605036355919224,1.0,1.1809132667663637e-12,9.066884377387957e-14
156,cg80,0.7865266861861646,0.9588317033468761,0.24214751552245603,0.6878048780487804,0.36964399686539917,0.03590101255721182
156,pcg80,0.96913134937585,0.9976469965459286,0.2588587420173295,0.9170731707317074,0.12474920751389401,0.0108922891729383
156,poisson_pcg80,1.0,1.0,0.2605036355919224,1.0,1.1792939872520221e-12,9.052130157404082e-14
156,poisson,0.4522943065472279,0.8557594325265011,0.1978796028295159,0.45121951219512196,3.845245220827668,6.62413610782596
156,amg,0.9698053543153619,0.9978190384182735,0.2589666556322943,0.9195121951219513,0.1498852165517671,0.055655906797730095
156,oracle,1.0,1.0,0.2605036355919224,1.0,1.1899232427430953e-12,9.140138664857634e-14
157,ensemble,0.19688409471472915,0.699963606527004,0.1718561316349334,0.28780487804878047,,
157,raw,0.18319695295030716,0.6121924751531834,0.1697057559319241,0.23902439024390243,,
157,smoothed,0.17260074485926674,0.6612065428847452,0.18779557036537795,0.3048780487804878,,
157,prediction_magnitude,0.372567783896195,0.8697219538663102,0.26462235654338934,0.5048780487804878,,
157,boundary_distance,0.26143773849673546,0.7919232957929145,0.15972059098796398,0.26608594657375145,,
157,jacobi1,0.19589114227521523,0.6464585842277305,0.18262436116489755,0.2707317073170732,0.9368991336854828,0.5724642980770271
157,jacobi5,0.2881545629393235,0.6699833251723727,0.19005458127904018,0.2780487804878049,0.8716908288409874,0.30602842097615546
157,jacobi10,0.3455631847526355,0.7017250506200124,0.20223377735685763,0.3024390243902439,0.8352197776555585,0.2495025177459426
157,jacobi20,0.41730511137985365,0.7310462792636608,0.2163365523799841,0.348780487804878,0.7856692319127883,0.2073384622109867
157,jacobi40,0.4985095653376656,0.7627774175191562,0.24780038522412176,0.4609756097560976,0.7157832363584148,0.16780034650175985
157,jacobi80,0.5927067655681009,0.8112085279832723,0.27701543503404846,0.573170731707317,0.6165651877194306,0.1259435149996962
157,cg5,0.22222062395617362,0.6218870346598203,0.18425238390310614,0.275609756097561,0.8808102011073516,0.3362243818823488
157,pcg5,0.34128261936557264,0.7041475325225308,0.19742732278871458,0.29024390243902437,0.8346895060192784,0.25196131385681925
157,poisson_pcg5,0.960377867009196,0.9991550097269828,0.33515068241255974,0.9560975609756097,0.11751382493937104,0.0437000161414169
157,cg10,0.3030990068436008,0.6639836957240978,0.21185877628190009,0.3073170731707317,0.811636990319186,0.22233784265084325
157,pcg10,0.4950970936321784,0.765492370604661,0.25029538326263967,0.48292682926829267,0.7171157698947727,0.17518076493597637
157,poisson_pcg10,0.9999791056603778,0.999999338300491,0.33595484415735355,0.9975609756097561,0.002660110458926018,0.0008819278320895479
157,cg20,0.43743642448301534,0.7493952066487567,0.25125868499322623,0.4024390243902439,0.6897741912454897,0.13035173178126117
157,pcg20,0.692549910464505,0.899686354432725,0.3007914917301078,0.6658536585365854,0.47723025388674334,0.08610275235552768
157,poisson_pcg20,0.9999999998253771,1.0,0.33595712642171555,1.0,1.5246950798373782e-07,1.9756582665462726e-07
157,cg40,0.5250780831952555,0.846545928562921,0.27473801065607795,0.48048780487804876,0.5519038641695847,0.06626068652658064
157,pcg40,0.8522844981483259,0.9906759922184137,0.32590729255028245,0.824390243902439,0.25633251388806866,0.028708544162156277
157,poisson_pcg40,1.0,1.0,0.33595712642171555,1.0,1.8469449337776014e-12,1.9187789801162725e-13
157,cg80,0.7505140511509025,0.9872722099440202,0.32052558954528865,0.7707317073170732,0.3217579986573791,0.03384837648627883
157,pcg80,0.9824990882235036,0.9996764289400897,0.3354778320046905,0.9658536585365853,0.07845243926140977,0.010477742601853154
157,poisson_pcg80,1.0,1.0,0.33595712642171555,1.0,1.847722630611124e-12,1.9198332831777545e-13
157,poisson,0.44455262193350853,0.806352315286582,0.2035923106493825,0.32926829268292684,4.22913407900568,6.896213920295402
157,amg,0.9682534256421209,0.9964850522080912,0.33323018301519564,0.9146341463414634,0.20897821384088278,0.07538459862787573
157,oracle,1.0,1.0,0.33595712642171555,1.0,1.8582790317781525e-12,1.9296476540837328e-13
158,ensemble,0.16048829527222636,0.6154116432645607,0.12212647274690819,0.16341463414634147,,
158,raw,0.22512690062459714,0.6825642179373503,0.14416501813103058,0.21707317073170732,,
158,smoothed,0.2213126084897732,0.7131400288500986,0.1372976562602491,0.16341463414634147,,
158,prediction_magnitude,0.42475561966128617,0.7443100459219459,0.11065003951796792,0.16829268292682928,,
158,boundary_distance,0.5369132403306089,0.8001918928576155,0.15009564550300963,0.2284552845528455,,
158,jacobi1,0.0251650457950895,0.5476450114474015,0.11479992197830083,0.15853658536585366,0.9700264307772892,0.6173046880981392
158,jacobi5,0.10539483505559104,0.6145071000357317,0.12685192071544646,0.1951219512195122,0.9411594235924191,0.3678952192682338
158,jacobi10,0.13742959724785223,0.6581514762516046,0.13296997780528935,0.21707317073170732,0.9239071936473986,0.3014623070832733
158,jacobi20,0.18449700140190134,0.7284259492079457,0.1316697200448493,0.23658536585365852,0.8991479839570263,0.24567393048457775
158,jacobi40,0.23620061616351778,0.8059347828963911,0.14808993124451783,0.33658536585365856,0.8630474001897165,0.19562189505802266
158,jacobi80,0.29087607206643434,0.868738006696399,0.1648026434829417,0.4317073170731707,0.8145732918962235,0.15316880164386476
158,cg5,0.14746222394759054,0.671879094265712,0.14503611946463457,0.24390243902439024,0.944291182355693,0.3513228424520378
158,pcg5,0.14389974672541375,0.655233381416831,0.13201491518176178,0.2146341463414634,0.9220466131602242,0.29929063099149644
158,poisson_pcg5,0.9923630720691166,0.9993945449492476,0.2701406500548741,0.9634146341463414,0.06757008223799603,0.04361096434386866
158,cg10,0.18143951431813551,0.7339054828421318,0.14868751890841467,0.3073170731707317,0.9098487043962323,0.23998232575536319
158,pcg10,0.23102262584534294,0.7957300530683006,0.14452208933657554,0.32926829268292684,0.8641753578765305,0.2007385649028767
158,poisson_pcg10,0.9999970383940362,1.0,0.27046759545891724,1.0,0.000973699175319995,0.0008965869439562986
158,cg20,0.26683201298792736,0.8652045313182377,0.1773368178122346,0.4878048780487805,0.8485927004707632,0.16244557138731022
158,pcg20,0.34288441757168875,0.8952066487566667,0.1704786837969332,0.44878048780487806,0.7685471589261943,0.12975637981681806
158,poisson_pcg20,0.9999999996507541,1.0,0.27046759545891724,1.0,1.8917528104781822e-06,8.151899006435509e-07
158,cg40,0.414552705857319,0.9601643661580403,0.21345687269721025,0.651219512195122,0.713130290497959,0.11430923344846015
158,pcg40,0.5678298529503967,0.9603403782274393,0.22178515607735053,0.6487804878048781,0.5809707196988233,0.08994863232158365
158,poisson_pcg40,1.0,1.0,0.27046759545891724,1.0,1.2786300819872892e-12,2.6485984158330076e-13
158,cg80,0.7671879550675202,0.9962441935868084,0.2675264544603881,0.8975609756097561,0.3816647647484207,0.05791434759053068
158,pcg80,0.955317433588501,0.9975993541812792,0.26912446302280607,0.9219512195121952,0.14577378063702126,0.027355537648634395
158,poisson_pcg80,1.0,1.0,0.27046759545891724,1.0,1.2108111682216594e-12,1.722388738974304e-13
158,poisson,0.5399208196834032,0.9051500072786945,0.2029132042042212,0.5560975609756098,3.3951647599732357,7.059244388424754
158,amg,0.9950262255097538,0.9992999219194579,0.27011824404977997,0.9585365853658536,0.12516055434235665,0.07692378548970945
158,oracle,1.0,1.0,0.27046759545891724,1.0,1.1538635641423864e-12,1.6402841863507277e-13
159,ensemble,0.21622042965666158,0.6461674364437622,0.11907936692954295,0.15121951219512195,,
159,raw,0.13989757317206328,0.5761490411974114,0.12676943998150308,0.17804878048780487,,
159,smoothed,0.13534215416237513,0.5702334475867818,0.12369305945377697,0.15121951219512195,,
159,prediction_magnitude,0.3150170802591305,0.6679922713497347,0.08888187357017278,0.05853658536585366,,
159,boundary_distance,0.35170604126297494,0.7235776769053638,0.12390635551773987,0.16103368176538907,,
159,jacobi1,0.12346574160205895,0.5986534414991465,0.13348736700652544,0.2073170731707317,0.9365397886667908,0.5657794282001963
159,jacobi5,0.2208378995499812,0.6833000277913793,0.14874889713142464,0.275609756097561,0.871985801659423,0.287243228191233
159,jacobi10,0.2740311387232438,0.7413026216534547,0.15371946459232225,0.3195121951219512,0.8334084351814499,0.21352009187499632
159,jacobi20,0.33750072066909276,0.8020367110887604,0.16985192948673533,0.3780487804878049,0.7831318200439122,0.15655280088551252
159,jacobi40,0.40722821356040023,0.8584948982967855,0.18469412106369454,0.43658536585365854,0.7221737795719704,0.11600695118925475
159,jacobi80,0.4952362547117474,0.9063582705821632,0.1987970538840619,0.4878048780487805,0.6527685706603381,0.08779361910218064
159,cg5,0.1622910878612936,0.6438739859455024,0.14191190647996899,0.275609756097561,0.9045348728069273,0.31193490318402806
159,pcg5,0.2634708453432043,0.7348960470071331,0.1553325451225577,0.32926829268292684,0.8332354788337588,0.2141811038403721
159,poisson_pcg5,0.9915891103089817,0.9984813996268015,0.2618100688504748,0.9414634146341463,0.07021786862807727,0.04261844436011493
159,cg10,0.22336857735234217,0.7060069081428741,0.15450872054232814,0.34146341463414637,0.8566021200890805,0.19503794062316698
159,pcg10,0.38305109333272086,0.8415368632796475,0.18098962756087889,0.4268292682926829,0.7341106955615737,0.12636229281252484
159,poisson_pcg10,0.9999956843673474,0.999998676600982,0.26264056289828114,0.9975609756097561,0.0013230384011242065,0.0008707557483843664
159,cg20,0.3200061854258141,0.7776623479745378,0.16968958427934536,0.3853658536585366,0.7784996771696481,0.12297244612740264
159,pcg20,0.5608920636210517,0.9277331498220028,0.21393041577195437,0.5463414634146342,0.5913310163923436,0.07503531101631083
159,poisson_pcg20,0.999999999126885,1.0,0.26264091282011104,1.0,5.271755037982537e-07,4.444721563340599e-07
159,cg40,0.45417724235900075,0.8605104350012572,0.19680326361140926,0.45121951219512196,0.6573269810636173,0.07382904835863653
159,pcg40,0.7370014737063035,0.9651019678943398,0.24287013876720998,0.6902439024390243,0.4201599133708483,0.042519324406561546
159,poisson_pcg40,1.0,1.0,0.26264091282011104,1.0,1.45179162478545e-12,1.4580424809889119e-13
159,cg80,0.7855174641223789,0.9764646718632135,0.24547504519922655,0.7268292682926829,0.37795764634660384,0.03940190517350683
159,pcg80,0.9756292846894584,0.9979520400195863,0.2613954997098651,0.9219512195121952,0.11015316843051022,0.014075543355041903
159,poisson_pcg80,1.0,1.0,0.26264091282011104,1.0,1.461977534708531e-12,1.3721887053053732e-13
159,poisson,0.30154238011335244,0.6958101187088919,0.13667655254601185,0.25853658536585367,2.982460417015318,6.853939434867265
159,amg,0.9601978095738775,0.9943305586067255,0.2596331320821461,0.8707317073170732,0.21886913183341225,0.07030094576069609
159,oracle,1.0,1.0,0.26264091282011104,1.0,1.4232914229055562e-12,1.335330732916054e-13
160,ensemble,0.11450680882291475,0.6135846909201593,0.11957362951442083,0.12926829268292683,,
160,raw,0.19396196454862666,0.6974809099691648,0.16198967329080777,0.22926829268292684,,
160,smoothed,0.20456474789385112,0.7552651429932639,0.17744661392210453,0.275609756097561,,
160,prediction_magnitude,0.32724212203733233,0.584680994666702,0.1043591333504202,0.03902439024390244,,
160,boundary_distance,0.1676568167974326,0.4943014438283287,0.0968805682153642,0.041463414634146344,,
160,jacobi1,0.18235987458241354,0.5925969058930959,0.14719323402885673,0.1926829268292683,0.9745326759219441,0.604238138537303
160,jacobi5,0.285761404760396,0.5772692984661806,0.1433799704315002,0.16829268292682928,0.9497123252681131,0.3636591583150209
160,jacobi10,0.3182672164930048,0.5668839246721279,0.14714092899189093,0.16585365853658537,0.935903780458285,0.3090822835298014
160,jacobi20,0.35921338711833284,0.5635496208461813,0.15628381555748236,0.17317073170731706,0.9155905489303131,0.27087948519540533
160,jacobi40,0.43178656546803207,0.5999569895319138,0.17083044827500735,0.1951219512195122,0.881968805439027,0.23946442325541797
160,jacobi80,0.5293849309143942,0.6691303945052473,0.21125719949050975,0.28292682926829266,0.8258620033172284,0.2062590512037682
160,cg5,0.23787944598522462,0.6150576340272356,0.16425651675328867,0.1951219512195122,0.9418726866318246,0.36037493350797056
160,pcg5,0.31462061342151765,0.5632200944906899,0.15040494388784026,0.16341463414634147,0.9362444180795588,0.30866571838089846
160,poisson_pcg5,0.9837843518701368,0.9997710519698795,0.4089645391470391,0.973170731707317,0.05703657432583737,0.04105398738900611
160,cg10,0.33446278594724677,0.6484476529518415,0.18940869905672078,0.23658536585365852,0.8972719055528389,0.2734559897992108
160,pcg10,0.40239845414506376,0.5778998980982756,0.16341534636098776,0.18292682926829268,0.8891199840525453,0.24706235802604246
160,poisson_pcg10,0.9999727635278898,0.9999973532019639,0.4092289759046641,0.9975609756097561,0.0022451946543734077,0.0008814649782464358
160,cg20,0.4751765174780015,0.7682827574341939,0.29076692930775466,0.4658536585365854,0.7769742442603412,0.19634896325536952
160,pcg20,0.6342839416178617,0.7754509482153964,0.2685052759471384,0.4268292682926829,0.7306960148048774,0.16918150580815072
160,poisson_pcg20,0.999999999301508,1.0,0.4092294995506467,1.0,4.2586114565845197e-07,4.101445751886434e-07
160,cg40,0.6454483135567904,0.9621686539708587,0.3630593456389464,0.7268292682926829,0.5329517954132439,0.10797324084912267
160,pcg40,0.775896989072121,0.9670778026282705,0.37974806043078807,0.7658536585365854,0.4375508180368562,0.08636183826800875
160,poisson_pcg40,1.0,1.0,0.4092294995506467,1.0,1.0796591470695182e-12,1.5412327736176337e-13
160,cg80,0.8114428921205412,0.9963024231436021,0.40408834779456493,0.9073170731707317,0.2673606885204442,0.04411453211483752
160,pcg80,0.9334478133736739,0.9993475642841073,0.4078128046150814,0.948780487804878,0.12293478870419111,0.018949508282532605
160,poisson_pcg80,1.0,1.0,0.4092294995506467,1.0,1.0769213238322623e-12,1.5113967000118538e-13
160,poisson,0.3911487034368487,0.7679849926551354,0.1743181936092268,0.18536585365853658,3.3717038093506475,7.139353247481915
160,amg,0.9615136161789962,0.9996777523391077,0.40875739629999147,0.973170731707317,0.156341943908593,0.07285975568081303
160,oracle,1.0,1.0,0.4092294995506467,1.0,1.042905853396827e-12,1.4620247360376304e-13
161,ensemble,0.1442127222936733,0.6151840186334582,0.12758297020500026,0.14878048780487804,,
161,raw,0.062415175309471056,0.48766790625041356,0.12098553273758383,0.12926829268292683,,
161,smoothed,0.04115998740004301,0.4969621375540939,0.12625995830823783,0.14878048780487804,,
161,prediction_magnitude,0.5052293216201259,0.9210069743128251,0.2362315071285499,0.5634146341463414,,
161,boundary_distance,0.43507645524850974,0.9143006497889179,0.24719744302294763,0.5758420441347271,,
161,jacobi1,0.11962372789244968,0.5244828818337017,0.13474853750842666,0.13414634146341464,0.9558307593326429,0.5746987193290647
161,jacobi5,0.17627548126655707,0.5650721914164339,0.1466576597975006,0.14878048780487804,0.9068598402186093,0.3111231080399834
161,jacobi10,0.23558869074580843,0.602793695327078,0.15504217690410513,0.16829268292682928,0.8758490037116817,0.2548814982907692
161,jacobi20,0.30290416600030534,0.6281129653401797,0.1742211400120744,0.22682926829268293,0.8331571863885403,0.2099312848718463
161,jacobi40,0.3619606974911733,0.6572846498947897,0.19783089756580743,0.2975609756097561,0.7749953198707751,0.16636635520187804
161,jacobi80,0.43616744198577134,0.7358263965168138,0.2179778012058009,0.35121951219512193,0.6964594537310083,0.12228203621047415
161,cg5,0.11124187905292984,0.518562656326509,0.14006611241447464,0.12682926829268293,0.92618740045421,0.3468283124015038
161,pcg5,0.23308076230312588,0.6010666596085386,0.15604825766104732,0.17317073170731706,0.8749632113139993,0.2565895036555949
161,poisson_pcg5,0.9915046827111391,0.9992588965498987,0.2975716036504584,0.9560975609756097,0.059677886213056905,0.03853466696991529
161,cg10,0.17023121177432832,0.557222450140942,0.15316836466674694,0.14878048780487804,0.8864265294562066,0.2358029981511507
161,pcg10,0.35427258825948993,0.642639916361182,0.200226494952058,0.3073170731707317,0.7672381312384248,0.17115958512420318
161,poisson_pcg10,0.9999964598680599,0.9999973532019639,0.2979032242887285,0.9951219512195122,0.0010380809530099692,0.0008257348385809473
161,cg20,0.28337552242310104,0.6448751373026481,0.1825598444823616,0.25121951219512195,0.8016474288392748,0.14794574963663795
161,pcg20,0.518295806467935,0.8320447838227704,0.2337163565004651,0.4097560975609756,0.5997999217667387,0.08586527257599316
161,poisson_pcg20,0.9999999996507541,1.0,0.29790358907497383,1.0,6.819781018830052e-07,3.662543988233205e-07
161,cg40,0.32882437451720237,0.713434485131612,0.21890801284841763,0.4,0.6976870334174866,0.08838014645921777
161,pcg40,0.7662361848415955,0.9898548231277212,0.2854446290669204,0.8048780487804879,0.36307544154818294,0.04390761496218003
161,poisson_pcg40,1.0,1.0,0.29790358907497383,1.0,1.1852740259691687e-12,1.5471678196749202e-13
161,cg80,0.6436995969938806,0.9524714476661859,0.26839363874961825,0.6390243902439025,0.4639333809230981,0.05404451723062786
161,pcg80,0.9904179704717826,0.9987976919921125,0.2972151000140751,0.9317073170731708,0.06335680837840416,0.013442268031103771
161,poisson_pcg80,1.0,1.0,0.29790358907497383,1.0,1.1855705141803567e-12,1.5457514689330544e-13
161,poisson,0.6087089337710029,0.9197768749255588,0.25078400265316453,0.5609756097560976,3.025841203055527,6.745621270820309
161,amg,0.9843037590574852,0.9980751161282638,0.296532353721475,0.9390243902439024,0.1833454236405756,0.0730932053193663
161,oracle,1.0,1.0,0.29790358907497383,1.0,1.2015297744272628e-12,1.5646989070409529e-13
162,ensemble,0.20088571366545344,0.5942140994931382,0.1285306881787813,0.1048780487804878,,
162,raw,0.26689868474520356,0.7696392414276828,0.18109157186358507,0.2975609756097561,,
162,smoothed,0.330535247832775,0.8430812699336977,0.20189497585379498,0.3902439024390244,,
162,prediction_magnitude,0.46279463893161804,0.7537022087529611,0.11334676638955679,0.046341463414634146,,
162,boundary_distance,0.4667827781670368,0.8569710043275148,0.2365609766044254,0.487862950058072,,
162,jacobi1,0.2295477052135888,0.6647334012678162,0.1713009040710232,0.2707317073170732,0.9609919333497897,0.6084164734290665
162,jacobi5,0.25810546359862174,0.6555086484125828,0.1802387269275991,0.2731707317073171,0.9220286567624231,0.3390353826480332
162,jacobi10,0.2791741592154337,0.6493515344811615,0.18570025799682163,0.2780487804878049,0.9029339167878704,0.2714720520345015
162,jacobi20,0.31127165471798357,0.647350555165888,0.18849814224050276,0.2804878048780488,0.8795107017394798,0.22249620305591644
162,jacobi40,0.35779624329782983,0.6580409724335985,0.18987268275109298,0.2731707317073171,0.8499397748267566,0.1809910415568129
162,jacobi80,0.4223351085367119,0.7019268689702632,0.20264180210919774,0.3121951219512195,0.8134562985075754,0.14583946672023138
162,cg5,0.23913103882631892,0.7021498617048026,0.18489206955590726,0.2926829268292683,0.9370808470655181,0.3374708768132103
162,pcg5,0.27307021388690333,0.6442868864391302,0.18362855780015194,0.275609756097561,0.9008118463346062,0.2704636382375034
162,poisson_pcg5,0.9957097962968303,0.9999444172412424,0.32517383253622534,0.9878048780487805,0.05308297743233191,0.04033992513415942
162,cg10,0.2545139600186548,0.6609709778595344,0.17828138261823756,0.2634146341463415,0.897781103058869,0.22885348499623495
162,pcg10,0.3415002340157656,0.6442551248626973,0.18569205487817228,0.2707317073170732,0.8491698307942233,0.18690970496105433
162,poisson_pcg10,0.9999902743723966,0.999999338300491,0.3252930485016116,0.9975609756097561,0.0019454037723065868,0.0010677600428690489
162,cg20,0.3209799394642153,0.7549422336328626,0.199626862863718,0.348780487804878,0.8284191813229399,0.15512500534957374
162,pcg20,0.46978566854147497,0.7463262443259268,0.20962035613378388,0.3439024390243902,0.7814312929852038,0.1260598011116916
162,poisson_pcg20,0.9999999982537702,1.0,0.3252936187316552,1.0,2.016882690378084e-06,1.1331331707003728e-06
162,cg40,0.4370744703083915,0.9410445588449373,0.2609637065653795,0.624390243902439,0.6945013298501835,0.09665312285315501
162,pcg40,0.455666688655194,0.9658926988076175,0.2804381216234103,0.7,0.6269812767954416,0.08220446804312244
162,poisson_pcg40,1.0,1.0,0.3252936187316552,1.0,1.198202427688145e-12,4.1181834267895096e-13
162,cg80,0.6411968890802012,0.9955236028214867,0.31419832328893366,0.8804878048780488,0.42769131835705887,0.054476525701020115
162,pcg80,0.8862413761387096,0.9989697338644574,0.3235986481297159,0.9414634146341463,0.22106478265847665,0.0327930146271316
162,poisson_pcg80,1.0,1.0,0.3252936187316552,1.0,1.0615226341465044e-12,1.2585789627569576e-13
162,poisson,0.2390170945293215,0.6590943980519567,0.13710258710872136,0.1902439024390244,3.163509656261774,7.0257375822774275
162,amg,0.9103488235383526,0.9912371134020619,0.3136527616264522,0.824390243902439,0.3579270541930998,0.1027910989475856
162,oracle,1.0,1.0,0.3252936187316552,1.0,1.0153833216305248e-12,1.2036254457901961e-13
163,ensemble,0.23145402426650521,0.5989247382978442,0.13837109045477816,0.16585365853658537,,
163,raw,0.2012907532696689,0.6859097706549502,0.1624886586131166,0.25121951219512195,,
163,smoothed,0.2508294593920795,0.7395246350727208,0.169544997630226,0.275609756097561,,
163,prediction_magnitude,0.6100993922295618,0.8222675118775062,0.18591983110997762,0.29024390243902437,,
163,boundary_distance,0.5472651502094501,0.8092068869684899,0.16473264397918885,0.24297328687572595,,
163,jacobi1,0.14645141438617418,0.5961244259756759,0.15102650024751033,0.2048780487804878,0.9599648986676502,0.5648089057674277
163,jacobi5,0.2313937637924225,0.621353043156042,0.17037188461655303,0.23902439024390243,0.9246426632406491,0.30024329947612516
163,jacobi10,0.2486565444632609,0.6454263329936609,0.17458311246395025,0.23658536585365852,0.9027053386398443,0.24044176797419323
163,jacobi20,0.28951067200739217,0.6792927755647605,0.18815256118995713,0.28780487804878047,0.8734340473926909,0.20029682666218881
163,jacobi40,0.3632571059264753,0.7242532721040721,0.20042420122607013,0.34146341463414637,0.8322704576492813,0.16780779672719442
163,jacobi80,0.4465177985393806,0.7798902902214047,0.21469903577439622,0.4,0.7723092076868233,0.13505045323233178
163,cg5,0.21271916058755133,0.6659601921575374,0.17521498333045346,0.2634146341463415,0.9286509928292367,0.3080681353172983
163,pcg5,0.24277853893612183,0.6424963275677249,0.17475090136283503,0.24146341463414633,0.9034747801101517,0.24126543681954535
163,poisson_pcg5,0.9876784498560435,0.999440863914879,0.3025315702637473,0.9634146341463414,0.07350228289727805,0.04284940371161858
163,cg10,0.26576159796327564,0.6673921098950545,0.1872953238083064,0.2951219512195122,0.889738204709127,0.2115643572911886
163,pcg10,0.3543434703517539,0.7192078133478025,0.19588264561846097,0.33414634146341465,0.840393676052184,0.17591704517687007
163,poisson_pcg10,0.9999946849999577,0.999999338300491,0.30299555978817155,0.9975609756097561,0.0014398288037909576,0.0010122225838385308
163,cg20,0.34295045230428595,0.739180551328031,0.20494479241486702,0.35853658536585364,0.8093865429916293,0.13838088888858774
163,pcg20,0.5172908153446505,0.8295104747032278,0.22762459372416308,0.4146341463414634,0.6949017900886302,0.10566140074647201
163,poisson_pcg20,0.999999999476131,1.0,0.3029961801859116,1.0,8.846641590717153e-07,6.183595597253054e-07
163,cg40,0.4946245779571803,0.9205272421687863,0.2343874263007899,0.5292682926829269,0.6713511913494419,0.086688280449881
163,pcg40,0.7735788195943876,0.9670156028744227,0.27102058798756634,0.6585365853658537,0.40927149154380155,0.05679439566643817
163,poisson_pcg40,1.0,1.0,0.3029961801859116,1.0,1.2872608231710406e-12,1.4374007441873325e-13
163,cg80,0.6905780608155727,0.9821956513108268,0.2808627074823115,0.7609756097560976,0.43607969752610665,0.04738018649408985
163,pcg80,0.9465674960686079,0.9985919034448076,0.30072620373555087,0.9414634146341463,0.16314494886028466,0.01938532402856591
163,poisson_pcg80,1.0,1.0,0.3029961801859116,1.0,1.2705200429514764e-12,1.3796486430921374e-13
163,poisson,0.5507746136277684,0.874774691317179,0.2060061598756355,0.424390243902439,2.989568184138626,6.863279527964598
163,amg,0.9863916049982073,0.9979037359554279,0.3012975167560521,0.9170731707317074,0.17866434441372,0.07227492465924666
163,oracle,1.0,1.0,0.3029961801859116,1.0,1.2906061683089594e-12,1.3995153425567375e-13
164,ensemble,0.14935223356219285,0.6536419940976403,0.15950460518478662,0.275609756097561,,
164,raw,0.2401576903602967,0.772295964956394,0.2056963101709015,0.4073170731707317,,
164,smoothed,0.28056038533650773,0.8178777973346744,0.21852183663382493,0.4560975609756098,,
164,prediction_magnitude,0.11345587019918085,0.5276226460039967,0.09337186294247167,0.014634146341463415,,
164,boundary_distance,0.04782080583094283,0.4755779945211281,0.08533733113690872,0.035888501742160274,,
164,jacobi1,0.22460344410466068,0.7516251339941505,0.1858131791031952,0.3439024390243902,0.8995099998705773,0.540044309647236
164,jacobi5,0.30674915615883286,0.784333602424467,0.21308330221946584,0.4317073170731707,0.8073362080322218,0.27882447365589347
164,jacobi10,0.3661044143309654,0.814722152376163,0.22759999670070377,0.47073170731707314,0.7529920501281678,0.2234994818342051
164,jacobi20,0.4515683648878479,0.8597567592604847,0.24518608333375014,0.5439024390243903,0.679307641401575,0.17244392724539792
164,jacobi40,0.5406795122343943,0.9036929449598349,0.2588790267905566,0.6048780487804878,0.5872283268588633,0.11645441911613438
164,jacobi80,0.6202619375630879,0.9439143496155525,0.27062076765045556,0.6585365853658537,0.4936569546753407,0.06339304852245636
164,cg5,0.2533786238322332,0.775613064595106,0.20357457593430442,0.4024390243902439,0.8572095905787678,0.3164310144033947
164,pcg5,0.3546597408812711,0.8114156399295952,0.2263382665276308,0.4634146341463415,0.760335049668391,0.2253182252247027
164,poisson_pcg5,0.9912802572403442,0.9986316054153488,0.29537596754619605,0.9390243902439024,0.08172452759326561,0.03129413275537079
164,cg10,0.29644821476907074,0.7917016264573932,0.21890830449763776,0.45121951219512196,0.7758221719221428,0.19371068099023603
164,pcg10,0.5228874459534852,0.8940519831134285,0.25949017837424243,0.6048780487804878,0.5721671163861238,0.11331695390211696
164,poisson_pcg10,0.9999998648418033,1.0,0.29618695889729846,1.0,0.00017411841485080824,0.00016120752170391725
164,cg20,0.4106285845909542,0.8641927927689478,0.24120627875686423,0.5219512195121951,0.6641613470109654,0.10621258678037082
164,pcg20,0.6546381009014682,0.9573084710771145,0.2736333279810028,0.6853658536585366,0.4498943368664705,0.03839152264014032
164,poisson_pcg20,1.0,1.0,0.29618695889729846,1.0,2.4204455824020418e-08,2.591345962570689e-08
164,cg40,0.5317550203481888,0.9308934266770774,0.26466025881032335,0.6390243902439025,0.5367998934105662,0.052112644242667254
164,pcg40,0.7888333528980936,0.9813003718751241,0.2844317060168756,0.7634146341463415,0.33636963327265335,0.022744971704620937
164,poisson_pcg40,1.0,1.0,0.29618695889729846,1.0,1.3939322985221124e-12,9.848257031716438e-14
164,cg80,0.7012097159772384,0.9777556476053095,0.28258775912029527,0.7463414634146341,0.38834711108175546,0.025942802615831973
164,pcg80,0.9959040008139389,0.9997875944576049,0.2960508812261765,0.973170731707317,0.037793888342733756,0.004057451780414445
164,poisson_pcg80,1.0,1.0,0.29618695889729846,1.0,1.3939322985221124e-12,9.848257031716438e-14
164,poisson,0.6539936788432258,0.9248448314651351,0.24550135410006696,0.5585365853658537,3.580327243175937,7.174733267639861
164,amg,0.979114639142842,0.9978845466696664,0.29486162358855267,0.9121951219512195,0.1355245711271641,0.05321469608087372
164,oracle,1.0,1.0,0.29618695889729846,1.0,1.3922267233543118e-12,9.833573396439907e-14
165,ensemble,0.06102166583797579,0.5609180418988129,0.11971366833554345,0.15609756097560976,,
165,raw,0.1000098310998913,0.6632994984317722,0.14293442060610695,0.24878048780487805,,
165,smoothed,0.08490072976206123,0.6962375765917181,0.14362560744745284,0.25121951219512195,,
165,prediction_magnitude,0.20462332605001782,0.5785880655876553,0.12647672691658748,0.1073170731707317,,
165,boundary_distance,0.1786081739277249,0.5830485819779522,0.09152458885064918,0.07909407665505228,,
165,jacobi1,0.07582054488827929,0.5776861691568624,0.13211266841726488,0.17560975609756097,0.9515118876617463,0.6006250110486734
165,jacobi5,0.20967950949630573,0.6446137659965856,0.1606805598673654,0.25121951219512195,0.8956769986888068,0.35526346343730403
165,jacobi10,0.2670865317630005,0.672226486507947,0.1696621707094492,0.28292682926829266,0.8609774087846769,0.28234842962551004
165,jacobi20,0.33321394359291756,0.7090864576578484,0.17922355441443835,0.3170731707317073,0.8161233919755855,0.22367353461734296
165,jacobi40,0.41301186102932236,0.7572118629487977,0.19199569819745146,0.35365853658536583,0.7575488817311375,0.17800346713399015
165,jacobi80,0.5130209183747311,0.8045167608485635,0.2160604865865763,0.43902439024390244,0.6834767089273595,0.13845522735512242
165,cg5,0.15257711948588087,0.6701050778820322,0.16303714450576473,0.2731707317073171,0.9039583205202335,0.3533849257157711
165,pcg5,0.2724478072478992,0.6619847015073514,0.16909945629729894,0.28780487804878047,0.8545665644340616,0.27726877008680806
165,poisson_pcg5,0.9903859096902407,0.9988545981498882,0.2954024352927877,0.9414634146341463,0.06788009359679645,0.04100358669824446
165,cg10,0.24026674067328815,0.7108968675145243,0.1750105607979519,0.3073170731707317,0.8396423747468437,0.2402705010669982
165,pcg10,0.3852717414567167,0.7385135582229398,0.1879907456798651,0.33414634146341465,0.7658033732013643,0.18699384644628758
165,poisson_pcg10,0.9999959864651254,1.0,0.2961888147555857,1.0,0.001135682099926502,0.0007145001764452094
165,cg20,0.39563481754914703,0.793998385453198,0.22477890211997476,0.4975609756097561,0.7222029846021525,0.14844972806200366
165,pcg20,0.6187410416658286,0.8477264004870109,0.24079697403945552,0.5707317073170731,0.5956057093609294,0.1083538145247124
165,poisson_pcg20,0.9999999998253771,1.0,0.2961888147555857,1.0,5.887224348624121e-07,3.790558500048437e-07
165,cg40,0.5843212159434872,0.9026117279620979,0.25350894568732857,0.6,0.5573910582433236,0.08280230125617474
165,pcg40,0.7533644966574645,0.9469793417413285,0.27067278239717385,0.7048780487804878,0.4273896956844984,0.06385591583269365
165,poisson_pcg40,1.0,1.0,0.2961888147555857,1.0,1.0758467501770446e-12,1.267125634228209e-13
165,cg80,0.8486122618184283,0.9817132723687519,0.28641994282465194,0.775609756097561,0.29678868227162314,0.03783550780340692
165,pcg80,0.9904144914578903,0.9988407024601987,0.2954139852117895,0.9341463414634147,0.0687102624949738,0.010348050206903362
165,poisson_pcg80,1.0,1.0,0.2961888147555857,1.0,1.0845900420471511e-12,1.1956742287057497e-13
165,poisson,0.36264961313882405,0.7659701176501728,0.2127841831377656,0.4097560975609756,3.1631317440960656,6.966143874446347
165,amg,0.9608730899597311,0.9944404007252227,0.2915459731397062,0.8536585365853658,0.22729961045713562,0.07706460232579408
165,oracle,1.0,1.0,0.2961888147555857,1.0,1.074923099766343e-12,1.1880911272510253e-13
166,ensemble,0.24097813868206078,0.6113627039688736,0.1511632512684682,0.15365853658536585,,
166,raw,0.2567703408964927,0.7253642655797149,0.19136261686542913,0.29024390243902437,,
166,smoothed,0.3438558459810672,0.802409247912338,0.2139528291113734,0.34146341463414637,,
166,prediction_magnitude,0.47446337847798714,0.6933194817569446,0.14932747479883135,0.13170731707317074,,
166,boundary_distance,0.46384171500671184,0.6993435940870532,0.1900120500091919,0.2930313588850174,,
166,jacobi1,0.1611445270834954,0.6304275902227281,0.1757327341386372,0.25365853658536586,0.9750231707808065,0.6643561642738819
166,jacobi5,0.2623037347569494,0.6617861916546458,0.19080062317784394,0.28536585365853656,0.9371534573504304,0.4690348152294658
166,jacobi10,0.2771685636730754,0.6618470680094756,0.2052798284177713,0.32439024390243903,0.9075386040379471,0.41488007436434904
166,jacobi20,0.31024272679866716,0.7052962428701878,0.22025334489882248,0.36829268292682926,0.8625419826393195,0.3625559775813712
166,jacobi40,0.3512956985928349,0.7633345685057502,0.2479581008595793,0.4634146341463415,0.7944072604979417,0.30570790310109697
166,jacobi80,0.4725736287023986,0.883464129269616,0.27860006114911495,0.5756097560975609,0.6930556992561271,0.23940909989757672
166,cg5,0.23149296501935437,0.7018428331326179,0.1892339310722322,0.2804878048780488,0.9309935103805804,0.46138600595060747
166,pcg5,0.2873819964169038,0.6704676892129746,0.203986479289259,0.32439024390243903,0.8988071776920477,0.41098050563687777
166,poisson_pcg5,0.9954936589571595,0.9997730370684065,0.34507033662543013,0.9707317073170731,0.038457330113918546,0.03792611801331517
166,cg10,0.29515994620997144,0.7375388748461549,0.22758163895110134,0.4073170731707317,0.8561598414275622,0.35359673132503994
166,pcg10,0.3515842258943156,0.7712663605203605,0.24688532748898423,0.4634146341463415,0.7659129457620485,0.29890953991793456
166,poisson_pcg10,0.9999962511935833,1.0,0.345291479817161,1.0,0.0012197005838201415,0.0008845659232859596
166,cg20,0.46783499018423214,0.8573461879491285,0.28898693365810585,0.5780487804878048,0.6690551240191835,0.20173134540569176
166,pcg20,0.6141054808304187,0.9692931725844659,0.3233130120367281,0.7365853658536585,0.4912452825239898,0.1352986681347412
166,poisson_pcg20,1.0,1.0,0.345291479817161,1.0,1.475936842806106e-07,1.681411845435943e-07
166,cg40,0.5738577185332719,0.9532946018554054,0.31086935610894234,0.675609756097561,0.5382898555908062,0.0960242551982737
166,pcg40,0.8036865919115412,0.989428688643913,0.33177284964481113,0.8073170731707318,0.3184206594840201,0.042355370798057054
166,poisson_pcg40,1.0,1.0,0.345291479817161,1.0,7.981746065584152e-13,1.0374959079089611e-13
166,cg80,0.7130435041126648,0.9881939573600836,0.328726802934338,0.7902439024390244,0.37688862171414095,0.04915812382793233
166,pcg80,0.9570159032582471,0.998501912311581,0.34342708964506313,0.9341463414634147,0.13851005972058208,0.020258925836054924
166,poisson_pcg80,1.0,1.0,0.345291479817161,1.0,7.980516400152112e-13,1.0350677028030566e-13
166,poisson,0.722914288825369,0.9216713206198801,0.29724819126348534,0.6707317073170732,3.648229187936028,6.275228542628556
166,amg,0.9722538913825984,0.9959987030689623,0.3406950206930812,0.8853658536585366,0.22584154562479627,0.08723671049285871
166,oracle,1.0,1.0,0.345291479817161,1.0,8.152355149023433e-13,1.0554767475934709e-13
167,ensemble,0.2512260896768139,0.6667654804600135,0.134707922479747,0.2,,
167,raw,0.1323966552488375,0.6154400963434485,0.13707255004185795,0.21707317073170732,,
167,smoothed,0.10336868987939896,0.6148710347656922,0.12775539284017323,0.1975609756097561,,
167,prediction_magnitude,0.427002749362193,0.7328924208938237,0.1317823171655908,0.17804878048780487,,
167,boundary_distance,0.4308502767547437,0.7464142503606263,0.14062651744483076,0.21585365853658536,,
167,jacobi1,0.09711284804178615,0.6127747707211201,0.13715910788901836,0.22195121951219512,0.9395218589787685,0.5685455140770675
167,jacobi5,0.18634551168755883,0.6747065362677501,0.14755779124336485,0.24878048780487805,0.8761228138791792,0.32767611288251924
167,jacobi10,0.22442173491045,0.7096369916493522,0.16172313243643738,0.2951219512195122,0.8364654096069437,0.26175070003435147
167,jacobi20,0.2862679612670555,0.7776841840583354,0.178020925216252,0.35853658536585364,0.7808071347707385,0.20357849252036556
167,jacobi40,0.40621278784016,0.8624770059420616,0.19301121562007056,0.4097560975609756,0.7019034737790546,0.1529181900471772
167,jacobi80,0.5657573671973978,0.9238853671770576,0.22200503236763025,0.5439024390243903,0.5965665147621587,0.10823283202877183
167,cg5,0.15054469207288726,0.6527970038246231,0.15972116744004994,0.2780487804878049,0.8925013530458341,0.3297479117700591
167,pcg5,0.2164488836799083,0.7030643304262668,0.16294154361174656,0.29024390243902437,0.8330303244796579,0.25675115379425056
167,poisson_pcg5,0.9872141395408708,0.9986699839868719,0.272551945164647,0.9365853658536586,0.09859714404320714,0.042451891188309075
167,cg10,0.2128832903104188,0.7051321413919511,0.17575033030437334,0.34146341463414637,0.8224497536314742,0.210582746207933
167,pcg10,0.3689862911031792,0.8469905906329818,0.18887337445390454,0.40487804878048783,0.711263582697321,0.15564399412459246
167,poisson_pcg10,0.999995338963067,0.9999973532019639,0.2736367353348054,0.9975609756097561,0.001490562019266482,0.0008128804930318893
167,cg20,0.33859612145009615,0.79699853102709,0.19750882654302118,0.43658536585365854,0.7218649244241074,0.12763112479583116
167,pcg20,0.6715140249364987,0.9478620488863597,0.24598211568363382,0.6707317073170732,0.48890302851517997,0.07237504777178147
167,poisson_pcg20,0.9999999998253771,1.0,0.2736369944443464,1.0,7.317368867521631e-07,3.494348139300554e-07
167,cg40,0.5584112389370047,0.9012135568995407,0.22991607468705091,0.5609756097560976,0.563844923319459,0.07591021739614519
167,pcg40,0.8241150782498206,0.9682854042322301,0.2584037717228501,0.6780487804878049,0.3273624446593737,0.034197395609776735
167,poisson_pcg40,1.0,1.0,0.2736369944443464,1.0,7.479938325167784e-13,7.772705151821586e-14
167,cg80,0.9102891047447946,0.9950167409975782,0.26944889229951996,0.8658536585365854,0.217592401312946,0.029918174556664588
167,pcg80,0.9880506182534058,0.9990445059089766,0.27293474264861867,0.9439024390243902,0.07592003054223985,0.010052195951565748
167,poisson_pcg80,1.0,1.0,0.2736369944443464,1.0,7.51021642320047e-13,7.378372066490484e-14
167,poisson,0.44242332346280355,0.7528803779627595,0.2198277764156268,0.4585365853658537,4.395650141230116,7.056884699024356
167,amg,0.9924262803539466,0.998918783002263,0.27290186378640374,0.9439024390243902,0.13340615283157847,0.0682416047977245
167,oracle,1.0,1.0,0.2736369944443464,1.0,7.655991483493157e-13,7.520631064195379e-14
168,ensemble,0.20652700951809866,0.6452814208011858,0.13738018027537108,0.1878048780487805,,
168,raw,0.28480392820430117,0.6995599698265024,0.15500293836220808,0.24146341463414633,,
168,smoothed,0.33153458763213234,0.7597124253933804,0.14153270249150396,0.1926829268292683,,
168,prediction_magnitude,0.2860876220027154,0.6855580773659066,0.06551004503588269,0.01707317073170732,,
168,boundary_distance,0.37304892071615603,0.7047695300610087,0.10927124490036279,0.054703832752613236,,
168,jacobi1,0.12509306218098476,0.576971533687122,0.13937640690809008,0.18536585365853658,0.965252013427696,0.5874021531598707
168,jacobi5,0.19101444804102619,0.6107572489181213,0.14682550014490905,0.1951219512195122,0.9306497201966266,0.33402741187912827
168,jacobi10,0.2214462628332533,0.6483053875574024,0.1529634384789555,0.21707317073170732,0.9105346347330173,0.2705508516366046
168,jacobi20,0.23657201377498815,0.6809020287706946,0.16129874877513753,0.2731707317073171,0.8845864299840659,0.21940179943506757
168,jacobi40,0.2541078094629569,0.726065005359766,0.17292999142301685,0.34146341463414637,0.8512888557256508,0.17800006574236346
168,jacobi80,0.2948117729327208,0.8107645276127206,0.18597333332436616,0.43658536585365854,0.8082498073922375,0.1445874417898933
168,cg5,0.2478021094429633,0.6900619350740442,0.17015438551422354,0.2975609756097561,0.9353721182804272,0.336112744423792
168,pcg5,0.23228171577540213,0.6610239138202559,0.15461314811554017,0.22682926829268293,0.9078876689241675,0.27036717766939194
168,poisson_pcg5,0.9947219957594832,0.9998332517237272,0.294228474506241,0.9829268292682927,0.05427903922029893,0.03937054604605246
168,cg10,0.22623966626528524,0.6848828130169528,0.16741965191653785,0.3073170731707317,0.8975764231051948,0.22360671688457795
168,pcg10,0.2438087346183686,0.7032396807961568,0.1660050775675801,0.3170731707317073,0.8530764754017097,0.18465722084325914
168,poisson_pcg10,0.9999970996867068,0.999999338300491,0.29429490793017077,0.9975609756097561,0.0011458365643290307,0.000909773605784702
168,cg20,0.3048916363744668,0.7971295475298757,0.18601144856388224,0.4268292682926829,0.829573142939855,0.1546343399082739
168,pcg20,0.3639409906856934,0.8992985985204399,0.1965456252235057,0.5146341463414634,0.7587878471922246,0.12113968836137032
168,poisson_pcg20,0.999999999126885,1.0,0.2942956472815199,1.0,1.0672106248499803e-06,5.993506435001811e-07
168,cg40,0.4324597744759411,0.9608015827852255,0.2300003737134855,0.6609756097560976,0.6893191075734493,0.10037253049585752
168,pcg40,0.49806526507127746,0.9683641464738033,0.2469812949224382,0.7024390243902439,0.6340034916921624,0.08048038163840922
168,poisson_pcg40,1.0,1.0,0.2942956472815199,1.0,1.1205166986450893e-12,1.6141947344911535e-13
168,cg80,0.7494957881562696,0.9944814260947819,0.2860412493035518,0.8829268292682927,0.3840113169417214,0.050974693816099266
168,pcg80,0.9822966395802657,0.9995381337427047,0.29393573604874434,0.9658536585365853,0.0827307178352948,0.014262574138579658
168,poisson_pcg80,1.0,1.0,0.2942956472815199,1.0,1.0859505823411247e-12,1.3948431984330338e-13
168,poisson,0.4565726561431308,0.919606818151741,0.23296196718286932,0.5609756097560976,3.140201944452402,7.011808846163203
168,amg,0.9790351411520959,0.9981432711776927,0.2927843301851594,0.9341463414634147,0.1598540403888798,0.07427579441052846
168,oracle,1.0,1.0,0.2942956472815199,1.0,1.0461264574693754e-12,1.3430725544820379e-13
169,ensemble,0.2635029452402969,0.6599003480539417,0.15834708605640335,0.22195121951219512,,
169,raw,0.1927785653041938,0.8259664121329222,0.2464424813558409,0.5146341463414634,,
169,smoothed,0.2292396657134766,0.9157471249156333,0.2819092198670439,0.6365853658536585,,
169,prediction_magnitude,0.5094676128760234,0.7681973981975305,0.1389305079901569,0.2146341463414634,,
169,boundary_distance,0.5007369157113717,0.7596535341370777,0.18619978122629346,0.4039488966318235,,
169,jacobi1,0.10886408804664542,0.7032350488995938,0.18430007075598237,0.3121951219512195,0.9714588636983902,0.5776332138238175
169,jacobi5,0.23184378977213296,0.712003890793113,0.2012786279308908,0.33658536585365856,0.9253521397572096,0.3799131345616216
169,jacobi10,0.2874015267763266,0.7147519288540688,0.21624061580728032,0.3780487804878049,0.8898379972683713,0.3263361841021751
169,jacobi20,0.33847383541271603,0.7290155234704816,0.2261552243140502,0.4,0.837623675503154,0.27677677939910006
169,jacobi40,0.40900046895354064,0.7741136535076691,0.2484116783789318,0.47317073170731705,0.7622196647679284,0.22731650180871385
169,jacobi80,0.5251743383576699,0.819467199555338,0.2707464098335803,0.5414634146341464,0.6589423975682498,0.1760084841757865
169,cg5,0.16107726125879654,0.7417770602014213,0.21497271673346038,0.40487804878048783,0.9251265613677105,0.38588630994796036
169,pcg5,0.30303598645311147,0.7200236888424228,0.21766563994013444,0.3926829268292683,0.8865783679696554,0.3242623438309729
169,poisson_pcg5,0.9989950315777045,0.9994521128065323,0.33756284243614165,0.9609756097560975,0.04669024519300003,0.04141839048534813
169,cg10,0.24060577592930724,0.7533197464367481,0.2266934428627677,0.40487804878048783,0.8639575869343538,0.29239493626584423
169,pcg10,0.3988914230410486,0.7574924235406217,0.24451531019873315,0.4682926829268293,0.7470938304210637,0.22501921353989976
169,poisson_pcg10,0.999999668565559,1.0,0.33798716939831197,1.0,0.0004945832224118044,0.0006215881006894632
169,cg20,0.42426844683073517,0.8921059248574038,0.28645357484805506,0.6268292682926829,0.6918350185031764,0.19127962261580694
169,pcg20,0.6871346563930791,0.8842813281632546,0.29016289545144325,0.5804878048780487,0.5038406383230901,0.11209174214217912
169,poisson_pcg20,1.0,1.0,0.33798716939831197,1.0,5.0117251122189435e-08,8.109513319675345e-08
169,cg40,0.5980459248762943,0.9899487844580019,0.3241349956058141,0.8439024390243902,0.47742998718337565,0.08910375782797937
169,pcg40,0.7465116144407014,0.9471057263475511,0.30113903391528796,0.6024390243902439,0.40716363480102197,0.04072153021531716
169,poisson_pcg40,1.0,1.0,0.33798716939831197,1.0,2.818922894598916e-12,2.69722502745487e-13
169,cg80,0.8753782344508981,0.9945019387795614,0.33048581361974894,0.8780487804878049,0.2758494104116506,0.038238359902361164
169,pcg80,0.9490090567726454,0.9972943107076214,0.33501672324630766,0.9024390243902439,0.14033692403334383,0.014753467213557171
169,poisson_pcg80,1.0,1.0,0.33798716939831197,1.0,2.818922894598916e-12,2.69722502745487e-13
169,poisson,0.5277787688796793,0.9314651350528698,0.3016600682496857,0.7097560975609756,2.8940207795072146,6.056123119207592
169,amg,0.9452460482676952,0.9929959106970343,0.33145949007836994,0.8634146341463415,0.2443819944649455,0.07306769961791038
169,oracle,1.0,1.0,0.33798716939831197,1.0,2.8739023345709686e-12,2.7508367672218925e-13
170,ensemble,0.4212479827901077,0.7053061683628231,0.1706704649478735,0.23902439024390243,,
170,raw,0.19610376253318115,0.7928377645143787,0.2208503764620719,0.48048780487804876,,
170,smoothed,0.30147705260387747,0.9132657517568122,0.23034801564323518,0.5195121951219512,,
170,prediction_magnitude,0.6076015320247953,0.7634781572992073,0.15917564048854166,0.25853658536585367,,
170,boundary_distance,0.5737546689043947,0.7310257665788812,0.15959617737042386,0.25667828106852497,,
170,jacobi1,0.11636164884282792,0.6889721159826899,0.17034730389130118,0.32195121951219513,0.985416000111606,0.583056200286363
170,jacobi5,0.18699629299134274,0.682657517568122,0.1686692170214667,0.2951219512195122,0.9686181144969838,0.3438435099058346
170,jacobi10,0.16747126480858862,0.6678268464724799,0.16596286759862222,0.2707317073170732,0.9585851323528047,0.2901765987694891
170,jacobi20,0.15723543334805196,0.6772289347961303,0.16728495121262746,0.28780487804878047,0.9465536867785226,0.24712568853103
170,jacobi40,0.1633600381482788,0.6829539589481625,0.15990327083607525,0.2951219512195122,0.9325599028274055,0.2052268215695956
170,jacobi80,0.1947555263427586,0.7170202347709858,0.1574198741876139,0.3170731707317073,0.914136911043848,0.16238501327305133
170,cg5,0.18344063549554038,0.7520393578867964,0.19006672823636075,0.3878048780487805,0.9608145078477381,0.36884490185795205
170,pcg5,0.17154368098480213,0.6599526223151543,0.16784204662051638,0.2731707317073171,0.9587879370765707,0.2918819713865759
170,poisson_pcg5,0.9969144951808525,0.999650622659238,0.30162351965316986,0.973170731707317,0.06067683696409861,0.046622194656425996
170,cg10,0.19355326414798282,0.7129990868546775,0.18256176960970044,0.33658536585365856,0.9309437563203748,0.2696099829331723
170,pcg10,0.18129471047116583,0.6996770906395987,0.16244742296122763,0.3024390243902439,0.9359169619253169,0.20890467786509598
170,poisson_pcg10,0.999999366467781,1.0,0.30191050330948077,1.0,0.0005531360134702317,0.0007435430291785904
170,cg20,0.21372465672053212,0.8345923269324934,0.21569033663585346,0.5317073170731708,0.86343863385092,0.17949247382215816
170,pcg20,0.24946771576389096,0.7727981948837394,0.16067337905906715,0.36585365853658536,0.9113482759349169,0.1251026964202932
170,poisson_pcg20,1.0,1.0,0.30191050330948077,1.0,1.2448756964856275e-07,2.0925808167018058e-07
170,cg40,0.34333739153676957,0.9581752974339293,0.23035099784178514,0.6463414634146342,0.7754730022810779,0.10684580645821201
170,pcg40,0.44814437784370054,0.9506749334991993,0.22808346055791337,0.6121951219512195,0.7062817704280989,0.09315430730841547
170,poisson_pcg40,1.0,1.0,0.30191050330948077,1.0,9.02366555617017e-13,1.2069644663606925e-13
170,cg80,0.49663521626233487,0.9848616386326642,0.27827690794713067,0.7902439024390244,0.5982173508055048,0.07345250480961436
170,pcg80,0.9824384833928783,0.9995970249990075,0.30155035464360935,0.9658536585365853,0.09888498440186898,0.01996456564154473
170,poisson_pcg80,1.0,1.0,0.30191050330948077,1.0,9.02219652193738e-13,1.2053379958686273e-13
170,poisson,0.5231697371186347,0.81318634781573,0.1810702005760135,0.3804878048780488,2.1259661524981133,6.271816455730323
170,amg,0.9888780530665028,0.9974663525799664,0.2997563423661507,0.9170731707317074,0.18923855601262116,0.08754790070763024
170,oracle,1.0,1.0,0.30191050330948077,1.0,8.67044843713148e-13,1.161672064435078e-13
171,ensemble,0.26512006870953775,0.7717414607678361,0.16412523507835494,0.32926829268292684,,
171,raw,-0.008351000116173186,0.5290505935444596,0.13038707187654916,0.17804878048780487,,
171,smoothed,-0.08845686537561881,0.48596138321665366,0.14821421190838074,0.22682926829268293,,
171,prediction_magnitude,0.3990411643531495,0.7774618530233051,0.15577146938618022,0.23658536585365852,,
171,boundary_distance,0.3500047421657811,0.7255998306049257,0.12041172343685426,0.14094076655052265,,
171,jacobi1,-0.006259940588507985,0.5231197808451226,0.1267987985073655,0.15853658536585366,0.9546401026345396,0.5751007941338716
171,jacobi5,0.1363114970493464,0.5858303667138679,0.1478109865549627,0.2048780487804878,0.8924718946590793,0.3047388326677711
171,jacobi10,0.19752167329787007,0.6264315868877626,0.1648965254077391,0.25365853658536586,0.8510427892980692,0.2369669128343588
171,jacobi20,0.27490790977059515,0.6907580429575321,0.18426014143300992,0.32195121951219513,0.7947410522261756,0.18236713138477273
171,jacobi40,0.40055887477776786,0.7847670156028744,0.20423920775325669,0.375609756097561,0.7177947255618818,0.13052186792351056
171,jacobi80,0.557388639878829,0.8907004751002475,0.23334698358389788,0.4975609756097561,0.6142751019277574,0.08559021698969786
171,cg5,0.03313677350129327,0.5515788150285192,0.1419110628291274,0.2146341463414634,0.9092236305160932,0.312799956406107
171,pcg5,0.19796892643907227,0.6255521882402764,0.16463192935763796,0.26097560975609757,0.8476013442373506,0.23739590481370318
171,poisson_pcg5,0.9881306481457889,0.9992079456877043,0.29614680071,0.9560975609756097,0.08805464133984321,0.03755986176278262
171,cg10,0.1377593221297456,0.6011487103476569,0.16345363995419035,0.2634146341463415,0.8583550204980142,0.21429524185929336
171,pcg10,0.37339359803329253,0.7615645223191244,0.2007362021632232,0.36585365853658536,0.7159196549661784,0.13493194560872696
171,poisson_pcg10,0.9999997385893794,1.0,0.2969547643461814,1.0,0.0002733193404177643,0.00030967208542218705
171,cg20,0.2676947272335762,0.6572528883183568,0.19270430107470263,0.3170731707317073,0.7779118317843025,0.13496539471967253
171,pcg20,0.6370462114186562,0.9278555642311713,0.24987587181195797,0.573170731707317,0.5328899553349483,0.06530619657052751
171,poisson_pcg20,1.0,1.0,0.2969547643461814,1.0,3.819798743385335e-08,5.449539274211023e-08
171,cg40,0.47921855519058887,0.8294456281513439,0.21682495383737965,0.4121951219512195,0.6487606105432527,0.08083929791031198
171,pcg40,0.8400766129045778,0.9917347114328441,0.28856852257062116,0.8341463414634146,0.28273807487469377,0.026726963057013647
171,poisson_pcg40,1.0,1.0,0.2969547643461814,1.0,9.835170618355528e-13,8.982269906149348e-14
171,cg80,0.7475097882823334,0.9731608062146818,0.27221082786358786,0.7024390243902439,0.41788794662527384,0.04232802760194149
171,pcg80,0.9952990480923458,0.9993892513531755,0.29657405407622417,0.9512195121951219,0.04508351941136999,0.006556135741115958
171,poisson_pcg80,1.0,1.0,0.2969547643461814,1.0,9.835170618355528e-13,8.982269906149348e-14
171,poisson,0.6230281508749367,0.9390700475100248,0.23912951274189992,0.5853658536585366,3.1809663935789247,6.503159453075793
171,amg,0.9817317055592586,0.9993197729047285,0.2964216962622198,0.9585365853658536,0.14691518221401806,0.06302843164781041
171,oracle,1.0,1.0,0.2969547643461814,1.0,9.873384092285425e-13,9.013922505284636e-14
172,ensemble,0.0955621960372483,0.594626338287257,0.10964889391114996,0.1048780487804878,,
172,raw,0.16959376398380932,0.7161362042269365,0.14988755964896994,0.3,,
172,smoothed,0.17971216148145344,0.7413416619244868,0.13796809998840256,0.24878048780487805,,
172,prediction_magnitude,-0.0725690719153924,0.4912735068750579,0.04626450201945825,0.0,,
172,boundary_distance,0.04382057544272809,0.5677077405608565,0.0882553372687403,0.042915214866434376,,
172,jacobi1,0.11237570824292054,0.6135529293437264,0.13512288823317006,0.18536585365853658,0.9539660732349875,0.5751119566102322
172,jacobi5,0.15637129924284587,0.6499199343594088,0.1480620262230705,0.2146341463414634,0.9004559047409433,0.3184682903924998
172,jacobi10,0.20924434620341115,0.6849655254555801,0.15640273552217354,0.25121951219512195,0.8664871153927677,0.25864724051221355
172,jacobi20,0.28275320746116833,0.7245616240752749,0.17165460940654945,0.3121951219512195,0.8212882803782809,0.21488662889517451
172,jacobi40,0.3592872699321111,0.7533912099837222,0.1905829180896813,0.375609756097561,0.7615694424214009,0.17970201168044644
172,jacobi80,0.4523480020698832,0.8025515133067771,0.21103041977392262,0.44634146341463415,0.6846661783513716,0.14794597917027547
172,cg5,0.16585262561176722,0.6986263118192766,0.1590253596804213,0.28536585365853656,0.9165406369399208,0.35285909310052477
172,pcg5,0.21207596560508182,0.686391487897516,0.15591190853536316,0.25365853658536586,0.8619893886126161,0.25880653237452694
172,poisson_pcg5,0.9776481147338444,0.9979851249950372,0.2716771528062608,0.9317073170731708,0.10980218579159252,0.04658174034230085
172,cg10,0.17276258929102284,0.7079953151674762,0.16928712664362752,0.3146341463414634,0.8696691620582808,0.2462629728353794
172,pcg10,0.3505339655062871,0.7447613249870969,0.18958231743010917,0.3829268292682927,0.7637552043415035,0.18644743898779317
172,poisson_pcg10,0.9999949182962763,0.999998676600982,0.2730919144741813,0.9975609756097561,0.0013538297979966832,0.0008365215828427696
172,cg20,0.32468360129720575,0.8461092068869684,0.20281623999654738,0.4634146341463415,0.7599200058928058,0.1743212008821878
172,pcg20,0.5534234155030908,0.850664346307055,0.22349769340010642,0.4853658536585366,0.5918982037174969,0.12228576463628625
172,poisson_pcg20,0.9999999998253771,1.0,0.2730922558194871,1.0,2.446641945196193e-07,2.5895920584052843e-07
172,cg40,0.5867302665610212,0.9531152812884612,0.25394558542007967,0.7073170731707317,0.5185834345794095,0.09990142489836368
172,pcg40,0.8300056351538381,0.9678043486891733,0.2547043070644896,0.6853658536585366,0.31991143401168576,0.05008888490344141
172,poisson_pcg40,1.0,1.0,0.2730922558194871,1.0,7.79428812230036e-13,9.818895927503896e-14
172,cg80,0.9352409617094524,0.9972063046729219,0.2716216253702459,0.9146341463414634,0.18031297427434573,0.03351004441933109
172,pcg80,0.9844364940109064,0.9991933882985059,0.27239027497684354,0.9536585365853658,0.08540287012370375,0.012345408968068157
172,poisson_pcg80,1.0,1.0,0.2730922558194871,1.0,7.875452205671063e-13,9.701865034253635e-14
172,poisson,0.2232649082215076,0.7547199025978323,0.17600949983419134,0.35365853658536583,2.687481802973774,6.34182620508729
172,amg,0.9913562032247866,0.997032939401559,0.2712118508772524,0.9024390243902439,0.12085696816119534,0.06178362939864293
172,oracle,1.0,1.0,0.2730922558194871,1.0,7.68328953665901e-13,9.435752380619816e-14
173,ensemble,0.2277275542258876,0.6726962931593504,0.13862917246079043,0.2121951219512195,,
173,raw,0.3005698211947163,0.6919424850786761,0.15648351646892356,0.2682926829268293,,
173,smoothed,0.38650304956705794,0.7376368063734897,0.15202556164240394,0.25853658536585367,,
173,prediction_magnitude,0.42551273885910895,0.79933896219049,0.1804148406252774,0.3463414634146341,,
173,boundary_distance,0.41480586373638206,0.8028175165094027,0.18402542385429424,0.359465737514518,,
173,jacobi1,0.2155279740516938,0.6846723925730848,0.15863067274895334,0.28536585365853656,0.9347351491514567,0.5710078500112404
173,jacobi5,0.30180329812263246,0.7727313632333285,0.18691141492181662,0.40487804878048783,0.8654239692505394,0.3004718076111892
173,jacobi10,0.3274307576525663,0.8120515331577624,0.196695325581987,0.45121951219512196,0.8246734400756515,0.2316163129445475
173,jacobi20,0.35949036695052267,0.8548932678691953,0.2033736350675226,0.47804878048780486,0.7771376651085369,0.17728391276846217
173,jacobi40,0.3940187735992498,0.8866396252133981,0.21425366650083336,0.5292682926829269,0.726913388252112,0.1316300753937111
173,jacobi80,0.42400915595850536,0.903420986461628,0.22945028256995603,0.5975609756097561,0.6794030775831469,0.09927424832770838
173,cg5,0.2938286252250262,0.741244392096661,0.1676608275124469,0.348780487804878,0.90136492235021,0.31755299982188706
173,pcg5,0.31943746907077547,0.8071423845003507,0.19621636318426303,0.44878048780487806,0.8222760535177933,0.23363901046996033
173,poisson_pcg5,0.9908982252632142,0.9989340020909705,0.2830135707247273,0.9439024390243902,0.07296362593151122,0.042245675108072936
173,cg10,0.29466402651369356,0.7812136892394426,0.17845122043182696,0.4170731707317073,0.847545347451353,0.2069303896450142
173,pcg10,0.38207345969528095,0.8777635879994177,0.21418306280447108,0.5195121951219512,0.7256327829141347,0.1400118818930278
173,poisson_pcg10,0.9999981037689176,1.0,0.28380290146829257,1.0,0.0008558349491125557,0.000535116858001944
173,cg20,0.3422403634440929,0.8533554782102352,0.20088672436714555,0.5024390243902439,0.7598015093821409,0.12764375698122243
173,pcg20,0.44310315452385873,0.9025726876910657,0.2317538228918316,0.6,0.6557517466200127,0.0890145026382628
173,poisson_pcg20,0.999999999476131,1.0,0.28380290146829257,1.0,5.062179070007564e-07,2.4312499827190895e-07
173,cg40,0.5313250435328137,0.9411146989928934,0.2457573735307324,0.6560975609756098,0.5961603114408002,0.08063637064411719
173,pcg40,0.8466016015107767,0.9763892381191853,0.2677143654030286,0.7390243902439024,0.3368037695655018,0.04750807688586598
173,poisson_pcg40,1.0,1.0,0.28380290146829257,1.0,1.6146483630576309e-12,1.4584026737028934e-13
173,cg80,0.8657743438701686,0.9848034090758705,0.2741577266372517,0.7707317073170732,0.2845210935237839,0.0343799153049714
173,pcg80,0.9768790371788277,0.9955560260974287,0.2808176215566957,0.8682926829268293,0.12151670401125939,0.01135560796171932
173,poisson_pcg80,1.0,1.0,0.28380290146829257,1.0,1.5940420774673587e-12,1.4080050907745536e-13
173,poisson,0.23897910267781705,0.6686400751690642,0.17740863576415614,0.36341463414634145,3.6212559226606262,6.787843144824564
173,amg,0.9039009535099948,0.9821023516800551,0.2736368939369538,0.751219512195122,0.29544399197001225,0.06935787613616379
173,oracle,1.0,1.0,0.28380290146829257,1.0,1.5576638092233272e-12,1.3772585640630174e-13
174,ensemble,0.028355475459015397,0.5681623281235525,0.11571344553935585,0.15365853658536585,,
174,raw,0.2214530638749675,0.6388556568691026,0.15907971621041492,0.22926829268292684,,
174,smoothed,0.2750554311005842,0.6928768047854108,0.1607808062213774,0.24390243902439024,,
174,prediction_magnitude,0.03945479509430648,0.6271978349192064,0.07233444622096798,0.05365853658536585,,
174,boundary_distance,0.06271405980257472,0.6579529663988989,0.07972909753048475,0.05185830429732869,,
174,jacobi1,0.21617636302047155,0.6338624723740455,0.15054053014105764,0.2073170731707317,0.9148675458480283,0.5017239660627304
174,jacobi5,0.33070053897316987,0.730111959556926,0.18416034887007734,0.2975609756097561,0.8205204026965289,0.2302404944588153
174,jacobi10,0.3909088257520132,0.7694076465995262,0.20248553370569658,0.36097560975609755,0.7644996029946506,0.1691565773038754
174,jacobi20,0.4651984292061064,0.8150225639532576,0.21779043529046818,0.4195121951219512,0.6938367016931053,0.12541136101400557
174,jacobi40,0.5555836437222113,0.876377989227532,0.2322591631297888,0.4658536585365854,0.6062051534908456,0.09099649964314561
174,jacobi80,0.6700657252308041,0.9313652184270079,0.24873096030796465,0.5439024390243903,0.5041554408265828,0.06486566230633642
174,cg5,0.2517436907385441,0.6634245596389767,0.16797617014064864,0.25609756097560976,0.8858237778169139,0.320375884843735
174,pcg5,0.37320187298806373,0.7616214284769001,0.19822558810052338,0.33414634146341465,0.7730305404838571,0.16983789441290664
174,poisson_pcg5,0.9932774387484009,0.9995202678559613,0.2893293955897288,0.9658536585365853,0.05980351334907285,0.038628925160213
174,cg10,0.3124476986673221,0.716365152257057,0.18636938771408557,0.3024390243902439,0.8203086719376002,0.2062678123274318
174,pcg10,0.5088390544435937,0.8483311938382542,0.22571978115538732,0.43902439024390244,0.6282652811563736,0.09834658937346213
174,poisson_pcg10,0.9999996018595757,1.0,0.2898234904980037,1.0,0.00028188243431896465,0.0002727941143402742
174,cg20,0.4281313505143919,0.7957393168614268,0.21411187559592149,0.4146341463414634,0.7042120069438472,0.1275164660375782
174,pcg20,0.7376889186791059,0.9556462819104589,0.25795253638154364,0.6097560975609756,0.4263849129894951,0.04936036536310329
174,poisson_pcg20,1.0,1.0,0.2898234904980037,1.0,5.285950882325208e-08,4.0393508295571525e-08
174,cg40,0.6039708353617541,0.9170394240567473,0.24757891902744403,0.5439024390243903,0.5276417024006351,0.06888386709640588
174,pcg40,0.9143375509466076,0.9890574752193534,0.28116059217951217,0.8414634146341463,0.22465465845106478,0.02686833821991028
174,poisson_pcg40,1.0,1.0,0.2898234904980037,1.0,1.463346476830401e-12,1.090162373383533e-13
174,cg80,0.8839461428672569,0.984577769543295,0.27860339984576193,0.7878048780487805,0.2599214606627789,0.02832991657950618
174,pcg80,0.9997969990242347,0.9999953681034369,0.28981700226394147,0.9951219512195122,0.008286995391217276,0.0011006594243569204
174,poisson_pcg80,1.0,1.0,0.2898234904980037,1.0,1.463346476830401e-12,1.090162373383533e-13
174,poisson,0.37081626725358996,0.7619211783544857,0.1562739768406549,0.2707317073170732,2.5920600981881803,6.623611473200643
174,amg,0.959974165890223,0.9941320487540198,0.2858688502869303,0.8609756097560975,0.19429179252444428,0.05543321175677617
174,oracle,1.0,1.0,0.2898234904980037,1.0,1.4563807570771299e-12,1.0890664934971648e-13
175,ensemble,0.10780362251627432,0.5338730595661898,0.11578331247988524,0.12439024390243902,,
175,raw,0.2730664027400779,0.7022848484046424,0.1408607581231806,0.22682926829268293,,
175,smoothed,0.30996123924853214,0.7382674060055847,0.12623832509393776,0.16341463414634147,,
175,prediction_magnitude,0.06516595788590732,0.43917128753490464,0.10283477630554663,0.06097560975609756,,
175,boundary_distance,0.11317927174852498,0.5043539827693447,0.07537340660678057,0.02067363530778165,,
175,jacobi1,0.13579889125295824,0.5898488678321401,0.147336016510399,0.21707317073170732,0.9243905647216766,0.5809722125685186
175,jacobi5,0.24186655289210324,0.6888642589627199,0.16421580492774548,0.29024390243902437,0.8390548604940851,0.3323683195718925
175,jacobi10,0.31842479034484045,0.7400162778079219,0.17814990117650134,0.33414634146341465,0.7879919554345355,0.26239095058345313
175,jacobi20,0.3982957962350277,0.8017316676151026,0.20160830182314166,0.4170731707317073,0.7240177022165224,0.20717089075218534
175,jacobi40,0.4949099784593458,0.8704630573164115,0.22093791915242322,0.5097560975609756,0.6468491556060115,0.16126853472357766
175,jacobi80,0.5982631557051483,0.9252855233381417,0.24109170545073955,0.5975609756097561,0.5561903133652707,0.12062041008512105
175,cg5,0.2837250568865833,0.7410405886478832,0.17865811075219099,0.35365853658536583,0.8541261226913675,0.3255664452175281
175,pcg5,0.32091461108162544,0.7378286992311052,0.17698996712502504,0.32682926829268294,0.7818744354363891,0.25891676790412443
175,poisson_pcg5,0.9881860125403897,0.9983642788137052,0.2760840217920206,0.9219512195121952,0.08122927414849027,0.03927150168031214
175,cg10,0.3340416595490335,0.8067572753861016,0.2045278719947847,0.44634146341463415,0.7630218090483003,0.2095726333574712
175,pcg10,0.4779612408271241,0.8558659661474531,0.2168142711608946,0.48048780487804876,0.6501260300847618,0.16673464215391612
175,poisson_pcg10,0.9999922175770644,0.999998676600982,0.27720184584104524,0.9975609756097561,0.0017679992665150326,0.000613488843799045
175,cg20,0.5132432630379394,0.9183694400698754,0.2347121118343104,0.5585365853658537,0.5993616891767846,0.12550068916402005
175,pcg20,0.6724343366555847,0.9542309066606672,0.24923969761403214,0.6487804878048781,0.465832684345066,0.09117102489915158
175,poisson_pcg20,0.9999999982537702,1.0,0.2772027205730159,1.0,1.2354724477660055e-06,2.5651249862268687e-07
175,cg40,0.730535706218132,0.981472413747469,0.26284758144560066,0.7707317073170732,0.38607634666411206,0.0553725935822157
175,pcg40,0.8570258352902286,0.9908797956671916,0.27050523583784364,0.8365853658536585,0.2622007470524293,0.03273739036216748
175,poisson_pcg40,1.0,1.0,0.2772027205730159,1.0,1.1158373694223675e-12,1.0779132051872404e-13
175,cg80,0.9089595123528587,0.9943841562669561,0.27432096567251213,0.8951219512195122,0.20498611776212747,0.021530329719758042
175,pcg80,0.9925233613084956,0.9990451676084856,0.2768237515671297,0.948780487804878,0.057208996663992824,0.007177436079326489
175,poisson_pcg80,1.0,1.0,0.2772027205730159,1.0,1.1155657772235976e-12,1.0722805697971806e-13
175,poisson,0.46858261984473804,0.8710215317020235,0.22088265815513017,0.5658536585365853,4.490960108429593,7.134106117601924
175,amg,0.909198297421626,0.99316067387478,0.27496208871975436,0.9195121951219513,0.20992430147118357,0.06357486063037315
175,oracle,1.0,1.0,0.2772027205730159,1.0,1.1264379430164815e-12,1.0820830962967806e-13
176,ensemble,0.24574157418912346,0.6393400209097044,0.14718326124884223,0.1902439024390244,,
176,raw,0.19333493267040297,0.6142834456016834,0.1732395289450522,0.2634146341463415,,
176,smoothed,0.23218710329148418,0.6729503857708138,0.175379247584511,0.2682926829268293,,
176,prediction_magnitude,0.3925192108691945,0.755480195333695,0.09969418611463407,0.03414634146341464,,
176,boundary_distance,0.4510194389873962,0.7972962958061485,0.14809058695380972,0.16074332171893146,,
176,jacobi1,0.14274907706858678,0.5904999801490147,0.16088089617649778,0.21951219512195122,0.962754010508856,0.5252959938820414
176,jacobi5,0.1847639454760519,0.5870035599433585,0.16465640187980243,0.23414634146341465,0.932828875081803,0.2687238186157262
176,jacobi10,0.222785626080148,0.6038491060439634,0.16438932629663733,0.24634146341463414,0.9155800420211697,0.21782632290602763
176,jacobi20,0.26894897382029737,0.6457551976496434,0.17200483110289005,0.2731707317073171,0.8896397660934969,0.18141876880847174
176,jacobi40,0.3290891689823073,0.7300041025369559,0.18606917127104347,0.32926829268292684,0.8489003786440972,0.15257848218221887
176,jacobi80,0.406235650355538,0.8460039966650345,0.21615250721834048,0.4560975609756098,0.7875720108746999,0.125898425197372
176,cg5,0.1717919173484507,0.5970666860765189,0.1686452482109773,0.24390243902439024,0.9504997621837377,0.3040346802338828
176,pcg5,0.22669708979885442,0.6021187618278787,0.16280932868338277,0.24634146341463414,0.9171763057551453,0.22236639531067462
176,poisson_pcg5,0.9863957683596102,0.9994223363286264,0.3177033698700907,0.9658536585365853,0.08578893888829366,0.046831828646155
176,cg10,0.17585526779735194,0.6126040522477932,0.16080993106716346,0.24390243902439024,0.9262197786903373,0.2036580518169986
176,pcg10,0.3152632501342781,0.6920900440691873,0.1813708949790556,0.3024390243902439,0.8594665206356451,0.1612619574853457
176,poisson_pcg10,0.9999937373209737,1.0,0.3181538100322891,1.0,0.0019346904992701133,0.001025593807312111
176,cg20,0.27722675521393525,0.7010507788203221,0.18963560414525726,0.3829268292682927,0.87604873494351,0.15031169588775992
176,pcg20,0.5091072884577945,0.9413496023185951,0.2522278765111348,0.6292682926829268,0.7033054638774342,0.10584212361253838
176,poisson_pcg20,0.9999999998253771,1.0,0.3181538100322891,1.0,6.452561880326513e-07,4.693158641596092e-07
176,cg40,0.42598313199162524,0.9148915474504717,0.23789962466417755,0.573170731707317,0.7434574767866456,0.10786194737985282
176,pcg40,0.6566727297865365,0.982797136164525,0.30690824809129613,0.7951219512195122,0.4982404895253298,0.06962903717215244
176,poisson_pcg40,1.0,1.0,0.3181538100322891,1.0,5.604362478401898e-13,7.958796492729461e-14
176,cg80,0.7465223692962263,0.9973935656339743,0.31512477069418426,0.9073170731707317,0.3582353377564625,0.05354186955194393
176,pcg80,0.9855075553152556,0.9998365602212723,0.3179622266955614,0.9804878048780488,0.0666883092729749,0.01240671326688022
176,poisson_pcg80,1.0,1.0,0.3181538100322891,1.0,5.712122063151072e-13,7.568460764552448e-14
176,poisson,0.8127714531890796,0.955199634741871,0.27531765733327845,0.675609756097561,1.8969891643217442,6.650309151948902
176,amg,0.9830114965212865,0.9984324338631341,0.3166467643439066,0.9365853658536586,0.1848164803597598,0.06210887292928187
176,oracle,1.0,1.0,0.3181538100322891,1.0,5.959259541078342e-13,7.887335999566746e-14
177,ensemble,0.48617396275758146,0.7611430197318794,0.19177666952343786,0.2951219512195122,,
177,raw,0.4055144394076654,0.7275723568413113,0.19163502930903722,0.28292682926829266,,
177,smoothed,0.508000521291544,0.7941353572515649,0.2038153321909107,0.3146341463414634,,
177,prediction_magnitude,0.5291887777793052,0.7466776067652158,0.11679345643821185,0.06829268292682927,,
177,boundary_distance,0.5966625335508363,0.7815372602993529,0.16868655360188842,0.1359465737514518,,
177,jacobi1,0.22402595172185535,0.6394776544075804,0.16810759235287787,0.24878048780487805,0.9755017544836757,0.6127631779210638
177,jacobi5,0.31791631176289536,0.6625081058189854,0.17522053758045844,0.2707317073170732,0.9431537736359955,0.37004502269325396
177,jacobi10,0.3417583842506042,0.6965227690801054,0.17812072305200494,0.3024390243902439,0.921247591358016,0.3050888719802244
177,jacobi20,0.365163901874786,0.7441902783108135,0.1828300019832563,0.3439024390243902,0.8910732808619048,0.25349049374200644
177,jacobi40,0.4031049696949479,0.8088039119674973,0.1991025002080651,0.4097560975609756,0.8486871740359738,0.21263431766346877
177,jacobi80,0.46752082106781434,0.885452536294218,0.22603959347863542,0.4975609756097561,0.7895945710992811,0.17641516566906723
177,cg5,0.356461268675999,0.7179433055860672,0.19064800327282166,0.32439024390243903,0.9446365573066954,0.35987029020126343
177,pcg5,0.3444502148030454,0.6941863081137594,0.17931710467522288,0.3097560975609756,0.9193095275160402,0.30261139534772574
177,poisson_pcg5,0.9931621947324651,0.9990034805394175,0.3063381455850229,0.9463414634146341,0.0605227512848801,0.0419210330717705
177,cg10,0.3657301488860786,0.7501998332517237,0.19293489006015307,0.37073170731707317,0.9028639842208892,0.2592041510915171
177,pcg10,0.38589446748117545,0.7876897423342112,0.1891825481789114,0.3804878048780488,0.8546776376449408,0.21824589845244605
177,poisson_pcg10,0.9999934484945431,1.0,0.30694318457721564,1.0,0.0016272816563424727,0.0011280344601442309
177,cg20,0.45692265562764367,0.8701004459854691,0.22550802545923515,0.5097560975609756,0.807566637759871,0.17876133882408943
177,pcg20,0.5176281719498365,0.9252484681656367,0.24397298455555858,0.5804878048780487,0.700858691943094,0.14273542028177605
177,poisson_pcg20,0.999999999476131,1.0,0.30694318457721564,1.0,1.4222370829115247e-06,6.490531197132443e-07
177,cg40,0.6208926665593224,0.9607512936225401,0.2615614774563577,0.6487804878048781,0.6323995183906855,0.10775402046371588
177,pcg40,0.6609061293285269,0.9557448751373027,0.2653224684651901,0.6097560975609756,0.5540914874253767,0.07826874272500035
177,poisson_pcg40,1.0,1.0,0.30694318457721564,1.0,1.1151309742430034e-12,1.5214866272077846e-13
177,cg80,0.8117723156031484,0.9826019348093644,0.2902089407343237,0.8,0.36469843119658746,0.050716413105046355
177,pcg80,0.891644816790026,0.9915970779349682,0.29886453618687925,0.8512195121951219,0.2382451649556606,0.034665211786276885
177,poisson_pcg80,1.0,1.0,0.30694318457721564,1.0,1.1003121557636204e-12,1.4051149121170393e-13
177,poisson,0.6491708998074175,0.8907964215290552,0.2611060338566071,0.5902439024390244,3.089419084671857,7.121985030422931
177,amg,0.966826287798474,0.9977747045511692,0.3056098221466166,0.9219512195121952,0.2334706352415102,0.09102671403123469
177,oracle,1.0,1.0,0.30694318457721564,1.0,1.0684041962746132e-12,1.3629011720626422e-13
178,ensemble,0.3517280659969861,0.6803759776610245,0.15959072199461527,0.22195121951219512,,
178,raw,-0.04871681908180604,0.5656167701123566,0.11587371705175561,0.17073170731707318,,
178,smoothed,-0.09567128302106832,0.583113428529836,0.1292332292227164,0.21951219512195122,,
178,prediction_magnitude,0.7009623496159427,0.8861969482418645,0.2078889961437205,0.3829268292682927,,
178,boundary_distance,0.5732750518132161,0.8319270013101651,0.18767530152117087,0.3614982578397213,,
178,jacobi1,-0.014345178653571228,0.5659853367388802,0.1253497556771766,0.17317073170731706,0.9725282235505784,0.569936437532164
178,jacobi5,0.1480372864514462,0.604398316636449,0.15275671417085362,0.23414634146341465,0.9420835293137622,0.33547818814406266
178,jacobi10,0.18766647875137127,0.613538371954528,0.15963490587183046,0.24634146341463414,0.9220814816283157,0.28215080893216044
178,jacobi20,0.22736849739596607,0.6289109749480566,0.1628320392340536,0.25853658536585367,0.8924262830218054,0.23406097542426213
178,jacobi40,0.28027601126829604,0.6618351574183132,0.1733739064652663,0.29024390243902437,0.8487011496735702,0.18433396792054904
178,jacobi80,0.3864316633382127,0.7563179069121131,0.1924361024262265,0.37317073170731707,0.7872952189234145,0.1375408797248098
178,cg5,0.04318409682138096,0.5972565938356074,0.14171669848294743,0.22195121951219512,0.9565006065864001,0.36698552292567266
178,pcg5,0.19240555854184158,0.6130109974458399,0.16062364289475967,0.24634146341463414,0.920655671910904,0.284628833319056
178,poisson_pcg5,0.9967693752662653,0.9994726254913119,0.2904766113347223,0.9609756097560975,0.03905098517935348,0.043460477311495556
178,cg10,0.1585225727948776,0.6343309556264309,0.16633476770879344,0.3,0.9238954119648273,0.2601678080256598
178,pcg10,0.2708288259646342,0.6478653573839048,0.17115549905139352,0.2804878048780488,0.8425515224642107,0.18534072450785297
178,poisson_pcg10,0.9999984044697116,1.0,0.2907533948799763,1.0,0.0007743185246846246,0.000647146698285808
178,cg20,0.23179135293201228,0.6632743538504294,0.17677152533882967,0.33170731707317075,0.8675582477336754,0.17299912979724785
178,pcg20,0.49873640584445555,0.8432943371756018,0.20235343720227017,0.4292682926829268,0.7283727175624019,0.11171362016713761
178,poisson_pcg20,0.999999999476131,1.0,0.2907533948799763,1.0,3.2852326057717227e-07,2.1905055252650476e-07
178,cg40,0.35402268634173273,0.7965492370604661,0.19813931948921112,0.4146341463414634,0.7679448463952687,0.11618787809759105
178,pcg40,0.7787071769938425,0.9578563582705821,0.25977009914944954,0.6780487804878049,0.47152901474328646,0.07524298208562996
178,poisson_pcg40,1.0,1.0,0.2907533948799763,1.0,1.4352414502998155e-12,2.0585258121342576e-13
178,cg80,0.6411442458357026,0.968423699429615,0.26167991116518774,0.6951219512195121,0.510913636265118,0.07366298091386357
178,pcg80,0.9910452873347313,0.9992052988896682,0.2904185224668713,0.9463414634146341,0.06760810712337667,0.01623452201065575
178,poisson_pcg80,1.0,1.0,0.2907533948799763,1.0,1.4335395637322193e-12,2.0546639596344578e-13
178,poisson,0.6992893179454993,0.9456360917380199,0.21633609476776217,0.5609756097560976,2.209457909883192,6.814919311840422
178,amg,0.9748404588455236,0.9967364980215184,0.2891072982356778,0.8975609756097561,0.22278295194594064,0.07777386650985944
178,oracle,1.0,1.0,0.2907533948799763,1.0,1.3908920701143528e-12,1.9933129725177298e-13
179,ensemble,0.23038044385085665,0.641069041726771,0.11499923503382756,0.1073170731707317,,
179,raw,0.10035416092506266,0.46831650410915393,0.1135457808271475,0.1,,
179,smoothed,0.0240343589458605,0.40953641332398133,0.11767854060663283,0.1073170731707317,,
179,prediction_magnitude,0.35173941107822804,0.6672981485647738,0.14118131743875378,0.16829268292682928,,
179,boundary_distance,0.3124143883746135,0.6341635456506491,0.08851713859474879,0.022531939605110334,,
179,jacobi1,0.08509374282648745,0.501290314042587,0.1285385075607907,0.15121951219512195,0.9454098473472755,0.5592228787927072
179,jacobi5,0.20138304082305603,0.5583446925082381,0.14324145405649488,0.18292682926829268,0.891583822795868,0.27011168997966317
179,jacobi10,0.23839180905565227,0.600979315273348,0.1539062308373095,0.2146341463414634,0.8620196135805872,0.20499114914023853
179,jacobi20,0.29051888667113035,0.6692792768947765,0.16659555113680602,0.25365853658536586,0.8207414008931551,0.16181027683019225
179,jacobi40,0.36916956142694873,0.7793682093087887,0.19158118191985704,0.33170731707317075,0.7579384255094608,0.129386239311549
179,jacobi80,0.47595369369819424,0.8982663472863703,0.24179135607307609,0.5097560975609756,0.6619363132550083,0.10237992339986385
179,cg5,0.1398833530978622,0.5226096105236689,0.1326433859374591,0.18048780487804877,0.9191929189777359,0.30759270306983666
179,pcg5,0.22815514586579924,0.5906541561346161,0.15155325188930355,0.2121951219512195,0.8646885095247125,0.20524955430589395
179,poisson_pcg5,0.9867647224715373,0.9994395405158609,0.3172272268536429,0.9585365853658536,0.07098319550158624,0.0388620469130547
179,cg10,0.2222501713889753,0.5775035400923733,0.15237322097016948,0.23414634146341465,0.8758416705154145,0.19556557311581665
179,pcg10,0.33300762739962725,0.741067056628244,0.17577924800109665,0.275609756097561,0.7782693220084489,0.13740578093505487
179,poisson_pcg10,0.9999963023581202,1.0,0.3177935674894182,1.0,0.0009596240207019309,0.0007338577263625158
179,cg20,0.30689755287388654,0.6351938117861916,0.1695204194868345,0.3073170731707317,0.8084740117019953,0.1328073334842348
179,pcg20,0.5656375712838997,0.9643482921535672,0.2823504720965578,0.697560975609756,0.5365202601032593,0.08517623884989552
179,poisson_pcg20,1.0,1.0,0.3177935674894182,1.0,4.3011034602365034e-07,2.1251212734627104e-07
179,cg40,0.5387234563620773,0.8494971083731456,0.23429391308206945,0.47804878048780486,0.6355042770359388,0.08873204759792751
179,pcg40,0.8948229839035041,0.9966200389079312,0.31433578187914896,0.8902439024390244,0.21431343776402964,0.03636661862750004
179,poisson_pcg40,1.0,1.0,0.3177935674894182,1.0,9.695502357563285e-13,1.0770672392510995e-13
179,cg80,0.8378264122837135,0.9903008085968,0.31074948018051923,0.848780487804878,0.2826762719868416,0.03579063544206089
179,pcg80,0.9904424920802185,0.9997756838664426,0.31753173810383795,0.973170731707317,0.059733918021806234,0.008184315647834799
179,poisson_pcg80,1.0,1.0,0.3177935674894182,1.0,9.7028105491419e-13,1.0707242248112917e-13
179,poisson,0.5284476021846258,0.8766764157060996,0.1940332136387512,0.3146341463414634,2.735556552685388,7.160564399465558
179,amg,0.9766194160945181,0.9988453343567619,0.3169729984392708,0.9560975609756097,0.1627472461854322,0.06698779746285954
179,oracle,1.0,1.0,0.3177935674894182,1.0,9.679200385399458e-13,1.0681427470486397e-13
180,ensemble,0.2410668276048051,0.6199138467239257,0.12063340331174505,0.17073170731707318,,
180,raw,-0.029313538399121222,0.6061935074044175,0.14359795980341955,0.25853658536585367,,
180,smoothed,-0.073375131651767,0.6299524899752524,0.16983860381423346,0.33170731707317075,,
180,prediction_magnitude,0.5361804182203923,0.7641702949856412,0.10707720329908213,0.06585365853658537,,
180,boundary_distance,0.5938612256325131,0.8435993806492595,0.15666470763139004,0.2973867595818816,,
180,jacobi1,-0.06716905666870962,0.5615168799544751,0.10866079685323086,0.17073170731707318,0.9836013374784631,0.5664559926886724
180,jacobi5,0.09055906654873888,0.6078947368421053,0.13224744424034285,0.21707317073170732,0.9620159470421898,0.33583244183508
180,jacobi10,0.10954694235558092,0.604534626735307,0.13828187663792743,0.2073170731707317,0.947786571641533,0.2819520721280914
180,jacobi20,0.14132907397119396,0.6110503818006167,0.1430206209755867,0.2121951219512195,0.9271444095884339,0.2375405710205267
180,jacobi40,0.20471847497577073,0.659177772190093,0.15077371986792143,0.23658536585365852,0.8960022214568751,0.19134424701540667
180,jacobi80,0.2994271218551657,0.7549594378200971,0.16708183286462902,0.3097560975609756,0.849593802647821,0.14526881578241482
180,cg5,-0.006825344345366618,0.5957499040535712,0.1334505169240566,0.22439024390243903,0.9635401695096706,0.3742203981766381
180,pcg5,0.11839012488673255,0.6033111443431309,0.1390083538149657,0.2097560975609756,0.9493217982666021,0.2818952671965021
180,poisson_pcg5,0.9983693575678756,0.9994514511070233,0.275314006185568,0.9560975609756097,0.04764658530790103,0.044261647384159976
180,cg10,0.08654556467795385,0.6131995818059103,0.13878807477233843,0.22195121951219512,0.9384355210027446,0.25943909190673514
180,pcg10,0.20167721962308707,0.6443345288037796,0.15233069639312166,0.23170731707317074,0.8955300871871029,0.19184217521742933
180,poisson_pcg10,0.9999997103004545,1.0,0.2756915212581088,1.0,0.00032196135280392627,0.0005364719553440446
180,cg20,0.13474523305072908,0.6557799452112807,0.15928765153726493,0.3,0.8941515491902934,0.17437470511105355
180,pcg20,0.38633866541848944,0.8307061657160251,0.18128179904408714,0.36585365853658536,0.8033281312083874,0.11462290222470706
180,poisson_pcg20,1.0,1.0,0.2756915212581088,1.0,2.5237660899231923e-08,4.951947442330405e-08
180,cg40,0.3348375054119158,0.8653653242989293,0.20077671324377652,0.5121951219512195,0.8139020453989926,0.12153666032465195
180,pcg40,0.7825187181180324,0.9577121077776161,0.2514579180583494,0.6560975609756098,0.4693209887239564,0.07864578624642497
180,poisson_pcg40,1.0,1.0,0.2756915212581088,1.0,5.926503007553126e-13,8.337368252072733e-14
180,cg80,0.6865798409014101,0.9769477125047973,0.25465553564271626,0.7292682926829268,0.5556981512879574,0.0786814416031262
180,pcg80,0.9967243565855164,0.9995818059103,0.275442668684333,0.9658536585365853,0.04186052121049704,0.010271996184162196
180,poisson_pcg80,1.0,1.0,0.2756915212581088,1.0,5.926503007553126e-13,8.337368252072733e-14
180,poisson,0.7177305909546631,0.9301060042613448,0.23322289323502735,0.5878048780487805,2.5030247498773948,5.710362202428044
180,amg,0.9905632477216869,0.9968734698198853,0.27411943604638106,0.9097560975609756,0.16263754032632563,0.08230130643087265
180,oracle,1.0,1.0,0.2756915212581088,1.0,6.003291448557803e-13,8.424808734388849e-14
181,ensemble,0.11212774970445409,0.5835038312401573,0.11668439627118238,0.15365853658536585,,
181,raw,0.03480909721952139,0.5092637931262655,0.11338396770564756,0.12195121951219512,,
181,smoothed,-0.018168745190184278,0.5124783293410796,0.11813295092388723,0.14146341463414633,,
181,prediction_magnitude,0.6226189281769204,0.9128270449823326,0.2208389239411159,0.5609756097560976,,
181,boundary_distance,0.6202701868123093,0.9188901975834733,0.2247906856200168,0.5724157955865273,,
181,jacobi1,0.07409877474868817,0.5438620753543401,0.12028716674760123,0.12926829268292683,0.9651867840871334,0.5980088862975801
181,jacobi5,0.1519317254760586,0.5763462276510991,0.13611664095410825,0.17073170731707318,0.9270936840111704,0.352030549963869
181,jacobi10,0.1852889056745823,0.5883904821142623,0.14383720556797636,0.1975609756097561,0.9015435525476059,0.28772679373292626
181,jacobi20,0.23577026460719938,0.6189285761549965,0.15644924843333224,0.23414634146341465,0.8633650001700582,0.23203022812389426
181,jacobi40,0.3328283655466655,0.6880424281725183,0.17355988134183095,0.29024390243902437,0.8059858558909941,0.17972246256730925
181,jacobi80,0.47114662654081746,0.8028056059182405,0.19008969018599275,0.36341463414634145,0.7234243824571622,0.13043304573396539
181,cg5,0.09686261067325909,0.5444748090996917,0.1308219761348034,0.16585365853658537,0.9395544154138219,0.3567725079837685
181,pcg5,0.1753742128833659,0.581051572859733,0.14250578246327128,0.1951219512195122,0.9011040983216957,0.283975271588275
181,poisson_pcg5,0.9973780951296892,0.9993244048012916,0.26963614000428915,0.9609756097560975,0.04408167432347634,0.040168025345192926
181,cg10,0.184590040008782,0.5941333721530379,0.14956144292854684,0.20243902439024392,0.895341955884702,0.23947391979184132
181,pcg10,0.31402261820384075,0.6662632505326681,0.1698934388712049,0.2658536585365854,0.8056495241631576,0.18205765475550378
181,poisson_pcg10,0.9999922200217863,1.0,0.2699268089949532,1.0,0.0015953397549078035,0.0008936401736345129
181,cg20,0.24840394741422744,0.617692521472149,0.16563254118301576,0.2707317073170732,0.8269632892367276,0.14874058007983132
181,pcg20,0.5772514196639795,0.8824742268041237,0.2020717996152414,0.4195121951219512,0.6273683982137223,0.09478583247803722
181,poisson_pcg20,0.9999999989522621,1.0,0.2699268089949532,1.0,1.2518768600614763e-06,4.183111955803947e-07
181,cg40,0.37908350421240955,0.7325761285285126,0.1860993663807042,0.35609756097560974,0.7191287893758892,0.09553662626143973
181,pcg40,0.80217726548607,0.9814049203975491,0.2505829664956318,0.7658536585365854,0.3820424832757632,0.05234260612380697
181,poisson_pcg40,1.0,1.0,0.2699268089949532,1.0,7.992685968047286e-13,1.2390105359424878e-13
181,cg80,0.7362209132925034,0.9592677633233196,0.24418301742730356,0.6682926829268293,0.44772145774328015,0.05729663550265935
181,pcg80,0.9769659982070551,0.9986316054153488,0.26905295389190326,0.9439024390243902,0.10790665084174637,0.020012132542376763
181,poisson_pcg80,1.0,1.0,0.2699268089949532,1.0,7.552612807248975e-13,1.0437935493398407e-13
181,poisson,0.6604124177399974,0.9219293834283975,0.20790084670560602,0.43658536585365854,2.867821208508063,7.019711380039452
181,amg,0.9907046932192524,0.9981108479017509,0.26899626870780924,0.926829268292683,0.1622508738202832,0.07779439431805096
181,oracle,1.0,1.0,0.2699268089949532,1.0,7.354557789003414e-13,1.0174394208353228e-13
182,ensemble,0.22945253533307677,0.6388172782975795,0.14380361467900382,0.17804878048780487,,
182,raw,0.3432451500838526,0.7791405846776862,0.17616036315010564,0.3439024390243902,,
182,smoothed,0.4041907751171008,0.8302687823405634,0.17576824270357,0.3195121951219512,,
182,prediction_magnitude,0.3418243075737317,0.6805122877598825,0.11300681950760627,0.09024390243902439,,
182,boundary_distance,0.3607625565413535,0.70600293794582,0.1375681391115231,0.1927409988385598,,
182,jacobi1,0.19677524504355687,0.6793708561068248,0.15991013771159976,0.2707317073170732,0.9370430346504685,0.5839118228362948
182,jacobi5,0.2585323419036063,0.6739561690245226,0.16968207258266574,0.28292682926829266,0.8664339745203379,0.32396568404221265
182,jacobi10,0.29544914528610683,0.6822518957690933,0.17900245006412308,0.3121951219512195,0.8272394339195235,0.25685107846484445
182,jacobi20,0.34341431139364464,0.7157821949896113,0.19126860653165073,0.3463414634146341,0.7795121796504638,0.2020504793495932
182,jacobi40,0.40637470928065617,0.7725546894644204,0.20259195776581607,0.3780487804878049,0.7222052253657616,0.15812370947175164
182,jacobi80,0.4855436469193487,0.8392235617961171,0.21754779172162975,0.43414634146341463,0.6517255939204665,0.12384066959391418
182,cg5,0.2864056181441616,0.7247674126225798,0.18428117109306277,0.3439024390243902,0.8822035879855238,0.3396273340623468
182,pcg5,0.2857377424717094,0.6760478011725315,0.17510347638709892,0.3,0.8237462101362263,0.2585379269970471
182,poisson_pcg5,0.9924036102731071,0.9979593187141855,0.2794638457457377,0.9317073170731708,0.07085072290916498,0.041459020626674024
182,cg10,0.3073475963158963,0.7611158900520096,0.19398616436617758,0.36829268292682926,0.807391494313159,0.21827040667916664
182,pcg10,0.3975392394978659,0.761516879954475,0.20015578294724146,0.36097560975609755,0.729154830190061,0.1663613271123801
182,poisson_pcg10,0.9999926991872795,1.0,0.28049272210451553,1.0,0.0019174746369934451,0.0010461720964956985
182,cg20,0.4012775891407073,0.8772070987123327,0.21665797035789566,0.47073170731707314,0.6911512926372151,0.13718257816194404
182,pcg20,0.5588171338446407,0.8841311223747071,0.23278249477376786,0.4926829268292683,0.5841484461873232,0.10481572593127335
182,poisson_pcg20,0.999999999126885,1.0,0.28049272210451553,1.0,1.1552097925410903e-06,4.6516483094317724e-07
182,cg40,0.7054687316645858,0.9539741672511679,0.25049712107320676,0.651219512195122,0.46599710367421954,0.07522713957498982
182,pcg40,0.8343470763864116,0.9585908447255932,0.2595811680710351,0.6780487804878049,0.3389311938433439,0.046974432585413416
182,poisson_pcg40,1.0,1.0,0.28049272210451553,1.0,1.264580191088259e-12,1.3419861383790116e-13
182,cg80,0.9255019738754504,0.9860361552611728,0.2732927958697257,0.8097560975609757,0.21671854623987996,0.026602589165478335
182,pcg80,0.964419788946739,0.9944463560208038,0.27735876088663003,0.8658536585365854,0.13602516194037442,0.01516369378946999
182,poisson_pcg80,1.0,1.0,0.28049272210451553,1.0,1.286126746462726e-12,1.2127867049657081e-13
182,poisson,0.4199443247066222,0.7683145190106269,0.19692846179374923,0.4073170731707317,4.276403873433526,6.938321353689668
182,amg,0.9566485719177953,0.9892209149980811,0.27509194440917123,0.8219512195121951,0.2325979404615792,0.07829646687258641
182,oracle,1.0,1.0,0.28049272210451553,1.0,1.2565425030226382e-12,1.1850612018055444e-13
183,ensemble,0.21996403719782678,0.6261457326998663,0.13436975276121035,0.16829268292682928,,
183,raw,0.13079338689174203,0.6006881674893797,0.14991310347028314,0.21707317073170732,,
183,smoothed,0.16136260797708007,0.6572998689834972,0.1738268064611346,0.2731707317073171,,
183,prediction_magnitude,0.15352509794813232,0.6291617590619748,0.07151541207386118,0.014634146341463415,,
183,boundary_distance,0.03689915943203552,0.5191442901949367,0.08226342229739342,0.03170731707317073,,
183,jacobi1,0.11948109006908701,0.5866376401148711,0.1544904654178748,0.21707317073170732,0.9559907651003473,0.5840091333356608
183,jacobi5,0.20219293772508207,0.6505055384248905,0.17227069950983553,0.2780487804878049,0.9035612959767417,0.3146021590423747
183,jacobi10,0.25244943934424235,0.6903504360599765,0.17798088654450125,0.28292682926829266,0.8680126266615358,0.2549181262342022
183,jacobi20,0.3243846545909698,0.7376513637626881,0.1889669534572351,0.3195121951219512,0.8179415553536513,0.21000101087876588
183,jacobi40,0.4288143696674329,0.7869228326032582,0.21164585704806615,0.3878048780487805,0.750120667315482,0.17021891399770658
183,jacobi80,0.5342744587162188,0.8344910869076135,0.2461974716268178,0.5073170731707317,0.6654495704054821,0.13652318737629282
183,cg5,0.1521994948184748,0.6109491417757368,0.16079789456583501,0.23170731707317074,0.9252903884090368,0.3448350940944783
183,pcg5,0.24616309017123447,0.6828977144898959,0.17819151324424845,0.2951219512195122,0.8680591889070539,0.25723178769131166
183,poisson_pcg5,0.9898991234749966,0.9991298651456401,0.3176803610462823,0.9463414634146341,0.06688054093004342,0.04023232862038575
183,cg10,0.23070733757016212,0.6446991252332491,0.17541406889400288,0.24146341463414633,0.8768790333846116,0.23938917358861456
183,pcg10,0.4159080008329936,0.7736550957479189,0.21294627091275084,0.3780487804878049,0.7462039703839081,0.17574888516815113
183,poisson_pcg10,0.9999879740637079,0.999998676600982,0.31845310974372953,0.9975609756097561,0.001580525950910907,0.000815155554965253
183,cg20,0.36409677238175037,0.731927663009674,0.21131923693390586,0.348780487804878,0.7750016354777173,0.17180302653583956
183,pcg20,0.6342892283289792,0.8820877942908566,0.27282009508124233,0.6121951219512195,0.5728801712927422,0.1177614451354133
183,poisson_pcg20,0.999999999476131,1.0,0.31845350520128257,1.0,8.683903440902674e-07,2.9630383056642676e-07
183,cg40,0.634935551856994,0.9617431811865595,0.28782382635780823,0.6731707317073171,0.5007023016450335,0.09809090209876524
183,pcg40,0.8694163063356128,0.9936913568810132,0.3128889705592822,0.8707317073170732,0.2560872548709293,0.05262174320744763
183,poisson_pcg40,1.0,1.0,0.31845350520128257,1.0,7.605645338852337e-13,9.765490278047006e-14
183,cg80,0.9040878633261876,0.998222675118775,0.31692312803254463,0.9317073170731708,0.19098234774236097,0.03488724375120226
183,pcg80,0.9767772778996693,0.9990246549237061,0.31778997923222413,0.9439024390243902,0.08438570075516265,0.01213253920257592
183,poisson_pcg80,1.0,1.0,0.31845350520128257,1.0,7.543492532210523e-13,9.566361366012423e-14
183,poisson,0.44166455023598966,0.8377400314968966,0.2122794396383549,0.3780487804878049,2.515568892132318,6.9056350754981155
183,amg,0.9797486398754762,0.9986044757354791,0.31721435477509996,0.9317073170731708,0.1322662957647729,0.0666037915266729
183,oracle,1.0,1.0,0.31845350520128257,1.0,7.654381439468105e-13,9.733978783938483e-14
184,ensemble,0.25567050748543113,0.7000522742612125,0.14599519672987704,0.26097560975609757,,
184,raw,0.15260640306333995,0.6315809324669481,0.1366366888857186,0.23414634146341465,,
184,smoothed,0.16050463806353216,0.6527010573958154,0.14487971215235,0.25853658536585367,,
184,prediction_magnitude,0.5357194996310024,0.8280706165716025,0.18314470750960402,0.35121951219512193,,
184,boundary_distance,0.4541325928230803,0.8303071609120866,0.176237820824881,0.36440185830429733,,
184,jacobi1,0.16027193249427127,0.6219902597832272,0.14597241415470646,0.2097560975609756,0.9466504367686301,0.5501369080382625
184,jacobi5,0.2064362240716986,0.6406938581051573,0.14516079198379755,0.2146341463414634,0.9081167450584253,0.2820245820034777
184,jacobi10,0.2223354464322036,0.6630559930124532,0.1545010467105003,0.24878048780487805,0.8879200938853533,0.21596551605598444
184,jacobi20,0.2492161353699236,0.7091943146778185,0.15843949554385667,0.2780487804878049,0.8600861327232847,0.16408841698759036
184,jacobi40,0.29400968534557137,0.764341013458968,0.1668397413252511,0.33902439024390246,0.8238198067699122,0.12500248387846835
184,jacobi80,0.34908085598486926,0.8354333470084565,0.18309291913577552,0.4146341463414634,0.7752126633030313,0.10269420410297021
184,cg5,0.17446018165485155,0.6446223680902029,0.14685461954726634,0.25609756097560976,0.9132814557320873,0.30462138034095904
184,pcg5,0.21385823562687922,0.6537386022259571,0.1514620547307042,0.23902439024390243,0.8920729522856704,0.21140452868710363
184,poisson_pcg5,0.9942307891377905,0.9988301152680544,0.26807509190427986,0.9390243902439024,0.061999483704542335,0.04278268858652329
184,cg10,0.22752741217776612,0.6868017415931077,0.1612134380975482,0.28292682926829266,0.8754319824759937,0.17504860090308924
184,pcg10,0.28868092343963603,0.7480248269655784,0.1636621835495892,0.32195121951219513,0.8347535057158646,0.11924043999447835
184,poisson_pcg10,0.9999975441022242,0.999999338300491,0.2688438424077678,0.9975609756097561,0.0009155758627350771,0.0005044535798702606
184,cg20,0.2678639473913169,0.7629732805738259,0.17581655280524514,0.348780487804878,0.8228532796200503,0.11660243782798034
184,pcg20,0.37973341082962075,0.8684349483212683,0.1941354351244036,0.4634146341463415,0.745872060630461,0.0833807735278985
184,poisson_pcg20,1.0,1.0,0.2688440554360674,1.0,2.1250855077319727e-07,2.3478084892908209e-07
184,cg40,0.41122367216117217,0.895219882746847,0.2059480906005577,0.5414634146341464,0.7115473928330841,0.07405860585508806
184,pcg40,0.7439348981593116,0.9728120905734288,0.2534191931307381,0.6951219512195121,0.39980396251385103,0.045811552759176644
184,poisson_pcg40,1.0,1.0,0.2688440554360674,1.0,1.1573307721000846e-12,1.2322527253300606e-13
184,cg80,0.7627042970276204,0.980218493177878,0.25621334432111553,0.7731707317073171,0.41168084749103734,0.04491884088127106
184,pcg80,0.9906721076956159,0.9987335071397377,0.2681722416793662,0.9390243902439024,0.08593308379632844,0.012622920839845045
184,poisson_pcg80,1.0,1.0,0.2688440554360674,1.0,1.159690090780797e-12,1.2293624123179212e-13
184,poisson,0.5946186041045847,0.8717083757923851,0.2011661161543015,0.4195121951219512,2.7683378222171116,6.975983630547776
184,amg,0.9867578639788583,0.9957293913687916,0.26652886262261705,0.8853658536585366,0.14689746011792795,0.05640523834835253
184,oracle,1.0,1.0,0.2688440554360674,1.0,1.129414306983933e-12,1.197610935129499e-13
185,ensemble,0.24360928599815285,0.6770588780223125,0.15508858129960554,0.2,,
185,raw,0.142576671787451,0.6542163492714689,0.1565436449900738,0.22439024390243903,,
185,smoothed,0.15607349404711612,0.6910478673424825,0.17181755635895582,0.29024390243902437,,
185,prediction_magnitude,0.3052707318913441,0.6988307769675635,0.11427181478729583,0.1,,
185,boundary_distance,0.3397076405947777,0.7159866601378981,0.1470347853443056,0.231068524970964,,
185,jacobi1,0.126928810319811,0.667132723687519,0.169125839483779,0.2926829268292683,0.9570974731014584,0.5677598730275577
185,jacobi5,0.23884675800678556,0.6864245728729669,0.17800578095266995,0.32926829268292684,0.904805836087758,0.33354150090314433
185,jacobi10,0.29164903236370354,0.7131585564363512,0.19134564642283516,0.36829268292682926,0.8636032220397127,0.28151136778262315
185,jacobi20,0.3564515877518818,0.7402346386458981,0.2150569533379744,0.43414634146341463,0.8026829702987288,0.2350035616166129
185,jacobi40,0.4474293125774488,0.7845460079668621,0.23447664203495652,0.4878048780487805,0.7162818874486373,0.18641653115671955
185,jacobi80,0.5791530913005563,0.8694976377327528,0.2577231396713881,0.5609756097560976,0.6055469307822525,0.13536516861745898
185,cg5,0.17793529551742499,0.670692667046041,0.17246451624095605,0.2804878048780488,0.9112209574872979,0.34706021511062385
185,pcg5,0.29440619915676935,0.7094814922647328,0.1898447404933267,0.36585365853658536,0.8587570913758884,0.2829456828615902
185,poisson_pcg5,0.968867040537289,0.9956063152601141,0.3146411986267133,0.8926829268292683,0.1148785915635295,0.04353973704751672
185,cg10,0.25892187533527616,0.7011447401506028,0.1917306702230931,0.35121951219512193,0.8464673072434005,0.24947905402597656
185,pcg10,0.43817409818819003,0.7734493072006141,0.234623457672112,0.4902439024390244,0.6962983389760113,0.18775958762899503
185,poisson_pcg10,0.9999958542755196,0.999998014901473,0.3177434382511272,0.9975609756097561,0.0013231282561263487,0.0009293079403172587
185,cg20,0.40289905059434405,0.7873377181954131,0.2412661921168715,0.4951219512195122,0.7109221503274061,0.16262617416100017
185,pcg20,0.6783122382820428,0.9411927795349576,0.2783215192016265,0.6487804878048781,0.48272829164637215,0.09326903957921612
185,poisson_pcg20,0.9999999996507541,1.0,0.31774403622327374,1.0,5.35029159184942e-07,3.614393370128081e-07
185,cg40,0.6359789055563975,0.938346148247158,0.28338119164040104,0.6682926829268293,0.48010312292147544,0.08190600125657109
185,pcg40,0.8440758311383922,0.9854690787819436,0.3030771502654018,0.7926829268292683,0.2925382903709838,0.040941486287137716
185,poisson_pcg40,1.0,1.0,0.31774403622327374,1.0,1.6384442505078005e-12,1.7841758626655128e-13
185,cg80,0.8341831764674033,0.9892566467715681,0.30810339730584896,0.8219512195121951,0.2749917554016269,0.03351806591773384
185,pcg80,0.9764041560607645,0.998640207508966,0.3165201940307807,0.9292682926829269,0.09856621104874139,0.012227072911095151
185,poisson_pcg80,1.0,1.0,0.31774403622327374,1.0,1.6126097997709712e-12,1.7498041596080056e-13
185,poisson,0.5378637952248406,0.90146367931395,0.24430837406106773,0.5048780487804878,3.1826721096894706,6.723672436918434
185,amg,0.9838931873968466,0.9979533634186043,0.3160268044133496,0.9292682926829269,0.17470151858889185,0.0737933149122002
185,oracle,1.0,1.0,0.31774403622327374,1.0,1.6311947177035783e-12,1.7688721735905587e-13
186,ensemble,0.2410311605092085,0.6240124134827892,0.1323314335612777,0.17073170731707318,,
186,raw,0.08374446466066478,0.5634907295898787,0.12129811861009787,0.16097560975609757,,
186,smoothed,0.08140087007512868,0.5685262628535129,0.10550573941677058,0.11707317073170732,,
186,prediction_magnitude,0.4975019581873206,0.7312169977369877,0.157795154105214,0.14390243902439023,,
186,boundary_distance,0.4316054232289584,0.6996347418710215,0.11897041303557854,0.10261324041811846,,
186,jacobi1,0.0336003488282881,0.5529412543175893,0.116508206009318,0.16829268292682928,0.9706848846683803,0.6045844120886322
186,jacobi5,0.13577497645942355,0.629726188743168,0.1331214246120317,0.23658536585365852,0.9358608906201562,0.3509453025816162
186,jacobi10,0.16176925009650367,0.672853777642497,0.14219675515982577,0.2634146341463415,0.9122660251342646,0.2814886099819828
186,jacobi20,0.20029073645696707,0.7307610867752736,0.15656473892030795,0.2926829268292683,0.8784177567917874,0.22977138659395868
186,jacobi40,0.2721496741101883,0.8069643873324246,0.17128943553090636,0.35121951219512193,0.8283931746493076,0.1922337394407011
186,jacobi80,0.38705683356070647,0.8832457684316398,0.19828312099563497,0.47073170731707314,0.7550450344182366,0.16114761851351356
186,cg5,0.09786350898283028,0.5738244908222279,0.12681665863425873,0.17317073170731706,0.946406322622121,0.3464166032560025
186,pcg5,0.15886942469993903,0.6664610986858648,0.14487128762677454,0.2634146341463415,0.9097113954177829,0.2772860058132353
186,poisson_pcg5,0.9962911670563135,0.9994891679790373,0.26919742804392016,0.9585365853658536,0.04563287500388699,0.04204698312513291
186,cg10,0.16647715706335198,0.623793390945304,0.14620957398237677,0.22926829268292684,0.9133782486456636,0.24709069713650197
186,pcg10,0.23731927061540387,0.7776848457578445,0.16650081821150667,0.32439024390243903,0.8379461978374523,0.1985544179620225
186,poisson_pcg10,0.9999963697625955,1.0,0.2695533666447394,1.0,0.0010895383707086985,0.0009574590981381969
186,cg20,0.2658404100349045,0.7277695432949989,0.1750615996416477,0.3048780487804878,0.8375158120299228,0.18067387847087663
186,pcg20,0.4933629607085413,0.9282056032714424,0.2308104318828713,0.6341463414634146,0.641871065134369,0.13465788497655287
186,poisson_pcg20,0.9999999987776391,1.0,0.2695533666447394,1.0,1.3718735040263313e-06,6.769818844615078e-07
186,cg40,0.4719189347958303,0.9225169725924063,0.21907098995580543,0.5073170731707317,0.6396105861473109,0.11029485040891292
186,pcg40,0.8325832514421345,0.9842045710202083,0.2624119158884635,0.7853658536585366,0.3264096153523898,0.05844364922231596
186,poisson_pcg40,1.0,1.0,0.2695533666447394,1.0,8.153614270248695e-13,1.3554382005872492e-13
186,cg80,0.7190139691968394,0.9754410227227611,0.25457015173652814,0.7390243902439024,0.4157119698281332,0.055066779568769424
186,pcg80,0.9677843269898527,0.9963540357053055,0.26715001465126714,0.8878048780487805,0.132538144890015,0.020425908326314992
186,poisson_pcg80,1.0,1.0,0.2695533666447394,1.0,7.944346439887242e-13,1.0775339481311583e-13
186,poisson,0.6801182813035045,0.8945178195677779,0.2005684842647545,0.44878048780487806,2.96412098597555,6.830545773695785
186,amg,0.9881993210825665,0.9990048039384355,0.2689314966487148,0.948780487804878,0.1178471425588838,0.06908122343704165
186,oracle,1.0,1.0,0.2695533666447394,1.0,8.166863318401557e-13,1.1057190873929765e-13
187,ensemble,0.2569657035132917,0.6089461773619363,0.15165318149942114,0.16341463414634147,,
187,raw,-0.08202444843441685,0.44887246403663167,0.1075920206680127,0.09268292682926829,,
187,smoothed,-0.188296542783248,0.4278046133689769,0.11486457201589881,0.12439024390243902,,
187,prediction_magnitude,0.6615485261092947,0.9468655294257772,0.2582599088011535,0.6146341463414634,,
187,boundary_distance,0.5469918078449997,0.887054510805553,0.2271102826592093,0.46120789779326365,,
187,jacobi1,0.025187727924915578,0.5196213755409393,0.12003793306156219,0.11219512195121951,0.9683415387151912,0.6213918414913218
187,jacobi5,0.15216144202354578,0.5564462766168627,0.14020101727456075,0.14146341463414633,0.9328424028604837,0.36814651675969384
187,jacobi10,0.18522135486515864,0.5652210738059632,0.1454608001549239,0.15609756097560976,0.9126814362073759,0.29877175154750163
187,jacobi20,0.20355071514122727,0.5914812805208899,0.15894071683729957,0.1878048780487805,0.8853008948105584,0.24466638894608853
187,jacobi40,0.2578812122269511,0.6630209229384751,0.1758314527385448,0.24878048780487805,0.8436013527108401,0.19986740001913714
187,jacobi80,0.3591931266601758,0.7865178725037386,0.2028798396316511,0.36341463414634145,0.7747220491380296,0.15815918825941636
187,cg5,0.005782515388057553,0.4806062490901632,0.12160440433759195,0.09268292682926829,0.9477154449246518,0.3951658478817997
187,pcg5,0.1983073557533052,0.5685011182721702,0.14822580960580709,0.15609756097560976,0.9103792713502922,0.29669221109561583
187,poisson_pcg5,0.9886681155415805,0.9997048820189776,0.32455960532712896,0.9707317073170731,0.06433826579659875,0.04219284195428252
187,cg10,0.13574753620228017,0.5390554901208263,0.14507883562369073,0.13902439024390245,0.9129345162810983,0.2695688593457573
187,pcg10,0.2353441995214939,0.6397879914773104,0.16960142185577534,0.22926829268292684,0.8511052413372641,0.20613723035175222
187,poisson_pcg10,0.9999971023060517,1.0,0.324835421025176,1.0,0.0009235395740920445,0.0007767362805067305
187,cg20,0.1921641125679046,0.605897066024377,0.1669207396652231,0.22682926829268293,0.8485962643538871,0.17883317449624972
187,pcg20,0.4990786346057734,0.9274697934174133,0.24868558182543926,0.573170731707317,0.6612501603971149,0.11795470908307319
187,poisson_pcg20,1.0,1.0,0.324835421025176,1.0,1.667049541774617e-07,2.3806423424925991e-07
187,cg40,0.308841974489285,0.7445416407501025,0.19539539925994107,0.34146341463414637,0.747310732191322,0.11648031898359384
187,pcg40,0.7599018213303914,0.996824504056218,0.31987213237567924,0.9292682926829269,0.3590788435287479,0.05854057047834677
187,poisson_pcg40,1.0,1.0,0.324835421025176,1.0,6.125938376913641e-13,1.0893970539466126e-13
187,cg80,0.6712599755480313,0.9775207442796078,0.2907891932807447,0.7390243902439024,0.491499743968637,0.07159170239717294
187,pcg80,0.9900286668439718,0.9994977700726546,0.324240731279589,0.9536585365853658,0.06240026559426266,0.016449806607563334
187,poisson_pcg80,1.0,1.0,0.324835421025176,1.0,6.096702750098764e-13,1.0796056579367606e-13
187,poisson,0.6208702245361118,0.9230317748104231,0.2490053929256544,0.5,2.6618511363865123,6.533410969592319
187,amg,0.9859318474537118,0.9992807326336964,0.3242627882797168,0.9536585365853658,0.1739235319554194,0.08627648450041302
187,oracle,1.0,1.0,0.324835421025176,1.0,6.3023586786341e-13,1.1131039842517564e-13
188,ensemble,0.21948894635754876,0.608547834257507,0.13964214027450847,0.2121951219512195,,
188,raw,0.17080903541695167,0.6560499186109604,0.1271496071213982,0.2048780487804878,,
188,smoothed,0.1612853671631436,0.6441009488770959,0.12644575620733856,0.1975609756097561,,
188,prediction_magnitude,0.3998298028266127,0.7343938170797877,0.13140967883164034,0.1975609756097561,,
188,boundary_distance,0.41345663268096927,0.7405860010851872,0.11795296175978252,0.13362369337979094,,
188,jacobi1,0.06870790503202559,0.6061167502613714,0.13325409665734506,0.20243902439024392,0.9605703281999731,0.5848441050475783
188,jacobi5,0.1248224092890827,0.6751690642245544,0.1374493252920115,0.24146341463414633,0.9156980311073991,0.32531052026532553
188,jacobi10,0.1463310615999512,0.7315167476145733,0.14257350896762486,0.2707317073170732,0.8851387857021232,0.26609050938969053
188,jacobi20,0.20662977637192764,0.7919993912364517,0.15667675750281843,0.3439024390243902,0.8408719605718475,0.2198745410434955
188,jacobi40,0.31057644530841383,0.848186281645779,0.18006221020692553,0.4658536585365854,0.777265546367612,0.18201021240810808
188,jacobi80,0.4570940826707718,0.8984840464248376,0.1967919382708975,0.5634146341463414,0.6883475211516508,0.14811141736771927
188,cg5,0.15930771514139488,0.6908870743617909,0.14578847982597787,0.3170731707317073,0.921318884180781,0.3264277285730626
188,pcg5,0.13816899832367516,0.7298558818469356,0.14110581365252728,0.2707317073170732,0.8823833379305184,0.2665440930109923
188,poisson_pcg5,0.9943698262350344,0.9976324391567302,0.2413848074428252,0.9170731707317074,0.06732967565618432,0.037643224282234856
188,cg10,0.19150484301504672,0.7491305268451491,0.15532750754775435,0.35121951219512193,0.8719348782829063,0.22628541976351518
188,pcg10,0.2884307377595149,0.8372047165941003,0.1779311165287168,0.4585365853658537,0.7809031780838088,0.18896399694472096
188,poisson_pcg10,0.9999962143481316,1.0,0.24234149184658693,1.0,0.001302387204569787,0.0007777998027303284
188,cg20,0.2847466843424251,0.8333873721265699,0.18118013722495413,0.47073170731707314,0.7759505507575689,0.15558614749022873
188,pcg20,0.6242314279785487,0.9282863306115426,0.2110479072687257,0.6195121951219512,0.5538466258014209,0.11985049846341082
188,poisson_pcg20,0.9999999989522621,1.0,0.24234149184658693,1.0,1.2222801947510424e-06,3.2474739546440754e-07
188,cg40,0.5606354774843627,0.9106685811839128,0.21959424309127162,0.6219512195121951,0.569404273938908,0.09351475187463482
188,pcg40,0.8825606646564628,0.9801026957637997,0.2312903727076281,0.748780487804878,0.2821937874126727,0.050046724526594234
188,poisson_pcg40,1.0,1.0,0.24234149184658693,1.0,1.4125467979026365e-12,1.65599012739545e-13
188,cg80,0.9247167910163985,0.9785940208832365,0.23396879120853675,0.775609756097561,0.23493269200407316,0.03525329158100495
188,pcg80,0.9798516354854263,0.9950650450617365,0.23972684528155602,0.8658536585365854,0.10969352453586349,0.012733900966096227
188,poisson_pcg80,1.0,1.0,0.24234149184658693,1.0,1.4185245585558713e-12,1.659131008059072e-13
188,poisson,0.6651778675232861,0.9004135621931368,0.19562165294766756,0.5121951219512195,3.5244313591430703,7.216986945422484
188,amg,0.9834930793205807,0.9968886889085928,0.2410341800286946,0.9146341463414634,0.14765134828414625,0.06629782533288213
188,oracle,1.0,1.0,0.24234149184658693,1.0,1.395656725713131e-12,1.6321952209578744e-13
189,ensemble,0.24005029145695145,0.6574275769887379,0.16994697079878668,0.2731707317073171,,
189,raw,0.21020018270035434,0.7489267233963712,0.21726979732463286,0.44146341463414634,,
189,smoothed,0.2480764233059167,0.7920483570001191,0.22636506818975846,0.47560975609756095,,
189,prediction_magnitude,0.4365582716439193,0.7810548813572781,0.09543884923814179,0.09024390243902439,,
189,boundary_distance,0.42870540442254756,0.7782658179267631,0.14292711507661884,0.22979094076655054,,
189,jacobi1,0.1467666845005637,0.6521472149067665,0.1634509674991099,0.2682926829268293,0.9638396010607692,0.5196330259676394
189,jacobi5,0.2554733202329767,0.705022299273454,0.17717053349972714,0.3073170731707317,0.9320177121680041,0.2543365931429041
189,jacobi10,0.280209564774681,0.7008681497558329,0.17490321365866163,0.29024390243902437,0.9171107445020055,0.1986975443132011
189,jacobi20,0.2995985707261679,0.6879841986157246,0.1742387679769699,0.26097560975609757,0.901156665306437,0.15987084777269664
189,jacobi40,0.32167250368468486,0.6625081058189854,0.1708655506345224,0.24634146341463414,0.8844488815533159,0.13339728081557473
189,jacobi80,0.3443345593753381,0.6408599446819211,0.16564836778371017,0.24390243902439024,0.8640734862514928,0.11504020048389821
189,cg5,0.20265345033940005,0.7303289969958843,0.19508524119380888,0.3878048780487805,0.9395838176097691,0.29657998998779417
189,pcg5,0.28206414862266327,0.7045333033362889,0.1708764219948234,0.2804878048780488,0.9185209707302601,0.20090173786368828
189,poisson_pcg5,0.9918075668166246,0.9995546762304303,0.3188225214782721,0.9682926829268292,0.05405996229774251,0.03852267724074919
189,cg10,0.24787461238584965,0.7110159734261478,0.1852857336287313,0.34146341463414637,0.9045373419414864,0.20607796440632056
189,pcg10,0.3105681763858193,0.6635019784815319,0.16886916449159206,0.23658536585365852,0.8920220017445372,0.1389191018856659
189,poisson_pcg10,0.9999993675155189,1.0,0.3191858016404794,1.0,0.00039431985612307414,0.00031114261994274946
189,cg20,0.3313214244712807,0.7226823974696611,0.20649920719223178,0.37317073170731707,0.8369884241341936,0.14073995269407574
189,pcg20,0.34114453850383913,0.6094761986686605,0.15593326608898483,0.2146341463414634,0.8599069972148269,0.10552014258777034
189,poisson_pcg20,1.0,1.0,0.3191858016404794,1.0,6.270044226846308e-08,5.3823289344457635e-08
189,cg40,0.45236431866774,0.8093352566732396,0.23953147207379016,0.4609756097560976,0.7091879089485885,0.08520305745278707
189,pcg40,0.688688036881885,0.9575513147969245,0.29145137804609167,0.6341463414634146,0.45884056698491665,0.059136924641372775
189,poisson_pcg40,1.0,1.0,0.3191858016404794,1.0,7.186384668906956e-13,7.354807056433677e-14
189,cg80,0.6589807910376887,0.9600459219459259,0.2886343431585569,0.6463414634146342,0.49122013053563596,0.05127957948521789
189,pcg80,0.9402368570912246,0.996334184720035,0.3161208581876242,0.8975609756097561,0.16559591969298784,0.01721836374495571
189,poisson_pcg80,1.0,1.0,0.3191858016404794,1.0,7.186384668906956e-13,7.354807056433677e-14
189,poisson,0.5867484645470062,0.8131817159191668,0.21474798393823977,0.4219512195121951,2.3788662387092723,6.8097304792713995
189,amg,0.9616938780978398,0.9911259478845467,0.3129006043828711,0.8609756097560975,0.27655237263300303,0.07228784485183913
189,oracle,1.0,1.0,0.3191858016404794,1.0,7.136487183950246e-13,7.330277991471571e-14
190,ensemble,0.2428715223621367,0.6330730648597859,0.13495741434627187,0.18048780487804877,,
190,raw,0.20724195586609204,0.6029035374455752,0.13741813210333412,0.14878048780487804,,
190,smoothed,0.28150618066209887,0.6499755171181663,0.12129629424861024,0.11463414634146342,,
190,prediction_magnitude,0.6468819038355857,0.9454382435848233,0.28841078636772255,0.6731707317073171,,
190,boundary_distance,0.5815461561396011,0.8961224408771489,0.2416816302364755,0.5012775842044135,,
190,jacobi1,0.16108846786400485,0.5597871974378995,0.13453483914339467,0.14634146341463414,0.9687780605202057,0.5553241925528982
190,jacobi5,0.2594246411260004,0.5985297036909598,0.15238517318891093,0.18536585365853658,0.9378682645858736,0.2791109730560999
190,jacobi10,0.2791031472036628,0.6069319640564826,0.16267405413933234,0.20243902439024392,0.9206212541408649,0.21993557370843822
190,jacobi20,0.3039224000075214,0.6297897118960337,0.17076427452020915,0.22439024390243903,0.8974450795553011,0.18096762111921424
190,jacobi40,0.3394890613642521,0.6887802231250745,0.18291678886721463,0.24878048780487805,0.8647191596817734,0.15287533346513266
190,jacobi80,0.3862475322977101,0.7797433929304024,0.19822930972206312,0.3,0.8177593753295772,0.1284770184984454
190,cg5,0.22489648069569357,0.6083638817939997,0.14747767059405625,0.17804878048780487,0.9480285577317675,0.3065087268072078
190,pcg5,0.28039821628060735,0.6040343819064886,0.16188985041885917,0.1926829268292683,0.9220129353136626,0.22318910158923225
190,poisson_pcg5,0.995459416086695,0.9997829625610418,0.31847149263184904,0.9682926829268292,0.047498964753315664,0.041890821611490665
190,cg10,0.28304253104349786,0.6373205140081786,0.16256468255326612,0.2121951219512195,0.9185712429935875,0.2061462720242795
190,pcg10,0.3330077278078483,0.6644124770059421,0.17660095407867477,0.23414634146341465,0.8743327048498034,0.16010549977833716
190,poisson_pcg10,0.9999915821239924,0.999999338300491,0.3188077649275198,0.9975609756097561,0.0019849976447743486,0.0009943841167062962
190,cg20,0.36216219775693553,0.6945826661196617,0.18275020310334553,0.26097560975609757,0.8622548375155255,0.14643058142697987
190,pcg20,0.42856533911841155,0.8625319270013102,0.22496057971101466,0.4024390243902439,0.7547075742744899,0.10787177252262124
190,poisson_pcg20,0.999999999476131,1.0,0.3188085588671044,1.0,8.746003462640851e-07,6.548820478427586e-07
190,cg40,0.4860056602436697,0.8779309979751995,0.23083704368173064,0.43658536585365854,0.7313018194403893,0.09845640022073009
190,pcg40,0.6226433991446882,0.9754741076982121,0.2849936875361069,0.7317073170731707,0.5206718750627258,0.06355109339044018
190,poisson_pcg40,1.0,1.0,0.3188085588671044,1.0,1.002208377117706e-12,1.6010825240379106e-13
190,cg80,0.6041483233943514,0.9858780090785173,0.29847460501087225,0.802439024390244,0.4945340739426932,0.05478129653003559
190,pcg80,0.968519232745963,0.9989121660071728,0.31746948122124974,0.9365853658536586,0.10860821210567093,0.020275245932596872
190,poisson_pcg80,1.0,1.0,0.3188085588671044,1.0,7.814131210993596e-13,9.072893480527404e-14
190,poisson,0.7189232101185112,0.9339339359210196,0.2612384598323666,0.5219512195121951,3.1879278791047407,6.935367498696355
190,amg,0.9815960034119379,0.997731032383574,0.3162752103304333,0.9219512195121952,0.19849482007661656,0.06939001465774895
190,oracle,1.0,1.0,0.3188085588671044,1.0,7.986000668985683e-13,9.265169154703776e-14
191,ensemble,0.17723913895274038,0.6067724944748091,0.12029992466245493,0.14878048780487804,,
191,raw,0.232234336017163,0.6853155644958512,0.1543599928684318,0.25121951219512195,,
191,smoothed,0.23562837085241056,0.686288262774109,0.14762591934697436,0.24146341463414633,,
191,prediction_magnitude,0.4473355369064428,0.750889654989876,0.11368688228236384,0.12439024390243902,,
191,boundary_distance,0.6119687215220314,0.8557958259994971,0.19265841489996713,0.35749128919860623,,
191,jacobi1,0.08353545246298329,0.6113812315551261,0.13188095594757804,0.2,0.9649210193842557,0.5717844306674388
191,jacobi5,0.16264450297155247,0.6509396133028069,0.1414902108913252,0.24146341463414633,0.9331144733586458,0.2961891140727036
191,jacobi10,0.19775529511397602,0.6817198893638421,0.1469299027888094,0.25609756097560976,0.917840980391071,0.22754225570162231
191,jacobi20,0.21961409900598447,0.7201500734486455,0.14603495725348195,0.24634146341463414,0.8985444571181723,0.18014096829281742
191,jacobi40,0.24970081440950942,0.7695227823140955,0.15229925885829382,0.28780487804878047,0.8704333053509218,0.14886763481779178
191,jacobi80,0.28782720751682417,0.8231429403279382,0.1601795541457594,0.33414634146341465,0.8279949996396223,0.12536327539860112
191,cg5,0.1945113386132062,0.690335216971269,0.16078140477812852,0.33658536585365856,0.9416296661745494,0.3128752705752851
191,pcg5,0.2022368880623587,0.6832801768061089,0.1438146881193176,0.23902439024390243,0.9184005085451514,0.22592826690696288
191,poisson_pcg5,0.995030760992755,0.9992582348503898,0.2646345008526518,0.948780487804878,0.05707714774152002,0.03771873533279693
191,cg10,0.2045381379690402,0.7157497717136694,0.1597993092263065,0.33170731707317075,0.9115584983588296,0.2050445199971745
191,pcg10,0.23679532707193954,0.7512135568995408,0.14543078016630953,0.25853658536585367,0.8830917750472433,0.15628720119898892
191,poisson_pcg10,0.999997707549346,0.999998014901473,0.2651336530534827,0.9975609756097561,0.0012713476311427695,0.0007694549395944119
191,cg20,0.2696659712899683,0.7729464155737596,0.16407679720067672,0.3439024390243902,0.8589411946355544,0.1451110602891509
191,pcg20,0.3294532046630095,0.8514001561610841,0.1673446746950197,0.375609756097561,0.7792914233592133,0.1112114645187909
191,poisson_pcg20,0.9999999996507541,1.0,0.26513368714692476,1.0,3.764837059985978e-07,3.282088452632696e-07
191,cg40,0.44883589502470317,0.8927093948096291,0.20430422942780696,0.5317073170731708,0.7061342824925787,0.09567369641904584
191,pcg40,0.5771832636112617,0.93304328838188,0.20279860926249174,0.5487804878048781,0.5761227259769286,0.06883763059973431
191,poisson_pcg40,1.0,1.0,0.26513368714692476,1.0,1.0474411271580073e-12,1.2937025168897084e-13
191,cg80,0.7122267467971071,0.9779740084432857,0.24557991478319435,0.7536585365853659,0.4433123416482735,0.05344145385059384
191,pcg80,0.9870577131367231,0.9984430210552784,0.2641798791434252,0.9317073170731708,0.08587152853557119,0.01700550987812706
191,poisson_pcg80,1.0,1.0,0.26513368714692476,1.0,1.0532829039872274e-12,1.2874641534807045e-13
191,poisson,0.7353172307464321,0.9199899421674629,0.21128249761967965,0.5097560975609756,2.7902122542671397,7.124572477236987
191,amg,0.9942347310772379,0.9991477310323835,0.2645595726999109,0.9536585365853658,0.14913236363854887,0.06670285852920702
191,oracle,1.0,1.0,0.26513368714692476,1.0,1.017865292153878e-12,1.2441490598283303e-13
192,ensemble,0.3179993313755442,0.758655029577968,0.1937242119341368,0.3048780487804878,,
192,raw,0.05455306177390362,0.6527136296864867,0.14081662722265492,0.21707317073170732,,
192,smoothed,0.05687158660942833,0.7167972420364465,0.12091335228836148,0.18048780487804877,,
192,prediction_magnitude,0.24053972967159257,0.5934346174715138,0.07341909833894743,0.0,,
192,boundary_distance,0.2528103095527545,0.6664756560750632,0.08259899185593708,0.037630662020905925,,
192,jacobi1,0.005507581264232474,0.5642536691237775,0.12457759704374004,0.18048780487804877,0.9869749785859862,0.6495233833682914
192,jacobi5,0.07488828092380424,0.567969111866919,0.13275690683913507,0.17317073170731706,0.9649903479229628,0.4569211477926795
192,jacobi10,0.09686693119535558,0.5772924579489962,0.14748413970162844,0.1951219512195122,0.9469174835796991,0.3995089860074297
192,jacobi20,0.15082467297583732,0.6235062133583897,0.1709678891050426,0.25853658536585367,0.9191708075629141,0.34739356352615114
192,jacobi40,0.26499023179931086,0.7007119886717044,0.20672598344420226,0.35609756097560974,0.87713698699673,0.29984750991630865
192,jacobi80,0.42214880867863425,0.7861327633894896,0.24432138853628074,0.4585365853658537,0.8144307005716412,0.25699407108073025
192,cg5,0.05594846660336653,0.6173815227029101,0.12866639534490368,0.18048780487804877,0.9670830078878538,0.44312197636193085
192,pcg5,0.0874112316237938,0.5618073660389344,0.14867508026375517,0.20243902439024392,0.9408496816439071,0.39436314003844714
192,poisson_pcg5,0.9937013814662475,0.9999358151476252,0.3618742591083107,0.9853658536585366,0.04738314446429016,0.04345487389890102
192,cg10,0.1136218324157384,0.6394842714026706,0.1560424740009438,0.23658536585365852,0.9358369436326363,0.34100855612720404
192,pcg10,0.25567080312215856,0.7024059394147929,0.2088311651789258,0.36341463414634145,0.8683064317412298,0.2998798570608935
192,poisson_pcg10,0.9999978558042671,1.0,0.36208952770527447,1.0,0.0005915706654683377,0.000944011944192493
192,cg20,0.21348920380772002,0.7552618344957188,0.22581278547599243,0.4170731707317073,0.8621880238741535,0.2655020039974134
192,pcg20,0.5870891557528694,0.873653772348901,0.2888309409402843,0.5926829268292683,0.7042477027140402,0.2201988826391751
192,poisson_pcg20,0.9999999996507541,1.0,0.36208952770527447,1.0,3.7971163006037337e-07,3.9349451382440406e-07
192,cg40,0.5111568903914103,0.967793761497029,0.33789329525441714,0.7975609756097561,0.6094710783520131,0.17915549328298386
192,pcg40,0.7392097946693439,0.9975139949446158,0.35843067994045547,0.9121951219512195,0.36199446399994994,0.10419222151779592
192,poisson_pcg40,1.0,1.0,0.36208952770527447,1.0,3.260353832099695e-13,7.699666806153025e-14
192,cg80,0.8360879459158783,0.9988215131744372,0.3602114508039198,0.9414634146341463,0.2531313733465761,0.06636514391502195
192,pcg80,0.9627517920370351,0.9999781639162024,0.3620729117210255,0.9926829268292683,0.08672588163722655,0.021066958453051236
192,poisson_pcg80,1.0,1.0,0.36208952770527447,1.0,3.2963946180697945e-13,7.211362686715974e-14
192,poisson,0.6715639863210686,0.9869274644998214,0.3477074280931315,0.8585365853658536,2.711227355737546,6.232758623408318
192,amg,0.99030584260316,0.9997875944576049,0.36146395053245894,0.973170731707317,0.1441851731753528,0.08364156801344802
192,oracle,1.0,1.0,0.36208952770527447,1.0,3.45980810998601e-13,7.597239214690412e-14
193,ensemble,0.15866104376437776,0.6333264957717402,0.13188229480236352,0.1975609756097561,,
193,raw,0.05785527058433491,0.5798089011817953,0.15195748487313554,0.25853658536585367,,
193,smoothed,0.014335513270900447,0.5705934121196882,0.15945951717417226,0.3048780487804878,,
193,prediction_magnitude,0.14221113801609056,0.6072336990325953,0.11380224706752964,0.16097560975609757,,
193,boundary_distance,0.19963821044036636,0.6749030610219288,0.10253000531508237,0.10824622531939605,,
193,jacobi1,-0.012416126131668755,0.5251174516628508,0.12037023689185763,0.16097560975609757,0.9475395335146364,0.5546447217342759
193,jacobi5,0.09014210665514212,0.5903914614295356,0.13609092746918175,0.1951219512195122,0.8883869718965,0.3194559928530379
193,jacobi10,0.16745645101621084,0.6382726996016569,0.1482222514468461,0.24146341463414633,0.8496337063403716,0.2625755579251162
193,jacobi20,0.27849758854028367,0.698639545809457,0.16101570834309153,0.275609756097561,0.7940502517785728,0.21276885446012764
193,jacobi40,0.4198474688411113,0.7791941823379167,0.18257640354420893,0.348780487804878,0.7142066042309131,0.16619590290469427
193,jacobi80,0.5774497592535658,0.8568796897952702,0.20290294099088652,0.44390243902439025,0.6075536758157905,0.12404399588051172
193,cg5,0.048387961028450645,0.5711730608895889,0.14148308278936983,0.22682926829268293,0.9213439692971536,0.37493594258381624
193,pcg5,0.15828284982601407,0.6341264904781441,0.14987653100677775,0.24878048780487805,0.848964065648683,0.2611790115447886
193,poisson_pcg5,0.9976293355326891,0.9997148075116128,0.2566582336235499,0.9804878048780488,0.03884496327229949,0.0401737328290444
193,cg10,0.09876164428027835,0.6172968251657557,0.14509174426990132,0.23170731707317074,0.8739031918741995,0.2563089415528836
193,pcg10,0.40671968171844225,0.7682734936410677,0.17966195159637743,0.3439024390243902,0.7125257318344288,0.1661420110079272
193,poisson_pcg10,0.9999997852137186,1.0,0.256800672049429,1.0,0.00022829914116919385,0.0003180179313964628
193,cg20,0.26107378626123284,0.7343865383851885,0.1679584383349094,0.36829268292682926,0.7828878133498425,0.17401800437790263
193,pcg20,0.6739999459926006,0.8958524674774692,0.21605669888835294,0.5024390243902439,0.494407788555082,0.09140143807005535
193,poisson_pcg20,1.0,1.0,0.256800672049429,1.0,3.8614084719250944e-08,4.68047957306445e-08
193,cg40,0.6018314120752833,0.9152673927715945,0.21129477544930966,0.5317073170731708,0.5643046456228101,0.10739432022558767
193,pcg40,0.8492978273239555,0.9396510196789434,0.228163099554144,0.5585365853658537,0.3338403023523066,0.0539703685324011
193,poisson_pcg40,1.0,1.0,0.256800672049429,1.0,1.5216358985274628e-12,1.496011300030851e-13
193,cg80,0.8888954133859897,0.9747164617603854,0.2436591448403026,0.7,0.2671615124579425,0.03958378893532427
193,pcg80,0.9973149958096071,0.9998491325119436,0.25671555194691165,0.9780487804878049,0.033874116254632866,0.006580997646460186
193,poisson_pcg80,1.0,1.0,0.256800672049429,1.0,1.5216358985274628e-12,1.496011300030851e-13
193,poisson,0.5537059371705912,0.8841556052565409,0.20934667822969225,0.5707317073170731,2.210952929169118,6.131214001550358
193,amg,0.9003069316918437,0.9712915051017033,0.24795984324953924,0.7780487804878049,0.26116065842322717,0.07429144739899449
193,oracle,1.0,1.0,0.256800672049429,1.0,1.5333611455629661e-12,1.510646642267687e-13
194,ensemble,0.25267184285539945,0.6550825139287747,0.13111872424688276,0.14878048780487804,,
194,raw,0.31750425039350244,0.6932440480129164,0.16885356387907413,0.3097560975609756,,
194,smoothed,0.3775721677016642,0.7387378743564972,0.18186279954656612,0.34146341463414637,,
194,prediction_magnitude,0.3921506652004482,0.7421707714092877,0.12730562523900674,0.13170731707317074,,
194,boundary_distance,0.46634906609256194,0.8149874938792795,0.20755062126976687,0.44308943089430897,,
194,jacobi1,0.2273961402157815,0.6779349681722536,0.16711456951101492,0.2731707317073171,0.9315329678328688,0.5899475922143417
194,jacobi5,0.3095377708067347,0.7304487646070167,0.17489403828095457,0.3170731707317073,0.8557792609093168,0.3248204960432116
194,jacobi10,0.3662999941787679,0.7580720723105223,0.1868213458733788,0.35853658536585364,0.8098143821953786,0.24729119216354076
194,jacobi20,0.43450669332726705,0.7865602212723158,0.2014886201319503,0.4073170731707317,0.7558494590761693,0.18224632465241394
194,jacobi40,0.5035792200747599,0.8078027606103516,0.21481977528828503,0.44390243902439025,0.6978060889602176,0.12967274544736818
194,jacobi80,0.5615548864025741,0.8375143919643212,0.22699555854943865,0.4951219512195122,0.6357219729173698,0.0943937669176374
194,cg5,0.3160421757276163,0.7220127575665339,0.1883734090468027,0.37073170731707317,0.8646240323909598,0.3127197481738394
194,pcg5,0.3534829392427654,0.7501482206900203,0.18801378794439141,0.36585365853658536,0.8063193574493805,0.24173097915881692
194,poisson_pcg5,0.9916408985993056,0.998812249381311,0.2862809015147163,0.9439024390243902,0.06611486019291275,0.04351767959771536
194,cg10,0.35822190657602815,0.7267948599182139,0.19925113942927267,0.3829268292682927,0.7905010394469302,0.1890462018222562
194,pcg10,0.48412721835462563,0.7999741937191482,0.2149110377725935,0.44634146341463415,0.7022661001630557,0.1334023915377661
194,poisson_pcg10,0.999989271163301,1.0,0.2871094484228218,1.0,0.002450954476574244,0.0011017081308271133
194,cg20,0.45741212736989945,0.8041336368328414,0.2175515168008179,0.44146341463414634,0.6961676604941461,0.10821874094680108
194,pcg20,0.587935049613326,0.8576677739105117,0.2321652339267582,0.5170731707317073,0.5938238048251859,0.07801952372094086
194,poisson_pcg20,0.9999999975552782,1.0,0.2871094484228218,1.0,2.8277211352409196e-06,7.873093471668638e-07
194,cg40,0.5834894719587883,0.9374786601908341,0.242762598007973,0.5634146341463414,0.5458074547079983,0.05916631605134715
194,pcg40,0.6827442238066628,0.9642086735571642,0.2604383109042456,0.6585365853658537,0.4314433245774959,0.037716351066174915
194,poisson_pcg40,1.0,1.0,0.2871094484228218,1.0,1.5682424224995951e-12,1.582006410449646e-13
194,cg80,0.7715443786036598,0.9800279237192806,0.27199685170156745,0.7439024390243902,0.35270464016246916,0.029088940079956948
194,pcg80,0.9047391775793464,0.9905317417254477,0.28022784037214493,0.8292682926829268,0.22650423417423982,0.018389772173595192
194,poisson_pcg80,1.0,1.0,0.2871094484228218,1.0,1.3826817231131557e-12,1.0503123837321386e-13
194,poisson,0.3350477677356053,0.7113726294615089,0.17653532075990055,0.3073170731707317,3.7928621582093918,6.709606247854565
194,amg,0.9467015305663441,0.9944258433360242,0.2828753195263758,0.875609756097561,0.23725296017215294,0.07819299242071677
194,oracle,1.0,1.0,0.2871094484228218,1.0,1.3658674212580939e-12,1.0373454732402386e-13
195,ensemble,0.43277257891366727,0.7696187287429033,0.20856738668664007,0.3780487804878049,,
195,raw,0.04327154295228306,0.6887411828540423,0.1980683587885269,0.35609756097560974,,
195,smoothed,0.051757370354581354,0.7785126318436272,0.21180743215916165,0.3853658536585366,,
195,prediction_magnitude,0.6296868980745427,0.8647175204795998,0.1742439096269364,0.24878048780487805,,
195,boundary_distance,0.6376591562037747,0.9217963818270847,0.2722703809497706,0.5570847851335656,,
195,jacobi1,-0.04951548440753577,0.5921270992416924,0.12311161456172232,0.1951219512195122,0.99561371190247,0.6975209532737819
195,jacobi5,0.09662429481647432,0.6272262879980943,0.15380661819163563,0.23414634146341465,0.9814773043003885,0.5272347019814465
195,jacobi10,0.15102612242630856,0.6334436165848365,0.17178404505390038,0.26097560975609757,0.9668608495784711,0.477321146696787
195,jacobi20,0.23720491944683236,0.6502362267247198,0.18997957857145198,0.29024390243902437,0.9429237831564383,0.4268810639638026
195,jacobi40,0.3354578516742238,0.6935748977674259,0.2100377679084408,0.35121951219512193,0.9042645742656038,0.3737912255060956
195,jacobi80,0.4447071823163514,0.7974306208064793,0.23301155103333734,0.44390243902439025,0.8428481654643823,0.31212415303830193
195,cg5,0.05804114593391618,0.6607380596323598,0.17620541481177537,0.29024390243902437,0.9731088245952633,0.5021807461725456
195,pcg5,0.1808124117175996,0.639497505392851,0.17598999999047857,0.2634146341463415,0.9577913567803952,0.46743301790683534
195,poisson_pcg5,0.9984178318630357,0.9999344917486072,0.3372806586221991,0.9878048780487805,0.023612251939302373,0.028938181630417493
195,cg10,0.1679590116249181,0.7124750208435345,0.20300274307946398,0.34146341463414637,0.9436915099001744,0.42175211383969924
195,pcg10,0.3761212132026047,0.7064780381932957,0.22267582683391343,0.3829268292682927,0.888593696067338,0.3677508699059374
195,poisson_pcg10,0.9999996994738289,1.0,0.33736719202675736,1.0,0.00026744551078656067,0.0005917257406700381
195,cg20,0.31592450113423926,0.8045862392970105,0.25165777876722634,0.5365853658536586,0.8446040082556588,0.2851110465233601
195,pcg20,0.5696217394604267,0.921771237245742,0.25145080506781486,0.5390243902439025,0.678495055823444,0.1863058458998976
195,poisson_pcg20,1.0,1.0,0.33736719202675736,1.0,5.1503713226229054e-08,1.2911157190715855e-07
195,cg40,0.49256509934707204,0.9405899712822413,0.2550269373733707,0.5780487804878048,0.7424011621862681,0.19414388692445125
195,pcg40,0.6497096835113314,0.967237933909453,0.293413038223196,0.7292682926829268,0.5422394289561578,0.1282032192846402
195,poisson_pcg40,1.0,1.0,0.33736719202675736,1.0,6.653742098553035e-13,1.5192952830241547e-13
195,cg80,0.7409661111741617,0.9908725169725924,0.32142299033528077,0.8536585365853658,0.43760649007959196,0.10895288765267526
195,pcg80,0.9960602232584304,0.9998875110834667,0.3372101600585893,0.9829268292682927,0.03396311517701259,0.012366723417292365
195,poisson_pcg80,1.0,1.0,0.33736719202675736,1.0,6.653742098553035e-13,1.5192952830241547e-13
195,poisson,0.7901968233730614,0.9844586636316716,0.3145960263168126,0.7780487804878049,2.56214442650254,5.714627949416713
195,amg,0.9714853780344725,0.9959054034381907,0.3337771827788792,0.9,0.26325001353905253,0.11153084312791041
195,oracle,1.0,1.0,0.33736719202675736,1.0,7.066254534839928e-13,1.616854404726313e-13
196,ensemble,0.24402356944513365,0.5884606222622183,0.1371157462149354,0.16097560975609757,,
196,raw,-0.021284124860245727,0.619645196723264,0.1471018592964825,0.23170731707317074,,
196,smoothed,-0.029368916065069497,0.6979652740097667,0.14300063569581373,0.2146341463414634,,
196,prediction_magnitude,0.7410321644167961,0.7877638526792213,0.18301025742728458,0.25853658536585367,,
196,boundary_distance,0.691634409924698,0.7856133292749097,0.17527060003111516,0.2656213704994193,,
196,jacobi1,-0.053261281371789065,0.5828599976178818,0.11631754482403353,0.18292682926829268,0.9921611699458643,0.610374185441731
196,jacobi5,0.0907993923161748,0.6164564667893017,0.1316086734841608,0.2146341463414634,0.9782670123654761,0.38650819122238367
196,jacobi10,0.12640377433490155,0.6511493720471659,0.13416339072185707,0.22195121951219512,0.9658463390269624,0.33380286667936876
196,jacobi20,0.16480058249760166,0.6826204623956169,0.14552105438552485,0.2658536585365854,0.9464976313544046,0.28707199650938015
196,jacobi40,0.21245387368560575,0.7284676362770138,0.16141505353628763,0.34146341463414637,0.9163753203205495,0.24649412998406373
196,jacobi80,0.3154618661520625,0.8093709884467266,0.18622600564422406,0.44878048780487806,0.8686567245566427,0.21153734828199117
196,cg5,0.004058719447122929,0.6198986276352183,0.13557885436142827,0.22195121951219512,0.9806790966287283,0.3796625058154363
196,pcg5,0.1392975146090993,0.6556998795706893,0.13797238812356044,0.22439024390243903,0.9616394530475727,0.33025829147154223
196,poisson_pcg5,0.9965482480745651,0.9995864378068632,0.28119359603102395,0.9634146341463414,0.046776740864184346,0.04255549926758398
196,cg10,0.09360552758747132,0.6444814260947819,0.13603346180330123,0.23902439024390243,0.9647446537714471,0.2972839163420523
196,pcg10,0.20311111363033882,0.724147400182629,0.16300669286658068,0.35365853658536583,0.9151040877754115,0.2499177775948876
196,poisson_pcg10,0.9999995267716886,1.0,0.2815116190518395,1.0,0.0005145029746851323,0.0006691048006989514
196,cg20,0.203046192468569,0.7455183092254145,0.16726596574203104,0.36341463414634145,0.9264881634390896,0.23569938406368415
196,pcg20,0.4684480642719903,0.8876778317430488,0.2217792097010736,0.5780487804878048,0.7881662924875246,0.18392712349495366
196,poisson_pcg20,1.0,1.0,0.2815116190518395,1.0,5.713629828609723e-08,1.5739508688572396e-07
196,cg40,0.32023490033581264,0.9015999894128078,0.20925215024419452,0.573170731707317,0.8277491135994112,0.17507122568779346
196,pcg40,0.765390718632849,0.9494216746291174,0.2535166453204433,0.5902439024390244,0.5527937803113031,0.12131144702451688
196,poisson_pcg40,1.0,1.0,0.2815116190518395,1.0,6.462350160489916e-13,1.3097149689691027e-13
196,cg80,0.6695469194450442,0.9789341344308723,0.2595388904332365,0.6853658536585366,0.5579611713148306,0.11479224641677555
196,pcg80,0.9887746973839407,0.9996949565263422,0.28124460829247505,0.9658536585365853,0.07514346507540758,0.024929163159575538
196,poisson_pcg80,1.0,1.0,0.2815116190518395,1.0,6.456500209892722e-13,1.30868739393068e-13
196,poisson,0.715878809107229,0.8619145613593955,0.19623423472647103,0.47073170731707314,1.5962869393854344,6.9701276674390815
196,amg,0.9947156099712468,0.9985257334939057,0.2806704186713958,0.9390243902439024,0.1827085137609383,0.07937893692602857
196,oracle,1.0,1.0,0.2815116190518395,1.0,6.218156760116591e-13,1.2623337752737204e-13
197,ensemble,0.21881944442116136,0.66402935299022,0.14572468786120196,0.23414634146341465,,
197,raw,0.13260195758102958,0.7078583433691092,0.1836627716255208,0.34146341463414637,,
197,smoothed,0.14009920108723348,0.7478911636647566,0.20003595051059578,0.40487804878048783,,
197,prediction_magnitude,0.24978577198813617,0.6148247158000609,0.08690154884600812,0.01707317073170732,,
197,boundary_distance,0.21985995201178699,0.5628535129626934,0.09118015760165434,0.04262485481997678,,
197,jacobi1,0.11141558317988863,0.6724309516562339,0.16295519428384336,0.28292682926829266,0.9342538980431937,0.5621374233651751
197,jacobi5,0.2144018158751691,0.738483120045525,0.1909118625403105,0.36097560975609755,0.88287809103729,0.3010048287541435
197,jacobi10,0.2592057014365354,0.7472526236385533,0.19069450617216283,0.35365853658536583,0.8545207175163493,0.24672649326356655
197,jacobi20,0.3021327591491832,0.7593835607373979,0.1935439597678987,0.35121951219512193,0.8156907090013779,0.20164622095938162
197,jacobi40,0.3430583432952259,0.7722787607691595,0.20020852621955057,0.36341463414634145,0.7629865222055713,0.15889249929290178
197,jacobi80,0.4090711310208332,0.8158457181424771,0.21143193390732035,0.4121951219512195,0.6977253944097123,0.1190982968315759
197,cg5,0.14445416180655954,0.7042977383110782,0.17817518620510975,0.32682926829268294,0.9057204695106635,0.29815029394992204
197,pcg5,0.2590057216131745,0.7549428953323717,0.1916019766975741,0.36097560975609755,0.8606603232818478,0.22057367722669174
197,poisson_pcg5,0.9895541080799541,0.9987354922382647,0.2804327780022386,0.9414634146341463,0.08687223237123924,0.02981327139988207
197,cg10,0.1808239424230832,0.7112746979341741,0.18653993491063173,0.32682926829268294,0.8612241299729881,0.18753020643492138
197,pcg10,0.3244394437774312,0.7608809867263079,0.1983864767284645,0.34146341463414637,0.7665793237564954,0.13388777196327506
197,poisson_pcg10,0.9999999137362414,1.0,0.2812044429485574,1.0,0.0001187518098196434,0.0001252243721577007
197,cg20,0.27017411808822633,0.7507616161348808,0.19340993170767848,0.35365853658536583,0.7882664109914834,0.10788682740866584
197,pcg20,0.465771171843498,0.8453760438309755,0.22013670586676073,0.4609756097560976,0.6411266767179772,0.06127299509231182
197,poisson_pcg20,1.0,1.0,0.2812044429485574,1.0,1.9773802359109192e-08,2.641169469470777e-08
197,cg40,0.3588540136969247,0.8473882720379021,0.21584318577218384,0.44878048780487806,0.6929395647360349,0.06415426975339698
197,pcg40,0.6409569609293208,0.9137243095165624,0.24250694205045673,0.5926829268292683,0.5230410880586439,0.043068294648555355
197,poisson_pcg40,1.0,1.0,0.2812044429485574,1.0,3.4742972923338604e-12,2.758555384392115e-13
197,cg80,0.6144326935859327,0.9440903616849516,0.25330285699570493,0.6170731707317073,0.4891571033687466,0.0384798172470627
197,pcg80,0.9836525942816085,0.9990901631750989,0.2808888041481717,0.9585365853658536,0.08151289833675023,0.0074425247826706955
197,poisson_pcg80,1.0,1.0,0.2812044429485574,1.0,3.4742972923338604e-12,2.758555384392115e-13
197,poisson,0.8428394697878753,0.9261748474782632,0.22604399295965782,0.524390243902439,3.328951293509415,7.36895699755233
197,amg,0.9940326583973039,0.9971877770866694,0.2799512679592451,0.9170731707317074,0.1314195919398228,0.05697428148629128
197,oracle,1.0,1.0,0.2812044429485574,1.0,3.5286647084715992e-12,2.803323160721228e-13
198,ensemble,0.06547077803651784,0.610502494607149,0.12556225393991824,0.2048780487804878,,
198,raw,0.1497158574818772,0.5964466736365681,0.14341198699912927,0.20243902439024392,,
198,smoothed,0.14489291569743923,0.613188332914257,0.15611875609193673,0.23902439024390243,,
198,prediction_magnitude,0.14492186836432625,0.5729318581845613,0.07140962061797702,0.004878048780487805,,
198,boundary_distance,0.11008836145800682,0.5256765877479719,0.07544208218536456,0.029152148664343788,,
198,jacobi1,0.14813137244703978,0.5508952794357027,0.15155578143327028,0.1926829268292683,0.9474328499884096,0.6035933181081182
198,jacobi5,0.22885426403644765,0.5891084260815479,0.17802905032311778,0.23658536585365852,0.8826920520967625,0.3603493026675494
198,jacobi10,0.3083234964708833,0.6187843256620303,0.19004216584859865,0.25365853658536586,0.8425426980940649,0.30113962658519433
198,jacobi20,0.3955882815692109,0.6679009568174901,0.2056916228356521,0.3024390243902439,0.7891337373577934,0.2513522511110832
198,jacobi40,0.5018968832994817,0.7590454322882892,0.22670494282555165,0.36829268292682926,0.7142646233016264,0.20594681904672085
198,jacobi80,0.6065492564874257,0.8679598480737928,0.25828790915435523,0.4878048780487805,0.6075449686433299,0.161571311538241
198,cg5,0.1798231893998423,0.5898965101967895,0.16883620176669364,0.23902439024390243,0.9085533908972332,0.38176703614484675
198,pcg5,0.3058868868525706,0.6172432275055252,0.19185474536318875,0.26097560975609757,0.8364885645154949,0.3005810370604313
198,poisson_pcg5,0.990649341048261,0.9992866879292776,0.3237416541231998,0.9463414634146341,0.0623888674090851,0.04242655315510473
198,cg10,0.2374328370282441,0.6171750724560963,0.19650731186460713,0.29024390243902437,0.8373686025063535,0.27008075902137013
198,pcg10,0.49013919132427153,0.7434253536783876,0.22096592311259194,0.3463414634146341,0.7171632139464512,0.20995896205770442
198,poisson_pcg10,0.9999897993978554,1.0,0.3244988512387854,1.0,0.002086161609415558,0.001027303430089999
198,cg20,0.374365966787489,0.760711591651999,0.24169565442390933,0.43658536585365854,0.6904552414905073,0.16960161602710036
198,pcg20,0.689296578979102,0.9540264415123804,0.29762139328582105,0.7,0.44401439924829916,0.11879170537712885
198,poisson_pcg20,0.9999999998253771,1.0,0.3244988512387854,1.0,3.3318761546531904e-07,3.862128126007977e-07
198,cg40,0.6310886986457527,0.9168428993025687,0.2825306661698762,0.6487804878048781,0.47165839680905103,0.09320159121641294
198,pcg40,0.9139036171742078,0.9977283855855379,0.3219132039812674,0.9243902439024391,0.19045052114393166,0.04738949356963778
198,poisson_pcg40,1.0,1.0,0.3244988512387854,1.0,7.247101600327131e-13,9.57397363560393e-14
198,cg80,0.9186544019439087,0.9954905178460357,0.32118555696072926,0.8878048780487805,0.1817454851763743,0.02995556956548361
198,pcg80,0.9984210805492002,0.9999550044333867,0.32445975191331056,0.9902439024390244,0.02337551517982389,0.003446632540651538
198,poisson_pcg80,1.0,1.0,0.3244988512387854,1.0,7.496529636941408e-13,9.483551201733174e-14
198,poisson,0.3687526993222281,0.8388662440612469,0.2291523665520799,0.44146341463414634,3.1308196003905184,6.850404392858691
198,amg,0.9880656045733008,0.9987467411299181,0.3233453296394343,0.9463414634146341,0.14332255828970802,0.06942337201264191
198,oracle,1.0,1.0,0.3244988512387854,1.0,7.395571571709264e-13,9.340832008893823e-14
199,ensemble,0.16434485629952586,0.5709831531305004,0.10978543184914664,0.1073170731707317,,
199,raw,0.23160998041093234,0.6990954567711711,0.16733089874843846,0.3073170731707317,,
199,smoothed,0.25507229154429084,0.7629540912880642,0.1746705281398752,0.32682926829268294,,
199,prediction_magnitude,0.24274917573057792,0.5730741235790003,0.0748293706267049,0.02195121951219512,,
199,boundary_distance,0.34533728652685763,0.6408017151251274,0.09948090343916911,0.04750290360046458,,
199,jacobi1,0.13626709775635437,0.6005009065283273,0.14374899279378173,0.1902439024390244,0.9545925906082622,0.5677898902817032
199,jacobi5,0.21995339427564034,0.638588330267459,0.1590949291641036,0.2121951219512195,0.9101907027351527,0.31358909190909073
199,jacobi10,0.24687365872078962,0.6566877969376547,0.16878239504534476,0.23658536585365852,0.8862854356785527,0.2531372283585994
199,jacobi20,0.2988383661146792,0.6822499106705663,0.18194742746226306,0.2804878048780488,0.8546898666249099,0.20931412452351356
199,jacobi40,0.36401934873754,0.6950399004803939,0.19508568356326067,0.32195121951219513,0.8118715216120734,0.17577145276922304
199,jacobi80,0.4292142750064038,0.7118801529849265,0.20900382904070308,0.348780487804878,0.7563995934585651,0.147440316079963
199,cg5,0.21627565749608174,0.6833880338260789,0.182705999671348,0.3024390243902439,0.9290426126384179,0.33929320623068704
199,pcg5,0.23613609261830332,0.6585901830260842,0.16353856307097886,0.22682926829268293,0.884981398295379,0.2538935688214438
199,poisson_pcg5,0.9907922996540621,0.9995937165014623,0.3110251358436838,0.9658536585365853,0.07889906144387612,0.03700915913581209
199,cg10,0.22896760326477386,0.6515808001270463,0.18418551288475224,0.2975609756097561,0.8858611636767544,0.23605893787816823
199,pcg10,0.35549766145586065,0.6984536082474226,0.19408851021107631,0.32439024390243903,0.8186913025224939,0.1831080667301472
199,poisson_pcg10,0.9999944078732675,1.0,0.3113904423429911,1.0,0.0013690126880472931,0.0005320441529884564
199,cg20,0.32351772285079056,0.7749738628693937,0.21269918065256546,0.4073170731707317,0.7977463174289726,0.16246448367746533
199,pcg20,0.5027545959933607,0.7694612442597567,0.22079604671247974,0.3878048780487805,0.692856209610009,0.12809241369703328
199,poisson_pcg20,1.0,1.0,0.3113904423429911,1.0,1.9804866975148418e-07,2.1722794833232249e-07
199,cg40,0.5113481542573142,0.9545385969323611,0.26519784979753735,0.6609756097560976,0.6091530492759161,0.10127740941395066
199,pcg40,0.6807666302836168,0.969678281698715,0.2882480765968012,0.7219512195121951,0.47091174633275057,0.07725982675447328
199,poisson_pcg40,1.0,1.0,0.3113904423429911,1.0,1.3080411274638792e-12,1.578934074141613e-13
199,cg80,0.8241859039388578,0.9953350184614163,0.3072270575363592,0.8829268292682927,0.29268210215535656,0.04335581188796642
199,pcg80,0.956258210074646,0.9990392123129045,0.31050578036463305,0.9512195121951219,0.12639051265239745,0.0188964147588065
199,poisson_pcg80,1.0,1.0,0.3113904423429911,1.0,1.309751879559508e-12,1.57753687491735e-13
199,poisson,0.4411654620055013,0.857988698172386,0.23753991375838826,0.5560975609756098,3.1071574155095676,7.044976235049739
199,amg,0.9644159975323117,0.9971838068896153,0.3092183186493511,0.9024390243902439,0.21892490047679475,0.0742116742377888
199,oracle,1.0,1.0,0.3113904423429911,1.0,1.2848336598059678e-12,1.5436747591451936e-13
