sample,method,spearman,auroc,error_capture_top10,top10_overlap,relative_l2_correction_error,relative_A_correction_error
0,ensemble,0.18501838432515555,0.6082982827867557,0.10482339048504782,0.10679611650485436,,
0,raw,0.09815996933338099,0.6043135890705543,0.09233648789893537,0.08737864077669903,,
0,smoothed,0.11840763804448892,0.5419815945099775,0.09745204773689423,0.08737864077669903,,
0,prediction_magnitude,0.285192996298548,0.6722958371546335,0.08701529938364329,0.04854368932038835,,
0,boundary_distance,0.32606225695496976,0.7372473988804908,0.14704014020449066,0.2687555163283319,,
0,jacobi1,0.2534340131249553,0.7328463152124642,0.17570195833824248,0.33980582524271846,0.8513554916772744,0.5563371125137397
0,jacobi5,0.4329356470388384,0.8360372326407556,0.2101820021820846,0.46601941747572817,0.7028567891028169,0.31874746107260965
0,jacobi10,0.5557052428295544,0.903661069120732,0.22620054921973146,0.5533980582524272,0.6047754023861017,0.21351711066265297
0,jacobi20,0.6999899528824833,0.9557677914466125,0.24922487466594823,0.6699029126213593,0.48131933723194886,0.12110412289255358
0,jacobi40,0.8109023853801587,0.9847780483434004,0.26282134193560447,0.7864077669902912,0.3500519759778323,0.06896254198735655
0,jacobi80,0.8783823134968887,0.9910080853441279,0.26683283085830295,0.8349514563106796,0.2605875354171822,0.05043149644305871
0,cg5,0.1408121848401402,0.6293075276978379,0.09970803885635991,0.08737864077669903,0.9417217365953017,0.2545400114223281
0,pcg5,0.5250256374722838,0.883843015717403,0.2241751454016013,0.5533980582524272,0.6187184246862429,0.10943331059678128
0,poisson_pcg5,0.3668933060939847,0.5826929361289438,0.1768173137086636,0.2524271844660194,0.7836440839881122,0.18242629513981054
0,cg10,0.20694999016522422,0.6818675352877307,0.13580097855959128,0.20388349514563106,0.8656301036709719,0.18374326886986803
0,pcg10,0.7812575995994564,0.976228877433773,0.2599483634999944,0.7669902912621359,0.38248160095298944,0.059207366316707984
0,poisson_pcg10,0.978277014340891,0.9950981942380064,0.27028863132046826,0.8932038834951457,0.12646230677738113,0.04286048560671686
0,cg20,0.30667874034403836,0.7472776530364842,0.1871783538172933,0.3592233009708738,0.78040551109339,0.1064398210075157
0,pcg20,0.8877973566804949,0.987318554125423,0.2660743618064988,0.8252427184466019,0.24777944126571808,0.03683334317532272
0,poisson_pcg20,0.999989684661326,1.0,0.27312904385728404,1.0,0.0015840516906008456,0.0005935963678949726
0,cg40,0.5349179466776339,0.8417718183063998,0.2148372905735805,0.44660194174757284,0.6232595675594396,0.06658950689246455
0,pcg40,0.9625925251233818,0.9941494576389108,0.26924183916820754,0.8543689320388349,0.14174780250944943,0.007930409623004744
0,poisson_pcg40,1.0,1.0,0.27312904385728404,1.0,1.4125276862316897e-07,7.171154394550283e-08
0,cg80,0.8143276701416208,0.9521309678167462,0.25558844079931986,0.6796116504854369,0.35872627214275643,0.03070641777741523
0,pcg80,0.9963180052392532,0.9995994223248263,0.27289099013764745,0.9611650485436893,0.03832217574497545,0.0030616189615208524
0,poisson_pcg80,1.0,1.0,0.27312904385728404,1.0,1.206637981778394e-13,9.616890436740549e-15
0,poisson,0.04176880677347829,0.454855950159704,0.10927244040595338,0.1650485436893204,24.601085649729455,85.07088534236647
0,amg,0.9256138688219727,0.9798551595458714,0.2653103129921306,0.7961165048543689,0.24132437686751326,0.042005082378360294
0,oracle,1.0,1.0,0.27312904385728404,1.0,1.2236675516783827e-13,9.594552900350992e-15
1,ensemble,0.26053352540948427,0.661922983671189,0.14023459189640305,0.24271844660194175,,
1,raw,0.23515374660253197,0.6763437799774411,0.12605657655192054,0.14563106796116504,,
1,smoothed,0.332532365352979,0.6787261629929477,0.13534919396346332,0.20388349514563106,,
1,prediction_magnitude,0.3950425801087189,0.7092227738949854,0.11815628357447937,0.10679611650485436,,
1,boundary_distance,0.4356189785431245,0.6871541064482464,0.09177986624960129,0.042806707855251536,,
1,jacobi1,0.26321872094270793,0.6948652266953396,0.1573253616396202,0.30097087378640774,0.9271298197244632,0.509682266293545
1,jacobi5,0.28919448716114726,0.7852482000358412,0.1867486634545728,0.42718446601941745,0.8504694070584548,0.2601968651009606
1,jacobi10,0.3692363296616837,0.8231449564108241,0.19344149264515154,0.44660194174757284,0.7955391915390722,0.19447358250709534
1,jacobi20,0.48335012695801444,0.850837523586646,0.21591957322676708,0.5339805825242718,0.7245014590949839,0.15045848510102552
1,jacobi40,0.5928168585938058,0.8606516766284009,0.23167957905015646,0.6116504854368932,0.644287318685029,0.12495786492833577
1,jacobi80,0.6754761372577068,0.8663968038118128,0.23863413231400354,0.6310679611650486,0.5681559721846623,0.1098107444034668
1,cg5,0.2559946758100278,0.7021072494017688,0.137054085959436,0.18446601941747573,0.9600460895697394,0.30648365876129313
1,pcg5,0.35097918603819467,0.8198032952784542,0.19191529918566133,0.42718446601941745,0.7988520462168315,0.19041204334070516
1,poisson_pcg5,0.45626776965167004,0.6533000221371873,0.1625935159511587,0.20388349514563106,0.8723790575221341,0.2076490621466898
1,cg10,0.25685272646806373,0.7337528857404889,0.15345253189929287,0.2815533980582524,0.9191445469200246,0.22930685711203797
1,pcg10,0.5628792870681639,0.858206044506288,0.2286508678214514,0.6310679611650486,0.6631124587769841,0.1214599093158093
1,poisson_pcg10,0.9888661956405121,0.9975543678778871,0.2707702663321273,0.8932038834951457,0.0823850052348769,0.03927464807197708
1,cg20,0.30287340855446676,0.8013661807026976,0.18705181080103397,0.4174757281553398,0.8401066256957054,0.1447345544584367
1,pcg20,0.7236845205099778,0.8636454676744357,0.2374632692744908,0.6019417475728155,0.4986017729246567,0.09179632852705517
1,poisson_pcg20,0.9999965578284814,0.9999894584822323,0.27240430172019625,0.9902912621359223,0.000981865609426679,0.000593262453414128
1,cg40,0.4839656386345755,0.877444314432392,0.21862867473630448,0.49514563106796117,0.6946363856161869,0.09327586555870193
1,pcg40,0.9125913628317001,0.9471869959836817,0.25747799136645116,0.7281553398058253,0.27348746913865246,0.034657728010922116
1,poisson_pcg40,1.0,1.0,0.27240435733816487,1.0,3.12148462420183e-08,3.19927091833755e-08
1,cg80,0.7865639305128388,0.9613020882746698,0.24492841092510095,0.6407766990291263,0.40469499599773306,0.04734045342591986
1,pcg80,0.9998110158429296,1.0,0.27240435733816487,1.0,0.00871563535655322,0.0019994830472125085
1,poisson_pcg80,1.0,1.0,0.27240435733816487,1.0,1.5635770930310725e-13,1.9117212049100162e-14
1,poisson,0.43841676873971813,0.7043736757218304,0.1342010513818409,0.1941747572815534,18.612187113660074,79.71964516345885
1,amg,0.9703145340104425,0.9909132116842183,0.26772783530415306,0.8349514563106796,0.17782016818955068,0.05368023821708129
1,oracle,1.0,1.0,0.27240435733816487,1.0,1.5214964997998135e-13,1.867346596001029e-14
2,ensemble,0.27155543684285816,0.6336822575714451,0.13897333078200697,0.21359223300970873,,
2,raw,0.23716448885988126,0.6862844312324088,0.15379057775307933,0.2621359223300971,,
2,smoothed,0.3438037895179171,0.8093039435817969,0.16167570116502655,0.30097087378640774,,
2,prediction_magnitude,0.5308251488627423,0.8103791783941052,0.11890994303024877,0.1941747572815534,,
2,boundary_distance,0.47484593313954254,0.7574027808523871,0.12667107870121716,0.21888790820829657,,
2,jacobi1,0.23135478506544593,0.6629665939301941,0.1480631018896596,0.2621359223300971,0.941033687971829,0.598251031117487
2,jacobi5,0.3215890874222158,0.742744800396361,0.16639640174059112,0.32038834951456313,0.8537781698029445,0.35559408357476213
2,jacobi10,0.4076025275373721,0.7807891380200921,0.18591308183408636,0.3883495145631068,0.7911559257631764,0.26206965804743987
2,jacobi20,0.4953203789964952,0.8180006957401726,0.1924319648743468,0.39805825242718446,0.7104674211830401,0.19082984800039127
2,jacobi40,0.6122786728417138,0.8402749227833823,0.20098115080302412,0.4077669902912621,0.6201698684923836,0.13589681641538126
2,jacobi80,0.6974365656963021,0.8556233726531947,0.21022630700627862,0.4077669902912621,0.5454204589421308,0.10662453433561554
2,cg5,0.2482648549817609,0.6976165628327167,0.16069852655525882,0.2912621359223301,0.9559561233374821,0.25140224952513524
2,pcg5,0.37571135603676414,0.7761824947555949,0.16991245521873102,0.32038834951456313,0.7997177116236652,0.16867314314019718
2,poisson_pcg5,0.5534365053465418,0.9471975375014494,0.23390234266860682,0.6504854368932039,0.698554666120045,0.1512193279363196
2,cg10,0.2448027792182247,0.7111518716464796,0.15723933986267172,0.30097087378640774,0.9163288704277772,0.17255652705215074
2,pcg10,0.5538455761390457,0.8358791098742397,0.2013179089981936,0.4174757281553398,0.6265603871654162,0.0804109983671405
2,poisson_pcg10,0.988328356340748,0.9986717687612663,0.2674248171675671,0.9223300970873787,0.0964813216553759,0.03145160028739368
2,cg20,0.25655928134611256,0.7487007579351275,0.17116647463274426,0.33980582524271846,0.8622112079365583,0.10675797811759137
2,pcg20,0.7123756459659537,0.8585855391459263,0.21164581756735132,0.4077669902912621,0.5265375670522383,0.03666898649958535
2,poisson_pcg20,0.9999990276983048,1.0,0.26883348141309676,1.0,0.0003984758347539072,0.00028043371085411387
2,cg40,0.38738659832987626,0.8669133381824315,0.1946887586930042,0.44660194174757284,0.752535352960307,0.06468574111327154
2,pcg40,0.7452585875473856,0.8483813499467653,0.20568135568971443,0.33980582524271846,0.4726979511589211,0.029324661220905556
2,poisson_pcg40,1.0,1.0,0.26883348141309676,1.0,2.067858596542393e-08,8.43790680187095e-09
2,cg80,0.7081468935519634,0.939112193373602,0.23792927277105616,0.5825242718446602,0.4854300947921117,0.03585052451284833
2,pcg80,0.9870911862527716,0.9983449817104667,0.2677451787770591,0.9223300970873787,0.0852909852843615,0.006704069336741176
2,poisson_pcg80,1.0,1.0,0.26883348141309676,1.0,5.683284318432401e-13,3.6074400068353763e-14
2,poisson,0.5059660543773693,0.8787303796000548,0.19998544255233205,0.5339805825242718,27.378779891955425,83.99194925860981
2,amg,0.9663816630605822,0.9902174715115483,0.2637504918115274,0.8543689320388349,0.20167107784866883,0.03514134670074407
2,oracle,1.0,1.0,0.26883348141309676,1.0,5.938725436770077e-13,3.6197150560297055e-14
3,ensemble,0.2773747518954295,0.651023054299358,0.15654984475961298,0.23300970873786409,,
3,raw,0.24367455162363208,0.7189315117590631,0.15099113066024267,0.21359223300970873,,
3,smoothed,0.24383751832844575,0.7268587331203947,0.18471808288493843,0.3300970873786408,,
3,prediction_magnitude,0.30441394794721405,0.6584021167367677,0.08875406009268977,0.06796116504854369,,
3,boundary_distance,0.3622888834031185,0.7482105773589282,0.1236342833960208,0.17166813768755518,,
3,jacobi1,0.3257765784815106,0.7172554104339943,0.19411521113098998,0.3592233009708738,0.885046431764668,0.5111864670806459
3,jacobi5,0.437888596577498,0.7894015580363261,0.22900105260846174,0.46601941747572817,0.8066880668679537,0.27972749726790186
3,jacobi10,0.5252751725556111,0.8312197590209038,0.2370226215289654,0.5048543689320388,0.7678311167969502,0.22263190971216792
3,jacobi20,0.6175993088834847,0.8546957190896345,0.24869625110192162,0.5436893203883495,0.7247413668549406,0.1895083205679712
3,jacobi40,0.6792459856233458,0.8647523270400472,0.2543556935457716,0.5922330097087378,0.6801820050903166,0.1739203681847695
3,jacobi80,0.7352989436556755,0.8696752158375763,0.26315334317328687,0.6019417475728155,0.6335267836993672,0.15764257597746678
3,cg5,0.2690763692690079,0.7401199624721968,0.1766574901842458,0.2815533980582524,0.9238314853937646,0.26496143436990927
3,pcg5,0.5186535409663113,0.8390204821690227,0.23102740756480725,0.4854368932038835,0.7804409272196547,0.15255825560072472
3,poisson_pcg5,0.2570413529969244,0.6758272456068225,0.20385500255766492,0.30097087378640774,0.8567374400968089,0.1777858010285366
3,cg10,0.31544761640798225,0.7495229963210103,0.21196928499765255,0.39805825242718446,0.8610630800107273,0.1915188002815304
3,pcg10,0.6418132309026535,0.8650158649842404,0.24663633154573086,0.5533980582524272,0.7094896083328638,0.07871806006628453
3,poisson_pcg10,0.9725590757098919,0.9954355228065737,0.3263073769718668,0.8640776699029126,0.14930918844702507,0.04851069090842926
3,cg20,0.41693660145912304,0.7664210493026786,0.2327425455187844,0.4368932038834951,0.7562034360691117,0.09631597777677461
3,pcg20,0.7254761037300622,0.8599559364557309,0.2680406254328589,0.5728155339805825,0.5891763325611173,0.05719507670593882
3,poisson_pcg20,0.9999896734854445,0.9999894584822323,0.33180649572352344,0.9902912621359223,0.0017244911699761053,0.0006904232955859785
3,cg40,0.5197277555253558,0.8401062584990987,0.26257995159054087,0.5145631067961165,0.6477184336052123,0.05463928486378789
3,pcg40,0.8446636730205279,0.9502651191718584,0.3087038605365137,0.7572815533980582,0.38535156033882206,0.03347013396585873
3,poisson_pcg40,1.0,1.0,0.33180705754595985,1.0,3.756556702644899e-07,1.1701167684100506e-07
3,cg80,0.765713635916601,0.9795810800839104,0.3128825596269904,0.7669902912621359,0.37968708850022515,0.03051636299647875
3,pcg80,0.9994616689614475,1.0,0.33180705754595985,1.0,0.013405542368903692,0.001204424975761688
3,poisson_pcg80,1.0,1.0,0.33180705754595985,1.0,5.678843943796604e-14,6.99273188343117e-15
3,poisson,0.39829858379228955,0.8232503715885013,0.21782511195359433,0.46601941747572817,27.27159943679481,81.40564142326355
3,amg,0.7013701407267005,0.8498782454697827,0.259599325792007,0.5728155339805825,0.611993782885475,0.09064376428125659
3,oracle,1.0,1.0,0.33180705754595985,1.0,5.063746108686388e-14,4.98118977027802e-15
4,ensemble,0.396174652206566,0.6684903492404837,0.163495553849835,0.23300970873786409,,
4,raw,0.506361691760246,0.8167146305725098,0.19665338508796118,0.32038834951456313,,
4,smoothed,0.71770531212002,0.8720681403708506,0.17089118319490826,0.1941747572815534,,
4,prediction_magnitude,0.5510965886739145,0.6788948272772314,0.10453583626163722,0.0,,
4,boundary_distance,0.6293169217499627,0.7672696414829807,0.216427032886941,0.4013680494263019,,
4,jacobi1,0.3855108383699306,0.6963304976650538,0.17482589415268196,0.2621359223300971,0.968828976022424,0.5860090924921588
4,jacobi5,0.3049171978935698,0.7374213339236583,0.17709251403348208,0.33980582524271846,0.9288566293971762,0.38065983252426994
4,jacobi10,0.3299334364494671,0.7908352044527371,0.1943673995678928,0.44660194174757284,0.9039220009068067,0.30406416510303647
4,jacobi20,0.3691784274193548,0.845524598631711,0.1931830687436841,0.44660194174757284,0.8802229415320056,0.23318819660030343
4,jacobi40,0.38167790215292174,0.869221930573564,0.20054956761144616,0.47572815533980584,0.8668196565069276,0.17428417064842394
4,jacobi80,0.37581549290108,0.8852344960627431,0.19543854841247693,0.46601941747572817,0.8634461998236904,0.13127241351716942
4,cg5,0.4967465667691867,0.8300707335842215,0.2000314081738743,0.39805825242718446,0.96504415325938,0.2581974165743331
4,pcg5,0.31006457424361633,0.805266542276757,0.19026082707766995,0.4368932038834951,0.892967125554206,0.20696909070870528
4,poisson_pcg5,0.5912057099814032,0.8721524725129924,0.21822302880824476,0.5048543689320388,0.9356543010557407,0.12365944089475758
4,cg10,0.47756521126886486,0.8549170909627568,0.21113196934493353,0.47572815533980584,0.9441809783093525,0.15730187758763658
4,pcg10,0.3970124856948716,0.8597451061003764,0.19996431853503227,0.46601941747572817,0.8643227165639719,0.08753836444985795
4,poisson_pcg10,0.9909601088083828,0.9993253428628653,0.30239542891659593,0.970873786407767,0.11588203445499784,0.025458520585190412
4,cg20,0.4443764752163651,0.8877433772914625,0.21903327830407487,0.5533980582524272,0.9135981928273731,0.0902956232004787
4,pcg20,0.36084448313782985,0.8876695866670883,0.1839305379492352,0.42718446601941745,0.8661326444657296,0.05424842290271547
4,poisson_pcg20,0.999997641888992,1.0,0.30265888660355356,1.0,0.000749820636529364,0.00044367183255296074
4,cg40,0.4313509629139546,0.933525188956706,0.22030810237440915,0.5825242718446602,0.8685848905487613,0.06499614753562875
4,pcg40,0.46085969351262424,0.9574122682183781,0.23497157668521185,0.6019417475728155,0.7456391076985315,0.04703237300542605
4,poisson_pcg40,1.0,1.0,0.30265888660355356,1.0,1.3088319444893335e-07,7.840440165702976e-08
4,cg80,0.5071745248015164,0.9798867840991746,0.2639554618617963,0.7087378640776699,0.6983316856298867,0.04344478354281263
4,pcg80,0.9804258457907158,0.9995256317004523,0.30226862298796164,0.9611650485436893,0.08330357648739876,0.009607145040717418
4,poisson_pcg80,1.0,1.0,0.30265888660355356,1.0,3.7928839390892493e-13,2.4583741384201148e-14
4,poisson,0.5147863394964595,0.7330466040500512,0.15809382230180977,0.23300970873786409,23.449998848043673,88.91573828937575
4,amg,0.9282085285387311,0.975216891728071,0.28466150674680724,0.6699029126213593,0.2914631582734295,0.07004487689110558
4,oracle,1.0,1.0,0.30265888660355356,1.0,4.25465672034225e-13,2.665209634612353e-14
5,ensemble,0.19084571248480076,0.6071492573500733,0.12529355986262386,0.18446601941747573,,
5,raw,0.11208791171947641,0.5764312745749133,0.11737861111738354,0.14563106796116504,,
5,smoothed,0.10415091239897002,0.6136533738127615,0.1335141823449704,0.21359223300970873,,
5,prediction_magnitude,0.33261436279593726,0.6487460864615288,0.11157513401324436,0.10679611650485436,,
5,boundary_distance,0.41514966228557865,0.700900245617364,0.13192762782559364,0.1529126213592233,,
5,jacobi1,0.13139135254988912,0.6418519338414345,0.11537559974296452,0.1650485436893204,0.9274608678518002,0.5773468061538524
5,jacobi5,0.2729181120806809,0.7858806911019048,0.15796928361708262,0.3786407766990291,0.8293447353683567,0.3487972029732432
5,jacobi10,0.3755135429332665,0.8468949959415156,0.18050753355172738,0.4854368932038835,0.7559702297211538,0.26647310130065244
5,jacobi20,0.5077644213575566,0.8918967352919474,0.1969173824988242,0.5339805825242718,0.6588545747436817,0.19879644508889635
5,jacobi40,0.6353892671303912,0.9265677872300053,0.21469083792160035,0.6019417475728155,0.5510476505189857,0.14310858135798332
5,jacobi80,0.7199242945783563,0.9501386209586457,0.22710967559583403,0.6796116504854369,0.46053159767178137,0.09855827855557793
5,cg5,0.12198878165009654,0.6039551774664517,0.13309928065846477,0.1941747572815534,0.9394946652824137,0.33965588857499196
5,pcg5,0.36323692645375866,0.8398427205549055,0.17844629120636424,0.47572815533980584,0.7503087704421987,0.25436168089649475
5,poisson_pcg5,0.5733187562584936,0.8369332616510126,0.21375658165458913,0.46601941747572817,0.602687854138126,0.16669868366423227
5,cg10,0.16958159734639866,0.6460790824662935,0.15940067257850649,0.2912621359223301,0.880438359699184,0.2466197094785831
5,pcg10,0.6288177258422144,0.9161949337465608,0.20820167618926108,0.5436893203883495,0.5488213877596722,0.15143615917832545
5,poisson_pcg10,0.9884105549495742,0.9956990607507669,0.24786195489049934,0.9029126213592233,0.0907711831239962,0.03131398803375699
5,cg20,0.3132003254416708,0.7289143290851017,0.18706364770142359,0.36893203883495146,0.7776850154242357,0.14710911558878334
5,pcg20,0.7515672721014233,0.9569273584010626,0.23191790150055458,0.7184466019417476,0.4196946520672548,0.08137906796420338
5,poisson_pcg20,0.9999976977683999,1.0,0.24960645390617703,1.0,0.0006997398659047763,0.0005299637898291866
5,cg40,0.5481011394928831,0.8477804834340048,0.21391282257467337,0.4854368932038835,0.628166744042752,0.08825207074866777
5,pcg40,0.9583892090158072,0.9970799995783393,0.24722592886209932,0.912621359223301,0.1567981745409534,0.03377236901601193
5,poisson_pcg40,1.0,1.0,0.24960645390617703,1.0,8.339237986198e-08,4.296968594988046e-08
5,cg80,0.8190386506687647,0.935812698312303,0.23258719255256152,0.6699029126213593,0.3718130042550529,0.03899379643576678
5,pcg80,0.999998446552464,1.0,0.24960645390617703,1.0,0.000522366566184255,6.326100289155505e-05
5,poisson_pcg80,1.0,1.0,0.24960645390617703,1.0,2.6577927336920915e-14,9.77500225280476e-15
5,poisson,0.39283418121021385,0.7646289912821648,0.18103766506944208,0.3300970873786408,28.500761963025223,81.41179621300057
5,amg,0.9850067390565767,0.9911029590040374,0.24677961511058893,0.8640776699029126,0.12585743877517458,0.07348707904202724
5,oracle,1.0,1.0,0.24960645390617703,1.0,2.1203637909970005e-14,4.84974043986172e-15
6,ensemble,0.40041805620127313,0.6741511442817537,0.17359738233847605,0.21359223300970873,,
6,raw,0.4829654531149416,0.8195924649230997,0.20664958987106236,0.3300970873786408,,
6,smoothed,0.6231514644875187,0.868990017182674,0.21801700314125907,0.34951456310679613,,
6,prediction_magnitude,0.5596626895429511,0.6996299927263527,0.09118251624825906,0.0,,
6,boundary_distance,0.6804862181794914,0.8884549297407841,0.22854931225596725,0.41769638128861436,,
6,jacobi1,0.3571751282991202,0.6997143248684946,0.18974508248285174,0.2621359223300971,0.9735007557062372,0.6202787245092929
6,jacobi5,0.32806671777769825,0.6849456584759074,0.18587685730937412,0.2524271844660194,0.9424945332528656,0.41780439413844195
6,jacobi10,0.33654484210714536,0.7028556971632776,0.19321315843968084,0.2912621359223301,0.9179397553593667,0.3526326655972983
6,jacobi20,0.3641272418818396,0.7498708664073453,0.21752588343119564,0.33980582524271846,0.8831716428395625,0.295353400714781
6,jacobi40,0.42125635907660397,0.762214983713355,0.22344692895817536,0.3592233009708738,0.833994686536161,0.24541228848140975
6,jacobi80,0.49111035735998854,0.8217007684766453,0.24312507452676616,0.4077669902912621,0.7617913907500425,0.19772175105281717
6,cg5,0.4715618629747514,0.8200457501871119,0.2052716811034275,0.32038834951456313,0.954938668303537,0.3696192065666819
6,pcg5,0.33072535941635073,0.7128385144893161,0.20231948245181883,0.3106796116504854,0.9124816630583211,0.3334579175216072
6,poisson_pcg5,0.6346146779557972,0.8732487903608361,0.2396629350714894,0.3300970873786408,0.6992771515631636,0.14209174146264744
6,cg10,0.45238304439954224,0.8124136913232767,0.22994930132678945,0.4077669902912621,0.8929712280951744,0.27660881719081326
6,pcg10,0.4287579460517846,0.7437146200309921,0.22142635113670392,0.33980582524271846,0.8329761902909776,0.24036649267293808
6,poisson_pcg10,0.9249712891602888,0.9983028156393957,0.37154074407286564,0.9223300970873787,0.17077046869630985,0.050863983918945525
6,cg20,0.4771076595021815,0.8798161559301308,0.2896476550060994,0.5922330097087378,0.7591689749589556,0.18394449996050635
6,pcg20,0.5478079402403262,0.9120415757460759,0.2641774194444107,0.42718446601941745,0.6519952769653827,0.13502921438164522
6,poisson_pcg20,0.9998682922358914,0.9999894584822323,0.3740473785551557,0.9902912621359223,0.00603773922659912,0.0027819789339285353
6,cg40,0.6183486517416493,0.9634209333459831,0.3275354823705013,0.6990291262135923,0.5670416174251348,0.09448370748887487
6,pcg40,0.7704589040483512,0.9543552280657369,0.30713044953625634,0.5728155339805825,0.5132786334066272,0.05898732608953449
6,poisson_pcg40,0.9999999888241183,1.0,0.37404905284406137,1.0,3.759272059525615e-06,1.4406413052409235e-06
6,cg80,0.7668452050997782,0.9866649800238239,0.3564618839836666,0.7864077669902912,0.362069965229636,0.041395653042613646
6,pcg80,0.9300457652349616,0.9966477973498624,0.3713850310866397,0.9029126213592233,0.17678008024400993,0.02478392510097787
6,poisson_pcg80,1.0,1.0,0.37404905284406137,1.0,1.85934323484555e-13,3.812643487692495e-14
6,poisson,0.5116306058221872,0.8034534012207077,0.22798359225898543,0.3883495145631068,21.28764387916874,83.69717640503686
6,amg,0.49809355106930836,0.5542519211916132,0.184105662155869,0.21359223300970873,0.966503171107091,0.13502797665979474
6,oracle,1.0,1.0,0.37404905284406137,1.0,9.346319839112335e-14,1.028871804271657e-14
7,ensemble,0.5556579464988197,0.6377723664653236,0.1494155637593457,0.13592233009708737,,
7,raw,0.46054121441599316,0.8079651708252954,0.17168952607392488,0.39805825242718446,,
7,smoothed,0.6993513965381589,0.8722368046551342,0.17664310169065991,0.4174757281553398,,
7,prediction_magnitude,0.86401523719691,0.818917807785965,0.15706530496560542,0.10679611650485436,,
7,boundary_distance,0.8390769920436709,0.8593603407018543,0.181829988225199,0.3038393645189762,,
7,jacobi1,0.4012302633931764,0.7486269673107534,0.16161936442273309,0.2815533980582524,0.9904262078752799,0.45127886157538655
7,jacobi5,0.3978141875581146,0.8076489252922636,0.15973599583267173,0.33980582524271846,0.9739029413130276,0.24630530576291004
7,jacobi10,0.43154873131392607,0.8089033659066233,0.16715213581053354,0.4077669902912621,0.96111934451104,0.17722041008456194
7,jacobi20,0.4762704965667691,0.7999114512507511,0.16473697091515455,0.39805825242718446,0.9442139489697212,0.13453929119055535
7,jacobi40,0.5022855348329875,0.7835193911219337,0.1627201986899245,0.34951456310679613,0.9248053120465324,0.11752048539492396
7,jacobi80,0.5138051194478219,0.7832663946955083,0.16727417584891993,0.36893203883495146,0.9039944219193661,0.11211656935283436
7,cg5,0.4581125835955939,0.8254219242486533,0.1663085731700485,0.34951456310679613,0.9895351642653352,0.22434087113265022
7,pcg5,0.42016099974966026,0.7932702950570824,0.16461308332212524,0.3883495145631068,0.9604869201048839,0.1533782050138389
7,poisson_pcg5,0.8845655823081324,0.9602690195334325,0.2178347890541444,0.6796116504854369,0.696744854274345,0.14754354555410715
7,cg10,0.44838618035190614,0.8132043051558563,0.1615250572715102,0.3300970873786408,0.9832665029458743,0.16454743056043253
7,pcg10,0.5017012038659608,0.7812002572130335,0.16262746870276243,0.36893203883495146,0.9308657019864125,0.10148966870645812
7,poisson_pcg10,0.9977732391281023,0.9992093861674204,0.23076954421975093,0.9514563106796117,0.12112595224894139,0.03597135328841987
7,cg20,0.43097376573564117,0.8272245237869349,0.1688502538364458,0.42718446601941745,0.9699166358788994,0.11144577345436564
7,pcg20,0.5105135205815033,0.776140328684524,0.16799165652062809,0.3592233009708738,0.8965463927145588,0.09243087094627252
7,poisson_pcg20,0.9999994859094484,1.0,0.2310516791778614,1.0,0.00022897356569158574,0.00019516551347612386
7,cg40,0.4044871834990344,0.9202639596049039,0.17469703059320535,0.5242718446601942,0.9381025740787705,0.09547252879703018
7,pcg40,0.8754410896931548,0.966762594478353,0.21924983525418104,0.6796116504854369,0.523679609978721,0.062096405408144366
7,poisson_pcg40,1.0,1.0,0.2310516791778614,1.0,4.963062209780792e-08,3.520713967719778e-08
7,cg80,0.728852102853873,0.9867282291304302,0.22375926388685954,0.7864077669902912,0.7153286137745316,0.07496006200113786
7,pcg80,0.9938617811672985,0.9954671473598768,0.22988230162739753,0.883495145631068,0.07916223299513049,0.013671844397909184
7,poisson_pcg80,1.0,1.0,0.2310516791778614,1.0,4.988509727830434e-13,5.72848704756398e-14
7,poisson,0.6207857091767398,0.8073853873480704,0.16936639923065627,0.42718446601941745,11.962562135660646,87.00856333352291
7,amg,0.9659421938702524,0.9814153041754952,0.22499401176914557,0.7766990291262136,0.22653677722546056,0.05652469423810275
7,oracle,1.0,1.0,0.2310516791778614,1.0,4.625938324706252e-13,5.165889983487945e-14
8,ensemble,0.15693400865460266,0.5660267965381656,0.14043923020023585,0.1650485436893204,,
8,raw,0.28494903798011584,0.6410613200088549,0.14248210104604997,0.18446601941747573,,
8,smoothed,0.30669510183463267,0.7344170013598558,0.13867688963150598,0.17475728155339806,,
8,prediction_magnitude,0.4234420038802661,0.8107270484804402,0.17939887912786834,0.3300970873786408,,
8,boundary_distance,0.3742331101463651,0.7547884844459906,0.19525928578305812,0.3909973521624007,,
8,jacobi1,0.2961878844503254,0.6284747477941874,0.15407934144079957,0.1941747572815534,0.9110370650214284,0.5668653869221754
8,jacobi5,0.38441185805736355,0.6945595226800755,0.19556523084993122,0.30097087378640774,0.8068219615863342,0.34274896585630976
8,jacobi10,0.48813107967956504,0.768771807764882,0.21421271416054424,0.3883495145631068,0.7369759194472366,0.2553356191825322
8,jacobi20,0.59418285306845,0.8457775950581364,0.229724036856601,0.4854368932038835,0.6540556590685085,0.18729077430803884
8,jacobi40,0.716363669891281,0.8852661206160463,0.24280196946443675,0.5631067961165048,0.5693023483265789,0.16124295969009583
8,jacobi80,0.7805182256276375,0.8969672053382246,0.2619396608237291,0.6699029126213593,0.511464226800324,0.1555099979105743
8,cg5,0.29125031292468345,0.6537533074011996,0.15724022043887825,0.22330097087378642,0.9590204086188261,0.2158630862809545
8,pcg5,0.46205489816536727,0.7429661722694834,0.21224035565951288,0.3786407766990291,0.7427460017201905,0.11033911760507335
8,poisson_pcg5,0.9483877785029683,0.995193067897916,0.30043616608151286,0.883495145631068,0.2993250406730302,0.10398060638399961
8,cg10,0.3110575624955296,0.6534476033859355,0.17130785249385427,0.2524271844660194,0.923194224020615,0.16103884440849947
8,pcg10,0.6486765409305486,0.8663968038118128,0.2373900147527099,0.5242718446601942,0.6116364132658245,0.05266309317020119
8,poisson_pcg10,0.9992663480795364,0.9999789169644645,0.3060456910265302,0.9902912621359223,0.0166435992934115,0.007387895631492023
8,cg20,0.3563665756204849,0.6957823387411319,0.1848457173307155,0.2815533980582524,0.8519521509422503,0.10134236945446808
8,pcg20,0.7911648956619698,0.8923289375204242,0.25994022335419165,0.6893203883495146,0.5065639734978783,0.03721594131335381
8,poisson_pcg20,0.999999273567699,1.0,0.30605369747162975,1.0,0.0002505585897222336,7.746670282507583e-05
8,cg40,0.49789592795579707,0.8275934769088054,0.2331239285828691,0.44660194174757284,0.6857811855244859,0.06306766020518317
8,pcg40,0.8250039339103067,0.9750587689615551,0.28317764981532445,0.7572815533980582,0.3837915753111729,0.023278929236727662
8,poisson_pcg40,1.0,1.0,0.30605369747162975,1.0,2.49249418109417e-09,2.063103685179885e-09
8,cg80,0.8205412702954009,0.9755120542255674,0.2911467572527259,0.7669902912621359,0.34691931701265605,0.029200429326311273
8,pcg80,0.9919739177276303,0.9998102526801809,0.3058959776074648,0.9805825242718447,0.05349926146539195,0.003555658963007636
8,poisson_pcg80,1.0,1.0,0.30605369747162975,1.0,2.9598713883426494e-13,2.7840579948181637e-14
8,poisson,0.32993737035977394,0.6909754066390479,0.16298314798564015,0.2524271844660194,21.42087474143658,86.47459632661943
8,amg,0.8773044332486946,0.9863381929730243,0.2924232383252474,0.7766990291262136,0.31042769500981926,0.03739163546206104
8,oracle,1.0,1.0,0.30605369747162975,1.0,2.9046482508563017e-13,2.6959430506470554e-14
9,ensemble,0.34695929967455835,0.744104656188398,0.1578150825031123,0.20388349514563106,,
9,raw,-0.04717118321293183,0.4706260607402254,0.05136993998743544,0.009708737864077669,,
9,smoothed,-0.10939791055718473,0.433446127573448,0.04804720597371068,0.009708737864077669,,
9,prediction_magnitude,0.5234625227987983,0.8029474083678568,0.12769706705967385,0.1262135922330097,,
9,boundary_distance,0.2328148549543683,0.7584990987002309,0.11758940704431278,0.15158870255957635,,
9,jacobi1,0.33053529119876973,0.6419151829480408,0.19017806354629846,0.30097087378640774,0.9205427674776744,0.521806052137132
9,jacobi5,0.47397847972248053,0.7245712237647977,0.23871867165571434,0.34951456310679613,0.8078130077127729,0.2505585786901098
9,jacobi10,0.5728752190472785,0.8068793944952194,0.2669347016002483,0.46601941747572817,0.7196464085344574,0.17816661349523252
9,jacobi20,0.6980702605321506,0.9174809989142236,0.3035766165988004,0.5825242718446602,0.5903749737870869,0.1268264945629895
9,jacobi40,0.8277913440562191,0.9829649072873512,0.34508875564695585,0.7669902912621359,0.4133847057840944,0.09104507957470043
9,jacobi80,0.9412727317430798,0.9978706134109189,0.3644200114480405,0.912621359223301,0.21296000104728055,0.06650931673523004
9,cg5,0.016658869626636146,0.48539472713281256,0.061846748615053605,0.009708737864077669,0.977724390749225,0.33976868819010003
9,pcg5,0.5492921867176883,0.7817378746191876,0.26158198189954834,0.44660194174757284,0.7295659272745157,0.16509322089174575
9,poisson_pcg5,0.6888111544238609,0.9753539314590515,0.33450556097903533,0.7378640776699029,0.5252727545951204,0.19820989759674135
9,cg10,0.17444066948000858,0.5289944446201365,0.09451918565086365,0.05825242718446602,0.9459457112600594,0.26707565218033263
9,pcg10,0.7783083738645303,0.9698090931132265,0.3368015106662109,0.7281553398058253,0.4660347634542745,0.07840220348974292
9,poisson_pcg10,0.9750464134360918,0.998524187512518,0.36531142993964544,0.9223300970873787,0.10690893495590988,0.04895660741295713
9,cg20,0.3692541216651169,0.6100481747361985,0.17817256131561274,0.24271844660194175,0.8868576664061775,0.1717663726636192
9,pcg20,0.982318816608254,0.9997786281268777,0.3676147797611134,0.970873786407767,0.07603315501770784,0.020178569817568753
9,poisson_pcg20,0.9999959655067591,1.0,0.36784475622013996,1.0,0.0006717205831847115,0.0005333155939686552
9,cg40,0.506324822527001,0.7166967099923047,0.23626275003683953,0.34951456310679613,0.7804490091100765,0.12223460919551857
9,pcg40,0.997673393802303,0.9999894584822323,0.3678311908862902,0.9902912621359223,0.021539081119075227,0.005682254168185143
9,poisson_pcg40,1.0,1.0,0.36784475622013996,1.0,1.1493741471518337e-08,1.1401064020985529e-08
9,cg80,0.7706485140547886,0.9647702476202523,0.3319140459324573,0.7184466019417476,0.4685754294412408,0.06860833617096924
9,pcg80,0.9999992959194621,1.0,0.36784475622013996,1.0,0.00017419766033595737,2.731053170458085e-05
9,poisson_pcg80,1.0,1.0,0.36784475622013996,1.0,3.146232483627744e-14,7.377776730097115e-15
9,poisson,0.14555183150346898,0.6017414587352287,0.07071767233329265,0.019417475728155338,14.566699353774304,84.93211885432046
9,amg,0.9847661446784921,0.9975543678778871,0.3653719815260458,0.9223300970873787,0.17717063627934906,0.046032454912619536
9,oracle,1.0,1.0,0.36784475622013996,1.0,3.073721127023041e-14,7.139300517106906e-15
10,ensemble,0.3319571539053,0.7237595268966825,0.15943372606746994,0.3106796116504854,,
10,raw,0.2465491671733066,0.8124874819476509,0.18920410291789275,0.3786407766990291,,
10,smoothed,0.2995160508010872,0.8523976682162698,0.22599990244851254,0.5242718446601942,,
10,prediction_magnitude,0.5091749405443101,0.8308191813457302,0.1249613718514576,0.13592233009708737,,
10,boundary_distance,0.39991204874673864,0.6809978600718931,0.11330627952575745,0.11275375110326566,,
10,jacobi1,0.2954468787997997,0.6889514352276441,0.16589309391784723,0.2621359223300971,0.9327161453569639,0.535717553025761
10,jacobi5,0.37579437048494385,0.6707462340427774,0.18879402427209677,0.2815533980582524,0.8870062232844944,0.2724712632763049
10,jacobi10,0.4348745060260353,0.6569684703203568,0.20260327087172805,0.2912621359223301,0.8678925010377245,0.20229309210362978
10,jacobi20,0.49890738993991834,0.6506330181419521,0.21480089841722222,0.3106796116504854,0.8478261315821543,0.16056577925133128
10,jacobi40,0.5765635058293397,0.6370028356682795,0.21323108541889538,0.2912621359223301,0.8231918283600056,0.13308443360351002
10,jacobi80,0.6114228238323439,0.6126519296248274,0.21432765411948937,0.2815533980582524,0.8000147581251399,0.11406133421747479
10,cg5,0.26998952819898436,0.7992789601846874,0.19782566721603584,0.34951456310679613,0.9544063555077179,0.25929676406301927
10,pcg5,0.4444882005042557,0.6707567755605452,0.20024411847066215,0.2912621359223301,0.8706018010320179,0.1729053204552798
10,poisson_pcg5,0.646232777966526,0.8237036568525137,0.24810938478282718,0.44660194174757284,0.6515166433559648,0.16268697075201743
10,cg10,0.3242386318932837,0.7587573658855402,0.19123699514861917,0.2912621359223301,0.9150871197559878,0.18937202730585417
10,pcg10,0.5580542454938845,0.6337560481958192,0.2075652876168905,0.2912621359223301,0.8373888204600567,0.10589960683355809
10,poisson_pcg10,0.9903342147378584,0.9997575450913423,0.3276976273862606,0.970873786407767,0.07541652423173628,0.034435738196540146
10,cg20,0.37916834677419353,0.691513024045202,0.22375614548282177,0.3300970873786408,0.8491806548178327,0.10872829264090332
10,pcg20,0.5971019374508261,0.5841898316519613,0.20812776656003695,0.2621359223300971,0.7919627449568691,0.0723337811985558
10,poisson_pcg20,0.9999927580287532,1.0,0.3284530755732023,1.0,0.001563471868782703,0.001026321393818133
10,cg40,0.46843828231170864,0.7179300675711289,0.2316100513513013,0.3786407766990291,0.7511174567308329,0.07463334861310418
10,pcg40,0.841925112652886,0.9814680117643338,0.31590255720318167,0.7864077669902912,0.3005080578764652,0.03837242615646861
10,poisson_pcg40,1.0,1.0,0.3284530755732023,1.0,1.600376637796463e-07,8.488169500171362e-08
10,cg80,0.725442665492454,0.9578023043757841,0.30466002987762275,0.7378640776699029,0.443893867957481,0.04362052462559663
10,pcg80,0.9995174254345182,1.0,0.3284530755732023,1.0,0.011326603187825688,0.002269785337315646
10,poisson_pcg80,1.0,1.0,0.3284530755732023,1.0,3.5008017744883015e-13,3.170881248933004e-14
10,poisson,0.44002555924111286,0.7697627104350484,0.2205557778128258,0.36893203883495146,26.17383884356139,85.25856549298226
10,amg,0.8096821467527358,0.8837586835752612,0.2792216786286163,0.5339805825242718,0.4856761548295623,0.0689908535877437
10,oracle,1.0,1.0,0.3284530755732023,1.0,2.846389822049098e-13,2.5803405194211254e-14
11,ensemble,0.35719145626206994,0.6604577127014748,0.12633337110540388,0.1650485436893204,,
11,raw,0.2283482829375581,0.7156425582155319,0.12875931665287202,0.22330097087378642,,
11,smoothed,0.29093146502396106,0.6640839948135733,0.12561594887441946,0.2524271844660194,,
11,prediction_magnitude,0.31436622693298044,0.5593329327556582,0.12262762330259984,0.13592233009708737,,
11,boundary_distance,0.4796614297487104,0.6105805213834687,0.08699211958105266,0.06928508384819065,,
11,jacobi1,0.12740409976038908,0.6776087621095686,0.12113691452235813,0.2815533980582524,0.9598465252657314,0.5878065913551076
11,jacobi5,0.2539628781918317,0.7917628580162972,0.14572473942036773,0.39805825242718446,0.902857569168734,0.4183654567108199
11,jacobi10,0.37570813738287673,0.8291219969851259,0.1585078329414696,0.47572815533980584,0.8539459054418513,0.36909627917960275
11,jacobi20,0.4905913382447607,0.8516175959014579,0.1697819382897177,0.5145631067961165,0.7776194889926386,0.3229336837401497
11,jacobi40,0.59787407910736,0.8723738443861148,0.1750946160501288,0.5533980582524272,0.6684087616860414,0.26720948104411607
11,jacobi80,0.6931572535941635,0.9044833075066148,0.1811778680085988,0.6019417475728155,0.5417978816516796,0.19451150639227952
11,cg5,0.23279516620771043,0.7218198876274206,0.1402950723801265,0.24271844660194175,0.9698806051201958,0.4289904441652602
11,pcg5,0.36675797734425286,0.822407050167083,0.1509418287216518,0.4174757281553398,0.8515661188153785,0.3652993740526525
11,poisson_pcg5,0.5089809272405407,0.7141351211747468,0.186453032024136,0.4368932038834951,0.7025363185286359,0.19656331948930356
11,cg10,0.24771036361848217,0.771913180059665,0.15759837948946293,0.3786407766990291,0.9034668411671001,0.3294051195305466
11,pcg10,0.6112403328624562,0.871783519391122,0.17914038774809696,0.5436893203883495,0.5943787064870474,0.2606031702966644
11,poisson_pcg10,0.9756065039160289,0.9737937868294277,0.20718969392941838,0.6990291262135923,0.11611957865156315,0.05277324578893736
11,cg20,0.3098643359738216,0.8053930404899697,0.1689344121008218,0.46601941747572817,0.8193761739781741,0.1952294869443973
11,pcg20,0.7600461675666976,0.910913633344929,0.18059809938171412,0.5728155339805825,0.40635354912480903,0.10808142419928335
11,poisson_pcg20,0.9999915622094269,1.0,0.21240366966295054,1.0,0.0015894547775938128,0.0016748889032335687
11,cg40,0.5002738314498247,0.8712037359138969,0.17697094742209282,0.5048543689320388,0.6974107451428547,0.1163270438222513
11,pcg40,0.8747311082898218,0.9611545070259216,0.19954764597567695,0.6990291262135923,0.3350713601357241,0.06425411802031064
11,poisson_pcg40,1.0,1.0,0.21240366966295054,1.0,7.863833748684122e-08,5.506788735518918e-08
11,cg80,0.7366713642622129,0.9081095896187134,0.19524644011207157,0.5631067961165048,0.48045645751935234,0.06406427885076336
11,pcg80,0.999999519437093,1.0,0.21240366966295054,1.0,0.00016058290856353486,3.6874423059225476e-05
11,poisson_pcg80,1.0,1.0,0.21240366966295054,1.0,3.967052188785726e-14,1.233627659852952e-14
11,poisson,0.47547045990987763,0.6948336021420364,0.16319744253768978,0.36893203883495146,20.829348131163105,81.2603881977194
11,amg,0.9720214599277591,0.9863698175263275,0.2098221996374196,0.8155339805825242,0.15156099756940006,0.08638083539729603
11,oracle,1.0,1.0,0.21240366966295054,1.0,2.2601704721679525e-14,6.237386865048304e-15
12,ensemble,0.3006023017845647,0.7183095622107671,0.16038346210709126,0.2815533980582524,,
12,raw,0.22518982234818677,0.6414197316129576,0.12032462357139515,0.13592233009708737,,
12,smoothed,0.20867241703025532,0.6033332279181557,0.11103036648368912,0.0970873786407767,,
12,prediction_magnitude,0.38534850869036547,0.7643654533379716,0.17749088286063966,0.33980582524271846,,
12,boundary_distance,0.2913169903584092,0.686901110021821,0.12711849432295463,0.19814651368049427,,
12,jacobi1,0.32003567341391886,0.7455699271581122,0.18249419410545628,0.3786407766990291,0.8509202160133729,0.4708559151197718
12,jacobi5,0.4707381334489665,0.8279413469951403,0.20618520172366012,0.4368932038834951,0.7077531586834866,0.21314715879694038
12,jacobi10,0.5951452194049065,0.8945637392871826,0.22699649358416962,0.5145631067961165,0.6149105057134214,0.15204605667830776
12,jacobi20,0.6908388616694084,0.9348217956421365,0.25476082731974614,0.6601941747572816,0.5063269675652257,0.12141287896242839
12,jacobi40,0.7641187258600959,0.9526264191518294,0.26162499223855307,0.7087378640776699,0.4104288440648924,0.10368681648255532
12,jacobi80,0.8213777067985122,0.9663198507321084,0.2652486555523174,0.7475728155339806,0.33964984674120924,0.08930157616880265
12,cg5,0.26132887937200483,0.6635990849962577,0.12607878565259323,0.14563106796116504,0.9369924424962691,0.2462468219811764
12,pcg5,0.5618267648952149,0.8783298019248812,0.22637983206915568,0.5048543689320388,0.6294570663376212,0.12527753401167446
12,poisson_pcg5,0.5187286987697589,0.7378324531165997,0.18270917936482195,0.2912621359223301,0.740990146205507,0.15719533407220604
12,cg10,0.31362290787497316,0.7167388760633756,0.1627191777455858,0.2524271844660194,0.8612185782756787,0.18452565114451902
12,pcg10,0.7423005552177955,0.945816598673877,0.25301409910428796,0.6407766990291263,0.42338929305612455,0.08258935364341327
12,poisson_pcg10,0.9680479087690437,0.9922519844407198,0.2741782800561557,0.8252427184466019,0.15551123352774104,0.04177356860989423
12,cg20,0.4030651643301623,0.7764460326997881,0.20037850225758258,0.4368932038834951,0.743355565166197,0.10634009303342197
12,pcg20,0.8369474420642299,0.9748795631595037,0.2624716488218877,0.7378640776699029,0.3312691610425766,0.04952614862642526
12,poisson_pcg20,0.9999805204384521,1.0,0.280806617673188,1.0,0.002583191757291998,0.001853693215305745
12,cg40,0.6204950021457692,0.8562558637192583,0.23161449952406263,0.5242718446601942,0.5727474014472282,0.06427918672437237
12,pcg40,0.9697332205314354,0.9988088084922467,0.2795140111135242,0.941747572815534,0.11382998697031424,0.017787004456781087
12,poisson_pcg40,1.0,1.0,0.280806617673188,1.0,1.9668336340920332e-07,7.603996137685462e-08
12,cg80,0.903342952042057,0.9732877939765767,0.2675153088328483,0.7378640776699029,0.25524696518714485,0.022537474620340583
12,pcg80,0.9988587413275158,0.9999789169644645,0.28074688937771275,0.9902912621359223,0.026839940485284094,0.001757289577801712
12,poisson_pcg80,1.0,1.0,0.280806617673188,1.0,1.7246353391971563e-13,1.7328823078521717e-14
12,poisson,0.2613064940812531,0.6753950433783457,0.14530898690701502,0.1941747572815534,24.233050582897093,86.33751647115446
12,amg,0.9796780452042056,0.9951192772735419,0.2776774522545772,0.883495145631068,0.1361684165839054,0.03967958383424668
12,oracle,1.0,1.0,0.280806617673188,1.0,2.024563735017747e-13,1.5372846598081778e-14
13,ensemble,0.29427433883484727,0.7287983723896566,0.1599168902707334,0.2912621359223301,,
13,raw,0.3377072343716472,0.7914466124832653,0.2187219579720592,0.4563106796116505,,
13,smoothed,0.460401638831271,0.898580057556687,0.2295012647100884,0.5048543689320388,,
13,prediction_magnitude,0.427697701344682,0.8630024350906044,0.21342786374917577,0.47572815533980584,,
13,boundary_distance,0.4207545772111981,0.8446865479691766,0.17560646043720035,0.3490732568402471,,
13,jacobi1,0.31477239199628065,0.7443471110970558,0.20031698203715592,0.3786407766990291,0.8815180228139371,0.5498298526514074
13,jacobi5,0.3783646667799156,0.7127858069004775,0.20828748555258916,0.4077669902912621,0.7939157013653219,0.3922140801008206
13,jacobi10,0.4147295324905228,0.7240441478764112,0.20960065574535677,0.3786407766990291,0.7597840828546304,0.37278783837220203
13,jacobi20,0.4291395465274301,0.7072304270368848,0.20417036435850278,0.3300970873786408,0.7445203659739908,0.36366940058816755
13,jacobi40,0.3834303250840426,0.6590451493205992,0.19845023470457157,0.2912621359223301,0.7603751430645099,0.3530858444095415
13,jacobi80,0.3029495051319648,0.6076552502029242,0.18331971764919555,0.23300970873786409,0.7981778545345287,0.3355403818231994
13,cg5,0.337972628030899,0.7853430736957507,0.21489431227433595,0.4368932038834951,0.9592962620488181,0.22801812036707095
13,pcg5,0.38982986955511045,0.7187312229214763,0.20811116494339027,0.36893203883495146,0.7641865217752893,0.07293190435288988
13,poisson_pcg5,0.940000525266433,0.9923257750650939,0.29477726705961615,0.8446601941747572,0.24566829224704242,0.09988347372613565
13,cg10,0.3281476758636721,0.7606126730126603,0.20436578344814205,0.36893203883495146,0.8804614162136705,0.15481124965368093
13,pcg10,0.40763673691080743,0.6922930963600139,0.19515237463569843,0.2815533980582524,0.7428096884095061,0.04702221040169895
13,poisson_pcg10,0.9997650829697445,0.9997786281268777,0.3013507909910071,0.9805825242718447,0.013029798598896695,0.007825307878148634
13,cg20,0.3343320063836635,0.7309383004965054,0.2016953962562472,0.36893203883495146,0.825823212731128,0.09248940688239354
13,pcg20,0.2350535771761676,0.5658581322538819,0.181167157559956,0.20388349514563106,0.8471066340914304,0.03817231109362321
13,poisson_pcg20,0.9999991171053573,1.0,0.3013953112613045,1.0,0.000235616325057313,8.404223888075371e-05
13,cg40,0.4857672242686502,0.81856993769963,0.23322224834479083,0.4368932038834951,0.6574325329318832,0.05047197333319886
13,pcg40,0.7960225596345039,0.9394073558710984,0.26808756841546716,0.6019417475728155,0.36677643200545645,0.02027981670188935
13,poisson_pcg40,1.0,1.0,0.3013953112613045,1.0,1.2684824077251623e-10,3.639439144526749e-11
13,cg80,0.8003291073599885,0.9715589850626694,0.28546202136143317,0.7184466019417476,0.32657319324497974,0.014351999111939476
13,pcg80,0.9993501113117802,0.9998207941979487,0.30130217382019586,0.970873786407767,0.016721874992464518,0.001338656607434277
13,poisson_pcg80,1.0,1.0,0.3013953112613045,1.0,2.4654268583347915e-12,1.3923904034801733e-13
13,poisson,0.3379032705099778,0.7848159978073643,0.1872146752443675,0.33980582524271846,20.94225201683694,80.14484526036551
13,amg,0.8799055861526356,0.9694717645446591,0.2839681821318043,0.7087378640776699,0.32920096606458654,0.032249563930340105
13,oracle,1.0,1.0,0.3013953112613045,1.0,2.398687247181366e-12,1.3598865370647476e-13
14,ensemble,0.012756721175166297,0.604524419425909,0.11216373506607767,0.1650485436893204,,
14,raw,0.24968074976754162,0.6057683185225009,0.1548099996799684,0.27184466019417475,,
14,smoothed,0.17979934822258778,0.5611039077406365,0.14777746672769773,0.27184466019417475,,
14,prediction_magnitude,0.01584482959015807,0.6124094747161697,0.08757490784678494,0.07766990291262135,,
14,boundary_distance,-0.004334665009255205,0.5903408072694306,0.083111222424905,0.06994704324801412,,
14,jacobi1,0.2279999195336528,0.5947418909374572,0.1489150471453958,0.24271844660194175,0.8429785964015124,0.5912830713494834
14,jacobi5,0.45545022038838423,0.7701738296279899,0.18814790022161293,0.34951456310679613,0.6823046691675214,0.3924537000698973
14,jacobi10,0.553342549710321,0.8584590409327135,0.21263857623305932,0.44660194174757284,0.5962453937092592,0.35729018055450895
14,jacobi20,0.6691266495601174,0.9205064145135616,0.2256980189607604,0.5339805825242718,0.5004543454198334,0.341933665899834
14,jacobi40,0.783475095665546,0.9553672137714389,0.2417772122318672,0.6699029126213593,0.39674872122014965,0.32857301226333785
14,jacobi80,0.8548490697196194,0.9645594172648978,0.24952019843608522,0.7864077669902912,0.3188492027476337,0.3108852032055038
14,cg5,0.2629434701559259,0.6228139527529174,0.15656589284718217,0.2815533980582524,0.9571143457039896,0.37581987178325543
14,pcg5,0.5254299585151276,0.8419193995551479,0.2084548914918493,0.4174757281553398,0.6100945094409294,0.11407034768605441
14,poisson_pcg5,0.9425447594056218,0.9890157384860272,0.25779724464718995,0.8640776699029126,0.2583767912387952,0.14830698750458912
14,cg10,0.2766681232565625,0.6404815365316299,0.16335705927312077,0.27184466019417475,0.8394231771195778,0.2541379445997622
14,pcg10,0.7307300309348401,0.9466388370597598,0.23556296983082697,0.6019417475728155,0.43383096850912833,0.06274298292247263
14,poisson_pcg10,0.9997823944102712,0.9999894584822323,0.26456488144822354,0.9902912621359223,0.012257912266281848,0.00742578686542578
14,cg20,0.3580329442636435,0.7001043610259005,0.17705732780713754,0.3300970873786408,0.7445276683733799,0.149607431222078
14,pcg20,0.8504384745368714,0.9586034597261314,0.24355834704308532,0.7475728155339806,0.3294131957964414,0.036403214155114716
14,poisson_pcg20,0.9999999441205921,1.0,0.26458513317826937,1.0,1.9088405065205408e-05,1.0470123867274783e-05
14,cg40,0.6767509030112294,0.9246703140318143,0.23580005075950441,0.5922330097087378,0.46364369529274013,0.05529527867031765
14,pcg40,0.9365449426900795,0.9954882303954123,0.2621329803148592,0.9029126213592233,0.1733063249104575,0.016976926781327627
14,poisson_pcg40,1.0,1.0,0.26458513317826937,1.0,1.5089843821318834e-12,2.3475387443196244e-13
14,cg80,0.9646990335097632,0.9952563170045223,0.2592847328753148,0.883495145631068,0.14406758117083016,0.011800885880130417
14,pcg80,0.9977708698412129,0.9997891696446455,0.26434987072649957,0.9611650485436893,0.03333104578206252,0.0028787492393925755
14,poisson_pcg80,1.0,1.0,0.26458513317826937,1.0,1.4812162543822168e-12,1.4080104276961433e-13
14,poisson,0.19301903029110934,0.7235170719880248,0.142506626033562,0.27184466019417475,19.11347446005059,77.02493802891996
14,amg,0.8816061082898218,0.9688076489252923,0.2563943361057346,0.8737864077669902,0.2773805025144105,0.04702142332253984
14,oracle,1.0,1.0,0.26458513317826937,1.0,1.5326835695228164e-12,1.458657931255548e-13
15,ensemble,0.22991625911951935,0.7276809715062774,0.18142337846798356,0.3106796116504854,,
15,raw,0.23087408804806517,0.6007294730295268,0.1276104261365998,0.1650485436893204,,
15,smoothed,0.31628289061941206,0.6691966309309214,0.1169908884128259,0.13592233009708737,,
15,prediction_magnitude,0.29823158438237607,0.7262894911609373,0.1322552459175994,0.13592233009708737,,
15,boundary_distance,0.23484230019962238,0.6727333101419942,0.1176093243627879,0.0823036187113857,,
15,jacobi1,0.3016750858307703,0.6275049281595564,0.16604418845891247,0.17475728155339806,0.9021339095193504,0.5593125868518118
15,jacobi5,0.4239503723803733,0.6979749744368194,0.22228407021919713,0.36893203883495146,0.7864976541219423,0.2918445772630349
15,jacobi10,0.5044731242400401,0.7524746212959742,0.23837966693640145,0.42718446601941745,0.7099873428781329,0.2105289587429791
15,jacobi20,0.6405735462413275,0.8504158628759368,0.2703511426108874,0.5242718446601942,0.5989904558417404,0.14417616917586554
15,jacobi40,0.8102869742865316,0.9536278633397637,0.28914004294200285,0.6213592233009708,0.4443199519840171,0.08561913682994496
15,jacobi80,0.9112045812173665,0.9894584822322718,0.31190983664000616,0.8252427184466019,0.2713208024839759,0.04726681590567853
15,cg5,0.24399234899148842,0.6167947461075446,0.13629925975339716,0.1941747572815534,0.9539131605979195,0.2622792061870772
15,pcg5,0.4748120216722695,0.7299368563085713,0.23730731713005374,0.4368932038834951,0.7240272964058263,0.1379014703267639
15,poisson_pcg5,0.9022656864673485,0.9808566037338056,0.3014622957513571,0.7281553398058253,0.29951648749254156,0.1270920605900003
15,cg10,0.27141406194120593,0.6270094768244732,0.15795591091951658,0.21359223300970873,0.9145418596357986,0.1957907374394339
15,pcg10,0.717988877762678,0.9030285780546683,0.2752365680091451,0.5339805825242718,0.522788094032336,0.05777904221395456
15,poisson_pcg10,0.9996923726843573,0.9999578339289291,0.3190230718499653,0.9902912621359223,0.010747855295390834,0.007188453894385879
15,cg20,0.35757115683785134,0.6504432708221329,0.19937263516169215,0.27184466019417475,0.82579296987094,0.10067362561604616
15,pcg20,0.9324568275695587,0.9951614433446128,0.31465455610622656,0.883495145631068,0.19506100184277267,0.01299716527941791
15,poisson_pcg20,0.9999996088441455,1.0,0.3190320736246164,1.0,0.00016705801601960346,7.357812602640778e-05
15,cg40,0.4164003379586581,0.7069247230216207,0.21685901235044716,0.3592233009708738,0.7342836596026648,0.057772766113467156
15,pcg40,0.9789065293970387,0.9983238986749312,0.3179216973251412,0.941747572815534,0.10715676758867726,0.007746328912834706
15,poisson_pcg40,1.0,1.0,0.3190320736246164,1.0,1.878092722613195e-09,6.978610104439745e-10
15,cg80,0.6884088338638151,0.9569273584010626,0.2784132329131124,0.6213592233009708,0.4763826054649704,0.030678281190071332
15,pcg80,0.9978857579035832,0.9999894584822323,0.31902577755739897,0.9902912621359223,0.023023590543355486,0.0013939098598955858
15,poisson_pcg80,1.0,1.0,0.3190320736246164,1.0,7.299640317694556e-13,4.301644115710221e-14
15,poisson,0.6031041569809026,0.9081517556897842,0.1947072766031721,0.34951456310679613,22.76432269916789,85.18602579098098
15,amg,0.9839614365031113,0.9989669312587627,0.3185983344474425,0.941747572815534,0.10152558697440259,0.03801482866318761
15,oracle,1.0,1.0,0.3190320736246164,1.0,7.059885695316725e-13,4.161318496604866e-14
16,ensemble,0.29473582451183744,0.7024656610058716,0.17273060213401664,0.2912621359223301,,
16,raw,0.3733455336706959,0.8037591052359718,0.23197232164958695,0.47572815533980584,,
16,smoothed,0.4859514810278235,0.9144555833148856,0.2372442979617428,0.49514563106796117,,
16,prediction_magnitude,0.5406098566804949,0.9308792679970062,0.2981598893448774,0.6699029126213593,,
16,boundary_distance,0.5515954347813725,0.9460537828236509,0.301779691277235,0.6849073256840247,,
16,jacobi1,0.3628680664830841,0.7378746191876706,0.20928991165099517,0.3592233009708738,0.9277578471266991,0.5077912243613548
16,jacobi5,0.415866756669766,0.7231692019016898,0.20424594395042792,0.33980582524271846,0.8767677904678414,0.23808549198416903
16,jacobi10,0.48162410145912304,0.705902195798151,0.20468781148933396,0.30097087378640774,0.8533400027703618,0.16944770607506027
16,jacobi20,0.5232621280666618,0.6567787230005376,0.20156120512441217,0.2815533980582524,0.835990685181779,0.11491914367350813
16,jacobi40,0.5362930494957442,0.5825875209512665,0.18754936232860153,0.1941747572815534,0.8411759991127502,0.08272310713329091
16,jacobi80,0.5031788677490879,0.5232071513656537,0.17748687823258105,0.1553398058252427,0.882093307014478,0.07202384771923558
16,cg5,0.3785216208604534,0.8069004775307549,0.2271479847215706,0.4563106796116505,0.9708820293820013,0.22458393613224173
16,pcg5,0.44639913096345035,0.7088538207731149,0.2091689265540023,0.3300970873786408,0.8620465859523504,0.1156077054226509
16,poisson_pcg5,0.9364735399828337,0.9895849804454845,0.3501598736882525,0.883495145631068,0.32775243503142915,0.10329729737408391
16,cg10,0.375159077498033,0.7735365737958951,0.22293593988945418,0.4077669902912621,0.9362440257873078,0.16927368058602965
16,pcg10,0.5210609152599956,0.5904514932059918,0.19838926202788215,0.22330097087378642,0.8385678208950399,0.077639161330681
16,poisson_pcg10,0.9998933038588081,0.9999156678578581,0.3565384945226231,0.9805825242718447,0.008015780526314869,0.006149576582983535
16,cg20,0.3967177776983048,0.7468032847369365,0.21590367857071122,0.36893203883495146,0.885731369128948,0.1116027985349821
16,pcg20,0.45139634816894353,0.47413638615687886,0.16850051510457573,0.11650485436893204,0.9727994470933914,0.0609108865816666
16,poisson_pcg20,0.9999995082612115,1.0,0.356573593449039,1.0,0.0001297286992377856,6.994160086114025e-05
16,cg40,0.4899739490200987,0.7904767928486344,0.2466773923889013,0.4077669902912621,0.7397296198878074,0.07815935296277884
16,pcg40,0.6525047273978971,0.9017425128870055,0.2911780697897693,0.47572815533980584,0.5443306428554466,0.036836790571049244
16,poisson_pcg40,1.0,1.0,0.356573593449039,1.0,2.0861086274991425e-09,7.899714209881072e-10
16,cg80,0.770348922197983,0.9777995635811644,0.33621322001452136,0.7475728155339806,0.3903767108826441,0.03127011431661326
16,pcg80,0.9961530827551676,0.9999262093756259,0.3565302242731932,0.9805825242718447,0.02552800386783853,0.002668530327575927
16,poisson_pcg80,1.0,1.0,0.356573593449039,1.0,1.8907691289545073e-12,1.0709444562037953e-13
16,poisson,0.3303054927222659,0.7921107281026322,0.1944885049605126,0.3592233009708738,20.603735289305664,87.07817421514562
16,amg,0.9208203320577925,0.9568535677766885,0.3302906524241642,0.6893203883495146,0.3642386612509753,0.04616879126536036
16,oracle,1.0,1.0,0.356573593449039,1.0,1.8352024753080407e-12,1.0392538765519753e-13
17,ensemble,0.5390302128781919,0.8785722568335389,0.2768741899179949,0.47572815533980584,,
17,raw,0.3743527264680638,0.8090509471553714,0.23254781272643765,0.4368932038834951,,
17,smoothed,0.5190052459588012,0.920569663620168,0.29153348452980954,0.6213592233009708,,
17,prediction_magnitude,0.5886984009548673,0.7895807638383775,0.1345393705661116,0.0,,
17,boundary_distance,0.48221889377266236,0.6159777784805456,0.13598379490397353,0.07193292144748456,,
17,jacobi1,0.3574788105285745,0.7463605409906918,0.22400911719462807,0.3786407766990291,0.9767210116549548,0.4857465006772196
17,jacobi5,0.3501891294435305,0.7248347617089909,0.22433089658455022,0.34951456310679613,0.9497605518218417,0.2975601156146327
17,jacobi10,0.3622595285566125,0.6708094831493838,0.21470777149834985,0.30097087378640774,0.9330722693327512,0.25279483252055424
17,jacobi20,0.4114883592017738,0.6587499868231028,0.21547411730881158,0.2621359223300971,0.9154038799493392,0.21322017636623897
17,jacobi40,0.4550489056576782,0.6536478922235224,0.22519589059448789,0.27184466019417475,0.898962522309842,0.17685944985803456
17,jacobi80,0.4979610721693727,0.6998408230817073,0.2349576799151227,0.3300970873786408,0.8849181618869345,0.14941297572376877
17,cg5,0.3875341311422645,0.8020513793576,0.21694742109576917,0.3786407766990291,0.9839732555500074,0.27080351226870075
17,pcg5,0.36070405818610973,0.6797381486986497,0.21271312879973042,0.2815533980582524,0.9317642083700233,0.23322206702170728
17,poisson_pcg5,0.38876447276661175,0.6362333048712353,0.18589479010113705,0.24271844660194175,0.9121794492048101,0.15080797259585
17,cg10,0.3950527725126957,0.7543615529763975,0.23531193439843012,0.3786407766990291,0.9643899575390652,0.20564068387628928
17,pcg10,0.4662061905443101,0.6330813910586847,0.21100457213078702,0.24271844660194175,0.894280121460359,0.16580791794045294
17,poisson_pcg10,0.9953139416887202,0.9999367508933936,0.347010922998399,0.9902912621359223,0.09459080085382507,0.03393189554335286
17,cg20,0.4528704916493812,0.7655671863634926,0.26074654221301574,0.36893203883495146,0.9290007017268493,0.15055608096164338
17,pcg20,0.5103766830877619,0.7186574322971021,0.24199692534713418,0.3786407766990291,0.8812002787901717,0.12562980394608236
17,poisson_pcg20,0.9999974630748872,1.0,0.34704515193796814,1.0,0.0006915454582116599,0.0004684582009667444
17,cg40,0.5344847918603819,0.7757186679738148,0.24294294969096525,0.4077669902912621,0.8416279556564823,0.10637394629262277
17,pcg40,0.490617288641728,0.7936603312144883,0.24042220621435673,0.39805825242718446,0.75560576813438,0.08571800073455654
17,poisson_pcg40,1.0,1.0,0.34704515193796814,1.0,7.524161166634783e-08,6.514066579683017e-08
17,cg80,0.683180342965453,0.959162160167821,0.3013059677932731,0.6699029126213593,0.615295144828057,0.07347033890549812
17,pcg80,0.9989996468421428,1.0,0.34704515193796814,1.0,0.012198331429956528,0.0025508856347844495
17,poisson_pcg80,1.0,1.0,0.34704515193796814,1.0,1.6794459882694553e-13,1.9492757635826026e-14
17,poisson,0.5104056062692225,0.6847032035672496,0.1919859910811559,0.18446601941747573,17.870154965384263,87.87585924757455
17,amg,0.7682180168621701,0.9775360256369712,0.3257881296748456,0.7572815533980582,0.5781056079205371,0.08242813101012655
17,oracle,1.0,1.0,0.34704515193796814,1.0,1.2178400750146262e-13,1.421449754440438e-14
18,ensemble,0.4035017277912881,0.7134710055553799,0.1769850890104985,0.23300970873786409,,
18,raw,0.22055007689006506,0.6859154781105383,0.13693282407694796,0.1941747572815534,,
18,smoothed,0.2725656806558901,0.7312967121006082,0.14325896746334912,0.22330097087378642,,
18,prediction_magnitude,0.6165868857735497,0.73588227232957,0.14086987279926602,0.05825242718446602,,
18,boundary_distance,0.4752570230644259,0.7139717276493469,0.1802059405893185,0.24536628420123566,,
18,jacobi1,0.3595344127744796,0.6310574196472808,0.1973509869394227,0.2815533980582524,0.9492645133344845,0.49212587681297465
18,jacobi5,0.37826019463915306,0.6782939607644709,0.20385268833398537,0.2912621359223301,0.9179647706382821,0.2551216361534215
18,jacobi10,0.41008356206637575,0.6923774285021558,0.21479124742948374,0.3300970873786408,0.9074993946012488,0.20512684243022858
18,jacobi20,0.4596152591016379,0.7116367814637952,0.21285661786624865,0.32038834951456313,0.8944956811325402,0.18050747866561417
18,jacobi40,0.4967421969994993,0.7277863866839548,0.22156067286046885,0.3592233009708738,0.8713610143019318,0.1636971788134399
18,jacobi80,0.5375868254237894,0.7582302899971538,0.2341464562189828,0.4077669902912621,0.8326284064724196,0.1461255601378807
18,cg5,0.2513202515914455,0.6999146137060814,0.15136798287496783,0.21359223300970873,0.9707674078983857,0.25612731395197796
18,pcg5,0.4040601865925184,0.6872647923848075,0.2118833784598179,0.32038834951456313,0.9104342151672473,0.1664613035164052
18,poisson_pcg5,0.3049357051534225,0.765356356008138,0.22626521571214878,0.4174757281553398,0.8849550309723244,0.18048312686841012
18,cg10,0.35460654191402613,0.7164437135658792,0.19323129647073592,0.3106796116504854,0.9368276524861474,0.201264597467032
18,pcg10,0.4916888321650812,0.723780609932218,0.21946995875125117,0.3592233009708738,0.8865427950191415,0.13174956235147406
18,poisson_pcg10,0.9700953302696516,0.9973857035936035,0.354991154910772,0.9223300970873787,0.12500005949749626,0.04890617428506615
18,cg20,0.4265884392210857,0.7316129576336401,0.23904492114068618,0.42718446601941745,0.8745816996877072,0.12445291660537587
18,pcg20,0.611475462234461,0.8289006251120036,0.2609429335766441,0.5242718446601942,0.7642777200230831,0.09057027126672024
18,poisson_pcg20,0.9999735913918889,0.9999472924111613,0.35702888903069213,0.9805825242718447,0.0027072470277367715,0.001486498165347286
18,cg40,0.4940188246548887,0.852545249465018,0.2686108689972171,0.5922330097087378,0.7753209932277939,0.07861946992703824
18,pcg40,0.7541367972605678,0.9753644729768192,0.3377054706476975,0.7864077669902912,0.463027142006943,0.05039048641360138
18,poisson_pcg40,1.0,1.0,0.3570332989388212,1.0,2.6497507107246144e-07,1.4001240235700173e-07
18,cg80,0.6361516187146842,0.9847991313789359,0.33009706609211925,0.7766990291262136,0.5445959436299097,0.04944592671188888
18,pcg80,0.9899118558221872,0.9990196388476013,0.35628826522512236,0.941747572815534,0.07664006793773245,0.0108913068084126
18,poisson_pcg80,1.0,1.0,0.3570332989388212,1.0,2.3501686668980118e-14,6.536580436355334e-15
18,poisson,0.3495391513482583,0.7818432897968649,0.15681463202938437,0.23300970873786409,17.818081373268065,83.84443554871098
18,amg,0.758623511372577,0.9025647512728883,0.3304251162811679,0.7669902912621359,0.5578937687329454,0.09090498052248791
18,oracle,1.0,1.0,0.3570332989388212,1.0,2.0688073904813078e-14,3.939089714900003e-15
19,ensemble,0.09944240174164935,0.6487566279792965,0.13001405449346193,0.20388349514563106,,
19,raw,0.27928667700808235,0.685578149541971,0.1872083989010012,0.3106796116504854,,
19,smoothed,0.4041093381195908,0.8382087853009076,0.18357472235891267,0.3300970873786408,,
19,prediction_magnitude,0.24186136542450465,0.6671094104129113,0.09711107587684456,0.04854368932038835,,
19,boundary_distance,0.18138867220060018,0.5938827572393873,0.10265276025086424,0.06862312444836717,,
19,jacobi1,0.28661563014090546,0.669133381824315,0.17891525231903493,0.2815533980582524,0.8923177538621757,0.5990807956248706
19,jacobi5,0.4297229610721694,0.744684439665623,0.21638163060865387,0.3786407766990291,0.7903956178568292,0.38713090384865606
19,jacobi10,0.5300953079178885,0.7911514499857689,0.2280055013279798,0.4563106796116505,0.7303631662943185,0.3421753218711661
19,jacobi20,0.6227841803161434,0.8051295025457765,0.23678016295396118,0.5145631067961165,0.6752028131812632,0.32480420963455203
19,jacobi40,0.6733880467241256,0.797044158417929,0.24094632633167387,0.5048543689320388,0.6437263120396255,0.3133685055479225
19,jacobi80,0.6688819201058579,0.7924164321178964,0.24091094580514322,0.47572815533980584,0.6336987678028365,0.3005735199574896
19,cg5,0.2856551190007868,0.6863793048923184,0.19289400320066424,0.3106796116504854,0.964413352893698,0.2573246537845916
19,pcg5,0.4897859706923682,0.7806099322180408,0.2183359511903238,0.39805825242718446,0.7478392701786882,0.09066391643262861
19,poisson_pcg5,0.9009457030970601,0.9906496737400251,0.31899921204206094,0.8446601941747572,0.3963723193917734,0.15143928959158268
19,cg10,0.2861608946963736,0.6809609647597061,0.18604602114742003,0.2621359223300971,0.8840444479744657,0.17456629786857958
19,pcg10,0.6677782459230384,0.8136365073843332,0.24584060317910447,0.5242718446601942,0.6464498849180622,0.06104809746459843
19,poisson_pcg10,0.9996643994528287,1.0,0.3314054640472702,1.0,0.014125496791617054,0.011095272163967955
19,cg20,0.32522500402331733,0.6972581512286139,0.20070497594887762,0.3300970873786408,0.8098969233156694,0.10731449239596606
19,pcg20,0.5976270250697375,0.7818854558679359,0.23354390937689667,0.46601941747572817,0.6572226071325249,0.04993659764164901
19,poisson_pcg20,0.9999989941706601,1.0,0.3314054640472702,1.0,0.0002531879573626387,9.436343624882369e-05
19,cg40,0.5289936453937486,0.8971253281047405,0.2530296106329166,0.5339805825242718,0.6307382632405234,0.0600981547791752
19,pcg40,0.7083109554931692,0.9758810073474379,0.3060825194830948,0.7475728155339806,0.40776354203542914,0.02392711937228883
19,poisson_pcg40,1.0,1.0,0.3314054640472702,1.0,1.244534704003156e-11,6.209665956280747e-12
19,cg80,0.8828775883341676,0.9959836817304956,0.32649249298092425,0.8932038834951457,0.2270532724018331,0.014907561663035833
19,pcg80,0.9936545467956512,0.9999472924111613,0.3313127878411941,0.9902912621359223,0.04386598349881157,0.004839742411441552
19,poisson_pcg80,1.0,1.0,0.3314054640472702,1.0,5.52992579374235e-13,4.789101607283753e-14
19,poisson,0.4042097757671125,0.8295225746602995,0.21083622788909,0.4077669902912621,16.60221153080806,79.63847709273996
19,amg,0.9820480361740933,0.9978495303753835,0.3280465022980196,0.9029126213592233,0.13469071894381196,0.030132223171815856
19,oracle,1.0,1.0,0.3314054640472702,1.0,5.289339256241359e-13,4.7676580434215645e-14
20,ensemble,0.48502664330162354,0.7331520192277284,0.17756481055760123,0.34951456310679613,,
20,raw,0.3338208103855232,0.6698923711035915,0.1536861291096574,0.23300970873786409,,
20,smoothed,0.547081787336385,0.7590103623119657,0.17475946960879465,0.2524271844660194,,
20,prediction_magnitude,0.5828451447500179,0.7439043673508112,0.18711701842095363,0.30097087378640774,,
20,boundary_distance,0.7885834807766849,0.7991471912125908,0.17470120290608968,0.1665931156222418,,
20,jacobi1,0.2550543706637579,0.6707251510072421,0.15622950948202288,0.2815533980582524,0.9723405407242964,0.5508263656063789
20,jacobi5,0.27784735757456547,0.7699946238259384,0.16885636009599705,0.4174757281553398,0.9350280501437077,0.33985470663920037
20,jacobi10,0.314315097274873,0.8620642400092765,0.17949808900342612,0.47572815533980584,0.9075162373128283,0.27657321108896066
20,jacobi20,0.35461123578427867,0.9256822997375163,0.1973523037707349,0.5728155339805825,0.866745572331631,0.22737386022348766
20,jacobi40,0.4654155975073313,0.9605641820309289,0.21569218193696546,0.6407766990291263,0.8070593912982194,0.19590483583296744
20,jacobi80,0.5707973879729632,0.9751220180681615,0.23866451852837897,0.7281553398058253,0.7277777529901013,0.1767770656825179
20,cg5,0.3514030425219941,0.6949284758019459,0.16283556355006762,0.2912621359223301,0.9829016087476601,0.3300489327525335
20,pcg5,0.31155281051069306,0.8547589681962409,0.17730275478583912,0.47572815533980584,0.9083382877181534,0.2564214794503921
20,poisson_pcg5,0.9034829299585151,0.9334303152967964,0.23190322335223634,0.5436893203883495,0.30989370996390636,0.1647611190428225
20,cg10,0.34669111204491804,0.7318027049534592,0.16851348731501295,0.3592233009708738,0.9624954225573861,0.25654909504764634
20,pcg10,0.43570642747299904,0.9491266352529437,0.20992932603930675,0.6407766990291263,0.818312811485176,0.1909893404362294
20,poisson_pcg10,0.9967372237322079,0.9989247651876917,0.2584135092613245,0.9320388349514563,0.060559512529096096,0.03337693722950072
20,cg20,0.3341566791538516,0.794250656209481,0.1925213536181458,0.5145631067961165,0.9080028616653653,0.1957108568604179
20,pcg20,0.6859398357592446,0.9665517641229985,0.23893163139442453,0.6796116504854369,0.5967108688384268,0.16039252050222624
20,poisson_pcg20,0.9999981559795434,1.0,0.25950185001717224,1.0,0.000555910169531001,0.00044185646225345114
20,cg40,0.4893192099992847,0.8778448921075657,0.2346099438015332,0.6213592233009708,0.750037272169449,0.13394629323297533
20,pcg40,0.9837964916672627,0.99410729156784,0.2564074629838823,0.8543689320388349,0.1364112545550116,0.02879840450852131
20,poisson_pcg40,1.0,1.0,0.25950185001717224,1.0,5.624573464747757e-08,5.331068674140148e-08
20,cg80,0.72624719485373,0.9274848992757977,0.23670628249475192,0.6116504854368932,0.5020151773190459,0.07036170527700394
20,pcg80,0.9999978430548602,1.0,0.25950185001717224,1.0,0.0005163032180271044,9.384011920483861e-05
20,poisson_pcg80,1.0,1.0,0.25950185001717224,1.0,2.4713869212500148e-14,1.2496303404748883e-14
20,poisson,0.5583573018739717,0.7895385977673065,0.17210803305409678,0.3786407766990291,13.65246081480655,84.59124286038899
20,amg,0.9963720182748014,0.9992410107207236,0.25893999046375044,0.9611650485436893,0.14663310414951475,0.06850952102044905
20,oracle,1.0,1.0,0.25950185001717224,1.0,3.6168058769187227e-14,1.0826213834360567e-14
21,ensemble,0.236158883037694,0.6933683311723222,0.18509590180621358,0.32038834951456313,,
21,raw,0.16272376350046489,0.6704721545808165,0.1647240825286925,0.23300970873786409,,
21,smoothed,0.18435271529218222,0.7500079061383258,0.2044081416173663,0.3592233009708738,,
21,prediction_magnitude,0.33457608763679275,0.7159166376774928,0.06769391352520131,0.0,,
21,boundary_distance,0.056518132849538674,0.4118939944973277,0.06563200099870245,0.0,,
21,jacobi1,0.2804949350904799,0.6604577127014748,0.18724741227393737,0.2815533980582524,0.9511374216843272,0.5967678106000521
21,jacobi5,0.37355412032401114,0.6594246439602374,0.19721704569939721,0.2912621359223301,0.8798970545447384,0.3892797748697169
21,jacobi10,0.4582659166905085,0.7164964211547179,0.20814069968815915,0.27184466019417475,0.834675831290894,0.32325159718499735
21,jacobi20,0.5594204299585152,0.77202913675511,0.23523833481744255,0.34951456310679613,0.7853668402644692,0.2834188642742494
21,jacobi40,0.6355304185144124,0.8015875525758198,0.2527709748148892,0.39805825242718446,0.7295479863196781,0.26279651739931825
21,jacobi80,0.682840361472713,0.8158818506688593,0.2811061253344615,0.49514563106796117,0.6526143415748227,0.2409217460430725
21,cg5,0.19713572214076244,0.6579382899549877,0.20341750301544106,0.30097087378640774,0.9404649618492288,0.29824648537282705
21,pcg5,0.46034889984621985,0.7338583009181662,0.21750339158022344,0.3106796116504854,0.8304804519234794,0.2351490707235424
21,poisson_pcg5,0.5770514336420857,0.9597524851628138,0.31927526295848957,0.6990291262135923,0.46875251832769843,0.14498029909780624
21,cg10,0.25989096809956364,0.6779144661248326,0.22146023219333036,0.33980582524271846,0.8972233919958702,0.2292435829115111
21,pcg10,0.6297447428653171,0.8167884211968839,0.25458922037372644,0.4077669902912621,0.7519080148409079,0.17498920118614972
21,poisson_pcg10,0.8662412269329804,0.9912399987350179,0.35076983125475986,0.8252427184466019,0.2541249268951518,0.06694516752276228
21,cg20,0.3982454424755024,0.7368099258931301,0.22853712370313786,0.32038834951456313,0.7508512629026622,0.14631861058280815
21,pcg20,0.7455500992418281,0.9178499520360942,0.31885463910449063,0.5922330097087378,0.45817862377027235,0.09741962522567314
21,poisson_pcg20,0.9999717697231957,0.9999894584822323,0.36101409321047095,0.9902912621359223,0.00251824560907294,0.0016572901442861534
21,cg40,0.5435316791538517,0.9272846104382109,0.29417205841801464,0.5339805825242718,0.5380086846579748,0.0798245526461754
21,pcg40,0.8637088280523567,0.9747846894995942,0.3479447332276385,0.8058252427184466,0.2666439759117024,0.03937267486253597
21,poisson_pcg40,1.0,1.0,0.36101690014046167,1.0,1.4139765754746916e-07,6.875428291150593e-08
21,cg80,0.8613326456440883,0.9887205759885308,0.35047494835423326,0.8155339805825242,0.25935537361859995,0.030681621263251684
21,pcg80,0.9918073300371932,0.9992199276851881,0.3598514002972808,0.9514563106796117,0.06599379216229061,0.007194884729064071
21,poisson_pcg80,1.0,1.0,0.36101690014046167,1.0,6.75483220799293e-14,9.56822699354049e-15
21,poisson,0.2038209333202203,0.6485985052127805,0.16190999217685959,0.20388349514563106,30.795723470688262,86.19201700552588
21,amg,0.9765558168228309,0.9972275808270875,0.3576210106912072,0.9223300970873787,0.19877273337840834,0.07371485847744867
21,oracle,1.0,1.0,0.36101690014046167,1.0,4.5815840959255964e-14,7.47889703995871e-15
22,ensemble,0.4136349554752879,0.7018542529753434,0.22123547975580662,0.27184466019417475,,
22,raw,0.08965697866747728,0.5984208806383943,0.1557223336845449,0.18446601941747573,,
22,smoothed,0.1401103283026965,0.7150206086672359,0.19522818941741935,0.23300970873786409,,
22,prediction_magnitude,0.812915206351477,0.8946480714293243,0.25982790303928827,0.3300970873786408,,
22,boundary_distance,0.5717463807411977,0.8322053909321864,0.18369107701113493,0.2345542806707855,,
22,jacobi1,0.36279027117158996,0.6858627705216997,0.19694757314256023,0.27184466019417475,0.9874738042478498,0.6076466504281562
22,jacobi5,0.29293511059652383,0.6863793048923184,0.21070886236213515,0.34951456310679613,0.9645402087811766,0.44253459089869474
22,jacobi10,0.3077141410664473,0.7378008285632965,0.22427198912877747,0.4077669902912621,0.9440201562128105,0.39129665986581186
22,jacobi20,0.36464755739932764,0.7828552755025668,0.2511871438254342,0.5242718446601942,0.9084617418579335,0.342649090479879
22,jacobi40,0.49292244832272364,0.869569800659899,0.2786941656794951,0.5922330097087378,0.8444421682220519,0.29634619468352724
22,jacobi80,0.6393938201845362,0.9350220844797233,0.3092405100221325,0.6893203883495146,0.7372400249677601,0.2442609388166034
22,cg5,0.11781612098562332,0.6314896218757576,0.16524662419144165,0.24271844660194175,0.9805154045862835,0.403186362200949
22,pcg5,0.3006804323725055,0.7484055954376311,0.22542131054142622,0.4174757281553398,0.9423844782510106,0.369088433189296
22,poisson_pcg5,0.9146168349009369,0.9965634652077207,0.3460166398519637,0.9223300970873787,0.1919357792255541,0.12181543595751446
22,cg10,0.18657420114798653,0.6598779292242497,0.16430563168896614,0.24271844660194175,0.9473222997972122,0.32002130160091463
22,pcg10,0.48713852728703233,0.8410549950981943,0.26951113386588543,0.5436893203883495,0.837759264917274,0.2843249733576322
22,poisson_pcg10,0.9564523393355268,0.999841877233484,0.34863015014127846,0.970873786407767,0.10282186880963728,0.05436661070345308
22,cg20,0.261114224215006,0.7315602500448014,0.2306041998957876,0.4563106796116505,0.8568694481270372,0.22645107685866173
22,pcg20,0.7808755185609041,0.9806984809672896,0.33263608294803493,0.7475728155339806,0.4202794313712192,0.14567979190348004
22,poisson_pcg20,0.999967779933481,1.0,0.34889084410827503,1.0,0.002623236011181079,0.0026263758591707036
22,cg40,0.28707654584793646,0.8643306663293381,0.2756612558082467,0.5922330097087378,0.7206764550066734,0.14977905481108733
22,pcg40,0.8553394003468993,0.9987666424211759,0.34807442824960366,0.941747572815534,0.26037175829543,0.06973274339355938
22,poisson_pcg40,1.0,1.0,0.34889084410827503,1.0,3.166091744746332e-06,2.767927266656393e-06
22,cg80,0.6807085955940204,0.9896376880343232,0.3398620319631355,0.8155339805825242,0.4299046959970235,0.07733969535591138
22,pcg80,0.9999415166118301,1.0,0.34889084410827503,1.0,0.004263152808908897,0.0022352245995582868
22,poisson_pcg80,1.0,1.0,0.34889084410827503,1.0,7.161486508291507e-14,4.142948755123176e-14
22,poisson,0.4369982476217723,0.7713861041712786,0.18087541158830564,0.33980582524271846,17.44228823391918,82.95825983622372
22,amg,0.9582145523388884,0.9957096022685347,0.34410029648039714,0.883495145631068,0.3104610072251797,0.1300418869093235
22,oracle,1.0,1.0,0.34889084410827503,1.0,7.007303947158783e-15,2.5991326766944618e-15
23,ensemble,0.42830823975395177,0.7045001739350432,0.14962061227134607,0.21359223300970873,,
23,raw,0.30350047609255415,0.6711257286824157,0.13087723345254457,0.1650485436893204,,
23,smoothed,0.5411822518060224,0.7321716580753297,0.13206066065188296,0.1262135922330097,,
23,prediction_magnitude,0.48135995949860527,0.6076763332384597,0.1425342129564684,0.1262135922330097,,
23,boundary_distance,0.7449195374779184,0.7434036452568441,0.1343136080980746,0.09333627537511033,,
23,jacobi1,0.27235624463557684,0.6593192287825601,0.1349112092426733,0.24271844660194175,0.9743103368656661,0.5758941756453229
23,jacobi5,0.3312635116407982,0.7894331825896292,0.1616886754318685,0.47572815533980584,0.9272539612207642,0.3892975213594645
23,jacobi10,0.4161433038588083,0.8915488652056123,0.17798508701415774,0.5728155339805825,0.8873728730017978,0.32875532210406194
23,jacobi20,0.5328232288462914,0.9492109673950856,0.18685204345823045,0.6213592233009708,0.8294978601870536,0.27860406161462853
23,jacobi40,0.6552783241542092,0.965444904757387,0.19944023997274588,0.6699029126213593,0.7512997113488395,0.23921683106566471
23,jacobi80,0.7552439583184322,0.9648334967268587,0.20051860490229825,0.6213592233009708,0.6538136499786829,0.20562067844997056
23,cg5,0.29964210356912946,0.6989342525536827,0.13403217742762488,0.23300970873786409,0.9838349079641934,0.3763511518623681
23,pcg5,0.40689696060725267,0.8873849656873597,0.1763774275445256,0.5339805825242718,0.8765407134172827,0.31193267100397654
23,poisson_pcg5,0.8488260630498533,0.9055163762478522,0.1976902912088812,0.6116504854368932,0.3664296027779818,0.1830468850233774
23,cg10,0.3328936816036049,0.7504084838134994,0.14198848511124115,0.2912621359223301,0.961580654555422,0.3002579866267112
23,pcg10,0.6434859809741792,0.9654554462751547,0.19818707698994784,0.6893203883495146,0.740856801221043,0.23806983087767367
23,poisson_pcg10,0.9963935653744366,0.9942443312988204,0.21094037586232003,0.8737864077669902,0.05998017657753731,0.034552147104587566
23,cg20,0.3881863332379658,0.8136575904198686,0.16395176348436927,0.4563106796116505,0.9121708426611949,0.23194712031606976
23,pcg20,0.8270931755596881,0.9452262736788842,0.19809619013383545,0.5728155339805825,0.5135700668198027,0.1784980461694639
23,poisson_pcg20,0.9999993070953436,0.9999789169644645,0.21225707509371877,0.9902912621359223,0.0003943692418685834,0.0004688768054186649
23,cg40,0.5272857136470924,0.8997290829933694,0.19209175655364544,0.5339805825242718,0.7368064783685767,0.15028786062783522
23,pcg40,0.991314931871826,0.9922519844407198,0.21037083601583448,0.8349514563106796,0.09064123474884667,0.019663363220907726
23,poisson_pcg40,1.0,1.0,0.21225741923199415,1.0,3.837187513740328e-08,4.759950755190816e-08
23,cg80,0.7327527872648594,0.9270421555295532,0.20173662405958456,0.6601941747572816,0.5055410513417339,0.08243445996687297
23,pcg80,0.9999968819290463,1.0,0.21225741923199415,1.0,0.0007528456109941207,0.00014883510867870934
23,poisson_pcg80,1.0,1.0,0.21225741923199415,1.0,1.6369156731212362e-14,9.581929930318425e-15
23,poisson,0.559752331288892,0.798593761529785,0.15385527674689334,0.39805825242718446,12.18077085672526,83.99340612962276
23,amg,0.9977212601029969,0.9981868589439508,0.21153969263892236,0.912621359223301,0.05767622786511213,0.0484089459243181
23,oracle,1.0,1.0,0.21225741923199415,1.0,1.918199707296206e-14,7.993430769749412e-15
24,ensemble,0.3809804936163364,0.7271117295468201,0.23304360487640227,0.36893203883495146,,
24,raw,0.23644986946570343,0.7302109357705322,0.20141882395878064,0.33980582524271846,,
24,smoothed,0.3275617802732279,0.8186121037707009,0.24476847103080948,0.4077669902912621,,
24,prediction_magnitude,0.5515037930941992,0.8095885645615256,0.13738606717310486,0.07766990291262135,,
24,boundary_distance,0.4948623324187126,0.8796000548158924,0.276165554471388,0.5516328331862312,,
24,jacobi1,0.32882748238681064,0.7460759200109632,0.23045672752527266,0.4077669902912621,0.9405936708943816,0.4410056013351217
24,jacobi5,0.3772708385487447,0.7396772187259522,0.23880390825850978,0.4077669902912621,0.8961349417740243,0.2082641169265306
24,jacobi10,0.3971362809348401,0.7451693494829386,0.23438559425445882,0.39805825242718446,0.8810994086312733,0.14852203682358764
24,jacobi20,0.41213052535584,0.7536658128037275,0.23963112827038444,0.4174757281553398,0.8719858895322327,0.11521466166580573
24,jacobi40,0.42816495377655384,0.747130071787736,0.23644856621248164,0.39805825242718446,0.8665108891797821,0.10371180540585129
24,jacobi80,0.43766132385022516,0.7388866048933725,0.23692829485877528,0.3883495145631068,0.8573473785314669,0.09821150634479968
24,cg5,0.29998690186681926,0.7530227802198961,0.19939846446569112,0.3300970873786408,0.9685715141843291,0.21697703867007007
24,pcg5,0.39901800881553534,0.755858448499415,0.23592846588288757,0.4077669902912621,0.8801999030386441,0.12877496362117796
24,poisson_pcg5,0.4556842098204706,0.8856561567734522,0.28750822643265,0.5728155339805825,0.6867737981799172,0.13611574442214866
24,cg10,0.35816423852013446,0.7715231439022591,0.2047977186262489,0.33980582524271846,0.9456791379022115,0.16740886549469622
24,pcg10,0.42487429368428575,0.7568915172406523,0.22918966093957163,0.3786407766990291,0.8701186068346733,0.09315557340337235
24,poisson_pcg10,0.9744509177633931,0.9994096750050072,0.38002258049593457,0.9611650485436893,0.07772928860932296,0.03425917718255211
24,cg20,0.41365606671554245,0.7355976513498413,0.23721600032329038,0.3883495145631068,0.8920668234982536,0.10999428024496645
24,pcg20,0.43232779084114153,0.7163910059770405,0.23496232058878905,0.36893203883495146,0.8549623263601146,0.08290406424953295
24,poisson_pcg20,0.9999914392747299,1.0,0.38065460440602344,1.0,0.0010895832368089367,0.0004966416408021946
24,cg40,0.4547180660360489,0.7514837186258078,0.26209582965784495,0.44660194174757284,0.7894365309839758,0.07897452933316859
24,pcg40,0.576000252574923,0.9310795568345931,0.327169430145531,0.6796116504854369,0.571687503607564,0.05540362909007232
24,poisson_pcg40,1.0,1.0,0.38065460440602344,1.0,1.9118015505754033e-07,9.670755392400556e-08
24,cg80,0.6276461581789571,0.978706134109189,0.3542108249738784,0.8058252427184466,0.5153294508357212,0.046373531004799
24,pcg80,0.9813301534225018,0.9990512634009044,0.3795597257443141,0.941747572815534,0.08513449935157097,0.010802590905554499
24,poisson_pcg80,1.0,1.0,0.38065460440602344,1.0,1.88493001709811e-13,1.8130247241340307e-14
24,poisson,0.4132948957513768,0.7572288458092196,0.24522801070888145,0.4174757281553398,21.19013387582061,87.16532944159268
24,amg,0.5889073117087475,0.7736103644202692,0.27791945951626845,0.49514563106796117,0.7446779831036889,0.0833409751820051
24,oracle,1.0,1.0,0.38065460440602344,1.0,1.577448046271178e-13,1.4663912066410098e-14
25,ensemble,0.5220020027179744,0.7334471817252248,0.18147387453414182,0.3300970873786408,,
25,raw,0.5267312334596952,0.8401273415346342,0.20259492316707872,0.4368932038834951,,
25,smoothed,0.8026216718224732,0.9145926230458662,0.21800086622406564,0.5048543689320388,,
25,prediction_magnitude,0.5853110583112796,0.7099290555854232,0.10226414012702315,0.009708737864077669,,
25,boundary_distance,0.7394566191158721,0.8148329696509703,0.1959139340473163,0.39695498676081203,,
25,jacobi1,0.43248580663042696,0.7214720175410856,0.1873418948501322,0.3106796116504854,0.9919439524857789,0.5256380990141167
25,jacobi5,0.3893442216222015,0.716412089012576,0.18554503450904586,0.32038834951456313,0.9846512017693486,0.33011283507248745
25,jacobi10,0.3464443262284529,0.7023180797571235,0.18017830032743984,0.2912621359223301,0.982311369935824,0.27198595187075597
25,jacobi20,0.333709398022316,0.7046477551837914,0.180359154880269,0.32038834951456313,0.9816088083882875,0.2277571409084828
25,jacobi40,0.2969327569558687,0.6925566343042071,0.16889937280799225,0.32038834951456313,0.9830455101174148,0.20118450807232155
25,jacobi80,0.267900387132537,0.691323276725383,0.1578246258882068,0.2815533980582524,0.9838743799532422,0.18804849220603678
25,cg5,0.5092149054967455,0.8147433667499446,0.20010185495587984,0.4174757281553398,0.9896037060783409,0.24122845762300033
25,pcg5,0.3447869541699449,0.6899845039688814,0.1804744991248155,0.30097087378640774,0.9817671797412034,0.18757864260892007
25,poisson_pcg5,0.9074767318146054,0.9685651940166345,0.2459681656919606,0.6796116504854369,0.6581399121782096,0.13440809479568272
25,cg10,0.48931801417995846,0.8061836543225493,0.19748578949198686,0.4077669902912621,0.9797964481059991,0.1721993067624896
25,pcg10,0.3093764975681282,0.6900477530754878,0.16531839693761666,0.30097087378640774,0.9847831297105062,0.1239084810441741
25,poisson_pcg10,0.9986901978578069,0.9992620937562591,0.2593206005108563,0.9611650485436893,0.061850556802313085,0.03135996393577608
25,cg20,0.4566795673592733,0.7825390299695351,0.198278852421854,0.4174757281553398,0.9627258103384494,0.12515308824235052
25,pcg20,0.2523553282132895,0.6728334545607877,0.15495509583851966,0.27184466019417475,0.9873628998271816,0.10677845760891927
25,poisson_pcg20,0.999998748301266,1.0,0.2595247579888917,1.0,0.0005928611607389188,0.0004834210343920344
25,cg40,0.45253144893069164,0.8704131220813173,0.2120636930988588,0.5242718446601942,0.915796115515113,0.103243268650217
25,pcg40,0.9287799513625634,0.9736989131695182,0.24772169792798823,0.7087378640776699,0.2586982073512939,0.042326554755881984
25,poisson_pcg40,1.0,1.0,0.2595247579888917,1.0,3.897732420619562e-08,3.796625364432691e-08
25,cg80,0.6811471595379444,0.9668574681382626,0.24648706660896044,0.6407766990291263,0.652500944471115,0.07140118698900472
25,pcg80,0.9974813809813317,0.9993675089339363,0.2593494707033178,0.9514563106796117,0.043987694982092845,0.009452209027268652
25,poisson_pcg80,1.0,1.0,0.2595247579888917,1.0,3.152139841794253e-13,3.5625055352015846e-14
25,poisson,0.7404617091946213,0.8014505128448394,0.18625013440256008,0.32038834951456313,12.969738725490272,86.18517529345985
25,amg,0.9748855925005364,0.9650759516355165,0.24374488415771126,0.6310679611650486,0.2369586983714532,0.05099096258671077
25,oracle,1.0,1.0,0.2595247579888917,1.0,2.416428270213353e-13,2.6216832991832235e-14
26,ensemble,0.49707015324368786,0.8000379494639638,0.22691904728380688,0.3883495145631068,,
26,raw,0.17724605044345898,0.6682689773673613,0.17036851209677506,0.2524271844660194,,
26,smoothed,0.24852407955439526,0.7762879099332722,0.22141051928326855,0.33980582524271846,,
26,prediction_magnitude,0.793755733227237,0.837302214772883,0.23048873763208716,0.30097087378640774,,
26,boundary_distance,0.6282768103854326,0.9313799900909733,0.265776513592288,0.5342012356575463,,
26,jacobi1,0.41370800103712174,0.7422388075435101,0.2366281978592641,0.3883495145631068,0.9819339501939587,0.6519637593003973
26,jacobi5,0.36520964836206277,0.7563328167989627,0.23799398012287487,0.4077669902912621,0.9454874207874702,0.49970103537766103
26,jacobi10,0.4194023473821615,0.8038118128248105,0.2548556987335999,0.44660194174757284,0.9132705113795259,0.4451106225051042
26,jacobi20,0.4715889309598741,0.8313146326808134,0.26691852821236606,0.5145631067961165,0.859833588198684,0.3805172884408864
26,jacobi40,0.5793730106930834,0.9086366655070998,0.3032867779925725,0.6504854368932039,0.7718730717879466,0.2993374496463818
26,jacobi80,0.6646658411415493,0.9664147243920179,0.32200259182899454,0.7378640776699029,0.6437856436377053,0.21633534192364873
26,cg5,0.2002246240433445,0.693568620009909,0.1515723209335515,0.20388349514563106,0.9741155584593789,0.47379762949171444
26,pcg5,0.42960990585437375,0.7968860356514131,0.24627338722805456,0.4077669902912621,0.8969348766668628,0.4355766904261772
26,poisson_pcg5,0.938788523263715,0.9896376880343232,0.33292127042240055,0.8155339805825242,0.2058385487217483,0.1225517623970578
26,cg10,0.24690670597596734,0.7210714398659119,0.1501827483168737,0.2524271844660194,0.9259809663346268,0.32286972819612714
26,pcg10,0.5876868048601673,0.9392176085512792,0.298979962884828,0.6213592233009708,0.6979698580104537,0.2562973806600743
26,poisson_pcg10,0.9876170897110362,0.9992831767917945,0.34110449237920254,0.941747572815534,0.04898865462552864,0.03248010974947519
26,cg20,0.2057052204777913,0.7419120204927105,0.2045048942313408,0.4174757281553398,0.8729068268371097,0.23037357735464256
26,pcg20,0.7085370994564051,0.9853262072673223,0.33195502151399564,0.7961165048543689,0.4793645972883093,0.16231018087559448
26,poisson_pcg20,0.9999978877583864,1.0,0.3417436977165725,1.0,0.0003913648457256367,0.00070052387026156
26,cg40,0.3002334306380087,0.853704816419468,0.2804734135668998,0.5728155339805825,0.7475480364655877,0.15574777508015772
26,pcg40,0.8918155107824904,0.9970167504717329,0.3399030133960394,0.9029126213592233,0.19990275733853088,0.07514635203688283
26,poisson_pcg40,1.0,1.0,0.3417436977165725,1.0,5.267519839171791e-08,5.82797661760903e-08
26,cg80,0.6909727040268936,0.9682700315191382,0.32174444182324063,0.6990291262135923,0.5008188129517221,0.08324525799958811
26,pcg80,0.999985381946928,1.0,0.3417436977165725,1.0,0.001557874565666352,0.0003908240347270717
26,poisson_pcg80,1.0,1.0,0.3417436977165725,1.0,4.777771041850519e-15,4.0978734540044274e-15
26,poisson,0.555892092393248,0.9354226621548971,0.28132446114730625,0.5728155339805825,21.201179264529294,79.4615818147967
26,amg,0.9918086264394534,0.9948873638826519,0.338016559319312,0.8640776699029126,0.14629233895540977,0.10586508525564792
26,oracle,1.0,1.0,0.3417436977165725,1.0,8.862830590052804e-15,4.320205412535827e-15
27,ensemble,0.31691603783706457,0.7449901436808872,0.22730143943862416,0.33980582524271846,,
27,raw,0.2575493303411773,0.7284083362322508,0.19500035991468884,0.30097087378640774,,
27,smoothed,0.3318480996531006,0.8133624279223722,0.21852291875860758,0.36893203883495146,,
27,prediction_magnitude,0.39603830645161286,0.8003858195502989,0.1257232559666101,0.1650485436893204,,
27,boundary_distance,0.4047599478587193,0.8236878445758621,0.21431147650876084,0.3587819947043248,,
27,jacobi1,0.40179743938201845,0.7754972961006926,0.2514829973003147,0.49514563106796117,0.8798376281277851,0.568222935065845
27,jacobi5,0.5635041976611115,0.8550541306937373,0.2605775867761405,0.5048543689320388,0.8307461987370972,0.32850919592910033
27,jacobi10,0.5835075168979329,0.8223016349894058,0.24396199693468512,0.44660194174757284,0.8266759014804993,0.22023365740251277
27,jacobi20,0.6026269691903297,0.8094831493838482,0.2404737803080707,0.46601941747572817,0.8353344357243054,0.1445300538724213
27,jacobi40,0.6033571901151562,0.786302351812614,0.23851513332861984,0.46601941747572817,0.849477448378171,0.12332905230189946
27,jacobi80,0.5932539920248908,0.7645235761044875,0.23297490756782066,0.42718446601941745,0.8530748242650099,0.11544641196168018
27,cg5,0.2964582513768686,0.7599169328399903,0.20781880242313824,0.32038834951456313,0.947142622006044,0.2581132011148476
27,pcg5,0.5927541283706458,0.847348281205528,0.24889175338534533,0.4563106796116505,0.8301886875893638,0.12978016396083386
27,poisson_pcg5,0.299606396627566,0.6990502092491276,0.23499402029921776,0.3300970873786408,0.873151374807276,0.17426169130700322
27,cg10,0.3783005507474429,0.7759505813647048,0.236766807500067,0.36893203883495146,0.8860512979827178,0.19291933674068976
27,pcg10,0.6106185068128174,0.793786829427701,0.23744178758395248,0.46601941747572817,0.8491474252010647,0.084796548319482
27,poisson_pcg10,0.9642699690651598,0.9975122018068161,0.3789831460365143,0.9320388349514563,0.1210703358818129,0.042188985318806264
27,cg20,0.49827709257206193,0.7891485616099005,0.2711654213456656,0.46601941747572817,0.781016330108114,0.10762275204616434
27,pcg20,0.5550389144195694,0.7333417665475476,0.2251459392288388,0.3883495145631068,0.87736409294219,0.06574539231592731
27,poisson_pcg20,0.9999909028324154,1.0,0.38132232289430235,1.0,0.0014457998756617159,0.0005801784788296809
27,cg40,0.6616522535047564,0.8457986780936719,0.2966900281230988,0.5436893203883495,0.6516572382617727,0.060767225753680695
27,pcg40,0.7957652126099707,0.9300570296111235,0.3358361849148642,0.6504854368932039,0.46630296368930213,0.04032004391855361
27,poisson_pcg40,1.0,1.0,0.38132232289430235,1.0,1.1976149098756695e-07,6.383514827681383e-08
27,cg80,0.7270736401187324,0.9475981151766232,0.3388802549111017,0.6796116504854369,0.4717060909248436,0.031742999210956274
27,pcg80,0.9988863345790717,0.9999789169644645,0.3813194314468257,0.9902912621359223,0.013466758703517337,0.001556713521981561
27,poisson_pcg80,1.0,1.0,0.38132232289430235,1.0,3.3655624326681437e-13,2.4316442767373493e-14
27,poisson,0.2926143180924111,0.7807996795378599,0.19313628275691364,0.33980582524271846,23.64788039022177,86.76491766120675
27,amg,0.7294866358808382,0.8427732624943339,0.2982353198438832,0.5728155339805825,0.6363110718695806,0.06331388847555153
27,oracle,1.0,1.0,0.38132232289430235,1.0,2.985184931765926e-13,2.2020927778553984e-14
28,ensemble,0.2968862094091982,0.7397088432792553,0.14712918680332726,0.2621359223300971,,
28,raw,0.23700402555253558,0.7046477551837914,0.16227996178329604,0.3300970873786408,,
28,smoothed,0.26194783322008436,0.7713439381002076,0.1625200599869148,0.3300970873786408,,
28,prediction_magnitude,0.32766635391241444,0.709196420100566,0.09251419393610755,0.06796116504854369,,
28,boundary_distance,0.31368064130256235,0.7069721598515755,0.10905874340684187,0.12246248896734334,,
28,jacobi1,0.211757373846649,0.6394800923436956,0.14371056129856166,0.22330097087378642,0.9353122212019749,0.5597761413639227
28,jacobi5,0.3167139778985766,0.683058726795484,0.16514551447253548,0.3106796116504854,0.8573694393092849,0.36871546349360457
28,jacobi10,0.4223380950039339,0.7395928865838103,0.16876828875606922,0.3106796116504854,0.7967344525495144,0.2991819318165875
28,jacobi20,0.5051745337422214,0.7848476223606675,0.17889940918848793,0.3592233009708738,0.7139947425483743,0.2435605617967236
28,jacobi40,0.5842158330949145,0.8216164363345034,0.19410856426111897,0.4368932038834951,0.6165921811381888,0.21069445435646716
28,jacobi80,0.6727909417244832,0.8444599053371704,0.20618859632786596,0.4854368932038835,0.5286775836389345,0.1971631261258132
28,cg5,0.24512606394392386,0.7195218367540559,0.1672709944988267,0.34951456310679613,0.9412034538747446,0.28684043548099947
28,pcg5,0.42167105133752947,0.7460653784931954,0.16785857730275278,0.32038834951456313,0.7909222936455648,0.21260358045548547
28,poisson_pcg5,0.5737827788605965,0.9118202038729536,0.19716427179474624,0.4368932038834951,0.610388122867127,0.15114495227858224
28,cg10,0.24477625885129814,0.7020123757418593,0.17721775315394836,0.3592233009708738,0.899501824682868,0.18597913790771733
28,pcg10,0.5394775498891352,0.804180765946681,0.19031992515745663,0.4368932038834951,0.6367523507936059,0.09742060100179117
28,poisson_pcg10,0.9853142434375224,0.9964369669945079,0.25847873759450285,0.883495145631068,0.10020170496757246,0.028125469285348537
28,cg20,0.27745779987125385,0.7491962092702107,0.1880100487332355,0.4077669902912621,0.8191392691248767,0.10804139125138594
28,pcg20,0.712404703257993,0.8257592528172206,0.20301786668062008,0.4174757281553398,0.5029148942537404,0.053043405715363166
28,poisson_pcg20,0.9999975748337028,1.0,0.26100530311064685,1.0,0.0006160692483226775,0.00035480811456058744
28,cg40,0.4546024180137328,0.839631890199551,0.2003387561377929,0.42718446601941745,0.6963132205922762,0.07007564098747042
28,pcg40,0.8182162175452398,0.9188303131884928,0.2257683779835469,0.6213592233009708,0.38303658920729056,0.03748083672251486
28,poisson_pcg40,1.0,1.0,0.26100530311064685,1.0,3.889518500783528e-09,1.673803068401794e-09
28,cg80,0.7862551520813962,0.9649389119045361,0.24143472217462772,0.6504854368932039,0.36900899682471794,0.0292735665549689
28,pcg80,0.9993414611794577,1.0,0.26100530311064685,1.0,0.01791459639317804,0.0008818112259013156
28,poisson_pcg80,1.0,1.0,0.26100530311064685,1.0,1.7773245886999404e-12,9.017752226900377e-14
28,poisson,0.4069690562191545,0.8280467621728177,0.19124726181261442,0.42718446601941745,30.676209645377725,81.2006303616721
28,amg,0.8157406480223158,0.9400082223838588,0.2458636396592399,0.7184466019417476,0.33907677020612087,0.056972455934348305
28,oracle,1.0,1.0,0.26100530311064685,1.0,1.709427620795528e-12,8.693599958239398e-14
29,ensemble,0.33105701487733347,0.6949917249085523,0.17154675703257363,0.3106796116504854,,
29,raw,0.30669549299048704,0.7104034238849709,0.1670332824311658,0.2524271844660194,,
29,smoothed,0.4993257031864673,0.8341292179247968,0.15792141421965186,0.22330097087378642,,
29,prediction_magnitude,0.347526408608111,0.5502672274754119,0.0801225837220959,0.009708737864077669,,
29,boundary_distance,0.38921850475749287,0.5880638394316013,0.10561100589646263,0.04148278905560459,,
29,jacobi1,0.2837558896895787,0.7028029895744389,0.171314949948142,0.30097087378640774,0.9279763744098453,0.62509802606515
29,jacobi5,0.4162438979686717,0.7942822807627842,0.22786274199136117,0.4368932038834951,0.8091610967212494,0.42344907200248183
29,jacobi10,0.5047758900472069,0.8665022189894901,0.2687995605956076,0.5533980582524272,0.7185744432064656,0.3299406419942211
29,jacobi20,0.6322470786245619,0.946902375003953,0.29469095943816775,0.6699029126213593,0.5926575105974609,0.23145176226232084
29,jacobi40,0.7769822996387954,0.9859481568156183,0.3191202475897621,0.7961165048543689,0.42838073509510405,0.14577114211983327
29,jacobi80,0.9095699744295828,0.9952141509334514,0.32728180637944276,0.883495145631068,0.2514946264401347,0.08988514826378068
29,cg5,0.3297824167620342,0.7375583736546388,0.17381100487646123,0.2524271844660194,0.9196805035162245,0.31127823774938973
29,pcg5,0.4899561905443101,0.8635505940145262,0.2673559844148247,0.5631067961165048,0.6725156521304305,0.2543027310311195
29,poisson_pcg5,0.39788381330019307,0.7556581596618281,0.168053878085387,0.17475728155339806,0.9503301042084904,0.11422817827880184
29,cg10,0.34044535887990846,0.7528541159356124,0.2081399507780075,0.34951456310679613,0.8244936197472725,0.18436744662644902
29,pcg10,0.740004906212002,0.9893846916078977,0.32046833080873516,0.8252427184466019,0.37678918798629735,0.10397665598034657
29,poisson_pcg10,0.957256589299764,0.9942654143343559,0.3249667904852779,0.8543689320388349,0.16549861160383394,0.025541528439194206
29,cg20,0.38938762874615546,0.8052138346879184,0.2543252198671089,0.4854368932038835,0.7306036750771705,0.10455985758263776
29,pcg20,0.9555194549746084,0.9968797107407524,0.32817283757745697,0.9029126213592233,0.15483293804558232,0.02150841894782732
29,poisson_pcg20,0.9999954849438523,1.0,0.3308579169019686,1.0,0.0009513461191740729,0.00034493880884534995
29,cg40,0.5085661791002073,0.9110612145936772,0.2808924323425974,0.5728155339805825,0.6042177790807514,0.0537755605762751
29,pcg40,0.9836250424683498,0.9989458482232272,0.328940792735685,0.9320388349514563,0.08596830942825219,0.003916324899381249
29,poisson_pcg40,1.0,1.0,0.3308579169019686,1.0,1.639226949991531e-08,6.13902507123635e-09
29,cg80,0.6617516964988198,0.9665517641229985,0.2961739544513679,0.6310679611650486,0.45204111288585863,0.025506870378023183
29,pcg80,0.9996229816357913,0.9999789169644645,0.3308472940107373,0.9902912621359223,0.010270991136175408,0.0006317901496307669
29,poisson_pcg80,1.0,1.0,0.3308579169019686,1.0,1.8354905652431767e-12,8.224064821293666e-14
29,poisson,0.42423317806308564,0.7076310047120584,0.13767657900696254,0.11650485436893204,40.26745599509226,87.85603152172244
29,amg,0.9683437678814104,0.9983344401926989,0.3301001325322983,0.941747572815534,0.12720323839562256,0.05831514783374308
29,oracle,1.0,1.0,0.3308579169019686,1.0,1.8797985662319535e-12,8.328608496430145e-14
30,ensemble,0.2015451550318289,0.6560408167567966,0.13898390422646137,0.2621359223300971,,
30,raw,0.2159979168156784,0.6940113637561536,0.12506992658552796,0.20388349514563106,,
30,smoothed,0.11323761935841499,0.6036916395222585,0.12337952270531122,0.1941747572815534,,
30,prediction_magnitude,0.18559113707889277,0.6062637698575841,0.11177600592830275,0.13592233009708737,,
30,boundary_distance,0.24149055776429063,0.695081327809578,0.1412110225326846,0.22992056487202117,,
30,jacobi1,0.2639248131392604,0.7431453780715347,0.1642962202857652,0.3300970873786408,0.8005135342379546,0.5261489235549978
30,jacobi5,0.48653900829697444,0.8824937014431338,0.21110767785494416,0.4854368932038835,0.6167121756577512,0.2744029402789087
30,jacobi10,0.6295262208533009,0.9292137081897052,0.22365983572587092,0.5533980582524272,0.5066512236903936,0.1900633896710317
30,jacobi20,0.7728385509799012,0.9592043262388918,0.24190727719106436,0.6796116504854369,0.38467198931204316,0.12588858044981938
30,jacobi40,0.8734605223160002,0.9760602131494892,0.2480013061259857,0.7572815533980582,0.27857163254515527,0.08863894995371538
30,jacobi80,0.9201619720513552,0.9841033912062659,0.25134580052385447,0.8252427184466019,0.21781063679734367,0.07007841839191639
30,cg5,0.24572200665188468,0.7161485510683828,0.13849905251850048,0.23300970873786409,0.8911485675390508,0.2969668418312159
30,pcg5,0.6007501139939918,0.9212021546862317,0.22039467572049565,0.5436893203883495,0.5105430034672176,0.16866335726013745
30,poisson_pcg5,0.518768898415707,0.830281563939576,0.1771576418518407,0.3786407766990291,0.7109510781772977,0.18830317568452648
30,cg10,0.3201711474501108,0.7553840801998671,0.1725652819051978,0.32038834951456313,0.7945524207157084,0.19864453032056784
30,pcg10,0.8226117699914168,0.9663514752854115,0.24422888927296782,0.7087378640776699,0.3258894368143974,0.06088924651152467
30,poisson_pcg10,0.9907757961698017,0.9981130683195767,0.25697122577387066,0.941747572815534,0.09438529010748536,0.034455712181256246
30,cg20,0.4553988560367641,0.8215110211568262,0.20637100049845108,0.46601941747572817,0.6452119047627548,0.0935801151318396
30,pcg20,0.9045415653386738,0.9813098889978179,0.2493575700587637,0.8058252427184466,0.2583523501823608,0.028372493020512837
30,poisson_pcg20,0.9999878182891064,1.0,0.2584848838276661,1.0,0.0019398946075638414,0.0004945414860925625
30,cg40,0.6248867436163363,0.8958181799015422,0.2259195859717253,0.5728155339805825,0.5106365871078843,0.05088984034906621
30,pcg40,0.9863136913489736,0.9991039709897431,0.257763274139593,0.941747572815534,0.0811560762442083,0.011234424199371698
30,poisson_pcg40,1.0,1.0,0.2584848838276661,1.0,1.799797071162124e-08,1.1507201308063077e-08
30,cg80,0.8751572334775767,0.973625122545144,0.2465628473218553,0.7475728155339806,0.27767074453038526,0.023242877102159498
30,pcg80,0.9999989494671339,1.0,0.2584848838276661,1.0,0.00025810527150349396,2.0341595224518735e-05
30,poisson_pcg80,1.0,1.0,0.2584848838276661,1.0,2.946142709619805e-14,8.747149494048014e-15
30,poisson,0.1475997223911022,0.6149078144271212,0.15561871065635585,0.2524271844660194,39.60528827025865,82.24418145505115
30,amg,0.9878423172519848,0.9985031044769827,0.25769790720396973,0.941747572815534,0.09667457368537173,0.05182026368546899
30,oracle,1.0,1.0,0.2584848838276661,1.0,2.4183530750023938e-14,4.300028162780318e-15
31,ensemble,0.20570374526142624,0.6096054309899539,0.11864594519182327,0.14563106796116504,,
31,raw,0.24470772834561186,0.6746887616879078,0.13266241208648488,0.1650485436893204,,
31,smoothed,0.3322531806558901,0.7221255916426847,0.1265622625054682,0.17475728155339806,,
31,prediction_magnitude,0.38269107404692077,0.744842562432139,0.11465737977537742,0.13592233009708737,,
31,boundary_distance,0.36766015922950845,0.7467769309425171,0.12015244676403619,0.18976169461606357,,
31,jacobi1,0.24587073528359915,0.6520034154517568,0.1496982315172722,0.2524271844660194,0.9184828475181965,0.6078679994679862
31,jacobi5,0.34946768158572344,0.758030001159567,0.2006939836681131,0.4174757281553398,0.7984814210737378,0.36064530945650447
31,jacobi10,0.46508425497103206,0.8629075614306948,0.2199652367844737,0.49514563106796117,0.699860789093162,0.2656201964284016
31,jacobi20,0.6382110989914883,0.9440034576178278,0.25056115125010386,0.6310679611650486,0.5584661733383708,0.1851165057949167
31,jacobi40,0.8027287255918746,0.9836501059422535,0.2773127486313298,0.7766990291262136,0.382239381589782,0.1310321319659543
31,jacobi80,0.9031977885165582,0.9936434647860599,0.2875578726329472,0.9029126213592233,0.227825131260357,0.0940180335702484
31,cg5,0.26674435394463913,0.6998829891527782,0.1502114624789234,0.23300970873786409,0.9221113909277161,0.29674952270329835
31,pcg5,0.46113568190758886,0.867746118086082,0.22567662930414267,0.5048543689320388,0.661595155228141,0.2207204137794986
31,poisson_pcg5,0.5236941094163508,0.7707325300696795,0.23259961787681482,0.49514563106796117,0.6917523761933859,0.15385465198035145
31,cg10,0.3033859233066304,0.7231692019016898,0.168061159283005,0.27184466019417475,0.8728583759633549,0.20690990405449938
31,pcg10,0.7505487134325156,0.9775887332258099,0.27308681134278695,0.7475728155339806,0.40603664513341414,0.11577332248811573
31,poisson_pcg10,0.9968426458229024,0.9995045486649168,0.28927255148341086,0.9611650485436893,0.0402995606872907,0.019671795276993694
31,cg20,0.37834309732851723,0.7557635748395054,0.2091216425798985,0.39805825242718446,0.7769904081891551,0.11098215567645651
31,pcg20,0.9191322822044202,0.9904388433846705,0.28527890989923527,0.8640776699029126,0.22757411106732717,0.018240959731826146
31,poisson_pcg20,0.9999990053465417,1.0,0.28957102480111796,1.0,0.00016235768280910536,7.61542211177245e-05
31,cg40,0.5024926015664115,0.8433635874893267,0.23768241819905223,0.5048543689320388,0.6356948486874167,0.06687538410472266
31,pcg40,0.9484540850082254,0.9956779777152315,0.2876297165428812,0.8932038834951457,0.14987159906892722,0.009901020133323772
31,poisson_pcg40,1.0,1.0,0.28957102480111796,1.0,2.8749131187293313e-09,2.5867267527663815e-09
31,cg80,0.8276544506830698,0.9560313293908057,0.26282501139362696,0.6310679611650486,0.3661576351672648,0.029391718831873526
31,pcg80,0.9991886309992132,0.9999262093756259,0.2895547889213494,0.9805825242718447,0.01733194188855821,0.0014946990879826127
31,poisson_pcg80,1.0,1.0,0.28957102480111796,1.0,6.785871149217136e-13,3.806234221047476e-14
31,poisson,0.2665645340104427,0.6491572056544701,0.19093071986750468,0.3786407766990291,32.59085337589575,82.64438900231383
31,amg,0.9718343756705526,0.9968691692229847,0.28826696074316416,0.9029126213592233,0.17057252143933904,0.07396194403439695
31,oracle,1.0,1.0,0.28957102480111796,1.0,6.740818527286804e-13,3.6289565175571e-14
32,ensemble,0.43961530380516417,0.6302668058147012,0.14247932134458288,0.13592233009708737,,
32,raw,0.43099608397110356,0.8063734016423685,0.18509249442991757,0.39805825242718446,,
32,smoothed,0.7307347024533295,0.8876168790782497,0.17572828012778297,0.3300970873786408,,
32,prediction_magnitude,0.6732731027823473,0.6462477467505772,0.14875447338001765,0.08737864077669903,,
32,boundary_distance,0.6879421148585919,0.6949969956674362,0.1489148073212971,0.13989408649602825,,
32,jacobi1,0.3223283943387454,0.6663925872047057,0.1643426546942671,0.2815533980582524,0.9759729391098289,0.5041555579814746
32,jacobi5,0.3438436762391817,0.7489642958793207,0.1792568003455507,0.39805825242718446,0.9496143952076833,0.28803430954429093
32,jacobi10,0.35742389224662036,0.7440414070817917,0.1802390087419753,0.3786407766990291,0.9318659899627031,0.24924085705797303
32,jacobi20,0.39930160798583786,0.7400988794366613,0.1790067318815271,0.33980582524271846,0.9097280054460501,0.2278770121106121
32,jacobi40,0.43776962931836055,0.7363671821468855,0.1835845980225258,0.33980582524271846,0.8858981125110217,0.21828756348954287
32,jacobi80,0.47046261444102705,0.7350811169792226,0.18524575805729843,0.3300970873786408,0.8620653286543393,0.21489119096593948
32,cg5,0.41331588405693437,0.792743219168696,0.18684163343098115,0.39805825242718446,0.9850339255965787,0.2093047442025727
32,pcg5,0.33926248122451896,0.758957654723127,0.1816820014983405,0.39805825242718446,0.9371827667109283,0.1331994934204495
32,poisson_pcg5,0.9551146757206207,0.9948135732582777,0.262222853065168,0.8932038834951457,0.41802387189369294,0.09510645856406481
32,cg10,0.3999932274157786,0.7948936887933125,0.1862639671444818,0.4077669902912621,0.9725855074954158,0.1478998820902617
32,pcg10,0.43296210035047555,0.7418803959394074,0.179418712747502,0.32038834951456313,0.8900249799400513,0.07789625439477889
32,poisson_pcg10,0.9988205309884842,0.9997997111624132,0.26384469580458897,0.9805825242718447,0.04826047001756678,0.018560394584178463
32,cg20,0.38134897360703807,0.7801566469540284,0.17993776554713237,0.39805825242718446,0.9518231982429823,0.09682983695650371
32,pcg20,0.49745997916815676,0.7311069647807892,0.18154695131569987,0.3106796116504854,0.8474848143196021,0.07205955156189142
32,poisson_pcg20,0.9999997541306056,1.0,0.26394356472862457,1.0,0.00011716466972990512,0.00011425565374977885
32,cg40,0.3744845348151062,0.8103897199118729,0.18942890200220106,0.46601941747572817,0.9058050110112835,0.07513046990258179
32,pcg40,0.865153143104928,0.9933904683596344,0.25985884101789974,0.883495145631068,0.3837921242178493,0.03289596779827602
32,poisson_pcg40,1.0,1.0,0.26394356472862457,1.0,1.7574441385365826e-08,9.392942824686044e-09
32,cg80,0.5788468278377799,0.9802346541855096,0.23613782888065277,0.7475728155339806,0.7082926243183879,0.053367925758116205
32,pcg80,0.9942198117087475,0.9977968227865448,0.2632657588617573,0.941747572815534,0.08999291759916636,0.010246236408269091
32,poisson_pcg80,1.0,1.0,0.26394356472862457,1.0,6.408957682572297e-13,4.962638182331774e-14
32,poisson,0.5784495364244331,0.7639859586983334,0.14832227344899618,0.20388349514563106,17.606733826655542,88.5395764376472
32,amg,0.9743323304842285,0.9842404309372463,0.25630579900994427,0.7864077669902912,0.17568742705115942,0.03928597687150944
32,oracle,1.0,1.0,0.26394356472862457,1.0,6.0140884106791e-13,4.5962654648048075e-14
33,ensemble,0.3581060792325298,0.7776372242075414,0.1888194150310687,0.33980582524271846,,
33,raw,0.12321993911379728,0.7011268882493702,0.13773969995681204,0.17475728155339806,,
33,smoothed,0.1277648460410557,0.694580605715611,0.1642119007315308,0.2815533980582524,,
33,prediction_magnitude,0.5364460026106859,0.8638035904409517,0.17080461273708974,0.30097087378640774,,
33,boundary_distance,0.32596343380927184,0.76954660932081,0.13503364835704695,0.17166813768755515,,
33,jacobi1,0.42309197527000925,0.8254535488019565,0.22783341671526222,0.44660194174757284,0.8495133245731131,0.5416468830649074
33,jacobi5,0.5030443213110649,0.8628864783951593,0.2478979854556401,0.5048543689320388,0.746113195174676,0.32343217973311333
33,jacobi10,0.5634875791252414,0.8778448921075657,0.24270556513422648,0.49514563106796117,0.6774489636531075,0.2567805432374122
33,jacobi20,0.6314562173664258,0.9148983270611303,0.26935715329652077,0.5631067961165048,0.5951853185923873,0.20597854678590677
33,jacobi40,0.6817683485623345,0.950159703994181,0.28499680103999014,0.6116504854368932,0.5189646058387184,0.17931762766409615
33,jacobi80,0.7536837717259136,0.9621032436250171,0.29302484522533134,0.6796116504854369,0.4588512619926853,0.1707040927101316
33,cg5,0.18281927258422143,0.732277073253007,0.14179803547411188,0.18446601941747573,0.9135654484919711,0.2446496745312929
33,pcg5,0.5541441956941563,0.87550467516313,0.24393136058532594,0.49514563106796117,0.6824763452666371,0.1560215512197951
33,poisson_pcg5,0.9042174088942134,0.9904177603491351,0.32064162938396,0.8446601941747572,0.2282364475637409,0.08259949177918899
33,cg10,0.30989398558758313,0.7984461802810369,0.1958398431271246,0.36893203883495146,0.8402458546063722,0.15642523710889691
33,pcg10,0.6602780224054073,0.944888945110317,0.2750375825955085,0.5825242718446602,0.5303873520973619,0.043390530835713
33,poisson_pcg10,0.9582519803662112,0.9964158839589724,0.32298861278159485,0.8932038834951457,0.13307370316257724,0.028054714862445065
33,cg20,0.42177239423145696,0.8490032994950613,0.2281608118280321,0.47572815533980584,0.7425708461971186,0.07200878149231188
33,pcg20,0.7938085839711037,0.9633998503104477,0.298923600245181,0.7184466019417476,0.4248372198264324,0.0248138273062324
33,poisson_pcg20,0.9999898970030755,1.0,0.32610555400561714,1.0,0.001899459306846768,0.0005720542608996958
33,cg40,0.528833081503469,0.9152989047363039,0.2539309563147902,0.5436893203883495,0.6541462176467546,0.042839575448561526
33,pcg40,0.8360922859595163,0.9729610069257771,0.3020772702744216,0.7184466019417476,0.36765395035630466,0.016063376806135652
33,poisson_pcg40,1.0,1.0,0.32610555400561714,1.0,4.797335777595261e-08,2.286849271160876e-08
33,cg80,0.6813445591338244,0.9586034597261314,0.28161551759431414,0.6116504854368932,0.5091630601171815,0.022761058507482466
33,pcg80,0.9945666775445248,0.9984187723348408,0.3248208591009072,0.9223300970873787,0.05749265690929996,0.0039013285085121056
33,poisson_pcg80,1.0,1.0,0.32610555400561714,1.0,7.809994409780353e-13,3.780358844726338e-14
33,poisson,0.33140875339746795,0.7436092048533148,0.1833058979745247,0.30097087378640774,34.35659304161165,88.74078990695166
33,amg,0.9243058548208283,0.9890789875926336,0.31901057662019594,0.8252427184466019,0.25610471861124107,0.04347293677858437
33,oracle,1.0,1.0,0.32610555400561714,1.0,7.349906012485788e-13,3.565603876657751e-14
34,ensemble,0.49789995127315634,0.7201859523734228,0.20135676318055207,0.36893203883495146,,
34,raw,0.36543333363135677,0.752327040047226,0.16575587638851205,0.2815533980582524,,
34,smoothed,0.6174901764001144,0.8154601899581502,0.1567395027384692,0.2621359223300971,,
34,prediction_magnitude,0.7336913601494885,0.7079472502450903,0.1356955763004704,0.038834951456310676,,
34,boundary_distance,0.731687558081331,0.7206339668785512,0.16547467009378372,0.1703442188879082,,
34,jacobi1,0.32885640556827117,0.7146200309920623,0.15873422035769214,0.2524271844660194,0.975839980192784,0.5524865408566381
34,jacobi5,0.35810868321293177,0.7609078355101567,0.18756167033811513,0.4077669902912621,0.9287632900500147,0.29565560959860027
34,jacobi10,0.4149982006830698,0.8383985326207267,0.1965314775505972,0.4368932038834951,0.8954527100584676,0.21901947048592332
34,jacobi20,0.4611687289893426,0.8632554315170298,0.2067006582996473,0.46601941747572817,0.8541230319654675,0.16635853895354333
34,jacobi40,0.5035584789178169,0.849593624490054,0.22096240375556825,0.5533980582524272,0.8038268789117834,0.13291738506974896
34,jacobi80,0.5824588504041198,0.8666076341671674,0.23151473355667146,0.5825242718446602,0.7474635277121368,0.10315672637727734
34,cg5,0.3503390985980974,0.7392450164974753,0.17113048535662304,0.30097087378640774,0.9819580562283183,0.2685241611056935
34,pcg5,0.3963271024068379,0.8355101567523692,0.19236689548406327,0.4077669902912621,0.8902112275025921,0.2044407385601383
34,poisson_pcg5,0.5991803161433373,0.7975185267174768,0.21000827399665145,0.4077669902912621,1.0234254483597394,0.14891127097748064
34,cg10,0.34987605947357125,0.7691407608867524,0.17238139993282606,0.33980582524271846,0.9682929371765748,0.20446593195898569
34,pcg10,0.46528501850725984,0.8450818548854664,0.21343895738035795,0.5048543689320388,0.8147568631995581,0.1393834144082586
34,poisson_pcg10,0.9930304632179385,0.9996942959847359,0.27917064088057536,0.9805825242718447,0.11084380288687812,0.027198109820489105
34,cg20,0.3230032499463557,0.7514942601435755,0.1815438338304022,0.3300970873786408,0.9327716965123048,0.13020043265554757
34,pcg20,0.6583726575352263,0.880891390742439,0.2514167811776309,0.6213592233009708,0.6603631480391856,0.06902047739561003
34,poisson_pcg20,0.9999979324619126,1.0,0.2794519650097769,1.0,0.0004915660162480956,0.0004085007743255485
34,cg40,0.34365278100636576,0.8353204094325501,0.19182746292758718,0.4077669902912621,0.8792744819422703,0.08514870121832899
34,pcg40,0.5956169198376366,0.9545660584210914,0.24924677960021366,0.6796116504854369,0.66978356022437,0.05761332305962467
34,poisson_pcg40,1.0,1.0,0.2794519650097769,1.0,1.272633059448468e-08,8.424918618963655e-09
34,cg80,0.4383069657034546,0.9489158048975892,0.21658804913978974,0.5631067961165048,0.7548521725075412,0.06099685543196581
34,pcg80,0.9755405662148628,0.9992620937562591,0.27887816108969443,0.9514563106796117,0.13357058771209468,0.019669847872200014
34,poisson_pcg80,1.0,1.0,0.2794519650097769,1.0,1.4227192455348303e-13,1.8153959706879076e-14
34,poisson,0.6457327243222944,0.7890326049144556,0.1343069641020679,0.22330097087378642,16.943545961262146,85.4824822166553
34,amg,0.9360178210607252,0.9880037527803253,0.2687196538000798,0.8446601941747572,0.25580708455258977,0.07711589281484535
34,oracle,1.0,1.0,0.2794519650097769,1.0,1.2583016584091204e-13,1.61210209839144e-14
35,ensemble,0.395121705350118,0.7437251615487598,0.17041895043638997,0.30097087378640774,,
35,raw,0.04634194397754095,0.5408747351443661,0.09502716671737729,0.06796116504854369,,
35,smoothed,0.020460692189399898,0.5175885223954545,0.09979133120361021,0.08737864077669903,,
35,prediction_magnitude,0.5824721161755239,0.815502356029221,0.16274209339478546,0.21359223300970873,,
35,boundary_distance,0.4608179831198406,0.8482284979391332,0.22651288899532374,0.4415269196822595,,
35,jacobi1,0.33196634047993706,0.7353868209944868,0.1795891214781675,0.32038834951456313,0.9070346336761409,0.5680453985021916
35,jacobi5,0.45123410789643087,0.8054668311143438,0.22498188514254228,0.49514563106796117,0.7829317026434451,0.33635870187875255
35,jacobi10,0.5421597279343395,0.8777394769298884,0.2557829895486209,0.6019417475728155,0.6972597395262078,0.2378309930133295
35,jacobi20,0.6221958372076389,0.9414840348713408,0.27778848313180043,0.6699029126213593,0.5935794698535682,0.14978320783340573
35,jacobi40,0.7109075598133179,0.977388444388223,0.287436213627308,0.7281553398058253,0.48238922585371685,0.10031018174579982
35,jacobi80,0.7916905197231957,0.9904072188313673,0.3011277848258624,0.8349514563106796,0.3853294418620876,0.0844050678736877
35,cg5,0.1298573398719691,0.5807005892708432,0.10802571238194282,0.06796116504854369,0.9496625110489317,0.2861298263596256
35,pcg5,0.5430913158929976,0.870423663599085,0.25662276728041306,0.5922330097087378,0.6862146142588988,0.17646802863788805
35,poisson_pcg5,0.5868011385988127,0.8389783160979518,0.20254584961632774,0.4077669902912621,0.734138159145601,0.17468388664564763
35,cg10,0.21374248980759603,0.6271570580732214,0.12563219784529622,0.08737864077669903,0.9125207274579873,0.19455981743743647
35,pcg10,0.6604393239038695,0.9663198507321084,0.2776562804119664,0.6601941747572816,0.5124759047133617,0.07041376420418238
35,poisson_pcg10,0.9753595951648665,0.9987666424211759,0.3133902921586011,0.941747572815534,0.10404675836104212,0.04278031228865309
35,cg20,0.35916862617123235,0.6973530248885235,0.1645238492746211,0.30097087378640774,0.846916945761813,0.10875973116197211
35,pcg20,0.838274388008726,0.9934326344307053,0.3079704434648116,0.883495145631068,0.33025714276030566,0.03323028856260957
35,poisson_pcg20,0.9999922774658464,1.0,0.31411074203813905,1.0,0.001452395973738875,0.0005758579380313357
35,cg40,0.4451512655568271,0.7836458893351465,0.20045894002939454,0.46601941747572817,0.7753094004565905,0.06999267862045025
35,pcg40,0.8743486360954151,0.9953511906644319,0.31053770724514346,0.9029126213592233,0.2945440204819705,0.020994711100532307
35,poisson_pcg40,1.0,1.0,0.31411074203813905,1.0,7.97056248286576e-08,6.547188240007973e-08
35,cg80,0.6462938429833345,0.9434447571761382,0.2534441418692914,0.6213592233009708,0.596566390371563,0.04246088197534112
35,pcg80,0.9921196176954438,0.998914223669924,0.31294129378241414,0.9320388349514563,0.06475497247611615,0.005675347533477687
35,poisson_pcg80,1.0,1.0,0.31411074203813905,1.0,3.1133330922315434e-13,2.8019558012171727e-14
35,poisson,0.32549847784493235,0.6418413923236668,0.12908745198283758,0.11650485436893204,25.677669714465615,83.12068402850463
35,amg,0.9326987965810742,0.9958993495883537,0.3111866302321173,0.9029126213592233,0.2850862999520552,0.05872179744143844
35,oracle,1.0,1.0,0.31411074203813905,1.0,3.197864172209719e-13,2.8124813838317482e-14
36,ensemble,0.34585488788355623,0.6755320831093261,0.17181127603287744,0.21359223300970873,,
36,raw,0.18033256070738857,0.6845977883895723,0.1799416675368602,0.2815533980582524,,
36,smoothed,0.2910600882447607,0.7855433625333376,0.21538412907342222,0.3592233009708738,,
36,prediction_magnitude,0.6806958886166941,0.9338836005608088,0.2952664010614929,0.47572815533980584,,
36,boundary_distance,0.30192948321181007,0.5905094715537142,0.059437137145342586,0.0006619593998234774,,
36,jacobi1,0.3395649452828839,0.7184676849772831,0.2333067904198342,0.3786407766990291,0.9707776578627206,0.5755236391588702
36,jacobi5,0.36557038346684784,0.7849424960205771,0.26114094453430453,0.5048543689320388,0.9265431489036903,0.4286629297706816
36,jacobi10,0.38337503799799727,0.7979507289459536,0.2736807751603511,0.5436893203883495,0.8927416346974041,0.38778536653241613
36,jacobi20,0.4556187862098562,0.8283103001170109,0.28271141506695746,0.5728155339805825,0.844309704945627,0.34754710921161414
36,jacobi40,0.5759075933409626,0.8768434479196314,0.3008218768305722,0.6116504854368932,0.775555739644342,0.30222104010585377
36,jacobi80,0.706074125151992,0.9541338561926146,0.3345109532905418,0.7281553398058253,0.6817294612368368,0.25072362638192847
36,cg5,0.20935065892997637,0.7009687654828543,0.17555161315373327,0.2815533980582524,0.9759184166262501,0.42408018067177455
36,pcg5,0.38276249910592947,0.8060466145915689,0.27142463460061694,0.5533980582524272,0.8836646353083228,0.38146901999102917
36,poisson_pcg5,0.8751573899399182,0.9958255589639796,0.3641137944946947,0.883495145631068,0.27739971057443374,0.1609884195518338
36,cg10,0.28033923270867606,0.7312861705828405,0.2038868111412235,0.34951456310679613,0.9223508534408755,0.33734407781650994
36,pcg10,0.6225655912488376,0.894005038845493,0.3069765492762894,0.6213592233009708,0.7208963884385238,0.2868289047591161
36,poisson_pcg10,0.9895602737643943,0.9988298915277821,0.36780479124253745,0.941747572815534,0.07264349912498484,0.055776466844008304
36,cg20,0.40186217008797653,0.8477066928096307,0.23357872119108983,0.46601941747572817,0.8112639901732134,0.23593096055907437
36,pcg20,0.8142122121092911,0.9905020924912769,0.35853612523415485,0.8446601941747572,0.44298504146381473,0.15785410024351243
36,poisson_pcg20,0.9999656229883412,1.0,0.36900613752315575,1.0,0.0036475901882551975,0.002962795934239383
36,cg40,0.46744090193834487,0.9627884422799194,0.3134758710781883,0.7378640776699029,0.6345365128581585,0.15190695074128943
36,pcg40,0.8396347945425935,0.9986296026901953,0.36695792288830137,0.9223300970873787,0.30896597071193366,0.07230119077694297
36,poisson_pcg40,1.0,1.0,0.36900613752315575,1.0,5.153817654841497e-07,5.411065471398724e-07
36,cg80,0.8172996834990344,0.9974489527002097,0.36576300408725354,0.9223300970873787,0.2876196027759116,0.06373096444692636
36,pcg80,0.9998778811422644,0.9999894584822323,0.36897048363630036,0.9902912621359223,0.011465054200857224,0.0026022660203066884
36,poisson_pcg80,1.0,1.0,0.36900613752315575,1.0,2.160816789251101e-14,1.243008858695206e-14
36,poisson,0.2838909837457978,0.6469961945120859,0.12218749206519045,0.1650485436893204,20.495786943168778,81.07433982557025
36,amg,0.9956670213146412,0.9998313357157164,0.36876565457684607,0.9805825242718447,0.15796945924796763,0.07231145542826836
36,oracle,1.0,1.0,0.36900613752315575,1.0,2.8364146221682246e-14,8.17689579954061e-15
37,ensemble,0.3377290273406766,0.6512655092080157,0.1295474272604878,0.1650485436893204,,
37,raw,0.1860035718117445,0.7059865279402928,0.14631446519545224,0.2524271844660194,,
37,smoothed,0.21120034555825762,0.702412953417033,0.14962441605489488,0.2621359223300971,,
37,prediction_magnitude,0.5073739919354838,0.7367045107154528,0.14758062862888421,0.23300970873786409,,
37,boundary_distance,0.3748049559785554,0.69702096707884,0.12074329593276842,0.16063548102383055,,
37,jacobi1,0.23742657445819326,0.7262894911609373,0.1581976243831778,0.2912621359223301,0.9034720203044854,0.5323230882915391
37,jacobi5,0.35166103774765745,0.801661343200194,0.18487149687184232,0.4077669902912621,0.7906790816377146,0.29212517186215003
37,jacobi10,0.4246193718260496,0.8546008454297249,0.20579374840215614,0.49514563106796117,0.7177507518420383,0.22235955273724595
37,jacobi20,0.5394512306880767,0.8969250392671537,0.21796904829199437,0.5533980582524272,0.6270616609392271,0.1578335844181729
37,jacobi40,0.6612752127887848,0.914286919030602,0.2274806091120062,0.5728155339805825,0.5337837268536062,0.10591800488774267
37,jacobi80,0.7418846894893067,0.9188408547062606,0.23059597440054716,0.5922330097087378,0.4655943162694624,0.08290810615683161
37,cg5,0.19670749588727554,0.7274174335620842,0.15352421460475427,0.27184466019417475,0.9145730514797434,0.27853970913243536
37,pcg5,0.39376191348973605,0.8462519633576843,0.19810318740789606,0.44660194174757284,0.7284441091170208,0.1992398526716035
37,poisson_pcg5,0.646950995994564,0.893773125454603,0.22823735338597018,0.4854368932038835,0.5569292996207486,0.14769431935359992
37,cg10,0.23721697079965667,0.7862391027060076,0.17734782556449172,0.36893203883495146,0.8349444269322468,0.17934288196540044
37,pcg10,0.6231056880766754,0.908468001222816,0.22071476798422363,0.5339805825242718,0.5469654672413347,0.08186934270122843
37,poisson_pcg10,0.9753682117695442,0.9902174715115483,0.26872989898711236,0.8155339805825242,0.13371901826529523,0.04173567510691555
37,cg20,0.34032022253415345,0.8536521088306295,0.20730457422459148,0.4854368932038835,0.7208814821990536,0.1057312758203339
37,pcg20,0.7602656730562907,0.9156573163404067,0.23627687037035858,0.6019417475728155,0.44411747232703125,0.05178944804318198
37,poisson_pcg20,0.9999597556505254,1.0,0.27372485305768496,1.0,0.004210156559384813,0.002107056659409019
37,cg40,0.5897343157678278,0.9349377523375816,0.23770041635624567,0.5922330097087378,0.5650857181925972,0.05689413773548329
37,pcg40,0.8857972985659107,0.9594994887363882,0.25845830455046537,0.8252427184466019,0.2960585635018754,0.02704930072864808
37,poisson_pcg40,1.0,1.0,0.27372485305768496,1.0,4.706951288914469e-07,1.4513960966772663e-07
37,cg80,0.8280343636006008,0.9716960247936498,0.25976564281832626,0.7572815533980582,0.34220574765860534,0.02767528533260266
37,pcg80,0.9997402389850512,0.9998945848223227,0.2737011146945129,0.9902912621359223,0.012522911163124449,0.001195807356396566
37,poisson_pcg80,1.0,1.0,0.27372485305768496,1.0,1.3072646484375555e-13,1.1064280526088962e-14
37,poisson,0.2597333099384879,0.7409211178225441,0.12986848173695245,0.2815533980582524,37.16206841392027,85.01675557910244
37,amg,0.7701315960052928,0.8714567323403224,0.20770117560311194,0.47572815533980584,0.7007269483431314,0.08237744140424946
37,oracle,1.0,1.0,0.27372485305768496,1.0,1.1256351982346022e-13,9.025257496999593e-15
38,ensemble,0.4193789227344253,0.7231164943128512,0.16675978026886018,0.27184466019417475,,
38,raw,0.37876688675702735,0.7970336169001613,0.21521114346587195,0.4368932038834951,,
38,smoothed,0.5490652604427436,0.8731960827719976,0.20343780966565658,0.3883495145631068,,
38,prediction_magnitude,0.5574946244009727,0.776836068857194,0.10700693815980628,0.05825242718446602,,
38,boundary_distance,0.6353764590488428,0.8770700905516376,0.19960661035074823,0.38217122683142096,,
38,jacobi1,0.3232529414920248,0.7284821268566248,0.19003497730284977,0.33980582524271846,0.9451427875821821,0.5088414543955102
38,jacobi5,0.3849104253093483,0.7456858838535573,0.2051074091671035,0.36893203883495146,0.8884692771600641,0.38534717562467224
38,jacobi10,0.41582006383663545,0.7447266057366939,0.21565924912314102,0.4174757281553398,0.8434077148759394,0.34192506695405767
38,jacobi20,0.4740735417709748,0.7734522416537533,0.2330780809038212,0.49514563106796117,0.7813595455930545,0.2998479361558589
38,jacobi40,0.5462020442922536,0.7987940503673719,0.23793209564994025,0.5145631067961165,0.7136325920575193,0.26233395211891947
38,jacobi80,0.5824468028038051,0.7956843026258921,0.24290844273433765,0.49514563106796117,0.6659943864163002,0.23555017239206527
38,cg5,0.38136287640369065,0.780135563918493,0.20585087320844425,0.3592233009708738,0.9485962123028582,0.2733679032860052
38,pcg5,0.4041339474107717,0.72998956389741,0.2121059018278897,0.4077669902912621,0.8353685951421379,0.205881739401769
38,poisson_pcg5,0.5504129823510479,0.6993769962999272,0.24645232503735887,0.4854368932038835,0.7839876529951207,0.14325645709526771
38,cg10,0.37477843814820105,0.777732097867451,0.21365521587199857,0.39805825242718446,0.8916862621136391,0.1646405845887532
38,pcg10,0.5398359157070309,0.8185593961818622,0.23774382665557048,0.5242718446601942,0.6933000280947778,0.08322238195719504
38,poisson_pcg10,0.9990427298655318,0.9997364620558068,0.3179771791575436,0.970873786407767,0.02495037041725491,0.00970054663002763
38,cg20,0.38851746343251553,0.851923299916722,0.22164109785837977,0.47572815533980584,0.8278034915724296,0.09757889016110448
38,pcg20,0.5757197155961662,0.7877254567112573,0.24866636372124656,0.4854368932038835,0.6570048013464905,0.056408056697085464
38,poisson_pcg20,0.9999992623918174,1.0,0.3181160009778355,1.0,0.0002940343876489459,7.474713126408358e-05
38,cg40,0.46736007796294976,0.9457955156383416,0.25651928459740747,0.6310679611650486,0.7012947073674932,0.06249909311413684
38,pcg40,0.7634100632107861,0.9683543636612799,0.29803038335553883,0.6893203883495146,0.3755964413120841,0.022324946515708342
38,poisson_pcg40,1.0,1.0,0.3181160009778355,1.0,3.166658735713288e-10,2.6584336286874494e-10
38,cg80,0.8137418974858737,0.9954144397710383,0.3147365751390383,0.8932038834951457,0.3041760620040377,0.027664741490907682
38,pcg80,0.998175135004649,0.9999472924111613,0.3181050021522961,0.9805825242718447,0.024320617064349265,0.0022965886610381817
38,poisson_pcg80,1.0,1.0,0.3181160009778355,1.0,2.722240579463938e-13,2.0877960358707577e-14
38,poisson,0.5768878299120235,0.7731570791562569,0.2261835824399716,0.39805825242718446,28.884443995549947,80.36672327326144
38,amg,0.5076726897217652,0.7157374318754415,0.23967799034543374,0.4368932038834951,0.7774870506112206,0.07499810651573605
38,oracle,1.0,1.0,0.3181160009778355,1.0,2.486724848695143e-13,1.5672672364334326e-14
39,ensemble,0.30161868115656965,0.697679811939323,0.1492442426469436,0.2621359223300971,,
39,raw,0.2949906010836134,0.741585233441911,0.16627885798683736,0.27184466019417475,,
39,smoothed,0.3362606282633574,0.787230005376174,0.17862201175269019,0.3106796116504854,,
39,prediction_magnitude,0.4171747594950289,0.702181040026143,0.10613307999328112,0.07766990291262135,,
39,boundary_distance,0.3566846865385032,0.6481083246365812,0.10319365415022733,0.08296557811120919,,
39,jacobi1,0.28762748328088117,0.7379589513298125,0.17661759270245916,0.2815533980582524,0.9342778461859873,0.6216540911185523
39,jacobi5,0.28367675327229813,0.7074201743567039,0.18727450756455552,0.32038834951456313,0.8640958496522191,0.4005735682396055
39,jacobi10,0.31148448117087474,0.7789549139285075,0.18682605172155722,0.3883495145631068,0.8200524893400319,0.31235525549254883
39,jacobi20,0.3508490093698591,0.8593866944962736,0.2133640506121286,0.5145631067961165,0.7654118299106831,0.2486134170414032
39,jacobi40,0.41078351870395535,0.9052212137503558,0.23388880196492082,0.6019417475728155,0.7037917886744482,0.22461697145371007
39,jacobi80,0.4911128719333381,0.9223195555696109,0.24424416350731437,0.6213592233009708,0.6426348304153867,0.2166624302652447
39,cg5,0.28628974143480435,0.7314548348671241,0.1751318578274959,0.2912621359223301,0.9391684603453206,0.2839079526120718
39,pcg5,0.3027396109005078,0.7657990997543827,0.19266331165693562,0.4077669902912621,0.8195168221142264,0.1690850891360484
39,poisson_pcg5,0.6685915930548602,0.8956073495461877,0.25773102432154926,0.5825242718446602,0.49917549768353975,0.15671591804371585
39,cg10,0.29815457138259066,0.7515469677324141,0.18166987407680169,0.33980582524271846,0.9084514194963758,0.17731299370997208
39,pcg10,0.3663125961125813,0.8843173840169508,0.22530273336413606,0.5631067961165048,0.7411255996106805,0.05125807234183678
39,poisson_pcg10,0.9953015811637221,0.9981868589439508,0.2906283999067037,0.9223300970873787,0.04967094640737217,0.024186902959951514
39,cg20,0.3052140963629211,0.7615087020229172,0.19705878010977457,0.3786407766990291,0.8489565989639273,0.09601512582075619
39,pcg20,0.5176230129282597,0.9264729135700959,0.24744272111004087,0.6310679611650486,0.6183103671393596,0.041057495162051205
39,poisson_pcg20,0.999998893587726,1.0,0.2913904125384393,1.0,0.0003495399449516836,0.00024926895684141976
39,cg40,0.3341837359630927,0.8170308761055417,0.21916764615894074,0.49514563106796117,0.7717707607332301,0.06169405382018674
39,pcg40,0.8174358727916458,0.9700831725751874,0.27213088036641125,0.7475728155339806,0.3631067195944163,0.03007210170204041
39,poisson_pcg40,1.0,1.0,0.2913904125384393,1.0,1.62387645907461e-08,7.647720805165528e-09
39,cg80,0.5684143323975395,0.9655503199350642,0.272557990388473,0.7669902912621359,0.5555138149488708,0.03439933677874697
39,pcg80,0.993929004094843,0.9991039709897431,0.29083491285757684,0.941747572815534,0.051950997452894394,0.0045334941844550735
39,poisson_pcg80,1.0,1.0,0.2913904125384393,1.0,5.37054837570343e-13,3.5543813050312805e-14
39,poisson,0.46480075638366347,0.8097466873280414,0.2424118179765623,0.5145631067961165,37.033792855050464,78.0818628364649
39,amg,0.9274972395572563,0.9879932112625576,0.28353154496065214,0.8543689320388349,0.22481431452803385,0.06738787193834855
39,oracle,1.0,1.0,0.2913904125384393,1.0,5.770913817756646e-13,3.7547700137555165e-14
40,ensemble,0.1548317918067377,0.6301086830481852,0.13019451239831648,0.17475728155339806,,
40,raw,0.13190299558329158,0.5854864383373918,0.13138328860237702,0.14563106796116504,,
40,smoothed,0.11704501868607395,0.6113342399038614,0.13275871230587027,0.17475728155339806,,
40,prediction_magnitude,0.2631707428831986,0.6370450017393504,0.13220919125144626,0.11650485436893204,,
40,boundary_distance,0.10318832829985895,0.5358622434458113,0.07170944018836072,0.038834951456310676,,
40,jacobi1,0.2806171098276232,0.6804655134246229,0.17724335350026219,0.32038834951456313,0.8383082174457622,0.48619880726601883
40,jacobi5,0.4815259772190829,0.8374919620927022,0.2275235035638262,0.46601941747572817,0.671583413238353,0.24167762354194697
40,jacobi10,0.5881976767577426,0.9093429471975375,0.25062091114180196,0.5631067961165048,0.5721037841239168,0.17793158460286274
40,jacobi20,0.703511294345898,0.9518568883547853,0.27312419883364014,0.6893203883495146,0.4640834516250373,0.1366555053419078
40,jacobi40,0.7956233236177668,0.9696509703467106,0.2830257028068119,0.7669902912621359,0.3740543457524659,0.11019111614531064
40,jacobi80,0.8345100605285745,0.9771881555506362,0.2830820506302718,0.7281553398058253,0.3172357739035622,0.08915702280906938
40,cg5,0.17747565892997638,0.6194090425139411,0.1502839042758215,0.21359223300970873,0.9014485527412763,0.2240379660774108
40,pcg5,0.5615344373614191,0.8986433066632934,0.23916251213330622,0.5048543689320388,0.5839522580452903,0.1459713734386643
40,poisson_pcg5,0.5320696391531363,0.807322138241464,0.2539397502951267,0.5436893203883495,0.6110328375427849,0.13466727859640293
40,cg10,0.26007852174379514,0.6877497022021231,0.16489078753085223,0.2524271844660194,0.8302318533057301,0.1582330759505048
40,pcg10,0.7673190736535297,0.9700726310574197,0.2817663741768836,0.7572815533980582,0.38591650083451484,0.0757867117488956
40,poisson_pcg10,0.9562689431192332,0.9943497464764977,0.29619437104825114,0.8737864077669902,0.15087303212993913,0.035814815786251425
40,cg20,0.35597138527287026,0.7682341903587279,0.2196106871570228,0.4563106796116505,0.7012930480975277,0.08586007502697118
40,pcg20,0.8171431429261138,0.9742049060223691,0.2792901757129989,0.6699029126213593,0.3222276692626305,0.034985531176579716
40,poisson_pcg20,0.9998436382411843,0.9999683754466968,0.3001969036223015,0.9902912621359223,0.0075846837880288575,0.002428866560796995
40,cg40,0.60175759736428,0.9225725519960364,0.263362887557118,0.6213592233009708,0.5029737360145675,0.05178082901882016
40,pcg40,0.9563784220549315,0.9971537902027134,0.2970388380661871,0.912621359223301,0.13761463889194858,0.016683840638688736
40,poisson_pcg40,1.0,1.0,0.30020007686266353,1.0,5.181711823092244e-06,9.748678591535473e-07
40,cg80,0.9109472453687146,0.9965529236899529,0.29863485959915764,0.9223300970873787,0.20070742802090988,0.017837018028397968
40,pcg80,0.997266245261426,0.9999262093756259,0.3001485669733438,0.9902912621359223,0.031696391077845124,0.0024215653425004096
40,poisson_pcg80,1.0,1.0,0.30020007686266353,1.0,1.7943601001452437e-13,4.156239107066236e-14
40,poisson,0.1282888719512195,0.6210535192857067,0.12396284618861474,0.14563106796116504,35.09958791857968,88.12322879221432
40,amg,0.8701096689256848,0.9839452684397499,0.29080644798605876,0.8446601941747572,0.2865555715108893,0.05151082960106848
40,oracle,1.0,1.0,0.30020007686266353,1.0,1.341534780889374e-13,1.0878184235072706e-14
41,ensemble,0.2531007706887919,0.6861052254303575,0.13881467706744646,0.21359223300970873,,
41,raw,0.29794580591517056,0.7378746191876706,0.2177858614615716,0.44660194174757284,,
41,smoothed,0.4652930874937414,0.8338235139095327,0.24771377493815658,0.5436893203883495,,
41,prediction_magnitude,0.48557713369930616,0.8462097972866133,0.18017486084317627,0.2621359223300971,,
41,boundary_distance,0.4368084465965204,0.7832927484899276,0.18072003296181133,0.2654457193292145,,
41,jacobi1,0.28190976816751306,0.7100344707631004,0.1953790848812512,0.3786407766990291,0.927832358682993,0.531535721531689
41,jacobi5,0.3639440244796509,0.7785648777711015,0.19617321271947563,0.3592233009708738,0.8372832340706599,0.29524751423011725
41,jacobi10,0.38386698912810235,0.8123293591811349,0.2098494864536932,0.39805825242718446,0.7920425406837305,0.2080263237456877
41,jacobi20,0.4065752740326156,0.8203725372379115,0.2198018693174604,0.44660194174757284,0.7490125852731924,0.12606634891817067
41,jacobi40,0.45849354704599093,0.8578687159377207,0.2228962572419162,0.46601941747572817,0.7048297755934552,0.07180180747942919
41,jacobi80,0.5124447129139545,0.8859829438242518,0.23277375479199347,0.5339805825242718,0.6582061089396807,0.05981364015517694
41,cg5,0.28834860703812315,0.726574112140666,0.2116112000224228,0.42718446601941745,0.9462951142479534,0.2703977860868686
41,pcg5,0.35941979293326654,0.8035271918450818,0.20763501227929734,0.3786407766990291,0.7932675556388351,0.1551659887228534
41,poisson_pcg5,0.9263759521851083,0.9876558826939903,0.2892000439849634,0.7669902912621359,0.3676226368673459,0.12947388718428451
41,cg10,0.2797529459623775,0.7198169992515523,0.2078184943069084,0.4174757281553398,0.9053679566285472,0.17798983699831344
41,pcg10,0.4291527117159001,0.8367118897778902,0.22461834676561357,0.47572815533980584,0.7280185839574265,0.05085558182800186
41,poisson_pcg10,0.9998027009870537,1.0,0.302293459738702,1.0,0.01614624362354368,0.01241006488591173
41,cg20,0.2945124633431085,0.7509461012196537,0.20672488731293526,0.4077669902912621,0.8397137818486501,0.09808323153690496
41,pcg20,0.5181672224805092,0.8891243161190349,0.23524068170018947,0.5436893203883495,0.6486392169631234,0.03639361689174181
41,poisson_pcg20,0.999999798834132,1.0,0.302293459738702,1.0,0.00012330040781587175,4.3755441199799605e-05
41,cg40,0.38516683355983117,0.8793207045950476,0.22352399594544042,0.47572815533980584,0.717981008634922,0.04395373953505436
41,pcg40,0.8354200790358343,0.9780631015253576,0.28141225308281215,0.7475728155339806,0.34331493708543825,0.025747429355508313
41,poisson_pcg40,1.0,1.0,0.302293459738702,1.0,8.813779022025467e-13,2.9123599848183564e-13
41,cg80,0.8038232243759387,0.9947924902227423,0.29561728806233073,0.8640776699029126,0.31226350083704085,0.016503729499336928
41,pcg80,0.9999915957370716,0.9999894584822323,0.30229241032714294,0.9902912621359223,0.0012060682961004304,0.00017036319129410795
41,poisson_pcg80,1.0,1.0,0.302293459738702,1.0,2.0186763854717564e-13,1.609727243698054e-14
41,poisson,0.3560959292969029,0.8297123219801187,0.2266234909435959,0.44660194174757284,19.153619583297672,79.21233965753409
41,amg,0.9841651169444245,0.9964475085122756,0.29984928127878535,0.9223300970873787,0.17994470339095345,0.06622758767057108
41,oracle,1.0,1.0,0.302293459738702,1.0,1.9855303758827816e-13,1.6037156316164212e-14
42,ensemble,0.23283500822544878,0.6095210988478121,0.14485193150912345,0.22330097087378642,,
42,raw,0.16301667218010155,0.628991282164806,0.14295790364886016,0.21359223300970873,,
42,smoothed,0.20075293031614333,0.6218546746360541,0.15929317167687088,0.2621359223300971,,
42,prediction_magnitude,0.43735441179100204,0.7766568630551427,0.11663819171261232,0.1941747572815534,,
42,boundary_distance,0.4069600867754746,0.7181040026142964,0.11898970293814423,0.08428949691085613,,
42,jacobi1,0.28468575656247763,0.6492099132433088,0.16927180830090385,0.24271844660194175,0.9525041384015427,0.5633732383189871
42,jacobi5,0.35432332272369643,0.7062816904377892,0.19369230039727062,0.30097087378640774,0.9049775194357124,0.3104459744375126
42,jacobi10,0.4329045892640011,0.7585887016012566,0.19845346530015456,0.32038834951456313,0.8737371203448782,0.22541428146386058
42,jacobi20,0.5122755771225234,0.8197611292073833,0.208856525594547,0.3786407766990291,0.8331434662081418,0.18034938008393236
42,jacobi40,0.5651472422394679,0.8436060423979844,0.2274691648523146,0.4854368932038835,0.7829893529594034,0.16076005695388265
42,jacobi80,0.5968057765896573,0.8341397594425646,0.23829386714776993,0.5436893203883495,0.7226259827617285,0.1473254292293385
42,cg5,0.18613113332379658,0.6398174209122629,0.1476326035200511,0.24271844660194175,0.9631696715002429,0.29139030420361034
42,pcg5,0.4175400320077247,0.7479101441025479,0.2033247143127728,0.33980582524271846,0.8763359291647697,0.18943104979943057
42,poisson_pcg5,0.656840030666619,0.8290271233252163,0.20807533744853876,0.3106796116504854,0.6264354999566278,0.1965854082864343
42,cg10,0.258225404119877,0.6690912157532442,0.16975889084839835,0.2621359223300971,0.9326650643800097,0.21102411240633306
42,pcg10,0.5584966651169444,0.8435217102558427,0.21959753410468175,0.42718446601941745,0.804072441879303,0.1220769793658121
42,poisson_pcg10,0.9892106139582288,0.9986612272434985,0.3075742602748438,0.9223300970873787,0.10741020520463046,0.05129779429974591
42,cg20,0.3147689498247621,0.6810980044906866,0.19291013761602455,0.2815533980582524,0.8719964463274045,0.12855118252292494
42,pcg20,0.5878560747621773,0.8058779503072853,0.24683255644338678,0.5533980582524272,0.6486735442741081,0.09216091607633768
42,poisson_pcg20,0.9999906346112579,1.0,0.3093473714095477,1.0,0.0020972433702056066,0.0008631652372295915
42,cg40,0.4179419278842715,0.7486269673107534,0.2140046848981603,0.34951456310679613,0.7600047239585597,0.09049039035220416
42,pcg40,0.8816242467455833,0.9955303964664832,0.3048497465330117,0.883495145631068,0.25911502292482885,0.03300650170607649
42,poisson_pcg40,1.0,1.0,0.3093473714095477,1.0,9.869349205568297e-08,9.948844111098597e-08
42,cg80,0.7558559272405407,0.9512349388064893,0.278767766715664,0.6310679611650486,0.4315121612164881,0.05032474651520945
42,pcg80,0.9996355880301838,0.9999894584822323,0.30930876130382784,0.9902912621359223,0.011324866923533575,0.0025520780842063456
42,poisson_pcg80,1.0,1.0,0.3093473714095477,1.0,4.76306710199894e-14,1.0405288585537686e-14
42,poisson,0.25415153824833703,0.6924933851976007,0.1527782710087574,0.24271844660194175,17.739580438122957,82.17343007041795
42,amg,0.8426471640082968,0.8520919642010056,0.26873986122730625,0.6116504854368932,0.5048016193901239,0.09409517751143391
42,oracle,1.0,1.0,0.3093473714095477,1.0,5.252052262573495e-14,8.694361004553756e-15
43,ensemble,0.2200340752628567,0.6863476803390152,0.1589838795406882,0.21359223300970873,,
43,raw,0.309964304234318,0.6410296954555517,0.15250404458430766,0.14563106796116504,,
43,smoothed,0.31284932452971886,0.6858416874861643,0.1622678496654651,0.1650485436893204,,
43,prediction_magnitude,0.2009603658536585,0.6992821226400177,0.09494146697530342,0.10679611650485436,,
43,boundary_distance,0.36061984035656725,0.6983702813531092,0.13899525143662905,0.12312444836716681,,
43,jacobi1,0.3216649381303197,0.6991345413912695,0.18793933631317028,0.30097087378640774,0.8918237706053987,0.5822525932471181
43,jacobi5,0.42295530541449106,0.725140465724255,0.23077015229473977,0.4174757281553398,0.78101119570243,0.37999627701228156
43,jacobi10,0.48855501439453547,0.7663156341250014,0.25847939471994863,0.46601941747572817,0.7093448409863707,0.3123593231424548
43,jacobi20,0.565769582379658,0.8469687865658898,0.2862991727568661,0.5436893203883495,0.603595362667046,0.24050335609841295
43,jacobi40,0.6768209981403331,0.9380791246323645,0.3215111663203397,0.6699029126213593,0.4524724323821062,0.16222484830602446
43,jacobi80,0.8523242033831627,0.989679854105394,0.35063636122670044,0.8446601941747572,0.264206480792924,0.08799969377673413
43,cg5,0.3254360940741005,0.6667193742555053,0.1705614842175433,0.17475728155339806,0.9155882496152769,0.3893956104237403
43,pcg5,0.4818934066769186,0.7669586667088327,0.25875758024893697,0.4563106796116505,0.6978114162162369,0.30460652676414063
43,poisson_pcg5,0.646252749266862,0.9367614349113985,0.32777632782919996,0.7184466019417476,0.4752490912611049,0.19245879977358626
43,cg10,0.39246292960088686,0.7092122323772176,0.22519062338644408,0.27184466019417475,0.8036450417804942,0.258789803970353
43,pcg10,0.6450472292754452,0.9433920495872996,0.3162703161924116,0.6407766990291263,0.4402728704758108,0.15450217911502678
43,poisson_pcg10,0.981981584382376,0.9973857035936035,0.35495337079273226,0.8932038834951457,0.10219755520966728,0.03675424122533018
43,cg20,0.4983380905335812,0.7382330307917734,0.26556538299095256,0.3883495145631068,0.6695175088644544,0.14161735839919845
43,pcg20,0.942879857038123,0.9984398553703763,0.35685412264085664,0.9514563106796117,0.12252331641303309,0.03888778346675267
43,poisson_pcg20,0.9999920762999784,1.0,0.3583409765467927,1.0,0.0010207853872156803,0.0005305358726177112
43,cg40,0.6334964304234317,0.8104740520540147,0.29413551831888884,0.5145631067961165,0.5238878174486142,0.07217317479090435
43,pcg40,0.9960748180566483,0.9997470035735745,0.3580889299177087,0.970873786407767,0.03684566004433677,0.00654383824800946
43,poisson_pcg40,1.0,1.0,0.3583409765467927,1.0,7.655732230980986e-08,4.062855311062256e-08
43,cg80,0.8419361544238608,0.9752274332458387,0.34267480262242894,0.7669902912621359,0.27052427439892396,0.03017978033601704
43,pcg80,0.9999987035977396,1.0,0.3583409765467927,1.0,0.000292860285480562,4.038046532726963e-05
43,poisson_pcg80,1.0,1.0,0.3583409765467927,1.0,3.7782728108811395e-14,1.1622057712677587e-14
43,poisson,0.5111221143873829,0.7947250245090288,0.20876200133187423,0.20388349514563106,35.11041263786376,79.68609548153684
43,amg,0.9710029459623774,0.996120721461476,0.35632907335471414,0.941747572815534,0.15215726114835015,0.07949961348306896
43,oracle,1.0,1.0,0.3583409765467927,1.0,2.3932808385879785e-14,5.0134347063435104e-15
44,ensemble,0.3003358687683284,0.6807501344043515,0.1526625094450614,0.1941747572815534,,
44,raw,0.43797392443315925,0.7851006187870929,0.23862443076284112,0.47572815533980584,,
44,smoothed,0.6221013563049853,0.9096591927305694,0.2500105259581614,0.5436893203883495,,
44,prediction_magnitude,0.4911275458658178,0.7799563581164416,0.17132712509601142,0.27184466019417475,,
44,boundary_distance,0.46121910994829113,0.7520055237553103,0.16737297813281662,0.23896734333627537,,
44,jacobi1,0.3786234331414061,0.7025394516302457,0.19406344125745806,0.3300970873786408,0.9168007717448606,0.5408485592458773
44,jacobi5,0.37136032830269644,0.6882346120194386,0.19364838815903632,0.3300970873786408,0.8631198228810851,0.2873592641657194
44,jacobi10,0.347800083595594,0.7095390194280172,0.16715913878637337,0.2524271844660194,0.8515492950090396,0.21280851731620254
44,jacobi20,0.31720809714970316,0.7090857341640049,0.16986152491090561,0.27184466019417475,0.8552995344101388,0.16309539998298583
44,jacobi40,0.25319135120878333,0.7012006788737443,0.16616873236194313,0.2621359223300971,0.879853151226766,0.14213738711200363
44,jacobi80,0.18962701612903224,0.682710856709149,0.15495580619357352,0.24271844660194175,0.9110180448765048,0.13665965145985137
44,cg5,0.40891681120806805,0.7369364241063429,0.22487459308708102,0.4368932038834951,0.9443145669719595,0.278306948341049
44,pcg5,0.3478332424361633,0.7119214024435239,0.1782156376211316,0.2815533980582524,0.853314649613138,0.16578954882527588
44,poisson_pcg5,0.6198472145232815,0.8917913201142701,0.25118986832543333,0.5631067961165048,0.7267033280159313,0.1719520139865429
44,cg10,0.40613274265074023,0.7598220591800807,0.22267098996445098,0.44660194174757284,0.9003523866795525,0.18104186058391153
44,pcg10,0.28487814936342176,0.7093914381792691,0.1684562562205964,0.27184466019417475,0.8750481931291779,0.05854449529454492
44,poisson_pcg10,0.9984666131714469,0.9996837544669681,0.31729602584931077,0.970873786407767,0.02981130589481273,0.018301451957993153
44,cg20,0.38473341052142196,0.7652509408304607,0.21124888589873952,0.42718446601941745,0.8257095356976324,0.09469591065251237
44,pcg20,0.1548488014984622,0.6533843542793292,0.13959013758037175,0.1941747572815534,0.9455194750496482,0.05059320361980478
44,poisson_pcg20,0.9999992512159357,1.0,0.31754676914298813,1.0,0.0002254228002760894,7.78701789687326e-05
44,cg40,0.4458080274122022,0.8661121828320841,0.23326723383483028,0.5242718446601942,0.7300820958686236,0.052122597770742726
44,pcg40,0.7359180204384521,0.9897747277653036,0.30530488901043396,0.8252427184466019,0.398220200776348,0.026645640271742044
44,poisson_pcg40,1.0,1.0,0.31754676914298813,1.0,8.838280810048367e-10,4.4227027110716556e-10
44,cg80,0.593876913310922,0.9778101050989322,0.28502098105582196,0.7378640776699029,0.4937173875431607,0.02343941638220071
44,pcg80,0.9996124651312494,1.0,0.31754676914298813,1.0,0.010295920067211903,0.0014890870922341858
44,poisson_pcg80,1.0,1.0,0.31754676914298813,1.0,5.710774468415064e-13,4.439760273229459e-14
44,poisson,0.5125422224805093,0.8403908794788274,0.2202921207831263,0.4174757281553398,23.784940426477824,77.66550903016633
44,amg,0.9644357409162434,0.9927896018468739,0.3121188195452508,0.8543689320388349,0.20269754994723138,0.0426720718238256
44,oracle,1.0,1.0,0.31754676914298813,1.0,6.003614638895152e-13,4.54643562857295e-14
45,ensemble,0.18690084981403332,0.6257866607634167,0.1335516459205851,0.18446601941747573,,
45,raw,0.17621360015378013,0.6598463046709465,0.1514046235348313,0.2912621359223301,,
45,smoothed,0.14686484112366782,0.625038213001908,0.14325705713247414,0.27184466019417475,,
45,prediction_magnitude,0.20574725296831414,0.6060845640555327,0.13006863751081907,0.1553398058252427,,
45,boundary_distance,0.19765015097375102,0.6118455035155962,0.1266183127200166,0.14055604589585174,,
45,jacobi1,0.1708428961626493,0.6502113574312429,0.1483472566103799,0.2815533980582524,0.8966947269018244,0.6044088693860152
45,jacobi5,0.34831333595594016,0.7877043736757219,0.1852007716708267,0.4077669902912621,0.7595749212965857,0.2879125919748882
45,jacobi10,0.44622664240755305,0.8343716728334546,0.19451675966777685,0.44660194174757284,0.6759744606961178,0.1987263711750062
45,jacobi20,0.5712209315320792,0.8895354353119762,0.20731238133589702,0.5339805825242718,0.5767220553640992,0.11630423332649636
45,jacobi40,0.7115823036621128,0.9355175358148066,0.21804172579927936,0.6213592233009708,0.46186290298884186,0.07193188538205685
45,jacobi80,0.8340984416350761,0.964981077975607,0.223584341171935,0.6893203883495146,0.3338547163464245,0.058878165805484224
45,cg5,0.1903537390029325,0.6683322264739677,0.15339381263041124,0.30097087378640774,0.9534987759036714,0.37259495933917824
45,pcg5,0.43103810528574493,0.8214161474969166,0.18976562901214478,0.4174757281553398,0.6645194947375843,0.1828799673385163
45,poisson_pcg5,0.8997748730419854,0.9512665633597925,0.21307662870679475,0.6504854368932039,0.446147017832586,0.18478465819676151
45,cg10,0.20297334328731848,0.6805603870845325,0.15764544641608524,0.3300970873786408,0.9012168195135355,0.2790757637313072
45,pcg10,0.6235882514662756,0.907656304354701,0.2106999405622886,0.5436893203883495,0.5165810497944013,0.05959451135110862
45,poisson_pcg10,0.9998286178563764,0.9999789169644645,0.23402269083261293,0.9902912621359223,0.014084610901261669,0.011074205083769922
45,cg20,0.3091419716937272,0.7438832843152757,0.18094766289908626,0.39805825242718446,0.7651352129738346,0.1276664493403777
45,pcg20,0.8831609528109576,0.9750903935148583,0.22858452821771816,0.7961165048543689,0.25042974637115795,0.03316238121124032
45,poisson_pcg20,0.9999999888241183,1.0,0.2340502977435493,1.0,1.4201172762342799e-05,1.7666221730773367e-05
45,cg40,0.6345909068557327,0.9029547874302942,0.20592643381770973,0.5242718446601942,0.5102094963724922,0.05201457993223211
45,pcg40,0.9276040474572634,0.9849361711099164,0.23090307021647355,0.8640776699029126,0.20242467632345337,0.016755125210731962
45,poisson_pcg40,1.0,1.0,0.2340502977435493,1.0,3.2422490485435967e-13,2.0344956095762833e-13
45,cg80,0.9081371258314855,0.978400430093925,0.22630337692243038,0.7378640776699029,0.22614141490998707,0.016891360051862783
45,pcg80,0.9999536424433159,1.0,0.2340502977435493,1.0,0.004914411972412289,0.0006498912961080253
45,poisson_pcg80,1.0,1.0,0.2340502977435493,1.0,1.2481441817990474e-13,1.4667622904875016e-14
45,poisson,0.2062480442207281,0.6850616151713523,0.13970952881961496,0.2621359223300971,15.7080054471127,66.40831413494956
45,amg,0.9746047761247406,0.9908605040953796,0.23145007883546612,0.8640776699029126,0.15157435358852578,0.05170175088004183
45,oracle,1.0,1.0,0.2340502977435493,1.0,1.1952337059862922e-13,1.428260398188176e-14
46,ensemble,0.47938682408268357,0.770943360425034,0.18060603739254263,0.3592233009708738,,
46,raw,0.39895176936556753,0.7558162824283441,0.1810868497934028,0.3106796116504854,,
46,smoothed,0.6012334820470638,0.8288900835942359,0.1748914027530054,0.32038834951456313,,
46,prediction_magnitude,0.5815073470245332,0.7592106511495526,0.13698120891320073,0.0970873786407767,,
46,boundary_distance,0.6182465752487822,0.8515174514826644,0.17733877059337658,0.33230361871138575,,
46,jacobi1,0.29933248694657033,0.6448562664052371,0.15547799767630083,0.21359223300970873,0.9481214619894703,0.49749952039498496
46,jacobi5,0.34199953284815104,0.6863265973034798,0.17177969778955873,0.3106796116504854,0.8929857704164875,0.23748515143236398
46,jacobi10,0.3379913476325012,0.6913338182431507,0.1796353963174328,0.33980582524271846,0.8626766304593223,0.18038205280607442
46,jacobi20,0.346697571704456,0.6880026986285486,0.1806646616833442,0.3592233009708738,0.8332355596742278,0.15047986929334214
46,jacobi40,0.3554138205421643,0.6756691228403066,0.1741955104838831,0.32038834951456313,0.8093041608800496,0.14063360390582494
46,jacobi80,0.3647846072348186,0.6770711447034145,0.17354161577379204,0.2912621359223301,0.7869325866239405,0.13758171080691486
46,cg5,0.40034520062942563,0.7584094957992051,0.1842098645701688,0.2621359223300971,0.9659708062709668,0.21699660300125256
46,pcg5,0.3373368991846077,0.6886246481768445,0.17365898404505536,0.32038834951456313,0.8695433408572987,0.1280560647979541
46,poisson_pcg5,0.8980070385702024,0.9553461307359034,0.25949345822393893,0.6019417475728155,0.4469153222641771,0.1054029270941161
46,cg10,0.37192711313568416,0.7211768550435892,0.18200629038137947,0.2524271844660194,0.9424374813007443,0.15692124261336757
46,pcg10,0.3519218381195908,0.6841655861610955,0.17251356845855711,0.3106796116504854,0.8194310692502311,0.07682777430740637
46,poisson_pcg10,0.9993778386739145,0.9999051263400904,0.28194428571124086,0.9805825242718447,0.021477262774945067,0.013492067730587561
46,cg20,0.33955161245619053,0.6778301339826909,0.18319371915022287,0.2912621359223301,0.8953530763775915,0.10039994671911348
46,pcg20,0.3565595607431514,0.6683743925450386,0.18528390321101262,0.27184466019417475,0.7674090551387398,0.06920725904527807
46,poisson_pcg20,0.9999992512159357,1.0,0.2820873042507649,1.0,0.000225536673955031,0.00011111005284181674
46,cg40,0.4034506428367069,0.7488588807016434,0.2033974760499664,0.39805825242718446,0.7842281223645783,0.07104063852271557
46,pcg40,0.7936521998605249,0.9183559448889451,0.24051663535016152,0.5048543689320388,0.43569289015756335,0.03201957288777885
46,poisson_pcg40,1.0,1.0,0.2820873042507649,1.0,2.4724356095852e-08,1.1359811761850677e-08
46,cg80,0.7191663239396323,0.9387643232872669,0.2505704948061965,0.5242718446601942,0.4819146041732203,0.03765835662721303
46,pcg80,0.9607379769866247,0.99053371704458,0.277391874582797,0.8155339805825242,0.1567715356085609,0.009246349786278566
46,poisson_pcg80,1.0,1.0,0.2820873042507649,1.0,6.0686164527121e-13,5.2308806350329626e-14
46,poisson,0.5486358830734568,0.7543299284230943,0.17502103403306668,0.23300970873786409,25.9294523407694,86.05016596890904
46,amg,0.6174418965918032,0.8839378893773125,0.22959901024134913,0.44660194174757284,0.6062068503701306,0.06465650697391397
46,oracle,1.0,1.0,0.2820873042507649,1.0,6.51634750709789e-13,5.516288331156646e-14
47,ensemble,0.32115788838423576,0.7370418392840201,0.14449742725775347,0.2524271844660194,,
47,raw,0.30418844100922676,0.696709992304692,0.13118354938727375,0.18446601941747573,,
47,smoothed,0.381502273174308,0.7817589576547231,0.13325152440607507,0.18446601941747573,,
47,prediction_magnitude,0.41411666949789,0.7425655945943097,0.09428173243616994,0.05825242718446602,,
47,boundary_distance,0.4672170735160643,0.8537944193204937,0.18770001836424632,0.37886142983230364,,
47,jacobi1,0.2913314386488806,0.6699029126213593,0.18051751299050348,0.34951456310679613,0.9145864256153942,0.5436154532473297
47,jacobi5,0.39356990066876474,0.7228951224397289,0.20524355498898564,0.4174757281553398,0.8075341793728064,0.30951857872988825
47,jacobi10,0.46888287005579,0.7806626398068794,0.22273628521424227,0.44660194174757284,0.7380944660563631,0.2209030673286154
47,jacobi20,0.5684135053823045,0.8231554979285918,0.22981221027524934,0.47572815533980584,0.6608102520133131,0.1451015335072191
47,jacobi40,0.661133547314212,0.858206044506288,0.23951846926134204,0.5242718446601942,0.5941839262391856,0.09429180471649054
47,jacobi80,0.6780932604963879,0.8818295858237669,0.23673038287563675,0.4854368932038835,0.5571597323455936,0.06888772829022718
47,cg5,0.3126655036299263,0.6959510030254156,0.12856056052479223,0.1941747572815534,0.9571307127325781,0.2800015245182479
47,pcg5,0.44673432917888556,0.7707009055163763,0.219200128658804,0.4174757281553398,0.7205830229022122,0.18256634820716466
47,poisson_pcg5,0.50837822312424,0.8308824304523366,0.186072002153603,0.4174757281553398,0.8662312382964013,0.16860073380639326
47,cg10,0.353911480312567,0.7122798140476265,0.15490745864677405,0.2912621359223301,0.92342876273412,0.19121863705847142
47,pcg10,0.6523177101959802,0.8528298704447467,0.23665503598104998,0.5339805825242718,0.5879371355787356,0.08576554664554976
47,poisson_pcg10,0.9768742176882912,0.9976281585022612,0.284876693229663,0.9223300970873787,0.16401607432689677,0.03863404742726887
47,cg20,0.3684369412059223,0.7440414070817917,0.18460700556640292,0.36893203883495146,0.8679639848824972,0.10734114690689503
47,pcg20,0.6548555182032758,0.8790887912041576,0.2303138781151851,0.4368932038834951,0.5555266135547036,0.037475832815117044
47,poisson_pcg20,0.9999905787318503,1.0,0.28651608276720486,1.0,0.001774451298488385,0.0006064463793019915
47,cg40,0.4072961519204635,0.8238090720301909,0.1951014782518005,0.3883495145631068,0.7839038588184759,0.07091316739842979
47,pcg40,0.6930552401473428,0.9485363102579509,0.2609505332067001,0.6601941747572816,0.4747512660781517,0.02998696468599828
47,poisson_pcg40,1.0,1.0,0.28651608276720486,1.0,3.198529254594562e-08,1.2968523745268143e-08
47,cg80,0.5579179667942207,0.9368773916068436,0.2503873914141052,0.6504854368932039,0.6026204776443156,0.04469605871138819
47,pcg80,0.9885263259065874,0.9989036821521563,0.28552793651380565,0.9320388349514563,0.07675902656434248,0.0062024526392538415
47,poisson_pcg80,1.0,1.0,0.28651608276720486,1.0,1.6141194513403043e-12,9.850208416446133e-14
47,poisson,0.3022401272262356,0.7116578644993307,0.12193416376504537,0.1262135922330097,23.805520208503065,81.05196760125963
47,amg,0.8105928693405335,0.9527107512939713,0.26283260333653236,0.6601941747572816,0.4119268059046021,0.06330269464873085
47,oracle,1.0,1.0,0.28651608276720486,1.0,1.6333215461129386e-12,9.949943224923862e-14
48,ensemble,0.4929076626314284,0.8159240167399302,0.23778003245527363,0.3883495145631068,,
48,raw,0.11989822124669192,0.6227401621285432,0.12145642925112383,0.17475728155339806,,
48,smoothed,0.1439893985587583,0.722389129586878,0.1588213048421599,0.27184466019417475,,
48,prediction_magnitude,0.6791494260067233,0.8631500163393525,0.1882544371968239,0.2524271844660194,,
48,boundary_distance,0.47985036955043087,0.8192182410423453,0.15172353525184415,0.18468667255075022,,
48,jacobi1,0.25763109309062293,0.6553239935485912,0.175723363392984,0.23300970873786409,0.9704486814369674,0.6603506316615573
48,jacobi5,0.30294354838709675,0.6609742470720934,0.21564916181749805,0.30097087378640774,0.9186446766544968,0.4922047157986343
48,jacobi10,0.375120453651384,0.6809925893130093,0.23320973121246005,0.3300970873786408,0.8746664849516139,0.43085806279608413
48,jacobi20,0.47081934858021596,0.744842562432139,0.2547693352228166,0.36893203883495146,0.8075912175104747,0.37084455817015666
48,jacobi40,0.5665971564086976,0.8173260386030381,0.30021801672933474,0.5048543689320388,0.7058299339993012,0.30279898136325917
48,jacobi80,0.7332096461268864,0.9266942854432181,0.3341931267993273,0.6407766990291263,0.5606264569665346,0.22148632252241982
48,cg5,0.17647398701809597,0.6390373485974511,0.16428378559087178,0.23300970873786409,0.9585567869582068,0.45957374556027025
48,pcg5,0.36562996209140974,0.6808239250287257,0.23300644098438303,0.3300970873786408,0.85718391551658,0.41493498218500663
48,poisson_pcg5,0.7201304225377296,0.9973119129692293,0.3741399271668065,0.9223300970873787,0.3085222686497606,0.14328575353195996
48,cg10,0.2407762096774193,0.6414197316129576,0.19450360592425656,0.2524271844660194,0.892850721155887,0.34749049570309326
48,pcg10,0.562869496995923,0.8134256770289786,0.3016440607238836,0.5048543689320388,0.6536251160978609,0.2905840440586602
48,poisson_pcg10,0.8851656489163863,0.9996626714314327,0.37803331701291365,0.970873786407767,0.1725895792468919,0.062270163420492707
48,cg20,0.3424152421142979,0.7336474705628117,0.2424586234564795,0.4077669902912621,0.7881543712757672,0.21116418169658752
48,pcg20,0.881075075101924,0.9873607201964939,0.3553611913792671,0.7961165048543689,0.3374668192016067,0.13215696951328804
48,poisson_pcg20,0.9999530054180673,0.9999894584822323,0.37842719098752664,0.9902912621359223,0.002916059157001663,0.0022491304548359833
48,cg40,0.36644133109219656,0.8250002635379442,0.2921958525078082,0.5631067961165048,0.6461492104979938,0.11677173688406475
48,pcg40,0.9194640941277447,0.9997364620558068,0.37826256683462445,0.970873786407767,0.17002821086539935,0.038137181451489865
48,poisson_pcg40,1.0,1.0,0.3784285264912853,1.0,4.813384379831363e-07,4.255475966184765e-07
48,cg80,0.6297020845254273,0.994687075045065,0.37224441114073964,0.8932038834951457,0.40612208642886705,0.06268258994799944
48,pcg80,0.999883647897146,0.9999472924111613,0.37838004879784654,0.9805825242718447,0.006126972148262677,0.00136477051399092
48,poisson_pcg80,1.0,1.0,0.3784285264912853,1.0,1.629923457720387e-14,1.0227480608843398e-14
48,poisson,0.3037785320256062,0.7795030728524293,0.17070562953197263,0.20388349514563106,27.194910498000194,80.52172350794102
48,amg,0.9841306952292396,0.9963104687812951,0.3750280746716589,0.9029126213592233,0.23152632099939655,0.12898021731880593
48,oracle,1.0,1.0,0.3784285264912853,1.0,7.523249730079455e-15,3.4894361715265074e-15
49,ensemble,0.4207964156712681,0.664948399270527,0.17674718063363862,0.1650485436893204,,
49,raw,0.14637354937057434,0.6728018300074845,0.13841463785538205,0.23300970873786409,,
49,smoothed,0.18916121656176235,0.8094093587594742,0.18581811464070075,0.34951456310679613,,
49,prediction_magnitude,0.7548240245690578,0.7876938321579541,0.18528347152704217,0.1262135922330097,,
49,boundary_distance,0.5198802061071287,0.8860092976186711,0.2251605712880655,0.42541924095322153,,
49,jacobi1,0.3520935443637794,0.697795768634768,0.20807336792281425,0.32038834951456313,0.9777885023304435,0.6479894518986947
49,jacobi5,0.39126460687719045,0.7262367835720988,0.2290578874639471,0.3786407766990291,0.931398118915137,0.4736431930944874
49,jacobi10,0.449373770653029,0.7539820583367594,0.24707535627360958,0.4368932038834951,0.891331535694381,0.4127887443055577
49,jacobi20,0.5586703159645232,0.8563507373791679,0.27664484453479593,0.5436893203883495,0.8289134563224848,0.35479004051621504
49,jacobi40,0.6770770040590801,0.9435080062827446,0.3118795157758509,0.6601941747572816,0.7345835519550754,0.2952389872929119
49,jacobi80,0.7691479731421215,0.9753117653879806,0.33517700104842557,0.7572815533980582,0.6056976420371923,0.23020010903674631
49,cg5,0.18978418255131962,0.7016645056555243,0.13566850883085801,0.21359223300970873,0.9789950847530848,0.4302452379989433
49,pcg5,0.43027754184250055,0.7457491329601637,0.2548692154045515,0.47572815533980584,0.8755731919092251,0.37958223668971186
49,poisson_pcg5,0.8892945560045775,0.9963210102990628,0.34999137004256503,0.9029126213592233,0.2739057659009499,0.15061381782202066
49,cg10,0.23242385871897572,0.7378746191876706,0.17087670892967927,0.3592233009708738,0.9391384676224513,0.33268105689576766
49,pcg10,0.6854198331664401,0.9605852650664642,0.3202747628703214,0.6893203883495146,0.6689867288893091,0.27315920122907184
49,poisson_pcg10,0.9951050756383664,0.9997470035735745,0.3527828310000052,0.9805825242718447,0.036425725945755986,0.03489932912422443
49,cg20,0.2454537407910736,0.7521583757629423,0.19519380754281007,0.44660194174757284,0.870870887396058,0.22711665501276365
49,pcg20,0.8008916565338674,0.9827329938964612,0.3390347356941477,0.7475728155339806,0.39177544545533866,0.15046728438124016
49,poisson_pcg20,0.9999982900901222,1.0,0.35298946446084095,1.0,0.00036775855145498263,0.0004488683624528924
49,cg40,0.3441877034010442,0.86037759716644,0.2906899481425783,0.6310679611650486,0.7383012374902868,0.14720408671947957
49,pcg40,0.8971774305307203,0.9978389888576157,0.35130887221144436,0.9223300970873787,0.20247600753344938,0.06970595974972908
49,poisson_pcg40,1.0,1.0,0.35298946446084095,1.0,3.507162827116254e-08,4.639718083981722e-08
49,cg80,0.7364448067913596,0.9911872911461792,0.3446590607618795,0.8252427184466019,0.47983103026633717,0.08272605648363215
49,pcg80,0.9999970495672699,1.0,0.35298946446084095,1.0,0.000678576030196851,0.00022020918679192038
49,poisson_pcg80,1.0,1.0,0.35298946446084095,1.0,1.702207240465857e-14,5.622645119791171e-15
49,poisson,0.45197800810027894,0.839473767433035,0.19352976061632188,0.3592233009708738,17.036025234876167,82.0189555801508
49,amg,0.9829730638902795,0.9962999272635275,0.35034513927792804,0.8932038834951457,0.1553805497084059,0.09646586664742318
49,oracle,1.0,1.0,0.35298946446084095,1.0,1.8329814731554835e-14,4.728625969922324e-15
50,ensemble,0.16484385058293397,0.6040395096085934,0.1262625670599758,0.18446601941747573,,
50,raw,0.35655454277233384,0.7508196030064409,0.20808468591766918,0.39805825242718446,,
50,smoothed,0.5523476392067806,0.8857615719511295,0.21981966884638804,0.42718446601941745,,
50,prediction_magnitude,0.6188004702810957,0.7907824968638985,0.17017334299926484,0.14563106796116504,,
50,boundary_distance,0.47620010643576843,0.6671673887606338,0.14577517800105547,0.08031774051191527,,
50,jacobi1,0.3416610153958944,0.7031297766252385,0.185717049696114,0.30097087378640774,0.9720417475314784,0.42380447072439775
50,jacobi5,0.35073366309634496,0.6493574944920569,0.1868893962140813,0.30097087378640774,0.9551491488297807,0.17610466344552522
50,jacobi10,0.3729698675881553,0.6514552565278349,0.1885217415875371,0.2912621359223301,0.9465624639309431,0.136243388344773
50,jacobi20,0.37418911156212,0.6465429092480736,0.18562258995106387,0.2621359223300971,0.9359202664895797,0.12501888694312427
50,jacobi40,0.3603670271260997,0.6378461570896978,0.1840402226140442,0.2524271844660194,0.9247409382180153,0.1204806197862934
50,jacobi80,0.34792397941849645,0.6374350378967564,0.1781556924350657,0.23300970873786409,0.9109241693996373,0.11614384242398376
50,cg5,0.34641566009226804,0.7301582281816936,0.21047520553271015,0.4077669902912621,0.9855136464485886,0.2691594345992421
50,pcg5,0.367024890923396,0.655756195777068,0.18684909443107534,0.2815533980582524,0.9515930115764255,0.12403573642957469
50,poisson_pcg5,0.9922522977612472,0.9957412268218379,0.31080204883738793,0.8932038834951457,0.16411583619573963,0.08390207493866116
50,cg10,0.3251994894857306,0.713312882788864,0.20351649446602532,0.3883495145631068,0.9575823830203204,0.19659632849334083
50,pcg10,0.3672156185179886,0.6413986485774221,0.1921804803777443,0.2815533980582524,0.930206798270601,0.10799225157768023
50,poisson_pcg10,0.9997351204312996,0.9999894584822323,0.31349835450553093,0.9902912621359223,0.01785683488346001,0.01374228843315596
50,cg20,0.3474359621986982,0.7096128100523913,0.20102986151037416,0.3592233009708738,0.932750356206147,0.13225264019236765
50,pcg20,0.352655199467134,0.6351686115766948,0.15554066508149011,0.23300970873786409,0.9013526661156029,0.09746733768124069
50,poisson_pcg20,0.9999996758994348,1.0,0.3135076075231105,1.0,0.00016245838631663413,0.00010766432227914398
50,cg40,0.4304548136757027,0.791963146853884,0.23435560785766543,0.46601941747572817,0.8465979402703436,0.09431407530183755
50,pcg40,0.7017125362098561,0.9666571793006757,0.30315605180412913,0.8155339805825242,0.4952850441522471,0.04930545944964182
50,poisson_pcg40,1.0,1.0,0.3135076075231105,1.0,1.6353418459264463e-10,1.0145220550579333e-10
50,cg80,0.6089936453937486,0.9867703952015011,0.30547952139167694,0.8349514563106796,0.5127548000685229,0.04619887614386755
50,pcg80,0.9978158304127029,1.0,0.3135076075231105,1.0,0.021938199139736804,0.0037416795849034715
50,poisson_pcg80,1.0,1.0,0.3135076075231105,1.0,5.537120547042006e-13,5.809295693378457e-14
50,poisson,0.6331920441134395,0.8364905179047679,0.2088397384227352,0.4368932038834951,10.885769883729372,74.3650674401686
50,amg,0.9870538923360275,0.9982501080505571,0.31071667850048673,0.9223300970873787,0.16312077454447835,0.03552709306729266
50,oracle,1.0,1.0,0.3135076075231105,1.0,5.954769418556687e-13,6.19678107730118e-14
51,ensemble,0.31764120726342887,0.6936318691165154,0.1441424237958273,0.22330097087378642,,
51,raw,0.11677090783921035,0.5921908436376669,0.10124338368688174,0.0970873786407767,,
51,smoothed,0.11602116264930977,0.5503515596175538,0.10295914429537537,0.11650485436893204,,
51,prediction_magnitude,0.5293703396573921,0.7849741205738803,0.18084564459827757,0.2524271844660194,,
51,boundary_distance,0.4619518912030394,0.7719079093007811,0.1530344842441485,0.2319064430714916,,
51,jacobi1,0.2650286437844217,0.7102558426362228,0.16099475889882547,0.3592233009708738,0.9561863179591923,0.5958908002332471
51,jacobi5,0.3146539611794578,0.7660415546630404,0.1701592368458374,0.33980582524271846,0.8913360258818895,0.41374179990340787
51,jacobi10,0.38383878120306125,0.8225335483802958,0.18781905449676634,0.4174757281553398,0.8337793074191653,0.352881213681989
51,jacobi20,0.5037242619447823,0.8958498044548454,0.20699023083422793,0.49514563106796117,0.743299033930298,0.2958067498806259
51,jacobi40,0.6654189949753236,0.9462593424201217,0.23218471656342987,0.6213592233009708,0.6074374690448798,0.23705674162664525
51,jacobi80,0.8494916873793004,0.9767137872510884,0.24182910835648253,0.7475728155339806,0.4233094907971717,0.17230978755968318
51,cg5,0.1424892264501824,0.6211167683923131,0.09952672093612977,0.11650485436893204,0.9726095608552419,0.41230675630491354
51,pcg5,0.35792438175023245,0.803094989616605,0.18479426877400829,0.3883495145631068,0.8233324320024786,0.33848920419684425
51,poisson_pcg5,0.44158304127029535,0.7240652309119467,0.16577111429673805,0.22330097087378642,0.7340938918577611,0.20171989786976824
51,cg10,0.20277108218296258,0.6683533095095032,0.13360205711515338,0.22330097087378642,0.9222843440539192,0.3084003639313353
51,pcg10,0.6595557363564837,0.9300886541644265,0.23457195459579672,0.6407766990291263,0.5460852417584374,0.2264710628096538
51,poisson_pcg10,0.994009604552607,0.9932955946997248,0.24634384160006403,0.8446601941747572,0.07384258057595276,0.036881024455690914
51,cg20,0.33381866461626486,0.6886562727301477,0.1738864378323865,0.2912621359223301,0.8471762887785068,0.1822846108926182
51,pcg20,0.9646276866819252,0.9887627420596018,0.2447770545657724,0.8155339805825242,0.13640215089183158,0.08372896093564305
51,poisson_pcg20,0.9999986253665688,1.0,0.24926358083454306,1.0,0.0004300945493947754,0.0003764671081379753
51,cg40,0.4199520442922537,0.6868642147096339,0.17992745584338232,0.2524271844660194,0.7736830393428513,0.11431944142422192
51,pcg40,0.9953442283277304,0.9992304692029559,0.24918079366779816,0.970873786407767,0.0488698363891751,0.0166856179983796
51,poisson_pcg40,1.0,1.0,0.24926358083454306,1.0,6.437567594031473e-08,4.72881218860918e-08
51,cg80,0.6335124231099348,0.8334967268587331,0.2088672453793233,0.3786407766990291,0.5964680612421873,0.06847402944832622
51,pcg80,0.9999986924218581,1.0,0.24926358083454306,1.0,0.00037816133638018517,7.971358154250061e-05
51,poisson_pcg80,1.0,1.0,0.24926358083454306,1.0,2.7438149769196584e-14,8.450110122747297e-15
51,poisson,0.0670688680173092,0.5539989247651876,0.12707518968403558,0.18446601941747573,16.36354841012676,82.73188279271167
51,amg,0.98150322312424,0.9916511179279592,0.2465238883062022,0.8543689320388349,0.19042109200447677,0.08268827920080103
51,oracle,1.0,1.0,0.24926358083454306,1.0,2.6973255538367833e-14,4.6808311393749324e-15
52,ensemble,0.25907402233388166,0.6854411098109906,0.14142302084992472,0.22330097087378642,,
52,raw,0.23183998596309274,0.6625870992905558,0.18082128366549163,0.30097087378640774,,
52,smoothed,0.2938593448251198,0.7687612662471143,0.1930673652890643,0.34951456310679613,,
52,prediction_magnitude,0.2657341436592518,0.6956980065989902,0.08313563328317564,0.038834951456310676,,
52,boundary_distance,0.30075311977174013,0.7040205348766115,0.12922844794332547,0.14320388349514565,,
52,jacobi1,0.2449417624812245,0.64164110348608,0.17138828481326857,0.24271844660194175,0.8924755381098953,0.5293777950238472
52,jacobi5,0.3992145813961805,0.7541085565499721,0.21238429622101399,0.3883495145631068,0.7669735336620905,0.3239800243241189
52,jacobi10,0.5067374919533653,0.824968638984641,0.23766390050337843,0.4563106796116505,0.6823831281359723,0.2452709885392215
52,jacobi20,0.5939817989593019,0.8917596955609669,0.27814775146689075,0.5825242718446602,0.5810272246242626,0.16791830649173722
52,jacobi40,0.6535359706923681,0.9386378250740541,0.27922351923471483,0.5922330097087378,0.49483809550046154,0.12034830330119432
52,jacobi80,0.7007350600815392,0.9568535677766885,0.28099499392844335,0.5922330097087378,0.4464168087573166,0.10998948459278757
52,cg5,0.23411965345826474,0.6778933830892973,0.1888140150790455,0.3300970873786408,0.9152057863155257,0.3072867966479566
52,pcg5,0.4882495104963879,0.8096623551858997,0.2452080780123643,0.4854368932038835,0.6623828226521159,0.20476302016373563
52,poisson_pcg5,0.713634776661183,0.9672158797423653,0.2977428008817439,0.6796116504854369,0.42859103792941633,0.14056899830894565
52,cg10,0.2531046822473357,0.7078629181029484,0.20301737459580232,0.36893203883495146,0.8439546957822641,0.1849624227450707
52,pcg10,0.6410050023245832,0.9275692314179396,0.27978751036769306,0.6019417475728155,0.5149674811517292,0.03762741048898296
52,poisson_pcg10,0.9956535990808955,0.9998207941979487,0.32653318749653076,0.970873786407767,0.04248864771598114,0.01866861527494422
52,cg20,0.32371410306845,0.7635010488810179,0.23568363658550434,0.4563106796116505,0.724463576423826,0.09927835115821818
52,pcg20,0.7108107543273013,0.9599738570359361,0.2863515449847994,0.6213592233009708,0.43848890041727984,0.022464304789817056
52,poisson_pcg20,0.9999990165224232,1.0,0.32676990133767825,1.0,0.00021343491327221561,6.635249136515542e-05
52,cg40,0.5303282356412272,0.8609046730548264,0.2798969643813559,0.6019417475728155,0.5845464324058245,0.05067006193951794
52,pcg40,0.9320638500464915,0.9972170393093197,0.32239792133030537,0.8932038834951457,0.16610116235367986,0.011773501141725741
52,poisson_pcg40,1.0,1.0,0.32676990133767825,1.0,1.777689603603325e-09,6.939350252508314e-10
52,cg80,0.7767466226485944,0.9654132802040838,0.30744716261046995,0.7281553398058253,0.3811473376147117,0.02152613005775422
52,pcg80,0.9939984845504612,0.9998102526801809,0.32662421670488295,0.9805825242718447,0.04487257141200456,0.002932089377315839
52,poisson_pcg80,1.0,1.0,0.32676990133767825,1.0,2.060933635399135e-13,1.3767846041038115e-14
52,poisson,0.4249999441205922,0.8619799078671347,0.26700357042679906,0.5728155339805825,27.914669890410817,82.3001392829525
52,amg,0.9621835884414561,0.9983449817104667,0.3254828537678018,0.9514563106796117,0.13573686889037578,0.05913388541801975
52,oracle,1.0,1.0,0.32676990133767825,1.0,2.0471706163243923e-13,1.2780120689576655e-14
53,ensemble,0.5448171625777841,0.7374529584769615,0.19716489168896353,0.33980582524271846,,
53,raw,0.47842215551462697,0.7369785901774137,0.17671550337627495,0.24271844660194175,,
53,smoothed,0.7094863788355624,0.8270453179848835,0.19428095005365467,0.2621359223300971,,
53,prediction_magnitude,0.6865009320685215,0.7260997438411182,0.1466935044956824,0.1262135922330097,,
53,boundary_distance,0.9229676103719014,0.9477404256664874,0.2448394496048886,0.5964254192409532,,
53,jacobi1,0.45612234908089544,0.7071988024835816,0.1859835986727226,0.32038834951456313,0.9820901528300583,0.5783997022080808
53,jacobi5,0.41400574887347114,0.7740531081665138,0.2007822894744709,0.39805825242718446,0.9504336254287346,0.3815378613732642
53,jacobi10,0.4538063152671482,0.8475169454898116,0.22076094999427812,0.5339805825242718,0.9236812741155563,0.3405834806910691
53,jacobi20,0.5304367981546384,0.9137493016244479,0.23888969054066395,0.6407766990291263,0.8856125412455446,0.31544798756577813
53,jacobi40,0.6221136609505759,0.9457638910850384,0.25005706383370463,0.6699029126213593,0.8350983580037009,0.29522542757107934
53,jacobi80,0.6773965336885773,0.9563791994771407,0.24817581851599146,0.6310679611650486,0.7686694903343962,0.27326103408813157
53,cg5,0.46831220719190325,0.7353341134056481,0.18088822788838804,0.2815533980582524,0.9909126612219706,0.40547287453746556
53,pcg5,0.4360560872791646,0.8435006272203072,0.21825745977386823,0.5339805825242718,0.9233409905646571,0.3352557333890924
53,poisson_pcg5,0.9710544332486944,0.9823851238101262,0.26141635491677134,0.7669902912621359,0.18087583917096767,0.19194557346953506
53,cg10,0.46176786799942776,0.7568915172406523,0.18799561740727436,0.3786407766990291,0.9745023501224522,0.3519420399307476
53,pcg10,0.6251404584793648,0.943413132622835,0.2507243793188147,0.6699029126213593,0.8264945307178285,0.29591721610759697
53,poisson_pcg10,0.9978981631321077,0.9995783392892909,0.2677034086323993,0.9805825242718447,0.04063860164147927,0.04890074515330998
53,cg20,0.44517569603390306,0.8508480651044137,0.2102624355851862,0.5436893203883495,0.9251984373034208,0.2942047898630896
53,pcg20,0.7900675582039911,0.9472291620547526,0.24136004543532794,0.5436893203883495,0.5691416892959863,0.23235815315659722
53,poisson_pcg20,0.9999943450039338,0.9999789169644645,0.2677659211652116,0.9902912621359223,0.0014420858397611806,0.0029672623568095407
53,cg40,0.5845746012445461,0.9397868505107365,0.2557427898157816,0.6893203883495146,0.7108797589395441,0.1985527542844184
53,pcg40,0.9794275936985908,0.998914223669924,0.2672655481086278,0.9514563106796117,0.11553570184483268,0.04072252627736528
53,poisson_pcg40,1.0,1.0,0.2677684529795094,1.0,2.0374213060722796e-07,4.907039913633128e-07
53,cg80,0.8311111620234602,0.9853894563739287,0.26479674672555303,0.8349514563106796,0.4205844665936998,0.10175582005485184
53,pcg80,0.9999753907088189,1.0,0.2677684529795094,1.0,0.002781504060554822,0.0007310683522905633
53,poisson_pcg80,1.0,1.0,0.2677684529795094,1.0,2.2008216619967825e-14,9.523301488751567e-15
53,poisson,0.7975452176167657,0.8875852545249465,0.23099623391127103,0.5533980582524272,9.24810713299297,79.39425238141136
53,amg,0.9965366166583218,0.9971537902027134,0.2662249921848157,0.9029126213592233,0.14147026763221984,0.08024482825123862
53,oracle,1.0,1.0,0.2677684529795094,1.0,4.233243392542102e-14,1.5606346105854485e-14
54,ensemble,0.39230754014376656,0.794756649062332,0.22319814026563767,0.39805825242718446,,
54,raw,0.3096966306952292,0.8714040247514837,0.25383431571840603,0.4854368932038835,,
54,smoothed,0.3787592759816894,0.9328821563728745,0.33995233415124104,0.7087378640776699,,
54,prediction_magnitude,0.6200676476110435,0.8630235181261398,0.16444424969512153,0.1553398058252427,,
54,boundary_distance,0.48574708651661697,0.8757207762773684,0.24910054247641958,0.4733009708737864,,
54,jacobi1,0.3889239078928545,0.7489853789148562,0.22987668985054632,0.3883495145631068,0.9706422245252948,0.5217576721522916
54,jacobi5,0.45514273835920177,0.7245290576937268,0.22596694066028572,0.33980582524271846,0.9514670427657727,0.3222195034634476
54,jacobi10,0.5103879930798941,0.7035514373359476,0.21977993829074047,0.3106796116504854,0.9382167267670871,0.2623101122975279
54,jacobi20,0.5541847082647878,0.6824156942116526,0.20767748588240456,0.2524271844660194,0.9232313827114775,0.2115774726248712
54,jacobi40,0.581417314122738,0.6582229109347164,0.19835175945797615,0.21359223300970873,0.9096685887147409,0.16264484455004485
54,jacobi80,0.5679028011229524,0.6438969882883737,0.19053815588470763,0.18446601941747573,0.9002646901916659,0.1203556199230808
54,cg5,0.3350288561261712,0.8664073453295805,0.24187510198131856,0.42718446601941745,0.9664910584347066,0.3082965867786519
54,pcg5,0.4922118187182604,0.7001570686147391,0.2178551005832258,0.2912621359223301,0.9399066594386088,0.2575213725071946
54,poisson_pcg5,0.5307862344431729,0.7944298620115324,0.2730730084674059,0.39805825242718446,0.841824206321089,0.15545961324419863
54,cg10,0.3762832482476217,0.8180323202934758,0.2634695491338159,0.44660194174757284,0.9279144368630929,0.21731176854433887
54,pcg10,0.5768053183785137,0.6227717866818464,0.1807152882250026,0.1553398058252427,0.9187868315148683,0.15949747851759766
54,poisson_pcg10,0.9796503290179528,0.9992831767917945,0.39561388587994917,0.9514563106796117,0.09797720535908791,0.03910306541196314
54,cg20,0.45577926069308344,0.7964854579762394,0.2792079904511716,0.4174757281553398,0.8790680272658634,0.1357491831389065
54,pcg20,0.5487051064837993,0.6469224038877117,0.19486911657837597,0.1941747572815534,0.9055052513369161,0.0939304863784562
54,poisson_pcg20,0.9999557435090478,1.0,0.3970781067248077,1.0,0.002931606263015571,0.0022401250998957296
54,cg40,0.593298818485802,0.8532936972265267,0.2878921497680782,0.4854368932038835,0.7856990806248423,0.09335993972374548
54,pcg40,0.5990341467884986,0.7955683459304471,0.26128966715990753,0.36893203883495146,0.7727483405668485,0.07876474173210792
54,poisson_pcg40,1.0,1.0,0.3970781067248077,1.0,1.8438482096547756e-07,1.1523598619168508e-07
54,cg80,0.711026962931836,0.9760075055606506,0.3605189747965115,0.7184466019417476,0.5378094721022355,0.05620742705889057
54,pcg80,0.9810515386953722,0.9999683754466968,0.3969219210287803,0.9902912621359223,0.06589221123950202,0.012296562741851202
54,poisson_pcg80,1.0,1.0,0.3970781067248077,1.0,3.3691393327513314e-13,3.353162022165104e-14
54,poisson,0.34927751278520847,0.7682974394653342,0.22903592623282648,0.4174757281553398,24.49254204715994,87.94727418596321
54,amg,0.6313997232851727,0.8233136206951077,0.28874558316374677,0.47572815533980584,0.7404353362340595,0.10660300807881785
54,oracle,1.0,1.0,0.3970781067248077,1.0,2.587917388178008e-13,2.565880086942376e-14
55,ensemble,0.3355343971282454,0.7944825696003711,0.19185819349669372,0.3300970873786408,,
55,raw,0.12778222453687146,0.625502039783688,0.09619987818956006,0.08737864077669903,,
55,smoothed,0.14437323421071452,0.6308465892919263,0.10875593294884252,0.1262135922330097,,
55,prediction_magnitude,0.4277789053000501,0.8187175189483782,0.16428766772697298,0.2621359223300971,,
55,boundary_distance,0.3125873934237243,0.780678452083531,0.17099010013943614,0.28045013239188,,
55,jacobi1,0.31169101146198414,0.7373053772282133,0.19903384572215715,0.32038834951456313,0.9080925773072762,0.49729265480554674
55,jacobi5,0.39035647709391313,0.745306389213919,0.22701062809912778,0.4368932038834951,0.8175960331872326,0.2757396607978256
55,jacobi10,0.5051321212717259,0.8316203366960775,0.2523584153363871,0.5242718446601942,0.7498269764309071,0.21199379716111674
55,jacobi20,0.6047360480294686,0.9089318280045962,0.2739962908272723,0.6019417475728155,0.6568526030774715,0.1856092745329312
55,jacobi40,0.72614741658322,0.9374571750840686,0.29450361765885896,0.7087378640776699,0.5502492109913146,0.1725472942573577
55,jacobi80,0.7970370838101708,0.942095442901869,0.3027783427440846,0.7572815533980582,0.46839945565478774,0.16194593602886506
55,cg5,0.17434814435662682,0.629845145103992,0.1049618188173075,0.07766990291262135,0.963464474523084,0.2521026576038526
55,pcg5,0.4633798324511837,0.796190295478743,0.24397353088124232,0.49514563106796117,0.7696642052018657,0.1231032453755414
55,poisson_pcg5,0.6356374834596953,0.9621664927316235,0.28371251105490203,0.6699029126213593,0.5237127353226254,0.13992596186282755
55,cg10,0.266417537640369,0.6696182916416306,0.16314364047777388,0.23300970873786409,0.9156429292642472,0.18392122740477257
55,pcg10,0.6903714415993133,0.929529953722737,0.29300450480130436,0.6990291262135923,0.5617553066143186,0.07014544899179515
55,poisson_pcg10,0.9717626153350976,0.994687075045065,0.3284319702919,0.8737864077669902,0.13044933929769933,0.04401461691427467
55,cg20,0.3521291171947643,0.7084954091690121,0.19907961914495456,0.33980582524271846,0.860094339276036,0.10825456295580321
55,pcg20,0.8115347167584578,0.9376680054394232,0.3026404481770512,0.7378640776699029,0.44228971647095067,0.03767726894060035
55,poisson_pcg20,0.9999941773657104,1.0,0.33268102178738146,1.0,0.0013624544390433311,0.0005840351943866846
55,cg40,0.4642661133860239,0.7908879120415757,0.23954786089743804,0.47572815533980584,0.7520918058278209,0.07584087520228287
55,pcg40,0.8012449037980115,0.9641588395897241,0.3027242643906298,0.6796116504854369,0.40188088473228595,0.027168463243536296
55,poisson_pcg40,1.0,1.0,0.33268102178738146,1.0,2.3870490636207405e-08,1.0121421978780047e-08
55,cg80,0.7551860784278663,0.9831230300538671,0.319274859908609,0.8252427184466019,0.403176601309975,0.03917068064252304
55,pcg80,0.9995949413489735,1.0,0.33268102178738146,1.0,0.011811691011318669,0.0019020090865347501
55,poisson_pcg80,1.0,1.0,0.33268102178738146,1.0,1.049783625145971e-13,1.5364076848257655e-14
55,poisson,0.15236628057721194,0.6311839178604935,0.12154519944155666,0.10679611650485436,19.3017372854376,82.4516743889644
55,amg,0.9611628281238822,0.9976492415377967,0.3309961738609945,0.9223300970873787,0.20499585682431673,0.042049263876389006
55,oracle,1.0,1.0,0.33268102178738146,1.0,1.4813673611434772e-13,1.3851942447676755e-14
56,ensemble,0.2833946851977684,0.6629138863413554,0.16217414656395923,0.27184466019417475,,
56,raw,0.3604332554001859,0.7402359191676418,0.14836141108185888,0.18446601941747573,,
56,smoothed,0.39391083211143696,0.7359138968828732,0.14458791253611156,0.17475728155339806,,
56,prediction_magnitude,0.32761507805235673,0.696709992304692,0.13902838533310682,0.1941747572815534,,
56,boundary_distance,0.3163397109586033,0.6901057314232103,0.13961843837010954,0.20145631067961167,,
56,jacobi1,0.3676848267291324,0.7693937573131779,0.19666329015040745,0.4077669902912621,0.820437713991234,0.5457598495757262
56,jacobi5,0.5184588347578857,0.8948799848202145,0.23851153123247923,0.5242718446601942,0.6658146773057182,0.269934457669201
56,jacobi10,0.5888981810135183,0.9406512549676902,0.2583267042209011,0.6019417475728155,0.570746204514856,0.20136256914899742
56,jacobi20,0.6875274703168586,0.965054868599981,0.27637966291160165,0.6796116504854369,0.4587565010672273,0.17220434439063131
56,jacobi40,0.7914485842393247,0.9802662787388128,0.2871544097061601,0.7281553398058253,0.34819411826202235,0.15816733297581945
56,jacobi80,0.8659132483370288,0.9895111898211104,0.2951893658713863,0.8058252427184466,0.2545276670470565,0.14897197452804367
56,cg5,0.37128861267076746,0.759737727037939,0.15970698777734205,0.1941747572815534,0.9039710591016786,0.23531514248018476
56,pcg5,0.563973282937558,0.9276008559712428,0.25617114689938936,0.5922330097087378,0.5947162893764621,0.13585637152113575
56,poisson_pcg5,0.6351442694549746,0.8878171679158365,0.24206726419729857,0.46601941747572817,0.5856257444262035,0.1608237013433031
56,cg10,0.40618912497317783,0.7866818464522521,0.19687440798697967,0.3106796116504854,0.80832143636551,0.16648102642384455
56,pcg10,0.7715983969315499,0.9715906096159725,0.2829531040744405,0.7087378640776699,0.37029982648024773,0.06975062570258653
56,poisson_pcg10,0.9718742176882911,0.9938226705881112,0.30115364555902346,0.8446601941747572,0.14366781546813504,0.035295649828995634
56,cg20,0.4882187991738788,0.8321368710666962,0.24200913816983075,0.46601941747572817,0.677211970039289,0.08052159436778983
56,pcg20,0.9040778891888991,0.9906180491867219,0.29853089340316363,0.8252427184466019,0.2157537246938364,0.012483986357212793
56,poisson_pcg20,0.999998223034833,1.0,0.30622986780989464,1.0,0.0004050130008691747,0.0002246375876486929
56,cg40,0.6391792432587081,0.93174367245396,0.2753386233796047,0.5825242718446602,0.5178267251062423,0.04456603144215092
56,pcg40,0.9634151817645376,0.9962261366391533,0.3039727854746722,0.8932038834951457,0.13072606135670137,0.004531448588884229
56,poisson_pcg40,1.0,1.0,0.30622986780989464,1.0,3.581240595429442e-08,1.184938660225135e-08
56,cg80,0.8787628075602603,0.9909870023085924,0.30186350743208085,0.8543689320388349,0.23673610718549493,0.014846150176318676
56,pcg80,0.9992858723446105,0.9996626714314327,0.3061138412909513,0.970873786407767,0.018568476037929008,0.0008283828247268724
56,poisson_pcg80,1.0,1.0,0.30622986780989464,1.0,3.206303815279903e-12,1.1048404689476598e-13
56,poisson,0.4554746285136971,0.7650401104751062,0.19341852904586976,0.30097087378640774,33.107640151169356,89.72833194838354
56,amg,0.9450802651813174,0.9963737178879015,0.30186154831606227,0.883495145631068,0.18693392091190034,0.057246798291632914
56,oracle,1.0,1.0,0.30622986780989464,1.0,3.2082455703118085e-12,1.1065051966595977e-13
57,ensemble,0.3192975064373077,0.6708200246671516,0.15269221684416714,0.21359223300970873,,
57,raw,0.4140489995350833,0.778933830892972,0.2555069221900173,0.4368932038834951,,
57,smoothed,0.6219684750733138,0.9020798414555727,0.22862711319510168,0.32038834951456313,,
57,prediction_magnitude,0.34210374794363774,0.6140117854168643,0.15210045485409932,0.1650485436893204,,
57,boundary_distance,0.4273051784793002,0.7119477562379432,0.2174619739206932,0.3508384819064431,,
57,jacobi1,0.3284904289750375,0.7000305704015264,0.2098743504085181,0.33980582524271846,0.9725134982544538,0.6596218067424604
57,jacobi5,0.3813115455797153,0.7096971421945332,0.2232895563016648,0.3786407766990291,0.9090408986414228,0.5048927858553276
57,jacobi10,0.5026516231850369,0.8243993970251837,0.26771533788457846,0.5436893203883495,0.8500931501588438,0.4395092676135893
57,jacobi20,0.6447709838352048,0.8900730527181303,0.29182193732019623,0.6504854368932039,0.7638510667177204,0.36742679132436823
57,jacobi40,0.7282671348615978,0.9187670640818865,0.30621139820086013,0.6699029126213593,0.6524791570441908,0.2844385894519291
57,jacobi80,0.7932753714863028,0.9509292347912253,0.31859936248973986,0.6699029126213593,0.53585722806502,0.18777318636043513
57,cg5,0.3887816612724411,0.7596323118602616,0.2636118432221271,0.44660194174757284,0.9458590596156629,0.4206814043798975
57,pcg5,0.5022472909663114,0.8362796875494134,0.27114559812317995,0.5533980582524272,0.8202129516378508,0.38479581385034506
57,poisson_pcg5,0.5313208215614047,0.9599949400714715,0.2968508303896123,0.6116504854368932,0.6334032276623874,0.12217378989501196
57,cg10,0.40276226441241686,0.7903292115998861,0.26783047593745407,0.47572815533980584,0.8686503661040166,0.3087068644767092
57,pcg10,0.7486671084865173,0.9111350052180512,0.3055495863428286,0.6504854368932039,0.5953231491970601,0.24750396199499775
57,poisson_pcg10,0.9804949015628351,0.9999578339289291,0.36004672209229027,0.9902912621359223,0.06977180919785791,0.023486232505566824
57,cg20,0.455974995082612,0.8863729799816578,0.3013577325803604,0.6310679611650486,0.7417033890226645,0.17672994395592367
57,pcg20,0.7819167977970102,0.9628938574575967,0.3080513698970699,0.6213592233009708,0.48393978388054404,0.056232680786639545
57,poisson_pcg20,0.9999984018489377,1.0,0.3601667332020287,1.0,0.0005724159254961333,0.00039377040002963804
57,cg40,0.616603202560618,0.9686600676765441,0.33495357188386,0.8252427184466019,0.5672932765738822,0.09779287104703455
57,pcg40,0.6974229199449252,0.9569589829543658,0.2985468186837369,0.5533980582524272,0.5245379161896409,0.04315821929786525
57,poisson_pcg40,1.0,1.0,0.3601667332020287,1.0,1.1855598468753403e-08,7.606062128035871e-09
57,cg80,0.8509392434375221,0.995888808070586,0.3527840802552111,0.883495145631068,0.27897953137555576,0.04033135420856072
57,pcg80,0.999742395930191,1.0,0.3601667332020287,1.0,0.006557026718383272,0.0010405639041256166
57,poisson_pcg80,1.0,1.0,0.3601667332020287,1.0,9.541737601827072e-14,1.5553242186405356e-14
57,poisson,0.624051558811959,0.9292137081897052,0.30560321203399904,0.6407766990291263,22.27554356183575,80.95188607825413
57,amg,0.9768397736213432,0.9985452705480535,0.35923320837682765,0.9320388349514563,0.1413780626591463,0.07637604930665723
57,oracle,1.0,1.0,0.3601667332020287,1.0,3.8124574778179296e-14,1.1480522745899939e-14
58,ensemble,0.3531695694156355,0.6516766284009572,0.13686312373876186,0.21359223300970873,,
58,raw,0.3525155009477147,0.8138367962219201,0.19368263052013773,0.3786407766990291,,
58,smoothed,0.42926080484228585,0.8243993970251837,0.1870130285085891,0.3786407766990291,,
58,prediction_magnitude,0.4793551181067162,0.6816777879679117,0.11448336789214023,0.07766990291262135,,
58,boundary_distance,0.45071405697263817,0.6998039277695203,0.1552915353337609,0.2583848190644307,,
58,jacobi1,0.3116626135469565,0.7687928908004175,0.17982809279083012,0.36893203883495146,0.9069475366675879,0.5728071584918766
58,jacobi5,0.37633839004720687,0.8254640903197242,0.21111588656071484,0.4854368932038835,0.7853289469615722,0.3273461458327567
58,jacobi10,0.45938054323725047,0.8466630825506256,0.2245423478698861,0.5339805825242718,0.7091346736134883,0.22801140393087654
58,jacobi20,0.5905875049173879,0.8849604166007822,0.2401792753295451,0.5825242718446602,0.6226339199534336,0.1377630160355864
58,jacobi40,0.6656680271439811,0.8861094420374646,0.24417488441538696,0.6116504854368932,0.5510916220549195,0.0841223610528231
58,jacobi80,0.6764951764895214,0.8703920390457818,0.2469438381657761,0.5728155339805825,0.5266701371872784,0.0716483243454323
58,cg5,0.355145711143695,0.8340238027471195,0.19510390563277918,0.4077669902912621,0.880836445934899,0.27971106930933376
58,pcg5,0.4608061498641013,0.8517546356324384,0.229576362797807,0.5145631067961165,0.685937606146297,0.20035781092595625
58,poisson_pcg5,0.48928847632501243,0.7728935412120637,0.19160488429972572,0.4077669902912621,1.0565543790556566,0.1284872441791446
58,cg10,0.36947550470281093,0.8576473440645984,0.21387180003079467,0.4854368932038835,0.820052961100617,0.1540987453503344
58,pcg10,0.648789026178385,0.8919916089518569,0.23774281831985916,0.5825242718446602,0.565442627407025,0.05975755846520572
58,poisson_pcg10,0.9535319809026535,0.9951298187913096,0.2826285819796886,0.883495145631068,0.1622496174561295,0.02890510020131199
58,cg20,0.3869158590229597,0.896798541053941,0.22345437895265113,0.5048543689320388,0.7292909193048641,0.07992551060635725
58,pcg20,0.6662570184536155,0.8593234453896672,0.24684832341294888,0.5631067961165048,0.5397132683212481,0.03929156762404018
58,poisson_pcg20,0.9999752118947143,1.0,0.28741909348036315,1.0,0.0029550018415314587,0.0005449793614606331
58,cg40,0.45016948224375936,0.9275797729357073,0.24626303668745653,0.5825242718446602,0.6287842744143072,0.051331752168954546
58,pcg40,0.803573197553823,0.9652024498487293,0.2705778250579401,0.7184466019417476,0.3521904898916488,0.017379756766634558
58,poisson_pcg40,1.0,1.0,0.28741909348036315,1.0,1.3834128953664717e-07,3.1222718244995006e-08
58,cg80,0.8611429462305985,0.9910713344507343,0.28087598329707797,0.8349514563106796,0.2967034435041001,0.02396933955323316
58,pcg80,0.9887123372791645,0.9988509745633176,0.2866568640323927,0.9514563106796117,0.07775353572897656,0.0032808603632743585
58,poisson_pcg80,1.0,1.0,0.28741909348036315,1.0,4.573426827300887e-13,2.2843973483769333e-14
58,poisson,0.49532700629425647,0.7491118771280689,0.17365589541047044,0.3300970873786408,49.04623385853833,79.35963929469888
58,amg,0.58062334596953,0.7873565035893868,0.23282836851822464,0.47572815533980584,0.64387089181272,0.06662548775721698
58,oracle,1.0,1.0,0.28741909348036315,1.0,4.771441821131988e-13,2.2569358528409655e-14
59,ensemble,0.3874680928581646,0.6894679695982627,0.1713313927587491,0.2815533980582524,,
59,raw,0.3743637123596309,0.7621833591600519,0.1777893403092774,0.3106796116504854,,
59,smoothed,0.5945243209534368,0.850721566891201,0.16029679593442542,0.24271844660194175,,
59,prediction_magnitude,0.24846099170302552,0.4443882230163499,0.06612138644338125,0.009708737864077669,,
59,boundary_distance,0.4114676249714821,0.552475675447751,0.08964332248609941,0.0019858781994704323,,
59,jacobi1,0.2409857686324297,0.6483244257508196,0.14515445950987213,0.2524271844660194,0.9721465349457475,0.586767927313682
59,jacobi5,0.2465747599420642,0.6871488356893626,0.1508559953263116,0.27184466019417475,0.930986884973749,0.3693368233836127
59,jacobi10,0.2644785333667119,0.6979538914012839,0.16287275963442943,0.32038834951456313,0.9041905318330199,0.28992964451315756
59,jacobi20,0.3358233718975752,0.7394347638172944,0.1825494438191532,0.3592233009708738,0.8752606960925933,0.20689183735567035
59,jacobi40,0.3973671411200915,0.7620568609468391,0.1959529365924338,0.39805825242718446,0.8509141845802116,0.1421161046266742
59,jacobi80,0.4241311757921465,0.7655250202924218,0.20329059770293018,0.4174757281553398,0.8327638091918772,0.11957653918956143
59,cg5,0.3613479007224089,0.7611186658655114,0.18219734960641257,0.30097087378640774,0.9757769255272895,0.30521330100155974
59,pcg5,0.24386440749946353,0.684882409369301,0.18065599247819583,0.36893203883495146,0.8959605147636636,0.23973683207395557
59,poisson_pcg5,0.45457114789714603,0.9140233810864088,0.22250975421088687,0.6213592233009708,0.8471640894523395,0.1591305691266885
59,cg10,0.3449713338638151,0.7674857425972191,0.19347966219985796,0.3592233009708738,0.9566630892946814,0.1888949772337044
59,pcg10,0.39309551802446174,0.766252385018395,0.2013189094007929,0.4077669902912621,0.8480742532466223,0.10369058272520869
59,poisson_pcg10,0.9838787573313782,0.9988088084922467,0.2892221685470864,0.941747572815534,0.09290089616743696,0.031057603968131405
59,cg20,0.3277136493276589,0.804022643180165,0.19935532989438112,0.42718446601941745,0.9237747274690218,0.12748871885354193
59,pcg20,0.43155959427079604,0.756322275281195,0.19861701773668786,0.39805825242718446,0.8290760551770764,0.08843658243377187
59,poisson_pcg20,0.9999977759995708,1.0,0.29004012612589886,1.0,0.000537557298754103,0.000441208389186225
59,cg40,0.3539950647307059,0.868526190400894,0.2133493809275071,0.49514563106796117,0.8546146794522614,0.09757020780585567
59,pcg40,0.7317820054895929,0.9871498898411393,0.28338147776218603,0.7961165048543689,0.43005927244923964,0.042221811168822954
59,poisson_pcg40,1.0,1.0,0.29004012612589886,1.0,1.8165884290297264e-08,1.2189810743851471e-08
59,cg80,0.5731740174164938,0.977314653763849,0.26107490755392593,0.7281553398058253,0.6320606633859666,0.059606735207124346
59,pcg80,0.9705673883305914,0.9960680138726374,0.28854178196928043,0.9029126213592233,0.11891847093273099,0.013772370210355085
59,poisson_pcg80,1.0,1.0,0.29004012612589886,1.0,6.848815616730186e-13,6.336481549426146e-14
59,poisson,0.3817987469601602,0.6966572847158534,0.13889968494485072,0.17475728155339806,20.24361087528515,80.61143256355462
59,amg,0.972171730831128,0.9963631763701337,0.2877949314627263,0.9029126213592233,0.13808139711001596,0.06413075085562932
59,oracle,1.0,1.0,0.29004012612589886,1.0,6.067071683145362e-13,5.599160666530311e-14
60,ensemble,0.3763753822151491,0.7699208332015643,0.20147836415508844,0.3106796116504854,,
60,raw,0.2508222990129461,0.5595121385577095,0.12639908446395862,0.1262135922330097,,
60,smoothed,0.3142969811708747,0.6769024804191307,0.1825721886414855,0.23300970873786409,,
60,prediction_magnitude,0.5022240004291538,0.8523344191096635,0.21996956477729523,0.3883495145631068,,
60,boundary_distance,0.555349367953511,0.9239587615824927,0.2789020235923208,0.5141218005295675,,
60,jacobi1,0.35873338146412986,0.6390162655619156,0.1979811095252152,0.2524271844660194,0.9359686300396012,0.5787324279445404
60,jacobi5,0.45184453454688506,0.6748574259721914,0.219554494118567,0.30097087378640774,0.8435489258755974,0.33044168527299433
60,jacobi10,0.49328253522637866,0.7780905094715537,0.24626972413318896,0.4077669902912621,0.7802675706223945,0.22934986782698605
60,jacobi20,0.5436842969923467,0.894700779018163,0.2823284234998294,0.5436893203883495,0.7026117928652675,0.15653798481849748
60,jacobi40,0.5651512208533008,0.9584453369596154,0.32220537868109983,0.6893203883495146,0.6164479585042049,0.11254925631453068
60,jacobi80,0.6268535311315356,0.9779998524187512,0.34346461591016103,0.7864077669902912,0.5298102092943109,0.08538178127234695
60,cg5,0.2702873542665045,0.5719511295236288,0.12843029221555888,0.14563106796116504,0.9435110833818771,0.29795240632973313
60,pcg5,0.4970218510836134,0.7916890673919231,0.24281676480532213,0.3883495145631068,0.7710154447256251,0.21431765971588007
60,poisson_pcg5,0.6779044216257778,0.9775992747435776,0.3538003852748065,0.7572815533980582,0.3967349154748195,0.17103438297566725
60,cg10,0.2975495315070452,0.5860451387790814,0.15723677172736544,0.1941747572815534,0.9101969969227567,0.2103114254892103
60,pcg10,0.5526447947214076,0.9518779713903208,0.3189467074208044,0.6796116504854369,0.6327884682818068,0.11850744116304986
60,poisson_pcg10,0.9741779356805663,0.9986296026901953,0.370000649132494,0.941747572815534,0.11138233905970411,0.037297721469997866
60,cg20,0.38946240656963016,0.6459631257708485,0.20002216030505335,0.27184466019417475,0.8396399788557434,0.1212630035480707
60,pcg20,0.674699536424433,0.9834603586224344,0.3552851770450915,0.8446601941747572,0.44743656627782113,0.06584196600503187
60,poisson_pcg20,0.9999917186717686,1.0,0.3723613469041559,1.0,0.0017303327646719638,0.0005662901182151078
60,cg40,0.523633524962449,0.7261629929477246,0.25002557214154775,0.3786407766990291,0.7542049901176269,0.07688191425171712
60,pcg40,0.8691044654352333,0.99549877191318,0.3652487226958934,0.912621359223301,0.27849287743831413,0.033516237264930235
60,poisson_pcg40,1.0,1.0,0.3723613469041559,1.0,5.0162163410149564e-08,2.4937408908456165e-08
60,cg80,0.6839363913525498,0.9535646142331573,0.32981505713792175,0.6699029126213593,0.5166712125974757,0.04444847497641201
60,pcg80,0.999093636006008,1.0,0.3723613469041559,1.0,0.014844029227709377,0.002022774266506872
60,poisson_pcg80,1.0,1.0,0.3723613469041559,1.0,5.3144202132015376e-14,9.266273038086378e-15
60,poisson,0.5368528158751162,0.9490423031108018,0.27364313532526896,0.5631067961165048,27.014728058987416,73.1742698634064
60,amg,0.9066984545990986,0.9894373991967363,0.35842834860764844,0.8058252427184466,0.3333545360966897,0.09031532611400665
60,oracle,1.0,1.0,0.3723613469041559,1.0,6.360003043513971e-14,9.75527215183046e-15
61,ensemble,0.36449232440454904,0.7219253028050979,0.18160990565280966,0.2815533980582524,,
61,raw,0.1737287099456405,0.705206455625481,0.16272490834052916,0.2621359223300971,,
61,smoothed,0.1632947839925613,0.7805466831114344,0.18555057777483222,0.33980582524271846,,
61,prediction_magnitude,0.661855296920821,0.843121132580669,0.18773092480422418,0.10679611650485436,,
61,boundary_distance,0.23893982556225274,0.5856182073094884,0.06432390207479004,0.0116946160635481,,
61,jacobi1,0.32348225940562186,0.676196198728693,0.215552275923315,0.3300970873786408,0.9687429659924618,0.5705764617788487
61,jacobi5,0.38027470316858586,0.6988288373760054,0.23371620952175934,0.3786407766990291,0.9199217733351057,0.34496778334458456
61,jacobi10,0.4472290966311422,0.7545196757429135,0.2530404869020186,0.4174757281553398,0.8825082986294027,0.28147590261915467
61,jacobi20,0.5332467500536442,0.7951783097730412,0.26329480058999827,0.42718446601941745,0.8341249076996379,0.23504156739038518
61,jacobi40,0.6491094722301695,0.8160188903998398,0.28990357908778747,0.4854368932038835,0.7739505443365222,0.19933972578032735
61,jacobi80,0.7220120051319648,0.837260048701812,0.30422722041927497,0.5339805825242718,0.6993047794959756,0.16845265826410516
61,cg5,0.19554226494885912,0.7071777194480461,0.18610479407619018,0.3106796116504854,0.9683827176206449,0.31653268168132753
61,pcg5,0.43330505462770896,0.7542034302098816,0.24672601628477112,0.39805825242718446,0.8791202334092305,0.267149284301295
61,poisson_pcg5,0.8064684102532007,0.9952246924512191,0.38089262910412724,0.912621359223301,0.35834532843612965,0.14311583254370278
61,cg10,0.270228993813032,0.7123114386009297,0.1825200905900346,0.2815533980582524,0.9370564536650132,0.24090852422714057
61,pcg10,0.6383890749052284,0.8031793217587468,0.28155012223387765,0.4563106796116505,0.7774614854572225,0.19350430879589967
61,poisson_pcg10,0.9546939261318931,0.9976070754667257,0.38156730286634766,0.9029126213592233,0.14729696617304827,0.06865816783114338
61,cg20,0.32470667781274587,0.7155476845556223,0.22062898626215333,0.34951456310679613,0.8683578388630103,0.1742128301848324
61,pcg20,0.7520084288498676,0.8699492952995372,0.3133386471825352,0.5631067961165048,0.6075580171794377,0.1371278070345384
61,poisson_pcg20,0.9999731555325083,0.9999894584822323,0.38386650470814737,0.9902912621359223,0.0026380218690288068,0.0018764422496008878
61,cg40,0.41798600556111865,0.9357599907234644,0.3113420491062311,0.6893203883495146,0.6750311950898438,0.11305607308852723
61,pcg40,0.7714747581539231,0.9986190611724276,0.37966361363786166,0.9320388349514563,0.33380252326840415,0.063721485658094
61,poisson_pcg40,1.0,1.0,0.3838775922960028,1.0,6.820237135119624e-08,7.493853609349947e-08
61,cg80,0.7782388263536226,0.9950454866491677,0.3796876666931349,0.8932038834951457,0.34384765884386537,0.048782316331259984
61,pcg80,0.9999682716722693,1.0,0.3838775922960028,1.0,0.004705456986196464,0.0007308675713630409
61,poisson_pcg80,1.0,1.0,0.3838775922960028,1.0,5.1700161823449653e-14,1.348883117956272e-14
61,poisson,0.37522177419354835,0.7734733246892888,0.14261354957017014,0.20388349514563106,25.32973031846842,85.1398588499435
61,amg,0.9819993987375725,0.9991039709897431,0.3820748454312309,0.941747572815534,0.18609044874578706,0.06896009889525735
61,oracle,1.0,1.0,0.3838775922960028,1.0,1.3601274925444406e-14,4.930678916520865e-15
62,ensemble,0.24079516397253417,0.7020334587773948,0.18248099859911288,0.30097087378640774,,
62,raw,0.25488744769687427,0.6461844976439708,0.16220354896470818,0.23300970873786409,,
62,smoothed,0.34174047591374,0.7688245153537206,0.16628827956804065,0.24271844660194175,,
62,prediction_magnitude,0.27309056710893354,0.6456257972022812,0.06638394415852651,0.0,,
62,boundary_distance,0.326891796930029,0.6488673139158576,0.08809453794224044,0.03375992939099735,,
62,jacobi1,0.305357807023818,0.6524039931269304,0.17666346911547207,0.21359223300970873,0.9220210771961658,0.5631797581417359
62,jacobi5,0.49734925970960586,0.6908699914613706,0.2388184655945726,0.34951456310679613,0.8254153311976498,0.33971516168811183
62,jacobi10,0.5777158845039696,0.7236435702012376,0.26327195976521384,0.39805825242718446,0.7687404781366861,0.27136136227471036
62,jacobi20,0.6583691706601816,0.7919842298894195,0.27996037393688034,0.44660194174757284,0.703375372778779,0.21936661896185267
62,jacobi40,0.7419148867212645,0.8813973835952901,0.30701800092523734,0.5339805825242718,0.6258956693768928,0.17003626362632837
62,jacobi80,0.7991723365639081,0.9425381866481136,0.334977513686614,0.6310679611650486,0.5385594301488705,0.1253242301496546
62,cg5,0.29240652492668623,0.6546809609647597,0.1541003405003514,0.18446601941747573,0.949764564942875,0.3365896055298601
62,pcg5,0.5835899054967455,0.7197432086271781,0.26337935466659035,0.39805825242718446,0.7587443239645186,0.2556809833103274
62,poisson_pcg5,0.6827369845683426,0.992009529532062,0.3747146692140541,0.8737864077669902,0.4089778298700003,0.17048951108551963
62,cg10,0.36333914106644727,0.6836279687549414,0.19592164818314486,0.27184466019417475,0.8857656608104529,0.25123800634727866
62,pcg10,0.7345028632608539,0.8908320419974067,0.30009571594209683,0.49514563106796117,0.607533374473358,0.1659375312459913
62,poisson_pcg10,0.9448786522780915,0.9976914076088675,0.379533790927924,0.9223300970873787,0.16258466269625355,0.06990761626336285
62,cg20,0.4524897852442601,0.7593055248094621,0.24991428279677885,0.39805825242718446,0.7805888369647873,0.16043768088116728
62,pcg20,0.8086429238788355,0.9640745074475823,0.34656521293676196,0.7087378640776699,0.4668148897677467,0.09630209458214974
62,poisson_pcg20,0.9999026357199055,1.0,0.381590623447802,1.0,0.004737445021161229,0.0023945935641584517
62,cg40,0.5565139519705314,0.883727059021958,0.3223716382147388,0.6213592233009708,0.5825557836532085,0.09508441390362418
62,pcg40,0.8162424451040696,0.9945816598673877,0.3715659295306287,0.8640776699029126,0.28991826237928175,0.0472929161130448
62,poisson_pcg40,1.0,1.0,0.381590623447802,1.0,1.6212636912155772e-07,1.4129121256119095e-07
62,cg80,0.8663528739897002,0.9954460643243415,0.37457702499858797,0.8932038834951457,0.2452581169621223,0.03697014634096141
62,pcg80,0.9999707080144482,1.0,0.381590623447802,1.0,0.0018492162562050501,0.00023818480721302272
62,poisson_pcg80,1.0,1.0,0.381590623447802,1.0,1.9413875875017983e-14,4.9330561347085716e-15
62,poisson,0.41977260433803015,0.7535814806615857,0.1509021602556891,0.13592233009708737,28.360681387839485,83.60394485914017
62,amg,0.9705822410771761,0.9976387000200289,0.37554960612371824,0.912621359223301,0.25481565295517894,0.0763954208224281
62,oracle,1.0,1.0,0.381590623447802,1.0,2.2334564196767207e-14,5.257226603889342e-15
63,ensemble,0.4082802329947786,0.7541401811032753,0.1892037301870294,0.36893203883495146,,
63,raw,0.017194607860668048,0.5114955251257076,0.07536118623310484,0.038834951456310676,,
63,smoothed,-0.004393652546312853,0.490264908341503,0.07897021237618483,0.04854368932038835,,
63,prediction_magnitude,0.5722530800729562,0.7981193932302373,0.16966422009097806,0.23300970873786409,,
63,boundary_distance,0.5706033173801957,0.8227601910123019,0.19425325624577852,0.33605472197705205,,
63,jacobi1,0.22408028082755163,0.6370344602215827,0.15955284613155912,0.24271844660194175,0.9517362371021526,0.46842406438721707
63,jacobi5,0.2656708546420141,0.6707884001138484,0.16380721593019665,0.30097087378640774,0.9001722030928135,0.2570145723834387
63,jacobi10,0.31397679216436586,0.7483739708843279,0.18271323207745072,0.36893203883495146,0.858137431692199,0.19786703709528794
63,jacobi20,0.4093139908625992,0.8455773062205496,0.1981994487421602,0.42718446601941745,0.791219661515114,0.1614272054698796
63,jacobi40,0.51881618357056,0.9298567407735365,0.23227458026309902,0.5728155339805825,0.6853830850435932,0.13476504017475854
63,jacobi80,0.6926902135040411,0.975448805118961,0.26073231129479396,0.7184466019417476,0.5339841033800425,0.10904814663998369
63,cg5,0.04584233736857163,0.5260533611629402,0.0834060956298591,0.04854368932038835,0.9826914603903001,0.3331283658865591
63,pcg5,0.29519214693154994,0.7253829206329128,0.16904094809633594,0.3300970873786408,0.8627411488897894,0.18627338181594646
63,poisson_pcg5,0.8925572093376724,0.9562843258172312,0.24747819266904428,0.5922330097087378,0.34074319268629033,0.1871311311322047
63,cg10,0.11072980741720907,0.557593582323983,0.11133559422071614,0.1262135922330097,0.9525564560681143,0.24973429544299042
63,pcg10,0.48783311950146624,0.911303669502335,0.2206221220288394,0.5145631067961165,0.7046595808227607,0.1338132132449252
63,poisson_pcg10,0.992399819397754,0.9966899634209333,0.2783557031623856,0.8932038834951457,0.08615451398672898,0.05636960568180882
63,cg20,0.1890003397467992,0.5946786418308508,0.14770054286186077,0.20388349514563106,0.9138550563138242,0.1596456454039112
63,pcg20,0.8434809965310063,0.988520287150944,0.27537698870084076,0.8640776699029126,0.31974035534221035,0.08477977131814582
63,poisson_pcg20,0.99999374150633,1.0,0.2811897927248948,1.0,0.0013185651425159596,0.0006219628345365931
63,cg40,0.30431758949645943,0.6543330908784247,0.1838600713196456,0.27184466019417475,0.8382419730515424,0.11489110570958538
63,pcg40,0.9750006146734854,0.9971643317204811,0.27777748016297454,0.912621359223301,0.1446346536745118,0.037577707770424955
63,poisson_pcg40,1.0,1.0,0.2811897927248948,1.0,3.565563691392983e-08,2.4503514934162438e-08
63,cg80,0.639671954348759,0.8692851796801704,0.22970555187750782,0.42718446601941745,0.6429499049759819,0.07333971061412892
63,pcg80,0.9999250657141834,1.0,0.2811897927248948,1.0,0.010275497205997321,0.0018267955793984235
63,poisson_pcg80,1.0,1.0,0.2811897927248948,1.0,2.5486140696568245e-14,7.919165043486295e-15
63,poisson,0.38108774855160577,0.7139453738549276,0.11550091994929292,0.08737864077669903,14.237758138470308,83.44841167138046
63,amg,0.9723896940490665,0.9977757397510093,0.27861203702194026,0.912621359223301,0.17432336039277,0.05266109798777553
63,oracle,1.0,1.0,0.2811897927248948,1.0,2.1508146743090445e-14,4.541309622675632e-15
64,ensemble,0.1958269034761462,0.6333238459673424,0.1243266033944501,0.18446601941747573,,
64,raw,0.2341961970710249,0.7225261693178584,0.14809653594675068,0.2524271844660194,,
64,smoothed,0.21817640905514626,0.7100555537986359,0.14862088989123293,0.24271844660194175,,
64,prediction_magnitude,0.2285368647628925,0.7211030644192151,0.17854192140581993,0.34951456310679613,,
64,boundary_distance,0.09191934817340208,0.5713660752875199,0.08337835430899355,0.060900264783759935,,
64,jacobi1,0.2869100475645519,0.7992473356313842,0.2160126253572887,0.46601941747572817,0.7885796086938369,0.5157725553974744
64,jacobi5,0.5004924205171304,0.8711826528783614,0.271079294149663,0.6310679611650486,0.598593373086056,0.2878609711102299
64,jacobi10,0.6396281337171876,0.924290819392176,0.2798560037765411,0.6601941747572816,0.48924117421250296,0.194570356326169
64,jacobi20,0.7735666708389958,0.9644434605694527,0.2898919432410089,0.7184466019417476,0.37879697750426394,0.12116965932918933
64,jacobi40,0.8569793156784206,0.9771881555506362,0.29655921304949523,0.7864077669902912,0.30131870246657694,0.07993857427899456
64,jacobi80,0.8913151330376939,0.9803927769520255,0.300157813462998,0.8058252427184466,0.2672059823251376,0.06110900759249338
64,cg5,0.2873686610399828,0.7622887743377291,0.1686360264803174,0.2912621359223301,0.8550546719519165,0.26456987243783503
64,pcg5,0.6281614557256275,0.93336706619019,0.2820714242204824,0.6699029126213593,0.47831449025418765,0.16166877658259318
64,poisson_pcg5,0.43520309929547235,0.8483602669112299,0.2609044636340243,0.5631067961165048,0.7403876022044338,0.16041161738671053
64,cg10,0.3750978113153565,0.8130672654248758,0.21916534477300287,0.44660194174757284,0.7553544750074347,0.17938558814360436
64,pcg10,0.8411972163114225,0.9766294551089466,0.29441887003324646,0.7766990291262136,0.3128708199582707,0.07220889656518276
64,poisson_pcg10,0.9609269499678135,0.9942759558521236,0.3052587312083185,0.8737864077669902,0.15912291866792658,0.03769141504964502
64,cg20,0.4948616872898934,0.8664916774717224,0.2598750846326638,0.6019417475728155,0.5793773264724773,0.08289318233119126
64,pcg20,0.8911330443995422,0.9801608635611355,0.30098731008643836,0.8058252427184466,0.2669537237166325,0.024188297334599165
64,poisson_pcg20,0.9999814927401474,1.0,0.3114698399338823,1.0,0.0024873437303029613,0.0006588462268427946
64,cg40,0.696207520474215,0.9444567428818401,0.28957241077920337,0.7378640776699029,0.4268501645610074,0.04189236321368364
64,pcg40,0.9579998636542449,0.993369385324099,0.30508395859556214,0.8543689320388349,0.1633053568416459,0.013959161648282996
64,poisson_pcg40,0.9999999552964736,1.0,0.3114698399338823,1.0,1.1260818304225403e-06,1.3319706829204855e-07
64,cg80,0.9249488032866031,0.9909026701664506,0.30497482739978266,0.8349514563106796,0.20308834223015818,0.016175641873145873
64,pcg80,0.9999171196623989,1.0,0.3114698399338823,1.0,0.004718425880175466,0.00035859199110346325
64,poisson_pcg80,1.0,1.0,0.3114698399338823,1.0,4.5000410533117204e-14,7.289415191693731e-15
64,poisson,0.22736257018453612,0.7341218388623594,0.19009862928361412,0.34951456310679613,40.69438784290918,82.13169868631256
64,amg,0.9420280760496387,0.9940124179079304,0.306200469740468,0.8737864077669902,0.1774992774703185,0.04866066876928453
64,oracle,1.0,1.0,0.3114698399338823,1.0,4.141821160770569e-14,4.616727057638554e-15
65,ensemble,0.2766064770939131,0.6910281142278866,0.16027298067441445,0.2815533980582524,,
65,raw,0.17085495493884556,0.7497127436408294,0.14290335996178205,0.22330097087378642,,
65,smoothed,0.24492525570416995,0.7978874798393473,0.1535265958407888,0.2912621359223301,,
65,prediction_magnitude,0.35781251117588153,0.7035830618892508,0.12244980296775693,0.10679611650485436,,
65,boundary_distance,0.3007910872473353,0.685889124316119,0.1034830528473157,0.0732568402471315,,
65,jacobi1,0.30565863940347615,0.7370207562484846,0.18569631293526623,0.36893203883495146,0.8808551231253698,0.5132396203947797
65,jacobi5,0.4298656659037264,0.7322032826286329,0.2122824002639245,0.39805825242718446,0.8053681025890445,0.2560734643797904
65,jacobi10,0.4906768896180531,0.7365885540200078,0.213217011254767,0.3786407766990291,0.7721507685809366,0.17439067233198888
65,jacobi20,0.5602133140512123,0.7357241495630541,0.22170886688888677,0.3883495145631068,0.7408036968229001,0.1217840356517665
65,jacobi40,0.6126700522137186,0.7277125960595806,0.22544274256625935,0.39805825242718446,0.7107831132447178,0.09442131825137577
65,jacobi80,0.6466334109684571,0.7248769277800617,0.23467448704700739,0.4077669902912621,0.6776345433094937,0.08158315919724633
65,cg5,0.2056851821221658,0.7617406154138073,0.14704761042287495,0.21359223300970873,0.9351166788190742,0.25942727571864754
65,pcg5,0.4797917709748945,0.7144408251900108,0.21898845524580415,0.3883495145631068,0.7803479483651018,0.1319843928228766
65,poisson_pcg5,0.5689856658143194,0.9110190485226063,0.24626685674809318,0.5242718446601942,0.5868155844360866,0.167364880543342
65,cg10,0.31645637382876757,0.7700473314147771,0.17625341186754645,0.2621359223300971,0.868772785505445,0.18355123121498673
65,pcg10,0.5858565419140261,0.7295151955978622,0.22079171763209865,0.3883495145631068,0.727006609600699,0.07388793796208325
65,poisson_pcg10,0.977054853461841,0.997206497791552,0.3139885690826437,0.9320388349514563,0.11874116341276364,0.0388029563120297
65,cg20,0.39589032660396256,0.7541401811032753,0.21545683758591247,0.39805825242718446,0.77951023504173,0.0987806950456137
65,pcg20,0.6581389810278234,0.7218198876274206,0.23738275008051013,0.4077669902912621,0.6651244807067209,0.056761758908839534
65,poisson_pcg20,0.9999934956369356,1.0,0.31614425474800195,1.0,0.0015352122513040498,0.0006299276293537869
65,cg40,0.5250452958479364,0.8369227201332448,0.23711498529948735,0.42718446601941745,0.6633323551733892,0.06119654849094313
65,pcg40,0.9725291131714467,0.9980919852840412,0.3142624879787828,0.9223300970873787,0.12150563068426545,0.0177066287052931
65,poisson_pcg40,1.0,1.0,0.31614425474800195,1.0,2.5727122002467746e-07,9.29109291214627e-08
65,cg80,0.7817631964809384,0.9748795631595037,0.2909803890157819,0.6990291262135923,0.3885019067440669,0.03207600242083453
65,pcg80,0.9996032226772048,0.9999156678578581,0.31613229991517483,0.9902912621359223,0.01692769886732328,0.0013572909858298858
65,poisson_pcg80,1.0,1.0,0.31614425474800195,1.0,2.2542087692093057e-13,1.860595769809297e-14
65,poisson,0.27230120341892566,0.6554610332795716,0.16589341345264785,0.23300970873786409,30.749707909617385,86.15920853273292
65,amg,0.8010336349331234,0.8747983934726922,0.278584802709012,0.6019417475728155,0.45342763424256904,0.06340396563300442
65,oracle,1.0,1.0,0.31614425474800195,1.0,2.397437403743055e-13,1.945984689395798e-14
66,ensemble,0.24586797484085546,0.6363703446022159,0.1884016471968662,0.24271844660194175,,
66,raw,0.22102063738287672,0.7476571476761225,0.20681534032514418,0.34951456310679613,,
66,smoothed,0.27137316939060147,0.8438379557888744,0.23862645924239526,0.4077669902912621,,
66,prediction_magnitude,0.6057084726593234,0.8603354310953691,0.1829422034307818,0.14563106796116504,,
66,boundary_distance,0.3628162992106762,0.6912863814131959,0.11138180973564807,0.06222418358340689,,
66,jacobi1,0.3196587332808811,0.7820541201522195,0.25747029903688173,0.39805825242718446,0.985984716174536,0.6793639824690847
66,jacobi5,0.3138121937808454,0.7528646574533802,0.27484755601701916,0.4077669902912621,0.9507782572726542,0.5653323512373906
66,jacobi10,0.3487534086438738,0.7808840116800017,0.3033324428332634,0.4854368932038835,0.9164511273356438,0.5175527121947242
66,jacobi20,0.43696277537372147,0.8423516017836248,0.34642657859077364,0.5922330097087378,0.8596658192107507,0.4617103334213235
66,jacobi40,0.5910923083112796,0.8968090825717087,0.38340262122930047,0.6699029126213593,0.7723203225283103,0.3925125248670747
66,jacobi80,0.705105958533009,0.9496326281057946,0.4001162438343536,0.7475728155339806,0.6517431919196376,0.30318455947946454
66,cg5,0.22809505981331807,0.7593266078449975,0.17163316888846983,0.2524271844660194,0.9706364131666961,0.5390407907049936
66,pcg5,0.35862999338387813,0.788589861168211,0.30737921216661884,0.49514563106796117,0.892536489874738,0.5065097556942644
66,poisson_pcg5,0.7517106698376367,0.9974805772535129,0.43724359628693715,0.9029126213592233,0.2687287536812496,0.13739731056697535
66,cg10,0.27593649417066013,0.7806099322180408,0.22350019796748485,0.3300970873786408,0.9187764932816804,0.42500713060508505
66,pcg10,0.6096290836671197,0.8911166629771354,0.3864195279325594,0.6893203883495146,0.695500298067646,0.3765477331554338
66,poisson_pcg10,0.9634352536478076,0.9997997111624132,0.44170055378688805,0.9805825242718447,0.05919677094858761,0.05064080050167534
66,cg20,0.33814859228595945,0.8246313104160737,0.257409608927655,0.4563106796116505,0.8188688263409453,0.27574624616013305
66,pcg20,0.7856627521278877,0.9904388433846705,0.4325127413774475,0.883495145631068,0.4314491300295739,0.17399312102482964
66,poisson_pcg20,0.9999929480187395,1.0,0.4420024274896787,1.0,0.000764889777504536,0.0011851363550005876
66,cg40,0.3800138580931263,0.9115777489642959,0.3590790154566535,0.6796116504854369,0.6529590901890394,0.1728879755423531
66,pcg40,0.7455485122666474,0.9991672200963495,0.4408204153635492,0.941747572815534,0.2891934814924226,0.0863260446250656
66,poisson_pcg40,1.0,1.0,0.4420024274896787,1.0,5.543384864606642e-08,5.202655437664074e-08
66,cg80,0.6980546254738572,0.9967532125275397,0.4369837022215566,0.8932038834951457,0.33692701031970673,0.07777666039340053
66,pcg80,0.99997151267792,1.0,0.4420024274896787,1.0,0.001260257584494628,0.00037648173871613954
66,poisson_pcg80,1.0,1.0,0.4420024274896787,1.0,9.06048000851102e-15,6.846106542020147e-15
66,poisson,0.2499590739217509,0.7425761361120774,0.19504335975612436,0.2815533980582524,19.15553789413052,73.9780998326141
66,amg,0.9900276603068449,0.9989353067054595,0.440660763597663,0.941747572815534,0.17641194447651032,0.1095235026131573
66,oracle,1.0,1.0,0.4420024274896787,1.0,1.589068310700151e-14,5.514286015746738e-15
67,ensemble,0.16245435769973535,0.6320483223174472,0.12197159409731886,0.17475728155339806,,
67,raw,-0.0022768064694943134,0.5772324299252607,0.10593335856385619,0.1262135922330097,,
67,smoothed,0.041740408858450755,0.6142542403255221,0.10601590917840654,0.13592233009708737,,
67,prediction_magnitude,0.26789780550389813,0.6542487587362829,0.0791999631181922,0.02912621359223301,,
67,boundary_distance,0.16404821701106892,0.5893288215637288,0.10114338114072524,0.02140335392762577,,
67,jacobi1,0.252593743294471,0.6815934558257698,0.15344566009404564,0.2815533980582524,0.9278131731003397,0.5428535718260119
67,jacobi5,0.34559378576282096,0.6714208911799121,0.18706181005212624,0.3300970873786408,0.8425104681235914,0.31882059620848435
67,jacobi10,0.45835000402331727,0.7084743261334767,0.20557964764220052,0.3786407766990291,0.7809753279647187,0.24917669276982632
67,jacobi20,0.5689138048959301,0.7430505044116252,0.21935229176944376,0.4174757281553398,0.706258865227255,0.19498823793397094
67,jacobi40,0.6657569983370288,0.7758662492225631,0.2319650708320946,0.4854368932038835,0.6245027278266526,0.1544127794463345
67,jacobi80,0.7618869581932622,0.8183591073442754,0.24388230054239976,0.5339805825242718,0.5316086321905237,0.11909752349765464
67,cg5,0.02072163784779343,0.575398205833676,0.10678638376861285,0.1262135922330097,0.9575226455392287,0.336844643122296
67,pcg5,0.45495983388169653,0.6979222668479808,0.20118791284409715,0.3592233009708738,0.7731374283835737,0.23710409857436834
67,poisson_pcg5,0.7056232342107145,0.8760106680159809,0.22200824162741345,0.42718446601941745,0.5919382838590089,0.1920029278310624
67,cg10,0.10293297600314713,0.6090888966193353,0.1421591174068134,0.20388349514563106,0.9086821477438727,0.25253686388505836
67,pcg10,0.6304984219655246,0.7548991703825517,0.23132036646175735,0.47572815533980584,0.6327735823928798,0.15265226342194993
67,poisson_pcg10,0.9833389287246976,0.9973857035936035,0.2892503684999535,0.912621359223301,0.11045364441928855,0.04870388363688828
67,cg20,0.2861732328696087,0.6621443555443113,0.18869838814773449,0.3106796116504854,0.8134094715050247,0.15712886055353206
67,pcg20,0.8365588343108504,0.8614949980498192,0.24599439842732815,0.5436893203883495,0.431574713144262,0.081057125646584
67,poisson_pcg20,0.9999954737679706,1.0,0.2915525351714167,1.0,0.0018808248310188016,0.0008231949519321195
67,cg40,0.5167886551391173,0.7555105784130799,0.23211567156736407,0.44660194174757284,0.6557509881200826,0.09782749012628064
67,pcg40,0.9848160002861026,0.9918303237300107,0.2859764650933209,0.8446601941747572,0.14780221826182216,0.02952169349948277
67,poisson_pcg40,1.0,1.0,0.2915525351714167,1.0,3.4939173045385747e-07,1.9507653372352995e-07
67,cg80,0.8061708412309563,0.9173861252543141,0.2642685600379299,0.6116504854368932,0.40208125895159946,0.0461123410810529
67,pcg80,0.9999543241720906,0.9999683754466968,0.2915516499097034,0.9902912621359223,0.004419890685409064,0.0005687528738859644
67,poisson_pcg80,1.0,1.0,0.2915525351714167,1.0,1.331180773040633e-14,7.095653198063652e-15
67,poisson,0.2917382519133109,0.7030032784120258,0.12477586387153741,0.13592233009708737,26.564942619054623,83.26330819149696
67,amg,0.9431001224876618,0.9231839600265647,0.25718691868297755,0.5922330097087378,0.3517494766983291,0.08316445523931176
67,oracle,1.0,1.0,0.2915525351714167,1.0,9.055946632634794e-15,3.913334334418918e-15
68,ensemble,0.4238192904656319,0.634114459799922,0.13738237923991223,0.13592233009708737,,
68,raw,0.39249892711537077,0.7239281911809662,0.2182211473530818,0.4077669902912621,,
68,smoothed,0.6530600681281739,0.8795420764681698,0.21032388180886039,0.39805825242718446,,
68,prediction_magnitude,0.5256042799155997,0.5801418888291536,0.1001841570528584,0.009708737864077669,,
68,boundary_distance,0.547790429520313,0.6192667320240768,0.12540022807576084,0.11010591350397175,,
68,jacobi1,0.34359273299477855,0.6067908457459705,0.162999455789092,0.22330097087378642,0.9692570713395239,0.5274174643403059
68,jacobi5,0.3405752002717974,0.6736767759822059,0.1694708603751784,0.23300970873786409,0.9442874645744166,0.3857862343054137
68,jacobi10,0.37013127190472783,0.7218093461096529,0.2081643054027313,0.3106796116504854,0.9243457023922347,0.3452226946959769
68,jacobi20,0.39818501448394245,0.7741479818264234,0.21854611445804162,0.3300970873786408,0.8888447412150232,0.3044574579342487
68,jacobi40,0.41840805155210636,0.7971284905600708,0.2570801706387613,0.4563106796116505,0.8352443314609744,0.2530617781456962
68,jacobi80,0.4594013639045848,0.8581427953996816,0.2650792234479824,0.49514563106796117,0.7758019980553391,0.19220409915029402
68,cg5,0.38639204545454536,0.738327904451683,0.22501431465161784,0.42718446601941745,0.9682809528239014,0.34855853720088775
68,pcg5,0.3596901486839282,0.7302320188060677,0.19856111038034188,0.2912621359223301,0.9248749399462868,0.3018173538593024
68,poisson_pcg5,0.5532062374830127,0.7688350568714883,0.23121710848952773,0.34951456310679613,1.0417538638574755,0.16886308787285173
68,cg10,0.3804859720334739,0.7471827793765746,0.21684158333909617,0.39805825242718446,0.9107525702745471,0.25259852307891817
68,pcg10,0.4609485194192117,0.803168780240979,0.26146026479148277,0.47572815533980584,0.78876835740034,0.1864777683928872
68,poisson_pcg10,0.9680265851870394,0.9989036821521563,0.36734651441791677,0.9514563106796117,0.15284239808973332,0.03519598695519216
68,cg20,0.3593300841320363,0.7696572952573711,0.2597804632115539,0.47572815533980584,0.839494509288001,0.13807918238597353
68,pcg20,0.5329049468922108,0.8943423674140603,0.2713776675657389,0.5339805825242718,0.7308148501769863,0.06521737317323242
68,poisson_pcg20,0.999998971818897,1.0,0.36931997161220614,1.0,0.0002911259830474303,0.0003348862902568385
68,cg40,0.4058761220585079,0.8969461223026891,0.28444840616012806,0.5825242718446602,0.7581009551130297,0.07889053031006207
68,pcg40,0.5265318892604248,0.9588142900814859,0.30476464974332257,0.6601941747572816,0.6385411023643793,0.049398697051974604
68,poisson_pcg40,1.0,1.0,0.36931997161220614,1.0,3.0112398687190736e-08,1.2411637331597094e-08
68,cg80,0.5298233316644017,0.9703256274838451,0.31347709759773423,0.6796116504854369,0.6057749895604347,0.04567787434541444
68,pcg80,0.920141453132823,0.9998313357157164,0.3685260200234614,0.9805825242718447,0.1805612022899096,0.017265015797949347
68,poisson_pcg80,1.0,1.0,0.36931997161220614,1.0,4.450519904073975e-13,4.142361123961503e-14
68,poisson,0.5636462431156569,0.8352571603259438,0.2130370583622476,0.3106796116504854,18.16680710503324,79.2862406301893
68,amg,0.8695565968993634,0.9810252680180892,0.3556472423476894,0.8155339805825242,0.2886040896091955,0.08205040416733109
68,oracle,1.0,1.0,0.36931997161220614,1.0,4.092118965686652e-13,3.9160239268725324e-14
69,ensemble,0.3712189645769258,0.7086746149710635,0.17143782009277792,0.18446601941747573,,
69,raw,0.3808841016379372,0.6889198106743409,0.1975348755647355,0.2621359223300971,,
69,smoothed,0.5042351785458837,0.7845313768276356,0.19818561488431738,0.27184466019417475,,
69,prediction_magnitude,0.4585437155782847,0.661575113584854,0.13238025439812656,0.0970873786407767,,
69,boundary_distance,0.4902077712321028,0.708658802694412,0.1571236303889751,0.18909973521624007,,
69,jacobi1,0.3552833533009084,0.6721693389414208,0.19463409080716473,0.24271844660194175,0.9259785732091925,0.522252967277493
69,jacobi5,0.4669798521207353,0.7119951930678979,0.23022825247841228,0.3300970873786408,0.8474724075775442,0.2960271261897226
69,jacobi10,0.5119299182819541,0.7721556349683227,0.25768960260045376,0.42718446601941745,0.7981862999055207,0.2302226049659209
69,jacobi20,0.5460526898111723,0.8272350653047026,0.283028328144733,0.4854368932038835,0.7323556520865926,0.18116915529690295
69,jacobi40,0.5792501765789286,0.9010573142321031,0.30979166768749533,0.5436893203883495,0.6482204418387671,0.1342353872285374
69,jacobi80,0.5950836179457835,0.9519517620146949,0.33180108529737,0.6019417475728155,0.5663234234371709,0.09214674155171174
69,cg5,0.39058334748944995,0.6969313641778143,0.21127812391289263,0.30097087378640774,0.9457636469360493,0.25722914417352477
69,pcg5,0.5188828253522638,0.7697837934705839,0.24602554815180624,0.3883495145631068,0.7984121205811591,0.19832410915525145
69,poisson_pcg5,0.5677983289821901,0.9059274954407935,0.2666052816489037,0.4563106796116505,0.7266944415775797,0.14039129937621567
69,cg10,0.3956961680137329,0.7112678283419247,0.2200790410659419,0.32038834951456313,0.8782091975930737,0.17921217533070682
69,pcg10,0.5465926637043129,0.905642874461065,0.3101407796179809,0.5436893203883495,0.6483608304251502,0.11466059159340757
69,poisson_pcg10,0.9756092196552463,0.9994202165227749,0.3925349429915077,0.970873786407767,0.08781318557362733,0.027587078643870958
69,cg20,0.40371173378156067,0.7385176517715021,0.25223520007552,0.44660194174757284,0.7995369878932883,0.1029035888956054
69,pcg20,0.5761586036406551,0.9623562400514426,0.34356610730222925,0.6504854368932039,0.5348715186678559,0.024759765094905704
69,poisson_pcg20,0.9999973066125455,1.0,0.39290068193877553,1.0,0.0005379451031569168,0.0003169342754035925
69,cg40,0.5236355701487733,0.8376079187881471,0.2955707871286804,0.5533980582524272,0.6796066808151637,0.055517121159872763
69,pcg40,0.6746200759065873,0.9740362417380855,0.35792961210292723,0.7281553398058253,0.44963906829292816,0.02061053108177312
69,poisson_pcg40,1.0,1.0,0.39290068193877553,1.0,2.3684551248090794e-08,9.048217292774889e-09
69,cg80,0.621604353676418,0.9618186226452885,0.35215029473639053,0.6893203883495146,0.5101743478508298,0.028013026988891746
69,pcg80,0.9857134906301409,0.9997997111624132,0.3925369746458623,0.970873786407767,0.05781331641157978,0.0037815959088393974
69,poisson_pcg80,1.0,1.0,0.39290068193877553,1.0,2.0109663754540347e-12,8.78062773524333e-14
69,poisson,0.5508125983477576,0.8462097972866133,0.21137824437789432,0.30097087378640774,24.605485652847694,85.46648385668784
69,amg,0.924305184267935,0.9939070027302531,0.3863655051737705,0.8737864077669902,0.21579896295625547,0.04305564086252886
69,oracle,1.0,1.0,0.39290068193877553,1.0,2.017889508365446e-12,8.730287549639002e-14
70,ensemble,0.17104799594091982,0.6170793670872732,0.1511032948664787,0.22330097087378642,,
70,raw,0.2402234505757814,0.7149257350073264,0.17040215344890086,0.23300970873786409,,
70,smoothed,0.21679466776339318,0.7053856614275323,0.1755128896927844,0.2815533980582524,,
70,prediction_magnitude,0.30958641415134824,0.6784626250487545,0.11351814822183211,0.10679611650485436,,
70,boundary_distance,0.20314538208098465,0.6415304175495188,0.10033772076464878,0.09002647837599295,,
70,jacobi1,0.386797975824333,0.7458650896556086,0.18000877760882877,0.3300970873786408,0.8742041879154406,0.4611483327024288
70,jacobi5,0.5298012145948071,0.8242518157764355,0.228334284823025,0.46601941747572817,0.7837844602938148,0.2227922271335867
70,jacobi10,0.628989879121665,0.8288268344876295,0.2578041900205264,0.5339805825242718,0.7364175451633396,0.1663165051624719
70,jacobi20,0.7150291914026178,0.837070301381993,0.2628701206608288,0.5436893203883495,0.6896266497405724,0.13168657060952155
70,jacobi40,0.7628420937343536,0.8282154264571013,0.26403283859828514,0.6019417475728155,0.6538323167350272,0.10558074759225562
70,jacobi80,0.7832329143122808,0.8334967268587331,0.2654734121935632,0.6310679611650486,0.6312045084505772,0.0903282178845307
70,cg5,0.28270952542736566,0.732002993791046,0.18080080086301428,0.23300970873786409,0.9272978504199011,0.2548894514161977
70,pcg5,0.596256381428367,0.830513477330466,0.25371268936294733,0.5242718446601942,0.7494470672653161,0.1444663567552523
70,poisson_pcg5,0.5511659908983619,0.8246840180049123,0.21030147953529327,0.3106796116504854,0.8025708382814708,0.19238877018775757
70,cg10,0.3689666668156784,0.7374951245480325,0.21278643545054196,0.33980582524271846,0.8318381406366504,0.17296002968669158
70,pcg10,0.7539887391817466,0.8223121765071735,0.26429239305667585,0.6116504854368932,0.6690102009579102,0.07555753296623968
70,poisson_pcg10,0.9839581619698161,0.9961628875325469,0.3317555834359102,0.8932038834951457,0.14049100613766816,0.04530829384069918
70,cg20,0.4575099800622273,0.7876095000158123,0.23697519336793504,0.3883495145631068,0.7221330832420305,0.09463649560038362
70,pcg20,0.7563888491524211,0.8318100840158966,0.25769872231124513,0.5728155339805825,0.6310067834810095,0.05814414181444379
70,poisson_pcg20,0.9999501108647448,1.0,0.3355169202799429,1.0,0.0038229817708734454,0.0015998323786625942
70,cg40,0.5985390440597954,0.8855929076668458,0.27458554943823643,0.5533980582524272,0.5455429530773565,0.05788160485163259
70,pcg40,0.8464754175309349,0.9718752305957011,0.31608838427941677,0.7669902912621359,0.3000747807763872,0.02320919017165102
70,poisson_pcg40,1.0,1.0,0.3355169202799429,1.0,9.251054674566797e-07,1.9470874567948554e-07
70,cg80,0.8800823550711679,0.989258193394685,0.32519375971375286,0.7961165048543689,0.22636900019390818,0.01996562269972647
70,pcg80,0.9955132635362278,0.9995677977715232,0.3351806585337127,0.9514563106796117,0.03741939107765846,0.004284163116895432
70,poisson_pcg80,1.0,1.0,0.3355169202799429,1.0,1.232348562358338e-13,1.448604403292446e-14
70,poisson,0.18107250464916672,0.6757218304291452,0.20073910154130473,0.2912621359223301,27.474473646263107,84.58994661117192
70,amg,0.6792504783277303,0.8110643770490075,0.1970608071319495,0.4174757281553398,0.9136270492173099,0.10345908637878407
70,oracle,1.0,1.0,0.3355169202799429,1.0,1.2792377264586948e-13,1.4200648160659737e-14
71,ensemble,0.4204456718045919,0.7781853831314632,0.18784089965772013,0.33980582524271846,,
71,raw,0.02768355267863529,0.5485805846325754,0.09532908767315883,0.06796116504854369,,
71,smoothed,0.04463492865317215,0.5728155339805825,0.0899012694403524,0.08737864077669903,,
71,prediction_magnitude,0.6161822406301408,0.8166619229836712,0.12249566406753583,0.038834951456310676,,
71,boundary_distance,0.2834938054756793,0.6821785100618787,0.06512698967253969,0.03309796999117387,,
71,jacobi1,0.22591323716114728,0.6369922941505118,0.16446068666170696,0.2912621359223301,0.9623388843550031,0.6366456104235942
71,jacobi5,0.28643137338173236,0.6966151186447824,0.19005756487269168,0.3300970873786408,0.8987165189745311,0.46414066191042386
71,jacobi10,0.3760621669587297,0.7345856656441394,0.21634806638733609,0.4077669902912621,0.836734365329069,0.37699840950098956
71,jacobi20,0.515061981439096,0.8154812729936857,0.24318880469067877,0.5048543689320388,0.7403468654371282,0.2887960681242791
71,jacobi40,0.6758981497210499,0.9265256211589344,0.2647219710390815,0.6310679611650486,0.6119366161482576,0.2133354804607037
71,jacobi80,0.7700707098025892,0.9771670725151007,0.280420413205323,0.7864077669902912,0.4771913742121252,0.15914489217722885
71,cg5,0.08995140726700522,0.5888386409875294,0.12136627269399423,0.11650485436893204,0.9576146366546683,0.4006095184778762
71,pcg5,0.3905919752700093,0.7347437884106554,0.21708900497812203,0.39805825242718446,0.8000358151592193,0.3345562882439154
71,poisson_pcg5,0.880807960356913,0.9808460622160379,0.2838336446210471,0.7864077669902912,0.3518422213538966,0.16083031917481416
71,cg10,0.10844321087547384,0.6122091858785828,0.1502445891788938,0.18446601941747573,0.9202810582758624,0.2749480806089614
71,pcg10,0.675165112474072,0.9261988341081349,0.2548661034515942,0.5825242718446602,0.5844210256403539,0.18783504046799324
71,poisson_pcg10,0.9748398496173377,0.9974700357357452,0.29085306415664314,0.8932038834951457,0.11544204928171281,0.05534601576002668
71,cg20,0.14442941536728418,0.6477446422735945,0.179995678497253,0.30097087378640774,0.8557437475721552,0.18264227418255063
71,pcg20,0.8103498274443888,0.9911345835573406,0.28984387814288065,0.8640776699029126,0.35567002022014205,0.09869709045457448
71,poisson_pcg20,0.9999629854802944,1.0,0.29420859040288383,1.0,0.003650382057708688,0.0026799332045124064
71,cg40,0.2626197495708461,0.71982754076932,0.22218074896238663,0.39805825242718446,0.7263170415029169,0.12414512469763977
71,pcg40,0.9717446892210856,0.9997153790202713,0.293889603360429,0.970873786407767,0.12415764654607613,0.035317705237924574
71,poisson_pcg40,1.0,1.0,0.29420859040288383,1.0,1.5648555046922716e-07,1.9304571434822423e-07
71,cg80,0.7838296616837136,0.9590567449901437,0.2789053804114909,0.7087378640776699,0.4033526638664416,0.06402041331323823
71,pcg80,0.999528724250769,0.9999894584822323,0.2942013705618892,0.9902912621359223,0.012213640495602529,0.002309778403547685
71,poisson_pcg80,1.0,1.0,0.29420859040288383,1.0,1.5143849767639717e-14,4.804837571505371e-15
71,poisson,0.2398204371110793,0.734522416537533,0.13962435020380573,0.23300970873786409,20.685494739390673,78.82646376913006
71,amg,0.9957279745726342,0.9995677977715232,0.2938963953044246,0.9611650485436893,0.08462006745437997,0.07828449471912928
71,oracle,1.0,1.0,0.29420859040288383,1.0,7.173829505153856e-15,2.634948626695644e-15
72,ensemble,0.35969772593162147,0.720449490317616,0.1759854047398117,0.24271844660194175,,
72,raw,0.15253061073957513,0.5951319270948631,0.14897307952963565,0.18446601941747573,,
72,smoothed,0.18349028368857734,0.6814353330592539,0.17396842466274307,0.23300970873786409,,
72,prediction_magnitude,0.4318493066483084,0.7401305039899645,0.1220426533818433,0.08737864077669903,,
72,boundary_distance,0.34966222943304054,0.8098573732646026,0.20637458811642875,0.37422771403353927,,
72,jacobi1,0.36098460634074814,0.7092438569305208,0.20142417133953508,0.34951456310679613,0.8577383370455687,0.5171565418397451
72,jacobi5,0.5675218935519634,0.8891770237078734,0.2835920969848171,0.5922330097087378,0.6872194681842322,0.2656088376798607
72,jacobi10,0.6541327739432086,0.9518358053192498,0.30180837359081536,0.6699029126213593,0.5837897112076817,0.19098287593706914
72,jacobi20,0.7540198751877548,0.9663936413564825,0.30852142876506966,0.6990291262135923,0.4852535718673537,0.13797871157621502
72,jacobi40,0.8055534296545311,0.9656873596660447,0.3145470524339892,0.7281553398058253,0.4298817858676816,0.10478507483420853
72,jacobi80,0.8234859809741792,0.9621032436250171,0.3114490299163552,0.6796116504854369,0.417137645098435,0.0869921131383558
72,cg5,0.2192151625420213,0.6409875293844808,0.1596555074769877,0.22330097087378642,0.9110013062929587,0.25483529561194246
72,pcg5,0.6211174987483012,0.9450259848412974,0.30123661012856184,0.6601941747572816,0.5830279629614904,0.16377527917307955
72,poisson_pcg5,0.3899549053179314,0.6615224059960153,0.19347982767234304,0.2815533980582524,0.8768595423120116,0.15740910912882744
72,cg10,0.32311174540447746,0.6908172838725319,0.19393188359390617,0.3106796116504854,0.8405815737211213,0.17700130019615978
72,pcg10,0.7943510836134753,0.9644856266405237,0.31019079468531996,0.7281553398058253,0.4415815667451728,0.07568706451208622
72,poisson_pcg10,0.9757466494707102,0.9969324183295911,0.35253761264415073,0.9223300970873787,0.12661666180641365,0.030331603461518357
72,cg20,0.4861342849223946,0.7871667562695677,0.24545103002214613,0.46601941747572817,0.7128802461180964,0.10124282386855925
72,pcg20,0.8140224568163936,0.9566532789391017,0.30792678486606073,0.6601941747572816,0.42840923492352684,0.033061795699615946
72,poisson_pcg20,0.9999911039982833,1.0,0.35441523322663543,1.0,0.0014335526464546665,0.0005394748486559593
72,cg40,0.6716603783706457,0.9388064893583378,0.30011110549583925,0.6310679611650486,0.5471680387440571,0.05675781011234899
72,pcg40,0.8577402814534011,0.972423389519623,0.3246461873589353,0.7281553398058253,0.35638238566630603,0.02095118506655193
72,poisson_pcg40,1.0,1.0,0.35441523322663543,1.0,7.023856300178584e-08,2.2828471168216987e-08
72,cg80,0.8618089728917817,0.9891316951814723,0.33912762022510873,0.7961165048543689,0.28186102449677847,0.022782692921280646
72,pcg80,0.9942584802589227,0.9998945848223227,0.3542863441219184,0.9805825242718447,0.04283305024720548,0.0027984798603596134
72,poisson_pcg80,1.0,1.0,0.35441523322663543,1.0,9.855903555638198e-14,1.2013167052829322e-14
72,poisson,0.2118810014483942,0.6764913612261894,0.16386371190319016,0.24271844660194175,34.92226386594315,83.73626187731371
72,amg,0.7911274676346469,0.9443724107396984,0.3045672539563759,0.6310679611650486,0.4702084431018441,0.0505116661411038
72,oracle,1.0,1.0,0.35441523322663543,1.0,1.0376382699149434e-13,1.2059224777866725e-14
73,ensemble,0.24435698447893567,0.7499868231027903,0.20405716512482572,0.32038834951456313,,
73,raw,0.30323067913597024,0.7633113015611988,0.21151979454635791,0.3106796116504854,,
73,smoothed,0.3406157351941921,0.8534939860641135,0.28993670608976907,0.4854368932038835,,
73,prediction_magnitude,0.30321793863099916,0.6723485447434722,0.10284194915786223,0.05825242718446602,,
73,boundary_distance,0.4495910993197528,0.8959604903914066,0.24826780506074836,0.43777581641659313,,
73,jacobi1,0.32389591230956294,0.7279866755215416,0.19228219614845976,0.30097087378640774,0.9274840547151217,0.4697991389628096
73,jacobi5,0.3649109505757814,0.6666772081844344,0.18620966654291182,0.2621359223300971,0.8992994575365191,0.2576724048926404
73,jacobi10,0.3785523657106072,0.6542593002540505,0.19568078163401503,0.24271844660194175,0.8994626481188184,0.1913491216263065
73,jacobi20,0.3798258350618697,0.6366127995108736,0.2058070084631917,0.2621359223300971,0.9105880174939203,0.13633504097030488
73,jacobi40,0.37099095424147055,0.5984841297450006,0.20835151043545302,0.23300970873786409,0.9335954920990631,0.11116280596073266
73,jacobi80,0.3337187410592947,0.5726468696962989,0.2090682690374572,0.22330097087378642,0.9542345258620741,0.10477818693216481
73,cg5,0.3060956051963379,0.7308750513898992,0.205405592384156,0.27184466019417475,0.9447994118694335,0.27202797319465133
73,pcg5,0.35835590488877755,0.646679948979054,0.19301272020914192,0.24271844660194175,0.9091854810695866,0.17977516959936093
73,poisson_pcg5,0.4472054372898934,0.7817062500658845,0.26272029895537397,0.3786407766990291,0.8622871988040207,0.16461522893077826
73,cg10,0.357042738806237,0.750893393630815,0.24553341608456278,0.36893203883495146,0.9098190234841913,0.18538365317251163
73,pcg10,0.37162995762105716,0.6230037000727364,0.21275847172050744,0.24271844660194175,0.9301837803636877,0.09593585106452564
73,poisson_pcg10,0.9656919323546241,0.998450396888144,0.3815625189455471,0.9320388349514563,0.12625970919702825,0.041453714482104755
73,cg20,0.41039032883913884,0.7480261007979929,0.24947573410186774,0.36893203883495146,0.8346941429288158,0.10976174061619783
73,pcg20,0.3122811315356555,0.5465882377744747,0.19055176838394025,0.1941747572815534,1.0111652256448287,0.08597671661631455
73,poisson_pcg20,0.9998848884199983,0.9999683754466968,0.38363910322334166,0.9902912621359223,0.0068343026097368665,0.0021989632230163185
73,cg40,0.521706858862027,0.7445790244879458,0.2752940116618342,0.39805825242718446,0.7132636875440959,0.07358614134177596
73,pcg40,0.699195191241685,0.9650970346710519,0.3477700106115297,0.6699029126213593,0.41826230632382105,0.04289807037547717
73,poisson_pcg40,1.0,1.0,0.38363910733324613,1.0,3.577076547134029e-07,1.8926942588347768e-07
73,cg80,0.6722627248587368,0.9260723358949221,0.3446748574521926,0.6893203883495146,0.4441254808612576,0.037110729804664656
73,pcg80,0.999754532937558,0.9999894584822323,0.38363783209859925,0.9902912621359223,0.006657047143273231,0.000796231238649545
73,poisson_pcg80,1.0,1.0,0.38363910733324613,1.0,3.26955154978943e-13,2.9604965864774477e-14
73,poisson,0.4209827511444103,0.8259700831725751,0.23881878924169198,0.3300970873786408,31.698821772712655,80.7912832313624
73,amg,0.5767280706852156,0.6571371346046404,0.24892365388810153,0.3106796116504854,0.7371323162334626,0.08413221911868667
73,oracle,1.0,1.0,0.38363910733324613,1.0,2.5204212290371876e-13,2.2918144122943402e-14
74,ensemble,0.19188019678492235,0.6127678863202723,0.13626885333801192,0.18446601941747573,,
74,raw,0.3188281194120592,0.7335842214562053,0.14365226746515256,0.2524271844660194,,
74,smoothed,0.26627153592375363,0.7016961302088275,0.16020755727056707,0.27184466019417475,,
74,prediction_magnitude,0.26071590462055644,0.6563254377365253,0.1037565903797901,0.06796116504854369,,
74,boundary_distance,0.1671263650206645,0.5270917006630614,0.1125723440644449,0.11076787290379524,,
74,jacobi1,0.26352544301194475,0.7213560608456405,0.18257747170944097,0.3786407766990291,0.8293296810239912,0.43485735161886024
74,jacobi5,0.3652670588656033,0.7994581659867388,0.1908530407326627,0.4077669902912621,0.7270436272481626,0.17956718387935552
74,jacobi10,0.4211272999964237,0.8276461844976439,0.21419964155746063,0.5436893203883495,0.6888851743170307,0.12670208246688636
74,jacobi20,0.47647385290751726,0.8394210598441963,0.2272971850909077,0.5728155339805825,0.6542398036670727,0.1012069598703394
74,jacobi40,0.5272727608003719,0.8481810611091785,0.23401008532473155,0.5922330097087378,0.6242851685902349,0.08773392456462718
74,jacobi80,0.5695094011515628,0.8566775244299675,0.23959334882299016,0.5922330097087378,0.5952729802674555,0.08034985780141381
74,cg5,0.32512810913024814,0.7482263896355797,0.14560762077212983,0.2524271844660194,0.9279922991605373,0.236313960837484
74,pcg5,0.3854935939846934,0.816398385039478,0.20645529227951698,0.5048543689320388,0.7055791224455471,0.10697522974076702
74,poisson_pcg5,0.8349791346291394,0.9807722715916638,0.2638064845758594,0.7572815533980582,0.42960963249445705,0.13877611124495312
74,cg10,0.3568905121235963,0.8089244489421586,0.17652631996060147,0.4174757281553398,0.8305324184350925,0.1690770953573451
74,pcg10,0.4986913936771332,0.8426045982100503,0.23105621251395164,0.5728155339805825,0.6394480143898744,0.06458421168457285
74,poisson_pcg10,0.9774624378620984,0.997438411182442,0.28015619117701296,0.9223300970873787,0.11274769173932009,0.03152742523736535
74,cg20,0.40742272995493883,0.8378187491435016,0.21500217710061678,0.5048543689320388,0.713359011060848,0.09015249773228344
74,pcg20,0.6289081722516271,0.8732804149141393,0.2431164024131614,0.6116504854368932,0.5453393569271893,0.05029288302393891
74,poisson_pcg20,0.9999882541484871,1.0,0.2819574439146777,1.0,0.0016170981485947756,0.0005758766466678198
74,cg40,0.6098205041663687,0.9220665591431855,0.2371472284058379,0.5922330097087378,0.5562638855112677,0.04849563748951612
74,pcg40,0.738748245386596,0.9414840348713408,0.25613240711716223,0.6601941747572816,0.4279929861287295,0.028336406321055847
74,poisson_pcg40,0.9999999888241183,1.0,0.2819574439146777,1.0,3.666811701420147e-07,1.048162249696247e-07
74,cg80,0.8056237483012658,0.9719279381845398,0.26781614593712044,0.7766990291262136,0.3630031000456061,0.024541883873271428
74,pcg80,0.9998967460303267,1.0,0.2819574439146777,1.0,0.006517847736141859,0.0005531369378527474
74,poisson_pcg80,1.0,1.0,0.2819574439146777,1.0,1.7285413022332672e-13,1.3776596694313165e-14
74,poisson,0.23577778547671835,0.6370660847748859,0.1501241547151659,0.24271844660194175,32.24862006447396,87.02049818884811
74,amg,0.7425000335276446,0.9411994138916121,0.2604423591779006,0.7087378640776699,0.43454639934868394,0.05139128143278533
74,oracle,1.0,1.0,0.2819574439146777,1.0,1.517063922854269e-13,1.2083459389856195e-14
75,ensemble,0.12415075593662828,0.5948789306684377,0.10880327788185498,0.10679611650485436,,
75,raw,0.31671942055289315,0.6590451493205992,0.11088641183548087,0.08737864077669903,,
75,smoothed,0.3333131236141907,0.6626292653616268,0.1113464301846807,0.07766990291262135,,
75,prediction_magnitude,0.10615591025320076,0.6155086809398818,0.13857538351474277,0.23300970873786409,,
75,boundary_distance,0.29443086190296186,0.6702876780198813,0.12487057997780408,0.13989408649602825,,
75,jacobi1,0.3273654423860954,0.7575767158955546,0.18033865258816292,0.3300970873786408,0.7917147694972896,0.47929541132824216
75,jacobi5,0.5104413020349045,0.9058431632986518,0.21577302208161275,0.4854368932038835,0.6240618608003181,0.23066395861636801
75,jacobi10,0.5935057175810028,0.9399028072061816,0.2297024938126353,0.5533980582524272,0.5414071649278845,0.1647871454056846
75,jacobi20,0.6633458354194979,0.9582766726753318,0.24073237959482827,0.6407766990291263,0.4646290703307984,0.11389529918943536
75,jacobi40,0.7328652166332881,0.9675953743820035,0.24689363793640662,0.6893203883495146,0.40356961542788394,0.07771269606978312
75,jacobi80,0.7869284318897073,0.9736040395096086,0.25346961542035545,0.7572815533980582,0.3607553315021756,0.057957155757445776
75,cg5,0.3318310899613761,0.6871593772071303,0.1164007476976569,0.0970873786407767,0.9372182836401189,0.2879846358750517
75,pcg5,0.5628610480294686,0.9313220117432508,0.22085196217804726,0.5242718446601942,0.5646988712632095,0.11799432525640872
75,poisson_pcg5,0.7991704590158072,0.9246281479607434,0.2278824801099731,0.5242718446601942,0.42004269939040895,0.1730506071128872
75,cg10,0.38048545794292254,0.7476044400872838,0.1740044520748468,0.2912621359223301,0.8116725102380818,0.20794659711624797
75,pcg10,0.7014265342250197,0.9636212221835699,0.24439380489108775,0.6699029126213593,0.42169744792916053,0.0747911201467059
75,poisson_pcg10,0.9824495967741935,0.9964053424412047,0.26529322340217865,0.8640776699029126,0.10470964397984908,0.032980398460969285
75,cg20,0.48294790698090256,0.821943223385303,0.19394538572224196,0.36893203883495146,0.6798566818841293,0.11483901666619438
75,pcg20,0.7945296406730562,0.9731718372811318,0.2519930953405312,0.7184466019417476,0.35737921272209044,0.050540469849087555
75,poisson_pcg20,0.9999912157570988,1.0,0.2676826282393559,1.0,0.001579424560082605,0.0004811335950004818
75,cg40,0.7130218019097345,0.932787282712965,0.23434015751257556,0.6019417475728155,0.4746249703871798,0.06247315662500638
75,pcg40,0.9538666091481295,0.9946976165628327,0.2641070858141127,0.8640776699029126,0.16571475893085846,0.009590691382195681
75,poisson_pcg40,1.0,1.0,0.2676826282393559,1.0,2.457707187028536e-08,1.0718060906737196e-08
75,cg80,0.9156109854445318,0.9867282291304302,0.26257024285401415,0.8446601941747572,0.21407166566562505,0.021864483036917057
75,pcg80,0.9999997764823687,1.0,0.2676826282393559,1.0,5.74163121425515e-05,9.221289897593436e-06
75,poisson_pcg80,1.0,1.0,0.2676826282393559,1.0,5.75810289702915e-14,1.261499487015017e-14
75,poisson,0.34885268399971386,0.6154665148688108,0.14853404442882173,0.14563106796116504,29.309407176218432,86.19873762826782
75,amg,0.9927133028753307,0.9980709022485057,0.26683401718747074,0.9320388349514563,0.08646642094969359,0.037030767998398294
75,oracle,1.0,1.0,0.2676826282393559,1.0,4.891398379647368e-14,5.669669812337246e-15
76,ensemble,0.5725476204312995,0.8478331910228435,0.18648134396198177,0.36893203883495146,,
76,raw,0.09803112259495027,0.5519117042471775,0.07075893903693906,0.0,,
76,smoothed,0.12526199619125955,0.5402000780072315,0.07114538121568388,0.0,,
76,prediction_magnitude,0.6463827471210929,0.8307243076858206,0.16779127789741916,0.24271844660194175,,
76,boundary_distance,0.644285711200369,0.8441805551163256,0.18821756453705332,0.37687555163283315,,
76,jacobi1,0.24863099921321793,0.6931153347458967,0.15800195464105565,0.30097087378640774,0.9591812256895405,0.4567862942636925
76,jacobi5,0.28967169730348324,0.7354395285833254,0.15965448373486432,0.3106796116504854,0.9127763661653548,0.2526928393870123
76,jacobi10,0.3291866305164151,0.7777004733141478,0.17600806577649064,0.3883495145631068,0.8720909403697774,0.20208160713835233
76,jacobi20,0.4055037640369072,0.842457016961302,0.1946141045278127,0.4368932038834951,0.8074390720639097,0.17278079369720675
76,jacobi40,0.5214360337243401,0.9145504569747952,0.21363407332778384,0.5242718446601942,0.7067124237185928,0.15292880577653062
76,jacobi80,0.6925703745261426,0.9614918355944889,0.23546295555744653,0.6601941747572816,0.560427222540523,0.1334876762196985
76,cg5,0.11015450656247765,0.5701063639142764,0.07357097448618646,0.009708737864077669,0.9878222745134797,0.3645705968887833
76,pcg5,0.29434808847721905,0.7579772935707283,0.16866244807394598,0.34951456310679613,0.8807323122985896,0.19444107160126473
76,poisson_pcg5,0.7735046893998997,0.8922129808249791,0.19298473802954827,0.42718446601941745,0.4238511419332271,0.23477138426993954
76,cg10,0.16601279191402618,0.6126835541781306,0.11140739912072424,0.13592233009708737,0.9606039885936588,0.2779002739459923
76,pcg10,0.46792727630355474,0.8810916795800259,0.20288137094145328,0.4563106796116505,0.7284141022287658,0.156454450631705
76,poisson_pcg10,0.995688054323725,0.9982711910860925,0.25074659628555024,0.9223300970873787,0.05066068663032346,0.043237351844321155
76,cg20,0.2599456628638867,0.6468486132633376,0.14797193296352354,0.23300970873786409,0.931092761475506,0.18918038561182762
76,pcg20,0.9033052446176953,0.9802346541855096,0.24460311069951154,0.7572815533980582,0.2533740765183416,0.10428972234834687
76,poisson_pcg20,0.9999981112760172,1.0,0.2518539805282292,1.0,0.0005515071288126206,0.0005152574791596138
76,cg40,0.3798537747657535,0.6802125169981974,0.1524721434896748,0.20388349514563106,0.8510248245785984,0.13871871216457488
76,pcg40,0.9913393958765467,0.9940756670145368,0.24912051453233433,0.8640776699029126,0.09335806751572659,0.02168606629796627
76,poisson_pcg40,1.0,1.0,0.2518539805282292,1.0,6.8574260478455915e-09,1.690651508521489e-08
76,cg80,0.6352708027859236,0.8150069046941378,0.20206989608479062,0.36893203883495146,0.6650410776059714,0.09377342164839812
76,pcg80,0.9999998323617766,1.0,0.2518539805282292,1.0,7.286398677929641e-05,3.357239813984731e-05
76,poisson_pcg80,1.0,1.0,0.2518539805282292,1.0,2.5130461141934068e-14,1.1208727258929024e-14
76,poisson,0.4496575821650811,0.7213138947745696,0.09454043744562957,0.0,13.063543952252667,83.4527139656519
76,amg,0.9969033196838566,0.9955303964664832,0.24991462757416136,0.8640776699029126,0.11718999739358396,0.04205566985137599
76,oracle,1.0,1.0,0.2518539805282292,1.0,2.3585662841939467e-14,7.91279850315425e-15
77,ensemble,0.22948511596094695,0.7284188777500185,0.15646654661776013,0.2621359223300971,,
77,raw,0.18092595531435518,0.5976091837702793,0.158703647262297,0.22330097087378642,,
77,smoothed,0.26721009763250125,0.7180143997132707,0.16473355854148025,0.27184466019417475,,
77,prediction_magnitude,0.30509088226879333,0.7838040121016624,0.10716219944439133,0.07766990291262135,,
77,boundary_distance,0.2778111604463592,0.7510778701917502,0.10869758686864375,0.13018534863195058,,
77,jacobi1,0.20310268176453755,0.6025215310500406,0.17109262261001842,0.2524271844660194,0.8914530618344538,0.5453376522378927
77,jacobi5,0.3404476164079822,0.6980487650611935,0.2031982374685472,0.3106796116504854,0.7508087654501152,0.28734609198486927
77,jacobi10,0.4671100399649523,0.8149436555875315,0.2347201773721272,0.4563106796116505,0.655762303363956,0.2013351403120718
77,jacobi20,0.5957118477755525,0.9159524788379031,0.26183924001826286,0.5922330097087378,0.5410645765692702,0.1478362093847666
77,jacobi40,0.7309435349760388,0.9727290935348871,0.2860664794003005,0.7378640776699029,0.41302384374062384,0.12104660094026654
77,jacobi80,0.8491460732422572,0.9915351612325143,0.2968571345495993,0.8446601941747572,0.2984675220862253,0.11310495897154361
77,cg5,0.19671083747586007,0.6115239872236805,0.17220821087533586,0.2621359223300971,0.9472668359842505,0.2841203056981783
77,pcg5,0.43282786683713603,0.7838461781727333,0.2251379945525144,0.4077669902912621,0.6595739930526509,0.1372844586510709
77,poisson_pcg5,0.7614639287246978,0.9718225230068626,0.26998754881443265,0.6699029126213593,0.5517653358632827,0.1805123441351364
77,cg10,0.2008078485980974,0.6195355407271539,0.1760267529358057,0.27184466019417475,0.8988130064609503,0.2107657044097886
77,pcg10,0.6615274412595665,0.9588353731170214,0.2785909821056584,0.6796116504854369,0.4599136397552538,0.05253892102905927
77,poisson_pcg10,0.9996679757349259,0.9999894584822323,0.3060697607590343,0.9902912621359223,0.013199621401914774,0.009076419981499393
77,cg20,0.22049410807524494,0.6310679611650486,0.18827300658978388,0.3106796116504854,0.8059947228444061,0.11258834536889435
77,pcg20,0.8801438224197123,0.9938121290703436,0.30005735276597695,0.8737864077669902,0.26051612057288154,0.01603055400866926
77,poisson_pcg20,0.999999921768829,1.0,0.3060742412657477,1.0,3.507995628909242e-05,3.453451097396559e-05
77,cg40,0.393070003486875,0.8195292158164933,0.2300829607917754,0.46601941747572817,0.654969794526097,0.056114203034505476
77,pcg40,0.9385988126743436,0.9972908299336939,0.3036999675946718,0.9320388349514563,0.18624666219667274,0.012362030828683198
77,poisson_pcg40,1.0,1.0,0.3060742412657477,1.0,3.743960426329128e-12,6.073268140532734e-13
77,cg80,0.869747849760389,0.9925576884559839,0.298857160807604,0.8543689320388349,0.25590603997929956,0.01670950108250436
77,pcg80,0.9999807327802016,1.0,0.3060742412657477,1.0,0.002299890371237019,0.0002502448510062494
77,poisson_pcg80,1.0,1.0,0.3060742412657477,1.0,3.876283377361843e-12,2.4497130224543126e-13
77,poisson,0.41611873927115367,0.8961028008812709,0.2230039907402452,0.49514563106796117,20.052597684279974,80.87161750057089
77,amg,0.9890870645876547,0.9979233209997576,0.30489170192223064,0.9223300970873787,0.11314401701896416,0.06023980377285768
77,oracle,1.0,1.0,0.3060742412657477,1.0,3.905654841419538e-12,2.4677011814723154e-13
78,ensemble,0.22647799915957367,0.7518632132654459,0.16070839238618967,0.3106796116504854,,
78,raw,0.1697276661183034,0.6454149668469267,0.11283499839773704,0.10679611650485436,,
78,smoothed,0.20143760952363923,0.6275154696773242,0.12634414274166292,0.18446601941747573,,
78,prediction_magnitude,0.2603103989342679,0.7022864552038203,0.13155955492664118,0.22330097087378642,,
78,boundary_distance,0.3524719123847046,0.729404509661301,0.14090393492159112,0.24095322153574583,,
78,jacobi1,0.2711822294542593,0.7551310837734417,0.16984672867366185,0.33980582524271846,0.8598456373639894,0.4861169935032947
78,jacobi5,0.4699496526536012,0.854558679358654,0.20522425921558976,0.49514563106796117,0.720934408069474,0.25622716924835703
78,jacobi10,0.5711981439095916,0.8949537754445885,0.22539497405635409,0.5631067961165048,0.6343669865400017,0.20696320105040042
78,jacobi20,0.6912995203311636,0.9388275723938733,0.24085407948194537,0.6213592233009708,0.5207504392998958,0.167759364251151
78,jacobi40,0.8107621615943064,0.972349598895249,0.26216981036694864,0.7572815533980582,0.3860836416446095,0.13162766823642688
78,jacobi80,0.9157466494707102,0.9914929951614433,0.27344232422231957,0.8640776699029126,0.24568898557301136,0.09392480058624933
78,cg5,0.1966731859309062,0.6757323719469129,0.12936111664866817,0.11650485436893204,0.9345280653099022,0.26866334319220403
78,pcg5,0.5362768109398469,0.8793734121838862,0.21971367036503192,0.5339805825242718,0.6483985643169979,0.17417902832801857
78,poisson_pcg5,0.6788973092947571,0.9023222963642306,0.2292535580125696,0.47572815533980584,0.5387225178805505,0.1652657934331526
78,cg10,0.2839208121736642,0.724750429566849,0.15954341377972736,0.20388349514563106,0.8441784991866216,0.20096365865294666
78,pcg10,0.7947667593519775,0.9646753739603429,0.2571693153838084,0.6893203883495146,0.3776547173979803,0.11644908922941129
78,poisson_pcg10,0.9777095366032472,0.9964053424412047,0.27599568017632087,0.9029126213592233,0.13288482021529455,0.03959754579855656
78,cg20,0.4468763746334311,0.7881365759041987,0.1953630370231017,0.33980582524271846,0.7117129445068733,0.10435423498638953
78,pcg20,0.9695662752127887,0.997364620558068,0.27721531119499787,0.912621359223301,0.12298001111071027,0.03000370429414093
78,poisson_pcg20,0.9999800510514268,1.0,0.2785604187115807,1.0,0.002936920688836548,0.0017996118893510449
78,cg40,0.6399286978756884,0.8692430136090994,0.22693445344281968,0.4563106796116505,0.5652248348136536,0.05998265600613875
78,pcg40,0.9995151120270365,0.9999894584822323,0.27853998098394084,0.9902912621359223,0.014793724016182605,0.0035293223187318305
78,poisson_pcg40,1.0,1.0,0.2785604187115807,1.0,1.579227269797104e-07,6.305522144508708e-08
78,cg80,0.8899051279414919,0.9670472154580817,0.27034827280205065,0.7864077669902912,0.2786876859979957,0.025870951159243365
78,pcg80,0.9999979212860309,1.0,0.2785604187115807,1.0,0.0005333292677680735,4.4216201594570415e-05
78,poisson_pcg80,1.0,1.0,0.2785604187115807,1.0,1.2307893678695288e-13,1.470680392013192e-14
78,poisson,0.3211748086689078,0.6850299906180491,0.15495227704395267,0.17475728155339806,30.803409374782213,85.56985614089017
78,amg,0.9386667173306629,0.982079419794862,0.267534504501779,0.8349514563106796,0.22858224617477982,0.06369800994008125
78,oracle,1.0,1.0,0.2785604187115807,1.0,1.183387997815787e-13,9.86786051574785e-15
79,ensemble,0.38119777510550035,0.7213876853989437,0.1928178879234836,0.24271844660194175,,
79,raw,0.10447060966669049,0.7181725224797867,0.15786593032916216,0.2621359223300971,,
79,smoothed,0.1751564176382233,0.8259490001370398,0.20588061057737359,0.3592233009708738,,
79,prediction_magnitude,0.741385071704456,0.9075508891770238,0.32602404792341005,0.47572815533980584,,
79,boundary_distance,0.34036567312739374,0.7803411235149637,0.12295631698524759,0.11540158870255958,,
79,jacobi1,0.3151423024998211,0.726226242054331,0.23777375051497218,0.3592233009708738,0.982541986317964,0.6575893643831289
79,jacobi5,0.3694838754380945,0.7848054562895965,0.25641483720987485,0.4368932038834951,0.933015501414952,0.5281784034359047
79,jacobi10,0.47158921035691287,0.8758630867672328,0.30910694593756216,0.6116504854368932,0.8877024740044168,0.4797858423772798
79,jacobi20,0.5879798476503827,0.9481251910650096,0.3597077640561718,0.7378640776699029,0.8169279353713007,0.41913153437803063
79,jacobi40,0.6874735243365996,0.9781790582208026,0.3852632631718716,0.7864077669902912,0.7136719419410826,0.3422844872395957
79,jacobi80,0.742978260675202,0.989447940714504,0.40542467574791785,0.8155339805825242,0.585502009714782,0.25527966337156627
79,cg5,0.1330475176131893,0.7134604640376121,0.15849908844501673,0.27184466019417475,0.9772571844312886,0.5061836481559058
79,pcg5,0.4909922953472569,0.9034924048364483,0.33388726332034824,0.6796116504854369,0.8470004045177664,0.4634651994058599
79,poisson_pcg5,0.8233554355017523,0.9966688803853979,0.4099468933505582,0.9029126213592233,0.2718863069642165,0.13816040908238075
79,cg10,0.19848484103426078,0.765008485921803,0.20557953617538086,0.4077669902912621,0.9308767715849773,0.37195004796687753
79,pcg10,0.7155533849510048,0.9819318385461139,0.3947652208473382,0.7864077669902912,0.5821190444566569,0.29878364417266917
79,poisson_pcg10,0.9886770885487447,0.9999683754466968,0.4170749130249938,0.9902912621359223,0.040419441224544626,0.03223131307198913
79,cg20,0.19046058043058436,0.7921528941737032,0.23850870824148293,0.4854368932038835,0.8640616916033229,0.2631819352379859
79,pcg20,0.7379771654388098,0.9934115513951699,0.40867610361384304,0.8446601941747572,0.4089292793113258,0.16299444397484109
79,poisson_pcg20,0.9999944679386309,1.0,0.4173267147596596,1.0,0.000386618787483736,0.0007443718572893254
79,cg40,0.27075300854731416,0.9408410022875093,0.34457968124168864,0.6990291262135923,0.7208424825018394,0.1827549905013125
79,pcg40,0.7936080327766254,0.9996942959847359,0.4165923839414919,0.9611650485436893,0.18132233279266446,0.06947454929032863
79,poisson_pcg40,1.0,1.0,0.4173267147596596,1.0,4.15582212838951e-08,4.376863349653467e-08
79,cg80,0.7249554082326013,0.9964791330655788,0.4106393929221131,0.9029126213592233,0.39042455925760694,0.09123432733103107
79,pcg80,0.9999968819290463,1.0,0.4173267147596596,1.0,0.00024408062049471356,7.865873086675366e-05
79,poisson_pcg80,1.0,1.0,0.4173267147596596,1.0,6.922347306979502e-15,8.171132891987195e-15
79,poisson,0.31627405049710317,0.8444493638194027,0.1563409733885395,0.2815533980582524,16.13850724980195,74.72416397829524
79,amg,0.9775948832343895,0.9993253428628653,0.4160743333076135,0.9514563106796117,0.18111641680623436,0.11745002636614002
79,oracle,1.0,1.0,0.4173267147596596,1.0,8.408176006195304e-15,4.449024356633092e-15
80,ensemble,0.23266301140833986,0.6710519380580416,0.18660229040942217,0.2524271844660194,,
80,raw,0.23106563148201126,0.5524704046888671,0.16173829624145777,0.1553398058252427,,
80,smoothed,0.3091195193476861,0.6834698459884254,0.19233898126820975,0.22330097087378642,,
80,prediction_magnitude,0.30556639367713323,0.8168200457501871,0.10753546213547123,0.10679611650485436,,
80,boundary_distance,0.46965515989807405,0.6873227707325301,0.11203849745615177,0.07259488084730803,,
80,jacobi1,0.2002104865531793,0.614992146569263,0.18244043918420966,0.2815533980582524,0.9605239722848903,0.6378171344032568
80,jacobi5,0.326704131946928,0.6434647860598969,0.21016445390824046,0.3106796116504854,0.9011505136214771,0.44447627294184266
80,jacobi10,0.37328746379014377,0.6901110021820942,0.22803032017411481,0.3300970873786408,0.8564866025718251,0.3942468538559046
80,jacobi20,0.4479513268006581,0.7858279835130663,0.265072180413933,0.4077669902912621,0.787974385249293,0.34513572739895504
80,jacobi40,0.5588058347042414,0.8990228013029316,0.3395922764146887,0.5922330097087378,0.6758849714987162,0.28230734562812326
80,jacobi80,0.7041603560188827,0.9740784078091563,0.37013076999671113,0.6990291262135923,0.5072044733638605,0.20251968069091753
80,cg5,0.24652877118947142,0.5580574091057631,0.16809700729440386,0.1650485436893204,0.9552461909732832,0.41511317913682316
80,pcg5,0.3740363707889278,0.687517788811233,0.23650557711247552,0.3300970873786408,0.8523610231547241,0.3720162624547599
80,poisson_pcg5,0.7954251752378226,0.9915035366792111,0.4034544233105174,0.9029126213592233,0.25905652223304404,0.13976898154579628
80,cg10,0.31290142648952146,0.6335346763226969,0.2279371110451716,0.2815533980582524,0.8486192108952776,0.3042375433697382
80,pcg10,0.5474218582361776,0.9150142837565752,0.33390607988987614,0.5922330097087378,0.5936921548445491,0.2383810772406051
80,poisson_pcg10,0.9467933601852513,0.9997891696446455,0.40777401501342303,0.9805825242718447,0.11503412423096393,0.04453275272591489
80,cg20,0.4393048266397253,0.7054067444630678,0.267467106466317,0.3592233009708738,0.7213270367984851,0.18850562316606312
80,pcg20,0.8390166677097488,0.9921254862275071,0.39969450531683687,0.8640776699029126,0.2532939200526076,0.09877740837288852
80,poisson_pcg20,0.9999379291538516,1.0,0.40795690371075644,1.0,0.0031267812429998953,0.0021824246201889758
80,cg40,0.5912276594127744,0.7874197526959932,0.33954716701366144,0.5436893203883495,0.5323925912441307,0.10126955562835196
80,pcg40,0.9897180213325227,0.99953617321822,0.4076220695507857,0.970873786407767,0.05739439113071553,0.013300830380949074
80,poisson_pcg40,1.0,1.0,0.40795690371075644,1.0,9.85797782970953e-08,1.0623063740946604e-07
80,cg80,0.8324474174772906,0.9869074349324816,0.39777144015731025,0.8349514563106796,0.2610756083332797,0.04485841930987558
80,pcg80,0.9999904557971532,1.0,0.40795690371075644,1.0,0.000813762431876563,0.00015165225572301173
80,poisson_pcg80,1.0,1.0,0.40795690371075644,1.0,5.316091796233552e-14,1.2915249477640544e-14
80,poisson,0.5383449860524998,0.7334471817252248,0.1789160229925818,0.1262135922330097,29.575832067992103,81.55069774923825
80,amg,0.9487485583112795,0.9944973277252459,0.40133226229594576,0.8737864077669902,0.27331138900854285,0.1195740387748127
80,oracle,1.0,1.0,0.40795690371075644,1.0,5.2721820934963936e-14,1.1395607068241228e-14
81,ensemble,0.22190022396466627,0.5716243424728292,0.12429929421216648,0.13592233009708737,,
81,raw,0.2554706051963379,0.6493891190453601,0.13072566732420426,0.1553398058252427,,
81,smoothed,0.2991792879622344,0.6003288953543531,0.1318238439681108,0.17475728155339806,,
81,prediction_magnitude,0.4407131330019312,0.7170551215964075,0.14630342424356096,0.18446601941747573,,
81,boundary_distance,0.4195238206500629,0.7035988741659024,0.124039241832743,0.12378640776699029,,
81,jacobi1,0.27901492427222657,0.6629455108946586,0.16484892094729062,0.2524271844660194,0.886822161032167,0.5103725104748557
81,jacobi5,0.3314049647736213,0.742976713787251,0.18321970784768135,0.3300970873786408,0.7828073712969852,0.2464421635289861
81,jacobi10,0.3940388853622773,0.811317373475433,0.1874822769247564,0.3592233009708738,0.7275694479369152,0.1694053195306304
81,jacobi20,0.4726581722516272,0.8682731939744684,0.20166776263372738,0.4077669902912621,0.6628128932598732,0.11185275088534763
81,jacobi40,0.5728722462627851,0.9130641029695455,0.21724748617756037,0.49514563106796117,0.5899249896483914,0.08611961213510395
81,jacobi80,0.6645721537264859,0.9381318322212032,0.23312485001612732,0.6504854368932039,0.5175053896778553,0.07982410179867037
81,cg5,0.25297048226164076,0.6644107818643729,0.13579956278594962,0.18446601941747573,0.935365707928197,0.19043872130660716
81,pcg5,0.36669971747371427,0.7831926040711341,0.18228335022428593,0.3300970873786408,0.7489653643337467,0.09090328578956959
81,poisson_pcg5,0.7332953986660468,0.9014684334250446,0.22918444576115854,0.42718446601941745,0.5552030559746871,0.11932096944612604
81,cg10,0.2575538453973249,0.6865268861410666,0.15816571605715557,0.27184466019417475,0.8907969750668202,0.13731844509944358
81,pcg10,0.5057084838352048,0.8815027987729673,0.2026107399998721,0.4174757281553398,0.6337934163996812,0.043417352139331934
81,poisson_pcg10,0.9916710960410556,0.9980076531418993,0.279968108222404,0.9223300970873787,0.08063945640651424,0.01984226908887009
81,cg20,0.2835702918246191,0.7187101398859408,0.178818160980703,0.32038834951456313,0.8200693120373408,0.07839164702421153
81,pcg20,0.6970479579429224,0.9404825906834066,0.2474619939524435,0.7281553398058253,0.4809942237290872,0.03373994386331508
81,poisson_pcg20,0.9999971613260854,1.0,0.28089891244087306,1.0,0.0006057987440396937,0.0003287316605286347
81,cg40,0.41142583014448175,0.7982353499256823,0.20668620107614036,0.42718446601941745,0.706260925645175,0.04958732924510589
81,pcg40,0.8469372608361347,0.970251836859471,0.2632847869116299,0.7572815533980582,0.3285084425758501,0.02113682577624722
81,poisson_pcg40,1.0,1.0,0.28089891244087306,1.0,1.2145423786316764e-07,4.8058832275869406e-08
81,cg80,0.7251579934375223,0.92274121628032,0.2516381925784819,0.5825242718446602,0.4510927122819327,0.02648199776814817
81,pcg80,0.9697711738251914,0.998450396888144,0.28000827887889274,0.941747572815534,0.11966524182145136,0.004794306733670192
81,poisson_pcg80,1.0,1.0,0.28089891244087306,1.0,9.236162153765825e-13,4.018982703079068e-14
81,poisson,0.36154804958515124,0.7024762025236394,0.16990898977479496,0.27184466019417475,32.06794894908515,88.0044016903367
81,amg,0.84605735015378,0.9900277241917291,0.2734730301874581,0.8349514563106796,0.3242578936404437,0.036375023702908835
81,oracle,1.0,1.0,0.28089891244087306,1.0,9.590920712513502e-13,4.1356830429883486e-14
82,ensemble,0.45260788078463626,0.6861157669481251,0.18385566714207185,0.27184466019417475,,
82,raw,0.394782070309706,0.8171257497654513,0.1905949230746974,0.3592233009708738,,
82,smoothed,0.6895529535619769,0.9060223691007031,0.20129967815638047,0.42718446601941745,,
82,prediction_magnitude,0.6291274989271153,0.6710413965402738,0.12973016292691578,0.009708737864077669,,
82,boundary_distance,0.7551401485382973,0.8611313156868325,0.20124704630627868,0.3199470432480141,,
82,jacobi1,0.31378802034904507,0.707567755605452,0.17980266355133723,0.3106796116504854,0.9972430444085673,0.7368023591908968
82,jacobi5,0.25220214040483513,0.6450987213138948,0.16149626616407098,0.23300970873786409,0.9892072462498444,0.6136500072773154
82,jacobi10,0.27904821722337453,0.6390373485974511,0.17245309436927025,0.2621359223300971,0.9809902897620001,0.572239353909735
82,jacobi20,0.33706378299120227,0.6816672464501439,0.17834817266333272,0.27184466019417475,0.9671557044453258,0.5372250933425369
82,jacobi40,0.39014118491166583,0.7321821995930974,0.19042325308223118,0.30097087378640774,0.9431997611072137,0.5088648554926796
82,jacobi80,0.501769063818754,0.820235497506931,0.21688364747268996,0.3786407766990291,0.9009411941281164,0.4771240470628852
82,cg5,0.38453193172877476,0.8064261092312071,0.2013170894634265,0.3883495145631068,0.9929977649899119,0.5889848128670061
82,pcg5,0.29931248211858946,0.6627557635748395,0.1739887165781509,0.2621359223300971,0.9774657436575724,0.5615246048158399
82,poisson_pcg5,0.990592031149417,0.997438411182442,0.30694547709562214,0.883495145631068,0.12236591949462085,0.1665590157109675
82,cg10,0.35930339612688644,0.7699102916837967,0.20919758805433514,0.3883495145631068,0.9801425751935476,0.5340201349263018
82,pcg10,0.3819907821328946,0.7217250139675111,0.18900948529255268,0.2815533980582524,0.942796817241961,0.5096775658221454
82,poisson_pcg10,0.9994443239932765,0.9999262093756259,0.3109896288815048,0.9805825242718447,0.01974763847394259,0.030929325165224848
82,cg20,0.3938442573850225,0.8296385313557446,0.26027773745332533,0.5533980582524272,0.9201322215816051,0.4638042526712848
82,pcg20,0.729169106734139,0.9276113974890104,0.24832168405649238,0.47572815533980584,0.7234022394416181,0.40538438723703113
82,poisson_pcg20,0.999999519437093,1.0,0.31105288145502025,1.0,0.00024313911927009184,0.000366076999364238
82,cg40,0.5058683995243545,0.9803084448098838,0.2933172137939271,0.7281553398058253,0.6920308768634286,0.2875692901299993
82,pcg40,0.8837970169336956,0.9999683754466968,0.3109341922650247,0.9902912621359223,0.22660965824813992,0.06412673465586605
82,poisson_pcg40,1.0,1.0,0.31105288145502025,1.0,4.8418070430659155e-09,1.0844315708073604e-08
82,cg80,0.6992663369036548,0.9968480861874492,0.3070634013924819,0.8932038834951457,0.45717507827450976,0.14677009367245314
82,pcg80,0.9999412148630284,1.0,0.31105288145502025,1.0,0.0033859216412340503,0.0020747973467550506
82,poisson_pcg80,1.0,1.0,0.31105288145502025,1.0,1.0555573877161549e-13,3.136938545468066e-14
82,poisson,0.8462472395572561,0.8571835172828184,0.2281194547741868,0.4563106796116505,5.80614303254661,69.07483195466524
82,amg,0.9650118687862098,0.9987455593856404,0.3098455486871169,0.9320388349514563,0.2377325602526443,0.11469422564640001
82,oracle,1.0,1.0,0.31105288145502025,1.0,1.2198956405528082e-13,3.583578446451399e-14
83,ensemble,0.2555383757420785,0.7211979380791246,0.14747623308948019,0.2815533980582524,,
83,raw,0.15505822634289393,0.6682689773673613,0.16713569859215105,0.3592233009708738,,
83,smoothed,0.13136165823260137,0.6927885476950971,0.16519612639738,0.34951456310679613,,
83,prediction_magnitude,0.3288472413453973,0.6730548264339099,0.11255294107354637,0.13592233009708737,,
83,boundary_distance,0.3429772609995344,0.6760222636855254,0.11649670881573036,0.13481906443071492,,
83,jacobi1,0.16008684777555254,0.6588659435185478,0.1658648784760991,0.34951456310679613,0.9184709262669818,0.5794839120473239
83,jacobi5,0.29008388616694086,0.7749069711056998,0.18053350915518251,0.4174757281553398,0.8222500352115454,0.28939786186790634
83,jacobi10,0.3824367221586438,0.8066580226220972,0.18733720461370884,0.42718446601941745,0.7628971243867368,0.20474693724821066
83,jacobi20,0.485818622147915,0.8538313146326808,0.20231930394866682,0.47572815533980584,0.6856340618629515,0.17409925293763437
83,jacobi40,0.6341611383305914,0.8908531250329422,0.21508966646136926,0.5048543689320388,0.5816200809142441,0.16362690261870136
83,jacobi80,0.7739453879372005,0.9078671347100555,0.23206083595083,0.5631067961165048,0.4620726511346849,0.1546215576327403
83,cg5,0.16090037372147914,0.6745200974036242,0.17164901457020895,0.36893203883495146,0.9711043087487617,0.28084709207409425
83,pcg5,0.33425717268078103,0.7898653848181061,0.18142656109726474,0.4174757281553398,0.7799109749441997,0.1171336710235647
83,poisson_pcg5,0.8834602205671983,0.9746265667330782,0.25265946767845177,0.7184466019417476,0.31006320809057,0.14002230102248645
83,cg10,0.16903339800443457,0.690469413786197,0.16914188790553186,0.3786407766990291,0.9133790768416763,0.2049975291833988
83,pcg10,0.5458517251090765,0.8721735555485278,0.20843039827545037,0.4563106796116505,0.6313429294452414,0.07605215617731799
83,poisson_pcg10,0.9994163731135112,0.9997997111624132,0.2665852462383351,0.970873786407767,0.01810834915861745,0.012388071293862284
83,cg20,0.208095987411487,0.7226632090488389,0.1745481965754292,0.3786407766990291,0.8557064789074748,0.13583005465629583
83,pcg20,0.8154088584507545,0.8975891548865206,0.2354028445307948,0.5533980582524272,0.4259127396241275,0.049198508411432904
83,poisson_pcg20,0.9999995864923824,1.0,0.2667104810439536,1.0,0.00015399733042474812,7.623188772855528e-05
83,cg40,0.425815191152278,0.8473377396877603,0.2113744635021457,0.5048543689320388,0.7001137412213333,0.0737357533164324
83,pcg40,0.786485252306702,0.9383215795410224,0.2496685078878184,0.7281553398058253,0.45165932113016816,0.03421686245284865
83,poisson_pcg40,1.0,1.0,0.2667104810439536,1.0,8.685371226676193e-12,6.557494309262824e-12
83,cg80,0.8704323613296615,0.9783371809873186,0.25326277109658785,0.7087378640776699,0.2965950838650787,0.020985837185628006
83,pcg80,0.9989884374329446,0.9995994223248263,0.2665705315589117,0.9611650485436893,0.025146379423031284,0.0026947824961804415
83,poisson_pcg80,1.0,1.0,0.2667104810439536,1.0,5.811661967954137e-13,6.00274451979812e-14
83,poisson,0.5345034332308132,0.8067950623530776,0.18193612102860937,0.33980582524271846,17.185465330320337,80.96474683203868
83,amg,0.9879203807846363,0.9984714799236795,0.26531668321465424,0.941747572815534,0.12915201736055154,0.03979084830757912
83,oracle,1.0,1.0,0.2667104810439536,1.0,5.644089532596228e-13,5.820915752950871e-14
84,ensemble,0.3397552034904513,0.6894785111160305,0.14277517732747783,0.1553398058252427,,
84,raw,0.15232608093126385,0.6167525800364736,0.15037096568987102,0.17475728155339806,,
84,smoothed,0.13995652582075674,0.6426741722273173,0.1785943295592579,0.23300970873786409,,
84,prediction_magnitude,0.4652533795865818,0.806004448520498,0.10150354441816037,0.05825242718446602,,
84,boundary_distance,0.30916035752373106,0.776799173545007,0.1525774559084675,0.23962930273609886,,
84,jacobi1,0.38877768265860807,0.7640492078049398,0.22768052792513993,0.3786407766990291,0.9037883077053404,0.44414367096254764
84,jacobi5,0.4483572906980902,0.7700367898970094,0.25212707380884103,0.4563106796116505,0.8207335493341714,0.2600451045341751
84,jacobi10,0.5307559478041627,0.7859439402085112,0.269593287605886,0.4854368932038835,0.7620506826831503,0.2047339785522719
84,jacobi20,0.5844126180173091,0.7789970799995783,0.27798532781966323,0.5145631067961165,0.6894367487757876,0.158357226963382
84,jacobi40,0.6381586952828839,0.8328431527571339,0.3023956527121972,0.5825242718446602,0.6079298925972804,0.11368273122898877
84,jacobi80,0.6968353367963666,0.9072978927505982,0.3155221745273973,0.6116504854368932,0.5265476293083536,0.07418542490394045
84,cg5,0.20002619626636148,0.6427690458872268,0.14990380249062316,0.1650485436893204,0.9316520918918765,0.2600212505531428
84,pcg5,0.5236026683534797,0.7819697880100777,0.2617009992607279,0.47572815533980584,0.7628014356749702,0.1878584366865587
84,poisson_pcg5,0.46758065633717183,0.7356609004564477,0.24702953619192122,0.3786407766990291,0.8001145065989426,0.15894115602824668
84,cg10,0.3067086470030756,0.7100344707631004,0.17909073479763885,0.23300970873786409,0.8654230801232224,0.18516631868917366
84,pcg10,0.628130755579,0.831483296965097,0.2910915517878972,0.5533980582524272,0.6263697180798861,0.10202495705761733
84,poisson_pcg10,0.9691260907660396,0.998218483497254,0.38141009063958015,0.9223300970873787,0.10647369702410343,0.03336970146978007
84,cg20,0.44933025177025965,0.7569231417939555,0.2664540624614168,0.42718446601941745,0.7680388840001627,0.10752822405879704
84,pcg20,0.7192740817895715,0.9421692335262432,0.3241149623192307,0.6213592233009708,0.4830576818086793,0.03902432953302541
84,poisson_pcg20,0.9999890364601958,1.0,0.38298234833773753,1.0,0.0012849475242376822,0.000634686056757743
84,cg40,0.5762331355947358,0.8427838040121016,0.30053184672166805,0.5242718446601942,0.615473040127579,0.06203705358379158
84,pcg40,0.8338082039911306,0.9689763132095759,0.35064883610519015,0.7087378640776699,0.37520702018480834,0.02425542888119826
84,poisson_pcg40,1.0,1.0,0.38298234833773753,1.0,2.5060898989256545e-07,9.297610354738453e-08
84,cg80,0.7676666547457264,0.9664147243920179,0.35225885638808346,0.7087378640776699,0.3960990691161067,0.028705643811996296
84,pcg80,0.9987824212323868,1.0,0.38298234833773753,1.0,0.01815693500906255,0.001513485763930548
84,poisson_pcg80,1.0,1.0,0.38298234833773753,1.0,2.371386135168793e-13,1.6687058970892316e-14
84,poisson,0.22625533089550104,0.6942432771470436,0.14924805156806473,0.20388349514563106,27.66610054428909,87.54073367690876
84,amg,0.7016653181102924,0.865268861410666,0.286095181980535,0.47572815533980584,0.6092436025238549,0.059931755697517027
84,oracle,1.0,1.0,0.38298234833773753,1.0,2.7244466510184104e-13,1.8146754786899337e-14
85,ensemble,0.25531643391030684,0.7829712321980119,0.19312555765749892,0.3592233009708738,,
85,raw,0.29783771278878474,0.6650116483771333,0.15189961726230994,0.24271844660194175,,
85,smoothed,0.33884463736499526,0.7310964232630214,0.17059827639608485,0.3300970873786408,,
85,prediction_magnitude,0.27514352067091047,0.7585254524946502,0.20100923017140107,0.33980582524271846,,
85,boundary_distance,0.5211557517233987,0.9231997723032163,0.22625124722473522,0.48764342453662846,,
85,jacobi1,0.26974582692582794,0.6925671758219748,0.166988652896402,0.2524271844660194,0.9271393863719167,0.6690994308907364
85,jacobi5,0.32166762034189256,0.6776614696984071,0.1906716508784742,0.2912621359223301,0.8402814130651094,0.49864688231025367
85,jacobi10,0.34980944004363057,0.7615930341650591,0.21307266021403087,0.36893203883495146,0.7756566036409317,0.4136018221340678
85,jacobi20,0.4201158938917102,0.8632132654459589,0.23918379374433948,0.47572815533980584,0.6863435600725337,0.3204623133988643
85,jacobi40,0.5556240500500679,0.9331351527993,0.2742714692102189,0.6601941747572816,0.566220660082769,0.22836092956599324
85,jacobi80,0.7324209306380086,0.9505181155982838,0.29759321707395914,0.7766990291262136,0.4387711413811898,0.1539522233382138
85,cg5,0.32359732628209714,0.7106037127225578,0.17331468221996285,0.32038834951456313,0.9093494592407105,0.43326150456117335
85,pcg5,0.349389618053072,0.7929645910418182,0.2100996983143819,0.3592233009708738,0.7528293722415985,0.3577977504410741
85,poisson_pcg5,0.5874537318503682,0.9218978948589018,0.27494532505409214,0.6213592233009708,0.5620982697708738,0.20003530105873418
85,cg10,0.40251960249624485,0.7468454508080073,0.21273357992883157,0.3592233009708738,0.8234735234702102,0.28243219625638194
85,pcg10,0.5716925760854016,0.9355175358148066,0.27383628967797025,0.6796116504854369,0.5524866401953837,0.1812167578696489
85,poisson_pcg10,0.9903684799907017,0.9997786281268777,0.3280027783371145,0.970873786407767,0.07367474293313304,0.034112991913742535
85,cg20,0.5415921049102352,0.7666845872468718,0.2289605503686024,0.3883495145631068,0.7173772067379242,0.15080679998219282
85,pcg20,0.7989970875652671,0.9421586920084754,0.3034013442834362,0.7669902912621359,0.39100387548365795,0.05831574819938744
85,poisson_pcg20,0.9999966807631784,1.0,0.3286503624198518,1.0,0.0008336626137447815,0.000474088149153547
85,cg40,0.6653904853014805,0.8141319587194165,0.2541534750339781,0.4854368932038835,0.5973207744059028,0.08346255225444664
85,pcg40,0.8032423467563121,0.9569273584010626,0.30720438934916533,0.7378640776699029,0.37331118517894085,0.03639400150295461
85,poisson_pcg40,1.0,1.0,0.3286503624198518,1.0,5.105290738149199e-08,4.855266122946491e-08
85,cg80,0.7943873381732349,0.9599527740004006,0.29765431570783324,0.7281553398058253,0.3856228985617517,0.041735259167795885
85,pcg80,0.997983792736571,0.9997575450913423,0.3284937301925811,0.970873786407767,0.028798874810834547,0.00400765749088636
85,poisson_pcg80,1.0,1.0,0.3286503624198518,1.0,9.56338999194469e-14,1.1831771671227011e-14
85,poisson,0.3767387436520993,0.7820014125633808,0.17809053214090448,0.21359223300970873,28.458207259518925,78.65940098532032
85,amg,0.9383625545383018,0.9891844027703108,0.3224522202170546,0.8737864077669902,0.24508154834546203,0.09511293422917473
85,oracle,1.0,1.0,0.3286503624198518,1.0,9.008077990612028e-14,1.0784249915485647e-14
86,ensemble,0.36727116264930976,0.7412900709444146,0.19583232638002282,0.3106796116504854,,
86,raw,0.36080860855804303,0.8189494323392682,0.2986119170931297,0.5436893203883495,,
86,smoothed,0.5527721885952364,0.9422324826328495,0.30182148958724914,0.5436893203883495,,
86,prediction_magnitude,0.6277354646484514,0.7448214793966035,0.17325603195832756,0.009708737864077669,,
86,boundary_distance,0.5497197696808734,0.6949126635252943,0.19393144292911893,0.1114298323036187,,
86,jacobi1,0.3097257662184393,0.7144302836722431,0.23123365716330269,0.34951456310679613,0.9799042879195383,0.6949078780261478
86,jacobi5,0.31931976879336244,0.7007579351274996,0.23370623711154478,0.3592233009708738,0.9493782429104898,0.5063699750555273
86,jacobi10,0.36034475359416346,0.7204178657643128,0.23174408512717098,0.33980582524271846,0.930048254689463,0.4385734505551438
86,jacobi20,0.4040613824118445,0.7468138262547042,0.22762412500630455,0.33980582524271846,0.901507475001272,0.3697937896549863
86,jacobi40,0.433569140708819,0.7925534718488768,0.2472585830424622,0.4077669902912621,0.8593913375295031,0.28441514350907265
86,jacobi80,0.43765721112581357,0.8657432297102137,0.26298893918164334,0.47572815533980584,0.810648869779503,0.1935476901876125
86,cg5,0.357497597185466,0.80817600118065,0.29879081122687884,0.5436893203883495,0.9650640322813873,0.4589404878736493
86,pcg5,0.3556166739682426,0.7152630635758936,0.23054839225223867,0.33980582524271846,0.9297346242864716,0.4073451770419932
86,poisson_pcg5,0.6807876426042485,0.9943075804054268,0.4030943269776008,0.8932038834951457,0.4676462412603235,0.14340113468638183
86,cg10,0.34854658777984404,0.797044158417929,0.3009369329035176,0.5436893203883495,0.9069568267698477,0.31195371388850196
86,pcg10,0.44099127834203555,0.7597693515912421,0.24679812746450597,0.39805825242718446,0.8506836577300666,0.22338962108686594
86,poisson_pcg10,0.9982184750733137,0.9999683754466968,0.4128567357433529,0.9902912621359223,0.01760948306880948,0.01686662626794019
86,cg20,0.35856512856734135,0.8252532599643697,0.28989638505996457,0.5048543689320388,0.8559626822268702,0.18373163195073378
86,pcg20,0.4537029830663043,0.9037875673339447,0.2820552413140875,0.5242718446601942,0.7838071105146373,0.08713783622116655
86,poisson_pcg20,0.999999798834132,1.0,0.41287092477420373,1.0,9.46857768971572e-05,7.829951642656262e-05
86,cg40,0.43314594360203124,0.9263358738391153,0.30811767108188504,0.5825242718446602,0.780599258426527,0.10309610320303816
86,pcg40,0.4626027510550032,0.9825221635411067,0.3718040726845774,0.7961165048543689,0.6237238822740142,0.06854632417695367
86,poisson_pcg40,1.0,1.0,0.41287092477420373,1.0,2.2797207626379547e-10,3.5727193303271427e-10
86,cg80,0.6015227585651955,0.9889314063438854,0.3842023852249566,0.8252427184466019,0.5318737391234137,0.057861790944118335
86,pcg80,0.9999074972283813,1.0,0.41287092477420373,1.0,0.0032792419272009202,0.0005621607766504795
86,poisson_pcg80,1.0,1.0,0.41287092477420373,1.0,2.0385001015665066e-13,2.3925777606603616e-14
86,poisson,0.6945137150418423,0.955746708411077,0.35816237643155224,0.7281553398058253,17.981192655239205,71.32562101386722
86,amg,0.9636051158715399,0.9984925629592148,0.41058120292753625,0.941747572815534,0.21403262756516675,0.08951192394959695
86,oracle,1.0,1.0,0.41287092477420373,1.0,1.7070465256760137e-13,1.948670075608564e-14
87,ensemble,0.47164127878907086,0.7119003194079884,0.1770282804884867,0.1941747572815534,,
87,raw,0.25810861615764247,0.7203862412110096,0.16832785084228688,0.2815533980582524,,
87,smoothed,0.37699391137972954,0.8448393999768087,0.2324552939722782,0.42718446601941745,,
87,prediction_magnitude,0.7120806026929404,0.7382014062384702,0.17587538545586334,0.0970873786407767,,
87,boundary_distance,0.7368321061456565,0.9045623688898727,0.24467801820123508,0.4015887025595764,,
87,jacobi1,0.40818799844431725,0.7025816177013167,0.20419144442463386,0.3106796116504854,0.9772681730889015,0.5388124316711509
87,jacobi5,0.401324319612331,0.6973003172996848,0.1954007221979954,0.2912621359223301,0.9536628931062038,0.2972253881235859
87,jacobi10,0.3926573228846291,0.705206455625481,0.2069889087763702,0.3106796116504854,0.9463195863483168,0.22755150228676116
87,jacobi20,0.3724046026750589,0.6896471754003142,0.20317259855563138,0.2815533980582524,0.9439922919444895,0.19117667647614667
87,jacobi40,0.35815681773478286,0.6796432750387401,0.2053351459024624,0.2912621359223301,0.9418019677529352,0.18008608518459746
87,jacobi80,0.35424941661898285,0.6862528066791057,0.21075656995812847,0.3106796116504854,0.9297442724548459,0.17206013837060427
87,cg5,0.30053720227451536,0.7294624880090236,0.18775124684501387,0.32038834951456313,0.9794417417458499,0.24382983338070077
87,pcg5,0.3848339822795222,0.6945173566090046,0.20065803198148033,0.2815533980582524,0.9431668949967674,0.1639469823838098
87,poisson_pcg5,0.8264273612402546,0.9801608635611355,0.30306432699512575,0.7669902912621359,0.5557585663440985,0.13532555789692938
87,cg10,0.34770363573778695,0.7170129555253365,0.20366941449217654,0.3592233009708738,0.9686386248929163,0.18088249451806213
87,pcg10,0.35067931478435016,0.6804971379779261,0.2027131048955448,0.2815533980582524,0.9451204544527287,0.11114099203028462
87,poisson_pcg10,0.9924027586546026,0.9986296026901953,0.3131016737000904,0.9320388349514563,0.0704276470698781,0.03808304474239775
87,cg20,0.3629042316357914,0.7201543278201196,0.22164283783799646,0.3883495145631068,0.936451491828241,0.12318639553377102
87,pcg20,0.32783509763250124,0.686316055785712,0.20272267440906125,0.32038834951456313,0.9218405680986435,0.09937695620259482
87,poisson_pcg20,0.9999972283813745,1.0,0.31384098344925326,1.0,0.0009696486303757167,0.0006213050850243139
87,cg40,0.42773324064802226,0.7879573701021473,0.22936969799864693,0.47572815533980584,0.8638968677735189,0.09362772141190953
87,pcg40,0.7704512038659608,0.972191476128733,0.2973229051510819,0.7378640776699029,0.5026158803539819,0.05539188171557159
87,poisson_pcg40,1.0,1.0,0.31384098344925326,1.0,2.0211915314718334e-07,1.0896840678277427e-07
87,cg80,0.6353130811458407,0.9816261345308498,0.2956502483689804,0.7572815533980582,0.626603772885763,0.06227026979304488
87,pcg80,0.9944503254416707,0.998218483497254,0.31292314167879004,0.9320388349514563,0.06929271490612816,0.011505180610390492
87,poisson_pcg80,1.0,1.0,0.31384098344925326,1.0,1.5920324337790032e-13,2.171594073855392e-14
87,poisson,0.4212269106287103,0.7612240810431886,0.19239784439223667,0.32038834951456313,16.003167678121713,83.50056327031147
87,amg,0.7542223933373863,0.9579288025889967,0.2895045211275569,0.6601941747572816,0.6255462288529648,0.08466459874899838
87,oracle,1.0,1.0,0.31384098344925326,1.0,1.2500068912471037e-13,1.6439497726693033e-14
88,ensemble,0.2758718305199914,0.6738454402664895,0.1472592875850058,0.2621359223300971,,
88,raw,0.18284726816751304,0.6588448604830124,0.1667784861256147,0.33980582524271846,,
88,smoothed,0.3790349067484443,0.8231133318575209,0.18475679286667018,0.4077669902912621,,
88,prediction_magnitude,0.2650308119054431,0.5679769773251953,0.06527624999489258,0.009708737864077669,,
88,boundary_distance,0.3197294974440056,0.7078998134151355,0.07488357011946736,0.033759929390997354,,
88,jacobi1,0.14721697079965665,0.5765788558236615,0.13340385946099634,0.21359223300970873,0.9712253339310778,0.6109855652178002
88,jacobi5,0.19017095746012447,0.5994434078618639,0.12736012513444409,0.18446601941747573,0.9264014875918707,0.38310094280420853
88,jacobi10,0.2389958693941778,0.6240262272962062,0.14442031466478833,0.20388349514563106,0.8913065150422608,0.2758521959787051
88,jacobi20,0.2867990934124883,0.6671410349662145,0.16314222888419525,0.2524271844660194,0.8466822656532702,0.18304865493921582
88,jacobi40,0.3559524533295186,0.7463394579551564,0.17339228401303533,0.2912621359223301,0.7977402183708994,0.1394729717009452
88,jacobi80,0.425522941849653,0.7889271897367783,0.1882667341866618,0.3592233009708738,0.7502119351688857,0.12996581496982462
88,cg5,0.19239363913525498,0.6749206750787978,0.16152148080433326,0.3300970873786408,0.9734095867800198,0.3553672514268685
88,pcg5,0.2338278623667835,0.6194090425139411,0.1487880194722646,0.21359223300970873,0.875875675823541,0.24083939067002824
88,poisson_pcg5,0.9212831811923322,0.9971116241316424,0.2724161161956496,0.912621359223301,0.25346152876413214,0.1452526708280574
88,cg10,0.1945446722337458,0.6821837808207626,0.16960113220700448,0.3592233009708738,0.9587263890545368,0.24286923345252542
88,pcg10,0.33048108817323507,0.7184466019417476,0.1719755974138923,0.2815533980582524,0.8123696367960527,0.12037578723218315
88,poisson_pcg10,0.9985304721586438,0.9998945848223227,0.274223704056022,0.9902912621359223,0.030407898900205323,0.02170626960411131
88,cg20,0.1931839192475502,0.6742354764238955,0.17022264530082518,0.3592233009708738,0.9221180739646292,0.16045877225376276
88,pcg20,0.4781697705815034,0.806004448520498,0.20108201805754908,0.42718446601941745,0.7021546399025311,0.10766712726878391
88,poisson_pcg20,0.9999995864923824,1.0,0.27424168143488203,1.0,0.00015904886484400605,0.0001229964507857416
88,cg40,0.3039345138044489,0.7932702950570824,0.19848158351397913,0.47572815533980584,0.8166762283146051,0.11996093040145091
88,pcg40,0.9861028024640582,0.9982711910860925,0.2737148765791158,0.9611650485436893,0.08327756953671375,0.01535878511389277
88,poisson_pcg40,1.0,1.0,0.27424168143488203,1.0,7.335966845849317e-10,4.794943291644796e-10
88,cg80,0.6819523594521135,0.9835130662112731,0.2675189135504223,0.7961165048543689,0.47641993610804023,0.05225605167343292
88,pcg80,0.9996391196087547,1.0,0.27424168143488203,1.0,0.01336374666509994,0.0026040617365535876
88,poisson_pcg80,1.0,1.0,0.27424168143488203,1.0,2.046013152699888e-13,3.690048326973856e-14
88,poisson,0.5621141191617195,0.9499383321210588,0.24548817818101254,0.6893203883495146,22.168381970413265,65.16666028250879
88,amg,0.9802948421071455,0.9944762446897104,0.27163543827222764,0.883495145631068,0.14847242742334135,0.060134473637553934
88,oracle,1.0,1.0,0.27424168143488203,1.0,2.1318636956719313e-13,4.004044398322126e-14
89,ensemble,0.28748524783634927,0.6411561936687644,0.16489615278986514,0.22330097087378642,,
89,raw,0.2195457451183749,0.6175115693157501,0.1251452390932788,0.17475728155339806,,
89,smoothed,0.1614247684357342,0.532230690574829,0.12712581048061003,0.1650485436893204,,
89,prediction_magnitude,0.44659691053930334,0.7771206898369227,0.14549215289743886,0.20388349514563106,,
89,boundary_distance,0.31345077202360466,0.6747572815533981,0.08785911518834824,0.06156222418358342,,
89,jacobi1,0.3611312115549674,0.7190474684545081,0.1883397240964116,0.34951456310679613,0.881484208201491,0.49514901781880105
89,jacobi5,0.4276005494063372,0.772998956389741,0.22571643179599582,0.47572815533980584,0.7735563878780531,0.267165967344802
89,jacobi10,0.47965254184250045,0.8314516724117939,0.2166282328808088,0.44660194174757284,0.7155315203707674,0.21205954752128284
89,jacobi20,0.519889705224948,0.9032815744810938,0.2427686179112121,0.5145631067961165,0.6503563771881752,0.19097054210143175
89,jacobi40,0.5765983522280237,0.9438137102980088,0.27183012698154396,0.6213592233009708,0.5779992144398521,0.18089559658278748
89,jacobi80,0.6249262280058651,0.9577495967869454,0.2896837812157333,0.7184466019417476,0.5136036849228757,0.17068643961940566
89,cg5,0.2710666373113511,0.639543341450302,0.13969641952099252,0.21359223300970873,0.9342312239387842,0.2338594641162935
89,pcg5,0.46624495967741936,0.8176949917249086,0.22970447484833073,0.4854368932038835,0.7233513404063887,0.10527199336015838
89,poisson_pcg5,0.3739218850582933,0.826054415314717,0.2039762586931047,0.4174757281553398,0.8082884819054429,0.16983873195020502
89,cg10,0.3371009986767756,0.6805709286023002,0.1525560441917285,0.23300970873786409,0.8879045661560846,0.1759294185784239
89,pcg10,0.5261221814426722,0.9244911082297629,0.25438233282778616,0.5533980582524272,0.6253030159791383,0.059288509200554465
89,poisson_pcg10,0.9799830461876832,0.9987771839389435,0.32757111737662137,0.9611650485436893,0.10038641446321349,0.031234251863702142
89,cg20,0.4363499459087333,0.7472881945542519,0.20129244338041935,0.4077669902912621,0.7998833894109973,0.09504503501126627
89,pcg20,0.6258992561333238,0.9564002825126762,0.29556777071692,0.6893203883495146,0.4937187307095572,0.04186905891659307
89,poisson_pcg20,0.9999838396752735,1.0,0.3291197491757183,1.0,0.002007543363055574,0.0005951054696068716
89,cg40,0.5063261859845504,0.8065631489621876,0.25090919440837156,0.5728155339805825,0.6811402084942627,0.059636609138647705
89,pcg40,0.8572249056755596,0.9948557393293487,0.3268867971074717,0.912621359223301,0.260205674298504,0.02452121014058211
89,poisson_pcg40,1.0,1.0,0.3291197491757183,1.0,4.6043572230831285e-07,1.3139441418556264e-07
89,cg80,0.7618571856448036,0.964201005660795,0.30358549720892203,0.7669902912621359,0.41391122757240917,0.03167223199833421
89,pcg80,0.9911586706959443,0.9993569674161685,0.3286664452145884,0.9611650485436893,0.06039808898021491,0.00611655706662869
89,poisson_pcg80,1.0,1.0,0.3291197491757183,1.0,2.863974712776948e-13,2.3717762260812427e-14
89,poisson,0.26868938201845355,0.7110253734332669,0.1461308126122071,0.22330097087378642,25.451751001258526,80.08689474994902
89,amg,0.7815162989056575,0.9829438242518158,0.31017694575762766,0.7864077669902912,0.37327743223971455,0.051976832196876536
89,oracle,1.0,1.0,0.3291197491757183,1.0,2.741813114133283e-13,2.2211201314542164e-14
90,ensemble,0.25021855553966094,0.6225504148087242,0.13857694203040816,0.1941747572815534,,
90,raw,0.3053846291395465,0.8212580247304007,0.20808791767233228,0.3883495145631068,,
90,smoothed,0.36569089299763957,0.86084142394822,0.20879806286624175,0.39805825242718446,,
90,prediction_magnitude,0.13679608710035046,0.3832368784457586,0.06494992844189806,0.0,,
90,boundary_distance,0.18372308852513392,0.4531324120046804,0.05630752502286854,0.0,,
90,jacobi1,0.18423436270653026,0.715716348839906,0.17857004099191995,0.33980582524271846,0.9527406880033367,0.6252496831714067
90,jacobi5,0.25351485945211355,0.750661480239925,0.1945499973078807,0.39805825242718446,0.8792381627001236,0.3704265137449292
90,jacobi10,0.31109068780845434,0.7303901415725836,0.19267367868105015,0.4077669902912621,0.8377345652428021,0.28071013041552556
90,jacobi20,0.3859681554431013,0.7289670366739404,0.18944337605086564,0.39805825242718446,0.7927469491026805,0.21372594110542065
90,jacobi40,0.4533905948251198,0.7737684871867851,0.19033231309929427,0.4077669902912621,0.7502676689974348,0.16283252446808
90,jacobi80,0.46966451121164443,0.8084817051959141,0.19174895461294583,0.4077669902912621,0.7213133429147655,0.12358507034974223
90,cg5,0.28690961170517126,0.8067212717287034,0.19745989677529813,0.3592233009708738,0.9526427879389181,0.329406552476314
90,pcg5,0.28948246727701876,0.7140613305503727,0.18922300411212623,0.3883495145631068,0.8275071249938684,0.268401654657161
90,poisson_pcg5,0.11014060376582502,0.6912916521720798,0.12949327455485793,0.1941747572815534,1.0444973851663173,0.1532227019658072
90,cg10,0.2873808092232315,0.8264233684365875,0.21257026646381394,0.4174757281553398,0.9154952121228966,0.23955900084764487
90,pcg10,0.44457416538516553,0.7664315908204463,0.1969643806475591,0.4368932038834951,0.7588612635756161,0.16485978890172087
90,poisson_pcg10,0.9501132899113083,0.9997259205380391,0.31691463815574483,0.9611650485436893,0.1459865118383805,0.028257448362801016
90,cg20,0.2946610243365996,0.8828942791183074,0.23591984158425255,0.5728155339805825,0.8331221102754766,0.1476172176641392
90,pcg20,0.4505996083971104,0.8248632238069638,0.2002165444351232,0.3883495145631068,0.7303944206762325,0.08956524474674846
90,poisson_pcg20,0.9999963678384949,1.0,0.3180805935756889,1.0,0.0008494401016263178,0.00035841785463876073
90,cg40,0.3656713128531578,0.9401347205970716,0.2561059450936724,0.6407766990291263,0.729388424456708,0.0919044766279212
90,pcg40,0.518386482100708,0.9106500954007358,0.22736551364069324,0.5145631067961165,0.6358451257411982,0.06057544799150539
90,poisson_pcg40,1.0,1.0,0.3180805935756889,1.0,1.0282348991513573e-08,7.820948489783189e-09
90,cg80,0.5921412542021314,0.9851259184297355,0.2960684908368034,0.8058252427184466,0.4659388226716926,0.045012036083513
90,pcg80,0.999582312602818,1.0,0.3180805935756889,1.0,0.01191448811331501,0.0010666021364787693
90,poisson_pcg80,1.0,1.0,0.3180805935756889,1.0,3.7437918919637846e-13,3.614658379950992e-14
90,poisson,0.18221517148272653,0.6135690416706198,0.13314966240408158,0.11650485436893204,26.81702307833205,81.0460771706399
90,amg,0.9671705797153278,1.0,0.3180805935756889,1.0,0.1259381396356234,0.08090102540599729
90,oracle,1.0,1.0,0.3180805935756889,1.0,2.999088147582353e-13,2.915137505713235e-14
91,ensemble,0.31900546947643227,0.7279234264149352,0.21486208632580964,0.3300970873786408,,
91,raw,0.23568390807166867,0.6993559132643918,0.18177672081318544,0.2912621359223301,,
91,smoothed,0.32087178581646514,0.8065104413733489,0.21290898958646726,0.3592233009708738,,
91,prediction_magnitude,0.4498955837386453,0.8395264750218736,0.2991415298519303,0.5339805825242718,,
91,boundary_distance,0.3008569693444672,0.6961776456574218,0.08339016217677137,0.06487202118270079,,
91,jacobi1,0.3468271225234246,0.6733710719669418,0.2161061083522148,0.34951456310679613,0.9206959469639182,0.5261983560211602
91,jacobi5,0.4258866832665761,0.7611819149721177,0.25397752124042244,0.39805825242718446,0.8175014745650175,0.3378234007390889
91,jacobi10,0.445783976915099,0.7933862517525273,0.28141730143728066,0.4854368932038835,0.7559797830728605,0.2617603276658215
91,jacobi20,0.46535016272083535,0.8344454634578287,0.3007494805707036,0.5339805825242718,0.6945103047163588,0.17814250950833513
91,jacobi40,0.47925526160503534,0.8506161517135237,0.30141942618830014,0.5339805825242718,0.6488650204448984,0.11666984745491636
91,jacobi80,0.5076739637722623,0.8638562980297904,0.31377508878674204,0.5728155339805825,0.6185662814786199,0.09818496413416543
91,cg5,0.3044247103211501,0.7318659540600656,0.2172194645500977,0.33980582524271846,0.8913439142915157,0.31275646794289713
91,pcg5,0.45604607368929256,0.7990575883115651,0.27019353686978853,0.4563106796116505,0.7359194037773426,0.24128180187376247
91,poisson_pcg5,0.6004351217724054,0.9432128437852482,0.3569076225007256,0.6990291262135923,0.4893597582385665,0.13568641158470757
91,cg10,0.36047741130820393,0.7895280562495388,0.2440671220759056,0.4174757281553398,0.8199515908030491,0.17698326056567337
91,pcg10,0.45831699046920815,0.8464311691597356,0.29472510524007595,0.5242718446601942,0.6636586654186264,0.07281875405215775
91,poisson_pcg10,0.9636113408375652,0.9992620937562591,0.39832354174728074,0.9611650485436893,0.11016500854616625,0.03500944932317974
91,cg20,0.502395438452185,0.861621496263032,0.2921282488972199,0.5436893203883495,0.6999899060632924,0.09787425498482001
91,pcg20,0.5201055897289177,0.8721735555485278,0.3163149258939735,0.5825242718446602,0.6068264277142141,0.05819042215504586
91,poisson_pcg20,0.9999644048172518,1.0,0.3992524274080472,1.0,0.0029151520181344365,0.0006103758555548354
91,cg40,0.57655063121379,0.9686600676765441,0.3480051792413762,0.7087378640776699,0.5449093741050037,0.05636671722428451
91,pcg40,0.919437204956727,0.9975649093956548,0.3954391752732779,0.9029126213592233,0.16825005231156517,0.01692801931311027
91,poisson_pcg40,1.0,1.0,0.3992524274080472,1.0,1.517088464630287e-07,6.890271573294681e-08
91,cg80,0.7670903368857734,0.9947186995983682,0.39143543523955626,0.8737864077669902,0.2958800541741159,0.026803558404588836
91,pcg80,0.9997719337851368,1.0,0.3992524274080472,1.0,0.00902656555134197,0.0007875312201747462
91,poisson_pcg80,1.0,1.0,0.3992524274080472,1.0,1.1499907463966673e-13,1.2101176867302402e-14
91,poisson,0.32214020366926543,0.8240831514921518,0.27907336048073844,0.49514563106796117,41.01480482333915,79.44480374523059
91,amg,0.8168706302303125,0.9632206445083963,0.36976590319686226,0.7475728155339806,0.37038494154455065,0.0639955796895924
91,oracle,1.0,1.0,0.3992524274080472,1.0,1.1330889643447623e-13,1.0341899277336006e-14
92,ensemble,0.430290595272155,0.7050588743767328,0.19382409503305542,0.27184466019417475,,
92,raw,0.11439366372219441,0.6324172754393178,0.1250049741961472,0.1650485436893204,,
92,smoothed,0.2378703687146842,0.72572024920148,0.15097207667376367,0.21359223300970873,,
92,prediction_magnitude,0.7014478242793791,0.8431422156162044,0.22745645443332027,0.39805825242718446,,
92,boundary_distance,0.5926367500200593,0.8647575977989311,0.19762318716167412,0.34267431597528686,,
92,jacobi1,0.27341850100135895,0.7096549761234623,0.19783467885805148,0.3300970873786408,0.9620076752175354,0.6147084849795069
92,jacobi5,0.3334443508153923,0.6987023391627927,0.226486683842353,0.36893203883495146,0.899513130772005,0.43687659322524347
92,jacobi10,0.40616988010514266,0.747709855264961,0.25576543081388037,0.4563106796116505,0.8440626376185019,0.38133510298848844
92,jacobi20,0.5356271345933766,0.8729852524166429,0.2797764552033466,0.5533980582524272,0.7558444790259827,0.31650564133565673
92,jacobi40,0.660001374633431,0.9643380453917755,0.31263771778774185,0.6893203883495146,0.6175603795197825,0.23375003290200974
92,jacobi80,0.8372895134468207,0.9953828152177351,0.3416241555655905,0.8932038834951457,0.4269661626729383,0.14024817895322209
92,cg5,0.16129900624061225,0.6738454402664895,0.1525148658748738,0.20388349514563106,0.9539066189777766,0.43947082783034985
92,pcg5,0.4436717129497174,0.7823176580964127,0.25836472375969566,0.46601941747572817,0.8214771076261832,0.37819687987664946
92,poisson_pcg5,0.8875110305950931,0.9868652688614107,0.337673080067124,0.8058252427184466,0.28137125916156835,0.15074752716576842
92,cg10,0.22767617659680997,0.7131653015401157,0.1722117215214498,0.2815533980582524,0.8800234490767582,0.2899382661429532
92,pcg10,0.694589196945855,0.9706629560524124,0.32334420779770845,0.7572815533980582,0.5268359744222157,0.20747850914414762
92,poisson_pcg10,0.9963035324726413,0.9997997111624132,0.3480803350387712,0.970873786407767,0.053633368927260394,0.027906932080082415
92,cg20,0.2845527300443459,0.7166650854390015,0.2057298438008272,0.34951456310679613,0.8083728193020108,0.16618456981288374
92,pcg20,0.9152995695050424,0.9990828879542076,0.34672379057065533,0.9320388349514563,0.21416270035846754,0.0636357925151757
92,poisson_pcg20,0.9999979771654386,1.0,0.34852200302118896,1.0,0.0005462611044832258,0.00032007335707547816
92,cg40,0.3649562128960732,0.7561219864436082,0.24544893388180977,0.4563106796116505,0.7175760915404222,0.10690075951659458
92,pcg40,0.9797608808382805,0.9999367508933936,0.3484354596383838,0.9805825242718447,0.09901930146775971,0.027002605068707046
92,poisson_pcg40,1.0,1.0,0.34852200302118896,1.0,8.206651949114544e-09,4.737281770633579e-09
92,cg80,0.6498829549924897,0.9570011490254366,0.3272556051504902,0.7475728155339806,0.4902951690867766,0.06119978474509741
92,pcg80,0.9999996982511979,1.0,0.34852200302118896,1.0,9.669704977052714e-05,2.0996943078515444e-05
92,poisson_pcg80,1.0,1.0,0.34852200302118896,1.0,1.5511943948336826e-14,9.160705914800026e-15
92,poisson,0.4573388549638795,0.8200879162581829,0.1998969425736351,0.32038834951456313,28.499987090123668,80.36178110156634
92,amg,0.9906791806737715,0.9962366781569211,0.34622533890380586,0.912621359223301,0.11703416799485046,0.07262059242881909
92,oracle,1.0,1.0,0.34852200302118896,1.0,1.1054958541246695e-14,3.4426229082822114e-15
93,ensemble,0.3508782007724769,0.6208532304481199,0.1448352092703463,0.14563106796116504,,
93,raw,0.4236781502574923,0.7970336169001613,0.20103981404724464,0.33980582524271846,,
93,smoothed,0.5260572160432014,0.8397583884127636,0.18839658359819392,0.36893203883495146,,
93,prediction_magnitude,0.6302143869358414,0.8897146411140276,0.31123425054028947,0.7766990291262136,,
93,boundary_distance,0.5661937945112565,0.8360003373285686,0.2780456102002024,0.6098852603706972,,
93,jacobi1,0.33544934866962306,0.6957717972233642,0.15167757511621882,0.20388349514563106,0.9565765260893523,0.5754986384176992
93,jacobi5,0.3759534479829769,0.703730643137999,0.19131550313431514,0.3300970873786408,0.9017971290567764,0.37780291714328174
93,jacobi10,0.40004444648093834,0.7017804623509692,0.19684506490704737,0.33980582524271846,0.8695515390619257,0.29908798828232436
93,jacobi20,0.4784866627029539,0.740963283893615,0.20484499021038455,0.36893203883495146,0.8334983688595058,0.23433345697837893
93,jacobi40,0.5326299419748229,0.7609078355101567,0.20542725180420843,0.3786407766990291,0.7942521252226229,0.18812765882840385
93,jacobi80,0.5583400463128532,0.79685441109811,0.2220185236335957,0.39805825242718446,0.7446717196603916,0.15531842049764938
93,cg5,0.42812999561905435,0.8073853873480704,0.2055104749211346,0.3300970873786408,0.949964050716254,0.33096986930244243
93,pcg5,0.4106299173878835,0.7012217619092797,0.19682776286515688,0.32038834951456313,0.8613011833975344,0.2724517722132785
93,poisson_pcg5,0.7047476374186395,0.9776625238501839,0.31352350019801595,0.7184466019417476,0.5710761730105217,0.13327514473204669
93,cg10,0.431006913400329,0.7954629307527697,0.21416565250481504,0.36893203883495146,0.9081083783914083,0.24871337756103354
93,pcg10,0.5186585254094843,0.753296859681857,0.1993232576328551,0.3592233009708738,0.806709605297363,0.18520613975104572
93,poisson_pcg10,0.9601142063335955,0.9988298915277821,0.3385722248067024,0.9514563106796117,0.11917711675698661,0.02697490696267454
93,cg20,0.45911195327587434,0.8644993306136217,0.25499482560609193,0.5436893203883495,0.7818340364697329,0.16971054078575346
93,pcg20,0.5231475194013303,0.852313336074128,0.22476352378401782,0.3786407766990291,0.6878141004094589,0.12796206724525222
93,poisson_pcg20,0.9999935291645804,1.0,0.3391930571845658,1.0,0.0008858602359171914,0.00046601101890170443
93,cg40,0.6013493200593663,0.904356809293402,0.2993439023575743,0.6796116504854369,0.5959176096545944,0.08072372754967726
93,pcg40,0.7650235475824333,0.9689446886562727,0.30269058335831533,0.6601941747572816,0.4282111418314439,0.030194498084886057
93,poisson_pcg40,1.0,1.0,0.3391930571845658,1.0,1.9550640948580493e-08,1.1326454389051946e-08
93,cg80,0.7120863135684142,0.9666782623362111,0.314440423474609,0.7281553398058253,0.4462870830566882,0.037141715158774014
93,pcg80,0.9693945913203632,0.9996205053603617,0.3388169370106014,0.9611650485436893,0.09435115035120269,0.00799706987461771
93,poisson_pcg80,1.0,1.0,0.3391930571845658,1.0,1.5117355615284074e-13,1.856042285508751e-14
93,poisson,0.5728974478756884,0.8965771691808186,0.24016886225794612,0.5533980582524272,34.85331171747765,82.98274993253911
93,amg,0.8285052705457406,0.9807511885561283,0.31997145101271496,0.7475728155339806,0.3466658366323689,0.062328372455312794
93,oracle,1.0,1.0,0.3391930571845658,1.0,1.7262325353945794e-13,1.6436670030623448e-14
94,ensemble,0.22615804484657748,0.6784837080842899,0.16128303792130866,0.2912621359223301,,
94,raw,0.3867592960982762,0.7014115092290988,0.16651653815089273,0.2524271844660194,,
94,smoothed,0.41394422564551886,0.8041702244289133,0.1590919387811401,0.2524271844660194,,
94,prediction_magnitude,0.2495929185144124,0.6873491245269494,0.07082292021690817,0.019417475728155338,,
94,boundary_distance,0.20535315039590915,0.650638288900836,0.09505889543521569,0.06222418358340689,,
94,jacobi1,0.3579481752020599,0.6256917871035071,0.1787791576463751,0.22330097087378642,0.852635479161387,0.5418185063562869
94,jacobi5,0.5379282039017237,0.7355871098320736,0.21437269848450013,0.33980582524271846,0.7414574910452589,0.28098308800035154
94,jacobi10,0.5975455640690938,0.7927853852397668,0.2291892064753305,0.4077669902912621,0.6860468740251252,0.19856581005819998
94,jacobi20,0.6280189297081753,0.8398532620726732,0.24936199861915698,0.4854368932038835,0.6411091846078661,0.12819447829874603
94,jacobi40,0.6433762002896788,0.8536099427595585,0.2575612103587607,0.5339805825242718,0.6213077606173967,0.08848084684026133
94,jacobi80,0.6432908947857806,0.8576789686179016,0.26119774095361364,0.5631067961165048,0.6135887753949019,0.08072431167622979
94,cg5,0.4080499204277233,0.71012934442301,0.19211041091018496,0.32038834951456313,0.9050597943377353,0.2285864561305558
94,pcg5,0.5999249204277233,0.7841835067413007,0.22802500056454025,0.4077669902912621,0.694986705902493,0.12980577148713082
94,poisson_pcg5,0.9273764394535441,0.9983766062637699,0.33233772653008936,0.9320388349514563,0.19800147450209987,0.06922944228286414
94,cg10,0.4428653060403404,0.7173608256116716,0.20205479922948066,0.3592233009708738,0.8334224662966699,0.15014806034776843
94,pcg10,0.6357147423288748,0.8558869105973879,0.2551863602725892,0.5339805825242718,0.6253020743684231,0.04460100043578149
94,poisson_pcg10,0.9995588767792002,1.0,0.33511574729568905,1.0,0.017642359094194014,0.005107182927758025
94,cg20,0.4855334360024319,0.768887764460327,0.2268028562855638,0.39805825242718446,0.7247259629854031,0.07509576323910463
94,pcg20,0.6396513907267004,0.8533780293686685,0.25541613687574444,0.5533980582524272,0.6173828217726205,0.031574577548441896
94,poisson_pcg20,0.9999990724018308,1.0,0.33511574729568905,1.0,0.000259492801285442,6.33260317524191e-05
94,cg40,0.6023165926078249,0.8912431611903482,0.25657196801263576,0.49514563106796117,0.6016526762198842,0.04224488281289585
94,pcg40,0.9575603832880336,0.9989774727765304,0.3328170268846003,0.9320388349514563,0.1348053464826998,0.007064347176465664
94,poisson_pcg40,1.0,1.0,0.33511574729568905,1.0,3.8156057099951866e-09,8.229386565888803e-10
94,cg80,0.7308608558043057,0.9794545818706978,0.31025408615081224,0.7572815533980582,0.3930482840340782,0.01995240645494986
94,pcg80,0.9984344713360989,1.0,0.33511574729568905,1.0,0.023951535721297428,0.0011554249043827856
94,poisson_pcg80,1.0,1.0,0.33511574729568905,1.0,1.615127837952214e-12,6.559132133285044e-14
94,poisson,0.29186089603747944,0.7827814848781928,0.1914578659607902,0.3592233009708738,38.1032655169596,86.49675512389543
94,amg,0.9137064364137043,0.9958255589639796,0.3293392770709263,0.8737864077669902,0.23208492810797018,0.04920461752400996
94,oracle,1.0,1.0,0.33511574729568905,1.0,1.632448282778776e-12,6.61385505928881e-14
95,ensemble,0.11861144142049923,0.5936455730896134,0.10205502842491555,0.11650485436893204,,
95,raw,0.11663599259709606,0.6100481747361985,0.10164908107352721,0.08737864077669903,,
95,smoothed,0.10797480732780201,0.6167736630720091,0.1032245260226437,0.10679611650485436,,
95,prediction_magnitude,0.10866406864673485,0.6099743841118245,0.07749835974732416,0.02912621359223301,,
95,boundary_distance,0.15432997938072748,0.6313262283503579,0.0745478974037904,0.04986760812003531,,
95,jacobi1,0.1760897043308776,0.6441921507858701,0.12954282814722384,0.17475728155339806,0.9049883560462708,0.6254562166825498
95,jacobi5,0.32156572982976894,0.7525589534381161,0.1660080439662289,0.30097087378640774,0.7833612779205846,0.4043611101146755
95,jacobi10,0.48590978381374716,0.8357631531787947,0.18817225048583072,0.3883495145631068,0.687774267727111,0.3376640483289343
95,jacobi20,0.686999231099349,0.9018584695824505,0.20640244989431855,0.46601941747572817,0.5483408888211907,0.2966347611021733
95,jacobi40,0.8696807050640154,0.9548823039541233,0.22380780678793855,0.6019417475728155,0.37066043125690196,0.2816529991525325
95,jacobi80,0.9653075826121164,0.9868231027903398,0.23820468510953532,0.7766990291262136,0.19099818949296524,0.27257307454323615
95,cg5,0.13659699994635574,0.618755468412342,0.11642482544097162,0.1262135922330097,0.9469663037176401,0.20889950378508376
95,pcg5,0.42054747290966304,0.801197516418414,0.1777905740060093,0.33980582524271846,0.7258060289894999,0.1035606161184902
95,poisson_pcg5,0.8816025990630141,0.9728872163014031,0.2259687109042399,0.6893203883495146,0.33905948326270197,0.07210689088929034
95,cg10,0.1662490835777126,0.6315107049112931,0.13354382020166106,0.1553398058252427,0.9096960457334946,0.14688166940090008
95,pcg10,0.76741158760103,0.9177972444472555,0.21308134427983053,0.49514563106796117,0.46415873304206556,0.03534886815655217
95,poisson_pcg10,0.9994495319540803,0.9998524187512519,0.24313014872718772,0.9805825242718447,0.01942658667058537,0.008298816128472962
95,cg20,0.22150850931621485,0.6696288331593983,0.15539223327430027,0.23300970873786409,0.8505726221926003,0.08413514639227321
95,pcg20,0.9847333099384878,0.9940545839790013,0.24088080288480174,0.8543689320388349,0.09963130163913038,0.008652100499216995
95,poisson_pcg20,0.9999989494671339,1.0,0.24326243996006217,1.0,0.00029140681710996717,9.304358849234051e-05
95,cg40,0.3844209216973034,0.7897283450871256,0.18205500833548627,0.33980582524271846,0.7325576847608789,0.05593171419233578
95,pcg40,0.9969322093376726,0.9998735017867872,0.24319365274999483,0.9805825242718447,0.040193943674414805,0.0016382426103850652
95,poisson_pcg40,1.0,1.0,0.24326243996006217,1.0,1.9104926047275755e-09,7.787896956445176e-10
95,cg80,0.7694010621557829,0.9335673550277769,0.21091760944299612,0.49514563106796117,0.3980135573264861,0.02160631524649671
95,pcg80,0.9991609148129604,0.9999578339289291,0.24325579196087174,0.9902912621359223,0.01942021525670422,0.0008534977604401653
95,poisson_pcg80,1.0,1.0,0.24326243996006217,1.0,1.1074985543171467e-12,5.339368869671795e-14
95,poisson,0.17549503567341387,0.6620916479554726,0.11232480261817858,0.1553398058252427,29.175664018007208,85.28732308943233
95,amg,0.959993942672198,0.992009529532062,0.24071343625928224,0.8640776699029126,0.15361594671547615,0.030083706149180496
95,oracle,1.0,1.0,0.24326243996006217,1.0,1.1019271294976741e-12,5.2618208641460486e-14
96,ensemble,0.2944025373721479,0.7091700663061468,0.1424835093282434,0.20388349514563106,,
96,raw,0.4270235721693727,0.813257012744695,0.2526078085102919,0.5339805825242718,,
96,smoothed,0.6268656569630212,0.934147138505002,0.25269012755009684,0.5339805825242718,,
96,prediction_magnitude,0.6058656726092554,0.8642463341871963,0.2357802195232452,0.4368932038834951,,
96,boundary_distance,0.5919751465623488,0.8677935549160368,0.26332000550678475,0.5606796116504854,,
96,jacobi1,0.3795113681067162,0.7152736050936613,0.2100889008639831,0.3883495145631068,0.930370423130038,0.5150842429924793
96,jacobi5,0.4287662497317788,0.6966572847158534,0.20785627559294317,0.3592233009708738,0.8800496045084967,0.26698971535198995
96,jacobi10,0.4296303800693798,0.7074307158744716,0.19469536393490192,0.33980582524271846,0.8553371695930395,0.1750086114057818
96,jacobi20,0.41890030443101345,0.6876442870244458,0.1876080572373921,0.33980582524271846,0.8409396530602251,0.1064889782545827
96,jacobi40,0.36524803751519913,0.6512655092080157,0.1732627554412686,0.2912621359223301,0.848904324873124,0.08046630436724796
96,jacobi80,0.2823481756490952,0.6189662987676966,0.16641933355908892,0.2815533980582524,0.874068221241092,0.07552078358685967
96,cg5,0.42962480330448466,0.8040858922867714,0.2482745086240664,0.5145631067961165,0.9561218615652525,0.22381698095435115
96,pcg5,0.4224115093698591,0.699155624426805,0.19348828398525852,0.34951456310679613,0.8558062443937017,0.11818888108953468
96,poisson_pcg5,0.8913640163436092,0.9899433920495873,0.30229082213484315,0.8252427184466019,0.42420413310283633,0.10182145595181781
96,cg10,0.4255788883127101,0.7898337602648029,0.23614195200204902,0.4368932038834951,0.9291292695469997,0.1568829806127226
96,pcg10,0.4202416449109505,0.6789475348660701,0.18302852301660807,0.3106796116504854,0.8370868896251519,0.04819699140706504
96,poisson_pcg10,0.9998178331306773,0.9999789169644645,0.3157152268682444,0.9902912621359223,0.01771563194612661,0.0063742037680887325
96,cg20,0.39766325727773405,0.7284294192677861,0.22244210863607394,0.4563106796116505,0.8699436465472443,0.0840799433839421
96,pcg20,0.23235027671482722,0.5946048512064767,0.15906274460130015,0.2621359223300971,0.8976240353538745,0.042587261598375364
96,poisson_pcg20,0.9999995417888562,1.0,0.3157360598420988,1.0,0.00019267168162610655,6.13005523195452e-05
96,cg40,0.40952729373792995,0.8129829332827341,0.2264347077551844,0.5242718446601942,0.7898831900310582,0.052759771356915244
96,pcg40,0.5427814198733996,0.9538176106595828,0.2537306685592445,0.6019417475728155,0.5808967313539712,0.029162128134680602
96,poisson_pcg40,1.0,1.0,0.3157360598420988,1.0,6.586018305622311e-10,4.523785153178177e-10
96,cg80,0.5252976249016522,0.9522785490654945,0.26119811474973675,0.6116504854368932,0.58721397198305,0.028172034282062372
96,pcg80,0.9971083524068379,0.9999262093756259,0.31562757584897805,0.9805825242718447,0.028648994490904894,0.0029871939527344885
96,poisson_pcg80,1.0,1.0,0.3157360598420988,1.0,5.706710178008113e-13,3.4130538288814347e-14
96,poisson,0.5865223785852227,0.8390837312756291,0.21518209922715498,0.3883495145631068,23.85737388609654,87.1057849971319
96,amg,0.9105907347471569,0.9792964591041818,0.2989285043709256,0.7669902912621359,0.3389752264856284,0.03698739043659183
96,oracle,1.0,1.0,0.3157360598420988,1.0,5.282448104329926e-13,3.142294779429941e-14
97,ensemble,0.278923170284672,0.6406818253692167,0.12622168127494487,0.18446601941747573,,
97,raw,0.36844428376010296,0.7699629992726352,0.1758898636724397,0.34951456310679613,,
97,smoothed,0.5187015190258207,0.8211736925882589,0.1821052080502231,0.32038834951456313,,
97,prediction_magnitude,0.36852202319218935,0.584664199951509,0.09454481270034004,0.0,,
97,boundary_distance,0.3988881835124278,0.6721429851470014,0.12167287754557363,0.09973521624007062,,
97,jacobi1,0.2886191416028896,0.7100239292453328,0.14865339702598915,0.23300970873786409,0.9297082392258456,0.4430651400605191
97,jacobi5,0.3127115370860453,0.7673908689373096,0.16054671842760934,0.3106796116504854,0.8645614263223699,0.23323569460659607
97,jacobi10,0.35110299245404475,0.8221962198117285,0.16648746972718448,0.3300970873786408,0.833189798136404,0.18730011161717794
97,jacobi20,0.3814644875187755,0.8415820709865807,0.1660216689889278,0.32038834951456313,0.8043288855775924,0.15831711060719728
97,jacobi40,0.3956646967312781,0.8363113121027166,0.17673081584561126,0.3592233009708738,0.783086111397457,0.14270235629694322
97,jacobi80,0.3910159211608611,0.8280362206550499,0.17946010590889386,0.34951456310679613,0.7700497407522033,0.13700800198510296
97,cg5,0.34729167039196046,0.7718183063997555,0.1773617456870772,0.39805825242718446,0.9523269749665418,0.1717668413596923
97,pcg5,0.33038544497889993,0.8052454592412216,0.16720536515911927,0.3300970873786408,0.8400785188699558,0.11056302605307176
97,poisson_pcg5,0.7887869586402975,0.9627357346910809,0.26280134844987896,0.7669902912621359,0.5930736269476775,0.09793547748479678
97,cg10,0.33316664133466845,0.8005017762457438,0.1780566264393236,0.4368932038834951,0.9239108033000311,0.11953323484197678
97,pcg10,0.3897932797189042,0.838272034407514,0.1814201545234416,0.39805825242718446,0.787632563702844,0.047892358283983
97,poisson_pcg10,0.9967695220298975,0.9997997111624132,0.28515023015624313,0.970873786407767,0.050080103855984916,0.015192440087177603
97,cg20,0.3148874588727558,0.8040753507690037,0.1696769561662632,0.36893203883495146,0.8759980044712908,0.07010276993712325
97,pcg20,0.3860108026071096,0.8238512381012618,0.1791533475557495,0.34951456310679613,0.7680189272906349,0.039010436188800006
97,poisson_pcg20,0.9999994188541591,1.0,0.2853824164575764,1.0,0.00019100891678822614,8.387050197982105e-05
97,cg40,0.37049899193548386,0.8976207794398238,0.1878893534323821,0.44660194174757284,0.8040314452804976,0.04959818494448714
97,pcg40,0.6426863466490236,0.9782212242918735,0.25363060967812673,0.7184466019417476,0.4929677124152265,0.02236496812135467
97,poisson_pcg40,1.0,1.0,0.2853824164575764,1.0,3.104007901661915e-08,7.3712025773945265e-09
97,cg80,0.5988772821150131,0.9761656283271666,0.2527952253554497,0.7281553398058253,0.5769893285620888,0.03006273885527644
97,pcg80,0.9976111329661682,0.9998945848223227,0.2853166166412603,0.9805825242718447,0.02852913793721578,0.002195558216930602
97,poisson_pcg80,1.0,1.0,0.2853824164575764,1.0,1.473981894935248e-13,1.464073219790329e-14
97,poisson,0.4455089272941849,0.7983513066211273,0.1793206532565231,0.3106796116504854,29.697342041502292,90.27029669300025
97,amg,0.9392136314462484,0.9859481568156183,0.27628242998071345,0.8058252427184466,0.2423964814662213,0.03797186296814585
97,oracle,1.0,1.0,0.2853824164575764,1.0,1.3559036046654993e-13,1.10846863772191e-14
98,ensemble,0.206516164795079,0.7078102105141099,0.1619714581812088,0.27184466019417475,,
98,raw,0.26646438693584146,0.7698154180238871,0.19826858820144158,0.4077669902912621,,
98,smoothed,0.2734131701058579,0.8330961491835595,0.19250459094791664,0.4174757281553398,,
98,prediction_magnitude,0.23123700244975323,0.6967626998935307,0.09663703666688644,0.04854368932038835,,
98,boundary_distance,0.2599304541088209,0.7196219811728493,0.14836869372134986,0.20145631067961164,,
98,jacobi1,0.28307893301623627,0.7782486322380696,0.20380127003129103,0.44660194174757284,0.8374903599599712,0.5525413440962073
98,jacobi5,0.4500931062692224,0.8136786734554041,0.21709264595594147,0.47572815533980584,0.6680956052631882,0.26392562764827515
98,jacobi10,0.5754468899756812,0.8857510304333618,0.24355431627419782,0.5728155339805825,0.5831489557453873,0.206067470039851
98,jacobi20,0.6793418188076675,0.9217397720923859,0.25309046289447196,0.6213592233009708,0.4910976281918917,0.1546950452025683
98,jacobi40,0.7788016102210142,0.9502440361363229,0.2629347193063163,0.6601941747572816,0.3978065227659465,0.09614887572406879
98,jacobi80,0.8518647293648521,0.9643696699450787,0.2689304130859512,0.6893203883495146,0.3227775943002191,0.03951988905693428
98,cg5,0.26861318485802155,0.769857584094958,0.18986621479674556,0.3786407766990291,0.9143972858370428,0.17693613034184436
98,pcg5,0.5160914030648737,0.8617269114407092,0.2330412349018277,0.5339805825242718,0.6139471508531055,0.08265343928720104
98,poisson_pcg5,0.5675069066948001,0.8906528361953554,0.24777506761167278,0.5825242718446602,0.6069411494128125,0.13442315103273375
98,cg10,0.2727634378799799,0.7748015559280225,0.19340803607650386,0.4174757281553398,0.8384159075792005,0.12654018028905853
98,pcg10,0.7172095723660682,0.9391016518558342,0.2621345009015665,0.6601941747572816,0.42959780536901965,0.03801273540259832
98,poisson_pcg10,0.9852081507939345,0.9970694580605716,0.28567230874767585,0.941747572815534,0.11670866709082489,0.02975261060544665
98,cg20,0.3193406006365782,0.807206181546019,0.21358835205307947,0.46601941747572817,0.7329389978474232,0.06543549752117303
98,pcg20,0.8677486521886845,0.9650759516355165,0.27174268029792076,0.7184466019417476,0.2991543830648893,0.010343646619205449
98,poisson_pcg20,0.9999993517988698,0.9999894584822323,0.28725665501447084,0.9902912621359223,0.00024430897474302685,8.943113777075632e-05
98,cg40,0.4921735413239396,0.8969039562316182,0.24212429407537553,0.5533980582524272,0.5780397120400501,0.03264996419098233
98,pcg40,0.8715914008296973,0.9667309699250498,0.27259504509319865,0.6990291262135923,0.28331832627061393,0.008570788688786838
98,poisson_pcg40,1.0,1.0,0.2872569041582447,1.0,4.825928461766135e-12,2.6739221332640117e-12
98,cg80,0.858157488287676,0.9776308992968807,0.27532616455870607,0.7475728155339806,0.28283996475951567,0.010706929494006368
98,pcg80,0.9999786093627064,0.9999578339289291,0.28725305484289154,0.9805825242718447,0.0020138306757886493,0.00013142894439134546
98,poisson_pcg80,1.0,1.0,0.2872569041582447,1.0,8.91348935774351e-13,2.7816827826243798e-14
98,poisson,0.24867055065803587,0.7656726015411699,0.18335900800022753,0.34951456310679613,34.975145206975554,90.43564400407554
98,amg,0.9835394240397681,0.9974805772535129,0.28575269186022234,0.9029126213592233,0.11662100049973498,0.03666919392607679
98,oracle,1.0,1.0,0.2872569041582447,1.0,7.550375379440242e-13,2.354232282290258e-14
99,ensemble,0.34445859559402037,0.6975849382794135,0.16112718709592597,0.21359223300970873,,
99,raw,0.25559055593305197,0.6617016117980666,0.14124752723415213,0.17475728155339806,,
99,smoothed,0.4137753692511265,0.778933830892972,0.16088930668843457,0.22330097087378642,,
99,prediction_magnitude,0.4440587113761533,0.7425655945943097,0.17153786404982088,0.22330097087378642,,
99,boundary_distance,0.46101150056046253,0.816435280351665,0.21685111235024965,0.46293027360988526,,
99,jacobi1,0.2701447053143552,0.6553029105130557,0.18689823409978343,0.2815533980582524,0.9379818121153337,0.5550639808637273
99,jacobi5,0.4069912068163936,0.7792079103549329,0.231400284400998,0.42718446601941745,0.8470331158469568,0.3739319386389554
99,jacobi10,0.45056877413990415,0.8081654596628822,0.24879178394969872,0.4854368932038835,0.7829741611918234,0.2986567712742092
99,jacobi20,0.5108995131785995,0.9026280003794946,0.26855626449052084,0.5728155339805825,0.7048186007297914,0.21694966105223418
99,jacobi40,0.5386254000965596,0.956442448583747,0.2868447515856666,0.6601941747572816,0.6236593308391801,0.1495814785197274
99,jacobi80,0.5869055660360488,0.9805403582007738,0.30153793601608725,0.7669902912621359,0.5500647541657001,0.11517438395200125
99,cg5,0.2630769325334382,0.678831578170625,0.14711324076970222,0.22330097087378642,0.9507961523649596,0.3373708519901815
99,pcg5,0.4772001287461554,0.827372105035683,0.25528160265997185,0.5145631067961165,0.7503274262784309,0.26364041838458546
99,poisson_pcg5,0.7722266826407267,0.9763659171647534,0.30255522575711846,0.7378640776699029,0.4266146455533072,0.15604913258915168
99,cg10,0.289434500393391,0.7342799616288753,0.1693658352874287,0.32038834951456313,0.9090050030542087,0.21334293746937363
99,pcg10,0.5374813362778056,0.9531534950402158,0.28574857166767376,0.6796116504854369,0.6152016176271683,0.11968857735624244
99,poisson_pcg10,0.965640389188899,0.9991566785785817,0.33248056808760573,0.9611650485436893,0.11336749739352414,0.04589564015912594
99,cg20,0.3291629823510478,0.8112224998155234,0.2013091104718074,0.49514563106796117,0.841031266583383,0.1443084381268453
99,pcg20,0.6297573939632357,0.9881935001001444,0.31668548280025777,0.8543689320388349,0.5038963673951742,0.08495312527679665
99,poisson_pcg20,0.9999399519884128,0.9999894584822323,0.3330873666123353,0.9902912621359223,0.00456830572104998,0.002617162163137224
99,cg40,0.4524019316393677,0.905600708389994,0.27009465699367347,0.6601941747572816,0.6981183131258483,0.09729109635218285
99,pcg40,0.8894059795436663,0.9994307580405427,0.3325899626111402,0.9611650485436893,0.2009354831504501,0.04241341510928861
99,poisson_pcg40,1.0,1.0,0.33310485829699854,1.0,1.0503204757586093e-07,6.678942899462496e-08
99,cg80,0.7606979785065445,0.9859270737800828,0.32182355456031037,0.7961165048543689,0.37998659389764244,0.04325912714331261
99,pcg80,0.9999912716365067,1.0,0.33310485829699854,1.0,0.001119309382470361,0.00022581446867846707
99,poisson_pcg80,1.0,1.0,0.33310485829699854,1.0,1.480771309564629e-14,8.23110043008711e-15
99,poisson,0.3954702140404835,0.7199434974647649,0.10935567422463892,0.14563106796116504,32.19609046363911,86.38127287365863
99,amg,0.9903860820041482,0.9991777616141172,0.33239491142919053,0.941747572815534,0.13941976378555945,0.0621257691957182
99,oracle,1.0,1.0,0.33310485829699854,1.0,1.6187965127793427e-14,4.9685909074384736e-15
100,ensemble,0.354620388831271,0.7836248062996111,0.18724948687630488,0.27184466019417475,,
100,raw,0.32054220906945136,0.7188577211346889,0.22981666961449312,0.33980582524271846,,
100,smoothed,0.39661754121665116,0.8299231523354733,0.2534332166607948,0.39805825242718446,,
100,prediction_magnitude,0.3457339313175023,0.6717687612662471,0.079884013546794,0.0,,
100,boundary_distance,0.3720477812378207,0.6893467421439339,0.13423323382252633,0.13018534863195058,,
100,jacobi1,0.29716318128173946,0.6675626956769236,0.20624578380027936,0.2621359223300971,0.958892156514306,0.5027810755302549
100,jacobi5,0.37170388607753374,0.6886773557656831,0.2151582110541627,0.30097087378640774,0.9182887456575004,0.3235966651865371
100,jacobi10,0.4212037430262499,0.6973108588174526,0.2132310096236132,0.30097087378640774,0.8925916865640567,0.2766555960266973
100,jacobi20,0.4628850761748086,0.733362849583083,0.24017565259470763,0.36893203883495146,0.8604194213017126,0.24722038208510155
100,jacobi40,0.49370272602102844,0.772303216217071,0.24777120296733146,0.39805825242718446,0.8203798170438272,0.2200724242234745
100,jacobi80,0.48019278395679843,0.8011448088295753,0.26180658133348456,0.42718446601941745,0.7706973430398282,0.18482023531795091
100,cg5,0.30516771645447394,0.6959404615076479,0.23550311430185955,0.3786407766990291,0.9727334294815496,0.2957519329626924
100,pcg5,0.4080133864709248,0.6957928802588996,0.22054887130226514,0.3106796116504854,0.8962141189431938,0.22060913660453194
100,poisson_pcg5,0.5408452430977755,0.8788041702244289,0.3185000313801082,0.6116504854368932,0.7906342463030214,0.16796528344735778
100,cg10,0.3141632840998498,0.7171078291852461,0.23637760082679216,0.36893203883495146,0.9361719632600158,0.23728723592534698
100,pcg10,0.4882415644446033,0.7591579435607139,0.23557780111877735,0.3786407766990291,0.8218777169600328,0.16843353489962343
100,poisson_pcg10,0.973275919104499,0.9995783392892909,0.40819786722817114,0.9611650485436893,0.09584646566739667,0.03417864885692709
100,cg20,0.3397951237393605,0.7088432792553472,0.24276473823328995,0.34951456310679613,0.8529335515002621,0.14009675912267977
100,pcg20,0.45241155407338524,0.8301550657263633,0.27016130276002226,0.47572815533980584,0.7473989259993034,0.059380776137221696
100,poisson_pcg20,0.9999933391745939,1.0,0.4095397058344069,1.0,0.0008850104567355523,0.0004948908216253474
100,cg40,0.4361020760317573,0.8155972296891306,0.2863618646343887,0.47572815533980584,0.7412237536664346,0.08810367590272125
100,pcg40,0.4696413659609469,0.9109557994159999,0.34989356559898105,0.7087378640776699,0.6184946684194065,0.04785640336496771
100,poisson_pcg40,1.0,1.0,0.4095397058344069,1.0,2.4090683276895066e-08,1.262010230622697e-08
100,cg80,0.5403775101029968,0.9695033890979623,0.3818796865371255,0.7864077669902912,0.5060961954292589,0.041403287778216766
100,pcg80,0.9683060716329303,0.9998735017867872,0.40941677579758423,0.9902912621359223,0.07559980655156923,0.009379724292768071
100,poisson_pcg80,1.0,1.0,0.4095397058344069,1.0,3.4686978799172646e-13,2.901083054981923e-14
100,poisson,0.41703051239181743,0.7681287751810506,0.2018770125119819,0.2815533980582524,17.203437710078596,81.8126527610458
100,amg,0.8711703383162863,0.9961628875325469,0.4045341819191323,0.912621359223301,0.270686406026821,0.05867344965116159
100,oracle,1.0,1.0,0.4095397058344069,1.0,3.529116895565437e-13,2.8771070197786743e-14
101,ensemble,0.34788614905943777,0.7099923046920296,0.15198296000428363,0.24271844660194175,,
101,raw,0.244936018078106,0.7584727449058115,0.14332145536371607,0.2912621359223301,,
101,smoothed,0.4153948103676418,0.8307348492035883,0.14630065518552593,0.3106796116504854,,
101,prediction_magnitude,0.6421795874758599,0.8412447424180134,0.19227081517402148,0.3786407766990291,,
101,boundary_distance,0.6390883856522377,0.8245311659972803,0.1858380531787967,0.3497352162400706,,
101,jacobi1,0.25044944925255697,0.7138399586772504,0.16172256052212977,0.33980582524271846,0.9623968667276882,0.47431698757331825
101,jacobi5,0.27364956235247834,0.7402780852387126,0.16998726829549293,0.34951456310679613,0.9081225816716894,0.2579988173543763
101,jacobi10,0.31993353703240107,0.7623941895154064,0.1737220264431059,0.36893203883495146,0.8735914268124423,0.19332246583155566
101,jacobi20,0.43713227996924386,0.804528636033016,0.17884095365749045,0.36893203883495146,0.829154158620309,0.13922578188646115
101,jacobi40,0.5355280604034045,0.8063312355712976,0.20170399267930264,0.4174757281553398,0.7746571374801606,0.09283144610800338
101,jacobi80,0.5891803608468635,0.7960427142299948,0.2092690453345052,0.39805825242718446,0.7183385828023254,0.06507840637073856
101,cg5,0.23994719395965955,0.7424074718277938,0.16088208833613526,0.33980582524271846,0.9770400016701061,0.2408320929100223
101,pcg5,0.3034663896538159,0.7559006145704859,0.1750181625806986,0.3786407766990291,0.8761565565662466,0.15492060641310243
101,poisson_pcg5,0.4103017711537086,0.7410581575535246,0.11626756910543136,0.1941747572815534,0.9418864258761234,0.14445830867065093
101,cg10,0.23735492588155352,0.725414545186216,0.16362447075699568,0.33980582524271846,0.9574158216762364,0.17167098403125963
101,pcg10,0.5199062231778842,0.8031898632765145,0.20318285990844714,0.4368932038834951,0.7670721989994342,0.08201161676206822
101,poisson_pcg10,0.9951329706387239,0.9996626714314327,0.2618841774408138,0.970873786407767,0.07039474758474783,0.018482956614827406
101,cg20,0.22197143668192545,0.7052169971432487,0.15528299122138747,0.30097087378640774,0.930821507806513,0.10172223445900998
101,pcg20,0.5967495172019168,0.7807891380200921,0.2129606923798644,0.4077669902912621,0.6941309234344728,0.047532410173164764
101,poisson_pcg20,0.9999996311959087,1.0,0.2619304614940874,1.0,0.0001460438317866475,8.073343808462365e-05
101,cg40,0.228707319308347,0.7436619124421534,0.1632406951918547,0.3592233009708738,0.8922307188209262,0.06744854204181042
101,pcg40,0.8830176556576782,0.9389646121248537,0.23649901190660358,0.5728155339805825,0.3388683409539212,0.03332889516933799
101,poisson_pcg40,1.0,1.0,0.2619304614940874,1.0,1.2608630620948954e-09,1.2677576389787756e-09
101,cg80,0.46402108218296256,0.9093534887153052,0.20675471717268187,0.5339805825242718,0.7530863784097709,0.05058767260714978
101,pcg80,0.9989444826907945,0.9998207941979487,0.26186760695918937,0.970873786407767,0.021194143985412764,0.002905523964064334
101,poisson_pcg80,1.0,1.0,0.2619304614940874,1.0,4.992365056244682e-13,3.6905073831105765e-14
101,poisson,0.34093444898433584,0.7188788041702244,0.13204249537506,0.1650485436893204,17.140526032316945,84.5037798678039
101,amg,0.8493920208676059,0.9357283661701612,0.23889902771716023,0.6310679611650486,0.4002635016369784,0.06659081902346009
101,oracle,1.0,1.0,0.2619304614940874,1.0,4.852150751437069e-13,3.495739696456523e-14
102,ensemble,0.2869546058043058,0.6946122302689142,0.1600405247354654,0.24271844660194175,,
102,raw,0.020974738037336384,0.4269947186995984,0.06906396714317027,0.0,,
102,smoothed,0.04442834248265503,0.48598505212780535,0.06686498715865825,0.0,,
102,prediction_magnitude,0.5389518028932122,0.8807648925292264,0.23890101613904272,0.4563106796116505,,
102,boundary_distance,0.5653046554728517,0.8837323297808418,0.1784363513417895,0.3698146513680495,,
102,jacobi1,0.2287778502968314,0.597925429303311,0.15502952052991253,0.21359223300970873,0.9600272296115179,0.5059323415984024
102,jacobi5,0.30321837449037975,0.627020018342241,0.1756787212560758,0.2524271844660194,0.8955158448963785,0.28276007067539255
102,jacobi10,0.38114822124669195,0.6985652994318122,0.188606228920771,0.2912621359223301,0.8395729080476751,0.2214933064076879
102,jacobi20,0.5018220822008439,0.8363007705849488,0.21958861233255175,0.3883495145631068,0.7505260488564147,0.17320016072305736
102,jacobi40,0.6562440767827765,0.9328610733373391,0.24523681819371274,0.5048543689320388,0.6172833550862482,0.1357528895583569
102,jacobi80,0.784764345361562,0.9767664948399271,0.26714036627008986,0.6990291262135923,0.4447782717435376,0.10779742108210712
102,cg5,0.03562601700522137,0.43457406997459497,0.07241706206577911,0.0,0.9837120693052108,0.3088197088988307
102,pcg5,0.36529713316286383,0.6775771375562654,0.18691065240537763,0.30097087378640774,0.8402573713865955,0.2219631096452235
102,poisson_pcg5,0.8889029866425863,0.9706102484635738,0.25379325952930537,0.6796116504854369,0.4161567097335759,0.17141510855765102
102,cg10,0.06688803107789142,0.4717223785880691,0.07372933014954733,0.0,0.9652569195410041,0.24020303174150745
102,pcg10,0.6177257416314998,0.9147612873301498,0.2336221804663302,0.42718446601941745,0.6267636774751519,0.13950591742022872
102,poisson_pcg10,0.9956986602353193,0.9990618049186721,0.2829429705754694,0.9514563106796117,0.05059080161129861,0.035161191242858325
102,cg20,0.19036766415134823,0.5256317004522311,0.13800594991418186,0.11650485436893204,0.9212642721408385,0.16978242926745682
102,pcg20,0.8644985605464559,0.9943497464764977,0.28106798151417406,0.8543689320388349,0.21818823535328463,0.08621889781381853
102,poisson_pcg20,0.9999979771654386,1.0,0.28354505019730436,1.0,0.0005014011792433352,0.0004620737162771902
102,cg40,0.3748395813961805,0.5846009508449026,0.16631220108229608,0.1553398058252427,0.838360140801418,0.12707732217657242
102,pcg40,0.9946282343001215,0.9992620937562591,0.28339574891003205,0.9514563106796117,0.041586213758764805,0.024880353723231396
102,poisson_pcg40,1.0,1.0,0.28354505019730436,1.0,9.086435647497787e-09,7.612253917767516e-09
102,cg80,0.6999824650418425,0.836564308529142,0.22800187916669043,0.4077669902912621,0.6048143702096568,0.0836985465057344
102,pcg80,0.9999991729847649,1.0,0.28354505019730436,1.0,0.00021292962569674064,5.018684793265175e-05
102,poisson_pcg80,1.0,1.0,0.28354505019730436,1.0,1.086866582798519e-14,4.596023396456521e-15
102,poisson,0.502405731439096,0.7633113015611988,0.09880496109579238,0.0,17.46200767448752,87.51077607840352
102,amg,0.9966519741077176,0.9963631763701337,0.28164334426231646,0.883495145631068,0.157371429390837,0.0489558073546458
102,oracle,1.0,1.0,0.28354505019730436,1.0,9.630826120162564e-15,3.152351267710974e-15
103,ensemble,0.3665120967741935,0.6804760549423906,0.1423870746685656,0.17475728155339806,,
103,raw,-0.09044912515199198,0.5929814574702466,0.07579139371813089,0.08737864077669903,,
103,smoothed,-0.0823347757671125,0.6063586435174937,0.08370641836807119,0.10679611650485436,,
103,prediction_magnitude,0.7634435126242757,0.8270031519138126,0.17871140414890155,0.33980582524271846,,
103,boundary_distance,0.30523588486310393,0.6416990818338024,0.09120265841642089,0.0013239187996469549,,
103,jacobi1,0.2577978707710464,0.7116684060170984,0.15350483824766928,0.2912621359223301,0.9540199177078726,0.5339091573882918
103,jacobi5,0.2995462145054002,0.7255094188461255,0.1598684999349238,0.32038834951456313,0.8866503418246912,0.33497140794512936
103,jacobi10,0.38242115415563976,0.7978558552860441,0.17797144794247974,0.3592233009708738,0.8279811361918432,0.2784921705363362
103,jacobi20,0.5737572196194836,0.8923921866270306,0.19989377778679326,0.46601941747572817,0.7352478631284967,0.23002955090120156
103,jacobi40,0.7409907307238395,0.9487260575777701,0.23058327392731232,0.6407766990291263,0.5959378060902404,0.18283340014235364
103,jacobi80,0.8826634696194834,0.9809303943581796,0.24368136722303052,0.7572815533980582,0.4073829595360229,0.12995856947689577
103,cg5,-0.05024477415778557,0.5893551753581481,0.07986458682663905,0.07766990291262135,0.9758680471048841,0.36607802982541904
103,pcg5,0.3792069706208425,0.7910882008791625,0.17117156044909518,0.3106796116504854,0.821417899909423,0.277855603103498
103,poisson_pcg5,0.8165673056290679,0.9328189072662681,0.19701991454094245,0.4077669902912621,0.5576938484323269,0.19175084799276723
103,cg10,0.04887020778198985,0.6482928011975164,0.09804201553519842,0.11650485436893204,0.9415950178521416,0.28045267940466
103,pcg10,0.738681111866104,0.938216164363345,0.22706828737469834,0.6213592233009708,0.5699826586150847,0.18777471065586887
103,poisson_pcg10,0.9900677928975035,0.9967532125275397,0.25229081648874796,0.912621359223301,0.08681813246910623,0.04249746377597381
103,cg20,0.1766573385308633,0.7070933873059043,0.1578770026947763,0.33980582524271846,0.8816577645896038,0.18483591969607024
103,pcg20,0.9795052660753879,0.9925471469382162,0.25018120891228895,0.8543689320388349,0.12575950420100376,0.0736717600629463
103,poisson_pcg20,0.9999923556970172,1.0,0.2534911014503031,1.0,0.001668379224341577,0.0016562946203838985
103,cg40,0.3383777090336885,0.7927643022042313,0.17855650518574212,0.3786407766990291,0.7784730724646672,0.11899083213597876
103,pcg40,0.9989718747764821,0.9996837544669681,0.2532803521413667,0.9611650485436893,0.029388919955198295,0.008858469292722262
103,poisson_pcg40,1.0,1.0,0.2534911014503031,1.0,9.669850549911538e-08,7.077599852619244e-08
103,cg80,0.6998756683177167,0.9015633070849541,0.21841355986402847,0.49514563106796117,0.5673139218924996,0.0720782910755272
103,pcg80,0.999998871235963,1.0,0.2534911014503031,1.0,0.0006981255185499575,0.00010649571196764
103,poisson_pcg80,1.0,1.0,0.2534911014503031,1.0,1.5810114439768216e-14,4.787834882125926e-15
103,poisson,0.16304356135111936,0.6394379262726247,0.09352706804929292,0.0970873786407767,16.322232385469174,81.41024287919792
103,amg,0.9839909520062942,0.9912294572172501,0.24833903452488237,0.8543689320388349,0.17975692951017674,0.09864305265520255
103,oracle,1.0,1.0,0.2534911014503031,1.0,1.607089946231877e-14,4.9710535362471066e-15
104,ensemble,0.28548696668693224,0.6886141066590767,0.13661726935288707,0.20388349514563106,,
104,raw,0.21780294462127167,0.6571582176401758,0.1316779682571004,0.21359223300970873,,
104,smoothed,0.372044716937272,0.6852619040089392,0.12660443195047863,0.18446601941747573,,
104,prediction_magnitude,0.43081443119233237,0.71936371398754,0.12882041563883473,0.17475728155339806,,
104,boundary_distance,0.38294067691334716,0.6992136027745275,0.1287550277388956,0.1974845542806708,,
104,jacobi1,0.23445042602460478,0.6832906401863741,0.13952022805587672,0.23300970873786409,0.8978536999612805,0.5699190228557361
104,jacobi5,0.3621937137901437,0.8195713818875642,0.1756695167841426,0.4077669902912621,0.7961276756161968,0.35332021367640765
104,jacobi10,0.47024515413775825,0.9024382530596755,0.20062493148092939,0.5145631067961165,0.7225840814602472,0.30664223254854683
104,jacobi20,0.5909251953544096,0.9441615803843437,0.22733592928844687,0.6213592233009708,0.6282777944020218,0.28810821654237306
104,jacobi40,0.6889440580072956,0.959394073558711,0.24621761398727868,0.7184466019417476,0.5319214791041839,0.28165371829996527
104,jacobi80,0.7580630297367855,0.9610807164015475,0.25269744138296013,0.7572815533980582,0.45656256818627566,0.2764762758740623
104,cg5,0.22222327399685285,0.6634936698185805,0.13677791853498847,0.21359223300970873,0.9622989652617586,0.20344665867187725
104,pcg5,0.4256656913847364,0.8659751431011037,0.19236819648978537,0.46601941747572817,0.7550914985935325,0.08163475912429306
104,poisson_pcg5,0.9547766947106788,0.9898906844607487,0.258132164366848,0.8155339805825242,0.31483643746957213,0.10689510267563027
104,cg10,0.2414311386882197,0.6808239250287257,0.13933524811470413,0.24271844660194175,0.9157612289426509,0.14644009032355518
104,pcg10,0.6505124924004004,0.9551353003805488,0.23747032796735962,0.6699029126213593,0.5656445206236513,0.03332637333536543
104,poisson_pcg10,0.9995815861705168,0.9999789169644645,0.2655398413409183,0.9902912621359223,0.020477063086666095,0.011310794855662124
104,cg20,0.2679513044488949,0.7233694907392766,0.14329972318232273,0.27184466019417475,0.8627201288603162,0.08626781913698305
104,pcg20,0.7804972261461982,0.960321727122271,0.2525534807993282,0.7475728155339806,0.4271693399302271,0.022471564913067413
104,poisson_pcg20,0.9999991729847649,1.0,0.26556775145836353,1.0,0.0003070995600860526,8.662290004496286e-05
104,cg40,0.4424055079214648,0.8690743493248158,0.1992997741752348,0.4854368932038835,0.7388648765198262,0.05745684471310877
104,pcg40,0.8849406560689507,0.9764502493068952,0.2595713508587255,0.7864077669902912,0.28378847780228955,0.01687022483434746
104,poisson_pcg40,1.0,1.0,0.26556775145836353,1.0,2.386515046128457e-09,8.332453420360714e-10
104,cg80,0.7300654906659038,0.9705259163214319,0.24903796477672335,0.7087378640776699,0.45712645834709753,0.023596481752373492
104,pcg80,0.995735216543881,0.9991039709897431,0.26523182924970895,0.941747572815534,0.047706869705291706,0.003115423673284946
104,poisson_pcg80,1.0,1.0,0.26556775145836353,1.0,2.607761532640065e-12,1.139247511625452e-13
104,poisson,0.45783609228595945,0.7244552670693526,0.13535764342150708,0.17475728155339806,20.84486134010248,89.10637853487128
104,amg,0.9428129358593804,0.9869706840390879,0.26111963060483184,0.8155339805825242,0.22197667891776493,0.034392747244423906
104,oracle,1.0,1.0,0.26556775145836353,1.0,2.534189525365038e-12,1.1037627384305255e-13
105,ensemble,0.3419714366819255,0.6799489790540042,0.1620562280195319,0.27184466019417475,,
105,raw,-0.13900085383735067,0.44362923373707347,0.06113404035645155,0.0,,
105,smoothed,-0.1893882992990487,0.4118781822206761,0.06443541170112242,0.0,,
105,prediction_magnitude,0.7025439212145054,0.8128880596228245,0.176827222490882,0.1553398058252427,,
105,boundary_distance,0.5915962796250274,0.8332173766378883,0.18543453668017784,0.3451015004413063,,
105,jacobi1,0.25043169077676847,0.6561251488989385,0.13116747579575255,0.18446601941747573,0.9589245250398973,0.54088724931403
105,jacobi5,0.23287778950003576,0.7141140381392113,0.14517636585357954,0.2815533980582524,0.8930354263125052,0.2787209827456659
105,jacobi10,0.2809870203311637,0.7674119519728451,0.1651244410225804,0.36893203883495146,0.8411153575998649,0.22205202613580802
105,jacobi20,0.39091854570488516,0.8630973087505139,0.1888166260621631,0.46601941747572817,0.7635795905512743,0.18592940373041433
105,jacobi40,0.5458850627637508,0.9400082223838588,0.22176186830680622,0.6116504854368932,0.6469278824592102,0.1595265545840886
105,jacobi80,0.7341253755096201,0.9819740046171848,0.24448399524972483,0.7669902912621359,0.4872875133184451,0.13564208668484995
105,cg5,-0.10000607967956512,0.45963125770848484,0.06324075696929882,0.0,0.9852083798025777,0.3236256812627861
105,pcg5,0.24936968028038048,0.7370102147307169,0.15486349042639755,0.32038834951456313,0.8514475483840269,0.19439945093266778
105,poisson_pcg5,0.7649914057470854,0.9180186163203778,0.20076278943189765,0.4854368932038835,0.47027685236197375,0.19517210554666858
105,cg10,0.001819556451612903,0.5126867166334609,0.07685597646177453,0.019417475728155338,0.9630483095173863,0.2503540411810547
105,pcg10,0.4798752771618625,0.9088053297913834,0.21025631148639565,0.5436893203883495,0.6812289791732171,0.13256096424593183
105,poisson_pcg10,0.9940441268507259,0.9977757397510093,0.25758501927570493,0.9223300970873787,0.06411810434524384,0.04779796473900851
105,cg20,0.15474628513697158,0.5802789285601341,0.1157358683623869,0.0970873786407767,0.9238018561926854,0.1768233726900637
105,pcg20,0.8657239959588011,0.9932428871108863,0.25348184477863006,0.8349514563106796,0.27735071232280817,0.08665749024840459
105,poisson_pcg20,0.9999664053000501,1.0,0.25827770926670407,1.0,0.0037549680350475656,0.002843592880550438
105,cg40,0.31468563362778057,0.6552818274775202,0.1571478885276428,0.2621359223300971,0.8345234351947826,0.12297826981834148
105,pcg40,0.9858446731278162,0.9969218768118233,0.25724622167704797,0.9029126213592233,0.09477906669529323,0.02903701172739729
105,poisson_pcg40,1.0,1.0,0.25827770926670407,1.0,6.437204931764061e-07,5.122764556534663e-07
105,cg80,0.5565681996995923,0.85471680212517,0.20965753449842198,0.47572815533980584,0.6537748667872622,0.08162028998980066
105,pcg80,0.9999861977862812,1.0,0.25827770926670407,1.0,0.0025327355726017355,0.0007788460320580693
105,poisson_pcg80,1.0,1.0,0.25827770926670407,1.0,1.8803936397181918e-14,1.187592163946746e-14
105,poisson,0.3819208211143695,0.712227106458788,0.10786561078501555,0.07766990291262135,15.015557508610124,86.50244558778314
105,amg,0.9950850261068591,0.9983028156393957,0.25768993381464345,0.941747572815534,0.13678363704644855,0.048864234532819524
105,oracle,1.0,1.0,0.25827770926670407,1.0,1.5720246992423472e-14,4.240533559727153e-15
106,ensemble,0.26162973410342605,0.7574923837534128,0.19395685123971831,0.34951456310679613,,
106,raw,0.28532151893641367,0.6896787999536174,0.21668392137154155,0.36893203883495146,,
106,smoothed,0.376994000786782,0.9119888681572372,0.2829199012071896,0.5922330097087378,,
106,prediction_magnitude,0.19631697705815032,0.6698607465502883,0.07850789510897806,0.009708737864077669,,
106,boundary_distance,0.2738867775433576,0.7157427026343253,0.12997345186128553,0.13084730803177405,,
106,jacobi1,0.26115040054359484,0.6466588659435185,0.19879276316725764,0.2912621359223301,0.9320064234525766,0.5699765578078283
106,jacobi5,0.4087431938881339,0.7114892002150469,0.2336597877780628,0.39805825242718446,0.8450854340447904,0.2103478721422774
106,jacobi10,0.48067217339603735,0.7863972254725236,0.24497943257687912,0.42718446601941745,0.7992439416162238,0.1659299698420318
106,jacobi20,0.5367697678992918,0.8361637308539683,0.26360078309458307,0.5048543689320388,0.7505683688109105,0.15572716407121423
106,jacobi40,0.5721700544488948,0.8690005587004417,0.27240445314363154,0.5533980582524272,0.7049679235656248,0.15041021764866075
106,jacobi80,0.5806772248944996,0.8871952183675406,0.2756578393584706,0.5631067961165048,0.6721637934456,0.14449806531781242
106,cg5,0.2718057318861311,0.6825738169781685,0.22709526331178384,0.3883495145631068,0.9828177905976195,0.3082689709734437
106,pcg5,0.4554455265181317,0.7546988815449649,0.2441593524573332,0.4368932038834951,0.8168907944744106,0.10289603522828701
106,poisson_pcg5,0.9704437383770832,0.9986085196546599,0.35447590453334066,0.941747572815534,0.1493603551802457,0.09938142843205458
106,cg10,0.26714525516772764,0.6499899855581207,0.21615247110326252,0.33980582524271846,0.9299395689623237,0.2068544479994024
106,pcg10,0.5630385098526571,0.8555179574755173,0.269072926963301,0.5339805825242718,0.7206692509039405,0.07735220280177306
106,poisson_pcg10,0.9999285637651096,0.9999789169644645,0.3557254820898354,0.9902912621359223,0.007147416576521968,0.0056807642875456804
106,cg20,0.3624502002717974,0.6608055827878098,0.21762490830502024,0.33980582524271846,0.8783167709242296,0.12426448353781194
106,pcg20,0.5424464898791216,0.8919916089518569,0.2784659640944327,0.5631067961165048,0.6446207238710706,0.06876887069909463
106,poisson_pcg20,0.9999999329447105,1.0,0.3557337922794439,1.0,2.839710467685755e-05,4.145803174862819e-05
106,cg40,0.5827069326228451,0.957918261071229,0.30036801515388784,0.6699029126213593,0.6186426518987893,0.06578660999230485
106,pcg40,0.6413774721049996,0.9975543678778871,0.35058842134065216,0.9223300970873787,0.37613530878745455,0.030613582845664858
106,poisson_pcg40,1.0,1.0,0.3557337922794439,1.0,1.950377387976913e-13,6.724866649263713e-14
106,cg80,0.812428407302768,0.9981552343906476,0.35410055707210153,0.9320388349514563,0.2572628217573331,0.02259152032976738
106,pcg80,0.9978283809276873,0.999841877233484,0.3556645694279847,0.9805825242718447,0.023826458963000244,0.0037321843553518017
106,poisson_pcg80,1.0,1.0,0.3557337922794439,1.0,1.940270529120706e-13,3.060060693923019e-14
106,poisson,0.4774497644124168,0.8322422862443735,0.2100441691465518,0.3786407766990291,14.049055516231489,78.7415709401611
106,amg,0.9797964089657392,0.9996521299136649,0.35510907098703043,0.970873786407767,0.09685771668274049,0.03913763364963289
106,oracle,1.0,1.0,0.3557337922794439,1.0,1.965539062687473e-13,3.003414667658069e-14
107,ensemble,0.3184304480187397,0.7116262399460275,0.19607713126186274,0.24271844660194175,,
107,raw,0.061931292915385155,0.5170509049893004,0.047531692412159474,0.0,,
107,smoothed,0.08524335482082826,0.5529869390594858,0.04191097069630799,0.0,,
107,prediction_magnitude,0.5609360359595165,0.9509081517556898,0.32023826982739895,0.6407766990291263,,
107,boundary_distance,0.38836876931669156,0.8306874123736335,0.16325260220315213,0.2506619593998235,,
107,jacobi1,0.34702619850153776,0.6652857278390942,0.18716541107984963,0.2524271844660194,0.936237970664795,0.4397577092158928
107,jacobi5,0.5109869756276375,0.7412689879088791,0.24383065020067335,0.36893203883495146,0.8391692752119794,0.22378043507866713
107,jacobi10,0.5768407347471568,0.7811686326597304,0.3067776397878728,0.5048543689320388,0.7570268096253137,0.16381977514576304
107,jacobi20,0.6682639497353551,0.853862939185984,0.3337561873875662,0.5825242718446602,0.6370075257905083,0.12020349490523144
107,jacobi40,0.8072385178992919,0.9596365284673687,0.36364781618006736,0.6990291262135923,0.4765900455156555,0.08600145723926249
107,jacobi80,0.9048345746012444,0.9936750893393631,0.39290255961319037,0.8737864077669902,0.28893346849632845,0.05856599118805339
107,cg5,0.09539094351262427,0.5275186321326545,0.05197454629032071,0.0,0.985424562154428,0.32476258537174063
107,pcg5,0.5535229731421215,0.7671167894753487,0.2813867478701484,0.44660194174757284,0.7686542582686539,0.14825935746301908
107,poisson_pcg5,0.8319016433016235,0.9981236098373444,0.3993332534152163,0.941747572815534,0.26644241582073636,0.14513864685648803
107,cg10,0.24392484666690503,0.5801313473113859,0.11295611051612088,0.1262135922330097,0.9525292546154136,0.255539405271644
107,pcg10,0.7496717420070094,0.9290450439054215,0.3485182399835865,0.6310679611650486,0.49261053635811286,0.079368483492784
107,poisson_pcg10,0.9824337829017952,0.9993148013450976,0.3994547455504838,0.941747572815534,0.08589453698993618,0.04101875309618475
107,cg20,0.3848025668764752,0.6457312123799585,0.17639226861519372,0.21359223300970873,0.9095137665910172,0.17755641024511423
107,pcg20,0.9566308740433445,0.9998102526801809,0.4010076522230701,0.9805825242718447,0.1068139361852207,0.026380530964839576
107,poisson_pcg20,0.9999969378084542,1.0,0.40153046811306337,1.0,0.0004610251033859709,0.0004323877630336872
107,cg40,0.5190184446749159,0.74061541380728,0.2480533445889755,0.36893203883495146,0.7998509876018316,0.13177660694261703
107,pcg40,0.9960034488770475,0.9999472924111613,0.40145396762643476,0.9805825242718447,0.023509054873353804,0.008674955476375779
107,poisson_pcg40,1.0,1.0,0.40153046811306337,1.0,9.37666503531836e-09,8.319634993625044e-09
107,cg80,0.7223694209999284,0.8945848223227181,0.33655763927217885,0.5825242718446602,0.5217996554166717,0.07578907567349984
107,pcg80,0.9999991729847649,1.0,0.40153046811306337,1.0,0.00014122871056865632,3.274982135646529e-05
107,poisson_pcg80,1.0,1.0,0.40153046811306337,1.0,2.105923854550503e-14,7.943919020011139e-15
107,poisson,0.2776207442243044,0.6834382214351222,0.06376223465015228,0.0,11.004355570574555,86.3696497182437
107,amg,0.9806688541592159,0.9984820214414472,0.39917367612648136,0.9320388349514563,0.2130820057648988,0.04786277275203623
107,oracle,1.0,1.0,0.40153046811306337,1.0,2.2316307160366207e-14,8.12833995369085e-15
108,ensemble,0.16099821856448035,0.6246587183622698,0.15582918609257457,0.27184466019417475,,
108,raw,0.18328798905657676,0.6741827688350569,0.15558355184787784,0.1941747572815534,,
108,smoothed,0.20010798136757024,0.7154738939312483,0.13154577781119622,0.1650485436893204,,
108,prediction_magnitude,0.29430785530362635,0.6270832674488472,0.10916224432441339,0.0970873786407767,,
108,boundary_distance,0.22398611539293373,0.5798836216438443,0.10340235056648331,0.10172109443954105,,
108,jacobi1,0.2784582089085187,0.6537849319545028,0.1636294357705873,0.24271844660194175,0.8946275167162481,0.5481963363776281
108,jacobi5,0.4737309898254774,0.7301266036283904,0.21007667977809683,0.3592233009708738,0.8065361199812631,0.2777283672840736
108,jacobi10,0.5604546125098346,0.7730411224608119,0.2218029997663987,0.3883495145631068,0.7617753424772746,0.19430560184201912
108,jacobi20,0.642229778359917,0.7838145536194301,0.23538182510478964,0.44660194174757284,0.7201294625070478,0.14116345308616576
108,jacobi40,0.7139402358558041,0.7830555643401537,0.24503449291546864,0.5048543689320388,0.6858485247611581,0.11091346796835921
108,jacobi80,0.7571764135254989,0.7862180196704721,0.24495859976436396,0.49514563106796117,0.6546987830135814,0.09805268140765712
108,cg5,0.22938619823331663,0.6923879700199235,0.17387321889783589,0.22330097087378642,0.9417907891177418,0.27625761571188834
108,pcg5,0.5478386739145984,0.7767306536795168,0.21858812840156613,0.3883495145631068,0.7677929568491245,0.15726835030219916
108,poisson_pcg5,0.48509566554609823,0.7994054583979001,0.27071199308477667,0.47572815533980584,0.6617335602605245,0.18218649116974528
108,cg10,0.28858774855160574,0.7148730274184877,0.18479300528747183,0.2621359223300971,0.8873261419719795,0.20875964194944915
108,pcg10,0.681464923378156,0.7843521710255843,0.24515900421838538,0.49514563106796117,0.6963182462366182,0.09758617503814473
108,poisson_pcg10,0.9726691581431942,0.9973751620758357,0.3419259156817281,0.8932038834951457,0.11184395978455638,0.038870177710395776
108,cg20,0.4198727849402761,0.7639121680739593,0.22899978072578556,0.36893203883495146,0.7819545283608512,0.12378097918974003
108,pcg20,0.7641472802374651,0.7869875504675163,0.2469102687360946,0.4854368932038835,0.6427050749371033,0.0816442800522558
108,poisson_pcg20,0.9999933838781203,1.0,0.34427723991694414,1.0,0.0012710919108800951,0.0005610515338936197
108,cg40,0.6061182698841284,0.8607887163593815,0.2740561288111688,0.5145631067961165,0.6238791020339278,0.08199641903378457
108,pcg40,0.9212462672555611,0.9871077237700684,0.33302002196722913,0.8058252427184466,0.23336352286713166,0.03245834318099388
108,poisson_pcg40,1.0,1.0,0.34427723991694414,1.0,2.3465095166988346e-08,1.3177593415143399e-08
108,cg80,0.8741699337493742,0.9878245469782739,0.3348880985269845,0.7961165048543689,0.2599693055852346,0.031533128447690094
108,pcg80,0.9998375250339746,1.0,0.34427723991694414,1.0,0.006024103443575002,0.0009587130743314293
108,poisson_pcg80,1.0,1.0,0.34427723991694414,1.0,1.4970671864633535e-13,1.8304389243746525e-14
108,poisson,0.21516450897646805,0.6885403160347027,0.15285672691750044,0.1941747572815534,31.40134704462634,84.92940227130231
108,amg,0.8840285811994849,0.9455636022474516,0.31363199695304106,0.7087378640776699,0.39726242889842,0.06943971242905077
108,oracle,1.0,1.0,0.34427723991694414,1.0,1.3633926234460605e-13,1.672072007643992e-14
109,ensemble,0.3059410092268078,0.6883611102326513,0.15554896772674068,0.21359223300970873,,
109,raw,0.4751311489700307,0.9237742850215575,0.28633795051320815,0.6213592233009708,,
109,smoothed,0.7357968068271226,0.9631784784373254,0.27998275039969456,0.6019417475728155,,
109,prediction_magnitude,0.416165163883127,0.4880511896102801,0.14698685437821532,0.0,,
109,boundary_distance,0.4214578282071503,0.5507047004627726,0.171364841565508,0.09841129744042365,,
109,jacobi1,0.3636910807524497,0.7412689879088791,0.21994210583215332,0.3592233009708738,0.9698715245889432,0.737281156221202
109,jacobi5,0.38227116264930977,0.7199645805003004,0.24418249677117876,0.4563106796116505,0.9156296215085692,0.6283480977129723
109,jacobi10,0.41420254497174736,0.7716918081865427,0.261825475675212,0.5145631067961165,0.8714404202184285,0.5886272726628181
109,jacobi20,0.49103928992918955,0.849635790561125,0.2841011935228915,0.5825242718446602,0.8008391686366476,0.5327122465927303
109,jacobi40,0.6558310497282025,0.9573173945584685,0.30909884277572997,0.6796116504854369,0.6843690328145342,0.4460081796399312
109,jacobi80,0.7663649662935411,0.9914929951614433,0.3377386282654855,0.8640776699029126,0.5061748565859576,0.32316138119202487
109,cg5,0.45743149184607684,0.9029864119835974,0.28557263733716004,0.6116504854368932,0.9478511598107772,0.5922662428658179
109,pcg5,0.41903917593519774,0.7636275470942306,0.2562927655444452,0.4854368932038835,0.8365600604955855,0.5587579258768757
109,poisson_pcg5,0.7686747416136185,0.9386905326628928,0.2902908907743329,0.5631067961165048,0.5101796979649791,0.15729824143716722
109,cg10,0.4783814976575352,0.9434869232472092,0.3052668145462081,0.6990291262135923,0.7367587920779951,0.3643074688608923
109,pcg10,0.6904619327122523,0.9715379020271339,0.32551501437922875,0.7572815533980582,0.4816317429674281,0.2742161635376059
109,poisson_pcg10,0.9956444572097847,0.9994623825938459,0.34254742519895964,0.9611650485436893,0.0366471271330631,0.02018861591189716
109,cg20,0.5329127923610615,0.981499636317637,0.3243417076160771,0.7669902912621359,0.6209547283764547,0.2169105694818892
109,pcg20,0.8088329697446534,0.9989036821521563,0.34221692699722167,0.9320388349514563,0.269484404517194,0.030475596481004542
109,poisson_pcg20,0.9999998658894214,1.0,0.3429267103655007,1.0,0.00010533554044085291,8.413239362215657e-05
109,cg40,0.6306862885344395,0.9966899634209333,0.3411857255912562,0.912621359223301,0.47985254182300946,0.09310535928040918
109,pcg40,0.9944412506258493,0.9998735017867872,0.3428521289620598,0.9805825242718447,0.03173651085036053,0.004394927870008281
109,poisson_pcg40,1.0,1.0,0.3429267103655007,1.0,1.1562732097275151e-09,8.865711421855911e-10
109,cg80,0.7519721519383449,0.9966372558320947,0.33902123145160684,0.9029126213592233,0.3499588825853661,0.039810413233029925
109,pcg80,0.9998869894857305,1.0,0.3429267103655007,1.0,0.0035520756079337784,0.0007184815575046907
109,poisson_pcg80,1.0,1.0,0.3429267103655007,1.0,1.481994183320884e-13,2.1307833579530093e-14
109,poisson,0.6898787752127887,0.85944994360288,0.2751944522232344,0.5339805825242718,21.631577404849562,71.11282121946797
109,amg,0.978039962717259,0.9920516956031329,0.33226864570117187,0.8058252427184466,0.22164540372928315,0.11699934846928933
109,oracle,1.0,1.0,0.3429267103655007,1.0,1.556730268713393e-13,2.05161028716127e-14
110,ensemble,0.28803216195193476,0.7188260965813857,0.1373026525440486,0.21359223300970873,,
110,raw,0.1971993799620914,0.6070333006546282,0.12084896220159515,0.11650485436893204,,
110,smoothed,0.17892939525069734,0.6279792964591042,0.11437867685233982,0.1262135922330097,,
110,prediction_magnitude,0.3561381406015306,0.7288827045317985,0.14380710199540142,0.18446601941747573,,
110,boundary_distance,0.28386504301483156,0.7384280488704764,0.1719959427714459,0.3042806707855251,,
110,jacobi1,0.41588174352692936,0.7557635748395054,0.20979982766097816,0.3786407766990291,0.8003593770080837,0.4287617020753318
110,jacobi5,0.5829387315821472,0.8798899465545049,0.26239590447981354,0.5631067961165048,0.6077408982527132,0.18208534913164878
110,jacobi10,0.6898559317108933,0.9452262736788842,0.28727853449189955,0.6893203883495146,0.48681177847777135,0.11352961870564686
110,jacobi20,0.7880733450754596,0.9835446907645763,0.30907314525860585,0.7864077669902912,0.3535692002216591,0.06855812878230114
110,jacobi40,0.8582040693619911,0.992863392471248,0.31717723204265796,0.8446601941747572,0.2555887263478321,0.041778203969739074
110,jacobi80,0.8869662398970031,0.9935169665728472,0.3198078222883439,0.8446601941747572,0.2216120030532506,0.031194484503371544
110,cg5,0.23007992990487086,0.6240262272962062,0.1293413291087132,0.11650485436893204,0.9127562778768137,0.20724455961095803
110,pcg5,0.661836074404549,0.9247230216206529,0.2836592883710252,0.6601941747572816,0.5208893156361402,0.10151205511468682
110,poisson_pcg5,0.37332299191760243,0.6948968512486428,0.23489392557464978,0.46601941747572817,0.744111163406639,0.14993220983851965
110,cg10,0.3072713973428224,0.6843764165164501,0.17039667525522534,0.24271844660194175,0.8287565640228055,0.15070613117927595
110,pcg10,0.8427216177312066,0.9927896018468739,0.31533180919395914,0.8349514563106796,0.2630720918170126,0.04135295471048779
110,poisson_pcg10,0.9775447147020957,0.9975227433245839,0.323969956440862,0.9223300970873787,0.10996426207042152,0.024761388445288534
110,cg20,0.45907122836349323,0.7833718098731856,0.23389041531487592,0.47572815533980584,0.6965874285409445,0.0815190688199574
110,pcg20,0.884466519294042,0.9921781938163456,0.31837840396438666,0.8252427184466019,0.22555737353004437,0.02098250856758789
110,poisson_pcg20,0.9999905005006793,1.0,0.3260791848695859,1.0,0.0015656411443492457,0.00038121337573166555
110,cg40,0.6504972820256061,0.9129376047563328,0.27722390310226497,0.6310679611650486,0.520824348162724,0.048577987768986794
110,pcg40,0.9720981711787425,0.9969640428828943,0.32332696332406663,0.9223300970873787,0.11955596524124394,0.006999548417459652
110,poisson_pcg40,0.9999999888241183,1.0,0.3260791848695859,1.0,4.369945058976407e-08,1.1246223087480574e-08
110,cg80,0.9251996347721906,0.994918988435955,0.32135693812265886,0.912621359223301,0.19996684516831453,0.01734122273493721
110,pcg80,0.9999354928116729,1.0,0.3260791848695859,1.0,0.004075936498702282,0.0004872181059177105
110,poisson_pcg80,1.0,1.0,0.3260791848695859,1.0,1.0031461417440837e-13,7.72807500460663e-15
110,poisson,0.1962715247478721,0.5947418909374572,0.13884904430669384,0.18446601941747573,33.458670404039594,87.91826127566368
110,amg,0.9828494139367713,0.9986296026901953,0.3244306367693738,0.941747572815534,0.12473413457269265,0.03708926707031058
110,oracle,1.0,1.0,0.3260791848695859,1.0,1.1701777047622904e-13,8.205898535535499e-15
111,ensemble,0.38571185895143406,0.7366623446443819,0.20579401907390427,0.3592233009708738,,
111,raw,0.35837424451040695,0.6356324383584748,0.1903047536573795,0.24271844660194175,,
111,smoothed,0.48826674370574347,0.7356819834919832,0.23841098632422097,0.33980582524271846,,
111,prediction_magnitude,0.5497670946284242,0.7848159978073643,0.15352265997624653,0.10679611650485436,,
111,boundary_distance,0.6656286384271046,0.8778290798309141,0.2533133692211745,0.46557811120917914,,
111,jacobi1,0.3321994917209069,0.6928939628727744,0.19078298442328118,0.33980582524271846,0.9800065249088672,0.5520798443381449
111,jacobi5,0.3485294551534225,0.7209871077237701,0.17164146426445917,0.3106796116504854,0.9616602945237307,0.3417074052791245
111,jacobi10,0.34416179770760313,0.7333944741363861,0.1801042489167205,0.3300970873786408,0.9502380863151833,0.2782647625157076
111,jacobi20,0.31998530371575706,0.7084954091690121,0.19134128591681204,0.3592233009708738,0.9347945007113216,0.22858675271650236
111,jacobi40,0.33731176462699375,0.7714282702423495,0.20864497761629636,0.39805825242718446,0.9183097945374463,0.19700378607878696
111,jacobi80,0.34764378889206776,0.8079757123430632,0.22389264956050553,0.4174757281553398,0.8979931933515009,0.1839632426003096
111,cg5,0.360530552624991,0.6467853641567313,0.1892569130850839,0.2815533980582524,0.9753134615067761,0.29785470699318856
111,pcg5,0.3450836961769544,0.7395507205127394,0.16901025200338718,0.3106796116504854,0.9542698930931808,0.22956415935908744
111,poisson_pcg5,0.635297379032258,0.8387042366359908,0.2662099954724592,0.4854368932038835,0.709490207840739,0.17066874807593257
111,cg10,0.34178469887704743,0.6753528773072747,0.19236186585604978,0.2912621359223301,0.9503554309018237,0.20510943382310756
111,pcg10,0.3478938827694728,0.7876516660868832,0.21785433203023868,0.4077669902912621,0.9195827276915747,0.13775124292575197
111,poisson_pcg10,0.991421896234175,0.9959625986949601,0.33646259721863886,0.9029126213592233,0.0797701365765334,0.04218618129304311
111,cg20,0.35787625840426285,0.7208289849572541,0.2093907265898545,0.34951456310679613,0.9048640844361239,0.13966817914473958
111,pcg20,0.3404855808776196,0.8106216333027629,0.23754777657508566,0.44660194174757284,0.8856975710362951,0.1157303587942974
111,poisson_pcg20,0.9999615661433374,0.9999894584822323,0.33870930650735714,0.9902912621359223,0.003231068879892424,0.0015445475458041632
111,cg40,0.45872784940276085,0.7905822080263116,0.24978459313391546,0.4854368932038835,0.8157961473523646,0.10359196026519567
111,pcg40,0.8570366703025534,0.9820161706882556,0.32731136539936534,0.8349514563106796,0.37691922996430105,0.05444568180583487
111,poisson_pcg40,1.0,1.0,0.33871381101846054,1.0,5.844663353391697e-07,3.264406393458257e-07
111,cg80,0.7060654414920248,0.9667415114428175,0.31297873728825976,0.7378640776699029,0.542947968588101,0.06346830882977471
111,pcg80,0.9851971760782489,0.9985452705480535,0.3376298649254223,0.9320388349514563,0.09265589325459789,0.016879531730338744
111,poisson_pcg80,1.0,1.0,0.33871381101846054,1.0,8.657313480174358e-14,1.6497346282733318e-14
111,poisson,0.5428573264609112,0.7663894247493754,0.2012023190367595,0.24271844660194175,21.49030097082681,83.06386626726407
111,amg,0.7267371007975109,0.826676364863013,0.2600692406946881,0.5048543689320388,0.6905629515083677,0.10874669776745365
111,oracle,1.0,1.0,0.33871381101846054,1.0,6.675640881129542e-14,1.1954057525931004e-14
112,ensemble,0.4510217884986768,0.7069668890926916,0.17469826776652356,0.22330097087378642,,
112,raw,0.3993855276804234,0.7570285569716327,0.1876357305192022,0.30097087378640774,,
112,smoothed,0.6422937714576925,0.8529774516934948,0.18502590614525663,0.30097087378640774,,
112,prediction_magnitude,0.65998352675059,0.6287277442206128,0.09806731143410082,0.0,,
112,boundary_distance,0.6388858924490637,0.5986053571993296,0.10602075482225358,0.011032656663724624,,
112,jacobi1,0.3561857275051856,0.7481736820467411,0.18439633834350125,0.30097087378640774,0.9867264292123221,0.5535408035485997
112,jacobi5,0.32107278404620554,0.6762067402464607,0.1777462154588496,0.3300970873786408,0.9546538816221436,0.3658967763959997
112,jacobi10,0.40168160136971603,0.7314548348671241,0.18954696274689692,0.3592233009708738,0.9271557233699063,0.32642316220434453
112,jacobi20,0.48505271663328803,0.7713755626535108,0.20494079036570576,0.3883495145631068,0.886018283665858,0.2919411717671351
112,jacobi40,0.5648333452542736,0.8130145578360373,0.22771321247336435,0.4368932038834951,0.8285840180487816,0.24969328376253802
112,jacobi80,0.6211393587726199,0.8707926167209555,0.2522757271176812,0.5436893203883495,0.7608882613285411,0.20002808055368032
112,cg5,0.3877554471246692,0.7491435016813721,0.16942477738114728,0.23300970873786409,0.9853227779160733,0.34294240096106565
112,pcg5,0.37538722194406693,0.7177930278401484,0.18561774936356465,0.33980582524271846,0.9305938090674228,0.3055160663000978
112,poisson_pcg5,0.6453984090015019,0.8133518864046045,0.2015696539149096,0.3883495145631068,1.0488530003313834,0.15230248881308575
112,cg10,0.37210932470853303,0.7489221298082498,0.18357649232118442,0.2815533980582524,0.9560106142447318,0.25377598450386213
112,pcg10,0.5876034663114226,0.8138157131863846,0.23816953288437523,0.42718446601941745,0.7692271850420077,0.20670001097737675
112,poisson_pcg10,0.9953458264787926,0.9997997111624132,0.3066008032728045,0.9805825242718447,0.12763141424050697,0.03224948543961025
112,cg20,0.31241259343036976,0.7448952700209777,0.19090627366569798,0.33980582524271846,0.9142547214218208,0.1631000062540061
112,pcg20,0.6071681992525569,0.9095221529995888,0.27588008936923075,0.6699029126213593,0.665065062815665,0.09771258317576424
112,poisson_pcg20,0.9999989382912523,1.0,0.30677304950940343,1.0,0.0005506441364731475,0.00047875323433087247
112,cg40,0.4488005708640298,0.883684892950887,0.2185317052187535,0.47572815533980584,0.8636855936139927,0.10123963284777447
112,pcg40,0.6552367834024747,0.9776308992968807,0.27907113984037357,0.7766990291262136,0.6708368762579175,0.0629894637220002
112,poisson_pcg40,1.0,1.0,0.30677304950940343,1.0,1.3468685995335795e-08,1.0714075616293842e-08
112,cg80,0.5641011350225305,0.9772092385861716,0.26667889980458337,0.7281553398058253,0.7368009619853867,0.0707088438824066
112,pcg80,0.9975326335741362,1.0,0.30677304950940343,1.0,0.03330484768204195,0.006465937386391536
112,poisson_pcg80,1.0,1.0,0.30677304950940343,1.0,7.522839450501714e-14,1.3173563971409511e-14
112,poisson,0.5076620726342893,0.7392450164974753,0.12224153072217846,0.10679611650485436,17.59604566391071,84.22800321303568
112,amg,0.9966298011587152,0.9977335736799384,0.30481491558112117,0.912621359223301,0.156512397180628,0.09662118025597448
112,oracle,1.0,1.0,0.30677304950940343,1.0,1.2104312234113762e-13,1.4929272953883596e-14
113,ensemble,0.1789586872362492,0.7031824842140771,0.1381236880809634,0.2621359223300971,,
113,raw,0.1826758301444818,0.6635463774074192,0.12373688760956661,0.1941747572815534,,
113,smoothed,0.20155599563693583,0.6568946796959826,0.13144813019936424,0.1941747572815534,,
113,prediction_magnitude,0.36949103917817033,0.7217250139675111,0.13905555446589307,0.24271844660194175,,
113,boundary_distance,0.27047859074472363,0.590172142985147,0.11950420910346887,0.10812003530450133,,
113,jacobi1,0.22006373605249982,0.7236857362723085,0.16042563522818357,0.3106796116504854,0.9019173302747745,0.5687722969449543
113,jacobi5,0.31520797197982975,0.7767939027861231,0.17868739989159083,0.3786407766990291,0.7950212574077082,0.30356301159197807
113,jacobi10,0.4073075289678849,0.8279413469951403,0.19591151782796637,0.44660194174757284,0.7260032904926017,0.23578764617650266
113,jacobi20,0.5365148348651742,0.874186985442164,0.21878733382091156,0.5339805825242718,0.6398588791199817,0.19156727750235095
113,jacobi40,0.6594298065231384,0.9023960869886046,0.22912648809011799,0.5922330097087378,0.5388247586335416,0.15525548827316235
113,jacobi80,0.7756876966955152,0.9227201332447846,0.23694601198559426,0.6407766990291263,0.43279494983029826,0.11920029295583572
113,cg5,0.2141407870502825,0.6670145367530017,0.13494801112453608,0.1650485436893204,0.9435872288760482,0.31246772022617136
113,pcg5,0.3869698832343895,0.8195819234053319,0.18581322429941133,0.4077669902912621,0.7307901371261154,0.22145281464344102
113,poisson_pcg5,0.7323053273192189,0.8863308139105869,0.1994115274010624,0.4368932038834951,0.5628228855038184,0.18110460291919864
113,cg10,0.25624414383806593,0.7273647259732456,0.15315096323088961,0.23300970873786409,0.8716652583774588,0.2335403557792979
113,pcg10,0.6441158201308919,0.9003088664705944,0.22725525698174656,0.5922330097087378,0.5356488401825339,0.15344640325024683
113,poisson_pcg10,0.8674926015664115,0.9605536405131611,0.23683445443072382,0.6019417475728155,0.35993476481262365,0.07469850758132854
113,cg20,0.3402534578177526,0.7713017720291367,0.1803304717456835,0.30097087378640774,0.760411235392554,0.1353079678307702
113,pcg20,0.8384037264859451,0.9243856930520856,0.23796872421792425,0.6019417475728155,0.35040914747809493,0.08037847908192385
113,poisson_pcg20,0.9999582692582789,0.9999472924111613,0.2625988832320345,0.9902912621359223,0.003985291478686439,0.0023687686436040818
113,cg40,0.5561667732100708,0.896640418287425,0.21942642526652406,0.5242718446601942,0.5831064982337284,0.07561176710339314
113,pcg40,0.9636795360668049,0.9912294572172501,0.25752422298736033,0.8349514563106796,0.15561708168562932,0.02289521458741594
113,poisson_pcg40,1.0,1.0,0.26261023846867854,1.0,7.999465860759844e-07,3.469001011856849e-07
113,cg80,0.8077190584543309,0.9658665654680961,0.24869492953815775,0.7475728155339806,0.3536428632700039,0.03420577208643343
113,pcg80,0.9992966458944279,0.9997575450913423,0.262545088531915,0.970873786407767,0.02054985333126247,0.002786458028907544
113,poisson_pcg80,1.0,1.0,0.26261023846867854,1.0,9.127322936489147e-14,1.6698008476840148e-14
113,poisson,0.29116661674772903,0.6461844976439708,0.11904557113772161,0.08737864077669903,31.500833008126794,84.39591209776103
113,amg,0.9034422944531864,0.9623351570159071,0.24998538167476234,0.7475728155339806,0.29698934142657246,0.10079477069973307
113,oracle,1.0,1.0,0.26261023846867854,1.0,8.962849439570019e-14,1.362104947088384e-14
114,ensemble,0.29655636444102706,0.6917765619893952,0.15441531631678165,0.2524271844660194,,
114,raw,0.25306631544596236,0.5879742365305757,0.12670113556296175,0.13592233009708737,,
114,smoothed,0.29189311610399826,0.6372347490591695,0.1258477326702235,0.1650485436893204,,
114,prediction_magnitude,0.3023782611222373,0.6744041407081791,0.13987315515813356,0.17475728155339806,,
114,boundary_distance,0.44173443484270386,0.7987255305018817,0.17062318231725299,0.22219770520741394,,
114,jacobi1,0.27639983504398824,0.6288226178805224,0.15327337760400717,0.20388349514563106,0.8782471610536778,0.48355034887022275
114,jacobi5,0.4338697830984908,0.7427658834318965,0.19596680038863273,0.3300970873786408,0.7521240671712642,0.2710668015538132
114,jacobi10,0.5086150065267148,0.8204568693800534,0.2195783778088199,0.4077669902912621,0.6742549570861387,0.2088605446568762
114,jacobi20,0.6050444688327016,0.908510167293887,0.25817939723688266,0.5631067961165048,0.5838309013818085,0.16996883102858176
114,jacobi40,0.6905577547206923,0.9632838936150027,0.28590742404606645,0.6990291262135923,0.48921625529887963,0.14923183702232953
114,jacobi80,0.7638006937987267,0.985031044769826,0.29918915208663605,0.7864077669902912,0.39982933065877063,0.13359141251544046
114,cg5,0.2699680369787569,0.6143912800565026,0.13141289912914858,0.18446601941747573,0.9318297282665244,0.24528752202329865
114,pcg5,0.501473260585795,0.8061731128047817,0.21716904344004417,0.39805825242718446,0.6791423130780464,0.15110600398746574
114,poisson_pcg5,0.5780874937415063,0.9277168126666877,0.2737056948439776,0.6310679611650486,0.6894102160763576,0.15419632447047182
114,cg10,0.2973164026178385,0.6521404551827372,0.14754563861945647,0.2524271844660194,0.873911174010315,0.18113569816023176
114,pcg10,0.6579127923610614,0.9500542888165038,0.2780869458260602,0.6504854368932039,0.5117168019694046,0.08924331002159368
114,poisson_pcg10,0.9777627785029682,0.9972275808270875,0.3118316650773196,0.9223300970873787,0.11588366647279146,0.036703955913081364
114,cg20,0.35498188389600166,0.7044158417929013,0.20019572809641797,0.3786407766990291,0.7675787754895529,0.10524103276840896
114,pcg20,0.7993811467348544,0.992473356313842,0.3045875686613318,0.8543689320388349,0.32983517173645094,0.05723656123353896
114,poisson_pcg20,0.9999865777662542,1.0,0.31379991386135314,1.0,0.001767614405705683,0.0005914962761858312
114,cg40,0.5994511971604319,0.8103580953585697,0.2529233328373316,0.5242718446601942,0.595277625188868,0.06179915044891156
114,pcg40,0.9935902519490737,0.9995677977715232,0.31333251198250295,0.9611650485436893,0.05030528774734423,0.010837820069077424
114,poisson_pcg40,1.0,1.0,0.31379991386135314,1.0,3.9358887735579805e-08,1.4509494879175035e-08
114,cg80,0.8499181366676202,0.9552301740404583,0.2911675673668585,0.7184466019417476,0.33837384028727535,0.029063470583423286
114,pcg80,0.9993814037801302,0.9999472924111613,0.3137883108786814,0.9902912621359223,0.014851005938279298,0.0010192133573506909
114,poisson_pcg80,1.0,1.0,0.31379991386135314,1.0,1.0708740329763212e-13,1.3395027095026383e-14
114,poisson,0.3208444272584221,0.7297260259532168,0.16778948418558481,0.30097087378640774,30.24496781519702,85.23563124011169
114,amg,0.8488202515914456,0.9703467105193806,0.295715773037694,0.8446601941747572,0.41690466544772675,0.06980799853709801
114,oracle,1.0,1.0,0.31379991386135314,1.0,1.055707934595853e-13,1.3203224469212496e-14
115,ensemble,0.22856773254774335,0.7542245132454171,0.1569215549430178,0.32038834951456313,,
115,raw,0.369763596577498,0.7491751262346753,0.16037295057833909,0.2524271844660194,,
115,smoothed,0.39128424290108,0.7701000390036158,0.19378526972910942,0.3592233009708738,,
115,prediction_magnitude,0.25177554583005507,0.8097888533991124,0.1464528141628465,0.2621359223300971,,
115,boundary_distance,0.43297983507994897,0.7350547631848033,0.12283113059547926,0.16394527802294792,,
115,jacobi1,0.2506021229704599,0.8291009139495905,0.21272612596031484,0.46601941747572817,0.8544740042236812,0.5890811880139762
115,jacobi5,0.2990039383806594,0.8569937699629993,0.23242937336446326,0.5436893203883495,0.7601387342818253,0.37901585534276777
115,jacobi10,0.3704092049030827,0.9113247525378704,0.24773206042418164,0.5825242718446602,0.7174255606548523,0.33354887658326215
115,jacobi20,0.439467815696302,0.9214762341481927,0.25235401152654063,0.6019417475728155,0.6751811675743993,0.30664168800633135
115,jacobi40,0.5322297895357986,0.9260828774126899,0.2551797321525492,0.6019417475728155,0.6267028786046042,0.28911700491906367
115,jacobi80,0.6219094999463557,0.925070891706988,0.26215189521069415,0.6310679611650486,0.5676031425757875,0.2659297910042012
115,cg5,0.36727575593662826,0.7916574428386199,0.1683129969789383,0.2912621359223301,0.9141535558137022,0.23347953334542998
115,pcg5,0.34043551292825974,0.897958108008391,0.2417918875849278,0.5631067961165048,0.7249159637122121,0.13539108395746552
115,poisson_pcg5,0.6907061592518416,0.8778870581786365,0.25046621273063385,0.47572815533980584,0.5265219325649281,0.13524845022623194
115,cg10,0.3799858625098347,0.8369438031687803,0.20661499781323095,0.44660194174757284,0.8364994391095624,0.1734284439847617
115,pcg10,0.45430478193619905,0.908120131136481,0.24942112983298068,0.5728155339805825,0.6567045752464892,0.08719706392949003
115,poisson_pcg10,0.9711371124204276,0.9971221656494103,0.30179628543040116,0.883495145631068,0.15262712858262684,0.03640482775805042
115,cg20,0.4129350770688791,0.8595553587805572,0.24065747475814936,0.5339805825242718,0.6914792322195701,0.09203087959439557
115,pcg20,0.7120816644016879,0.9132116842182938,0.2649980479477173,0.6116504854368932,0.4902242698421801,0.059243561851335357
115,poisson_pcg20,0.999987907696159,1.0,0.30490836316911224,1.0,0.0018325516572388117,0.0006143390223512055
115,cg40,0.6038768462556326,0.9266099533010763,0.26967497839750126,0.6407766990291263,0.511121823320949,0.04949827426356439
115,pcg40,0.8836483777090337,0.9755225957433351,0.28948376143465626,0.7766990291262136,0.26122028315972723,0.01477031351423236
115,poisson_pcg40,1.0,1.0,0.30490836316911224,1.0,1.3361258329301929e-07,4.5467598740642093e-08
115,cg80,0.8634884061404763,0.9855054130693738,0.2944601315530879,0.7961165048543689,0.2600356577357291,0.021277608198419305
115,pcg80,0.9869230004112722,0.9990407218831368,0.30405319724250235,0.9514563106796117,0.07568037994403784,0.004463306470309326
115,poisson_pcg80,1.0,1.0,0.30490836316911224,1.0,8.473664464553898e-13,3.964558103195971e-14
115,poisson,0.4723142121450539,0.8236298662281395,0.20514903979359073,0.3786407766990291,37.82119695226842,84.01632646201479
115,amg,0.9684625004470353,0.9817104666729916,0.29556079711834915,0.8640776699029126,0.20948060302748675,0.04762683891798679
115,oracle,1.0,1.0,0.30490836316911224,1.0,7.814810392420551e-13,3.660825748302265e-14
116,ensemble,0.380742022655747,0.6973424833707558,0.13334924356931926,0.1650485436893204,,
116,raw,0.3361986021207352,0.6783466683533095,0.14818957749043843,0.18446601941747573,,
116,smoothed,0.46571269714255054,0.717655988109168,0.13761276091909608,0.13592233009708737,,
116,prediction_magnitude,0.45940941053930323,0.7136923774285021,0.1377304243315037,0.13592233009708737,,
116,boundary_distance,0.47118121904717136,0.683021831483297,0.14528214478206652,0.18711385701676964,,
116,jacobi1,0.3147135733316644,0.696709992304692,0.14860665899367104,0.2912621359223301,0.9426673497803374,0.514723921655447
116,jacobi5,0.32178168138902796,0.7865658897568072,0.16585400727035873,0.3883495145631068,0.8746045324031131,0.32028767380871564
116,jacobi10,0.34269202399685283,0.8725319671526306,0.17977322588757114,0.47572815533980584,0.8267210582627192,0.23955497683255314
116,jacobi20,0.4128147798798369,0.9309108925503093,0.19301280680696553,0.5631067961165048,0.7662299139689804,0.15924949497881086
116,jacobi40,0.47397535047564554,0.9569800659899013,0.21062617322428917,0.6310679611650486,0.7034762819731739,0.1082820033084924
116,jacobi80,0.5080614315857234,0.9595627378429946,0.2252151557630988,0.6310679611650486,0.653499029773969,0.09656043608836176
116,cg5,0.3106915076711251,0.6870961281005239,0.14924893260932837,0.23300970873786409,0.9707270301291606,0.21393364892231406
116,pcg5,0.3298668840748158,0.861621496263032,0.1847180990571389,0.5145631067961165,0.8245502140065293,0.13062954652185088
116,poisson_pcg5,0.8885909560296116,0.996120721461476,0.2703031133624464,0.9029126213592233,0.434453347647821,0.09420235456955868
116,cg10,0.3033889519705314,0.7083056618491931,0.1578654276882524,0.3106796116504854,0.9493722979825043,0.14128242751974532
116,pcg10,0.4593242391459838,0.9500753718520393,0.19762707531575419,0.5825242718446602,0.7174797834586903,0.049488762059511
116,poisson_pcg10,0.9997207594235032,1.0,0.2736562258054907,1.0,0.015441725181875204,0.006016297238746918
116,cg20,0.27788438327015236,0.7430821289649284,0.14955622534290428,0.39805825242718446,0.9135056942821778,0.08881462038772492
116,pcg20,0.5050066831771689,0.9543763111012724,0.22771092821720793,0.6310679611650486,0.641779126639851,0.035942148391755614
116,poisson_pcg20,0.999999396502396,1.0,0.2736562258054907,1.0,0.00021335127879988378,6.484750253136625e-05
116,cg40,0.310817471032115,0.8143638721103065,0.17194443424940317,0.4854368932038835,0.8482416746385415,0.06457139164990332
116,pcg40,0.8253602992454044,0.9881091679580026,0.2649660284429753,0.8252427184466019,0.3618656000401569,0.026526789357110944
116,poisson_pcg40,1.0,1.0,0.2736562258054907,1.0,1.3854953376920233e-09,7.318764672341686e-10
116,cg80,0.5127411308203991,0.9589407882946986,0.22176058274226534,0.6407766990291263,0.6507354181772673,0.038582552413279625
116,pcg80,0.9997672399148844,0.9999894584822323,0.27364580948765443,0.9902912621359223,0.008528338590799945,0.000950091383030984
116,poisson_pcg80,1.0,1.0,0.2736562258054907,1.0,2.092838539906052e-12,1.1095845516311981e-13
116,poisson,0.2833703106001001,0.5557488167146306,0.11205948645059861,0.1553398058252427,19.72022180296304,88.88981939038614
116,amg,0.9891954929904869,0.9994202165227749,0.273099091379661,0.970873786407767,0.0882728314193044,0.03188605690137033
116,oracle,1.0,1.0,0.2736562258054907,1.0,2.067222836198328e-12,1.0932899996776582e-13
117,ensemble,0.23063713700736713,0.6594984345846114,0.1509152340417833,0.20388349514563106,,
117,raw,0.07014740987769115,0.58540210619525,0.10567155662412733,0.10679611650485436,,
117,smoothed,0.07000297278449323,0.6198201617068826,0.08213887888342476,0.06796116504854369,,
117,prediction_magnitude,0.3352274180137329,0.7030138199297935,0.09966441427947302,0.06796116504854369,,
117,boundary_distance,0.14893599487508088,0.597930700062195,0.11270073033357947,0.1683583406884378,,
117,jacobi1,0.28506069621271724,0.663472586783045,0.19537808022109113,0.2621359223300971,0.906877013986475,0.5913098694689396
117,jacobi5,0.4525764542057077,0.7702792448056671,0.24905752041365797,0.4174757281553398,0.7554469037390712,0.37140389452179184
117,jacobi10,0.5721766146913668,0.8646890779334409,0.2864462008069063,0.5533980582524272,0.6440908980912351,0.2879823300191051
117,jacobi20,0.6991924755024675,0.9429809303943582,0.31869260383538633,0.6893203883495146,0.5073454019755043,0.2101249906385433
117,jacobi40,0.8095477679529359,0.9772092385861716,0.32896533135848777,0.7669902912621359,0.36720004758994074,0.1426659464124177
117,jacobi80,0.8772920056684071,0.9890895291104013,0.3360082840621343,0.8058252427184466,0.2554708388645345,0.09294888580382503
117,cg5,0.09191039401688003,0.6057577770047331,0.13522404728565018,0.1553398058252427,0.9354643754371968,0.38089194556463635
117,pcg5,0.5716074940991345,0.8671557930910893,0.2827186151664012,0.5436893203883495,0.6014543260319043,0.27816526392279484
117,poisson_pcg5,0.5366562991738788,0.844206908910745,0.29967803133084037,0.6601941747572816,0.6929258670953132,0.19290052043025058
117,cg10,0.1566250849366998,0.6628717202702845,0.1692124318075526,0.27184466019417475,0.8649980205883607,0.27399039774249956
117,pcg10,0.796432982708676,0.978474220718299,0.3271186018220463,0.7766990291262136,0.3376573787316088,0.14537465316606563
117,poisson_pcg10,0.9823647383055574,0.9980709022485057,0.3453471273834708,0.9223300970873787,0.1265121197780186,0.03583008980711986
117,cg20,0.31507551543165724,0.7633640091500374,0.23600379885882136,0.4077669902912621,0.7224977156689124,0.17160595368446077
117,pcg20,0.9108834534368071,0.9938121290703436,0.3407901874767334,0.8349514563106796,0.18578248757051663,0.06703833358578853
117,poisson_pcg20,0.9999940320792503,1.0,0.34859907759658815,1.0,0.0010061463568818523,0.000993892678974225
117,cg40,0.5762985480294686,0.9059380369585613,0.3038061584559222,0.6310679611650486,0.5163913987763427,0.09398886457399094
117,pcg40,0.9743910038623845,0.9996732129492004,0.3482665467331307,0.970873786407767,0.08688549656598846,0.019171984692433083
117,poisson_pcg40,1.0,1.0,0.34859907759658815,1.0,9.917455413387079e-08,5.38897038207192e-08
117,cg80,0.8783085750303983,0.9880880849224671,0.33988179002904173,0.8543689320388349,0.2555468217616149,0.036935666203379944
117,pcg80,0.9999904446212716,1.0,0.34859907759658815,1.0,0.0010918518585184037,0.00010805738813684126
117,poisson_pcg80,1.0,1.0,0.34859907759658815,1.0,3.066998761009827e-14,7.519220854631974e-15
117,poisson,0.15284818458980043,0.6574112140666013,0.1410087139561096,0.1650485436893204,27.71620137003447,78.34899420980298
117,amg,0.9784966204134181,0.9974067866291388,0.34500476163803284,0.912621359223301,0.13598522226402862,0.06157629673089527
117,oracle,1.0,1.0,0.34859907759658815,1.0,3.905539556869734e-14,9.385161859479863e-15
118,ensemble,0.3063455426114012,0.6400282512676175,0.1609485959548285,0.23300970873786409,,
118,raw,0.003592610060081539,0.5890600128606517,0.11330367457544258,0.17475728155339806,,
118,smoothed,0.03263601047850654,0.6572425497823177,0.13474499296873735,0.22330097087378642,,
118,prediction_magnitude,0.7934233848615978,0.8301234411730601,0.24515969375775282,0.4563106796116505,,
118,boundary_distance,0.6007492237298415,0.8680465513424623,0.21219247416639783,0.33097969991173876,,
118,jacobi1,0.28771900257492306,0.6650854390015074,0.1824225003175239,0.2524271844660194,0.9797243377400549,0.654766645263023
118,jacobi5,0.2958793630641585,0.6713365590377702,0.18719785372698947,0.30097087378640774,0.9426393397551285,0.4880898090503803
118,jacobi10,0.33752445282883914,0.7188577211346889,0.1964946245879854,0.36893203883495146,0.9074312830501506,0.43144963914802087
118,jacobi20,0.42950515431657244,0.8177793238670503,0.22370977953543655,0.4854368932038835,0.8453084581972967,0.36247508299574466
118,jacobi40,0.6034998949467133,0.928328220697216,0.25006261060284324,0.6310679611650486,0.7374931359239618,0.2722592983236847
118,jacobi80,0.7713282311708748,0.977082740372959,0.27076400526392197,0.7669902912621359,0.5723672561203249,0.17917512471763147
118,cg5,0.04310940964523281,0.5990849962577612,0.09620189143739533,0.1262135922330097,0.9752337545879814,0.46904188564738014
118,pcg5,0.33736263723982546,0.7046793797370946,0.20102092420389353,0.3786407766990291,0.8980617226198976,0.4256040388321631
118,poisson_pcg5,0.9106012959552249,0.9393757313177952,0.2557353714183768,0.5631067961165048,0.38907848562970226,0.15734535188152063
118,cg10,0.1151394302982619,0.6523829100913949,0.12920467069066358,0.24271844660194175,0.928216042151036,0.28419521309749013
118,pcg10,0.6126438894750017,0.9191992663103634,0.25797603646344197,0.6504854368932039,0.6465735119596605,0.21214998819345682
118,poisson_pcg10,0.9933443713790142,0.9972381223448552,0.28120601261838857,0.9223300970873787,0.056810238033249125,0.03249098597073949
118,cg20,0.1741907432408268,0.6795905674499014,0.16230289038829157,0.3300970873786408,0.8910717642277964,0.19959092231460818
118,pcg20,0.8424909587118231,0.9939280857657885,0.2792221876757871,0.883495145631068,0.3734473789902152,0.1223872638210386
118,poisson_pcg20,0.9999983012660038,0.9999894584822323,0.28179802868373627,0.9902912621359223,0.0004134444835190458,0.0003829538969079348
118,cg40,0.30928434124883764,0.7861547705638657,0.2013890225454644,0.4174757281553398,0.808965767939458,0.13543852386351654
118,pcg40,0.9586457960803947,0.9929582661311576,0.27904349321238875,0.8446601941747572,0.11731494794332945,0.04912862812811902
118,poisson_pcg40,1.0,1.0,0.2817994841608115,1.0,3.401090356069083e-08,4.3201562513020994e-08
118,cg80,0.6499103247264144,0.9121891569948242,0.24021743747036622,0.5048543689320388,0.6369627575858601,0.08860860102234622
118,pcg80,0.9999981224518989,1.0,0.2817994841608115,1.0,0.0005986121530628491,0.0001380544517562136
118,poisson_pcg80,1.0,1.0,0.2817994841608115,1.0,1.4109858609051484e-14,9.488875378535391e-15
118,poisson,0.4786244836742721,0.8517124695613675,0.18244729429736098,0.3592233009708738,18.0116311647689,76.54289699740757
118,amg,0.9955869572991917,0.9958466419995151,0.28028287108812705,0.883495145631068,0.08917183051455994,0.08986395990887906
118,oracle,1.0,1.0,0.2817994841608115,1.0,1.441111077629599e-14,5.589759603097244e-15
119,ensemble,0.3954702810957728,0.659477351549076,0.14833069068129218,0.21359223300970873,,
119,raw,0.376964038248337,0.802125169981974,0.20210293866461757,0.4077669902912621,,
119,smoothed,0.5996111910807524,0.8942158692008475,0.19643153956828854,0.39805825242718446,,
119,prediction_magnitude,0.4518200817180459,0.7286191665876053,0.07081858942231233,0.0,,
119,boundary_distance,0.481236855591844,0.7068878277094336,0.11724141605569445,0.12312444836716684,,
119,jacobi1,0.2907292709748945,0.7050061667878941,0.15796478436541125,0.2815533980582524,0.9675169644100907,0.4926327118540354
119,jacobi5,0.3316969793827337,0.7682341903587279,0.17303324552880364,0.39805825242718446,0.9226682259775008,0.24527043405580323
119,jacobi10,0.38607044828696085,0.7914360709654976,0.17945791774759573,0.4854368932038835,0.8914728678764906,0.18892853108292268
119,jacobi20,0.412133654602675,0.7838145536194301,0.17146882031469893,0.46601941747572817,0.8572297103306965,0.1525498964430682
119,jacobi40,0.39927982619269003,0.7571128891137746,0.16563294600148679,0.4174757281553398,0.8309655735196338,0.12378453782471847
119,jacobi80,0.38065215739217506,0.7401515870254999,0.1634754950473293,0.3786407766990291,0.8203138785005206,0.10760857936380629
119,cg5,0.36929552830627277,0.8132359297091595,0.20056963571901026,0.42718446601941745,0.9811545449005608,0.23531135192114502
119,pcg5,0.3659573260138759,0.7920896450670968,0.18135962942588002,0.46601941747572817,0.8983731420375786,0.16352343846535006
119,poisson_pcg5,0.5478123435376583,0.8871530522964697,0.2139654887054102,0.6019417475728155,0.8860121728944379,0.1566276633017019
119,cg10,0.35059750733137823,0.8010921012407366,0.19071441144855852,0.4368932038834951,0.9603972529612377,0.16830505575090005
119,pcg10,0.40152089219297615,0.736230142415905,0.16596721297184283,0.42718446601941745,0.8215383481207716,0.09282524121943016
119,poisson_pcg10,0.9970515006973748,0.9989458482232272,0.2731502529437964,0.9320388349514563,0.07828769254954773,0.02536326486819908
119,cg20,0.32571419471067875,0.8274986032488958,0.1905600377711556,0.49514563106796117,0.9337467183934944,0.11610273845214612
119,pcg20,0.36780070944496096,0.724518516175959,0.1549571318757682,0.3300970873786408,0.8218475185936253,0.06248052521569394
119,poisson_pcg20,0.999999720602961,1.0,0.27361477642910836,1.0,0.00012348515448871498,8.442424272995227e-05
119,cg40,0.4047850207424361,0.920959699777574,0.1978691312775432,0.5825242718446602,0.8668368373575641,0.08531919178427787
119,pcg40,0.5680896059831199,0.9537332785174409,0.20891682736144848,0.5922330097087378,0.5768954433314325,0.04345670604220814
119,poisson_pcg40,1.0,1.0,0.27361477642910836,1.0,1.8425357518012511e-09,1.2289950306902731e-09
119,cg80,0.5534544649881982,0.9654554462751547,0.2261789060112492,0.6699029126213593,0.673484149987419,0.05335508264993737
119,pcg80,0.9987618799620913,0.9992304692029559,0.273303186583942,0.9514563106796117,0.036575590955970336,0.005023353014512089
119,poisson_pcg80,1.0,1.0,0.27361477642910836,1.0,2.5247824561088425e-13,2.3170175198649786e-14
119,poisson,0.6366395018239037,0.87007579351275,0.1906230072313347,0.3883495145631068,14.313576387806577,84.04719159780616
119,amg,0.9869059795436663,0.9980181946596671,0.2723154785714318,0.912621359223301,0.13005371137586316,0.050555727798042634
119,oracle,1.0,1.0,0.27361477642910836,1.0,2.838609547867723e-13,2.4985756332392093e-14
120,ensemble,0.3829163909949217,0.6521720797360404,0.17668236823167244,0.23300970873786409,,
120,raw,0.3839952658965739,0.7362406839336728,0.17070372454236768,0.2815533980582524,,
120,smoothed,0.5112003455582577,0.8235455340859977,0.19747465550567153,0.33980582524271846,,
120,prediction_magnitude,0.6104590269830483,0.9310163077279867,0.2749669610790109,0.6213592233009708,,
120,boundary_distance,0.5963397008609023,0.7560534665781179,0.16470422317484482,0.15158870255957635,,
120,jacobi1,0.3637553755990272,0.7146727385809009,0.1899310073404886,0.3300970873786408,0.9490348110490142,0.47143627278382083
120,jacobi5,0.433638956440884,0.7774474768877223,0.21981555614120052,0.4077669902912621,0.8954120202964697,0.23707821294524917
120,jacobi10,0.4369001010299692,0.7683606885719406,0.21693427750214694,0.3786407766990291,0.8666735335673541,0.18184406417520257
120,jacobi20,0.46246029209284023,0.7641440814648494,0.21780415878937331,0.39805825242718446,0.8364693137623843,0.13998792284877198
120,jacobi40,0.47708096032115005,0.7454855950159704,0.21727997174982944,0.39805825242718446,0.8106537239076838,0.11394605513886664
120,jacobi80,0.4813986280487805,0.7350178678726162,0.22027700492573157,0.3883495145631068,0.7901591481305162,0.10349077860570106
120,cg5,0.3961742163471854,0.738865521857837,0.1740872905710388,0.2621359223300971,0.9735714533808786,0.24334547023817057
120,pcg5,0.4317098316465202,0.7678546957190896,0.21319805161108996,0.36893203883495146,0.8689965953699108,0.1598561198360768
120,poisson_pcg5,0.7565139631464128,0.9088685788979898,0.25357905594313185,0.44660194174757284,0.49945020376100513,0.1577462374910625
120,cg10,0.40366939954223585,0.7411741142489696,0.18743514328495078,0.2815533980582524,0.9491853064088657,0.1766020726277714
120,pcg10,0.4739014443709319,0.7405627062184413,0.2154917470424633,0.39805825242718446,0.8148689506102226,0.09606019095130437
120,poisson_pcg10,0.9892551051426935,0.9983766062637699,0.31754031559354107,0.9223300970873787,0.07667526043825296,0.03226761423640466
120,cg20,0.40449195560045775,0.7318237879889946,0.20926541190329556,0.3300970873786408,0.9055777820980045,0.11800815097517581
120,pcg20,0.46610234425291464,0.7140191644793017,0.21810656972256526,0.3786407766990291,0.7818696174293808,0.0793615300179199
120,poisson_pcg20,0.9999965801802447,1.0,0.31897140611378083,1.0,0.0008046894754615066,0.00047841487559071064
120,cg40,0.5127477581181603,0.7791868273193975,0.2392279403355273,0.4174757281553398,0.7960504324190403,0.08440687838571959
120,pcg40,0.7771729154745725,0.8537258994550035,0.2620089972214848,0.46601941747572817,0.5468748020125298,0.04968835738924562
120,poisson_pcg40,1.0,1.0,0.31897140611378083,1.0,2.278458017640207e-08,1.382181752273315e-08
120,cg80,0.7274909587118231,0.9327978242307328,0.2857514566336966,0.6019417475728155,0.5351307078481994,0.04961369300994481
120,pcg80,0.9998688957334954,1.0,0.31897140611378083,1.0,0.005307708108994463,0.0009285963040321741
120,poisson_pcg80,1.0,1.0,0.31897140611378083,1.0,1.2299863828833115e-13,1.2365162515116091e-14
120,poisson,0.5226342223374578,0.8270031519138126,0.19872299215190534,0.34951456310679613,18.18478992312871,88.55952392696176
120,amg,0.9209261788319861,0.9762815850226115,0.3043133241502282,0.7475728155339806,0.3522287306120495,0.05581847023081563
120,oracle,1.0,1.0,0.31897140611378083,1.0,1.3963355617200532e-13,1.3753846385625668e-14
121,ensemble,0.23164849840855448,0.6974584400662007,0.15234609783648811,0.2621359223300971,,
121,raw,0.22221331628638866,0.6279898379768719,0.11909305896107059,0.1262135922330097,,
121,smoothed,0.26038551203418925,0.6416305619683123,0.11773644942480192,0.13592233009708737,,
121,prediction_magnitude,0.2849323188613118,0.7550678346668354,0.18658407718733097,0.3786407766990291,,
121,boundary_distance,0.2031651287585991,0.662697785227117,0.0901925021077656,0.03442188879082083,,
121,jacobi1,0.3152430307202632,0.7103612578139,0.18420410070875476,0.3106796116504854,0.8511247685793875,0.5020270604362467
121,jacobi5,0.4898172296330734,0.8020830039109031,0.2269286560179111,0.49514563106796117,0.6978584828687175,0.26937467245794894
121,jacobi10,0.5798554511479865,0.868484024329823,0.2423506546753146,0.5436893203883495,0.6106574430054604,0.22105211211953255
121,jacobi20,0.6895381455189185,0.9252184729557361,0.25974953772462417,0.6116504854368932,0.5053461051547911,0.19194093741026635
121,jacobi40,0.8042969141155853,0.9598473588227233,0.27377759168639704,0.6990291262135923,0.3886169879197124,0.1684125385201198
121,jacobi80,0.8942856488269795,0.9768613684998366,0.28106154679295425,0.7572815533980582,0.285954987595303,0.14443403646054873
121,cg5,0.2759577283456119,0.6653911430167716,0.13963335312404837,0.1650485436893204,0.9265947039666185,0.2724196491729694
121,pcg5,0.5480092960982762,0.8455456816672464,0.2379357825005671,0.5339805825242718,0.6251896625640029,0.171317507913524
121,poisson_pcg5,0.7296936243830912,0.916226558299864,0.23026908416493763,0.42718446601941745,0.5481572325408146,0.17257013018903672
121,cg10,0.3703176967849224,0.7299263147908036,0.16845547858886434,0.24271844660194175,0.8389501185272783,0.20423656944124385
121,pcg10,0.7701569652564193,0.9514246861263085,0.2734447574745655,0.6893203883495146,0.40078083959794025,0.10825663382771686
121,poisson_pcg10,0.9709624557435089,0.9971221656494103,0.2965073558132763,0.912621359223301,0.12133354408520616,0.03747335032686427
121,cg20,0.49273172072813104,0.7988994655450492,0.23133009014587788,0.4563106796116505,0.7023016195111788,0.1085445493822384
121,pcg20,0.9199569616801372,0.9792964591041818,0.2854318872077034,0.7572815533980582,0.2373838903055789,0.03693898919983048
121,poisson_pcg20,0.9999913051641512,1.0,0.2984913789961872,1.0,0.0014772104656413907,0.0007049655876868651
121,cg40,0.6314218738824118,0.8548222173028472,0.2558864123290298,0.5825242718446602,0.5545599037187955,0.057202575446212475
121,pcg40,0.9691002409520062,0.9930742228266026,0.29335769291390024,0.8932038834951457,0.14142904423834982,0.013083905540157953
121,poisson_pcg40,1.0,1.0,0.2984913789961872,1.0,2.6059228267589613e-07,9.597100264219795e-08
121,cg80,0.8386406104713539,0.9552407155582261,0.27670832223257785,0.6893203883495146,0.345841772181969,0.026324633527857116
121,pcg80,0.9997153055933051,0.9999683754466968,0.29847570130257445,0.9902912621359223,0.012073644547021265,0.0013931453744716938
121,poisson_pcg80,1.0,1.0,0.2984913789961872,1.0,4.713872415937208e-13,3.5432595878004863e-14
121,poisson,0.3583828164115585,0.690427247715126,0.14712004656339003,0.17475728155339806,29.962878316635685,84.80329259776525
121,amg,0.9360600770688791,0.9895322728566459,0.291472961401369,0.8446601941747572,0.20249992378231718,0.05065209682556341
121,oracle,1.0,1.0,0.2984913789961872,1.0,4.381941918601447e-13,3.285377672952027e-14
122,ensemble,0.34710456378299115,0.6225293317731887,0.12595271339259823,0.1262135922330097,,
122,raw,0.41741907544167084,0.782307116578645,0.17361051181576997,0.32038834951456313,,
122,smoothed,0.6097911004220012,0.8655851069436977,0.1828584459415874,0.34951456310679613,,
122,prediction_magnitude,0.6987077104642013,0.7629423484393283,0.11573518524293788,0.019417475728155338,,
122,boundary_distance,0.7017187435268368,0.7742692092807523,0.1499061089110984,0.14320388349514565,,
122,jacobi1,0.3693053072026321,0.7296311522933072,0.15831977558030094,0.3106796116504854,0.9644536697325525,0.5426029219621278
122,jacobi5,0.33476579822616404,0.7744853103949907,0.16826073602126546,0.36893203883495146,0.9340567083700355,0.29936364237807483
122,jacobi10,0.3260539303340247,0.8016297186468908,0.17318312338978745,0.4368932038834951,0.9130941074517489,0.21547854253380616
122,jacobi20,0.3739024166726271,0.8416136955398839,0.1712875869543758,0.44660194174757284,0.886722360320496,0.1536019284593685
122,jacobi40,0.4628204460517845,0.8791414987929962,0.16772783956859205,0.4563106796116505,0.8579071473020405,0.10510993291053056
122,jacobi80,0.5260740580967026,0.8907160853019618,0.17888931653630705,0.5145631067961165,0.8314144069587345,0.07536700870508677
122,cg5,0.3899311453937486,0.7843943370966552,0.168096713821135,0.33980582524271846,0.9784098257026519,0.25535711289301766
122,pcg5,0.2981909712288105,0.7835826402285401,0.166414934205513,0.3883495145631068,0.9147023903570892,0.16070275560894853
122,poisson_pcg5,0.6049427236070379,0.8512486427795874,0.1904938501256877,0.44660194174757284,0.8894006833287772,0.17763996711649627
122,cg10,0.38132050863672123,0.7990681298293328,0.1645615541730833,0.36893203883495146,0.9620088862949834,0.18128838055450083
122,pcg10,0.4566384624669193,0.8730485015232493,0.16516262927429054,0.42718446601941745,0.8590767823126141,0.09098782498595025
122,poisson_pcg10,0.9916536393140691,0.9969535013651265,0.25415578931655897,0.883495145631068,0.14287312394790241,0.041489188502788606
122,cg20,0.3613967057971532,0.8349092902396087,0.17862033904857105,0.42718446601941745,0.9371311277385793,0.10234372146432132
122,pcg20,0.5413543603819468,0.8852028715094399,0.17882524489404436,0.5048543689320388,0.8242370494831811,0.059271409014391145
122,poisson_pcg20,0.9999966137078893,0.9999789169644645,0.25585941303801796,0.9902912621359223,0.0012307545765847003,0.0006861848853933998
122,cg40,0.3624078883842357,0.8935201290281775,0.17980533869071175,0.46601941747572817,0.9008215387009266,0.07354056285993091
122,pcg40,0.9438557014877333,0.9788326323224018,0.24487806776688165,0.7378640776699029,0.23525893383083926,0.03077622099430337
122,poisson_pcg40,1.0,1.0,0.2558601594620299,1.0,2.1536006699857314e-08,1.3825862707201772e-08
122,cg80,0.5966819478220442,0.9661195618945215,0.2140121076760632,0.6893203883495146,0.7514660530040307,0.05461859730061492
122,pcg80,0.9997508784242899,0.9999578339289291,0.2558542552261813,0.9805825242718447,0.00985774206299391,0.0013574870044961974
122,poisson_pcg80,1.0,1.0,0.2558601594620299,1.0,2.433799163645715e-13,3.137227073978275e-14
122,poisson,0.44883836769544383,0.6801598094093587,0.13043608363551742,0.14563106796116504,17.520465676941242,82.46918208801588
122,amg,0.9820535458836993,0.9953933567355028,0.2533212248792657,0.9029126213592233,0.1742477786502031,0.04999636178204209
122,oracle,1.0,1.0,0.2558601594620299,1.0,2.2201855138505645e-13,2.934226066602211e-14
123,ensemble,0.374225958443602,0.7109304997733573,0.15113456613630544,0.17475728155339806,,
123,raw,-0.008604221801015664,0.6190084648387675,0.1452352951244744,0.2524271844660194,,
123,smoothed,-0.029793570291824615,0.6703034902965329,0.1675750122295635,0.2815533980582524,,
123,prediction_magnitude,0.56896567216222,0.7405310816651381,0.17018898600119958,0.27184466019417475,,
123,boundary_distance,0.3774214805200996,0.8801060476687433,0.2030866418543287,0.42343336275375104,,
123,jacobi1,0.26827727138616697,0.6805287625312293,0.16540841400748682,0.30097087378640774,0.9239496033818746,0.5486180346327184
123,jacobi5,0.3365257201738073,0.72432876885614,0.2011585994107491,0.3883495145631068,0.8322396855557392,0.3635945638205819
123,jacobi10,0.39411833470424146,0.7411214066601309,0.21960457008686848,0.42718446601941745,0.7754442891304143,0.29222063216153005
123,jacobi20,0.4619369479114512,0.8169992515522385,0.22964194434896285,0.47572815533980584,0.698376340984408,0.21752981213230368
123,jacobi40,0.5658726798869894,0.9096170266594984,0.2533851524057367,0.5922330097087378,0.5885689735533678,0.13986590936413817
123,jacobi80,0.7032808923717901,0.9728239671947967,0.27872587174226315,0.7281553398058253,0.4566068722465256,0.08142526176311282
123,cg5,0.021110100314712825,0.6473651476339564,0.14808911638307973,0.27184466019417475,0.9229290903389801,0.3407283925768331
123,pcg5,0.3801171232386811,0.731771080400156,0.2108000260670528,0.3883495145631068,0.760403130460743,0.2831916935311282
123,poisson_pcg5,0.645036019866247,0.9400293054193943,0.2629166941597558,0.6213592233009708,0.5286446801884503,0.14692596404861258
123,cg10,0.10864690249266862,0.7051432065188746,0.15985441329679032,0.3300970873786408,0.8511862602161296,0.20451132801272318
123,pcg10,0.5394921120627995,0.8841276366971317,0.23823939383692888,0.5242718446601942,0.5817146033083411,0.1253268097063315
123,poisson_pcg10,0.9893123927115369,0.9987982669744789,0.30124107247661563,0.941747572815534,0.08046345544887075,0.033733362175007525
123,cg20,0.1645752829733209,0.75690205875842,0.19998058370841462,0.4563106796116505,0.7752525858292639,0.11732656340325108
123,pcg20,0.7534883055575423,0.9926209375625903,0.29228264089860967,0.8446601941747572,0.3796592510666166,0.054618160434432406
123,poisson_pcg20,0.9999925009834776,1.0,0.3023233759747194,1.0,0.001325781626796999,0.0004952988364790278
123,cg40,0.3481489499141692,0.8204779524155889,0.24749977099648762,0.5533980582524272,0.6696232940635135,0.06673708467074467
123,pcg40,0.9237560573278019,0.9972908299336939,0.3009186968888306,0.9223300970873787,0.1826480460419785,0.024943929114793827
123,poisson_pcg40,1.0,1.0,0.3023233759747194,1.0,4.457043605221322e-07,1.2934280292476274e-07
123,cg80,0.6258121289607325,0.9141498792996215,0.27159878468418686,0.6504854368932039,0.5155790516679333,0.03727287297802847
123,pcg80,0.9944714143301623,0.9993675089339363,0.30164166140639115,0.9514563106796117,0.05892211558900558,0.006609826324442962
123,poisson_pcg80,1.0,1.0,0.3023233759747194,1.0,3.192301312804891e-14,1.041229009048732e-14
123,poisson,0.16407496110793218,0.719205591221024,0.11153675290171929,0.13592233009708737,33.99533030139843,83.21917880732472
123,amg,0.9647874459087332,0.9942337897810527,0.29844252798208726,0.8932038834951457,0.15324187203067172,0.06768263429581343
123,oracle,1.0,1.0,0.3023233759747194,1.0,3.367303242615916e-14,8.149533174274289e-15
124,ensemble,0.3323305289321221,0.6717898443017826,0.15630454203617236,0.23300970873786409,,
124,raw,0.3779767184035477,0.8063206940535298,0.2219282143114281,0.42718446601941745,,
124,smoothed,0.5899242945783563,0.8742502345487704,0.23559373723679097,0.4854368932038835,,
124,prediction_magnitude,0.5991359814212145,0.7694253818664811,0.1546505697971899,0.1262135922330097,,
124,boundary_distance,0.6073612192137995,0.8081707304217661,0.22042049677179082,0.3852603706972639,,
124,jacobi1,0.335553083202203,0.7400883379188936,0.20896511437286552,0.3883495145631068,0.9377268894469322,0.5441366240306059
124,jacobi5,0.3319830037193333,0.7528857404889155,0.18830105811923675,0.34951456310679613,0.9117601129356874,0.335962621701417
124,jacobi10,0.30257230795365136,0.7695413385619262,0.16636193836973165,0.3106796116504854,0.9055535323979471,0.2751360097004767
124,jacobi20,0.26600247657535225,0.7764249496642527,0.15857629392882708,0.3106796116504854,0.909628503667199,0.23517793168138454
124,jacobi40,0.23528406855732778,0.7643443703024362,0.14474331196441237,0.27184466019417475,0.924542789787931,0.21901114590965257
124,jacobi80,0.2168653440383377,0.760043431053203,0.13895162369026764,0.2621359223300971,0.931889835685952,0.21078149659461273
124,cg5,0.353553673288749,0.7973814869864964,0.21830522096276278,0.42718446601941745,0.9496012158933378,0.26680322827175035
124,pcg5,0.31252403932122164,0.7768887764460327,0.18068183508433197,0.34951456310679613,0.9123249677636169,0.16681589821730444
124,poisson_pcg5,0.7465532128424289,0.9700726310574197,0.29073746278340284,0.7572815533980582,0.6088748027880453,0.15707694300643807
124,cg10,0.34767102451541376,0.8168832948567935,0.21837932440289679,0.4563106796116505,0.9195154556801479,0.17692484735385652
124,pcg10,0.25392751770259636,0.7561430694791436,0.15140267680015232,0.2815533980582524,0.9228793732653845,0.06348257086754167
124,poisson_pcg10,0.9986417615871539,0.9999683754466968,0.3253339011757502,0.9902912621359223,0.03361411454930927,0.019335021014853675
124,cg20,0.3352832527179744,0.8378503736968048,0.2114301548961322,0.46601941747572817,0.8638974814014183,0.09187729934093254
124,pcg20,0.20319090417352118,0.7507036463109958,0.13399525010577168,0.24271844660194175,0.953893354373423,0.05496689313264285
124,poisson_pcg20,0.9999993741506329,1.0,0.3254042345209628,1.0,0.0002180987286743857,8.690465129464047e-05
124,cg40,0.35575324324082686,0.8703287899391754,0.23632037161629732,0.5533980582524272,0.7859318873521223,0.0528512085901424
124,pcg40,0.6079190173270868,0.9788326323224018,0.29875100325317067,0.8058252427184466,0.5445401895899092,0.032942769541607984
124,poisson_pcg40,1.0,1.0,0.3254042345209628,1.0,1.4007019068183478e-09,5.857214751245893e-10
124,cg80,0.47161979874472487,0.9784215131294604,0.2841283607353247,0.7184466019417476,0.6076612304761896,0.031042793161946268
124,pcg80,0.9587418751341105,0.9974700357357452,0.32308049455108173,0.912621359223301,0.15907852823647398,0.011920256342097708
124,poisson_pcg80,1.0,1.0,0.3254042345209628,1.0,6.740752927437144e-13,4.213679706358338e-14
124,poisson,0.46388207656819963,0.7775950581364705,0.19584105522715187,0.34951456310679613,20.885750936016667,76.31849249838092
124,amg,0.8906774484121307,0.9799711162413164,0.31278880286397737,0.8252427184466019,0.35686846297642505,0.05286000251851107
124,oracle,1.0,1.0,0.3254042345209628,1.0,6.402728609479882e-13,3.9756043700813626e-14
125,ensemble,0.20264984621986978,0.7986043030475528,0.21704377450307707,0.4174757281553398,,
125,raw,0.4351117588155354,0.8608941315370587,0.2961301752818844,0.5922330097087378,,
125,smoothed,0.5876355075638365,0.9458376817094125,0.3280064733294207,0.6990291262135923,,
125,prediction_magnitude,0.4682523379944209,0.9242275702855697,0.2906143268248405,0.6310679611650486,,
125,boundary_distance,0.4829197213127253,0.948921075656473,0.32823023096739007,0.723080317740512,,
125,jacobi1,0.39314449073742935,0.7700262483792416,0.22186916963854514,0.36893203883495146,0.9210335096326621,0.4515029776045081
125,jacobi5,0.5178143440204562,0.71982754076932,0.24120463009633036,0.4174757281553398,0.8681884266069364,0.19337177482183684
125,jacobi10,0.5708511439632358,0.6975743967616458,0.22852113881763084,0.3786407766990291,0.8422463867747281,0.14158850407169887
125,jacobi20,0.6008178398362062,0.6660025510472998,0.21384325921809247,0.32038834951456313,0.8310507710488603,0.10498594651619958
125,jacobi40,0.6090074699592303,0.6315212464290608,0.19729577220973524,0.2621359223300971,0.8534111955746992,0.08554070536608746
125,jacobi80,0.5478098177884272,0.5789506973214004,0.18650608018381695,0.21359223300970873,0.9146527293727446,0.07609913911523104
125,cg5,0.43318727201201623,0.8489611334239904,0.2876132657639269,0.5631067961165048,0.9616215109816394,0.23387561301385512
125,pcg5,0.556004208836993,0.7067876832906402,0.22671502285875325,0.36893203883495146,0.8487397163048865,0.13912307124180376
125,poisson_pcg5,0.9478435465989555,0.9953828152177351,0.3594093967901039,0.8640776699029126,0.19287845975543952,0.07915771650812506
125,cg10,0.42065228032687213,0.8156815618312725,0.2706477648107961,0.49514563106796117,0.9213201735256347,0.17570506738938566
125,pcg10,0.5861602017917172,0.6432855802578455,0.20706421842940986,0.2912621359223301,0.8517627417021718,0.07139681180149463
125,poisson_pcg10,0.9998225046491666,1.0,0.36601066326765663,1.0,0.014279012055455804,0.00525774934668004
125,cg20,0.4211883426614691,0.7480050177624574,0.25166294949071233,0.4174757281553398,0.8360813426914839,0.11109021686950336
125,pcg20,0.43017812120020027,0.5235233968986854,0.16168549870194635,0.1650485436893204,1.0380997439149842,0.05505266907288254
125,poisson_pcg20,0.999999921768829,1.0,0.36601066326765663,1.0,3.079053609720156e-05,2.945919041003521e-05
125,cg40,0.6332651455546813,0.8563085713080969,0.3037661716166375,0.5533980582524272,0.5683508183855558,0.058759713280791166
125,pcg40,0.4107862120914097,0.5443112699366455,0.2219072895256433,0.2524271844660194,0.9106326722787754,0.043162081897391076
125,poisson_pcg40,1.0,1.0,0.36601066326765663,1.0,1.0463662863113089e-11,5.422278639384419e-12
125,cg80,0.892020286460196,0.9877612978716676,0.3559358518367351,0.7864077669902912,0.2204233277663691,0.010577629972667514
125,pcg80,0.9980902653601316,1.0,0.36601066326765663,1.0,0.02111934176983803,0.0020803225165852792
125,poisson_pcg80,1.0,1.0,0.36601066326765663,1.0,9.65412666565573e-13,5.118775301415115e-14
125,poisson,0.3941188376189113,0.8404752116209692,0.2858162549142901,0.5631067961165048,22.011390678935996,83.94025694751929
125,amg,0.9020445045955224,0.9484098120447382,0.33402103159725605,0.6601941747572816,0.37896377709107526,0.0470569587458056
125,oracle,1.0,1.0,0.36601066326765663,1.0,8.431883183607489e-13,4.5738009301278824e-14
126,ensemble,0.29501727791288174,0.7034881882293412,0.1527689949519561,0.2524271844660194,,
126,raw,0.2881723075066161,0.7597482685557067,0.18767130533735932,0.3592233009708738,,
126,smoothed,0.338823794345898,0.8305240188482338,0.21752087491721508,0.4174757281553398,,
126,prediction_magnitude,0.38371358897789853,0.679801397805256,0.08174320750917276,0.02912621359223301,,
126,boundary_distance,0.2658179260395785,0.6258446391111392,0.14243190848850604,0.1593115622241836,,
126,jacobi1,0.32112954634861596,0.6957190896345256,0.18401654715187674,0.2815533980582524,0.9289518545992399,0.5341537296877855
126,jacobi5,0.3900444353050568,0.7047110042903977,0.19463487347872224,0.2912621359223301,0.8593740135214433,0.3019575775588767
126,jacobi10,0.4486094297618196,0.7384227781115925,0.2122213981373158,0.33980582524271846,0.8278666955969674,0.22680273312735436
126,jacobi20,0.49238193798726837,0.7558479069816472,0.22037037037015206,0.36893203883495146,0.7977782678997162,0.1776748422455539
126,jacobi40,0.5164290376224876,0.7692567175821975,0.23359796914877862,0.39805825242718446,0.7615664497793946,0.14227255447228465
126,jacobi80,0.5406452954009012,0.7874092111782255,0.24872123724969464,0.4368932038834951,0.7134780683592895,0.10960277897524148
126,cg5,0.32119408706458763,0.7913201142700526,0.20244030427412044,0.39805825242718446,0.9387893932245457,0.2811984354377926
126,pcg5,0.45112518775481003,0.7506931047932281,0.21771072690884738,0.3592233009708738,0.8200487844710636,0.21521773757879756
126,poisson_pcg5,0.40659836340390526,0.6330392249876137,0.17717121202440766,0.24271844660194175,1.0852243985384062,0.16352842026640785
126,cg10,0.35960478730062223,0.8259490001370398,0.2115041031847767,0.4368932038834951,0.8812643659570902,0.2113895651764523
126,pcg10,0.514369065606895,0.7698259595416548,0.22885550314190714,0.3786407766990291,0.7750145153215547,0.14856065739538502
126,poisson_pcg10,0.9588562714576926,0.9988509745633176,0.35289303128628124,0.9514563106796117,0.13478014528815604,0.042159664140515696
126,cg20,0.34099657570989195,0.7780694264360183,0.2437299323051486,0.44660194174757284,0.7638690224600493,0.12395939673258079
126,pcg20,0.522632043040555,0.7954102231639312,0.2521476887224421,0.44660194174757284,0.6639597848514343,0.08432789012354872
126,poisson_pcg20,0.9998656323760816,0.9999472924111613,0.3538405790902302,0.9902912621359223,0.007081629339774868,0.0029925344933316683
126,cg40,0.5169585844181388,0.9247441046561884,0.28252359901009033,0.6019417475728155,0.600957327466908,0.07005908620474473
126,pcg40,0.7526838879550819,0.9424960205770427,0.3065488239062757,0.6504854368932039,0.45731015180114587,0.05050946998128312
126,poisson_pcg40,1.0,1.0,0.35384512015022535,1.0,1.4259562588539807e-06,5.895183300415184e-07
126,cg80,0.7959297551140834,0.984019059064124,0.33349838274582494,0.7475728155339806,0.36911761095121437,0.03314302724931325
126,pcg80,0.9982162734246478,0.9997891696446455,0.35374472577101923,0.970873786407767,0.026611783617293917,0.0037699301916109197
126,poisson_pcg80,1.0,1.0,0.35384512015022535,1.0,8.583754428632987e-14,1.3392645822119397e-14
126,poisson,0.25425803322366064,0.7200699956779777,0.17591838249617336,0.3300970873786408,26.464082995453264,86.12726810155137
126,amg,0.6438669667763393,0.8514278485816388,0.26973611129685354,0.5533980582524272,0.6208035098208704,0.08673066646810587
126,oracle,1.0,1.0,0.35384512015022535,1.0,1.0280564652106696e-13,9.791636481265116e-15
127,ensemble,0.4206209878585222,0.6495472418118761,0.15752121517227094,0.20388349514563106,,
127,raw,0.31860561878620985,0.6467642811211959,0.14231821151050383,0.18446601941747573,,
127,smoothed,0.5557015771404048,0.7280815491814512,0.14897495913372966,0.1941747572815534,,
127,prediction_magnitude,0.4447137633216508,0.7201332447845841,0.13902635291535836,0.0970873786407767,,
127,boundary_distance,0.5650115070679022,0.701406238470215,0.13443090762096868,0.14254192409532218,,
127,jacobi1,0.28785294551534224,0.7049850837523587,0.1676085281737783,0.32038834951456313,0.9704308245756732,0.590690293333709
127,jacobi5,0.3394346456798512,0.7573448025046646,0.18651892707857368,0.4368932038834951,0.9210770000198149,0.39472364331976967
127,jacobi10,0.3897724366998068,0.815270442638331,0.1972416977088527,0.49514563106796117,0.8809847911172207,0.3258444351054597
127,jacobi20,0.45261702265574705,0.861695286887406,0.2117786538509147,0.5728155339805825,0.8240453661566803,0.2749734905800285
127,jacobi40,0.5540515476360774,0.9022379642220887,0.22651076563485814,0.6310679611650486,0.7468956733283383,0.23531703608622867
127,jacobi80,0.67205297591374,0.9420321937952626,0.23710901754656086,0.6601941747572816,0.6499950714310676,0.19823709370508522
127,cg5,0.3286466119197482,0.657653668975259,0.13879846775805074,0.17475728155339806,0.977615116752743,0.354263538556554
127,pcg5,0.3849446235069022,0.8076173007389604,0.19257121687836976,0.47572815533980584,0.8734018463952172,0.2998477730838742
127,poisson_pcg5,0.9240365496030326,0.9508870687201544,0.23819940759031596,0.6601941747572816,0.2924782353024015,0.15328185987335355
127,cg10,0.32858427285244257,0.6724434184033817,0.1458360881857777,0.21359223300970873,0.9514915501658282,0.28526920000965666
127,pcg10,0.5379203919605178,0.89629254820109,0.22776586691636014,0.6213592233009708,0.7394874532562266,0.22733618785738244
127,poisson_pcg10,0.9902660418603819,0.9910607929329665,0.24937697313156337,0.8349514563106796,0.10416284284742854,0.05833124102587084
127,cg20,0.3545912309562978,0.7406786629138863,0.17773630070138946,0.3786407766990291,0.8801736448969297,0.2098091360625055
127,pcg20,0.7703138634575494,0.9549139285074265,0.24170138926700355,0.6601941747572816,0.4640810453413407,0.1476894355730786
127,poisson_pcg20,0.9999863542486229,1.0,0.25388038189667245,1.0,0.0034819458040194484,0.0026075027322056215
127,cg40,0.5503727268256919,0.8576157195112952,0.2229369478108325,0.5436893203883495,0.6878604105491143,0.14012440474595134
127,pcg40,0.9746479262034188,0.9976387000200289,0.25236850717822773,0.912621359223301,0.10220316904241694,0.04488357102059525
127,poisson_pcg40,1.0,1.0,0.25388038189667245,1.0,7.79894269398164e-08,6.574702251888528e-08
127,cg80,0.8166224362527716,0.9322496653068109,0.23982534540046732,0.6601941747572816,0.4022619045177589,0.07000492498758681
127,pcg80,0.9999859742686503,0.9999578339289291,0.253875296447762,0.9805825242718447,0.002293175544362664,0.0004057830410183274
127,poisson_pcg80,1.0,1.0,0.25388038189667245,1.0,1.4275205064513186e-14,9.176072824606834e-15
127,poisson,0.4846756423896717,0.758609784636792,0.14519446741918696,0.2524271844660194,15.493942727020235,82.42521186944792
127,amg,0.9967490478148916,0.9975332848423516,0.2527225523568708,0.9029126213592233,0.06792519116835163,0.05857089922195126
127,oracle,1.0,1.0,0.25388038189667245,1.0,1.746812113969297e-14,5.8896059001370526e-15
128,ensemble,0.3265383377440812,0.6701664505655525,0.14254787971067068,0.20388349514563106,,
128,raw,0.3100145733495458,0.723084869759548,0.17829952277029,0.27184466019417475,,
128,smoothed,0.505756338960017,0.8462835879109875,0.1546360878116399,0.21359223300970873,,
128,prediction_magnitude,0.4248596421035691,0.5921381360488283,0.09373150769098157,0.038834951456310676,,
128,boundary_distance,0.43862801318106936,0.5699324288711088,0.09192120636120549,0.05825242718446602,,
128,jacobi1,0.27470102281667974,0.6757218304291452,0.17173648086471593,0.27184466019417475,0.944428390869199,0.5947724229782356
128,jacobi5,0.38829821498819816,0.7978242307327409,0.21872580289954285,0.42718446601941745,0.8545882153439974,0.4073177719131942
128,jacobi10,0.44067383860238896,0.8469793280836575,0.2567287710338003,0.5339805825242718,0.785054889371848,0.32296720794006933
128,jacobi20,0.5532993661039982,0.9032499499277906,0.28331464374106397,0.6116504854368932,0.6948697028731182,0.23908421069819974
128,jacobi40,0.6494668210428437,0.9230574618133519,0.29661996442042526,0.6601941747572816,0.6048489457442635,0.16720544697302442
128,jacobi80,0.6984846845719189,0.9267680760675923,0.2961555827154453,0.6796116504854369,0.5494998917451611,0.1352231522845017
128,cg5,0.3280627615156283,0.7528962820066833,0.19998691129335813,0.34951456310679613,0.9214038186871859,0.32696826881031466
128,pcg5,0.4434911554073385,0.8597345645826086,0.26045170188505457,0.5436893203883495,0.7556074643445079,0.27107272735243393
128,poisson_pcg5,0.3642976852514126,0.6394695508259279,0.17455798472199915,0.18446601941747573,1.1229224697654507,0.13181081438055872
128,cg10,0.3354468229203919,0.7708484867651244,0.20727074435197218,0.34951456310679613,0.8602751722668763,0.19322489892574032
128,pcg10,0.6420127986195551,0.9260090867883157,0.2961160767680815,0.6699029126213593,0.5787201988593584,0.10790182517262281
128,poisson_pcg10,0.9327191255096201,0.9972697468981584,0.3431433146931373,0.9223300970873787,0.1731044328323856,0.025045753346860457
128,cg20,0.3747434241112938,0.8060255315560334,0.24707964718415829,0.46601941747572817,0.7799311003244602,0.11730907602148576
128,pcg20,0.7006894513089191,0.9264518305345604,0.29659202148993513,0.6796116504854369,0.5414703461214913,0.06343594102034888
128,poisson_pcg20,0.999992914491095,1.0,0.3463743718578263,1.0,0.0011833073330138656,0.0004560533247340106
128,cg40,0.48260877485516057,0.9184719015843901,0.28473633405191856,0.5922330097087378,0.6446024399008601,0.06971753277300713
128,pcg40,0.9306616345397324,0.9974278696646743,0.34180041069218503,0.912621359223301,0.18118178316929054,0.011458848190274764
128,poisson_pcg40,1.0,1.0,0.3463743718578263,1.0,2.5203894903326636e-08,9.70917052527131e-09
128,cg80,0.6463777738538015,0.9784953037538344,0.3199351401724261,0.7184466019417476,0.42753325575409357,0.027774189825876212
128,pcg80,0.9876918116551032,0.999609963842594,0.34579284879622935,0.970873786407767,0.0722617886141368,0.004244600705830754
128,poisson_pcg80,1.0,1.0,0.3463743718578263,1.0,7.720547041677306e-13,4.3287017493097746e-14
128,poisson,0.3920657052428295,0.6098584274163794,0.13230830687806916,0.10679611650485436,42.528924617626025,79.05286132944606
128,amg,0.7965102639296187,0.966878551173798,0.3200796019757763,0.7184466019417476,0.3644470402634585,0.06166215633263952
128,oracle,1.0,1.0,0.3463743718578263,1.0,7.818218892280595e-13,4.342054134526458e-14
129,ensemble,0.28327840015020384,0.7677703635769478,0.16715540234336568,0.36893203883495146,,
129,raw,0.21783231483799442,0.7222626313736652,0.1248326963931684,0.18446601941747573,,
129,smoothed,0.21428268721836777,0.7108040015601447,0.1336067913203456,0.23300970873786409,,
129,prediction_magnitude,0.36324630301838207,0.8331277737368626,0.18485045866347635,0.36893203883495146,,
129,boundary_distance,0.2494885007439087,0.6900213992810685,0.125446125655971,0.17166813768755518,,
129,jacobi1,0.31876544506830695,0.8022305851596513,0.2062014319111424,0.4368932038834951,0.777458363471617,0.4555407698043775
129,jacobi5,0.4746145773728631,0.8808492246713682,0.24608413669537704,0.6019417475728155,0.6158026398968525,0.21373369686770446
129,jacobi10,0.5564391853229382,0.9055480008011554,0.250619865956842,0.6407766990291263,0.547844506698247,0.1589969632365208
129,jacobi20,0.6494117127709033,0.9266521193721472,0.25526458091045967,0.6601941747572816,0.4850820873228961,0.11243887056369026
129,jacobi40,0.7336786643480437,0.9440139991355956,0.2652606751602407,0.6990291262135923,0.42856666005479177,0.07126881341852731
129,jacobi80,0.7937858857556684,0.9542287298525242,0.26914213693852673,0.6990291262135923,0.38987189805893896,0.04595032451893758
129,cg5,0.23739742775910164,0.7404783740762995,0.13860892483433424,0.20388349514563106,0.9166427908735786,0.2375474839867435
129,pcg5,0.5413696825155568,0.9041565204558152,0.24723814768022462,0.6213592233009708,0.557312809186311,0.12320927839253636
129,poisson_pcg5,0.6615971564086974,0.9497485848012397,0.26666352987090053,0.6893203883495146,0.48848715650618846,0.10881871050028107
129,cg10,0.29266769410271076,0.7961059633366012,0.18649801391956103,0.34951456310679613,0.8077173931908858,0.1692209224100529
129,pcg10,0.7120619724983905,0.9363819402717604,0.2597409531303814,0.6601941747572816,0.45697243344414074,0.05988433812645598
129,poisson_pcg10,0.9685682578141762,0.9967005049387011,0.2914895508985827,0.9029126213592233,0.14070071991346703,0.03385387158602042
129,cg20,0.40384229042986913,0.8598505212780536,0.22540797675287091,0.5145631067961165,0.6693607324210363,0.08409290235686465
129,pcg20,0.8151203865960945,0.9597735681983492,0.2684249532458731,0.6893203883495146,0.37674158848772366,0.027007657844982345
129,poisson_pcg20,0.9999879635755667,0.9999578339289291,0.2949037525200237,0.9902912621359223,0.002011114132851637,0.0004993100886313271
129,cg40,0.5711622358021601,0.9492425919483888,0.2620563771798759,0.6893203883495146,0.5234832098426688,0.04605931246774318
129,pcg40,0.8645712149524353,0.9673002118845071,0.27297778814851953,0.7378640776699029,0.3238395827807277,0.01646435104857447
129,poisson_pcg40,1.0,1.0,0.2949041120983568,1.0,4.262625856457299e-08,1.3140761071520573e-08
129,cg80,0.8220683092232315,0.9817420912262947,0.28169679546862275,0.7864077669902912,0.31465426218052184,0.020423696489632204
129,pcg80,0.9993320622630713,0.9999683754466968,0.29489810269976685,0.9902912621359223,0.01541987084864628,0.0012034648822608193
129,poisson_pcg80,1.0,1.0,0.2949041120983568,1.0,3.009654725342571e-13,1.7334798137816393e-14
129,poisson,0.3465637069952078,0.7027502819856003,0.14699299495219348,0.24271844660194175,32.53233699834364,91.12700914465077
129,amg,0.9474761953722909,0.9903545112425287,0.28789283283106926,0.883495145631068,0.20038978792086268,0.04043582324828511
129,oracle,1.0,1.0,0.2949041120983568,1.0,3.0524278569692354e-13,1.7464052396392487e-14
130,ensemble,0.22717643587726197,0.6890252258520182,0.17525010038271746,0.22330097087378642,,
130,raw,0.17171039044059794,0.6065905569083837,0.16247329641927682,0.17475728155339806,,
130,smoothed,0.19278145340104424,0.6758167040890547,0.201338400338471,0.2815533980582524,,
130,prediction_magnitude,0.3203770630677347,0.7932281289860114,0.10143598796760482,0.11650485436893204,,
130,boundary_distance,0.2991321868124677,0.6840338171889989,0.09451991297316253,0.04479258605472197,,
130,jacobi1,0.31662672779128814,0.6885192329991672,0.21468109279161823,0.3300970873786408,0.9288340041332749,0.45259844663829013
130,jacobi5,0.5308586206279952,0.7480577253512961,0.2261292628108919,0.3786407766990291,0.8964490790289537,0.2185401022402364
130,jacobi10,0.5889753057721192,0.7335842214562053,0.22344878006617033,0.39805825242718446,0.886671365601841,0.15816108541154117
130,jacobi20,0.647951103283027,0.7259416210746024,0.21782117163816983,0.3592233009708738,0.8795672895107906,0.12510669496441304
130,jacobi40,0.6750203624561905,0.7004311480767,0.2156162776484932,0.3300970873786408,0.8741622646401199,0.10920975814798792
130,jacobi80,0.6729618097775552,0.6715579309108926,0.2077566509364992,0.2815533980582524,0.861094331078037,0.09870016233359054
130,cg5,0.21269300747442954,0.6163098362902291,0.18356822275723303,0.1941747572815534,0.9613980930977084,0.24330660561098755
130,pcg5,0.5726952202989771,0.7447476887722294,0.20944017285081287,0.3592233009708738,0.8919072953085915,0.15218375924086264
130,poisson_pcg5,0.6408399569058006,0.9148877855433626,0.339914079135291,0.5533980582524272,0.5224887581462048,0.14973351745120847
130,cg10,0.30953460276446604,0.6374772039678273,0.20651146923155814,0.24271844660194175,0.9224450121017987,0.18811912197367933
130,pcg10,0.6613261636327873,0.7064503547220728,0.2093331744145543,0.33980582524271846,0.8835421559590769,0.11055867279556886
130,poisson_pcg10,0.963040242114298,0.9973435375225325,0.39341859108560673,0.9223300970873787,0.12542246433871895,0.046758133688099564
130,cg20,0.43831212896073235,0.6817621201100534,0.2468641639499577,0.32038834951456313,0.8429560623005762,0.12007092484742406
130,pcg20,0.6247027886059652,0.6405974932270748,0.19474901627599753,0.2524271844660194,0.8742368202163533,0.09024228869360934
130,poisson_pcg20,0.9999760724375939,0.9999894584822323,0.3952673798466296,0.9902912621359223,0.0038199156063030097,0.0009757994341317041
130,cg40,0.6104137087833488,0.7520318775497296,0.27854828801880555,0.39805825242718446,0.6866608916192041,0.08011636657470177
130,pcg40,0.8966526781882554,0.9804244015053287,0.3814337718838946,0.7864077669902912,0.26875765828615056,0.041397567236422655
130,poisson_pcg40,1.0,1.0,0.3952693022054394,1.0,3.3766669866162105e-07,1.4781686586218474e-07
130,cg80,0.8133552902152921,0.943413132622835,0.36908166087021615,0.7475728155339806,0.3537651080129746,0.03804672194753327
130,pcg80,0.9989050430047922,1.0,0.3952693022054394,1.0,0.013624373051596446,0.0023847854430326903
130,poisson_pcg80,1.0,1.0,0.3952693022054394,1.0,1.643555891725818e-13,1.8339787351881316e-14
130,poisson,0.3147441617194764,0.680613094673371,0.15204544634048275,0.14563106796116504,21.80924390164643,87.2970236493576
130,amg,0.8821925626743436,0.8778975996964042,0.3282261445340449,0.5922330097087378,0.537701933988811,0.07278049952547032
130,oracle,1.0,1.0,0.3952693022054394,1.0,1.1760246752645206e-13,1.2771372357813389e-14
131,ensemble,0.16353240558615262,0.5806162571287014,0.12200901847037257,0.17475728155339806,,
131,raw,0.28698405425219936,0.6684481831694127,0.14305591452958735,0.23300970873786409,,
131,smoothed,0.3015801802446177,0.7114786586972792,0.14543032605554945,0.22330097087378642,,
131,prediction_magnitude,0.18820268355267863,0.5714451366707779,0.11830973017240973,0.07766990291262135,,
131,boundary_distance,0.3385076902791221,0.6745886172691145,0.1488731991202981,0.220873786407767,,
131,jacobi1,0.23027075808239753,0.70019923468581,0.16408667973646526,0.2912621359223301,0.8831057961369548,0.5766460731084015
131,jacobi5,0.3431110413239396,0.7982353499256823,0.22053147301625514,0.4854368932038835,0.7545126765632945,0.3260636341903033
131,jacobi10,0.43372201559258994,0.8680729051368816,0.22978935753965563,0.5339805825242718,0.6810023405910287,0.23019101616141738
131,jacobi20,0.528844894410271,0.9212970283461412,0.24152785419763972,0.5922330097087378,0.6062343945858522,0.16780827656055325
131,jacobi40,0.593249734014019,0.9437820857447056,0.2630383951780814,0.6796116504854369,0.5443230507774467,0.1368369388986153
131,jacobi80,0.6428429989807596,0.9517725562126435,0.26236231723105147,0.6601941747572816,0.4955543395458272,0.12241436409081072
131,cg5,0.31117760263929617,0.7042050114375468,0.14731215452398685,0.2524271844660194,0.9210055858089443,0.29238787944325645
131,pcg5,0.40583648120663757,0.8474747794187407,0.22278284298335674,0.5145631067961165,0.6748655467719861,0.18486318673235985
131,poisson_pcg5,0.5199599344646305,0.8598821458313568,0.2709556974543252,0.6796116504854369,0.6085561358873198,0.16786265807594902
131,cg10,0.31651831056433727,0.7541928886921139,0.17890180298772482,0.3786407766990291,0.8576505625660045,0.21302883406358433
131,pcg10,0.5686916842500536,0.9429809303943582,0.25942614646037404,0.6699029126213593,0.5603429363783761,0.10407976863065344
131,poisson_pcg10,0.9919372831878979,0.9976176169844935,0.2905614324148341,0.912621359223301,0.09937606933322574,0.032686831635712336
131,cg20,0.3923589491989128,0.825126761751157,0.2134618486714993,0.46601941747572817,0.7176595600036353,0.12474158062796764
131,pcg20,0.6643028485086903,0.9432655513740869,0.24931455811093572,0.5728155339805825,0.5015904903484779,0.07523780577620336
131,poisson_pcg20,0.9999960660896932,1.0,0.2916696397515051,1.0,0.0009282277123846069,0.0004465467597372581
131,cg40,0.60668515530005,0.944541075023982,0.2563579641828843,0.6601941747572816,0.505509947027526,0.06877542103380632
131,pcg40,0.9960787407910735,0.9996837544669681,0.2914686424504329,0.970873786407767,0.04327610360335219,0.005781460805576083
131,poisson_pcg40,1.0,1.0,0.2916696397515051,1.0,4.4436194189571444e-08,2.5460360926179127e-08
131,cg80,0.8330535637651098,0.9869706840390879,0.28558369813482437,0.8155339805825242,0.30928884736868795,0.026149110378153886
131,pcg80,0.9998646488985049,0.9999472924111613,0.2916594619967398,0.9902912621359223,0.006746131231372299,0.0007664954713601403
131,poisson_pcg80,1.0,1.0,0.2916696397515051,1.0,1.8593820940948215e-13,1.9684839172733806e-14
131,poisson,0.44751582504827975,0.848434057535604,0.2380095939805212,0.5533980582524272,36.62171341308417,84.73414169780176
131,amg,0.9710515386953721,0.9985874366191244,0.29030247247942165,0.941747572815534,0.13276268250596268,0.06462405066301982
131,oracle,1.0,1.0,0.2916696397515051,1.0,1.7895288382377932e-13,1.8813132683621157e-14
132,ensemble,0.45314841347185464,0.7290724518516176,0.19869572114295242,0.2524271844660194,,
132,raw,0.2725259392210857,0.690933240567977,0.1583219292678011,0.21359223300970873,,
132,smoothed,0.348406833381017,0.8031793217587468,0.21173542155408984,0.32038834951456313,,
132,prediction_magnitude,0.7704870337422215,0.9130957275228487,0.2765849755800395,0.4174757281553398,,
132,boundary_distance,0.457056600064784,0.7541138273088559,0.12412423478984737,0.08561341571050307,,
132,jacobi1,0.3861133301444818,0.7225156278000907,0.2224895368782986,0.3300970873786408,0.9796727351404385,0.644455949431569
132,jacobi5,0.4261694554216437,0.7783435058979792,0.27884825807727975,0.46601941747572817,0.928634350588378,0.49898010278155897
132,jacobi10,0.4775253804270081,0.8582692936128944,0.3150137822104175,0.5825242718446602,0.8808814727392851,0.43919762080051655
132,jacobi20,0.5653354329089478,0.9380685831145968,0.3548276021081937,0.7378640776699029,0.8054345076433544,0.373333266269252
132,jacobi40,0.6798149050497102,0.9838398532620727,0.3897492868237884,0.8446601941747572,0.6974007431241652,0.29727357122971165
132,jacobi80,0.7001099036191974,0.993369385324099,0.39601039865025295,0.8640776699029126,0.5720148058318508,0.2149111944267197
132,cg5,0.29560658214719976,0.700125444061436,0.16507554043118308,0.21359223300970873,0.9738544681138062,0.46281383149994204
132,pcg5,0.47467925219941337,0.8570253945163024,0.3204466516858274,0.6116504854368932,0.8530436927210703,0.4125669150049782
132,poisson_pcg5,0.8952598839496457,0.9960680138726374,0.4004865273437072,0.883495145631068,0.25088258306619765,0.12951926757037788
132,cg10,0.3367041654745726,0.7443154865437526,0.18693732592391507,0.30097087378640774,0.9336916739503174,0.34101938402650284
132,pcg10,0.7186331114548316,0.9832600697848476,0.3923487464158369,0.8349514563106796,0.6058873569158546,0.2617874844947001
132,poisson_pcg10,0.9792258131571417,0.9997575450913423,0.4069494429569689,0.9611650485436893,0.04673798711984674,0.03692617932825442
132,cg20,0.32020919015091903,0.7844470446854939,0.21007862977842562,0.4174757281553398,0.8788036720675833,0.22903620357440077
132,pcg20,0.7263893073635648,0.9954882303954123,0.4023321029350994,0.9029126213592233,0.44532351182200713,0.1310362412286956
132,poisson_pcg20,0.9999964348937844,1.0,0.4071846167492065,1.0,0.00034779000788602896,0.0006478904027789502
132,cg40,0.344346087994421,0.8824304523365274,0.3065392586746897,0.6407766990291263,0.7472220974806085,0.15898187952402815
132,pcg40,0.78032796742007,0.999378050451704,0.40590275963070577,0.941747572815534,0.26203858722674084,0.07894389513728252
132,poisson_pcg40,1.0,1.0,0.4071846167492065,1.0,6.281063028527596e-08,5.139027578742555e-08
132,cg80,0.689256222730849,0.9953090245933609,0.4003255328407852,0.883495145631068,0.41923624765021766,0.08381280272070638
132,pcg80,0.9999977983513337,1.0,0.4071846167492065,1.0,0.00023996407208797544,6.548494457838324e-05
132,poisson_pcg80,1.0,1.0,0.4071846167492065,1.0,3.9076349250977236e-14,1.2628886800793763e-14
132,poisson,0.3828311860739575,0.8051295025457765,0.22982355910226432,0.34951456310679613,20.809331570666725,76.84903866743241
132,amg,0.9931419202846721,0.9992410107207236,0.4060778337848658,0.9514563106796117,0.10827947563214095,0.08209535502207597
132,oracle,1.0,1.0,0.4071846167492065,1.0,5.1272562499636684e-14,1.4175565779463522e-14
133,ensemble,0.19619083488305558,0.6410613200088549,0.16086887811241365,0.2524271844660194,,
133,raw,0.2227932551319648,0.6233937362301424,0.144983590034382,0.1650485436893204,,
133,smoothed,0.3324112411487018,0.762995056028167,0.16057290261609755,0.20388349514563106,,
133,prediction_magnitude,0.3460853233853086,0.6702296996721588,0.06852103615985078,0.019417475728155338,,
133,boundary_distance,0.5439779743763353,0.8490718193605515,0.17279001123038124,0.3192850838481907,,
133,jacobi1,0.21844905586152635,0.6062110622687454,0.16242971574124723,0.22330097087378642,0.9449357043220256,0.5743358004726948
133,jacobi5,0.26211804189614474,0.6306884665254103,0.19841203702036994,0.30097087378640774,0.8747692725701859,0.3704178814981245
133,jacobi10,0.3206757832057792,0.6789475348660701,0.2145923166895376,0.33980582524271846,0.8223296378370462,0.3049911500095548
133,jacobi20,0.4314893650311136,0.7956315950370534,0.2460331200067905,0.44660194174757284,0.7486202877780074,0.24857371573502574
133,jacobi40,0.5739933212931836,0.9007094441457681,0.27576574786947794,0.5825242718446602,0.6503167447217143,0.19622973565121893
133,jacobi80,0.6895873641012802,0.9509081517556898,0.2952040030694971,0.6699029126213593,0.5398202665217903,0.14668692743497042
133,cg5,0.2236365312745869,0.6138958287214193,0.1403142717680017,0.1553398058252427,0.9650069252715001,0.3439557379813176
133,pcg5,0.3123223705385881,0.6751315054341525,0.2123498902654427,0.3300970873786408,0.8213522483815806,0.2735243964293527
133,poisson_pcg5,0.7511097538623845,0.9841350157595691,0.32743725938104135,0.7766990291262136,0.3542435795989222,0.1678302678170538
133,cg10,0.2371512901437665,0.6640418287425024,0.17634174465040417,0.2815533980582524,0.9140458262873256,0.26433158675548313
133,pcg10,0.5611919412953293,0.9038086503694802,0.27290554530538247,0.5825242718446602,0.6327933386612006,0.18632778435716316
133,poisson_pcg10,0.9893184053358128,0.9992726352740268,0.34087467266107174,0.9514563106796117,0.07919209134856528,0.039991158897727586
133,cg20,0.2579297014698519,0.7316445821869433,0.19763938480303925,0.3883495145631068,0.815150510203428,0.16817716717854544
133,pcg20,0.7148629613403904,0.9668047605494239,0.30888684535673755,0.7378640776699029,0.44343504085061236,0.103563343027863
133,poisson_pcg20,0.9999946467527357,1.0,0.3413071062187326,1.0,0.0009499503069023647,0.0005381242638164118
133,cg40,0.44674998658894216,0.8123188176633672,0.2677435825802811,0.5242718446601942,0.6520477074840387,0.1042841122662649
133,pcg40,0.9300041797797008,0.9968375446696816,0.33671128582690457,0.8737864077669902,0.20117966580216223,0.047429059227590546
133,poisson_pcg40,1.0,1.0,0.3413071062187326,1.0,1.831633016152774e-08,1.3459442641717349e-08
133,cg80,0.7536568378513696,0.9755015127077997,0.3278087351567711,0.7669902912621359,0.3760847411264239,0.050629737239398745
133,pcg80,0.9999994523818039,1.0,0.3413071062187326,1.0,0.00016195685392717476,2.613663797406559e-05
133,poisson_pcg80,1.0,1.0,0.3413071062187326,1.0,2.633288392714039e-14,9.784910586641923e-15
133,poisson,0.50786041100422,0.872015432782012,0.2533900881989975,0.5242718446601942,18.889806602017114,84.2729945236344
133,amg,0.986531956315714,0.9992515522384913,0.3408522256770244,0.9611650485436893,0.16386561212094336,0.07823030500053174
133,oracle,1.0,1.0,0.3413071062187326,1.0,2.7536948441689244e-14,5.6180815068162044e-15
134,ensemble,0.3478656077891424,0.7168548327588207,0.1588006287309109,0.24271844660194175,,
134,raw,0.27664017237679706,0.7433456669091216,0.16836591276990387,0.3300970873786408,,
134,smoothed,0.35322477827050996,0.7754867545829248,0.19293554170079116,0.36893203883495146,,
134,prediction_magnitude,0.5454054274551177,0.8017562168601036,0.1504704287939923,0.22330097087378642,,
134,boundary_distance,0.4100052039788787,0.6519876031751052,0.09150825295793116,0.04082082965578112,,
134,jacobi1,0.32065660539303337,0.7101609689763132,0.18069263070696012,0.32038834951456313,0.9161364243945966,0.5028287373980946
134,jacobi5,0.3691598754559759,0.740731370502725,0.1867043230347596,0.3592233009708738,0.8456665105849429,0.2407062724162474
134,jacobi10,0.4302132916994492,0.7821700768476645,0.1946779521349336,0.3883495145631068,0.8090582402456076,0.17979844877384762
134,jacobi20,0.4750270232815964,0.8218799742786966,0.20145122166025126,0.4077669902912621,0.7622846683212204,0.1458491536017535
134,jacobi40,0.5469616242579213,0.8321579541022316,0.21502951595789,0.4368932038834951,0.7089649928758333,0.12973740236610376
134,jacobi80,0.6098629836921535,0.827762141193089,0.21949401508725663,0.4174757281553398,0.6615506023469855,0.11883586575188712
134,cg5,0.28737139913096343,0.7501871119403771,0.1680186604390242,0.32038834951456313,0.9301612561167755,0.21579281821457907
134,pcg5,0.41399166726271364,0.7666318796580331,0.19175925198606142,0.36893203883495146,0.8216973379915208,0.14186384417375686
134,poisson_pcg5,0.6029653637078892,0.8708769488630973,0.22978056540878986,0.4854368932038835,0.640986240659637,0.132192888478024
134,cg10,0.306228821704456,0.7747910144102548,0.1914229722335104,0.4077669902912621,0.8898870551340895,0.15120075692388196
134,pcg10,0.4961652532901795,0.840211673676776,0.20971170674472514,0.4368932038834951,0.7339935683610412,0.08030328841194798
134,poisson_pcg10,0.986961233102067,0.9982606495683248,0.2958356390646228,0.912621359223301,0.0923744832847325,0.026752283270998187
134,cg20,0.3830414155818611,0.8109062542824916,0.21032840957530352,0.46601941747572817,0.8062594272678231,0.08447859963681098
134,pcg20,0.6278359134718546,0.8119604060592645,0.2224544352490547,0.4077669902912621,0.6380813517898782,0.0520431584275617
134,poisson_pcg20,0.9999930821293183,1.0,0.29746840355340054,1.0,0.0013768585261255564,0.0005109440893224519
134,cg40,0.5014849058543738,0.873912905980203,0.22984786119319933,0.5145631067961165,0.7133990893566746,0.054025882838945015
134,pcg40,0.798374166279236,0.9649599949400715,0.2682332087526698,0.6504854368932039,0.41194135869506815,0.03172762681175935
134,poisson_pcg40,1.0,1.0,0.29746840355340054,1.0,2.392769176966467e-07,8.09174516853349e-08
134,cg80,0.779678738108862,0.9745844006620074,0.27570429165462335,0.7184466019417476,0.4138330188420219,0.031476709322733894
134,pcg80,0.9898846984300123,0.9979233209997576,0.29636032895779657,0.9320388349514563,0.08932320103332882,0.006055351110039935
134,poisson_pcg80,1.0,1.0,0.29746840355340054,1.0,2.2575180587504182e-13,1.643503117948859e-14
134,poisson,0.3099553747049567,0.7639121680739593,0.18160517091365405,0.3592233009708738,35.04054305396864,87.18532919304178
134,amg,0.9080685729740362,0.9826908278253903,0.28399067926754,0.7572815533980582,0.31664507879711107,0.047677356986259606
134,oracle,1.0,1.0,0.29746840355340054,1.0,1.9392147755427773e-13,1.3954480338385362e-14
135,ensemble,0.39422558963951077,0.7171605367740848,0.1751248013898354,0.2621359223300971,,
135,raw,0.18492519982476216,0.802473040068309,0.21658048579387051,0.3883495145631068,,
135,smoothed,0.2075350587404334,0.8936887933124611,0.29616138306272494,0.5631067961165048,,
135,prediction_magnitude,0.6465237979221801,0.7294519464912558,0.14984994521705353,0.06796116504854369,,
135,boundary_distance,0.6682576392785963,0.9861958824831599,0.38405005037445467,0.8137687555163284,,
135,jacobi1,0.3706506598240469,0.7243498518916753,0.24349408000573647,0.3786407766990291,0.9806660984006609,0.5567490855915296
135,jacobi5,0.37780476628996484,0.6542171341829797,0.22523723782177651,0.30097087378640774,0.9536544587180759,0.35792407233826673
135,jacobi10,0.40554698117087473,0.6591189399449733,0.21285787981437684,0.2621359223300971,0.9428222611604706,0.30021742325269424
135,jacobi20,0.4241713083828052,0.6606158354679906,0.21299737086677317,0.24271844660194175,0.9339029088218592,0.24429875849360627
135,jacobi40,0.44320723213647084,0.6846926620494819,0.2528733837480637,0.33980582524271846,0.9270483026138835,0.18971260997315648
135,jacobi80,0.4614193593090622,0.7412268218378082,0.26765039132563323,0.3592233009708738,0.9214550793451349,0.15893548732726465
135,cg5,0.19875079348759028,0.7815902933704395,0.2138027257316668,0.3592233009708738,0.9781834568129777,0.3452230808159514
135,pcg5,0.38473973607038114,0.616236045665855,0.19997905613185987,0.23300970873786409,0.9377037481008647,0.2799995458216279
135,poisson_pcg5,0.6137096774193548,0.8939839558099575,0.3479590961950856,0.6310679611650486,0.8211639326575217,0.1850114046273097
135,cg10,0.3119801650454187,0.816282428344033,0.2840239196359604,0.4854368932038835,0.9473000510027693,0.2251637379803487
135,pcg10,0.5073376703204348,0.7354922361721641,0.24485810359673418,0.2912621359223301,0.9344416161881186,0.13734823070905436
135,poisson_pcg10,0.9879747179207495,0.9996521299136649,0.4098951437719564,0.9611650485436893,0.07793936314263615,0.05078455359775801
135,cg20,0.3971258426614691,0.8101683480387506,0.314209834095927,0.5242718446601942,0.912055195903858,0.15196329867104819
135,pcg20,0.44517899291896135,0.7714915193489559,0.26659592186786285,0.3592233009708738,0.9218322841318485,0.11591890783065953
135,poisson_pcg20,0.9999911151741648,1.0,0.4106216950413018,1.0,0.0015065221154372877,0.0007959654962787283
135,cg40,0.4248110270188112,0.7759294983291695,0.3218800659073305,0.5048543689320388,0.84225196260516,0.1149542693686855
135,pcg40,0.6514007291145125,0.9856635358358896,0.39176453578464715,0.8058252427184466,0.5303327407498831,0.08098564026592239
135,poisson_pcg40,1.0,1.0,0.4106216950413018,1.0,4.0007495129109417e-07,2.559693853222338e-07
135,cg80,0.5469643064694942,0.9884886625976408,0.3789304396565446,0.7961165048543689,0.5890923657466851,0.06977717237828479
135,pcg80,0.9991932801659394,1.0,0.4106216950413018,1.0,0.013108503362689877,0.0021674904197087506
135,poisson_pcg80,1.0,1.0,0.4106216950413018,1.0,5.447253873139856e-14,1.3466072729381476e-14
135,poisson,0.40846387508046633,0.8039593940735588,0.21671571416561583,0.27184466019417475,17.09819030265212,83.72097476475884
135,amg,0.6297561534403833,0.8658802694411941,0.33515077309850255,0.6116504854368932,0.7316302439025775,0.11781954549884234
135,oracle,1.0,1.0,0.4106216950413018,1.0,4.136143974877264e-14,8.71195501392033e-15
136,ensemble,0.4164092116086116,0.7866396803811813,0.17527553508821822,0.33980582524271846,,
136,raw,0.08875702962949716,0.6462372052328095,0.12413502101125506,0.18446601941747573,,
136,smoothed,0.09628584105214218,0.6208321474125844,0.14776479508501578,0.24271844660194175,,
136,prediction_magnitude,0.5171638965381589,0.8242412742586678,0.148642723360941,0.1941747572815534,,
136,boundary_distance,0.4298308683038179,0.8268081338351095,0.20707897577271683,0.442188879082083,,
136,jacobi1,0.3327262668979329,0.7660837207341114,0.17839146226730626,0.34951456310679613,0.868963358211996,0.5319398791896157
136,jacobi5,0.5385593618124597,0.8515965128659224,0.2299609532627033,0.5145631067961165,0.6952472356849253,0.2887304113070024
136,jacobi10,0.6672279566912237,0.9073506003394368,0.26156889729909455,0.6116504854368932,0.5866752411398113,0.19466491172740172
136,jacobi20,0.7589376542271654,0.9437610027091701,0.26566431584444905,0.6019417475728155,0.46669195265311614,0.11543546647845007
136,jacobi40,0.8292994063371717,0.9676902480419131,0.27830335680216317,0.7087378640776699,0.34330987657888024,0.06616001776552907
136,jacobi80,0.9159091691402615,0.9839452684397499,0.28562683974227976,0.7766990291262136,0.23152781484259854,0.04634018274910521
136,cg5,0.13796496137615336,0.6756058737337002,0.14190971775420652,0.21359223300970873,0.8986865720719835,0.2640351679440474
136,pcg5,0.6796380690758886,0.9001402021863107,0.257330054258726,0.5825242718446602,0.566027046081513,0.1796565488240142
136,poisson_pcg5,0.4566549915957371,0.7361141857204601,0.2096528835892895,0.4174757281553398,0.8020130174014448,0.15624771279287913
136,cg10,0.2284923400507832,0.7043209681329918,0.1745965145471136,0.2815533980582524,0.8420396082078359,0.1728957289925822
136,pcg10,0.7997545999928475,0.9557572499288448,0.27107680903897574,0.6407766990291263,0.3780609033806611,0.06407039529758997
136,poisson_pcg10,0.9827818892604246,0.997438411182442,0.2911623420738492,0.9029126213592233,0.10430364659820018,0.033778287219667795
136,cg20,0.4110694312817395,0.7725456711257287,0.2112272943207924,0.4077669902912621,0.733834963333345,0.09626194789819041
136,pcg20,0.9340044189435662,0.9888049081306727,0.2880546351288162,0.8155339805825242,0.19808504864416124,0.012762746098215724
136,poisson_pcg20,0.9999907240183106,1.0,0.2928261081829916,1.0,0.0016001235966426666,0.0005309772190965932
136,cg40,0.6289733164652027,0.8711088622539873,0.2433306540906922,0.5436893203883495,0.6022596237637635,0.05420717210796329
136,pcg40,0.9733721657964379,0.9915246197147465,0.2888590572057495,0.8446601941747572,0.1347703411587021,0.0067683423782959546
136,poisson_pcg40,1.0,1.0,0.2928261081829916,1.0,1.1893519012297976e-07,5.089062663905133e-08
136,cg80,0.7811308539267576,0.9405142152367097,0.26249522529645103,0.5922330097087378,0.4301469450226529,0.024533519025921557
136,pcg80,0.9999593421429083,1.0,0.2928261081829916,1.0,0.0030104854905768424,0.000425690084617644
136,poisson_pcg80,1.0,1.0,0.2928261081829916,1.0,1.0825391940469303e-12,5.546679351777122e-14
136,poisson,0.31780621915456686,0.7164647966014147,0.171315442879519,0.3300970873786408,38.94630396238487,85.12022541667739
136,amg,0.9511958193262283,0.9888365326839759,0.28785762980020446,0.8252427184466019,0.2219090323002762,0.058341394262637056
136,oracle,1.0,1.0,0.2928261081829916,1.0,1.0561074962802213e-12,5.398778604393131e-14
137,ensemble,0.2961163141048566,0.8179163635980309,0.22653496200456041,0.4368932038834951,,
137,raw,0.30863418433946066,0.7844365031677261,0.2061839424495788,0.3300970873786408,,
137,smoothed,0.3476573228846291,0.8608730485015232,0.24728451884001412,0.47572815533980584,,
137,prediction_magnitude,0.3001854972820256,0.7708484867651244,0.0853827526715447,0.05825242718446602,,
137,boundary_distance,0.35419050164054316,0.8484814943655588,0.221343294209325,0.4157105030891438,,
137,jacobi1,0.30128071132250905,0.7359455214361764,0.24871747735306673,0.4368932038834951,0.9194713929389976,0.5284769454187217
137,jacobi5,0.3987033406945139,0.7364936803600982,0.24065213405981856,0.4368932038834951,0.8642095049083908,0.2892362460042557
137,jacobi10,0.45153453794435294,0.7305271813035641,0.25332822210756506,0.4368932038834951,0.846208296043321,0.21166137913189698
137,jacobi20,0.5116267724948144,0.7444419847569653,0.2530089550598058,0.4174757281553398,0.8337586918171036,0.15628567168313368
137,jacobi40,0.556578068003004,0.7343642937710172,0.24605215157839802,0.3786407766990291,0.8311207283467956,0.12434698496000818
137,jacobi80,0.5643285530362635,0.7027924480566712,0.23753425647707102,0.3592233009708738,0.8345107119312284,0.11117812216195255
137,cg5,0.3136810895143409,0.7818538313146327,0.23029182342993587,0.3786407766990291,0.9352254141737627,0.24875605136401
137,pcg5,0.4632274157785566,0.7580827087484056,0.2474539430122796,0.4368932038834951,0.8491083100905101,0.17678599620903532
137,poisson_pcg5,0.40067931478435015,0.626587816113764,0.21102688909574066,0.2524271844660194,0.920712560590507,0.1522286096515751
137,cg10,0.35192721371861807,0.7854906549444989,0.2344157144172166,0.3786407766990291,0.8856820392486517,0.1681200730272426
137,pcg10,0.549350167191188,0.743524872711173,0.2451395821882316,0.3883495145631068,0.8371134864670821,0.09332023863909117
137,poisson_pcg10,0.9708147105893712,0.9990828879542076,0.38104690791453577,0.941747572815534,0.10301073954006917,0.03153516875960564
137,cg20,0.3775408813747228,0.7266162782117369,0.26848076962077183,0.4174757281553398,0.8075210275429737,0.09790112210410348
137,pcg20,0.5169958559831199,0.6604155466304038,0.210164201520359,0.2815533980582524,0.8564340732248426,0.0668974038539801
137,poisson_pcg20,0.9999937079786851,1.0,0.3826674106328542,1.0,0.0013616068523015913,0.0005474441826349932
137,cg40,0.5047769629318359,0.7458756311733763,0.2950042726485049,0.4854368932038835,0.6992606899256176,0.06327374559245647
137,pcg40,0.5937711000643731,0.7040679717065663,0.29401735043429905,0.44660194174757284,0.6709467419421379,0.04713474349267272
137,poisson_pcg40,1.0,1.0,0.3826674106328542,1.0,3.045673452728696e-08,2.444296786894761e-08
137,cg80,0.695909761461984,0.938954070607086,0.34133477680682967,0.6504854368932039,0.44533869919520785,0.03383734877836618
137,pcg80,0.9918294694585507,0.9998102526801809,0.3824871307621314,0.970873786407767,0.04173045602383868,0.0038215683014229266
137,poisson_pcg80,1.0,1.0,0.3826674106328542,1.0,1.829785064009192e-13,1.432601987504695e-14
137,poisson,0.28925130534296545,0.7602226368552544,0.2110435837722882,0.34951456310679613,29.043889054975885,86.68410086542403
137,amg,0.5828321919032973,0.6599411783308561,0.22111220436375686,0.27184466019417475,0.8268817237851434,0.07118564073741282
137,oracle,1.0,1.0,0.3826674106328542,1.0,1.5828673360610498e-13,1.2436124923584684e-14
138,ensemble,0.3952443494742865,0.8290376648429841,0.24928829272182762,0.46601941747572817,,
138,raw,0.23696904504327299,0.6662450059559576,0.147930204111483,0.1553398058252427,,
138,smoothed,0.28052506526714827,0.7279972170393093,0.17300694855805096,0.18446601941747573,,
138,prediction_magnitude,0.7529976955332237,0.9543657695835046,0.3105192691495769,0.5825242718446602,,
138,boundary_distance,0.4351240549960052,0.7737632164279012,0.11786276956282975,0.08561341571050309,,
138,jacobi1,0.31757207326013875,0.7333312250297798,0.20359463292081037,0.3106796116504854,0.9788419125404932,0.6653609387224005
138,jacobi5,0.3603527778771189,0.7894015580363261,0.24714359199273855,0.44660194174757284,0.9247587820542068,0.5221568931493907
138,jacobi10,0.4642670856877189,0.9115039583399218,0.29907494958256914,0.6213592233009708,0.8724448402327523,0.4606314410048664
138,jacobi20,0.5988388929618768,0.9768719100176043,0.32935878916712,0.7572815533980582,0.7922891170791039,0.3892382348097574
138,jacobi40,0.749547019168872,0.9931163888976735,0.35382188661496383,0.8640776699029126,0.6805628199508593,0.30927505641557196
138,jacobi80,0.8284758109219654,0.9953511906644319,0.3585962915530958,0.8737864077669902,0.5505520588100427,0.22564956658125318
138,cg5,0.25127041833559827,0.6891622655829986,0.16563839424105342,0.22330097087378642,0.9688477459678271,0.4820491456802799
138,pcg5,0.47429091266719114,0.9312165965655735,0.306867494854898,0.6407766990291263,0.8336732717520137,0.4375511071131877
138,poisson_pcg5,0.8938547962413275,0.9944024540653363,0.3566285838330001,0.8543689320388349,0.2537168955901461,0.1313651462921341
138,cg10,0.30663992650740285,0.7477941874071029,0.17650555293774026,0.30097087378640774,0.9241638423775244,0.3536464109664982
138,pcg10,0.7649142362849581,0.996120721461476,0.3557056928799055,0.9029126213592233,0.5968633615222139,0.2814305128520806
138,poisson_pcg10,0.987349527930763,0.9989458482232272,0.36113886086820285,0.941747572815534,0.05609835723451542,0.043714413652038146
138,cg20,0.340503618750447,0.7823281996141804,0.21168905845845246,0.4077669902912621,0.8411168282734988,0.22797996185380665
138,pcg20,0.8119722301695157,0.9900382657094968,0.3518306948943971,0.7961165048543689,0.3712952376323762,0.11628120344600153
138,poisson_pcg20,0.9999678022852441,1.0,0.3616092369293946,1.0,0.0026772264535145337,0.0022753258396529617
138,cg40,0.4256241953365281,0.9095643190706598,0.29664377840795064,0.6213592233009708,0.7144840552721565,0.15901928664605833
138,pcg40,0.8805860073492596,0.997670324573332,0.3604828686865623,0.9320388349514563,0.224821063445804,0.06948098101081378
138,poisson_pcg40,0.9999999888241183,1.0,0.3616092369293946,1.0,4.046313590253077e-07,4.1486174396025814e-07
138,cg80,0.7733824476074672,0.9957833928929087,0.3584644732290332,0.8737864077669902,0.34911763962882364,0.08036472180500218
138,pcg80,0.9999203941956941,0.9999789169644645,0.3616007856781096,0.9902912621359223,0.004009258647874761,0.0014596094942138757
138,poisson_pcg80,1.0,1.0,0.3616092369293946,1.0,4.259588665981144e-14,1.33906658316624e-14
138,poisson,0.408361727523067,0.8383774495851912,0.16559800003518427,0.2912621359223301,23.33261594424354,77.61345870712292
138,amg,0.9892023102782348,0.9981657759084153,0.36017018164591696,0.9223300970873787,0.13283830998407054,0.09657574825583581
138,oracle,1.0,1.0,0.3616092369293946,1.0,5.458939769451662e-14,1.4521497928217172e-14
139,ensemble,0.5849048932479793,0.8604935538618851,0.22669858811460752,0.46601941747572817,,
139,raw,0.44789674379515043,0.7648609046730548,0.18019912955549866,0.2815533980582524,,
139,smoothed,0.695807882125742,0.8368700125444062,0.1912629534335697,0.3106796116504854,,
139,prediction_magnitude,0.6956271904727844,0.8047816324594416,0.19304980531670907,0.24271844660194175,,
139,boundary_distance,0.8317327538507177,0.8114596839652973,0.18386983077311242,0.22219770520741394,,
139,jacobi1,0.42325341087905005,0.7082107881892835,0.19874156117454936,0.3106796116504854,0.9771854783305056,0.5558052062337789
139,jacobi5,0.4344321534582648,0.7440941146706302,0.21820449836835581,0.3786407766990291,0.9375216051528521,0.3476673250640609
139,jacobi10,0.47515579178885636,0.8002487798193184,0.23125128025411062,0.4368932038834951,0.9118389365434503,0.29816243600199777
139,jacobi20,0.5161404428331307,0.8283208416347786,0.2442425390870728,0.5145631067961165,0.8806347366642189,0.26721468558565686
139,jacobi40,0.5777845938237608,0.830323730010647,0.2588124838207927,0.5436893203883495,0.8400135510511085,0.2462289295077544
139,jacobi80,0.6553453123882411,0.8643622908826413,0.2702583583087902,0.6116504854368932,0.7816791282341164,0.22615311298475568
139,cg5,0.4315425845790716,0.7602964274796286,0.17896826151678755,0.3106796116504854,0.9877491357346903,0.343439039626204
139,pcg5,0.46806546607896427,0.7944087789759969,0.22578269344973934,0.42718446601941745,0.9116100088103384,0.2911046985955633
139,poisson_pcg5,0.9604328195408052,0.9936645478215953,0.2942970267108394,0.8737864077669902,0.1783650333664997,0.1348079780143406
139,cg10,0.44535568360632277,0.7767833612683555,0.19554955686674952,0.3592233009708738,0.9703817095658575,0.2928447972267632
139,pcg10,0.570242259584436,0.8428786776720112,0.2530506901819913,0.5436893203883495,0.8458518598442166,0.24861663284181276
139,poisson_pcg10,0.996497534600529,0.9996521299136649,0.29909957907182133,0.9805825242718447,0.061098531348744226,0.04309198842099608
139,cg20,0.44036419962806667,0.8129091426583599,0.221778681490311,0.4563106796116505,0.9095129396599698,0.2394694343087434
139,pcg20,0.7715553586116872,0.9549244700251942,0.26630911403339674,0.6019417475728155,0.6075709844545149,0.19354558576153988
139,poisson_pcg20,0.9999958984514697,0.9999894584822323,0.29941868158418444,0.9902912621359223,0.0009748540909287073,0.0015454514139526519
139,cg40,0.641456139135255,0.9569800659899013,0.2837005442456995,0.7572815533980582,0.6730227587319874,0.16006280279565552
139,pcg40,0.9745320323117086,0.9995888808070587,0.2988541613048743,0.9611650485436893,0.15361707931503832,0.06432271768627376
139,poisson_pcg40,1.0,1.0,0.29941891709010465,1.0,6.419494870951871e-08,8.588535308762854e-08
139,cg80,0.8267581226307131,0.9858216586024056,0.29209897741171836,0.8446601941747572,0.37770909853012175,0.07966521560879561
139,pcg80,0.9999996200200271,1.0,0.29941891709010465,1.0,0.00012674326785911327,3.808092895678882e-05
139,poisson_pcg80,1.0,1.0,0.29941891709010465,1.0,1.1925133643974139e-14,9.609482894006687e-15
139,poisson,0.5714773844860882,0.7287140402475148,0.19854726772288506,0.3106796116504854,11.042944109865669,84.33168241006652
139,amg,0.9963386694442458,0.9965423821721852,0.2966390529748783,0.8737864077669902,0.15935388471589065,0.088859270537818
139,oracle,1.0,1.0,0.29941891709010465,1.0,1.9723198048773274e-14,6.7089405267179525e-15
140,ensemble,0.3082340207245547,0.6480081802177877,0.17525564186278478,0.2524271844660194,,
140,raw,0.2504639220191689,0.6965307865026407,0.1886756066738858,0.34951456310679613,,
140,smoothed,0.4474772347292754,0.8524082097340375,0.1708414262556496,0.2912621359223301,,
140,prediction_magnitude,0.3677930427902153,0.6664874608646153,0.07999710587995076,0.019417475728155338,,
140,boundary_distance,0.45968245939938235,0.741042345276873,0.12358275412394064,0.14121800529567521,,
140,jacobi1,0.23908180074744295,0.667425655945943,0.17106008028649236,0.27184466019417475,0.9545775508148723,0.5847090369766004
140,jacobi5,0.2679393909591588,0.7025816177013167,0.18885329204543552,0.3106796116504854,0.8973256544444506,0.3594004575829911
140,jacobi10,0.31134782249123805,0.7342272540400366,0.22398692263159925,0.3786407766990291,0.8515343396718734,0.2915408212353393
140,jacobi20,0.3741480401974107,0.7827287772893541,0.25729946451777475,0.4854368932038835,0.7871022925270404,0.22880143665957628
140,jacobi40,0.4256183950540018,0.826444451472123,0.272516110994339,0.5242718446601942,0.7105521857366827,0.16136125387746644
140,jacobi80,0.47733428402832406,0.8890505254946607,0.29179146122044997,0.5825242718446602,0.641437844286253,0.10083777095770656
140,cg5,0.23385135406980903,0.6975533137261103,0.18261910096354333,0.3106796116504854,0.9672198814151955,0.36004746330551024
140,pcg5,0.3254956168192547,0.7255515849171964,0.22449417729400953,0.3786407766990291,0.8417548762867124,0.2761307130587517
140,poisson_pcg5,0.4670644088405694,0.8940577464343317,0.2715271308249944,0.5728155339805825,0.8443045335070548,0.1989443890558776
140,cg10,0.23057752485516053,0.7087484055954376,0.1854335533953428,0.3106796116504854,0.9170187916707336,0.2324674838016543
140,pcg10,0.432558248694657,0.8342557161380095,0.27634923770890435,0.5339805825242718,0.6746132699358348,0.13753043990221572
140,poisson_pcg10,0.9891993710213861,0.9994940071471491,0.35332049615960504,0.9611650485436893,0.0705585630033176,0.02982802992242352
140,cg20,0.25664130114083394,0.7637751283429788,0.20120687097518658,0.34951456310679613,0.8694136995456867,0.14340546868548829
140,pcg20,0.5151548977183319,0.9113669186089414,0.29826819273231325,0.5825242718446602,0.5998088354924811,0.05307613504951871
140,poisson_pcg20,0.9999992623918174,1.0,0.3538061825822752,1.0,0.00020309590037807974,0.00014057070094387398
140,cg40,0.3084311968028038,0.8388623594025068,0.23973692737717,0.47572815533980584,0.7657068355892557,0.08283870602883857
140,pcg40,0.5349561011372577,0.9804771090941674,0.3306366008041565,0.7864077669902912,0.5047569413555891,0.03479281600272681
140,poisson_pcg40,1.0,1.0,0.3538061825822752,1.0,2.7743387689633593e-09,1.3693743520959437e-09
140,cg80,0.4998948237786996,0.9742259890579046,0.31952537415983645,0.7572815533980582,0.5614702124379656,0.042215290981464045
140,pcg80,0.9799286196445175,0.998524187512518,0.35246153258952967,0.9320388349514563,0.07866250833141872,0.009881326551633002
140,poisson_pcg80,1.0,1.0,0.3538061825822752,1.0,4.2378962401248664e-13,3.5232566181643166e-14
140,poisson,0.4985342943101352,0.8640038792785385,0.21718311213632124,0.3786407766990291,16.167621749767353,75.91191969158375
140,amg,0.8423845866711966,0.9804560260586319,0.34140876112931723,0.7766990291262136,0.3170131230161309,0.07341770512176182
140,oracle,1.0,1.0,0.3538061825822752,1.0,4.14057062467445e-13,3.36405749646741e-14
141,ensemble,0.1794320528753308,0.5975775592169761,0.1278653064548893,0.18446601941747573,,
141,raw,0.31663656256705525,0.6603417560060297,0.15969159917598816,0.21359223300970873,,
141,smoothed,0.473909803930334,0.7629845145103992,0.16756085016620612,0.24271844660194175,,
141,prediction_magnitude,0.205907034546885,0.6935053709033027,0.05919460215523601,0.0,,
141,boundary_distance,0.5347626487217846,0.6716369922941505,0.12823018794721103,0.061562224183583404,,
141,jacobi1,0.2003593045919462,0.6687644287024446,0.14925134899421738,0.24271844660194175,0.9784204723606255,0.5632750453517008
141,jacobi5,0.21875734255418064,0.6208005228592813,0.14526120230430548,0.23300970873786409,0.9648009333751372,0.37452431560838706
141,jacobi10,0.26947310188827694,0.6298767696572952,0.13742141178334483,0.17475728155339806,0.952380011779622,0.3180458356064059
141,jacobi20,0.3219547063872398,0.6248168411287858,0.1406289705352795,0.1650485436893204,0.9291393129028144,0.26620804595558023
141,jacobi40,0.37677856331807447,0.6091416042081739,0.13994587980191375,0.1553398058252427,0.8937888614085115,0.2187606124279747
141,jacobi80,0.41469936878620983,0.5815122861389583,0.1416647734076474,0.1650485436893204,0.8468624796878053,0.1774884035536761
141,cg5,0.30668438416422283,0.6644740309709792,0.16155411699702824,0.20388349514563106,0.9752672360906066,0.380571420438704
141,pcg5,0.27836563908161077,0.6475654364715432,0.1412166155720366,0.21359223300970873,0.9589386452480543,0.31404403426762384
141,poisson_pcg5,0.8677386609505756,0.8860989005196969,0.23924497839067338,0.3592233009708738,0.4895926251318528,0.18556660683642015
141,cg10,0.3111102232494099,0.6744673898147855,0.17838910699297073,0.22330097087378642,0.9429910521327923,0.27983330086093716
141,pcg10,0.36350774041556394,0.5809535856972687,0.1321177124987661,0.11650485436893204,0.8942254119235752,0.21725155191562381
141,poisson_pcg10,0.9889249472498389,0.9991250540252785,0.3101708360676797,0.9611650485436893,0.08597749265879503,0.04641189021314646
141,cg20,0.38046104981760953,0.6251752527328884,0.17283542187950704,0.1553398058252427,0.8863315205116189,0.18869505642884088
141,pcg20,0.44039922484085536,0.567175821974848,0.14663957134679134,0.18446601941747573,0.794059309933771,0.14778806176842219
141,poisson_pcg20,0.999997418371361,1.0,0.31081351038730587,1.0,0.000773950063405305,0.0008137338530719659
141,cg40,0.46981537443673554,0.5996015306283798,0.20887920125647258,0.1941747572815534,0.7772651177296578,0.13709588701606876
141,pcg40,0.8934765261783848,0.8996869169222985,0.2602570059865519,0.5339805825242718,0.4305419171803458,0.0941247879311121
141,poisson_pcg40,1.0,1.0,0.31081351038730587,1.0,1.0244592781027e-07,9.405007639002341e-08
141,cg80,0.8383345701308919,0.9269367403518759,0.2769774475360163,0.5533980582524272,0.41615729128346196,0.07365389725444099
141,pcg80,0.9961347431335381,1.0,0.31081351038730587,1.0,0.027642790604789788,0.006025839033276317
141,poisson_pcg80,1.0,1.0,0.31081351038730587,1.0,8.721592422064638e-14,1.62215346275329e-14
141,poisson,0.6473801051426936,0.772882999694296,0.1803959304083348,0.1553398058252427,23.82741350870236,82.70736187551735
141,amg,0.9575746437128959,0.9232366676154032,0.2694837249164475,0.5728155339805825,0.3891401169658377,0.09028221835418042
141,oracle,1.0,1.0,0.31081351038730587,1.0,6.362305314124114e-14,1.2104925054301233e-14
142,ensemble,0.5041884521851082,0.6366655070997123,0.17151913976151895,0.24271844660194175,,
142,raw,0.46415518158572344,0.7579035029463542,0.18380839256765763,0.3592233009708738,,
142,smoothed,0.7498543223839497,0.8572046003183539,0.18181530519448602,0.32038834951456313,,
142,prediction_magnitude,0.7459250612438308,0.7586414091900952,0.12994103483392308,0.0,,
142,boundary_distance,0.7870716033324197,0.7778111592507089,0.1603934856836041,0.15158870255957635,,
142,jacobi1,0.36537898531936197,0.7184044358706767,0.16747209535046118,0.3106796116504854,0.9822760709357494,0.5447459251381714
142,jacobi5,0.3660838816965882,0.7513888449658982,0.18365494495042958,0.39805825242718446,0.9553269261729838,0.28477266807145907
142,jacobi10,0.4086548038409269,0.8035904409516882,0.18618945456834682,0.4563106796116505,0.934584872055592,0.2144439345054553
142,jacobi20,0.4688891844288677,0.8349514563106796,0.1958461255522873,0.5339805825242718,0.9087523930692993,0.16805453631812947
142,jacobi40,0.5196061842858164,0.8477804834340048,0.2041940240215529,0.5728155339805825,0.881931625509984,0.1397309401265454
142,jacobi80,0.560175148415707,0.8539156467748227,0.20893087156767456,0.5533980582524272,0.8604869744555069,0.12669682777039756
142,cg5,0.46636681031399746,0.762952889957096,0.18256784377878518,0.32038834951456313,0.989544591643603,0.24222586099984864
142,pcg5,0.37537402322795216,0.7849108714672739,0.18613177891002014,0.44660194174757284,0.9386296337069316,0.17957071414308767
142,poisson_pcg5,0.76426090542522,0.9495272129281174,0.22223926272575503,0.6504854368932039,0.8165843555022458,0.1494230917592016
142,cg10,0.44294548181460547,0.7821595353298968,0.1868326176981955,0.34951456310679613,0.9811650941823701,0.17491996805435242
142,pcg10,0.5052890641763822,0.8455140571139432,0.2070532074621823,0.5922330097087378,0.8779447502570269,0.10855636593994838
142,poisson_pcg10,0.9983284457478006,0.9988404330455499,0.24825219510081897,0.9514563106796117,0.09386912895284541,0.0302113928928672
142,cg20,0.3933740321686574,0.7691513024045202,0.18717463027264752,0.4368932038834951,0.9663128633613439,0.11982283536236293
142,pcg20,0.575286940758887,0.8530828668711721,0.2089493005494003,0.5242718446601942,0.8514110183565332,0.0821840042459667
142,poisson_pcg20,0.9999990724018308,1.0,0.2486087342417601,1.0,0.0004677944572108009,0.0004155077852056003
142,cg40,0.3831465359237536,0.8395791826107123,0.19542513628421987,0.5533980582524272,0.93351918585584,0.0959363868333403
142,pcg40,0.8919326675488162,0.9981025268018089,0.2473797938076502,0.9320388349514563,0.3717658165612808,0.04461347480150914
142,poisson_pcg40,1.0,1.0,0.2486087342417601,1.0,1.4723030277405843e-08,1.1670805785133156e-08
142,cg80,0.654639164312281,0.9875820920696162,0.23771816126105605,0.8058252427184466,0.7582802779449519,0.0730223960682945
142,pcg80,0.9998286737357843,0.9998524187512519,0.24859121965086373,0.9805825242718447,0.010914688155763326,0.0024463294446021066
142,poisson_pcg80,1.0,1.0,0.2486087342417601,1.0,2.98398835713432e-13,3.0673107378210645e-14
142,poisson,0.6912548726843573,0.7499235739961839,0.1729651116867557,0.2621359223300971,13.453442803344812,86.60094308310359
142,amg,0.9906014188899219,0.9913032478416243,0.24509444669029476,0.8349514563106796,0.13515151395026748,0.05091156889419248
142,oracle,1.0,1.0,0.2486087342417601,1.0,2.5386556576955453e-13,2.6329411724578752e-14
143,ensemble,0.46270635147700445,0.7344907919842298,0.20909856811667968,0.32038834951456313,,
143,raw,0.037210589371289605,0.5135300380548792,0.12349178119721134,0.14563106796116504,,
143,smoothed,0.051941552374651305,0.6075392935074793,0.16909189056536286,0.24271844660194175,,
143,prediction_magnitude,0.7291820037014518,0.8876274205960174,0.1959098038197623,0.32038834951456313,,
143,boundary_distance,0.5248540351677143,0.8463731908120131,0.20463621679103422,0.32965578111209176,,
143,jacobi1,0.29706212896073236,0.6139379947924902,0.17016308087479673,0.22330097087378642,0.9694268314930913,0.5817471363325853
143,jacobi5,0.3804384633609899,0.72052328094199,0.18875245243293615,0.3300970873786408,0.9226248700915659,0.3580736479867817
143,jacobi10,0.4119926038015878,0.7736314474558047,0.19733414504886587,0.34951456310679613,0.8866051846987576,0.2706268752774461
143,jacobi20,0.47671094923467566,0.8598716043135891,0.21441963304908562,0.4174757281553398,0.8326808068360094,0.2113678285289519
143,jacobi40,0.5756063809813318,0.9255030939354648,0.23954132581875853,0.5533980582524272,0.7563116327102695,0.18344776331098947
143,jacobi80,0.6666912573313782,0.9428122661100745,0.24957833239208457,0.6310679611650486,0.668061892695988,0.1679938416343839
143,cg5,0.08105647843501894,0.5320936508438485,0.12236773067286802,0.1650485436893204,0.9854303204276256,0.27654383972333
143,pcg5,0.40070946731278156,0.7704373675721831,0.19915507320596038,0.33980582524271846,0.8862562989927889,0.19220247542033067
143,poisson_pcg5,0.831428422949002,0.9674794176865585,0.25058812351367443,0.6407766990291263,0.5455790183062097,0.1590901728269344
143,cg10,0.1193203722909663,0.5647091068171995,0.12268945133339103,0.18446601941747573,0.9730149320697926,0.20856465945856176
143,pcg10,0.5535126354516844,0.9072135606084564,0.22757455764619458,0.47572815533980584,0.7799889340485098,0.12588233577588662
143,poisson_pcg10,0.9944151884700665,0.9986506857257308,0.29689841449350574,0.9320388349514563,0.05864058811469701,0.03591874202239023
143,cg20,0.19316435027895,0.6144545291631089,0.15515833693991174,0.2621359223300971,0.9463064064280751,0.1410658680834459
143,pcg20,0.7106044810814677,0.9415683670134826,0.26244618179545065,0.6407766990291263,0.5940388243307965,0.08577344551592865
143,poisson_pcg20,0.9999975077784135,1.0,0.29736959279912184,1.0,0.0006868747811513315,0.000566952439699922
143,cg40,0.39569307229454254,0.7471616963410391,0.18395629676220582,0.32038834951456313,0.8914481843909074,0.10785543939260347
143,pcg40,0.8779570153243687,0.9558415820709866,0.2731974472852109,0.6407766990291263,0.45172157298985166,0.06265552341082048
143,poisson_pcg40,1.0,1.0,0.29736959279912184,1.0,7.139109828623269e-08,8.131833417022784e-08
143,cg80,0.6668306093984694,0.9179659087315392,0.23250028310571277,0.4854368932038835,0.6938352692696038,0.08045648964026261
143,pcg80,0.9988735940741005,0.9997575450913423,0.2970654122734051,0.970873786407767,0.037972627905008584,0.007308644764818062
143,poisson_pcg80,1.0,1.0,0.29736959279912184,1.0,7.835212614469444e-14,1.3063678659540147e-14
143,poisson,0.34543546822473353,0.7739266099533011,0.13174679588733265,0.1941747572815534,14.974100319525528,85.9541487450638
143,amg,0.8946902939703884,0.9685651940166345,0.2780040261975822,0.7087378640776699,0.46663005146642955,0.07183052677118582
143,oracle,1.0,1.0,0.29736959279912184,1.0,7.416610637041035e-14,1.1872367210255819e-14
144,ensemble,0.4952740102639296,0.8341924670314032,0.22494322345530735,0.3786407766990291,,
144,raw,0.15248543782633572,0.6405658686737716,0.12566802913777,0.17475728155339806,,
144,smoothed,0.23080879854802946,0.6940640713449923,0.14867933830763597,0.18446601941747573,,
144,prediction_magnitude,0.6467851682640725,0.752052960585265,0.1739839043732808,0.1553398058252427,,
144,boundary_distance,0.47500489389433914,0.8413975944256454,0.2008615587039394,0.3671668137687555,,
144,jacobi1,0.36679606474858734,0.7183201037285348,0.21446528998531952,0.34951456310679613,0.9501407906731969,0.6467877123091208
144,jacobi5,0.4124595991881839,0.7624152725509419,0.2385857067639071,0.4368932038834951,0.8814762340291014,0.41062886348164424
144,jacobi10,0.4399212770903368,0.8052981668300602,0.2479299087542528,0.46601941747572817,0.8291400773825208,0.3196538201113447
144,jacobi20,0.4652330283062727,0.8577633007600435,0.28181031104512755,0.5436893203883495,0.7522141336851922,0.2435827355855331
144,jacobi40,0.5013235820041484,0.9369933483022885,0.3121135646407348,0.6407766990291263,0.6492607278074178,0.17938633632919715
144,jacobi80,0.5709852768936414,0.9795283724950719,0.33682598870365865,0.7475728155339806,0.5353604627160641,0.13212334547624854
144,cg5,0.19851469181389025,0.6716844291241053,0.145668677663245,0.20388349514563106,0.9437193005639495,0.35735680643482615
144,pcg5,0.439877892318146,0.7874830018025996,0.2489636091510875,0.47572815533980584,0.816525531335566,0.28652953416019833
144,poisson_pcg5,0.7971023062549172,0.9796232461549814,0.34559567668723173,0.7961165048543689,0.3279650861858393,0.14865465719006873
144,cg10,0.22620144079464985,0.7195745443428945,0.17062296735536356,0.2815533980582524,0.8928404093715813,0.2467103627757935
144,pcg10,0.4941425863672126,0.9182294466757324,0.3116625055984604,0.6213592233009708,0.6425526049314125,0.15012483680124108
144,poisson_pcg10,0.9783191027108217,0.9986190611724276,0.35939654771501156,0.9223300970873787,0.10676946849062083,0.03260019608177368
144,cg20,0.25442163695372294,0.7686347680339015,0.22134178380963704,0.42718446601941745,0.8148561838087439,0.14861151949163626
144,pcg20,0.592093879640226,0.9875715505518484,0.34804757082281945,0.7864077669902912,0.4725710353140039,0.0676613887686755
144,poisson_pcg20,0.9999945349939202,1.0,0.3614018881881637,1.0,0.0009888754693968547,0.0006579714026012702
144,cg40,0.3475110529468564,0.8646574533801377,0.29100146877289956,0.6019417475728155,0.6981581647515991,0.08659200478351742
144,pcg40,0.8317791332880338,0.9934958835373117,0.35470785608734917,0.8543689320388349,0.31007221827762904,0.03517985941297333
144,poisson_pcg40,1.0,1.0,0.3614018881881637,1.0,1.534210955836895e-07,7.246429807903778e-08
144,cg80,0.6654785065445962,0.9760602131494892,0.3329942560363606,0.7184466019417476,0.5019732216903136,0.045273843867019166
144,pcg80,0.9966522982082827,0.9999156678578581,0.36129486883462586,0.9902912621359223,0.029810224594754173,0.005719121780673894
144,poisson_pcg80,1.0,1.0,0.3614018881881637,1.0,2.561520144071176e-13,2.3725442980926773e-14
144,poisson,0.4338568190758887,0.8312830081275102,0.1942742210807667,0.3592233009708738,25.639347849990887,77.24177922018148
144,amg,0.9839904714433872,0.9988825991166208,0.3604279453780684,0.9320388349514563,0.13660616410468318,0.07370578178490882
144,oracle,1.0,1.0,0.3614018881881637,1.0,2.7146343758149653e-13,2.4979009343040926e-14
145,ensemble,0.4296178295543952,0.7590525283830366,0.19011677611208072,0.2912621359223301,,
145,raw,0.19530301167656106,0.6774400978252849,0.16191681577073178,0.2524271844660194,,
145,smoothed,0.27708734174951716,0.7169075403476592,0.2057437919292232,0.3786407766990291,,
145,prediction_magnitude,0.5503506768113868,0.8224175916848507,0.1420226046161071,0.20388349514563106,,
145,boundary_distance,0.4402622302689187,0.7582461022738054,0.21394899550313445,0.36518093556928505,,
145,jacobi1,0.34279804958515125,0.7037833507268376,0.19654934676128966,0.3592233009708738,0.9190076825140308,0.46254909057865945
145,jacobi5,0.4302850967384307,0.788705817863656,0.2273627742796375,0.47572815533980584,0.8421014057866536,0.2356487536355703
145,jacobi10,0.48340935913024813,0.8405384607275755,0.24049012467546974,0.49514563106796117,0.7968380692628386,0.1751223975970018
145,jacobi20,0.5250315718653886,0.8641620020450544,0.23958020644617825,0.49514563106796117,0.7486924555884621,0.1308151234397573
145,jacobi40,0.5657019571203775,0.8700020028883758,0.2533576787770164,0.5533980582524272,0.7081538173955136,0.10803898630477983
145,jacobi80,0.5889687455296473,0.873333122502978,0.2501660943491572,0.5145631067961165,0.6808274493469635,0.09657733673849352
145,cg5,0.21033545526071093,0.6977746855992326,0.15593599750847423,0.2815533980582524,0.9640170624154394,0.25353059374189635
145,pcg5,0.47240360802160075,0.8313989648229552,0.2412048921874739,0.49514563106796117,0.7980867035613056,0.15534660065752223
145,poisson_pcg5,0.5534481170874759,0.8188229341260554,0.2343352209772581,0.5339805825242718,0.7835640649717845,0.16664544557560992
145,cg10,0.2577355205278592,0.7211241474547505,0.1821608331910388,0.3592233009708738,0.9316361273119235,0.18385619732265854
145,pcg10,0.5357984832093555,0.86534265203504,0.2437519424258439,0.5048543689320388,0.7198968475275987,0.08285655082929959
145,poisson_pcg10,0.9725658371182319,0.9993991334872395,0.333269606464878,0.9611650485436893,0.11941763009675575,0.039677021681031995
145,cg20,0.33786280264287244,0.7645235761044875,0.21482046371761424,0.44660194174757284,0.870142142213354,0.1124711380454531
145,pcg20,0.5792810108361347,0.8683996921876812,0.2416406213033966,0.4563106796116505,0.6786072419704853,0.06501754310810677
145,poisson_pcg20,0.9999913610435589,1.0,0.3340416954748039,1.0,0.0017211355666509082,0.001079931457507108
145,cg40,0.5010183351512767,0.8587014958413712,0.24794586799137341,0.5631067961165048,0.7681207000782444,0.07867780696158887
145,pcg40,0.720887331467706,0.9702729198950065,0.3092843667652579,0.7766990291262136,0.5084041800938041,0.046397738488283206
145,poisson_pcg40,1.0,1.0,0.3340416954748039,1.0,2.506319182311002e-07,1.1288161354410962e-07
145,cg80,0.6858086532615693,0.9730347975501513,0.3059265687605865,0.7281553398058253,0.5170879455814112,0.04385442296120711
145,pcg80,0.9431154893247978,0.9965423821721852,0.32661519331559163,0.883495145631068,0.17865199522020547,0.012901277050176695
145,poisson_pcg80,1.0,1.0,0.3340416954748039,1.0,7.418961502156925e-13,5.3477011792597144e-14
145,poisson,0.35155288874186397,0.7114154095906728,0.19796565490435883,0.34951456310679613,22.144147163659444,88.45040968109342
145,amg,0.8751147539517917,0.9973962451113711,0.33033957614874987,0.9320388349514563,0.3521352327125294,0.05657058883726927
145,oracle,1.0,1.0,0.3340416954748039,1.0,7.06491662174251e-13,5.0794456060997713e-14
146,ensemble,0.31366135290751734,0.650791140908468,0.173430790870393,0.27184466019417475,,
146,raw,0.21528175514984618,0.695856129365506,0.1600350761608492,0.27184466019417475,,
146,smoothed,0.2581528950003576,0.7271749786534265,0.17167153313242747,0.3300970873786408,,
146,prediction_magnitude,0.4182348700915528,0.6681951867429873,0.17608516069913221,0.2815533980582524,,
146,boundary_distance,0.43822841223225273,0.6313262283503579,0.1158144310189859,0.12819947043248014,,
146,jacobi1,0.20407774390243902,0.6688171362912833,0.15236735989953054,0.2524271844660194,0.9543996317228634,0.5113914166197494
146,jacobi5,0.1678095383913883,0.6929466704616131,0.15323334980536296,0.2621359223300971,0.9095787905176623,0.31322231705270887
146,jacobi10,0.18852993571632928,0.7205865300485964,0.16297728508297257,0.3106796116504854,0.8708845480647759,0.26554757903439674
146,jacobi20,0.2927972337457978,0.7973287793976577,0.18724441950265028,0.4077669902912621,0.811035675932011,0.23386800727585136
146,jacobi40,0.43342938630999206,0.8712564435027356,0.2168645947377194,0.5048543689320388,0.7259236414216304,0.2078494116111006
146,jacobi80,0.5810178322366069,0.933061362174926,0.24294258743631014,0.5631067961165048,0.6117499574441689,0.17708071758803196
146,cg5,0.2008028418031614,0.6842182937499341,0.16888429889363368,0.32038834951456313,0.9502638711281951,0.2727112593969929
146,pcg5,0.178619007492311,0.7028240726099744,0.1591086066505328,0.3106796116504854,0.8776813339342008,0.2338873884146756
146,poisson_pcg5,0.6868793474179242,0.9071713945373855,0.2311923524926163,0.4854368932038835,0.5409848637769021,0.12792708621154175
146,cg10,0.2372953249052285,0.7639859586983334,0.18578628563011976,0.4077669902912621,0.8964524202345245,0.21728140552030026
146,pcg10,0.40725055432372503,0.8533147802620621,0.2153580211200076,0.4854368932038835,0.7306632898417139,0.18629257981897868
146,poisson_pcg10,0.8621899698698231,0.9765240399312693,0.26273038188423203,0.6893203883495146,0.3442352918926027,0.046176466336802634
146,cg20,0.38558595146985186,0.8609046730548264,0.2337121607220542,0.6019417475728155,0.737104871212857,0.13648449642552318
146,pcg20,0.7839028748837708,0.9596049039140655,0.2556085868820698,0.5825242718446602,0.3874029125557645,0.0892992453706691
146,poisson_pcg20,0.9996483620627994,0.9999472924111613,0.2838198569784058,0.9902912621359223,0.013001692215724477,0.005031818506606275
146,cg40,0.6183038923360273,0.9223511801229141,0.2638589013207258,0.6893203883495146,0.532843765939649,0.06866548575190046
146,pcg40,0.9538027613368142,0.9986296026901953,0.28289721829010295,0.941747572815534,0.14264864840719435,0.027717136204419485
146,poisson_pcg40,1.0,1.0,0.28382468831745455,1.0,7.108539482315201e-07,4.807620109566652e-07
146,cg80,0.8360749856948715,0.9626408610311713,0.273719464192395,0.7669902912621359,0.34075722255771645,0.03192650590683571
146,pcg80,0.9995427835097631,0.9999683754466968,0.28378832035598556,0.9902912621359223,0.014984919628138903,0.002579338237136962
146,poisson_pcg80,1.0,1.0,0.28382468831745455,1.0,9.082470614848047e-14,3.0766811222092426e-14
146,poisson,0.5270694044596237,0.7605599654238218,0.17219346299903251,0.32038834951456313,31.83945772982035,86.92891016283065
146,amg,0.9835938617588155,0.997596533948958,0.2818760938795585,0.9029126213592233,0.15159947913771943,0.053572455079247766
146,oracle,1.0,1.0,0.28382468831745455,1.0,3.351426280015383e-14,4.432306426187184e-15
147,ensemble,0.30038319862670765,0.6634936698185805,0.14473743573242567,0.23300970873786409,,
147,raw,0.20262196239539373,0.5935401579119362,0.14347035278556175,0.1941747572815534,,
147,smoothed,0.41457860221014226,0.7406892044316541,0.14169338698780634,0.1941747572815534,,
147,prediction_magnitude,0.5657457442243043,0.6687222626313737,0.14360993218470441,0.04854368932038835,,
147,boundary_distance,0.6380806767905204,0.7761245164078724,0.19682159383735687,0.2687555163283319,,
147,jacobi1,0.21810730857950072,0.5841054995098194,0.1507574551090719,0.1941747572815534,0.9579800264886194,0.5107838972285667
147,jacobi5,0.2962680937522351,0.6402285401052044,0.17419210788876968,0.2524271844660194,0.8932600084208291,0.3259642311245099
147,jacobi10,0.3882748462198698,0.7258678304502282,0.19651462989389193,0.3106796116504854,0.8395816267588613,0.2679877605715562
147,jacobi20,0.4646347163114226,0.8259068340659688,0.2242476326594536,0.4077669902912621,0.7629919462594908,0.21437313815296294
147,jacobi40,0.5361974286531721,0.9127583989542815,0.24740869980442926,0.5242718446601942,0.6634816836468455,0.1629249132809888
147,jacobi80,0.6335153847185465,0.9606379726553029,0.2734132122534286,0.6601941747572816,0.5507973824954792,0.11067581918312167
147,cg5,0.20819719619483587,0.5930657896123884,0.14852292790344512,0.1941747572815534,0.9720495500863467,0.3236136677509097
147,pcg5,0.36930159680995633,0.7118897778902207,0.19573498800878514,0.30097087378640774,0.8258523973323734,0.24639051521586633
147,poisson_pcg5,0.630256877637508,0.8949643169623562,0.2421274146666441,0.5728155339805825,0.6859319816660538,0.16949647774046364
147,cg10,0.2197377914669909,0.6188608835900193,0.16788103307220012,0.2621359223300971,0.9400203159411096,0.24529846519935
147,pcg10,0.5037569290465631,0.9048733436640207,0.24520416356929514,0.5145631067961165,0.6506879350847431,0.15424297735224768
147,poisson_pcg10,0.9946355656784205,0.9999262093756259,0.32189952483331735,0.9805825242718447,0.04355151644309406,0.026427494089578694
147,cg20,0.2568706414061941,0.6918714356493048,0.1872714529968783,0.3592233009708738,0.8749220875300658,0.1449567954928232
147,pcg20,0.6933866162112867,0.9783266394695508,0.2905286428982309,0.7572815533980582,0.4583439425950289,0.0408456256324625
147,poisson_pcg20,0.9999997876582504,1.0,0.3220365684407172,1.0,8.345152757657119e-05,7.935814446933235e-05
147,cg40,0.3694127297761247,0.8018721735555485,0.22248199802818544,0.47572815533980584,0.7674104514347397,0.08614930606472451
147,pcg40,0.8749497644124167,0.9872131389477456,0.3049581959628005,0.8446601941747572,0.32855925156886673,0.03342633043824645
147,poisson_pcg40,1.0,1.0,0.3220365684407172,1.0,3.654625108477705e-10,3.615776886068385e-10
147,cg80,0.48346329393462556,0.9454265625164712,0.2656089423972661,0.6116504854368932,0.5858346023810101,0.04561086491572073
147,pcg80,0.9779824069272582,0.9998102526801809,0.3218555640519401,0.970873786407767,0.09910156619385745,0.009828120445989394
147,poisson_pcg80,1.0,1.0,0.3220365684407172,1.0,8.425732480860471e-13,7.650604073023009e-14
147,poisson,0.6222918939095915,0.8473377396877603,0.18010786508456839,0.27184466019417475,17.8982440275843,80.51653799832906
147,amg,0.991111497299907,0.9996310468781295,0.3217833117531693,0.9611650485436893,0.12664001162925592,0.08243262851682023
147,oracle,1.0,1.0,0.3220365684407172,1.0,8.206327298814541e-13,7.390540577466981e-14
148,ensemble,0.17815820354409553,0.6697974974436819,0.12020052807685946,0.13592233009708737,,
148,raw,0.0638842670409842,0.5829248495198339,0.11180556289465216,0.1553398058252427,,
148,smoothed,0.1062754698340605,0.5857183517282818,0.11239489905659754,0.1553398058252427,,
148,prediction_magnitude,0.27767995404477497,0.7806310152535763,0.1196143874444742,0.20388349514563106,,
148,boundary_distance,0.19421817840435418,0.7618723843859039,0.16926480745721437,0.32568402471315094,,
148,jacobi1,0.26832637820971317,0.6836806763437799,0.18292094979228252,0.3300970873786408,0.8535033548853364,0.46076569847241566
148,jacobi5,0.4511788208103856,0.801387263738233,0.2175232730068213,0.44660194174757284,0.7121463104819469,0.2450986896782003
148,jacobi10,0.5332198050032186,0.870265540832569,0.2396940673064816,0.5436893203883495,0.6284563059936192,0.18539681523717058
148,jacobi20,0.6267852241434804,0.9284968849814996,0.2526122954413011,0.5922330097087378,0.533656305549213,0.13906843806323704
148,jacobi40,0.7095129439060153,0.9619767454118044,0.2661571915873342,0.6796116504854369,0.448797207281724,0.1124292062957485
148,jacobi80,0.7685826411737356,0.975375014494587,0.2718901606329772,0.7184466019417476,0.3897514666196051,0.10267294890481796
148,cg5,0.08021249821185894,0.6068119287815059,0.11092413749083095,0.17475728155339806,0.9359462679279033,0.21891600827695004
148,pcg5,0.5158444272584222,0.8495303753834477,0.22980354467995903,0.5048543689320388,0.6447960371782535,0.10805041623931513
148,poisson_pcg5,0.5577574923109935,0.9075719722125591,0.2313904486109662,0.5339805825242718,0.572397712042106,0.15352721098002647
148,cg10,0.1795745453651384,0.6560935243456353,0.15377727331345648,0.2912621359223301,0.8665124972503971,0.15612964872976037
148,pcg10,0.6932591664580501,0.9514773937151471,0.2587045333888646,0.6213592233009708,0.45936118376226487,0.047340826116189755
148,poisson_pcg10,0.987396366050354,0.9974594942179775,0.29554246400332373,0.9320388349514563,0.0967765392637286,0.027546333374532446
148,cg20,0.31442025114441025,0.7132180091289544,0.19403279620226385,0.3883495145631068,0.7783895952727256,0.08645645424629397
148,pcg20,0.7856987943458978,0.9791910439265046,0.27288815758090107,0.7378640776699029,0.36584196819506437,0.026007470026896788
148,poisson_pcg20,0.9999938532651454,0.9999894584822323,0.29642868796887145,0.9902912621359223,0.0013206620226525626,0.0003650685953020273
148,cg40,0.5080215672162219,0.814226832379326,0.2222892411422747,0.46601941747572817,0.6602932132763089,0.053153865317052906
148,pcg40,0.8945079259351977,0.9875610090340807,0.2899155569668573,0.8446601941747572,0.2598540995817986,0.01388647041263125
148,poisson_pcg40,1.0,1.0,0.2964300299383128,1.0,1.4594604901672397e-07,6.446099189947984e-08
148,cg80,0.7339869175130533,0.9266626608899149,0.25912441268750785,0.6213592233009708,0.44844687563861757,0.026461360238878014
148,pcg80,0.9995766017273442,0.9999683754466968,0.2964205709038675,0.9902912621359223,0.012494447325133377,0.0009334352698709631
148,poisson_pcg80,1.0,1.0,0.2964300299383128,1.0,2.5269806456484644e-13,1.5302504151247095e-14
148,poisson,0.0038544274372362486,0.5173671505223322,0.09470057158762583,0.17475728155339806,28.10874788877316,88.97517658038939
148,amg,0.9439722212288105,0.9915773273035852,0.29029460352291897,0.8349514563106796,0.21566978034342135,0.0318914218139901
148,oracle,1.0,1.0,0.2964300299383128,1.0,2.724213798962538e-13,1.6284654545058743e-14
149,ensemble,0.4533041382054216,0.8332121058790044,0.2331012628689961,0.39805825242718446,,
149,raw,0.21595853300908374,0.5515849171963779,0.1316037966486043,0.1553398058252427,,
149,smoothed,0.3329636985015378,0.6349577812213403,0.1692927063615341,0.23300970873786409,,
149,prediction_magnitude,0.4756123041985552,0.8406544174230206,0.2228440131444613,0.3592233009708738,,
149,boundary_distance,0.6027859140105242,0.8500838050662535,0.19497363715094876,0.2914827890556046,,
149,jacobi1,0.30394581262069953,0.6496526569895533,0.2044940624227574,0.2912621359223301,0.9443687457114733,0.6100661511554117
149,jacobi5,0.4014930754237893,0.7423231396856519,0.21102731748618317,0.34951456310679613,0.8778088034923642,0.33789532742082634
149,jacobi10,0.4360298351333953,0.8152071935317247,0.22445351114616138,0.39805825242718446,0.8362880794932035,0.2446492690271673
149,jacobi20,0.4649178125670552,0.8873111750629855,0.23990967802072816,0.4854368932038835,0.7839483031541312,0.17536911728501764
149,jacobi40,0.51433564972105,0.9263042492858121,0.26279412692701143,0.5825242718446602,0.7204215346418951,0.13346893573237298
149,jacobi80,0.5760676543165724,0.9411045402317025,0.2863911514307437,0.6601941747572816,0.6509342805430764,0.11439417296306599
149,cg5,0.2526384468206852,0.5875209512665633,0.1494660098541386,0.18446601941747573,0.9634305976795335,0.2610779310358299
149,pcg5,0.42739179511479863,0.8018721735555485,0.22045356413172204,0.3786407766990291,0.8349924206511499,0.17986384892464913
149,poisson_pcg5,0.7406097337457977,0.9362132759874767,0.26197955262933875,0.47572815533980584,0.538026304129865,0.15484909504846525
149,cg10,0.2729677329947786,0.6178910639553883,0.16239778831083196,0.22330097087378642,0.9422615909993389,0.18753884874544807
149,pcg10,0.48451953767613193,0.9111982543246576,0.2505727764480362,0.5436893203883495,0.7485442445408983,0.1049249149015149
149,poisson_pcg10,0.9870433870073669,0.9984398553703763,0.3269825699077105,0.9223300970873787,0.08316605694727953,0.03459209100404868
149,cg20,0.32266700119805447,0.6667404572910408,0.1890938335905886,0.30097087378640774,0.8939493082515203,0.11801047711841746
149,pcg20,0.6120113457549531,0.9410307496073285,0.2919168332838132,0.6407766990291263,0.6004472079186541,0.07430006154331523
149,poisson_pcg20,0.9999961331449823,1.0,0.3285617053834119,1.0,0.0010598438746976264,0.0005356704739576816
149,cg40,0.4916639434768614,0.7852271170003057,0.22327306713060116,0.36893203883495146,0.8033171916142384,0.08324479219485402
149,pcg40,0.8778191049459979,0.9626619440667067,0.3084957533158928,0.6699029126213593,0.3736920496451022,0.04567368323657176
149,poisson_pcg40,1.0,1.0,0.3285617053834119,1.0,1.0971282825805908e-07,5.1054356892562354e-08
149,cg80,0.6931755820399113,0.9373939259774622,0.2800329454294373,0.5728155339805825,0.5648206055011241,0.052992923083866876
149,pcg80,0.9993978993813031,0.9997997111624132,0.32850381515274973,0.970873786407767,0.017190329202348958,0.002248544092823816
149,poisson_pcg80,1.0,1.0,0.3285617053834119,1.0,3.557354948108027e-14,6.481634671702985e-15
149,poisson,0.3713670673592733,0.6387000200288837,0.1464093630169744,0.13592233009708737,22.540018396157038,82.67499191519035
149,amg,0.8385359930441313,0.9595838208785301,0.3044301577310535,0.6504854368932039,0.4813111502732737,0.08193151743924869
149,oracle,1.0,1.0,0.3285617053834119,1.0,3.883937136325878e-14,6.08836494382551e-15
150,ensemble,0.2465743799620914,0.6696288331593983,0.14076860712326028,0.21359223300970873,,
150,raw,0.3345864253272298,0.7356398174209122,0.18872127604796518,0.33980582524271846,,
150,smoothed,0.48594851941921174,0.8794577443260281,0.18603993769829372,0.33980582524271846,,
150,prediction_magnitude,0.21645634030112293,0.6288437009160579,0.06564539881097947,0.0,,
150,boundary_distance,0.13313003605144588,0.5571139432655514,0.06517407001774797,0.0006619593998234774,,
150,jacobi1,0.27489318092411125,0.6729494112562326,0.16707087002971785,0.27184466019417475,0.9156568548055712,0.5062381731400909
150,jacobi5,0.3825094883234389,0.7555632860019186,0.19348931419706844,0.3786407766990291,0.805633506802491,0.2736914587913036
150,jacobi10,0.497962916189829,0.8473377396877603,0.2182429070898721,0.47572815533980584,0.7319630584659282,0.2019071630164802
150,jacobi20,0.6037007702417566,0.9045254735776858,0.2330128412814738,0.5242718446601942,0.6520886865358305,0.14248158820611267
150,jacobi40,0.6386034730169515,0.9106500954007358,0.23455064158724334,0.5048543689320388,0.5985227698876129,0.10374125339423287
150,jacobi80,0.5865590019490737,0.8918440277031087,0.23119258020909905,0.47572815533980584,0.6027676006624632,0.09272390885660883
150,cg5,0.34097788963593445,0.7529595311132897,0.1916827190505003,0.36893203883495146,0.961555446601767,0.28703226563006007
150,pcg5,0.466512309115943,0.8262547041523038,0.2128468228212636,0.4563106796116505,0.7377863409715166,0.17442645956427383
150,poisson_pcg5,0.8732257840998499,0.9939280857657885,0.3036080967766066,0.8640776699029126,0.2989973241792312,0.11464623454699659
150,cg10,0.32294362661826764,0.7472565700009487,0.19749537231001618,0.3883495145631068,0.9203539029455836,0.20586115298042199
150,pcg10,0.6540459149917744,0.9110822976292127,0.23859845364218554,0.5533980582524272,0.5877718450646472,0.06634848291430688
150,poisson_pcg10,0.999698787640369,0.9999683754466968,0.30946594742942135,0.9902912621359223,0.014932227055714118,0.007884844654664384
150,cg20,0.3191784832987626,0.7787440835731528,0.19704166169454654,0.4174757281553398,0.8478131098020516,0.12842531623181222
150,pcg20,0.5486197227487304,0.8747983934726922,0.21846834870480086,0.42718446601941745,0.6263888112054204,0.04879811245213474
150,poisson_pcg20,0.9999985583112795,1.0,0.30949122122586925,1.0,0.00031869120151084915,9.479361463590482e-05
150,cg40,0.4814792843859523,0.9038824409938543,0.23547406185073458,0.5533980582524272,0.7043141890944118,0.08309404481236614
150,pcg40,0.5700843443780844,0.9376047563328168,0.258302506058033,0.5631067961165048,0.5491175024663062,0.03794079189623543
150,poisson_pcg40,1.0,1.0,0.30949122122586925,1.0,4.076534385589763e-11,3.5023586817006796e-11
150,cg80,0.823738332379658,0.9941705406744463,0.3031149503434583,0.8737864077669902,0.28470997932957975,0.02311348735654318
150,pcg80,0.9997726378656747,0.9999789169644645,0.30946752111437187,0.9902912621359223,0.010911984318165984,0.000903100623923852
150,poisson_pcg80,1.0,1.0,0.30949122122586925,1.0,2.3120340981826224e-13,2.702903487453977e-14
150,poisson,0.3283207679171733,0.716338298388202,0.158705254766693,0.2621359223300971,23.910924487540175,81.39389282194927
150,amg,0.9400834167799156,0.9995256317004523,0.30921531287984555,0.970873786407767,0.17885463717434655,0.050059101389207425
150,oracle,1.0,1.0,0.30949122122586925,1.0,2.091500502355919e-13,2.5310393798388092e-14
151,ensemble,0.3599491497389314,0.6849772830292106,0.1442723279610915,0.20388349514563106,,
151,raw,0.1657391057506616,0.5587320662428976,0.11429057802673677,0.1262135922330097,,
151,smoothed,0.2900362098562334,0.5730369058537048,0.12519518174291594,0.13592233009708737,,
151,prediction_magnitude,0.5248758136041771,0.7926272624732509,0.18366099847577197,0.4368932038834951,,
151,boundary_distance,0.5079346329994991,0.7408736809925893,0.13680888372447433,0.2610326566637246,,
151,jacobi1,0.19654032705099775,0.6479660141467168,0.13856507634132642,0.21359223300970873,0.9573225734236749,0.5933432173143943
151,jacobi5,0.26265190258207566,0.7380327419541866,0.15823289322964953,0.32038834951456313,0.8959894915774888,0.37988857924240477
151,jacobi10,0.3379544783992561,0.7983196820678241,0.17435830217316822,0.4174757281553398,0.8491142367200235,0.30824916940143365
151,jacobi20,0.4033508980938416,0.8625280667910565,0.19441920604734939,0.49514563106796117,0.7847564231839028,0.2456785805167948
151,jacobi40,0.50770876546742,0.9199687971074075,0.21251988404513505,0.5631067961165048,0.6983264167818153,0.1933569215290982
151,jacobi80,0.6575732020241757,0.9631890199550931,0.22581284523575845,0.6601941747572816,0.5851481944211494,0.15149069314590716
151,cg5,0.1887370136256348,0.5996858627705217,0.12157570461962794,0.1553398058252427,0.9623793163829963,0.3727462012166043
151,pcg5,0.3249257362670767,0.7899391754424802,0.17609139604804386,0.4368932038834951,0.8399352588671231,0.2946441476067126
151,poisson_pcg5,0.7636582907159716,0.8644360815070153,0.20309657043884558,0.4368932038834951,0.40569806797619695,0.17875111891485407
151,cg10,0.20583544184965305,0.6404604534960944,0.1307498521032682,0.18446601941747573,0.9232081981582028,0.26815803850558784
151,pcg10,0.4939907061369,0.9009729820899613,0.21064949406267933,0.5436893203883495,0.698222861714129,0.18593072384574033
151,poisson_pcg10,0.9959651156033188,0.9979233209997576,0.2446436295257486,0.9223300970873787,0.05818166818447558,0.029285370425450805
151,cg20,0.2662749445676275,0.6925460927864394,0.16492244371414083,0.3106796116504854,0.8535502449097861,0.17018781824203855
151,pcg20,0.7720563622058508,0.9838187702265372,0.2384071628315796,0.7669902912621359,0.4726206417979634,0.11489379559247974
151,poisson_pcg20,0.9999982565624775,1.0,0.24531725176860678,1.0,0.0005344440600229371,0.0003372078174441823
151,cg40,0.4163375406802088,0.7617827814848782,0.18218828071318055,0.3786407766990291,0.736808922039739,0.10405420695280246
151,pcg40,0.9737106832486947,0.994687075045065,0.2437917343440122,0.8737864077669902,0.1284193157174447,0.025651318680639176
151,poisson_pcg40,1.0,1.0,0.24531725176860678,1.0,1.4697653089895331e-08,1.620836607815304e-08
151,cg80,0.6394979235212073,0.8232082055174303,0.20945258776760756,0.47572815533980584,0.5389962467430773,0.05786769734129138
151,pcg80,0.9996457245547528,0.9998524187512519,0.24527372247968754,0.970873786407767,0.014456728584231882,0.00281357713878274
151,poisson_pcg80,1.0,1.0,0.24531725176860678,1.0,1.492723335858495e-14,4.26076166167215e-15
151,poisson,0.42183958363135676,0.7276388054352065,0.16375835209709422,0.2912621359223301,20.34651805251574,78.83624885716007
151,amg,0.9932180280380515,0.9971116241316424,0.24403818504276797,0.9029126213592233,0.07528470680256362,0.06504438347038222
151,oracle,1.0,1.0,0.24531725176860678,1.0,1.8921508041971918e-14,4.330775481600532e-15
152,ensemble,0.2593475185072598,0.685346236151081,0.1668408359817307,0.30097087378640774,,
152,raw,0.4299662264859451,0.8154496484403825,0.220913501822222,0.42718446601941745,,
152,smoothed,0.5666715542521994,0.903703235191803,0.20570440088161443,0.4077669902912621,,
152,prediction_magnitude,0.4008067868893498,0.7604123841750735,0.11897792795671755,0.0970873786407767,,
152,boundary_distance,0.36085177406091185,0.7129597419436451,0.15815743099706592,0.1974845542806708,,
152,jacobi1,0.3834840140190258,0.754614549402823,0.19563118691725057,0.36893203883495146,0.8699611047524287,0.4601986840337864
152,jacobi5,0.4447852330841857,0.8165670493237617,0.22375014018940054,0.4563106796116505,0.7758867371509248,0.2052653518353521
152,jacobi10,0.469333045740648,0.8525663325005535,0.2328532411801545,0.49514563106796117,0.7324088376916248,0.1373064044828306
152,jacobi20,0.5040525311136542,0.8581638784352171,0.24161577408643775,0.5339805825242718,0.6938488520213583,0.1093905652322231
152,jacobi40,0.5395869841213075,0.8589755753033321,0.25212537641385263,0.5436893203883495,0.6647995014886868,0.10290605222415351
152,jacobi80,0.5794676704098419,0.8678515332637593,0.25939302975036926,0.5436893203883495,0.63470477046972,0.09567340966265182
152,cg5,0.41667252655389453,0.811085460084543,0.2206659056134026,0.44660194174757284,0.9399345354762969,0.2218519658138948
152,pcg5,0.45777266915814313,0.8391048143111646,0.2277031743730569,0.4854368932038835,0.741597388103594,0.08924824344611243
152,poisson_pcg5,0.9422521748265502,0.9944446201364072,0.3180422883725239,0.8932038834951457,0.27574402907239304,0.10848442001901465
152,cg10,0.4089314963164294,0.8081654596628822,0.219369603249595,0.47572815533980584,0.8800694032524462,0.1619329317228153
152,pcg10,0.5028746602532007,0.8482232271802495,0.24202260981106455,0.5242718446601942,0.6867976263613403,0.050983016480917284
152,poisson_pcg10,0.9990295199735355,0.9999578339289291,0.3237015716412328,0.9902912621359223,0.029861082113113446,0.01330223736181562
152,cg20,0.4046320005722051,0.8212264001770975,0.2160683394505169,0.46601941747572817,0.7949782563294978,0.08455423554209573
152,pcg20,0.6193279718904227,0.8836743514331193,0.2585338651171731,0.5339805825242718,0.601230586453621,0.044823118978321586
152,poisson_pcg20,0.9999989047636078,1.0,0.32375809090388535,1.0,0.0003472411190684879,8.92517591229365e-05
152,cg40,0.4828107006830698,0.9058115387453486,0.2586968842968648,0.5922330097087378,0.6660585595224201,0.05175218334114172
152,pcg40,0.9083031882554896,0.9909448362375215,0.3164819051673497,0.8252427184466019,0.22076697601365017,0.01981648803689411
152,poisson_pcg40,1.0,1.0,0.32375809090388535,1.0,4.067499047968197e-09,1.1511177619883079e-09
152,cg80,0.7888898102782347,0.9896903956231619,0.3143496028575276,0.8155339805825242,0.3397613341345604,0.01994466223018908
152,pcg80,0.9993711778485086,0.9999472924111613,0.3237088620772782,0.9902912621359223,0.018883175147408775,0.0007977271308681517
152,poisson_pcg80,1.0,1.0,0.32375809090388535,1.0,9.195046442968065e-13,6.936142398340015e-14
152,poisson,0.4231799294578356,0.8033374445252628,0.19212485294465395,0.3300970873786408,31.044225552359205,85.2308641072494
152,amg,0.8613141719118803,0.9839452684397499,0.3098121842947211,0.7961165048543689,0.35274247418673643,0.04044608635314049
152,oracle,1.0,1.0,0.32375809090388535,1.0,9.477799478137879e-13,7.06615008173657e-14
153,ensemble,0.29466509235748517,0.7116367814637952,0.1537594183047243,0.2621359223300971,,
153,raw,0.3284927759101638,0.8191286381413196,0.22006815023419574,0.46601941747572817,,
153,smoothed,0.47690221327158283,0.8718994760865669,0.2175785159114238,0.44660194174757284,,
153,prediction_magnitude,0.4645074900758171,0.7267954840137884,0.10683360905282738,0.07766990291262135,,
153,boundary_distance,0.4395778283743259,0.6949126635252943,0.13134260724488045,0.1385701676963813,,
153,jacobi1,0.2979234541520635,0.7646289912821648,0.19688015629494865,0.39805825242718446,0.9142627553317272,0.5307720312224612
153,jacobi5,0.3768545928402832,0.7879679116199151,0.2079808413757831,0.4174757281553398,0.8409141718463752,0.31682810513201515
153,jacobi10,0.43533915447750515,0.8037274806826686,0.2172853612997343,0.4368932038834951,0.7941011176720927,0.23085964870154885
153,jacobi20,0.48702020822902503,0.7995952057177192,0.23052064905856118,0.46601941747572817,0.7368829469279254,0.14279753907917106
153,jacobi40,0.5615582531650096,0.8344981710466673,0.2356937951582084,0.49514563106796117,0.6822642025480636,0.07967034670474282
153,jacobi80,0.5904451241863957,0.8454929740784078,0.23155815955449155,0.44660194174757284,0.6550131966903462,0.06293309121450961
153,cg5,0.3284419144732136,0.831135426878762,0.2234274224015977,0.46601941747572817,0.9181324220488296,0.25152655288628023
153,pcg5,0.43442862187969383,0.8075856761856572,0.21039774318591054,0.4368932038834951,0.7912585981027062,0.17947309646007198
153,poisson_pcg5,0.49025049620914096,0.841993190179522,0.24614052345359344,0.5631067961165048,0.8000349719098381,0.1352827108348862
153,cg10,0.3296468197911451,0.8195502988520287,0.23018141559440702,0.4854368932038835,0.8702192780950709,0.1452581268896038
153,pcg10,0.5509578401044274,0.8207836564308529,0.2379391731026717,0.49514563106796117,0.6956438706993026,0.05354886944952821
153,poisson_pcg10,0.9991097180995635,0.9998207941979487,0.317054398906779,0.970873786407767,0.024819520645569516,0.011046558252747389
153,cg20,0.3363733258529432,0.8313462572341166,0.23454047540286763,0.5242718446601942,0.8013539988171557,0.07842763053284157
153,pcg20,0.5887428586116872,0.8439539124843195,0.2296602390983679,0.4368932038834951,0.6533713692726164,0.03302301537532443
153,poisson_pcg20,0.9999988824118445,1.0,0.31712425726073146,1.0,0.000316332420042632,8.252053177717575e-05
153,cg40,0.3907250353157857,0.8802061920875368,0.2557697199550046,0.5728155339805825,0.7182906288294333,0.04621803732511619
153,pcg40,0.5753837127172591,0.936392481789528,0.27015281731539514,0.5631067961165048,0.5306980742591442,0.02139569456232606
153,poisson_pcg40,1.0,1.0,0.31712425726073146,1.0,7.316342495833108e-09,2.1011344757980915e-09
153,cg80,0.6475178925863672,0.9641166735186533,0.2842929786111637,0.6893203883495146,0.4822454828839464,0.022178172957900658
153,pcg80,0.9948262150418425,0.9997891696446455,0.3170232779577365,0.9805825242718447,0.0414540126670258,0.0037713867242576194
153,poisson_pcg80,1.0,1.0,0.31712425726073146,1.0,2.2822469503868857e-13,1.682989895944942e-14
153,poisson,0.45316310975609747,0.800691523565563,0.2169605006599949,0.4174757281553398,30.257984467735714,84.70027970387181
153,amg,0.9793406788677491,0.9978811549286867,0.3160166205651129,0.941747572815534,0.1105053222772651,0.04825660438217356
153,oracle,1.0,1.0,0.31712425726073146,1.0,2.4948616340070506e-13,1.6370243148268292e-14
154,ensemble,0.20659454125241397,0.6283904156520456,0.1408751252965543,0.1650485436893204,,
154,raw,0.23198464657392173,0.7189104287235276,0.17059976635447327,0.24271844660194175,,
154,smoothed,0.22228290850082252,0.784984662091648,0.19262631501800737,0.30097087378640774,,
154,prediction_magnitude,0.3236119778628138,0.7026237837723875,0.1709198067866095,0.23300970873786409,,
154,boundary_distance,0.0819158608091569,0.5716190717139453,0.08542788141822205,0.05825242718446602,,
154,jacobi1,0.3257676601280309,0.6404604534960944,0.1985942737943393,0.27184466019417475,0.9048082079496503,0.5849961224016185
154,jacobi5,0.46979410673413924,0.675690205875842,0.22504451749266113,0.32038834951456313,0.8123404334125137,0.349276515198788
154,jacobi10,0.5063207768578785,0.6837228424148509,0.241282272780457,0.3883495145631068,0.7644996181250164,0.2667992651455201
154,jacobi20,0.5357848151062156,0.7467400356303301,0.25470319037837125,0.42718446601941745,0.7186675512462098,0.2025915478880613
154,jacobi40,0.5616380601351834,0.827140191644793,0.2633583966623698,0.44660194174757284,0.6777065482038874,0.16668264507409208
154,jacobi80,0.5886900190437021,0.8932460495662166,0.2828785308863962,0.5048543689320388,0.6265841667100065,0.1400930280040153
154,cg5,0.2722989347149703,0.7178246523934516,0.18863756485036498,0.27184466019417475,0.89825480559182,0.3179696510499029
154,pcg5,0.49264604642014165,0.6796011089676691,0.24093221678444232,0.3883495145631068,0.7608560588141646,0.2402020195382398
154,poisson_pcg5,0.6201947620878334,0.9667731359961207,0.3622294092098019,0.8640776699029126,0.5590391636370098,0.14100946951516402
154,cg10,0.3757918894392389,0.8057619936118402,0.23469952108438233,0.4174757281553398,0.8250834053708532,0.22044517720076323
154,pcg10,0.5377984630927687,0.8007020650833307,0.25707935208088184,0.42718446601941745,0.70039795379467,0.14793864525485204
154,poisson_pcg10,0.9438300193119233,0.9990407218831368,0.37676844998390785,0.9611650485436893,0.13577446996925008,0.03759227444012174
154,cg20,0.4993884110578642,0.9122840306547336,0.31131396399197914,0.6601941747572816,0.6507770529016993,0.1242558422490582
154,pcg20,0.6118918532293828,0.9230363787778164,0.2995982337103052,0.5825242718446602,0.6028397973550562,0.07849726541209454
154,poisson_pcg20,0.9999893829125239,1.0,0.37755527705467484,1.0,0.0013073457326008267,0.0009017755651205046
154,cg40,0.6873639671697304,0.9764713323424307,0.3546744454964835,0.8155339805825242,0.44009481717702387,0.06211764926140649
154,pcg40,0.8086808771725914,0.9802557372210451,0.35794816465630624,0.8058252427184466,0.33800254789016726,0.033498913214868066
154,poisson_pcg40,1.0,1.0,0.37755527705467484,1.0,3.625934207822831e-07,9.91468787728287e-08
154,cg80,0.8950393838065945,0.9964053424412047,0.3712865009414207,0.8932038834951457,0.21674250830639594,0.022928269952255435
154,pcg80,0.9977054238788355,1.0,0.37755527705467484,1.0,0.024135230924816304,0.003616218579731422
154,poisson_pcg80,1.0,1.0,0.37755527705467484,1.0,1.0535032806674353e-13,1.0982014702148598e-14
154,poisson,0.3592150172555611,0.7581986654438506,0.24108367950853546,0.4077669902912621,37.2481036780081,78.64741510332418
154,amg,0.879447117963665,0.9967742955630752,0.3735305353542285,0.912621359223301,0.24788537681940429,0.06789270814609508
154,oracle,1.0,1.0,0.37755527705467484,1.0,1.2000841019560573e-13,1.1005665987133886e-14
155,ensemble,0.3182169886810671,0.5845587847738317,0.13615049318178105,0.13592233009708737,,
155,raw,0.43661399846219867,0.7694042988309456,0.18633791804816346,0.27184466019417475,,
155,smoothed,0.6888316845182747,0.8694854685177572,0.17152331216607047,0.17475728155339806,,
155,prediction_magnitude,0.6436047805950932,0.7588733225809852,0.19264199638797913,0.32038834951456313,,
155,boundary_distance,0.6053109755316631,0.7248505739856425,0.17383668650480458,0.220873786407767,,
155,jacobi1,0.3833973562334597,0.7350916584969904,0.19127445341938182,0.3300970873786408,0.9448632527405985,0.5678679675922695
155,jacobi5,0.4125187754810099,0.8466841655861611,0.23185846924735595,0.5048543689320388,0.8486255590111021,0.3361473280424391
155,jacobi10,0.4573556299620914,0.9020165923489664,0.23927998706921597,0.5145631067961165,0.778579483672956,0.27128276584666655
155,jacobi20,0.5824128169480008,0.9435185478005124,0.2585301634014796,0.6019417475728155,0.6845027967521293,0.22389629489195131
155,jacobi40,0.7104919064265789,0.9695244721334978,0.27982100740253746,0.7087378640776699,0.5600151651046935,0.18110394043068812
155,jacobi80,0.8364500371039267,0.9851891675363419,0.29421104795837744,0.7766990291262136,0.4010603411603905,0.12879005530200713
155,cg5,0.42875916422287386,0.7952837249507184,0.20434153191179008,0.33980582524271846,0.9553965409544791,0.3117141038130141
155,pcg5,0.44837940776768465,0.8854874924891686,0.2367349519348703,0.5048543689320388,0.7826512430933171,0.24994688543635726
155,poisson_pcg5,0.7258261099885558,0.9156573163404067,0.23997737946527734,0.4368932038834951,0.5940608589851878,0.14277718939282094
155,cg10,0.4253678541413346,0.8158396845977884,0.21696934121118303,0.39805825242718446,0.886998420071896,0.24933226925447893
155,pcg10,0.7050976213253701,0.9562948673349989,0.2717167562136778,0.6699029126213593,0.5209180257450579,0.18417117459227145
155,poisson_pcg10,0.9807990755310778,0.9968480861874492,0.30689806385216767,0.912621359223301,0.1067272794889683,0.025649271766493103
155,cg20,0.4645840225126958,0.8515438052770838,0.25022939674238837,0.49514563106796117,0.7499561650682899,0.14546142190593137
155,pcg20,0.8822792204599098,0.9831230300538671,0.29867444767870843,0.7864077669902912,0.2956122533737881,0.03358738689394523
155,poisson_pcg20,0.9999974630748872,0.9999894584822323,0.3082637848960125,0.9902912621359223,0.0007667933436967408,0.0003903436177020195
155,cg40,0.6014519481796724,0.9277906032910619,0.27987099292481427,0.6601941747572816,0.5749382398677743,0.07835138581924173
155,pcg40,0.9731974755918746,0.9914508290903724,0.3025002392892178,0.8446601941747572,0.1549952758522382,0.008963387885639811
155,poisson_pcg40,1.0,1.0,0.3082650657266227,1.0,1.1210973160858586e-08,7.905514287027463e-09
155,cg80,0.845869785333667,0.9826486617543194,0.29974153743527365,0.8446601941747572,0.3195872144018887,0.03415415787460611
155,pcg80,0.999957241077176,0.9999789169644645,0.3082594919378191,0.9902912621359223,0.0035892769933277245,0.00041484680883431606
155,poisson_pcg80,1.0,1.0,0.3082650657266227,1.0,5.808363534190714e-13,3.561875171524594e-14
155,poisson,0.6428129023317359,0.868294277010004,0.21743606009999097,0.4368932038834951,20.902148703060835,81.87794263605886
155,amg,0.981247496602532,0.9980076531418993,0.30722939779040087,0.9223300970873787,0.13886427794723707,0.05550244063052653
155,oracle,1.0,1.0,0.3082650657266227,1.0,5.757132002853375e-13,3.542199419859337e-14
156,ensemble,0.3157553107789142,0.6719163425149953,0.1433920434303551,0.20388349514563106,,
156,raw,0.32702844485373006,0.7592211926673202,0.15994821143136417,0.27184466019417475,,
156,smoothed,0.5215165112474072,0.8130040163182695,0.16493156498102002,0.30097087378640774,,
156,prediction_magnitude,0.5027361910807524,0.7411214066601309,0.153491318254254,0.20388349514563106,,
156,boundary_distance,0.5094593457842137,0.752595848750303,0.17347629509773313,0.30759046778464255,,
156,jacobi1,0.3141133726128317,0.7584516618702761,0.17673922111613258,0.3300970873786408,0.9005971771862027,0.48016831279211847
156,jacobi5,0.34162839299763964,0.8067528962820066,0.18835896238089048,0.42718446601941745,0.8183192911615601,0.25901360499916487
156,jacobi10,0.3826929627709033,0.8206360751821047,0.20091467951768133,0.44660194174757284,0.7841124626148985,0.20559485350590828
156,jacobi20,0.4026771824261497,0.8463573785353615,0.20057632052915764,0.4563106796116505,0.7577441609198071,0.1811406792135773
156,jacobi40,0.41011686619340526,0.8645309551669249,0.207052686373089,0.44660194174757284,0.7354130520098413,0.17271232330710817
156,jacobi80,0.4234229490022172,0.881671463057251,0.21276027076113652,0.47572815533980584,0.7097051888799426,0.16395656112854531
156,cg5,0.3231302973678563,0.7838461781727333,0.16403136668955026,0.3106796116504854,0.950332092487397,0.21495934805991843
156,pcg5,0.36828553036263495,0.8184012734153463,0.18604876956538638,0.4077669902912621,0.7869837100103537,0.09621563362155855
156,poisson_pcg5,0.9402675394285099,0.9961628875325469,0.28393938863284496,0.8932038834951457,0.3551822136928035,0.10311811924434873
156,cg10,0.31239905943780844,0.7912041575746076,0.1706854973057419,0.3883495145631068,0.9153760686226281,0.15430009498708536
156,pcg10,0.3998323953043416,0.8582903766484299,0.19945914846172053,0.4368932038834951,0.7508055526844908,0.04233473360291501
156,poisson_pcg10,0.9990353426078249,0.9997575450913423,0.28671156357765093,0.970873786407767,0.030862688369184533,0.016161659238159244
156,cg20,0.2902131687647521,0.8035271918450818,0.18590362623340836,0.46601941747572817,0.8609984673590385,0.0805318368954303
156,pcg20,0.42291151831056434,0.8956389740994909,0.22042038868615635,0.5145631067961165,0.6814498091465518,0.03726551096307772
156,poisson_pcg20,0.9999990500500677,1.0,0.2868250054486706,1.0,0.0004205931707140986,0.00014387881875868854
156,cg40,0.3482415756204849,0.844206908910745,0.1902913570553763,0.47572815533980584,0.7849604372215864,0.04832109263790102
156,pcg40,0.7199964013661396,0.9757755921697606,0.2649279737749161,0.7087378640776699,0.4672722216738598,0.024905700190633123
156,poisson_pcg40,1.0,1.0,0.2868250054486706,1.0,3.761196964317483e-08,1.5537993177123666e-08
156,cg80,0.499876316518847,0.9367930594647017,0.23833218797055436,0.5728155339805825,0.6272024044233758,0.029302328713119503
156,pcg80,0.9763850828803375,0.9941916237099817,0.28423191808658504,0.8640776699029126,0.11518764719956534,0.008896313463690955
156,poisson_pcg80,1.0,1.0,0.2868250054486706,1.0,3.176553548219752e-13,2.6711754764737583e-14
156,poisson,0.5165724688863458,0.8029579498856245,0.1527614529945668,0.21359223300970873,25.762217096707,84.25764053717488
156,amg,0.9826161844646304,0.9928528509534803,0.2848516280402144,0.8737864077669902,0.15582910326933608,0.037410359539047144
156,oracle,1.0,1.0,0.2868250054486706,1.0,3.128206143884254e-13,2.5436018501631794e-14
157,ensemble,0.17038106403333092,0.6523618270558595,0.1432924628214573,0.21359223300970873,,
157,raw,-0.0022953919605178453,0.5357304744737147,0.10115978925800287,0.07766990291262135,,
157,smoothed,-0.03987557891066447,0.5353404383163087,0.10112788524470177,0.10679611650485436,,
157,prediction_magnitude,0.3107904812781632,0.697331941852988,0.09309247767918444,0.06796116504854369,,
157,boundary_distance,0.17419989421504828,0.6863107850268282,0.104162713511176,0.13415710503089143,,
157,jacobi1,0.22420527188684644,0.638225651729336,0.16180698679229047,0.2621359223300971,0.8786177691362015,0.525159082152208
157,jacobi5,0.37576196042843857,0.7650611935106416,0.20914036624852972,0.36893203883495146,0.7401331942127592,0.30297293021087796
157,jacobi10,0.47549742731206635,0.8458408441647428,0.23206813901848689,0.47572815533980584,0.6484299516572474,0.2298748378915805
157,jacobi20,0.6278237764644875,0.9296775349714852,0.25994945398354463,0.5728155339805825,0.5246099638378809,0.170068189849887
157,jacobi40,0.7959149023674986,0.9786112604492795,0.28856017824853863,0.7669902912621359,0.36520964585849436,0.11921524274853762
157,jacobi80,0.925095397324941,0.9957201437863024,0.29591991680438146,0.8737864077669902,0.1975305836643962,0.08196782420004575
157,cg5,0.033362867462985474,0.553250477003679,0.11410171394532616,0.08737864077669903,0.92629683270933,0.2995253997808475
157,pcg5,0.4522526553894571,0.8297123219801187,0.22995648120324358,0.47572815533980584,0.6528499135008881,0.19997839701989145
157,poisson_pcg5,0.3221540617623918,0.6744252237437146,0.17887385999481645,0.24271844660194175,0.8143428464699287,0.16698182707014791
157,cg10,0.13425324994635573,0.6069911345835574,0.1574731476864694,0.20388349514563106,0.842127715411419,0.20884127321032767
157,pcg10,0.7641332433302338,0.9733615846009508,0.285695170837228,0.7281553398058253,0.3659800264328339,0.10141782165447168
157,poisson_pcg10,0.9815259213396752,0.9953828152177351,0.29550904549689894,0.8737864077669902,0.11251982511362639,0.030518253246463775
157,cg20,0.31676885147700445,0.6819834919831758,0.20714961985231556,0.3106796116504854,0.7196565038150138,0.1101597363171666
157,pcg20,0.9731777948644589,0.9982290250150216,0.2977738649200127,0.9320388349514563,0.10501249599410865,0.030975960125916194
157,poisson_pcg20,0.9999958425720619,1.0,0.2986257724893141,1.0,0.000971019881050366,0.00035708214052601085
157,cg40,0.5201816751305343,0.8058357842362144,0.23544740906518283,0.42718446601941745,0.6044887035472151,0.06170368506404518
157,pcg40,0.9982773272655746,0.9999262093756259,0.2986194026752435,0.9902912621359223,0.02525176721260303,0.0040751074062002285
157,poisson_pcg40,1.0,1.0,0.2986257724893141,1.0,1.3502596580778524e-08,5.444637254848847e-09
157,cg80,0.8085474818503683,0.951055733004438,0.2776130643665963,0.6407766990291263,0.367654115029911,0.03260770788917524
157,pcg80,0.9999995976682639,1.0,0.2986257724893141,1.0,0.0001040459777726278,1.016694791831746e-05
157,poisson_pcg80,1.0,1.0,0.2986257724893141,1.0,3.249898734914746e-14,1.0373207310040944e-14
157,poisson,0.10792133073456833,0.5728260754983503,0.1625838573918085,0.1941747572815534,33.0691651115276,84.73892768594988
157,amg,0.9744172448322722,0.9893003594657559,0.29465430905178286,0.8349514563106796,0.14776612765775538,0.05351369894223442
157,oracle,1.0,1.0,0.2986257724893141,1.0,2.0249511193176386e-14,4.4809604194908156e-15
158,ensemble,0.37943247755882986,0.7210292737948409,0.21525305229150143,0.3592233009708738,,
158,raw,0.22266852111794577,0.6444240641767601,0.15277689831392377,0.23300970873786409,,
158,smoothed,0.37160205144481795,0.7768255273394263,0.20751612211465328,0.3592233009708738,,
158,prediction_magnitude,0.5275412837064588,0.9812993474800502,0.36530523997133124,0.7572815533980582,,
158,boundary_distance,0.4887486712716437,0.6266036283904156,0.08239181608367077,0.022727272727272728,,
158,jacobi1,0.18217845871182317,0.641324857953048,0.21276715368852764,0.34951456310679613,0.9771048228522647,0.61291717816177
158,jacobi5,0.27367533393534077,0.7152419805403581,0.21059485787072885,0.32038834951456313,0.9348886843753946,0.45060594983466673
158,jacobi10,0.33712472507331376,0.7624468971042451,0.23096374858447782,0.3592233009708738,0.903720839514195,0.4099110497140821
158,jacobi20,0.4423959748944996,0.8067950623530776,0.2679699622060311,0.44660194174757284,0.8604295835632315,0.3792394398094964
158,jacobi40,0.5619505042557756,0.8388623594025068,0.3017112673642868,0.5242718446601942,0.8009333098034046,0.3502252783375995
158,jacobi80,0.6720854977290608,0.8838957233062417,0.3214958590208635,0.5922330097087378,0.7155952917485527,0.3094625982338097
158,cg5,0.22498316912238034,0.6456679632733521,0.1641738800075887,0.23300970873786409,0.9808600426876354,0.4485339582697189
158,pcg5,0.34463911960875465,0.7616984493427363,0.220060040392976,0.33980582524271846,0.8973527322697664,0.4081588860296634
158,poisson_pcg5,0.8264007626421571,0.9938648366591822,0.39800103870670644,0.8640776699029126,0.3768200988990533,0.17600376461671166
158,cg10,0.29429444424576207,0.7010636391427638,0.20268802139935588,0.27184466019417475,0.9419457257042897,0.39492049598299483
158,pcg10,0.5919253808740433,0.8351939112193374,0.30477199535744737,0.5339805825242718,0.782417577967536,0.3543848218014945
158,poisson_pcg10,0.9549497644124167,0.9997891696446455,0.4189390057540213,0.970873786407767,0.1240148833400418,0.08166551238361752
158,cg20,0.4457584735533939,0.7950201870065252,0.2858127417141706,0.47572815533980584,0.7932957299645639,0.2908966505887256
158,pcg20,0.786015921160861,0.977314653763849,0.3817637826429423,0.7864077669902912,0.42125973917546017,0.18404786092147715
158,poisson_pcg20,0.9999481774372362,1.0,0.419238326406641,1.0,0.003038868440565084,0.002471690840116865
158,cg40,0.5720804462305986,0.9177656198939523,0.35883038806027473,0.6990291262135923,0.5592708104821392,0.1658330780100293
158,pcg40,0.9599281390816107,0.9994729241116136,0.41789582901180533,0.970873786407767,0.1696921271707858,0.04981877746026734
158,poisson_pcg40,0.9999999888241183,1.0,0.419238326406641,1.0,6.485246616409514e-08,7.502204566258404e-08
158,cg80,0.822345448733996,0.9962050536036179,0.41312691204322627,0.9223300970873787,0.2613310030248392,0.07207903447964481
158,pcg80,0.9999522231063585,1.0,0.419238326406641,1.0,0.002324365330624763,0.0009474994610627983
158,poisson_pcg80,1.0,1.0,0.419238326406641,1.0,3.434864759000419e-14,1.0508693121356425e-14
158,poisson,0.6095292606930834,0.7278812603438644,0.1791299087873116,0.18446601941747573,16.821752294251564,80.3918720727612
158,amg,0.9840535369429939,0.998524187512518,0.41556958028850166,0.9320388349514563,0.23250657980956993,0.10682437116689489
158,oracle,1.0,1.0,0.419238326406641,1.0,3.274986369342038e-14,9.661489797013808e-15
159,ensemble,0.3595619948501537,0.691555190116273,0.15716032477337358,0.2524271844660194,,
159,raw,0.23533910977397896,0.6481241369132328,0.14999198837425448,0.22330097087378642,,
159,smoothed,0.27294710231743075,0.6489569168168833,0.15979054767999973,0.2621359223300971,,
159,prediction_magnitude,0.412767416493813,0.743988699492953,0.138872525843888,0.18446601941747573,,
159,boundary_distance,0.48990878858149434,0.7797507985199709,0.1517696440438036,0.16328331862312448,,
159,jacobi1,0.2300763647986553,0.6732551152714968,0.17243979293945677,0.2912621359223301,0.9103123007690493,0.5439000628483328
159,jacobi5,0.329078794435305,0.7284926683743925,0.19387267997431137,0.34951456310679613,0.8196906175908758,0.28647942860532477
159,jacobi10,0.3899084471783134,0.754150722621043,0.2067560310826014,0.3883495145631068,0.7708856504971214,0.23106378851788834
159,jacobi20,0.450232245994564,0.8135732582777269,0.2253815538393446,0.4563106796116505,0.7108453373319408,0.20864779693079716
159,jacobi40,0.535351023263715,0.8741659024066285,0.24876152643548652,0.5533980582524272,0.6368642119418959,0.19621228137347146
159,jacobi80,0.6133629792218009,0.9168379663303923,0.27266217123986597,0.6407766990291263,0.5568098040357664,0.18534783433710808
159,cg5,0.22260797019168868,0.6369606695972087,0.1519563415799007,0.18446601941747573,0.9422248521896032,0.22781389949274464
159,pcg5,0.3723598097417924,0.7326671094104129,0.207162358725667,0.3786407766990291,0.7847880903164561,0.13900167486108575
159,poisson_pcg5,0.6080020876546741,0.8507848159978073,0.24812653289091086,0.49514563106796117,0.5902376248149268,0.15511167664390427
159,cg10,0.2824809339460696,0.6927885476950971,0.16253913146710175,0.2621359223300971,0.8886940557047291,0.16939836248547913
159,pcg10,0.5059664902367498,0.8626123989331984,0.2440789443152817,0.5242718446601942,0.6594958658665403,0.09548714685557932
159,poisson_pcg10,0.966552732279522,0.9950454866491677,0.3059388919195167,0.883495145631068,0.13550292630678576,0.04109478150344965
159,cg20,0.31413500911951936,0.7633323845967342,0.20501457590244676,0.4563106796116505,0.7962352271019895,0.10863339510556845
159,pcg20,0.6911521551569987,0.9484730611513446,0.2847213137706452,0.7087378640776699,0.4671122929602337,0.0711188004736093
159,poisson_pcg20,0.9999866224697803,1.0,0.30968403334478545,1.0,0.0018873619547849097,0.0011540147204882028
159,cg40,0.5563463249231099,0.8845176728545376,0.252488114674557,0.5922330097087378,0.6101314957936557,0.0661309599041252
159,pcg40,0.9575672341034261,0.9984293138526085,0.3083963674739123,0.9514563106796117,0.13646282201074791,0.014747076444209894
159,poisson_pcg40,0.9999999552964736,1.0,0.30968403334478545,1.0,1.5010354126002808e-06,5.834444266638869e-07
159,cg80,0.8191466879157427,0.981225556855676,0.2982333110430634,0.7961165048543689,0.3290507702657241,0.02795232833305585
159,pcg80,0.9929800823438952,0.9997153790202713,0.30889198522017053,0.9611650485436893,0.05550799513362043,0.0039073101495941
159,poisson_pcg80,1.0,1.0,0.30968403334478545,1.0,1.189077703765428e-13,1.296895805621902e-14
159,poisson,0.24532242418281952,0.6358116441605263,0.15565729507150688,0.22330097087378642,24.664735472001002,82.96083686834803
159,amg,0.9009395116586796,0.9792964591041818,0.29504141646643817,0.8058252427184466,0.2797657029646546,0.05399144485438724
159,oracle,1.0,1.0,0.30968403334478545,1.0,1.1253383239328521e-13,1.1757278414410451e-14
160,ensemble,0.47924026357199045,0.7863234348481495,0.25495610912813704,0.3592233009708738,,
160,raw,0.2631520568092411,0.8120869042724772,0.21479845661130895,0.39805825242718446,,
160,smoothed,0.37408637168299835,0.8944477825917375,0.2422549746593608,0.47572815533980584,,
160,prediction_magnitude,0.612271509101638,0.7854168643201248,0.1430783002695753,0.0,,
160,boundary_distance,0.2151170746576405,0.5646195039161739,0.06806584988981008,0.0,,
160,jacobi1,0.31292672868535865,0.6147707746961407,0.1956858988165754,0.21359223300970873,0.9831922593578967,0.5660608698852112
160,jacobi5,0.3883574695121951,0.5617363988067002,0.19493501289577486,0.17475728155339806,0.9781157248773861,0.3423148817943293
160,jacobi10,0.44151175032186535,0.5787398669660457,0.18381604565646992,0.1262135922330097,0.9775837696048552,0.2804002756686162
160,jacobi20,0.49355898183248686,0.6124938068583115,0.18067312739665112,0.1262135922330097,0.9748332596878097,0.23823734621682485
160,jacobi40,0.5330242606036764,0.649589407882947,0.19201995980800915,0.13592233009708737,0.9667186437221927,0.20508802003815407
160,jacobi80,0.5821076259745368,0.6696182916416306,0.22007656072820253,0.1941747572815534,0.9511744198395677,0.17690520552659958
160,cg5,0.2858969539017237,0.7953575155750925,0.2283330370992965,0.39805825242718446,0.9809335760485457,0.29909208490342903
160,pcg5,0.4379888889385594,0.5788452821437231,0.18882826299694294,0.13592233009708737,0.9810204566648809,0.24643753782036704
160,poisson_pcg5,0.5129973937844217,0.8523555021451988,0.33732035477599204,0.5825242718446602,0.8655317443112599,0.18680583790437083
160,cg10,0.369549824315142,0.815038529247441,0.27452087513685813,0.4854368932038835,0.9616268732361852,0.23649888294030305
160,pcg10,0.5267819384343037,0.64753381191824,0.18647787735143473,0.1262135922330097,0.9761892564876395,0.18851434375608686
160,poisson_pcg10,0.9843774363421787,0.9999789169644645,0.4241698242847462,0.9902912621359223,0.09011914359350502,0.0480183057138381
160,cg20,0.4937535874579786,0.7646922403887711,0.3051085406518379,0.4368932038834951,0.9108083675460656,0.16979009644676227
160,pcg20,0.6029911911701595,0.689615550847011,0.2548925114700367,0.2815533980582524,0.9197243297633577,0.14822395320304863
160,poisson_pcg20,0.9999941326621844,1.0,0.42434859818493026,1.0,0.0006974873502589233,0.0008869623336050206
160,cg40,0.6490045083506186,0.8805329791383364,0.3414779513164524,0.6310679611650486,0.8029356879751038,0.12788330394115444
160,pcg40,0.5262804095737071,0.9929898906844608,0.4007504486777226,0.8446601941747572,0.6107232885738014,0.09491471544683318
160,poisson_pcg40,1.0,1.0,0.42434859818493026,1.0,1.2962507848465144e-07,1.0498142740894288e-07
160,cg80,0.7094986499535083,0.9974278696646743,0.41735414021128747,0.8932038834951457,0.4919216038224729,0.07700195531008634
160,pcg80,0.9999493173771546,1.0,0.42434859818493026,1.0,0.001822643452658275,0.0011912756354555672
160,poisson_pcg80,1.0,1.0,0.42434859818493026,1.0,1.10726542143211e-13,1.8117251757112755e-14
160,poisson,0.5030761949252557,0.747404151249697,0.21281705690850955,0.22330097087378642,19.369933959679923,84.7627107197416
160,amg,0.8296582527179742,0.9960153062837988,0.4169967257538889,0.883495145631068,0.5001695092165976,0.08933188562279827
160,oracle,1.0,1.0,0.42434859818493026,1.0,8.215661929629099e-14,1.3237343750189985e-14
161,ensemble,0.2144212793255132,0.6532156899950455,0.15571959699261997,0.23300970873786409,,
161,raw,0.15277128334883053,0.5698955335589219,0.10283281832426105,0.10679611650485436,,
161,smoothed,0.14748047573492595,0.6343569147085797,0.1160598911963357,0.14563106796116504,,
161,prediction_magnitude,0.43720628665689143,0.8206149921465693,0.21199213768725406,0.36893203883495146,,
161,boundary_distance,0.4541837277447535,0.9503547220728841,0.30314506056231,0.6513680494263019,,
161,jacobi1,0.29330978202560615,0.6589291926251541,0.18065000802584386,0.3106796116504854,0.9252151049596476,0.6103959697792758
161,jacobi5,0.43313350484586216,0.6935580784921413,0.22706085359406075,0.33980582524271846,0.8250070588631209,0.42113378967265425
161,jacobi10,0.49301748801945494,0.7438516597619725,0.24979717955743594,0.4077669902912621,0.7499991804909765,0.33349274942646495
161,jacobi20,0.5557232695265003,0.831641419731613,0.28853244582357607,0.5436893203883495,0.6458577427406178,0.24074675571920365
161,jacobi40,0.6381910382840997,0.9331246112815323,0.31980890056177946,0.6601941747572816,0.5160426967437788,0.15986679597321646
161,jacobi80,0.7400928603998282,0.9868441858258752,0.3466389946961035,0.8058252427184466,0.37430919236558946,0.11219406120443319
161,cg5,0.21499993294471068,0.5952162592370049,0.11213484938200048,0.10679611650485436,0.9418171134147196,0.36640074985947446
161,pcg5,0.48628791976611113,0.7466557034881882,0.2466700862723444,0.4077669902912621,0.7207152681469422,0.26194472768269045
161,poisson_pcg5,0.6219921679422072,0.9873818032320294,0.35295540907147177,0.8543689320388349,0.41830150025497786,0.18972130933598466
161,cg10,0.2290805266969458,0.6206107755394622,0.1560815423923761,0.22330097087378642,0.8953664597793701,0.23827248457458478
161,pcg10,0.5790927419354839,0.9009308160188904,0.3145034584451924,0.6504854368932039,0.5233203128271302,0.10228367275867918
161,poisson_pcg10,0.9858898460410557,0.9992515522384913,0.36212793054076786,0.9514563106796117,0.09151680865074918,0.03309171520099979
161,cg20,0.29488419551534223,0.6654543921233779,0.18298141208740537,0.3106796116504854,0.8250178937307509,0.14634328893593976
161,pcg20,0.7549806433731492,0.9950771112024709,0.3543866726652026,0.883495145631068,0.3234269176412249,0.049063993439475824
161,poisson_pcg20,0.9999971389743223,1.0,0.3633995949696789,1.0,0.0006187807125025491,0.00035371976022802474
161,cg40,0.44993522459051566,0.7328041491413934,0.2526881232633277,0.4368932038834951,0.7106680554923017,0.09313287229517012
161,pcg40,0.9870367261819611,0.9987350178678727,0.36259672831644657,0.941747572815534,0.07380607707241969,0.015723978354417377
161,poisson_pcg40,1.0,1.0,0.3633995949696789,1.0,1.0313080416335224e-08,5.895489323906025e-09
161,cg80,0.7181283527644661,0.890009803611524,0.3259977285866974,0.6699029126213593,0.4699478970155615,0.04607299843080019
161,pcg80,0.9999988824118445,1.0,0.3633995949696789,1.0,0.000299980481484046,3.548207123281389e-05
161,poisson_pcg80,1.0,1.0,0.3633995949696789,1.0,3.3479976892687797e-14,8.041288228853835e-15
161,poisson,0.35375866130820394,0.8743134836553768,0.20770638501321398,0.36893203883495146,26.66773127955923,80.57338978281027
161,amg,0.9950633001931191,0.9987771839389435,0.3629609042631543,0.941747572815534,0.11343443014082509,0.09464883741621126
161,oracle,1.0,1.0,0.3633995949696789,1.0,3.3545475913887805e-14,5.6779981223319895e-15
162,ensemble,0.38986401187325653,0.7955894289659825,0.23051905184693264,0.4174757281553398,,
162,raw,0.17678679994277946,0.68887764460327,0.1797470248725241,0.3106796116504854,,
162,smoothed,0.2791844735712753,0.7897283450871256,0.22189074117839544,0.4077669902912621,,
162,prediction_magnitude,0.5718677021493455,0.8536204842773263,0.16314192418331655,0.21359223300970873,,
162,boundary_distance,0.40664997417930177,0.7199593097414165,0.08569485934191132,0.07325684024713151,,
162,jacobi1,0.2872799468922108,0.7186890568504053,0.1951790257847468,0.2815533980582524,0.9648783504083888,0.6034969831117462
162,jacobi5,0.299346613260854,0.7098236404077459,0.20823477326065645,0.3106796116504854,0.9188016073311894,0.44934718453555067
162,jacobi10,0.34911541779915595,0.7566490623319946,0.23375167458998364,0.39805825242718446,0.8829797581462143,0.3843568620090822
162,jacobi20,0.4133605540555039,0.7716918081865427,0.2571030881580988,0.49514563106796117,0.8347733161529147,0.3181931167845052
162,jacobi40,0.5117315463843788,0.8390521067223259,0.2758887590923059,0.5339805825242718,0.7753369452331537,0.263380109273752
162,jacobi80,0.5845030644267218,0.8945637392871826,0.3036908750903833,0.6019417475728155,0.6938693081811499,0.21985826222810723
162,cg5,0.2149761059652385,0.7014536753001697,0.17979810912626545,0.2912621359223301,0.9524892009720336,0.3861418242899343
162,pcg5,0.3614697401831056,0.7479101441025479,0.24243098532759014,0.42718446601941745,0.8614162479799669,0.33401035704005144
162,poisson_pcg5,0.7876368263178599,0.9927579772935707,0.36829039955901366,0.8446601941747572,0.36713725556931087,0.15389781035212247
162,cg10,0.2791966105786424,0.7289881197094757,0.21563210126637306,0.34951456310679613,0.9022453305037664,0.2822771196454558
162,pcg10,0.5062090515699879,0.8317152103559871,0.2568367868858778,0.46601941747572817,0.7766732548756973,0.23220628197164966
162,poisson_pcg10,0.9492273219011516,0.9988404330455499,0.3802734280530751,0.941747572815534,0.12716326307020415,0.0630262357160294
162,cg20,0.37732610328302685,0.8048554230838156,0.27110135828056114,0.5048543689320388,0.7947127323791802,0.19057974277430814
162,pcg20,0.6979423078642443,0.9645067096760591,0.35009701470144233,0.7864077669902912,0.5375171400924351,0.1461838439622842
162,poisson_pcg20,0.999832931746656,1.0,0.3818292999123263,1.0,0.0063110474945124945,0.0028130443400112707
162,cg40,0.4722712408804806,0.9245648988541371,0.32351210035730993,0.6699029126213593,0.6138088829502591,0.10511788296932634
162,pcg40,0.7835714652921822,0.994918988435955,0.37239270992180035,0.8932038834951457,0.33498569824602686,0.04758901794860122
162,poisson_pcg40,1.0,1.0,0.3818292999123263,1.0,5.062046239786701e-07,1.9143619378821078e-07
162,cg80,0.7340409864280094,0.995772851375141,0.37676362702092736,0.9223300970873787,0.3550356292282221,0.04866615957123213
162,pcg80,0.96521336993062,0.9987033933145695,0.38073659483486905,0.9514563106796117,0.1085293220933046,0.014022144793782011
162,poisson_pcg80,1.0,1.0,0.3818292999123263,1.0,4.99649423420453e-14,1.0680604055372124e-14
162,poisson,0.4861283393534081,0.7647344064598421,0.19838691477341158,0.3106796116504854,21.70483695012818,79.25629251390116
162,amg,0.9920657946498819,0.9984925629592148,0.37949540318550734,0.9223300970873787,0.15395708908946568,0.07662101949464407
162,oracle,1.0,1.0,0.3818292999123263,1.0,6.007115084998895e-14,1.2180969105206571e-14
163,ensemble,0.4764244778628138,0.7539398922656884,0.2053069327579848,0.3786407766990291,,
163,raw,0.2998355357270581,0.6643580742755342,0.15018551662548174,0.21359223300970873,,
163,smoothed,0.49862858522280235,0.7712596059580659,0.14489719768853496,0.1941747572815534,,
163,prediction_magnitude,0.36634849304413125,0.7219674688761688,0.09937289802107803,0.05825242718446602,,
163,boundary_distance,0.5258619235446826,0.7558848022938343,0.15132514005518527,0.21050308914386587,,
163,jacobi1,0.2399983794971747,0.6598463046709465,0.15890154127087347,0.2621359223300971,0.9616959680682491,0.5935009484513775
163,jacobi5,0.2968087940776768,0.7637962113785143,0.20346769726231195,0.36893203883495146,0.889341179344109,0.3686515284741315
163,jacobi10,0.36558545973106354,0.8450818548854664,0.24045350757991288,0.49514563106796117,0.8330206488549452,0.2880208958018497
163,jacobi20,0.4521010210285386,0.907540347659256,0.2551538224482577,0.5728155339805825,0.7608712969366418,0.2118782086322256
163,jacobi40,0.5335259682783777,0.9461223026891412,0.27235187269557254,0.6601941747572816,0.6810590467436123,0.15165253470529536
163,jacobi80,0.6124044350368356,0.964591041818201,0.27950293496325834,0.7087378640776699,0.6052807464520336,0.1127377233348155
163,cg5,0.3030952498033045,0.6711573532357189,0.16147581490048227,0.24271844660194175,0.9584275997889494,0.3383804562834982
163,pcg5,0.38829231412273796,0.846726331657232,0.24704184306917965,0.5242718446601942,0.8137213091914139,0.2745128606993585
163,poisson_pcg5,0.8725666641334668,0.9880670018869316,0.31084119979423513,0.8058252427184466,0.2503755449827713,0.1385989041785249
163,cg10,0.3120625871718761,0.7154422693779451,0.16983143371298307,0.2912621359223301,0.9268352612099726,0.23309828421094414
163,pcg10,0.5335672184571918,0.9366349366981858,0.2683166125499595,0.6407766990291263,0.6768644911416855,0.1570605276706751
163,poisson_pcg10,0.984497454134182,0.9972802884159261,0.3195298727349702,0.9223300970873787,0.10808002139876716,0.047893623235223545
163,cg20,0.30528325271797435,0.766252385018395,0.19971200555288193,0.42718446601941745,0.8611892596882029,0.1548027276431526
163,pcg20,0.6596672269508618,0.9692082266004659,0.2815641962809404,0.7184466019417476,0.5518746560056487,0.09891664311808405
163,poisson_pcg20,0.9999743066483084,0.9999894584822323,0.32061626202261756,0.9902912621359223,0.002673806839887772,0.0020011975156156614
163,cg40,0.4422821373649953,0.9215289417370313,0.2553470074467958,0.6310679611650486,0.7091638204433067,0.1100910373730508
163,pcg40,0.9562482677383591,0.9989458482232272,0.3197406490161417,0.9223300970873787,0.12632271072420106,0.029928177889347884
163,poisson_pcg40,1.0,1.0,0.3206232706758531,1.0,6.985441203597502e-08,4.8639235223224464e-08
163,cg80,0.8017590167012374,0.9905442585623478,0.31495359782852445,0.8446601941747572,0.34064243141664263,0.04807982612667691
163,pcg80,0.9999928586116873,1.0,0.3206232706758531,1.0,0.0007386853091909528,0.00014613370036107402
163,poisson_pcg80,1.0,1.0,0.3206232706758531,1.0,2.0649650505996345e-14,8.724497491821306e-15
163,poisson,0.44638789920248906,0.7524219137071355,0.1267472135035981,0.1553398058252427,23.364550995676986,84.82815177904784
163,amg,0.9911832464594806,0.996510757618882,0.3183036017402769,0.883495145631068,0.14646284673086304,0.07868852568071212
163,oracle,1.0,1.0,0.3206232706758531,1.0,1.8786126758879267e-14,4.150961123827329e-15
164,ensemble,0.07030965015020385,0.6972686927463816,0.14030495259999656,0.2815533980582524,,
164,raw,0.1736534403833774,0.5841687486164258,0.15247025484274568,0.21359223300970873,,
164,smoothed,0.17686100779629496,0.6665823345245249,0.14781316350265494,0.2815533980582524,,
164,prediction_magnitude,0.20723032597811314,0.7219885519117043,0.0752159072161638,0.04854368932038835,,
164,boundary_distance,0.1973281903710095,0.6964306420838472,0.08744262174367591,0.025375110326566634,,
164,jacobi1,0.20063744993205063,0.5977673065367952,0.1677950024134098,0.27184466019417475,0.9052634882553701,0.5185770620101803
164,jacobi5,0.3463437991738788,0.6903323740552165,0.192758420789176,0.32038834951456313,0.7709173390137557,0.28772327796916247
164,jacobi10,0.48886327873542657,0.8150701538007442,0.2201626172245967,0.4077669902912621,0.6680599267072398,0.21577147824495785
164,jacobi20,0.6723572616407982,0.9323234559311849,0.2572077444607209,0.5825242718446602,0.5271376167094266,0.16848662567447065
164,jacobi40,0.8409458148558758,0.9861695286887406,0.29313510017114014,0.8252427184466019,0.35286743723267056,0.1522537173783616
164,jacobi80,0.95545062272012,0.9981974004617185,0.2995833764042133,0.9223300970873787,0.17733309585798554,0.14618452017409078
164,cg5,0.16783079491810313,0.5689678799953617,0.15154587775148032,0.20388349514563106,0.9592698021082829,0.28076653328121437
164,pcg5,0.4522152385380158,0.7899075508891771,0.21583203011422047,0.39805825242718446,0.6695656475473837,0.14769792517883096
164,poisson_pcg5,0.9217406435519632,0.9953406491466641,0.29333760219554683,0.883495145631068,0.28332618388650194,0.09960530088390859
164,cg10,0.18738498900293254,0.5812065821236941,0.15832030429671745,0.21359223300970873,0.9244001548267928,0.20720278307783593
164,pcg10,0.7271041055718475,0.9605220159598579,0.27871313932671626,0.7087378640776699,0.44846522461693844,0.04666964361754833
164,poisson_pcg10,0.9998883529432802,1.0,0.301470921250471,1.0,0.007600800791860678,0.004427082120089333
164,cg20,0.22287093868464342,0.6089202323350515,0.16844217509507384,0.24271844660194175,0.8401500565336595,0.11574077460283701
164,pcg20,0.9801619385237107,0.9992620937562591,0.3011176840089739,0.9611650485436893,0.08913924087468693,0.008266417247408427
164,poisson_pcg20,0.9999999441205921,1.0,0.301470921250471,1.0,2.2444696646425202e-05,2.699092135740899e-05
164,cg40,0.4221343251555682,0.8288162929698618,0.2063939668126635,0.3883495145631068,0.6707545456771935,0.0632853905293536
164,pcg40,0.9978802370180959,1.0,0.301470921250471,1.0,0.029241323426680118,0.0017596042502213292
164,poisson_pcg40,1.0,1.0,0.301470921250471,1.0,6.636309833190924e-13,5.6448933257467543e-14
164,cg80,0.9090159971568555,0.995888808070586,0.2976614757423517,0.883495145631068,0.2098184128623641,0.015401786764502134
164,pcg80,0.9999730214219297,1.0,0.301470921250471,1.0,0.00241875720355754,0.0002654642485899993
164,poisson_pcg80,1.0,1.0,0.301470921250471,1.0,6.693339831361766e-13,5.394204713039526e-14
164,poisson,0.4075340193834489,0.8991914655872153,0.17559815308665766,0.3786407766990291,24.607901472939567,85.37604044501535
164,amg,0.9919325781417636,0.9990618049186721,0.30091263356970843,0.9514563106796117,0.09484025503697206,0.04001316442412676
164,oracle,1.0,1.0,0.301470921250471,1.0,7.391231689229411e-13,5.895219636932925e-14
165,ensemble,0.23655653207925043,0.63667604861748,0.1271320482542387,0.14563106796116504,,
165,raw,0.22793281954080535,0.6544701306094052,0.1387551771982067,0.21359223300970873,,
165,smoothed,0.26747650829697445,0.6768392313125243,0.15558558203197947,0.2524271844660194,,
165,prediction_magnitude,0.34522957495887274,0.7198802483581586,0.11136140192705954,0.13592233009708737,,
165,boundary_distance,0.26122152779430585,0.7112730991008085,0.10679480518756199,0.1593115622241836,,
165,jacobi1,0.29009063639939914,0.7020334587773948,0.17465139260173687,0.32038834951456313,0.8733515619708107,0.46591306863523657
165,jacobi5,0.4254969243973964,0.8172311649431285,0.19449993373373778,0.3883495145631068,0.7578628479262317,0.2363132470408841
165,jacobi10,0.49283004613403897,0.8507321084089687,0.20381013318502378,0.39805825242718446,0.7038812882941176,0.17846811147928443
165,jacobi20,0.5550806563371719,0.8755362997164332,0.21916104349469545,0.44660194174757284,0.6486087905559184,0.1388725532628787
165,jacobi40,0.6179022646806379,0.897030454444831,0.22955244768832334,0.4854368932038835,0.5934938196308233,0.11567276565713265
165,jacobi80,0.676971146109005,0.9188092301529575,0.24096935024189123,0.5339805825242718,0.5364753278978094,0.10018419622158478
165,cg5,0.2565204675094771,0.6800860187849846,0.15225383479753604,0.24271844660194175,0.9301918554322367,0.22784555176120597
165,pcg5,0.47052291949788994,0.8383036589608172,0.20857802237911424,0.42718446601941745,0.7089299597496981,0.15156863614667862
165,poisson_pcg5,0.5949455622809526,0.8385566553872427,0.23428898513840052,0.4854368932038835,0.5805293286478028,0.13535959293301839
165,cg10,0.33395629559759665,0.7181514394442512,0.1667424870656896,0.30097087378640774,0.8745957951319969,0.16740519196243886
165,pcg10,0.5933209467312781,0.8813763005597546,0.22345289483113986,0.4563106796116505,0.6133132037765149,0.09243572332809537
165,poisson_pcg10,0.9641124003111364,0.9942654143343559,0.2811455060099539,0.8543689320388349,0.14396355254794888,0.031937512044059944
165,cg20,0.3603018046813532,0.7945458187069774,0.1899426949605064,0.3883495145631068,0.7599625778585903,0.09646312651194082
165,pcg20,0.7189047971353979,0.9332300264592096,0.25102004186847415,0.6019417475728155,0.48054064975556177,0.056346366938978314
165,poisson_pcg20,0.9999925009834776,1.0,0.2843757610865771,1.0,0.0015447129830772402,0.0006533762595129036
165,cg40,0.5563581154781488,0.8997079999578339,0.23441579506363788,0.5339805825242718,0.5893210354925662,0.05674372459034732
165,pcg40,0.8194010286281382,0.9578655534823904,0.26694473196999924,0.6796116504854369,0.3544841256366648,0.03003802732594895
165,poisson_pcg40,0.9999999888241183,1.0,0.2843757610865771,1.0,2.7624594336294483e-07,8.990230993983782e-08
165,cg80,0.806025185966669,0.9649283703867683,0.2673419681101687,0.6699029126213593,0.3529623940254055,0.024523479265281298
165,pcg80,0.9982253929439953,0.9994307580405427,0.2841815422674081,0.9611650485436893,0.028658821479920327,0.0030607086022009255
165,poisson_pcg80,1.0,1.0,0.2843757610865771,1.0,5.754515546012619e-13,3.481566097293106e-14
165,poisson,0.3285379823510478,0.6598146801176433,0.14954547215730526,0.23300970873786409,29.424301500787696,89.09361388008584
165,amg,0.7241303711286746,0.8802167336053045,0.24483988521936295,0.5533980582524272,0.5044757138723416,0.05624052087714202
165,oracle,1.0,1.0,0.2843757610865771,1.0,4.981300402197835e-13,3.014311974127291e-14
166,ensemble,0.3646576715721336,0.6904061646795906,0.15359173403192564,0.23300970873786409,,
166,raw,0.4667340609577283,0.8301761487618987,0.2172875321654676,0.39805825242718446,,
166,smoothed,0.6484085656426578,0.9040194807248347,0.22164848587582725,0.4368932038834951,,
166,prediction_magnitude,0.35960788301981256,0.5493606569473873,0.11833771418803174,0.06796116504854369,,
166,boundary_distance,0.3776783668443389,0.5857868715937721,0.14990287604036778,0.1496028243601059,,
166,jacobi1,0.37453123882411843,0.7435775803000116,0.1865156285783973,0.3106796116504854,0.9379303300628827,0.5880860120167661
166,jacobi5,0.4980197678992919,0.757524008306716,0.23138078212092167,0.36893203883495146,0.8393789014700823,0.3609801354164217
166,jacobi10,0.5723619778628137,0.7330571455678189,0.2522140737028967,0.4174757281553398,0.7785628428715603,0.280851673920148
166,jacobi20,0.6555098660682355,0.748489927579773,0.269046941051967,0.42718446601941745,0.7081343578336331,0.21939086267703165
166,jacobi40,0.7196976700522136,0.7847632902185256,0.275590067680924,0.4174757281553398,0.6350752125018333,0.16196242736017258
166,jacobi80,0.7346510666261353,0.8151017783540474,0.27774859844767785,0.4077669902912621,0.5776352056245352,0.1057493163446772
166,cg5,0.47003156068950713,0.8233979528372495,0.21540774538215857,0.33980582524271846,0.9244268801261842,0.304095869925975
166,pcg5,0.5597226146198412,0.7259943286634409,0.2528299237356481,0.4077669902912621,0.7654478947205291,0.2618385464994843
166,poisson_pcg5,0.3302058597382161,0.6446665190854179,0.20051390098003666,0.21359223300970873,0.9837685368430268,0.1281633051879427
166,cg10,0.47864593019097346,0.8392207710066095,0.2433909502515211,0.42718446601941745,0.84318671493437,0.21559338998453742
166,pcg10,0.6844114557256276,0.7632691354901279,0.27604586580614104,0.4174757281553398,0.6135153584579606,0.15810277929133168
166,poisson_pcg10,0.9455992954724269,0.9921571107808103,0.33303971192229065,0.8349514563106796,0.15817425016955688,0.02638782750807346
166,cg20,0.4795540487983692,0.8593129038718995,0.2654792143001416,0.47572815533980584,0.7401874202438955,0.12099770810121259
166,pcg20,0.6836250089407051,0.8118760739171226,0.2815298822190249,0.4368932038834951,0.5690391018230658,0.06677377156399009
166,poisson_pcg20,0.9999959655067591,1.0,0.3380076079311283,1.0,0.0009663433155108693,0.00041628660440683847
166,cg40,0.600744302535584,0.9345687992157111,0.2785274137476363,0.4854368932038835,0.6133138837966262,0.06143671540631701
166,pcg40,0.6831563036442314,0.8932038834951457,0.2652806325306638,0.36893203883495146,0.5280360847337809,0.029274233032003837
166,poisson_pcg40,1.0,1.0,0.3380076079311283,1.0,1.606406242072704e-08,1.5758513238611907e-08
166,cg80,0.796370978917817,0.9574122682183781,0.3057828159460517,0.6213592233009708,0.3789179375805862,0.029748596718734317
166,pcg80,0.923321147897146,0.9906707567755605,0.32834797544577754,0.7864077669902912,0.18912273791692966,0.010610230766830571
166,poisson_pcg80,1.0,1.0,0.3380076079311283,1.0,8.41464210014077e-13,4.7473875987576446e-14
166,poisson,0.42538152224447456,0.6905326628928034,0.18365979019421197,0.17475728155339806,34.24693617587236,82.14826608234158
166,amg,0.947614619841213,0.9973751620758357,0.33490174395861283,0.912621359223301,0.17626185096975577,0.06606433067979219
166,oracle,1.0,1.0,0.3380076079311283,1.0,7.942953250696355e-13,4.4826919273686307e-14
167,ensemble,0.21875164285458834,0.6006873069584558,0.14164317953828556,0.1941747572815534,,
167,raw,0.45651715944853727,0.7200699956779777,0.18006159750258208,0.27184466019417475,,
167,smoothed,0.5680051610221013,0.7989943392049588,0.166997867793287,0.20388349514563106,,
167,prediction_magnitude,0.20644291806737713,0.5774327187628475,0.10127170387078585,0.11650485436893204,,
167,boundary_distance,0.5665091130497095,0.8042071197411004,0.2121416900066304,0.36584289496910855,,
167,jacobi1,0.3540993692332451,0.6915868146695762,0.17466867666049174,0.2815533980582524,0.9262097669084104,0.5494958599221752
167,jacobi5,0.4234005637114655,0.7872827129650127,0.20591544637938078,0.39805825242718446,0.8555225638631931,0.3425380810334804
167,jacobi10,0.4633152582075674,0.8167989627146517,0.23048519260740608,0.47572815533980584,0.8138511929150264,0.2739467797340655
167,jacobi20,0.4845091329304055,0.8387885687781327,0.24217965273119776,0.4854368932038835,0.7689189697345641,0.22301620240512637
167,jacobi40,0.4920536799942779,0.8504264043937046,0.25650902806326875,0.5048543689320388,0.722922225209682,0.18767611876577062
167,jacobi80,0.5023274108611686,0.8930879267997006,0.2687377618959913,0.5436893203883495,0.6653902324187442,0.16045987558016062
167,cg5,0.467343045919462,0.7266795273183433,0.1924599239045736,0.2524271844660194,0.9605896184611451,0.3374478564302632
167,pcg5,0.4493952283456118,0.8078808386831536,0.23351203346293262,0.47572815533980584,0.8081009599733064,0.25576853754801343
167,poisson_pcg5,0.6554664477683999,0.9674056270621844,0.31561238056316504,0.7184466019417476,0.5020428162829799,0.1827413755232287
167,cg10,0.4714503388527286,0.7502187364936803,0.22417137695780698,0.32038834951456313,0.9025082915813284,0.25659687440836526
167,pcg10,0.4828878813210785,0.836142647818433,0.24805965789425208,0.4854368932038835,0.7164110658011592,0.1866212526709985
167,poisson_pcg10,0.9212383212037765,0.9976808660910998,0.33436399261889455,0.912621359223301,0.17015639232728041,0.047871795144272304
167,cg20,0.4296870082612116,0.8272877728935412,0.25247490222275026,0.47572815533980584,0.7830424670689003,0.17905594406139289
167,pcg20,0.5572367744617694,0.9260512528593867,0.2879055778917708,0.5825242718446602,0.5758976936930627,0.13087212303887638
167,poisson_pcg20,0.9999901875759959,1.0,0.3363244421478147,1.0,0.0016936291101213139,0.00151815864250463
167,cg40,0.6310986673878834,0.9420532768307981,0.3086790481577799,0.6990291262135923,0.5309974767920927,0.10004817890871956
167,pcg40,0.9503263916207709,0.9989353067054595,0.33534956785707404,0.941747572815534,0.13175917616946528,0.03664635919539465
167,poisson_pcg40,1.0,1.0,0.3363244421478147,1.0,2.2931518678165582e-07,1.2374803336937004e-07
167,cg80,0.829084952346041,0.9862749438664179,0.3301586653600166,0.8446601941747572,0.27752617625876647,0.03690656010256209
167,pcg80,0.9981007259852657,0.9999894584822323,0.33625700078718224,0.9902912621359223,0.020209463348522996,0.003198069678962959
167,poisson_pcg80,1.0,1.0,0.3363244421478147,1.0,2.2417165953566985e-13,2.6627209221641326e-14
167,poisson,0.5068931496316429,0.7776372242075414,0.2395194821052977,0.3883495145631068,19.501137427876408,85.24970432795274
167,amg,0.9113403681782419,0.9985663535835889,0.3357429463587269,0.9611650485436893,0.18392024193598924,0.055667057505913074
167,oracle,1.0,1.0,0.3363244421478147,1.0,2.0895429485381776e-13,2.470040337586043e-14
168,ensemble,0.33539202757313497,0.6976587289037876,0.17895978053752115,0.2815533980582524,,
168,raw,0.312385078409985,0.6662450059559576,0.16167299263164592,0.27184466019417475,,
168,smoothed,0.41510965774980324,0.7416273995129818,0.16547663754001127,0.2621359223300971,,
168,prediction_magnitude,0.38293155666618983,0.7694148403487134,0.19920699889050472,0.3786407766990291,,
168,boundary_distance,0.5995194545025869,0.8566617121533159,0.20526278148501437,0.3852603706972639,,
168,jacobi1,0.32592756464129885,0.7437989521731339,0.18884681663466346,0.36893203883495146,0.9014575633422524,0.5733107106198879
168,jacobi5,0.3903959950110864,0.8193394684966742,0.22765396765458076,0.4854368932038835,0.7725600479313554,0.3666936329733837
168,jacobi10,0.4900192225162721,0.9014473503895091,0.2550491576032411,0.5922330097087378,0.6786437002536461,0.3005229139939187
168,jacobi20,0.6212258600958442,0.9590672865079114,0.2836404587970651,0.6990291262135923,0.5528818103235243,0.24303445848463606
168,jacobi40,0.7676865254631284,0.9870023085923911,0.3040751857979552,0.8252427184466019,0.3959770033371585,0.18969062332065603
168,jacobi80,0.8972104887883556,0.9947608656694391,0.3136365613752563,0.8737864077669902,0.23637873267822526,0.14909175766913632
168,cg5,0.3390927195837207,0.6867693410497243,0.17132947767287365,0.24271844660194175,0.8926475715694646,0.3067673913888752
168,pcg5,0.47464678626350043,0.8926451830534561,0.2575522411757789,0.5922330097087378,0.6668362838776032,0.24656573931882933
168,poisson_pcg5,0.7582144741077176,0.9527318343295068,0.2973491379111178,0.7184466019417476,0.4510537419511779,0.14105641556375442
168,cg10,0.39438055441313213,0.7489326713260175,0.20990759191709663,0.34951456310679613,0.7913296624290511,0.20464392652307126
168,pcg10,0.7427995136256347,0.986580647881682,0.30936954132609057,0.8349514563106796,0.3745193613418107,0.13111938323520328
168,poisson_pcg10,0.9826127087654674,0.9983871477815376,0.3178912037056175,0.9223300970873787,0.08903104750206368,0.03569234150820937
168,cg20,0.5396552128781917,0.8225335483802958,0.24400218763917003,0.42718446601941745,0.6532615109366036,0.10561539980979442
168,pcg20,0.9467350667870681,0.9944762446897104,0.31469514177354024,0.8640776699029126,0.16218661569423068,0.03877737618268201
168,poisson_pcg20,0.9999033398004434,0.9999894584822323,0.31909044586241264,0.9902912621359223,0.006376183150205421,0.0026676944171684864
168,cg40,0.688837808901366,0.9165849699039668,0.2759088342097946,0.5922330097087378,0.5119942917066808,0.05124288004003192
168,pcg40,0.9862170646770616,0.9975122018068161,0.31788135790114497,0.912621359223301,0.0869097533034997,0.009241474117781463
168,poisson_pcg40,1.0,1.0,0.31910389767761865,1.0,1.8161747160194403e-06,4.982777256027077e-07
168,cg80,0.8209383605428795,0.9771354479617975,0.3026522947047257,0.7766990291262136,0.33425877821934424,0.0234836609763839
168,pcg80,0.9983810059187467,0.9997153790202713,0.3186834968144963,0.9611650485436893,0.02740344918758903,0.001978016884246271
168,poisson_pcg80,1.0,1.0,0.31910389767761865,1.0,1.2746124995062247e-13,1.9152636441622016e-14
168,poisson,0.6272264367713325,0.8279835130662113,0.21668846384856416,0.34951456310679613,38.74393159249408,83.06808479334184
168,amg,0.8819961353801589,0.9720649779155203,0.30207930692691437,0.7669902912621359,0.3324734077701091,0.07611100854618807
168,oracle,1.0,1.0,0.31910389767761865,1.0,1.4906136918988273e-13,1.1282300294007637e-14
169,ensemble,0.32880100672341034,0.674720386241211,0.15993819032203127,0.22330097087378642,,
169,raw,0.32673134521851077,0.745464511980435,0.21060485247117988,0.39805825242718446,,
169,smoothed,0.5237190651598598,0.8302921054573438,0.2153584713889354,0.44660194174757284,,
169,prediction_magnitude,0.6690958264787925,0.9232577506509387,0.1866745139420667,0.4563106796116505,,
169,boundary_distance,0.6435023964024528,0.8913222225736062,0.18942700554543937,0.41835834068843775,,
169,jacobi1,0.27389628111365416,0.674952299632101,0.18058053563629167,0.2912621359223301,0.9607689999125127,0.6162076831110832
169,jacobi5,0.30383688130319714,0.6211694759811518,0.18894695774513579,0.30097087378640774,0.9009728282715289,0.38261845545760925
169,jacobi10,0.39742429457835626,0.6776930942517103,0.2014814330709604,0.34951456310679613,0.8523853138497771,0.31121660625731595
169,jacobi20,0.5071131133323795,0.7439992410107207,0.20439886714533165,0.36893203883495146,0.7815248370310649,0.2501550284477073
169,jacobi40,0.5989490424504684,0.8014188882915362,0.20724674785550662,0.36893203883495146,0.694310865721991,0.17745875572268985
169,jacobi80,0.6044688885809312,0.8247894331825897,0.20286008462833244,0.34951456310679613,0.6293096438317125,0.10129094207147077
169,cg5,0.30585232860668043,0.706408188651002,0.20683719101829712,0.36893203883495146,0.9651750149314479,0.2781689470114702
169,pcg5,0.3695214822795222,0.6744673898147855,0.19607247402362976,0.32038834951456313,0.861382176705487,0.21782893178135926
169,poisson_pcg5,0.5964210468671769,0.9540073579794018,0.24684884390230769,0.6407766990291263,0.6449398302158157,0.1530315120566559
169,cg10,0.297313686878621,0.7008422672696415,0.2029762112753761,0.3592233009708738,0.9192323232364492,0.19203392199878722
169,pcg10,0.588303277662542,0.7864604745791299,0.20140107964603216,0.3592233009708738,0.6666619291630417,0.11023711052574563
169,poisson_pcg10,0.9958038364566195,0.9994307580405427,0.28034521691649117,0.9611650485436893,0.06526040437751056,0.026440728348942125
169,cg20,0.28490853658536586,0.7466767865237237,0.20677598426786337,0.44660194174757284,0.8670889467799291,0.10867660732501369
169,pcg20,0.5842471702667906,0.8289954987719131,0.19867485195706067,0.32038834951456313,0.6205277222908192,0.036407242783713045
169,poisson_pcg20,0.9999998658894214,1.0,0.2809228697653418,1.0,0.00011857376432840332,0.00011421483850389185
169,cg40,0.38744385237107504,0.8081654596628822,0.21992549203807205,0.5242718446601942,0.7816012083339637,0.06988321520506008
169,pcg40,0.6923543670874758,0.8812392608287741,0.20205477857872828,0.30097087378640774,0.5141636437006197,0.027772777724760743
169,poisson_pcg40,1.0,1.0,0.2809228697653418,1.0,2.3101626991137755e-09,1.079793803232972e-09
169,cg80,0.7904086125813603,0.9609120521172638,0.24392424592600093,0.6213592233009708,0.45156922122241244,0.03514490517574524
169,pcg80,0.9999972060296116,1.0,0.2809228697653418,1.0,0.0006607067038346488,9.425276279591362e-05
169,poisson_pcg80,1.0,1.0,0.2809228697653418,1.0,3.502717894704475e-13,2.389273310571335e-14
169,poisson,0.6312661267970817,0.9159524788379031,0.22290740619224078,0.46601941747572817,19.553478814056696,86.6936153844575
169,amg,0.9944883457907158,0.9983028156393957,0.27965798980335477,0.9223300970873787,0.15305370560777018,0.0560880864796383
169,oracle,1.0,1.0,0.2809228697653418,1.0,4.3398089564365426e-13,2.8241497049710966e-14
170,ensemble,0.32170895992775905,0.6460263748774548,0.1367056470269652,0.14563106796116504,,
170,raw,0.3893416511694442,0.7514942601435755,0.24142524733788875,0.3883495145631068,,
170,smoothed,0.604279077408626,0.8977156530997333,0.24061112968996226,0.4077669902912621,,
170,prediction_magnitude,0.3721119845683427,0.6501375668068688,0.08247896377727632,0.019417475728155338,,
170,boundary_distance,0.3657260619147955,0.6435543889609225,0.08709624796654675,0.022065313327449248,,
170,jacobi1,0.30746989217509474,0.6517293359897958,0.17380752200957134,0.23300970873786409,0.9493615436723291,0.5069859337739623
170,jacobi5,0.3236643815714183,0.6732551152714968,0.18901655953365537,0.23300970873786409,0.9153265176805033,0.3565404850983472
170,jacobi10,0.29789365925184175,0.6532156899950455,0.20398563440345857,0.2815533980582524,0.8999337928892827,0.2939810355074038
170,jacobi20,0.32613130096201987,0.6700188693168042,0.19134946933395566,0.2524271844660194,0.8889137051608738,0.2262466680015425
170,jacobi40,0.36892420964165645,0.6942959847358823,0.19049380453209455,0.27184466019417475,0.8869968760145783,0.16894549941402348
170,jacobi80,0.39685973374579786,0.7114575756617437,0.1835112163665975,0.2621359223300971,0.8866178293424578,0.14346396339858333
170,cg5,0.4003703687146842,0.7594741890937458,0.2531453425157435,0.4174757281553398,0.9519061432344635,0.3144295736682018
170,pcg5,0.29953179761819604,0.6795167768255274,0.2014415495081455,0.2621359223300971,0.8999267893442803,0.22164431446497623
170,poisson_pcg5,0.5479518408912095,0.8701495841371241,0.27836572687549116,0.5339805825242718,0.8210590265646233,0.1816946599725037
170,cg10,0.3917588490630141,0.7355238607254673,0.2469165277174628,0.36893203883495146,0.9101796543718556,0.19976973972281925
170,pcg10,0.38975398531936195,0.6903639986085196,0.18282657038062455,0.2524271844660194,0.9149730805582583,0.09033525848838607
170,poisson_pcg10,0.9661883426614691,0.9995994223248263,0.3792108778080633,0.9611650485436893,0.11794964698353502,0.03961963525146265
170,cg20,0.38300712797725484,0.7438200352086694,0.2574924839397288,0.39805825242718446,0.8579398684496234,0.12150401321678146
170,pcg20,0.40671061395822905,0.7161169265150796,0.17952636278690434,0.2524271844660194,0.8883697869714797,0.06894145047868526
170,poisson_pcg20,0.9999990835777127,1.0,0.37952610465530023,1.0,0.00021979194285524142,0.0002796378062982476
170,cg40,0.40367963664973894,0.8227654617711858,0.2771070019101551,0.5145631067961165,0.7529692266512771,0.07567480994458976
170,pcg40,0.37328095942707956,0.9654554462751547,0.32220179279687067,0.6796116504854369,0.6187521480584998,0.03883121812932384
170,poisson_pcg40,1.0,1.0,0.37952610465530023,1.0,2.950933892209344e-08,1.1697401988979239e-08
170,cg80,0.5681099907910735,0.9715168189915984,0.3245521905861084,0.6893203883495146,0.5401606675837264,0.03785893655972303
170,pcg80,0.8841574838173235,0.9988404330455499,0.3792571473174365,0.970873786407767,0.1840674389007071,0.013720575889007856
170,poisson_pcg80,1.0,1.0,0.37952610465530023,1.0,3.255988163763803e-13,3.738487793282744e-14
170,poisson,0.4005756137794149,0.7294624880090236,0.1653856973753258,0.20388349514563106,25.840098068141575,82.23487364494947
170,amg,0.9378973025892281,0.9934431759484731,0.3719561317211327,0.8737864077669902,0.24605452595650637,0.06170354217120835
170,oracle,1.0,1.0,0.37952610465530023,1.0,3.0311379940486756e-13,3.436606549978241e-14
171,ensemble,0.14358278646019595,0.5774748848339184,0.13033851276460698,0.1650485436893204,,
171,raw,0.2746725354945998,0.6236783572098711,0.16903481818224408,0.24271844660194175,,
171,smoothed,0.3934220549316929,0.7433456669091216,0.164454004476846,0.24271844660194175,,
171,prediction_magnitude,0.3739206110077962,0.7725245880901932,0.1770213521374278,0.2815533980582524,,
171,boundary_distance,0.31186484453828534,0.6939006778195924,0.13472333296429936,0.14320388349514562,,
171,jacobi1,0.25346112581360414,0.6000548158923922,0.1748470805304949,0.2524271844660194,0.915566343871915,0.5694014850658117
171,jacobi5,0.43137275588298396,0.7468243677724719,0.2185862920906599,0.4077669902912621,0.7970107879686527,0.3400467388943809
171,jacobi10,0.4959691724483227,0.8319682067824126,0.25254179269132565,0.5339805825242718,0.7103197884893286,0.2495629095380095
171,jacobi20,0.5948348428224017,0.92724244436714,0.28506313081934864,0.6699029126213593,0.6017878271181512,0.19085150726418654
171,jacobi40,0.6833850739396323,0.9765662060023402,0.30140329525032034,0.7572815533980582,0.4896956535204549,0.17309910728535538
171,jacobi80,0.7539709360024318,0.9870760992167652,0.31313693326691205,0.7864077669902912,0.40058528198916776,0.16615271535817058
171,cg5,0.2853103989342679,0.6429377101715105,0.17471254862493757,0.2815533980582524,0.9478012860440136,0.29720437733997607
171,pcg5,0.48925310465989547,0.8304291451883242,0.24668042236108612,0.5145631067961165,0.6904309954180495,0.1664821270438621
171,poisson_pcg5,0.946359590694514,0.9976281585022612,0.3325533069062001,0.912621359223301,0.1946815405066399,0.09284252937149816
171,cg10,0.29362201380444886,0.658391575219,0.1855199636928148,0.32038834951456313,0.9183319060093963,0.22133014334560902
171,pcg10,0.6248016281024246,0.949579920516956,0.28748668913912956,0.7087378640776699,0.5504989029977936,0.0613132933561758
171,poisson_pcg10,0.9995173248515842,0.9999683754466968,0.33478220635639205,0.9902912621359223,0.013463652203163248,0.005643191849011269
171,cg20,0.318611296134039,0.6881081138062258,0.2126164326079626,0.39805825242718446,0.8249835348346105,0.1274526170717604
171,pcg20,0.7493457191903296,0.9847464237900972,0.31525304851749975,0.7766990291262136,0.3993512173330338,0.036936117081959485
171,poisson_pcg20,0.999999798834132,1.0,0.3347948669703505,1.0,0.00010240443866331102,6.37223577468791e-05
171,cg40,0.519180752002718,0.8002487798193184,0.2543116888342464,0.5048543689320388,0.6753139301382679,0.07651885514781492
171,pcg40,0.8967613301087187,0.9923679411361648,0.3275757490524988,0.8543689320388349,0.24364145203575552,0.026037985535862146
171,poisson_pcg40,1.0,1.0,0.3347948669703505,1.0,1.0991783517253948e-11,1.3873923969070878e-11
171,cg80,0.7856265981510621,0.9812993474800502,0.3156379312207228,0.7864077669902912,0.3705214176857763,0.02850555430221071
171,pcg80,0.9985607140941276,0.9999683754466968,0.33469691218955167,0.9902912621359223,0.022419071926485765,0.0016190081262858098
171,poisson_pcg80,1.0,1.0,0.3347948669703505,1.0,9.063267596168739e-13,8.803201485526528e-14
171,poisson,0.4354407432408267,0.902617458861727,0.21954006907625429,0.44660194174757284,23.74086106873724,81.1089084369985
171,amg,0.9937540456691223,0.999609963842594,0.3340129061111362,0.9611650485436893,0.09990907307431493,0.04621575056607016
171,oracle,1.0,1.0,0.3347948669703505,1.0,9.316547800126633e-13,9.035838661214846e-14
172,ensemble,0.12691734541520633,0.5612831135426879,0.09974190529931169,0.0970873786407767,,
172,raw,0.31308278869537226,0.6996405342441204,0.1432043154108898,0.24271844660194175,,
172,smoothed,0.3474387114655604,0.7082002466715157,0.13592758675437747,0.1941747572815534,,
172,prediction_magnitude,0.1901626873077748,0.5539989247651876,0.08588593916257158,0.009708737864077669,,
172,boundary_distance,0.45069843914579755,0.7975448805118961,0.1782226450138323,0.3451015004413063,,
172,jacobi1,0.26078447982976893,0.6804444303890874,0.15769463053446434,0.24271844660194175,0.876783502737129,0.4741883863210253
172,jacobi5,0.3873468680709534,0.7765303648419299,0.1988500644933803,0.3786407766990291,0.7678408002005694,0.2614463011090004
172,jacobi10,0.46826810716329303,0.834740625955325,0.210162785290129,0.4174757281553398,0.7069241552299738,0.20084592652378874
172,jacobi20,0.5263213244760746,0.8669449627357347,0.22465744497874648,0.4563106796116505,0.6511557407595217,0.1563728977108183
172,jacobi40,0.5593566939060153,0.8852872036515818,0.22868760007327046,0.46601941747572817,0.6085642993700063,0.1307320913162641
172,jacobi80,0.5976683199520777,0.9127583989542815,0.24254397715299303,0.5436893203883495,0.5595151785810135,0.11514148818439811
172,cg5,0.3102976472534153,0.7082634957781221,0.150976309429051,0.2815533980582524,0.9391486602981635,0.28954018051402924
172,pcg5,0.4638093327551677,0.8336126835541782,0.21320505788677238,0.4368932038834951,0.7022093293885375,0.1805973993362059
172,poisson_pcg5,0.5905408232601387,0.9301624447888007,0.255917737096036,0.5825242718446602,0.6287923252047962,0.19117552593387702
172,cg10,0.3074329447106788,0.7380959910607929,0.15844485312134154,0.30097087378640774,0.8826620527778195,0.20907281286489582
172,pcg10,0.5500237487483012,0.874186985442164,0.2222939213178916,0.44660194174757284,0.6167402692473474,0.10984189365852094
172,poisson_pcg10,0.9740216298011586,0.997364620558068,0.28797117445642856,0.912621359223301,0.11994722311460553,0.03381431863284563
172,cg20,0.34724459757885695,0.7917101504274585,0.1982973185412429,0.4077669902912621,0.7658533395615231,0.1240315300316717
172,pcg20,0.6675154338924254,0.9510346499689025,0.25195273244886646,0.5922330097087378,0.4733121705186565,0.07066019004964845
172,poisson_pcg20,0.9999935626922252,1.0,0.28955990504440254,1.0,0.001193464849444229,0.0005296593299283632
172,cg40,0.6197466874687074,0.9070765208774759,0.2630439734576608,0.6699029126213593,0.5364928414510253,0.07319151258548294
172,pcg40,0.9704901965167013,0.9984609384059117,0.28849505752319154,0.9514563106796117,0.1113412146187246,0.012518176215844619
172,poisson_pcg40,1.0,1.0,0.28955990504440254,1.0,5.102462464048121e-08,4.4318701680261976e-08
172,cg80,0.8866000062584937,0.985768951013567,0.2807598292395674,0.7961165048543689,0.25355225763397915,0.02587752392695607
172,pcg80,0.9999411478077389,1.0,0.28955990504440254,1.0,0.004381426797312721,0.00046019079987949394
172,poisson_pcg80,1.0,1.0,0.28955990504440254,1.0,5.4963416343507005e-14,8.553468673063305e-15
172,poisson,0.31447978506544594,0.7216512233431369,0.17794110663962628,0.3786407766990291,28.904307479621107,83.6234915377026
172,amg,0.9688909613940346,0.9977230321621707,0.28801409203545,0.912621359223301,0.12451990594343204,0.041597273363328836
172,oracle,1.0,1.0,0.28955990504440254,1.0,4.981963805779327e-14,8.002269625701182e-15
173,ensemble,0.3101692810778914,0.6876969946132844,0.14650086683159633,0.20388349514563106,,
173,raw,0.22152700540018597,0.6689963420933346,0.1600508817776363,0.24271844660194175,,
173,smoothed,0.28363610659108784,0.7226315844955357,0.19372266529572413,0.30097087378640774,,
173,prediction_magnitude,0.5367673315571132,0.8272245237869349,0.147886468081843,0.14563106796116504,,
173,boundary_distance,0.3593796592447523,0.6831904957675806,0.10322131855866115,0.07060900264783761,,
173,jacobi1,0.3434416909555825,0.7246660974247072,0.1892096209233192,0.33980582524271846,0.9352451623137715,0.4958497259513529
173,jacobi5,0.3742849112187969,0.7358717308118022,0.2048221699782247,0.3786407766990291,0.8776877243916366,0.2432065384270797
173,jacobi10,0.40890107556684063,0.7474252342852324,0.21284974555859393,0.3883495145631068,0.851725189743137,0.16682811645494194
173,jacobi20,0.46508628898147486,0.7770574407303164,0.22751168520479206,0.4368932038834951,0.8293597942111142,0.1187046699164909
173,jacobi40,0.5004190396788498,0.7840991745991588,0.23555474192837011,0.47572815533980584,0.8072174460877656,0.09922067795474329
173,jacobi80,0.5321926744331592,0.7897705111581965,0.2411317032063801,0.4854368932038835,0.779282215472785,0.09086752083021779
173,cg5,0.24489217509477143,0.6940640713449923,0.1660024410102451,0.2621359223300971,0.9633235600117962,0.25390130866016297
173,pcg5,0.40227334194621267,0.7414903597820014,0.20743000355166108,0.3786407766990291,0.8477289429619035,0.15157270057226888
173,poisson_pcg5,0.2655120230133753,0.7551837913622803,0.1830554726108361,0.21359223300970873,0.8352430188047645,0.16885872765869242
173,cg10,0.2949404101995565,0.7208816925460928,0.20248473767783384,0.3300970873786408,0.9317183135784655,0.18412558068873955
173,pcg10,0.4860673190401259,0.7877254567112573,0.22926169148105027,0.46601941747572817,0.8207977322403538,0.09699977634945045
173,poisson_pcg10,0.9452722221228809,0.997364620558068,0.3487886149205901,0.912621359223301,0.18600333751862078,0.047321073197756025
173,cg20,0.370606325101924,0.7522005418340133,0.21612126991706376,0.3786407766990291,0.8754034757570688,0.10855752799081353
173,pcg20,0.5858114807596022,0.8140370850595069,0.250907472752803,0.5048543689320388,0.7338424075945895,0.07959468245712274
173,poisson_pcg20,0.9999900869930618,1.0,0.3523372997372855,1.0,0.0018855198737987126,0.0008161783842814809
173,cg40,0.449262078892783,0.7501976534581449,0.23121823005258277,0.39805825242718446,0.7883979793719312,0.07369554887895954
173,pcg40,0.6198077077819898,0.940893709876348,0.3056350138680291,0.6796116504854369,0.5521567425164869,0.04649378926387956
173,poisson_pcg40,1.0,1.0,0.3523372997372855,1.0,2.8915421671107676e-07,1.1831357145282219e-07
173,cg80,0.5505105142693656,0.9494112562326724,0.30188380899824074,0.6601941747572816,0.5899754421221596,0.04458961429027274
173,pcg80,0.9130714116479507,0.9964264254767401,0.3476277573304773,0.8932038834951457,0.23075338600258471,0.017833700942084793
173,poisson_pcg80,1.0,1.0,0.3523372997372855,1.0,2.4532386111019487e-13,1.803274108722346e-14
173,poisson,0.22928458711823188,0.6870223374761498,0.15122628629201587,0.23300970873786409,20.12808131102558,87.97394282441293
173,amg,0.860662170982047,0.9942970388876591,0.346588623549181,0.883495145631068,0.35909968110157925,0.053569246779784876
173,oracle,1.0,1.0,0.3523372997372855,1.0,2.132325717544226e-13,1.5565619786240092e-14
174,ensemble,0.12408520939131679,0.6367182146885508,0.12180164330374593,0.17475728155339806,,
174,raw,0.24608835204920962,0.6589924417317605,0.16248375945184165,0.2815533980582524,,
174,smoothed,0.3412143265860811,0.7469930320567555,0.173422672247474,0.3300970873786408,,
174,prediction_magnitude,0.23662485024318713,0.7086746149710635,0.09155892618572245,0.07766990291262135,,
174,boundary_distance,0.24221885113776295,0.7283925239555992,0.11506073649053979,0.1529126213592233,,
174,jacobi1,0.2588648545347257,0.6669196630930921,0.17411195272509156,0.32038834951456313,0.8564698760675931,0.44814980742231336
174,jacobi5,0.4256601481474859,0.7518948378187491,0.20410671201164812,0.39805825242718446,0.7021034235945799,0.2162387430659121
174,jacobi10,0.5648089930083685,0.8447550678346668,0.2275119079644527,0.49514563106796117,0.6018638429658458,0.18972862003384147
174,jacobi20,0.7028093707531649,0.9087104561314738,0.24180330049163137,0.5825242718446602,0.4901244937408126,0.1769721515846128
174,jacobi40,0.8036634316214862,0.9299621559512139,0.2510522315726394,0.6601941747572816,0.40356845439971223,0.16857994541145327
174,jacobi80,0.8416078405514625,0.9357810737589998,0.2536186513198072,0.7087378640776699,0.36832309833468907,0.16144934140093423
174,cg5,0.25261343519776835,0.66219706313315,0.164072490942899,0.27184466019417475,0.9631621274788821,0.3246346203728034
174,pcg5,0.4989832853515485,0.8056460369163952,0.22257393313709695,0.4854368932038835,0.6369632981241883,0.09809503658490233
174,poisson_pcg5,0.9421359791860381,0.9920306125675975,0.2724147103415795,0.8543689320388349,0.31720843656904785,0.1758722684703213
174,cg10,0.2651250916422287,0.6611218283208417,0.17199013649999123,0.30097087378640774,0.8481789598352625,0.20342202850537902
174,pcg10,0.7805400185966669,0.931701506382889,0.2519726564017827,0.6601941747572816,0.4132487306016233,0.04592805534645312
174,poisson_pcg10,0.9996466745046848,0.9999578339289291,0.2781002794222375,0.9805825242718447,0.014647047896895311,0.01126226932845624
174,cg20,0.33855594199270433,0.7124801028852135,0.18532075276829296,0.3300970873786408,0.7491604187967323,0.12349819767985666
174,pcg20,0.8408974456405122,0.9329875715505519,0.2538096531134436,0.7087378640776699,0.3669437616652613,0.03230484102146352
174,poisson_pcg20,0.9999998547135397,1.0,0.27815388619895187,1.0,6.172393109812516e-05,6.232882704669349e-05
174,cg40,0.7847837913954652,0.9737937868294277,0.25844283226014364,0.6990291262135923,0.36597148466794954,0.04034933321734098
174,pcg40,0.8981976655818611,0.9878245469782739,0.26909998957156733,0.7961165048543689,0.23107537417472435,0.016151591124421143
174,poisson_pcg40,1.0,1.0,0.27815388619895187,1.0,5.699854708090515e-13,2.5837053463471956e-13
174,cg80,0.9794438993097774,0.9962050536036179,0.2759958621207559,0.8932038834951457,0.10401267161874929,0.010425450692940763
174,pcg80,0.9994970182748014,0.9999156678578581,0.27813427003225727,0.9805825242718447,0.014827595516850043,0.0014776417597600984
174,poisson_pcg80,1.0,1.0,0.27815388619895187,1.0,2.1618615712464514e-13,2.6657385444820124e-14
174,poisson,0.36181328678206137,0.8274142711067539,0.20268838292112507,0.4854368932038835,14.920309200672325,79.14747065005494
174,amg,0.9817479972820256,0.9942021652277495,0.27357510194746437,0.8543689320388349,0.14547649827359285,0.03422628911303354
174,oracle,1.0,1.0,0.27815388619895187,1.0,2.0976482057266023e-13,2.6268717984563846e-14
175,ensemble,0.21426825915528216,0.7622255252311227,0.19790772658418634,0.3300970873786408,,
175,raw,0.14619089076246333,0.6373928718256855,0.16398766981512716,0.2621359223300971,,
175,smoothed,0.16408884155282166,0.7060076109758283,0.19642433749055144,0.3592233009708738,,
175,prediction_magnitude,0.3822357015771404,0.7816219179237427,0.12293817351876603,0.0970873786407767,,
175,boundary_distance,0.2969200203738927,0.756981120141678,0.13238363341197848,0.1328331862312445,,
175,jacobi1,0.35007410727058147,0.6780725888913486,0.17564875077495878,0.20388349514563106,0.9522230825035282,0.5552039533447702
175,jacobi5,0.4560698336134754,0.6237416063164775,0.19078306965376426,0.21359223300970873,0.9055262154583916,0.31311185611957687
175,jacobi10,0.5041470455439525,0.6071070912790023,0.21133394657415383,0.2524271844660194,0.8774052415584301,0.23688059155155694
175,jacobi20,0.5701422577962949,0.6372663736124727,0.23085068251980878,0.27184466019417475,0.8434612615971286,0.18150133428920096
175,jacobi40,0.6495199288319863,0.6815829143080021,0.2386448194374931,0.2912621359223301,0.8017211579442444,0.1476289681956613
175,jacobi80,0.7138303098848436,0.7134920885909153,0.255812340151611,0.3592233009708738,0.7568457489765491,0.13048195536180177
175,cg5,0.20039241872898933,0.6201996563465207,0.16322429728114746,0.1941747572815534,0.9653483820507418,0.2947656037398578
175,pcg5,0.48698332781989834,0.6003816029431918,0.19818270857907616,0.21359223300970873,0.8778964812780639,0.21225199838748643
175,poisson_pcg5,0.5597471680316143,0.980181946596671,0.32824830606021305,0.7378640776699029,0.5755987966083346,0.15318381838095613
175,cg10,0.3217668509942064,0.6352529437188367,0.187481482066321,0.22330097087378642,0.9348975976887701,0.2043376438750855
175,pcg10,0.6266666592160789,0.6802546830692683,0.2328312608565409,0.2815533980582524,0.8144683766220543,0.11907120794590502
175,poisson_pcg10,0.9803859143659253,0.999609963842594,0.378257097196706,0.9611650485436893,0.08181635106688091,0.04264046905069173
175,cg20,0.4290127226235605,0.6123251425740278,0.19610554475715378,0.18446601941747573,0.8870314342676359,0.12885907618887746
175,pcg20,0.7398257456548173,0.722810790297587,0.264983245800973,0.39805825242718446,0.7304198419065181,0.08961320376236169
175,poisson_pcg20,0.9999919645411629,1.0,0.37896698351329305,1.0,0.0012099114042439718,0.0006846389006691137
175,cg40,0.5388903914240755,0.6235834835499615,0.22636977109323628,0.27184466019417475,0.8041163514692504,0.0945603082904978
175,pcg40,0.9353228712180817,0.9985558120658212,0.3763816120273233,0.9320388349514563,0.24191390519409178,0.04357541992774728
175,poisson_pcg40,1.0,1.0,0.37896698351329305,1.0,1.6970405497386933e-07,1.012191086590863e-07
175,cg80,0.7749046920821113,0.9761023792205602,0.34605095090145793,0.7475728155339806,0.4676629478659697,0.05614289832258421
175,pcg80,0.9993223168943565,1.0,0.37896698351329305,1.0,0.009997434901718063,0.002064277938055131
175,poisson_pcg80,1.0,1.0,0.37896698351329305,1.0,7.242967957269824e-14,1.0462534088386511e-14
175,poisson,0.4312789231814605,0.7960427142299948,0.18588361712923285,0.21359223300970873,22.382559089005277,84.99495110940683
175,amg,0.853930903994707,0.8874798393472693,0.3243124597229733,0.6116504854368932,0.5737206387086394,0.08299628117816633
175,oracle,1.0,1.0,0.37896698351329305,1.0,7.602593605614792e-14,9.647182950795189e-15
176,ensemble,0.5731762525928044,0.7436935369954566,0.20628392942260246,0.3106796116504854,,
176,raw,0.4313747228381374,0.6651065220370429,0.14254852096038328,0.1553398058252427,,
176,smoothed,0.6813132666654745,0.7889482727723137,0.16537008155589888,0.18446601941747573,,
176,prediction_magnitude,0.6098187048494386,0.7917523164985295,0.1892313011330084,0.2621359223300971,,
176,boundary_distance,0.8629156300480003,0.8912378904314643,0.21624331113936207,0.3724624889673433,,
176,jacobi1,0.40094788239396323,0.6796011089676691,0.1882956973267946,0.2621359223300971,0.9736987172882486,0.5979624864150794
176,jacobi5,0.42110436708747584,0.8369859692398511,0.22558182300619933,0.49514563106796117,0.920328772649651,0.41220663762519955
176,jacobi10,0.4352988095450968,0.9018479280646827,0.253151962290725,0.6504854368932039,0.8765990287303255,0.3578744923607871
176,jacobi20,0.500297501966955,0.9599211494470974,0.26765386284836656,0.7184466019417476,0.8164400742608434,0.30783478977919737
176,jacobi40,0.5756109854445318,0.9805087336474706,0.2781348273680329,0.7766990291262136,0.739374454224387,0.263107529891564
176,jacobi80,0.6797595062048494,0.9846515501301878,0.2802543682982701,0.7864077669902912,0.6473688776273007,0.22995306191871603
176,cg5,0.4388197375008941,0.6827530227802199,0.14893859009446517,0.17475728155339806,0.987922305325839,0.4320139588115316
176,pcg5,0.4180530049710321,0.8938363745612093,0.257891464533985,0.6504854368932039,0.8671032292309399,0.3538428293703921
176,poisson_pcg5,0.9149518207746226,0.9349482938553493,0.26136568496568297,0.5631067961165048,0.33440717116355845,0.20527578916172043
176,cg10,0.4469095558257634,0.7277336790951161,0.18718031931292253,0.34951456310679613,0.965378903656291,0.33849635362068514
176,pcg10,0.5395071547993705,0.9757861336875283,0.2750694022722114,0.7087378640776699,0.7056591701862718,0.25913893885955935
176,poisson_pcg10,0.9944496213611327,0.9965318406544175,0.2877208416021933,0.9029126213592233,0.06513840146748755,0.05532751058005064
176,cg20,0.48370216722695075,0.7794609067813584,0.224077494088655,0.4563106796116505,0.9151979141901585,0.27950409716529095
176,pcg20,0.8629058744903797,0.9810041849825538,0.2778963704222144,0.7378640776699029,0.49241943437199015,0.20414990629567445
176,poisson_pcg20,0.9999909698877045,1.0,0.28925253222726033,1.0,0.0018603195886525328,0.0029388885722859016
176,cg40,0.5259609805271439,0.9019111771712891,0.25481981888995725,0.5145631067961165,0.725231186848736,0.1951329528884585
176,pcg40,0.9959942175988841,0.9990512634009044,0.28844700432100107,0.9320388349514563,0.05203725053992737,0.022027797926724973
176,poisson_pcg40,1.0,1.0,0.28925253222726033,1.0,7.942232867028023e-08,8.790756367299933e-08
176,cg80,0.761248468904227,0.9624827382646554,0.27453556213477126,0.6990291262135923,0.42439917680116446,0.09584869242010514
176,pcg80,0.9999987035977396,1.0,0.28925253222726033,1.0,0.0002938030592316987,9.920623756433582e-05
176,poisson_pcg80,1.0,1.0,0.28925253222726033,1.0,1.726529483418779e-14,8.517632337745879e-15
176,poisson,0.6643296594485373,0.756944224829491,0.2223651455345337,0.4174757281553398,10.050478415380075,77.15710313048275
176,amg,0.9931606510621557,0.9977757397510093,0.2880685030798391,0.9223300970873787,0.14667931846522916,0.08422358389255812
176,oracle,1.0,1.0,0.28925253222726033,1.0,3.179480186196827e-14,1.3641505075585608e-14
177,ensemble,0.42990912890708816,0.759347690880533,0.21368521391780504,0.32038834951456313,,
177,raw,0.14343154325513194,0.6017098341819255,0.15271088880905978,0.20388349514563106,,
177,smoothed,0.23307550202059935,0.7194691291652172,0.16910583079202937,0.24271844660194175,,
177,prediction_magnitude,0.780356074762177,0.9172912515944046,0.27843819243190226,0.4368932038834951,,
177,boundary_distance,0.48471218109436714,0.8283261123936625,0.17828568380979462,0.25132391879964694,,
177,jacobi1,0.2876907052428295,0.6545544627515469,0.1702400502068671,0.22330097087378642,0.9800252418759956,0.6501193046554986
177,jacobi5,0.3345002369286889,0.6504432708221329,0.19232206542266564,0.23300970873786409,0.9446811837598693,0.4837227994886637
177,jacobi10,0.3813858428402832,0.7190158439012049,0.22278384906565932,0.3106796116504854,0.9109795545994643,0.42658343058995407
177,jacobi20,0.423900818521565,0.8002487798193184,0.26314043303612406,0.39805825242718446,0.8533579712813912,0.36745736619556646
177,jacobi40,0.47385251636149056,0.8722578876906697,0.3050313095327756,0.5339805825242718,0.7605419613005572,0.30080354633050416
177,jacobi80,0.5580389233602746,0.9589407882946986,0.34767303337890265,0.7184466019417476,0.6323654767359185,0.2317428891556334
177,cg5,0.15607952310278234,0.6072862970810537,0.1587688345488221,0.21359223300970873,0.9698619891081256,0.4032379083722035
177,pcg5,0.40768195452757305,0.7432929593202829,0.24484967381630537,0.34951456310679613,0.9049848574656112,0.37230913406207855
177,poisson_pcg5,0.7839335526786352,0.9945922013851555,0.3756557654359051,0.8737864077669902,0.3289051893835483,0.1272450842394177
177,cg10,0.17498835473142121,0.6420100566079504,0.15515605504993082,0.21359223300970873,0.9262377495060733,0.2883651728715087
177,pcg10,0.46656099125599015,0.8547378851607055,0.29468144255789164,0.47572815533980584,0.7159044924577723,0.2317184771776851
177,poisson_pcg10,0.9218422434911664,0.9989563897409949,0.38044169179054504,0.941747572815534,0.14436879195801017,0.06157734666468542
177,cg20,0.18971632259852655,0.6977008949748584,0.19894701838001955,0.3592233009708738,0.8591624572529821,0.18834504723323992
177,pcg20,0.5917269530970602,0.9943708295120331,0.37317940011847106,0.912621359223301,0.47966671921280896,0.11616748658274868
177,poisson_pcg20,0.9999271444281524,1.0,0.3818238723417299,1.0,0.0030285269322658528,0.0021005463853584227
177,cg40,0.26579129711751664,0.8151650274606538,0.26948589006281587,0.5242718446601942,0.747121784970498,0.12477722308595034
177,pcg40,0.7349235793219369,0.9991250540252785,0.38084641892655197,0.9514563106796117,0.30542066678997615,0.06403315383054026
177,poisson_pcg40,1.0,1.0,0.3818238723417299,1.0,2.871281547952886e-07,3.1789091904062904e-07
177,cg80,0.6389015002503396,0.9793597082107882,0.3701813690877849,0.8252427184466019,0.4696335858477123,0.06677706455709069
177,pcg80,0.9995728913346685,1.0,0.3818238723417299,1.0,0.009702204198454014,0.003156289933925627
177,poisson_pcg80,1.0,1.0,0.3818238723417299,1.0,2.747007819218407e-14,1.0287146590362261e-14
177,poisson,0.4023133180745297,0.8440593276619968,0.20657468915505534,0.3592233009708738,20.004329748224375,83.5729696268102
177,amg,0.9919712578678206,0.99930425982733,0.3812764898210659,0.970873786407767,0.1602804689287859,0.09164544491550365
177,oracle,1.0,1.0,0.3818238723417299,1.0,3.00828957481363e-14,8.686242276236308e-15
178,ensemble,0.5057917329768972,0.7464870392039046,0.20845182875413126,0.2912621359223301,,
178,raw,0.12926553224018308,0.6788632027239282,0.13676183482889162,0.2524271844660194,,
178,smoothed,0.14556299620914095,0.7566596038497623,0.18628489654732108,0.3786407766990291,,
178,prediction_magnitude,0.792575448376368,0.9060012860651676,0.22474862066309692,0.33980582524271846,,
178,boundary_distance,0.5655900847220064,0.840132612293518,0.20505072166442695,0.2921447484554281,,
178,jacobi1,0.3082978238323439,0.6624606010773432,0.1901470755120949,0.33980582524271846,0.9713213598326023,0.49950405883060517
178,jacobi5,0.3155612304198555,0.6481241369132328,0.17806673455441474,0.2621359223300971,0.9448120240316296,0.2868762074087128
178,jacobi10,0.348567039643087,0.6437072409685547,0.18142807168043604,0.2524271844660194,0.9242179841408579,0.202993420607959
178,jacobi20,0.4118048489914884,0.6918608941315371,0.18522705795768984,0.2621359223300971,0.8922482242137544,0.1374889944958564
178,jacobi40,0.4988266441956941,0.7520951266563359,0.195248443221256,0.2815533980582524,0.8449857310063109,0.11095491532056156
178,jacobi80,0.6137909819576568,0.7796928201722484,0.2070240708921079,0.3300970873786408,0.7865597348744813,0.10205295989545088
178,cg5,0.13672200218153205,0.6759853683733384,0.14165709335256504,0.2621359223300971,0.9847666776786521,0.3059471234957692
178,pcg5,0.3567149725520348,0.6394906338614633,0.17802616233356297,0.23300970873786409,0.9235228040807857,0.1870349574269395
178,poisson_pcg5,0.9196405165939487,0.9852734996784837,0.3038919496611783,0.8252427184466019,0.5071839983257544,0.1837182746426277
178,cg10,0.1928895129997854,0.6830903513487872,0.18253885994478902,0.33980582524271846,0.9738890917883373,0.23459293478867854
178,pcg10,0.4492495842572062,0.7279445094504707,0.1870921825834632,0.2524271844660194,0.8742254455053509,0.11344643089731894
178,poisson_pcg10,0.9869888375295043,0.99976808660911,0.3094338273198562,0.970873786407767,0.058443504054786155,0.03602035619351407
178,cg20,0.30124849125599024,0.7181830639975544,0.19528562260004914,0.3592233009708738,0.944006410292716,0.1513372639704456
178,pcg20,0.66349907910736,0.7830133982690828,0.2202499721083726,0.34951456310679613,0.7423860709383574,0.09674035462950295
178,poisson_pcg20,0.9999971277984409,1.0,0.3096752229265932,1.0,0.0006760820837842348,0.0006392719076843046
178,cg40,0.40033205779271863,0.7826022790761414,0.2068331042201428,0.3883495145631068,0.8880481697304154,0.11414715784118853
178,pcg40,0.8791069129532937,0.9229415051179068,0.2737256995983547,0.5048543689320388,0.427872795090798,0.07009961845829916
178,poisson_pcg40,1.0,1.0,0.3096752229265932,1.0,1.952720001990439e-08,1.886494979813105e-08
178,cg80,0.6481880431478434,0.9593624490054078,0.257291448757415,0.6019417475728155,0.6815684188883264,0.08419355359877455
178,pcg80,0.9997814109326942,0.9999894584822323,0.30965518613996285,0.9902912621359223,0.007603097259313109,0.002692577025908641
178,poisson_pcg80,1.0,1.0,0.3096752229265932,1.0,2.0548387276906497e-13,3.296854493818174e-14
178,poisson,0.5956433955010372,0.9259458376817095,0.24214459319844056,0.5728155339805825,15.18422480160983,81.79466705796627
178,amg,0.8586167499642371,0.9435396308360477,0.2746956285766456,0.5631067961165048,0.5643762576862432,0.08381743763569391
178,oracle,1.0,1.0,0.3096752229265932,1.0,1.7566636645147207e-13,2.864753274538012e-14
179,ensemble,0.22201362563479005,0.6491993717255411,0.130673271368376,0.17475728155339806,,
179,raw,0.01942780604034046,0.5230806531524409,0.09663046873725865,0.07766990291262135,,
179,smoothed,-0.01403776777412202,0.43840064092428027,0.1016626323924506,0.08737864077669903,,
179,prediction_magnitude,0.40428002735855795,0.7368415504464333,0.13132726252745547,0.1650485436893204,,
179,boundary_distance,0.31276888334252645,0.6339405247567544,0.09949412837820874,0.06288614298323035,,
179,jacobi1,0.3020489861240254,0.6716000969819634,0.1714757138887724,0.2912621359223301,0.8480674500078529,0.42965094632195583
179,jacobi5,0.49225397414348043,0.7804939755225957,0.21891885636596303,0.42718446601941745,0.7145731636396682,0.23205132225808403
179,jacobi10,0.6051822115728488,0.8440487861442291,0.2487420267434149,0.5145631067961165,0.6289107589740025,0.19296369086945608
179,jacobi20,0.7292259919712467,0.9178815765893974,0.27277505740116886,0.6213592233009708,0.5147544879583563,0.17235593901436339
179,jacobi40,0.8311714335526785,0.9736567470984472,0.2971954671466841,0.7669902912621359,0.37409150452840795,0.16097853754073366
179,jacobi80,0.9048430794471066,0.9944235371008718,0.3097872591218104,0.8932038834951457,0.23465598113347827,0.1519590257494929
179,cg5,0.06257217384307273,0.5389561789106395,0.10445196385586096,0.07766990291262135,0.9357893419436906,0.19792768349190007
179,pcg5,0.5572903292861741,0.8140054605062037,0.24016780684844077,0.4854368932038835,0.6577738903762665,0.07757396201717102
179,poisson_pcg5,0.4452005511944782,0.9174388328431528,0.2380967260860054,0.5145631067961165,0.6841452205533955,0.13162864685020165
179,cg10,0.18728338906372932,0.5907361141857205,0.1322153862132796,0.13592233009708737,0.8785398747868277,0.14714732857755275
179,pcg10,0.7768522235533938,0.9357494492056966,0.2789257647126332,0.6407766990291263,0.461279695903974,0.034911338234011165
179,poisson_pcg10,0.9566889886274228,0.9955198549487155,0.312679933279848,0.8932038834951457,0.15414547825698127,0.03502382164469119
179,cg20,0.34000590086546023,0.6740878951751473,0.1824988164761241,0.2815533980582524,0.7953480002081589,0.07926512372243301
179,pcg20,0.9387351025498891,0.9980076531418993,0.31382505533952804,0.941747572815534,0.16437412153314354,0.016131070962515807
179,poisson_pcg20,0.9999833926400113,1.0,0.31518952509982395,1.0,0.00215350448163469,0.0006570523661902214
179,cg40,0.5294802544524712,0.7838672612082688,0.22397343446562074,0.4174757281553398,0.6812797234288815,0.05064459900447759
179,pcg40,0.9917945113010512,0.9996837544669681,0.3149667072745738,0.9805825242718447,0.06044669655798123,0.005580954344041874
179,poisson_pcg40,1.0,1.0,0.31518952509982395,1.0,3.413651739544845e-07,1.073258237797188e-07
179,cg80,0.8357148987912166,0.935232914835078,0.28722644647215423,0.6699029126213593,0.4172314238020883,0.02726352044617018
179,pcg80,0.999613325674129,0.9999578339289291,0.3151536197738164,0.9902912621359223,0.01150881286013131,0.000725999667512135
179,poisson_pcg80,1.0,1.0,0.31518952509982395,1.0,4.5144016092169606e-13,2.982365345680882e-14
179,poisson,0.2917466561762392,0.6577169180818654,0.11492728365158916,0.0970873786407767,28.9557112596022,85.99186600523035
179,amg,0.9762478542307416,0.9989458482232272,0.31446544347713634,0.9514563106796117,0.13006879624598208,0.03456105908421554
179,oracle,1.0,1.0,0.31518952509982395,1.0,4.393664282665594e-13,2.901493009214858e-14
180,ensemble,0.2628273862742293,0.6577169180818654,0.13837267676026932,0.2524271844660194,,
180,raw,0.20595009521851085,0.7649768613684998,0.20405315108004146,0.4174757281553398,,
180,smoothed,0.18081882331378296,0.7788178741975269,0.18961575059835298,0.3786407766990291,,
180,prediction_magnitude,0.4876303890100851,0.8129407672116631,0.11776241624308102,0.17475728155339806,,
180,boundary_distance,0.5378863936051445,0.8636612799510873,0.16385784528740444,0.30119152691968226,,
180,jacobi1,0.220433478917817,0.7440624901173271,0.19191507345372036,0.3786407766990291,0.9573442287045001,0.6887731023466701
180,jacobi5,0.20093468367784847,0.7065979359708211,0.173341648440871,0.3300970873786408,0.9143669603943152,0.49909806817549907
180,jacobi10,0.22396243115656958,0.6838071745569927,0.1778790025486277,0.3300970873786408,0.8837495260057663,0.406359663500096
180,jacobi20,0.30194168648522995,0.7136712943929667,0.18308561512602628,0.3300970873786408,0.844358151713749,0.3227083870290575
180,jacobi40,0.3954360605464559,0.7638910850384238,0.19165547132227012,0.36893203883495146,0.7987477229706813,0.28432744523659365
180,jacobi80,0.4944383225448823,0.7973498624331932,0.19546830032674012,0.39805825242718446,0.7438366670512451,0.275658324702621
180,cg5,0.19491461626493095,0.7445579414524103,0.19967271032388853,0.39805825242718446,0.9568299269690824,0.292927537013125
180,pcg5,0.20951313389600168,0.6657179300675712,0.1692351433659909,0.2524271844660194,0.8770511689466057,0.1864152662755393
180,poisson_pcg5,0.8541872340140189,0.9859797813689215,0.2884662546057352,0.8058252427184466,0.4050438411130551,0.14673795607509363
180,cg10,0.20171644776839995,0.735998229025015,0.1911739103648306,0.3592233009708738,0.9332948584075862,0.18403010028370814
180,pcg10,0.36729059750733134,0.7386863160557857,0.18658036724231788,0.3300970873786408,0.8189304438203109,0.06187457134897158
180,poisson_pcg10,0.9994408035905872,1.0,0.29889474771001995,1.0,0.017608046988147136,0.007901734424926293
180,cg20,0.2013927271833202,0.7254672527750545,0.19684199475627823,0.3786407766990291,0.8884502510538864,0.1011911250450415
180,pcg20,0.5715899256133323,0.8159978073643043,0.20242542843638564,0.4077669902912621,0.6957001330696209,0.05413781548514927
180,poisson_pcg20,0.9999997317788427,1.0,0.29889474771001995,1.0,0.00014013212630966784,7.037784243670904e-05
180,cg40,0.25912431380087253,0.8077754235054763,0.20812740948800007,0.44660194174757284,0.7995151333797096,0.06274303878895575
180,pcg40,0.8140399582469064,0.9454265625164712,0.2726584228337101,0.6699029126213593,0.3829393157341508,0.03872216803007981
180,poisson_pcg40,1.0,1.0,0.29889474771001995,1.0,1.6171502830574343e-11,1.541691151630171e-11
180,cg80,0.8127497027215504,0.9827751599675322,0.2792228615462031,0.7766990291262136,0.34446238113804606,0.023193607584209176
180,pcg80,0.9939837323868105,0.9990618049186721,0.29822892776914445,0.941747572815534,0.05132693246263291,0.006427923319937148
180,poisson_pcg80,1.0,1.0,0.29889474771001995,1.0,8.483751297139092e-13,6.62762604049699e-14
180,poisson,0.3902857672913239,0.8350041638995183,0.1936939422851502,0.3883495145631068,24.37037967557212,75.48604887147216
180,amg,0.9555045798762606,0.9940018763901627,0.2966173609102103,0.9029126213592233,0.17509860345658285,0.0490907255252167
180,oracle,1.0,1.0,0.29889474771001995,1.0,9.048764304938856e-13,7.029870431119973e-14
181,ensemble,0.38229976173020525,0.7438200352086694,0.14398389900828076,0.24271844660194175,,
181,raw,0.25271674504684927,0.7915836522142458,0.16291589669741205,0.2815533980582524,,
181,smoothed,0.3628926310707388,0.8285211304723654,0.1856312791686087,0.3883495145631068,,
181,prediction_magnitude,0.4377224670982046,0.6385524387801356,0.08563653632417778,0.009708737864077669,,
181,boundary_distance,0.5510569787858758,0.6922983671188978,0.1361344539088756,0.05516328331862312,,
181,jacobi1,0.2419283536585366,0.656567892645183,0.14593246808808347,0.23300970873786409,0.9657049206565226,0.5784201774174637
181,jacobi5,0.29300834614834415,0.691787103507163,0.1589935428710158,0.32038834951456313,0.9336885462447196,0.35947120388803555
181,jacobi10,0.3475781864673485,0.7099817631742619,0.16942374803021085,0.34951456310679613,0.90906700871715,0.29003344380123847
181,jacobi20,0.44470663310921965,0.7175400314137229,0.17871409638594243,0.36893203883495146,0.8723781578586222,0.23053863524653145
181,jacobi40,0.5438186087368572,0.7102242180829196,0.18957385489404355,0.3786407766990291,0.8216093448423724,0.18179640908100264
181,jacobi80,0.6270933990773192,0.6868009656030275,0.19526192686265215,0.3592233009708738,0.7592676322166451,0.1431566109345595
181,cg5,0.268848001305343,0.7928380928286055,0.17255471640618122,0.34951456310679613,0.9684754387898953,0.33158051673075906
181,pcg5,0.3526746902045633,0.7111202470931764,0.1672921409558246,0.34951456310679613,0.9111915345269052,0.26834326376058826
181,poisson_pcg5,0.7794280072062083,0.9097962324615498,0.23809471955219186,0.49514563106796117,0.4754803359666525,0.16133415648503688
181,cg10,0.2814440356555325,0.7786808344665465,0.19055334050889117,0.36893203883495146,0.9258882781932097,0.239301646800283
181,pcg10,0.535537861651527,0.703266816356219,0.18582498595969926,0.34951456310679613,0.8264035204425896,0.18013139272036854
181,poisson_pcg10,0.9555603810528573,0.9929477246133899,0.27951071052085685,0.8543689320388349,0.18493118870547118,0.05654029039792131
181,cg20,0.3386967245726343,0.7510304333617954,0.19822554503791978,0.33980582524271846,0.8575110015678149,0.1589990482113096
181,pcg20,0.6771443387454401,0.6323013187438727,0.1909936604339856,0.3106796116504854,0.6872321703897896,0.11133816019706586
181,poisson_pcg20,0.9999762624275803,1.0,0.28501752664226543,1.0,0.0029808662698095107,0.002154149579376492
181,cg40,0.5298546017809884,0.8385882799405459,0.21732289370692268,0.4077669902912621,0.7214998490928736,0.10578727876143912
181,pcg40,0.7437298387096773,0.7121638573521816,0.20866016782048366,0.3592233009708738,0.5510582686596348,0.0820934582550735
181,poisson_pcg40,1.0,1.0,0.28501752664226543,1.0,5.57403633651422e-07,2.4340017242947007e-07
181,cg80,0.7824263844682069,0.980065989901226,0.27469244211370997,0.7864077669902912,0.4133438613816453,0.05411969193055362
181,pcg80,0.991360842393248,0.9990301803653691,0.28448593459019184,0.941747572815534,0.06972990851991367,0.009761850702050857
181,poisson_pcg80,1.0,1.0,0.28501752664226543,1.0,7.90439076610126e-14,1.3031877306011133e-14
181,poisson,0.5861198121557828,0.825126761751157,0.1957949440234247,0.3592233009708738,27.199974113174246,84.64129473826856
181,amg,0.9309628245476003,0.9570749396498108,0.2678353311254929,0.6990291262135923,0.3265301761405546,0.08981964157310753
181,oracle,1.0,1.0,0.28501752664226543,1.0,5.852753606341545e-14,8.992107916226442e-15
182,ensemble,0.34649180137329233,0.6849878245469783,0.1725723021418491,0.27184466019417475,,
182,raw,0.34234105661254555,0.8170097930700062,0.19814807984716093,0.3786407766990291,,
182,smoothed,0.41904853014805804,0.8751884296300981,0.22742073848075223,0.4563106796116505,,
182,prediction_magnitude,0.5581693458980044,0.6813826254704153,0.11370874470010645,0.0,,
182,boundary_distance,0.4603489097688711,0.7514151987603175,0.11351146335188313,0.09466019417475728,,
182,jacobi1,0.3102116600207424,0.622676913021937,0.143822781424304,0.1650485436893204,0.9606474488980485,0.5214313153519454
182,jacobi5,0.3814129331771689,0.6701348260122493,0.15564103309847302,0.20388349514563106,0.9259615332787914,0.2927762910060843
182,jacobi10,0.4333521274408125,0.677050061667879,0.16878701570343313,0.2621359223300971,0.9093577904019667,0.2197306283488064
182,jacobi20,0.4627237411487018,0.6898158396845978,0.17491330858857781,0.2815533980582524,0.8934263824913441,0.1633134053164429
182,jacobi40,0.47904574735355115,0.7183411867640703,0.1877153007267792,0.32038834951456313,0.875939968374697,0.1250938381476583
182,jacobi80,0.48587428921393316,0.7455910101936477,0.1898778805476587,0.3106796116504854,0.8556356585871772,0.106349689777262
182,cg5,0.3512268547493026,0.8293960764470869,0.2093564161979089,0.42718446601941745,0.9641797398772991,0.26065052152647317
182,pcg5,0.43833441366855014,0.6838493406280636,0.16168574573413738,0.23300970873786409,0.9085572659667511,0.19765255009950147
182,poisson_pcg5,0.5025947379479293,0.9698934252553683,0.2749302793041612,0.7766990291262136,0.7532355473850377,0.1480623460229694
182,cg10,0.37287781185179886,0.8054352065610406,0.2088797518347828,0.4174757281553398,0.9379744997989233,0.18312401490527094
182,pcg10,0.4697912457084615,0.705670282407261,0.17452404144509245,0.2621359223300971,0.8872785349019429,0.11674964542700929
182,poisson_pcg10,0.9686982556684071,0.9989880142942981,0.3164110704343433,0.9514563106796117,0.13764852275052644,0.038396854506811955
182,cg20,0.39133505963450393,0.8608519654659877,0.223567175303619,0.5145631067961165,0.8887846982612589,0.11946893071110747
182,pcg20,0.49893987822759456,0.7563960659055691,0.18977285699441698,0.30097087378640774,0.8467912711617193,0.08995456248104916
182,poisson_pcg20,0.9998591503647806,1.0,0.3171560600888748,1.0,0.008132805706025424,0.002821368485132744
182,cg40,0.44454396815320785,0.9460801366180702,0.23373721422928495,0.6116504854368932,0.7912844932459084,0.08062661033580354
182,pcg40,0.5616457938452185,0.9574860588427522,0.27057459620385416,0.6601941747572816,0.6308773024052792,0.06354119649777674
182,poisson_pcg40,1.0,1.0,0.3171560600888748,1.0,3.947564204493138e-07,3.455942982556438e-07
182,cg80,0.6595519700844001,0.9884254134910344,0.30039265942052445,0.8058252427184466,0.5379023579398883,0.04937346702565496
182,pcg80,0.9580180468135326,0.98937415009013,0.3093633007502075,0.7961165048543689,0.19352393254060457,0.018332289173606825
182,poisson_pcg80,1.0,1.0,0.3171560600888748,1.0,9.204612846368788e-14,1.296624432277013e-14
182,poisson,0.5278907311708748,0.8921602732361406,0.2420001043264878,0.6019417475728155,22.951853983035306,86.7956497044356
182,amg,0.7856797059402044,0.9665095980519275,0.2936974998816451,0.6990291262135923,0.5212462165590354,0.08635507114952518
182,oracle,1.0,1.0,0.3171560600888748,1.0,7.082116471227756e-14,9.951391023774529e-15
183,ensemble,0.2847188930512839,0.6142015327366834,0.1491147924586961,0.17475728155339806,,
183,raw,0.09974778270509976,0.6627557635748395,0.15915081560542205,0.2524271844660194,,
183,smoothed,0.2234639756634003,0.7717445157753814,0.16876137980220618,0.27184466019417475,,
183,prediction_magnitude,0.4480211760603676,0.7306536795167768,0.15358124682740057,0.17475728155339806,,
183,boundary_distance,0.05523415001646979,0.5044906865690522,0.06136638605905879,0.0,,
183,jacobi1,0.2907431849474286,0.6435702012375741,0.20371899727984125,0.30097087378640774,0.9524521963848536,0.5050916992057234
183,jacobi5,0.4546524636113296,0.7633640091500374,0.24646698331742556,0.39805825242718446,0.8871596825268457,0.29539326826541606
183,jacobi10,0.537241367749088,0.8063206940535298,0.2520583101045875,0.4368932038834951,0.8491214014677556,0.23853825068986745
183,jacobi20,0.5805523902975467,0.8163667604861748,0.2601971618203686,0.47572815533980584,0.8116102654947505,0.19323212550473134
183,jacobi40,0.6016604454259352,0.8208047394663883,0.2718183115573428,0.5145631067961165,0.7767262636480977,0.16121998748298236
183,jacobi80,0.6235175416636863,0.8276145599443407,0.2820245349043425,0.5728155339805825,0.7351097867221499,0.1360124193522937
183,cg5,0.1565169471067878,0.706481979275376,0.16754564338936453,0.3106796116504854,0.9629045725088878,0.3008683765438959
183,pcg5,0.5284813988627423,0.7972866133265868,0.25467396604857834,0.44660194174757284,0.8483963582756207,0.22628271869996242
183,poisson_pcg5,0.6468368120127315,0.9224249707472882,0.30154818995759297,0.6019417475728155,0.6260825117636661,0.15887752653614162
183,cg10,0.23139739870180956,0.7249612599222036,0.19816692484360873,0.39805825242718446,0.9254365444399828,0.230932623868711
183,pcg10,0.5978223906551748,0.8184328979686495,0.2610987258673785,0.4854368932038835,0.7824775419024623,0.14605722319024073
183,poisson_pcg10,0.9743896068771905,0.9986085196546599,0.35408071194613355,0.9320388349514563,0.1298767357779889,0.04377086076777035
183,cg20,0.3178121311959087,0.7538555601235466,0.22739831976972175,0.4368932038834951,0.8375780098790528,0.15286233300111865
183,pcg20,0.6166162001108647,0.8359107344275428,0.2903703175825473,0.5922330097087378,0.696692500466947,0.09422243731374635
183,poisson_pcg20,0.9999949037980114,1.0,0.3556889030146721,1.0,0.0011114177493662576,0.0007592818448973261
183,cg40,0.5665229932587081,0.893151175906307,0.29911628842236787,0.6407766990291263,0.6665686683744392,0.09338585900584107
183,pcg40,0.7696065866175523,0.9529953722737,0.3199524747090247,0.6699029126213593,0.4757414149478159,0.05479601205721775
183,poisson_pcg40,1.0,1.0,0.3556889030146721,1.0,1.8011149675804093e-07,1.0287173389202652e-07
183,cg80,0.7903965314534009,0.9693558078492142,0.3248430573854886,0.6893203883495146,0.4534223953195392,0.04733560773446841
183,pcg80,0.9966414240755309,0.9999472924111613,0.35555022446277657,0.9805825242718447,0.027763689198495013,0.003804888309399264
183,poisson_pcg80,1.0,1.0,0.3556889030146721,1.0,1.228326387875611e-13,1.7907943392288977e-14
183,poisson,0.4202465175953079,0.858090087810843,0.18794836017993724,0.3592233009708738,22.703549178739127,83.85023608904795
183,amg,0.9740603989342679,0.9930215152377639,0.34996996089516763,0.8737864077669902,0.21695772686544673,0.054558905692579936
183,oracle,1.0,1.0,0.3556889030146721,1.0,1.0212133794263324e-13,1.4654972775561837e-14
184,ensemble,0.26467524005793575,0.7400567133655904,0.1526065828929244,0.2621359223300971,,
184,raw,0.28722014475001784,0.7499762815850226,0.1735992257933666,0.23300970873786409,,
184,smoothed,0.37459764591230954,0.8014610543626072,0.20469675439395607,0.32038834951456313,,
184,prediction_magnitude,0.45048997299907023,0.7389709370355144,0.1496921081169465,0.1941747572815534,,
184,boundary_distance,0.45177355598428054,0.7952679126740668,0.11241963803165764,0.07722859664607237,,
184,jacobi1,0.31223993723624915,0.698069848096729,0.20603320221794602,0.3592233009708738,0.9314132791228779,0.48553071491807637
184,jacobi5,0.3274215117838495,0.6592243551226505,0.19838962744614982,0.3106796116504854,0.8949014832658116,0.3183613170365619
184,jacobi10,0.3320682645197053,0.6641894099912505,0.19355271342466784,0.30097087378640774,0.8770167512528888,0.2868340009520641
184,jacobi20,0.35411434491452687,0.700821184234106,0.2043298313462739,0.3300970873786408,0.850310124557811,0.26629428352799245
184,jacobi40,0.4056610422180101,0.738327904451683,0.21806908236618897,0.36893203883495146,0.8072182685458869,0.24949864560841825
184,jacobi80,0.49494017550604386,0.780093397847422,0.23821778504420835,0.4563106796116505,0.740485399037456,0.23159477410339188
184,cg5,0.30225519231456976,0.7531809029864119,0.15929531541371061,0.20388349514563106,0.9539047068907017,0.2684932400116568
184,pcg5,0.3140185787854946,0.6366865901352476,0.18286448772813912,0.2621359223300971,0.8839717649715233,0.18328282940747911
184,poisson_pcg5,0.3318319616801373,0.6252279603217271,0.19734166670366285,0.22330097087378642,0.8726514647214852,0.1824065854232411
184,cg10,0.3175867807202632,0.7889271897367783,0.2016096444299596,0.3592233009708738,0.8911024667256648,0.1954680828005931
184,pcg10,0.36891026214147765,0.7260259532167441,0.2121867531423008,0.36893203883495146,0.8201887726970268,0.13165391538972235
184,poisson_pcg10,0.9695788145518917,0.9980498192129703,0.33622293301419104,0.9320388349514563,0.12667635707974048,0.051127081574929185
184,cg20,0.3903734644338745,0.8344770880111319,0.23815882478310488,0.47572815533980584,0.8054694661560154,0.11875607083579409
184,pcg20,0.634807651902582,0.8393472692198223,0.2622417400473943,0.5145631067961165,0.6214478700094018,0.09226133064950146
184,poisson_pcg20,0.9999862871933338,1.0,0.33847101860179524,1.0,0.002117670923676266,0.0007345530152089635
184,cg40,0.5452800228882053,0.854094852576874,0.27344326305152505,0.5728155339805825,0.6708215922223005,0.07112754375555758
184,pcg40,0.8563102268256918,0.9856846188714251,0.3233361522883259,0.7572815533980582,0.31358322681459183,0.02909655142958364
184,poisson_pcg40,1.0,1.0,0.33847101860179524,1.0,1.0616323967337063e-07,7.973219104186135e-08
184,cg80,0.6972582768578784,0.9541022316393114,0.31586267152361336,0.7281553398058253,0.46868799871605976,0.03786127298771652
184,pcg80,0.9999286531721622,1.0,0.33847101860179524,1.0,0.005454057855109601,0.0007011942032555559
184,poisson_pcg80,1.0,1.0,0.33847101860179524,1.0,7.814466049201636e-14,1.0196738762099315e-14
184,poisson,0.38434903842715107,0.7348808281416358,0.16252464924274,0.20388349514563106,22.384624202122737,81.90084254099055
184,amg,0.7792632411844646,0.8799531956611113,0.27285965529666817,0.5533980582524272,0.5796692956301887,0.07305221829550364
184,oracle,1.0,1.0,0.33847101860179524,1.0,6.145747985952237e-14,7.571155016423066e-15
185,ensemble,0.32507903583434655,0.7025078270769426,0.1928280106305551,0.30097087378640774,,
185,raw,0.2831360529468564,0.6739719384797023,0.16125701029034867,0.2524271844660194,,
185,smoothed,0.46214941259566555,0.8173787461918767,0.15556864077649732,0.2524271844660194,,
185,prediction_magnitude,0.39363108862027035,0.6712100608245575,0.12942702005755974,0.05825242718446602,,
185,boundary_distance,0.5453811553360953,0.7189473240357147,0.1871549273061061,0.2667696381288614,,
185,jacobi1,0.25157233477576707,0.6579804560260586,0.16705254761791566,0.2524271844660194,0.9583697904515112,0.6777543466462135
185,jacobi5,0.2841063429833345,0.7103401747783646,0.23005643722271768,0.42718446601941745,0.8882496442047858,0.47220385099726353
185,jacobi10,0.331347498390673,0.8056565784341629,0.25276376065238887,0.5339805825242718,0.8295330008622892,0.3772542364999223
185,jacobi20,0.38541725153780126,0.9138652583198928,0.2803168401352532,0.6601941747572816,0.7525894991030518,0.2781263413306185
185,jacobi40,0.4389513670338316,0.9698618007020651,0.29572658795695816,0.7184466019417476,0.669021327091538,0.19469906344489765
185,jacobi80,0.5043087829017953,0.9886573268819244,0.3210533985847834,0.8155339805825242,0.5894285365274383,0.14598286943891325
185,cg5,0.2918501224876618,0.6954871762436355,0.158990452047366,0.2524271844660194,0.9473807738868663,0.4057990730857618
185,pcg5,0.34053591704813674,0.8237669059591199,0.26663512956381524,0.5728155339805825,0.7885396477145011,0.3342729252051772
185,poisson_pcg5,0.7986188733817322,0.986000864404457,0.33485016344150254,0.8446601941747572,0.3174810484669579,0.16917884408703157
185,cg10,0.295455506580359,0.7396666772081845,0.18991818391012036,0.3883495145631068,0.909504871134075,0.27924853821066076
185,pcg10,0.4479965444174236,0.9670999230469203,0.2944917961615588,0.7184466019417476,0.6557304605187749,0.17970344225207516
185,poisson_pcg10,0.981108591570703,0.9996205053603617,0.34717652363293355,0.970873786407767,0.08244796419800784,0.053409026127938256
185,cg20,0.3071843372255203,0.8136681319376364,0.23435752483244152,0.5631067961165048,0.8329438207377144,0.1911660623621348
185,pcg20,0.5542038413740075,0.9919989880142943,0.3337215151692756,0.8446601941747572,0.5382461702270824,0.12001586799133432
185,poisson_pcg20,0.9999974295472425,1.0,0.3473624959668539,1.0,0.0006599639634945164,0.0006875017481789346
185,cg40,0.4329568253343823,0.9327029505708232,0.3064481326909201,0.7864077669902912,0.6581166633597277,0.12059592234242797
185,pcg40,0.954971356215578,0.9962999272635275,0.3444812219666173,0.883495145631068,0.1538909344309713,0.050437617038846846
185,poisson_pcg40,1.0,1.0,0.3473624959668539,1.0,5.3598897907464314e-08,4.859657003993068e-08
185,cg80,0.7161541891674413,0.98533674878509,0.33906985713611587,0.8446601941747572,0.39138168142768576,0.055643036230263114
185,pcg80,0.9999957531650097,1.0,0.3473624959668539,1.0,0.0006127360949985518,7.675569570664214e-05
185,poisson_pcg80,1.0,1.0,0.3473624959668539,1.0,1.593976057695848e-14,9.165891873869106e-15
185,poisson,0.4381231112760174,0.8039699355913265,0.17791629636055573,0.2815533980582524,25.521313264539636,76.80536524977302
185,amg,0.9925118464344467,0.9996837544669681,0.34691040094611675,0.9514563106796117,0.08513483153719952,0.08081639988975808
185,oracle,1.0,1.0,0.3473624959668539,1.0,1.2501953426799387e-14,4.393730282121496e-15
186,ensemble,0.3931667195658393,0.7452747646606158,0.24566674394644902,0.33980582524271846,,
186,raw,0.07018792244832271,0.6098689689341471,0.12901981749336386,0.14563106796116504,,
186,smoothed,0.10650464246119733,0.68887764460327,0.16849186090250357,0.21359223300970873,,
186,prediction_magnitude,0.7231158022494815,0.9629781895997386,0.3836936336754713,0.6504854368932039,,
186,boundary_distance,0.3792419446809038,0.8168569410623742,0.17808241443413367,0.22219770520741394,,
186,jacobi1,0.30725677928975037,0.7181830639975544,0.23440763741764975,0.30097087378640774,0.9865784856437328,0.6983260432191027
186,jacobi5,0.3444710567019526,0.6805498455667647,0.24252848735497373,0.32038834951456313,0.9663262016219341,0.5482400155564232
186,jacobi10,0.34308155934840134,0.6614907814427121,0.23581930365547552,0.3106796116504854,0.9437003459685336,0.4996926635955932
186,jacobi20,0.4058031547278449,0.7109726658444283,0.264030058079702,0.34951456310679613,0.9001453809007236,0.44976182651631
186,jacobi40,0.5006188867927902,0.8222067613294962,0.33617675554878373,0.5242718446601942,0.82125794613316,0.3824779034765353
186,jacobi80,0.6108600399649523,0.9601952289090583,0.3974500157550032,0.7281553398058253,0.694159664453075,0.29501954879963915
186,cg5,0.13157184303697875,0.6158776340617522,0.14152538515574004,0.1553398058252427,0.9779610449845798,0.48881416258683913
186,pcg5,0.36399923333452544,0.6878445758620326,0.2388723606613395,0.3106796116504854,0.9430869559456015,0.46352087017796023
186,poisson_pcg5,0.6631281404227165,0.9979760285885961,0.4510659805988143,0.9320388349514563,0.3316534947929991,0.16720814107720036
186,cg10,0.2495252597274873,0.6694390858395792,0.18361404153866828,0.20388349514563106,0.9280942338456171,0.37526235689093185
186,pcg10,0.48838831494528284,0.873333122502978,0.34576014133207505,0.5728155339805825,0.745211369950299,0.3159551991720952
186,poisson_pcg10,0.945005979096631,0.999146137060814,0.45233579326212064,0.9514563106796117,0.09743296796386694,0.07840073806173792
186,cg20,0.2932673248515843,0.7014325922646343,0.22838901377347892,0.32038834951456313,0.8648008763048807,0.2650510439080231
186,pcg20,0.7097685586689078,0.9943602879942655,0.438807355399786,0.883495145631068,0.4822023018856873,0.16568383254376692
186,poisson_pcg20,0.999818816608254,1.0,0.4536965122287479,1.0,0.0036273861785196125,0.004211816975393176
186,cg40,0.22058083291610042,0.7683290640186374,0.3113674217417665,0.5242718446601942,0.7318888605351614,0.16941600191458828
186,pcg40,0.7403097730849009,0.9996521299136649,0.45319758475728106,0.970873786407767,0.23511838270246757,0.07046063151614398
186,poisson_pcg40,1.0,1.0,0.4536965122287479,1.0,4.55540145997843e-07,4.831622146716645e-07
186,cg80,0.5066181335383736,0.9955409379842509,0.44744710699439755,0.8932038834951457,0.4469934738632321,0.09470306857530925
186,pcg80,0.9999777711715899,0.9999894584822323,0.4536931245657046,0.9902912621359223,0.0013840371019408254,0.0004634833590222318
186,poisson_pcg80,1.0,1.0,0.4536965122287479,1.0,8.16289067113582e-15,9.197992836008382e-15
186,poisson,0.2844274260603676,0.7914887785543363,0.21160936739410915,0.3106796116504854,15.296641006427564,75.22311419639449
186,amg,0.9815742458515127,0.9981974004617185,0.4512976197372769,0.9320388349514563,0.1680586837829791,0.10583463983976442
186,oracle,1.0,1.0,0.4536965122287479,1.0,1.6676038388172165e-14,6.247219819594193e-15
187,ensemble,0.4326555906229883,0.7466135374171173,0.1806120820754336,0.22330097087378642,,
187,raw,-0.028792256008153924,0.5135405795726469,0.07818707115377867,0.08737864077669903,,
187,smoothed,-0.038425865907302764,0.5520276609426226,0.08397807719765167,0.10679611650485436,,
187,prediction_magnitude,0.6795844471961948,0.8699492952995372,0.25199745852891897,0.46601941747572817,,
187,boundary_distance,0.4824731771257615,0.8858406333343875,0.21162622613119988,0.40798764342453664,,
187,jacobi1,0.26594486490594377,0.6498951118982111,0.19831421217750062,0.3300970873786408,0.9551590389337179,0.6225079541365945
187,jacobi5,0.31510386864315854,0.6826581491203103,0.19479706114969134,0.3300970873786408,0.8943149124742461,0.42408991798506274
187,jacobi10,0.3854657660396252,0.7412268218378082,0.21567709828809511,0.4077669902912621,0.8420203872841766,0.3440746876262498
187,jacobi20,0.48281406462341747,0.8417085691997934,0.24145864469648567,0.49514563106796117,0.7539121508754921,0.2662398906847389
187,jacobi40,0.6429923981653671,0.9554093798425097,0.28896765358125087,0.6601941747572816,0.6099189356013582,0.18809890914211808
187,jacobi80,0.830986282722981,0.992283608994023,0.31891049356365325,0.8446601941747572,0.40851513391794203,0.12797069443212322
187,cg5,0.03954407991202346,0.5377122798140477,0.09381459245253632,0.10679611650485436,0.9595062110064099,0.3921413070322162
187,pcg5,0.36503127011658676,0.7204916563886868,0.2021216713065483,0.36893203883495146,0.8327422074307896,0.3158920469092671
187,poisson_pcg5,0.7682460012695802,0.9722020176465007,0.2917611609634691,0.7281553398058253,0.4546549534458079,0.19303175621309765
187,cg10,0.08853038275159143,0.5585106943697754,0.11926268530658657,0.1553398058252427,0.9194618566446533,0.26043098804411813
187,pcg10,0.631969872058508,0.945742808049503,0.2925618161744789,0.6699029126213593,0.5828560697285212,0.14922242486417142
187,poisson_pcg10,0.9900221617731205,0.9995467147359877,0.326761525620239,0.9611650485436893,0.07497836648098305,0.04158935947578589
187,cg20,0.164598785852228,0.6043241305883221,0.1587094058824222,0.2524271844660194,0.8723176691449642,0.15612621967703494
187,pcg20,0.8932209896466632,0.998060360730738,0.3245835055962135,0.9223300970873787,0.27907268324655155,0.04887192461726226
187,poisson_pcg20,0.999988678831986,1.0,0.3272442021021388,1.0,0.0014555552701203578,0.0007059838836772033
187,cg40,0.3041694643623489,0.7075045064988457,0.2029889016995816,0.36893203883495146,0.8008056091862537,0.099426495103473
187,pcg40,0.9866620659287604,0.9990618049186721,0.3264794024872691,0.9514563106796117,0.08853946759021099,0.020325768021257542
187,poisson_pcg40,1.0,1.0,0.3272442021021388,1.0,1.927289327479347e-07,1.565543639252218e-07
187,cg80,0.5768922779128817,0.9127162328832106,0.26339339877783824,0.5922330097087378,0.6309096598449936,0.06578001017252902
187,pcg80,0.9999506696588227,1.0,0.3272442021021388,1.0,0.003262442362459475,0.0005643290045686341
187,poisson_pcg80,1.0,1.0,0.3272442021021388,1.0,3.5218869946292395e-14,8.545714824023357e-15
187,poisson,0.4190130020205993,0.8490876316372031,0.17429646064672757,0.36893203883495146,21.970626706201656,77.3433132362041
187,amg,0.9283251153350974,0.9950454866491677,0.3243413204993572,0.9320388349514563,0.23990038799987257,0.07478643420379741
187,oracle,1.0,1.0,0.3272442021021388,1.0,3.2326376878613374e-14,6.874177628988845e-15
188,ensemble,0.33242666386524566,0.7101609689763132,0.16783811778428412,0.23300970873786409,,
188,raw,0.10837327220871182,0.7058705712448479,0.1271244291758417,0.20388349514563106,,
188,smoothed,0.14923502208354192,0.7472354869654133,0.1502188042362472,0.2912621359223301,,
188,prediction_magnitude,0.6051149104141333,0.7676438653637351,0.134315810364887,0.08737864077669903,,
188,boundary_distance,0.37077259465205276,0.6537585781600835,0.0850143014873263,0.044130626654898496,,
188,jacobi1,0.2824081454295115,0.7432191686959089,0.19642281541866474,0.3592233009708738,0.9430615416878669,0.527292733515893
188,jacobi5,0.3268865782132894,0.7895491392850743,0.2233463623748819,0.42718446601941745,0.852180234738833,0.3572390145160091
188,jacobi10,0.41672938943923893,0.8270874840559543,0.2607370874923074,0.5242718446601942,0.7803317878575586,0.31395165412967707
188,jacobi20,0.5763749240040054,0.8672717497865343,0.28857659253943735,0.6213592233009708,0.6789071462128357,0.2674763150266073
188,jacobi40,0.7463475654459623,0.9220243930721145,0.30798287338699537,0.7184466019417476,0.5481476924176303,0.21252383826406482
188,jacobi80,0.8653168250661611,0.9666677208184434,0.31360239469337964,0.7475728155339806,0.4043862968406845,0.14870146810569287
188,cg5,0.1406763531757385,0.729483571044559,0.1384550732127811,0.22330097087378642,0.9565919243615962,0.3620380802293793
188,pcg5,0.41855289097704024,0.8272772313757735,0.2537406135120182,0.5048543689320388,0.7693286480402219,0.31378831554611986
188,poisson_pcg5,0.8236387776267792,0.982511622023339,0.3174605916747411,0.8058252427184466,0.34356957553876527,0.14281901088369442
188,cg10,0.22165138178599528,0.7743061045929392,0.17155603680407505,0.30097087378640774,0.8805722723367609,0.26196336016690286
188,pcg10,0.7781439207674701,0.9333354416368869,0.305042110932583,0.7184466019417476,0.4511714630561172,0.20117709121421032
188,poisson_pcg10,0.9919644182283097,0.9987244763501049,0.3300151406083109,0.9223300970873787,0.0706702373668446,0.03258282316947132
188,cg20,0.2823449905228524,0.8320103728534834,0.21695088599840512,0.47572815533980584,0.7779072224976262,0.1575131800319636
188,pcg20,0.8922588691796008,0.9820899613126298,0.32083416901080714,0.7864077669902912,0.2556857394386086,0.07385354834695462
188,poisson_pcg20,0.9999971725019668,1.0,0.3310309354092086,1.0,0.0009558290871727359,0.0005630370563427363
188,cg40,0.35130859514698515,0.8739972381223449,0.2672534359083392,0.6213592233009708,0.6370372068163058,0.09757435638448296
188,pcg40,0.9201617820613689,0.9930636813088348,0.3257136680108361,0.8543689320388349,0.19507778097939235,0.02986873495012336
188,poisson_pcg40,1.0,1.0,0.3310309354092086,1.0,6.260835727968243e-08,2.5075972660524326e-08
188,cg80,0.7894781422108574,0.995424981288806,0.32695847243013576,0.8932038834951457,0.3172262633227922,0.04398639297434011
188,pcg80,0.999861094968171,0.9999262093756259,0.3310149568748989,0.9902912621359223,0.007415442405825961,0.0018217353844697478
188,poisson_pcg80,1.0,1.0,0.3310309354092086,1.0,3.1135187427006277e-14,8.187429947140736e-15
188,poisson,0.3891655975073313,0.7425761361120774,0.10999962604231402,0.10679611650485436,26.057778744803148,83.3779232934598
188,amg,0.9555367999427794,0.981615593013082,0.31188544140756685,0.7572815533980582,0.23768872245084036,0.07843888511261299
188,oracle,1.0,1.0,0.3310309354092086,1.0,1.9611154594633857e-14,4.6218117448379874e-15
189,ensemble,0.14272039956011728,0.6403444968006493,0.14248256867740988,0.23300970873786409,,
189,raw,0.2537579237000214,0.7154001033068741,0.15752721834717476,0.2912621359223301,,
189,smoothed,0.3122942073170731,0.7614454529163109,0.15889378883116803,0.2815533980582524,,
189,prediction_magnitude,0.002448535065445962,0.543014663251215,0.07463438704634903,0.009708737864077669,,
189,boundary_distance,-0.05670608531737833,0.5060929972697469,0.07631059514940465,0.010370697263901147,,
189,jacobi1,0.21909197079965664,0.6904061646795906,0.15329809106451625,0.3106796116504854,0.8875603307978411,0.5419172578360114
189,jacobi5,0.3490022172949002,0.802357083372864,0.18069393200063338,0.4077669902912621,0.7769454087282018,0.2666997075205006
189,jacobi10,0.4584186351119376,0.8276672675331794,0.20061091592304436,0.46601941747572817,0.706605846743611,0.17019806198491327
189,jacobi20,0.5500980795365138,0.8583009181661976,0.21325221823556742,0.5145631067961165,0.6385590329261693,0.11507680230526024
189,jacobi40,0.5951214930083685,0.8686948546851776,0.21552121840262584,0.5145631067961165,0.5953091133412449,0.09685241276206288
189,jacobi80,0.6103828745261426,0.8715937720713028,0.2263096866508393,0.5145631067961165,0.5724753549951149,0.09246821199652193
189,cg5,0.2549601132787354,0.7340058821669144,0.16034253521650382,0.3106796116504854,0.9446553012948241,0.24317701346188214
189,pcg5,0.4322939726235605,0.8047605494239061,0.20206155184459004,0.46601941747572817,0.7129649284170283,0.12312507392260204
189,poisson_pcg5,0.902497597185466,0.9800870729367614,0.25808867135857033,0.7475728155339806,0.4815804182824007,0.15491719687106262
189,cg10,0.26450987053858804,0.754498592707378,0.16379832905462363,0.36893203883495146,0.8932234087292064,0.17562591184524304
189,pcg10,0.5860603564659179,0.8729747108988752,0.21233685651070122,0.5339805825242718,0.6035281277560413,0.05161746269270514
189,poisson_pcg10,0.9986476736284957,0.9996310468781295,0.27643054244306986,0.970873786407767,0.032489805648450165,0.01765492891450828
189,cg20,0.28042497407195477,0.77792184518727,0.17793519578113057,0.3883495145631068,0.816408843740099,0.10386300065675473
189,pcg20,0.6078314989986409,0.8702760823503368,0.2220839929591018,0.5048543689320388,0.5714619384996235,0.04105669155807442
189,poisson_pcg20,0.999998223034833,1.0,0.2765131759526386,1.0,0.00044396014444774063,0.00010996351892698536
189,cg40,0.4395349380409126,0.8999609963842594,0.21682216239772803,0.5436893203883495,0.660975256400637,0.06120337564532523
189,pcg40,0.9011926677276302,0.9846726331657232,0.26795583910849763,0.7961165048543689,0.24071455803809355,0.01505675523326105
189,poisson_pcg40,1.0,1.0,0.2765131759526386,1.0,2.3139272791618485e-09,1.0374872578514628e-09
189,cg80,0.7619351597704026,0.9739940756670146,0.26051547048969886,0.7281553398058253,0.3827447768735357,0.0244027313019184
189,pcg80,0.9951953991130819,0.9996310468781295,0.27627660892223044,0.9805825242718447,0.045980396772875604,0.002488170887030985
189,poisson_pcg80,1.0,1.0,0.2765131759526386,1.0,7.521403477936114e-13,4.2355817459563325e-14
189,poisson,0.21209310850439883,0.748721840970663,0.17214613397966463,0.34951456310679613,25.437502262422015,82.00656279539977
189,amg,0.8705267304734998,0.9852313336074128,0.26785975198684486,0.8155339805825242,0.27101360000274527,0.04006792705998732
189,oracle,1.0,1.0,0.2765131759526386,1.0,7.743268069142042e-13,4.3345965614628466e-14
190,ensemble,0.5846943396395107,0.7913728218588912,0.2568671217250385,0.3592233009708738,,
190,raw,0.36803682229454254,0.6948968512486428,0.18996311452336467,0.2815533980582524,,
190,smoothed,0.4911299151527072,0.7897810526759643,0.22742124095714483,0.33980582524271846,,
190,prediction_magnitude,0.8556911947464415,0.9027861231460106,0.29856236338671316,0.46601941747572817,,
190,boundary_distance,0.6867568654135954,0.9680644719226674,0.34281749053407157,0.6811562224183583,,
190,jacobi1,0.481057953651384,0.7169180818654269,0.23049809182436862,0.3106796116504854,0.9881378338474952,0.6155061621107257
190,jacobi5,0.4330079661683713,0.7258467474146928,0.23569195193521952,0.3592233009708738,0.9669507100270297,0.45543417534646274
190,jacobi10,0.4533992561333237,0.7728513751409928,0.2535103173245061,0.4077669902912621,0.9470130509906097,0.4051245871596898
190,jacobi20,0.48932001466275654,0.8289744157363778,0.2764645914116543,0.47572815533980584,0.9151412452253479,0.35769157326386236
190,jacobi40,0.508348785852228,0.8817241706460897,0.3010030967138445,0.5922330097087378,0.8664818181702109,0.309919998170462
190,jacobi80,0.4868192994063371,0.9469550825927917,0.33560395492054,0.7475728155339806,0.7949292929474876,0.25830948355481725
190,cg5,0.39105605375151986,0.707493964981078,0.18462000719275254,0.2815533980582524,0.9812658393845199,0.4257118555205199
190,pcg5,0.4476792052607109,0.7674224934906128,0.26154523927149875,0.4368932038834951,0.9421295790296482,0.39703816709050366
190,poisson_pcg5,0.8855119671339674,0.9977230321621707,0.3865630463505499,0.9320388349514563,0.2228568072138942,0.13889984208841108
190,cg10,0.3786233884378799,0.7137556265351085,0.1885148837223526,0.2912621359223301,0.9523398874101976,0.3372425213641303
190,pcg10,0.5240273742042773,0.8645625797202281,0.29130438460435315,0.6019417475728155,0.8488717657088956,0.30402712282610084
190,poisson_pcg10,0.9606810135183461,0.9997891696446455,0.3881951060735854,0.9805825242718447,0.09386565400223396,0.07041746686187107
190,cg20,0.3847094494313711,0.7876305830513477,0.22382938712005157,0.4563106796116505,0.8850680789293628,0.24178194243692525
190,pcg20,0.48538300863672124,0.9870023085923911,0.3618308523254269,0.7961165048543689,0.645316511647275,0.18116807536578297
190,poisson_pcg20,0.999964851852514,1.0,0.3887907767967348,1.0,0.0032497106917189437,0.002745087713872041
190,cg40,0.3742377937021672,0.8967458334651023,0.2911255957509442,0.6407766990291263,0.7636084599232611,0.16369389128720366
190,pcg40,0.7460869885916601,0.9981974004617185,0.387000788738892,0.9223300970873787,0.33096673817086497,0.08916105871453998
190,poisson_pcg40,1.0,1.0,0.3887907767967348,1.0,5.592597254435375e-07,6.020731471383813e-07
190,cg80,0.621972598973607,0.997828447339848,0.38322884049149336,0.912621359223301,0.48566894534587,0.0872810308712313
190,pcg80,0.9944949842643586,0.9999789169644645,0.38856778376002843,0.9902912621359223,0.07674918006210904,0.014897589852668142
190,poisson_pcg80,1.0,1.0,0.3887907767967348,1.0,6.140998136099268e-14,1.8007536758981542e-14
190,poisson,0.5156231001001359,0.8395159335041059,0.21276719737498098,0.39805825242718446,14.442562992441768,77.09617106340853
190,amg,0.9688481912953293,0.9873290956431907,0.3769220624350381,0.8252427184466019,0.2347659074673933,0.11721113370115194
190,oracle,1.0,1.0,0.3887907767967348,1.0,7.92291188752974e-14,1.50663959539362e-14
191,ensemble,0.23985559643444676,0.6146548180006958,0.1216878688824935,0.17475728155339806,,
191,raw,0.23738860998855588,0.6626503483971622,0.13080256630374673,0.1553398058252427,,
191,smoothed,0.2713836076639725,0.623762689352013,0.12567718556841911,0.1650485436893204,,
191,prediction_magnitude,0.15614574020098704,0.5921065114955252,0.09440262827073977,0.04854368932038835,,
191,boundary_distance,0.39527768302587096,0.694659667098869,0.11552153751656238,0.09333627537511033,,
191,jacobi1,0.1995621513124955,0.7330466040500512,0.14879800919218197,0.2912621359223301,0.8857023975432571,0.4945816808245086
191,jacobi5,0.30635829429225375,0.8214899381212907,0.16554521361832747,0.4077669902912621,0.7952696004755163,0.25581649962254327
191,jacobi10,0.3799211206279951,0.8641620020450544,0.17886023155595102,0.4368932038834951,0.7398028711437675,0.21070689394901496
191,jacobi20,0.4894153896359344,0.8968512486427795,0.19498958176106562,0.49514563106796117,0.6649959567052627,0.17999427662674677
191,jacobi40,0.6116091481296044,0.9202745011226716,0.20898517563883634,0.5242718446601942,0.5702773695325116,0.15243845516137858
191,jacobi80,0.7197321699985694,0.9391332764091374,0.22249498634169912,0.6407766990291263,0.46807005508236876,0.1272238793627413
191,cg5,0.2406265310957728,0.6890252258520182,0.14367731748707668,0.21359223300970873,0.9398717806945387,0.2693027324862859
191,pcg5,0.34791542986910806,0.8496252490433572,0.1736381355677814,0.42718446601941745,0.7552208576629584,0.1737545887860039
191,poisson_pcg5,0.6728624450146626,0.8669238797001992,0.19628809922361934,0.3883495145631068,0.5270816975087574,0.16860936983299138
191,cg10,0.2884985985444532,0.722810790297587,0.1703434394147605,0.2912621359223301,0.8504220877520708,0.18769847329430964
191,pcg10,0.5761231090408411,0.9019217186890568,0.19827791575267084,0.4563106796116505,0.5734707050625897,0.10614420119433768
191,poisson_pcg10,0.9804056621486302,0.9946554504917618,0.24654707004920814,0.8737864077669902,0.11785195580527187,0.0381130992782606
191,cg20,0.3537401316965882,0.7466767865237237,0.18046486601828401,0.32038834951456313,0.7623695668610936,0.10281656039259202
191,pcg20,0.7737053188255488,0.9414629518358053,0.22683071970323035,0.6990291262135923,0.4033912576464158,0.04021689398314366
191,poisson_pcg20,0.9999896958372074,0.9999683754466968,0.24920672489436863,0.9902912621359223,0.0018455331281661104,0.0007790633269909558
191,cg40,0.5204776907052427,0.8251373032689246,0.2006232293270176,0.4368932038834951,0.6393135221210269,0.06088582131159308
191,pcg40,0.9159578401044274,0.9773041122460812,0.24286822581584266,0.8446601941747572,0.2320042532728225,0.025349858751849783
191,poisson_pcg40,1.0,1.0,0.24921185228497741,1.0,3.1263253988034317e-07,1.1455617560829271e-07
191,cg80,0.7980368893498319,0.9401663451503748,0.23337570248741257,0.6893203883495146,0.38043171070847226,0.029781020977961602
191,pcg80,0.9991096286925111,0.9998735017867872,0.24911928349719129,0.9805825242718447,0.025193780355693543,0.0021674006938900707
191,poisson_pcg80,1.0,1.0,0.24921185228497741,1.0,1.3541669174120544e-13,1.3928902031106694e-14
191,poisson,0.4121406954080537,0.731929203166672,0.14969734581861902,0.17475728155339806,31.495126385260146,87.37554349762229
191,amg,0.973257266558186,0.9927158112224999,0.24527434893036984,0.883495145631068,0.1398711337739071,0.04523279798150645
191,oracle,1.0,1.0,0.24921185228497741,1.0,1.194922636292175e-13,1.2298995469901021e-14
192,ensemble,0.2087554538301981,0.694190569558205,0.1395795472433187,0.22330097087378642,,
192,raw,0.2822627583863815,0.7265530291051305,0.1682106568192057,0.27184466019417475,,
192,smoothed,0.37209612599241826,0.8076067592211926,0.19889631174638445,0.4174757281553398,,
192,prediction_magnitude,0.2741390771404048,0.7534338994128374,0.11018176155504653,0.1262135922330097,,
192,boundary_distance,0.2198814991778872,0.6949126635252943,0.10471090180975472,0.14121800529567521,,
192,jacobi1,0.24763674808668906,0.6553134520308234,0.17217215680137782,0.2621359223300971,0.9220324030468732,0.589259121662256
192,jacobi5,0.31966747282025604,0.6912178615477056,0.19414311386364108,0.30097087378640774,0.8426381270802146,0.36608582974019194
192,jacobi10,0.37177901035333666,0.7077680444430389,0.19727206975654224,0.3106796116504854,0.7996040669774618,0.2784386291406288
192,jacobi20,0.43887835499964234,0.7323086978063101,0.19769486214071894,0.32038834951456313,0.7512820481429476,0.20226719101337168
192,jacobi40,0.4885211514734283,0.7626682689773674,0.21475632797559363,0.3592233009708738,0.700770376531019,0.14235177869341734
192,jacobi80,0.5389811395822901,0.8085554958202882,0.23022321287683825,0.39805825242718446,0.6551681430408697,0.11365163588826731
192,cg5,0.2773054949574422,0.7071566364125107,0.1780849085051327,0.3106796116504854,0.9251193091133885,0.32721489829454403
192,pcg5,0.37109727040268936,0.70516428955441,0.19705633712909748,0.32038834951456313,0.7922528227026424,0.25097061566344336
192,poisson_pcg5,0.6879138428939274,0.9865911893994498,0.31154483178029424,0.8058252427184466,0.40133107366712073,0.15843290439043664
192,cg10,0.29899627172591375,0.7458861726911441,0.1961887787148948,0.33980582524271846,0.860126462330035,0.20068770080679169
192,pcg10,0.4797257997460839,0.7610448752411372,0.21490697289113866,0.3592233009708738,0.7052193271096152,0.10964583537940183
192,poisson_pcg10,0.986356282633574,0.9992410107207236,0.3222931845100417,0.941747572815534,0.08554924990850361,0.03128931282780729
192,cg20,0.34812558114584075,0.785912315655208,0.22099743347260173,0.4077669902912621,0.7756065277547538,0.11305621100182288
192,pcg20,0.575080779271869,0.832337159904283,0.23666066017471282,0.4368932038834951,0.6233400997768476,0.06768414970990713
192,poisson_pcg20,0.9999969266325727,1.0,0.3234855859687131,1.0,0.0008302408153242186,0.000559550291765589
192,cg40,0.5302086090050783,0.8750092238280468,0.2501578831251103,0.5242718446601942,0.6552252703361872,0.07322939381370806
192,pcg40,0.8138579143122808,0.9351907487640071,0.2787941685532468,0.5728155339805825,0.42303745874713533,0.04136872718189598
192,poisson_pcg40,1.0,1.0,0.3234855859687131,1.0,2.0356931583362613e-07,9.018017825980633e-08
192,cg80,0.7792229744832271,0.9633049766505382,0.29517255043291135,0.6601941747572816,0.39832496097588355,0.03752844924491079
192,pcg80,0.9958710705600455,0.9998945848223227,0.32348420827072355,0.9902912621359223,0.03481649061705622,0.0027724505423546014
192,poisson_pcg80,1.0,1.0,0.3234855859687131,1.0,8.780178637912464e-14,9.707795596317513e-15
192,poisson,0.46418390360131606,0.9263042492858121,0.2677860455900634,0.6116504854368932,33.6265120824257,80.14635443928759
192,amg,0.8503575388026606,0.9222035988741659,0.27429803271428777,0.5631067961165048,0.4293823021553092,0.07143592212431168
192,oracle,1.0,1.0,0.3234855859687131,1.0,9.970547287420402e-14,1.0600550325586329e-14
193,ensemble,0.1731321413883127,0.57004311480767,0.12013538679008597,0.1262135922330097,,
193,raw,0.2917273219011515,0.7040468886710308,0.14651481308561715,0.23300970873786409,,
193,smoothed,0.31492574744295826,0.6977641440814648,0.13937518713869132,0.21359223300970873,,
193,prediction_magnitude,0.3988705765860811,0.7424707209344001,0.16584932505470223,0.3106796116504854,,
193,boundary_distance,0.38278171615855067,0.7364884096012144,0.14341330060264681,0.22992056487202117,,
193,jacobi1,0.30629525114441025,0.6974584400662007,0.1614846846843876,0.24271844660194175,0.8571623392428085,0.555051178081775
193,jacobi5,0.46671718537658247,0.8047921739772093,0.1953927567593443,0.3786407766990291,0.7173842699200388,0.35632110348101065
193,jacobi10,0.5819049513625635,0.8587752864657453,0.21177470653479855,0.42718446601941745,0.6226775965417082,0.30785238983858726
193,jacobi20,0.7224017975287891,0.8924343526981015,0.23599209702163676,0.5728155339805825,0.5092951573117166,0.28673254767273043
193,jacobi40,0.8049497755882984,0.8971991187291146,0.24981608992534401,0.6407766990291263,0.4280875998975041,0.2762426600855137
193,jacobi80,0.8076409390422715,0.8893035219210862,0.2523290078550913,0.6213592233009708,0.427140302264824,0.2655795235679948
193,cg5,0.2994767675774265,0.7080526654227676,0.15699702122609108,0.27184466019417475,0.9314160062983122,0.21936218473223154
193,pcg5,0.5310597194406694,0.8325901563307085,0.211631144406643,0.4368932038834951,0.6523862910138128,0.11127598594634155
193,poisson_pcg5,0.7376650901223087,0.9208542845998967,0.23720652701382464,0.5436893203883495,0.5938968815745284,0.15475712227288826
193,cg10,0.31100874624490377,0.7123219801186975,0.16458279170531184,0.2815533980582524,0.8740119874881108,0.15333479733510882
193,pcg10,0.7829875590086546,0.8999926209375626,0.2469855669368927,0.6019417475728155,0.4344386391221895,0.037713410535173734
193,poisson_pcg10,0.9991384736428008,1.0,0.2815428210045138,1.0,0.0226163870105171,0.010445837256791088
193,cg20,0.3470903257098919,0.739645594172649,0.18878020508100543,0.32038834951456313,0.7776681698637692,0.08490692770814955
193,pcg20,0.8049268762069951,0.8841381782148994,0.25022783761716183,0.5922330097087378,0.4381119275455132,0.022530310925007974
193,poisson_pcg20,0.9999991841606466,1.0,0.2815428210045138,1.0,0.00030892385602549025,8.600677809428258e-05
193,cg40,0.5623398160896932,0.9008781084300518,0.22960578883321264,0.5145631067961165,0.5907437735083987,0.05285832804110011
193,pcg40,0.8160701353622772,0.9606906802441415,0.26309094650228415,0.6699029126213593,0.33889833175258627,0.014485690632141102
193,poisson_pcg40,1.0,1.0,0.2815428210045138,1.0,2.300122749754839e-09,1.580638443996525e-09
193,cg80,0.9320720084400257,0.9932323455931185,0.2774937691592112,0.8446601941747572,0.187498065779449,0.015090628260154027
193,pcg80,0.9991260460625132,0.9999578339289291,0.28149232426417986,0.9902912621359223,0.01967691100982086,0.0009982339264837698
193,poisson_pcg80,1.0,1.0,0.2815428210045138,1.0,1.4950425675383502e-12,7.006819221439848e-14
193,poisson,0.4343873717008797,0.7781010509893215,0.1719422558501489,0.32038834951456313,29.17479626582146,84.98996859471558
193,amg,0.8820899122022744,0.9322918313778817,0.2600366473187373,0.6699029126213593,0.3338134001725955,0.04117426669338626
193,oracle,1.0,1.0,0.2815428210045138,1.0,1.4506724451407914e-12,6.758743011558276e-14
194,ensemble,0.31186651750590083,0.7246871804602427,0.18268897067853226,0.2524271844660194,,
194,raw,0.3690953235641227,0.7353657379589513,0.20316853160136347,0.32038834951456313,,
194,smoothed,0.39618143596666905,0.8182431506488305,0.20930954268511395,0.34951456310679613,,
194,prediction_magnitude,0.44362296375438093,0.806004448520498,0.23156928795006954,0.42718446601941745,,
194,boundary_distance,0.4270746808969639,0.8533727586097847,0.2233900710284506,0.3561341571050309,,
194,jacobi1,0.36814468072741574,0.702644866807923,0.21899884886379087,0.3786407766990291,0.8785461233987809,0.53090421446865
194,jacobi5,0.5073355245511765,0.8108113806225821,0.25901438191818904,0.46601941747572817,0.7665877041531034,0.2937061569094245
194,jacobi10,0.5705785195086188,0.8611682109990196,0.2928242991815871,0.5631067961165048,0.696970727383954,0.22818001003348
194,jacobi20,0.6186491823725054,0.9064861958824831,0.3067506116261164,0.6116504854368932,0.6060798522937244,0.17844576764578451
194,jacobi40,0.694833959927759,0.9636423052191054,0.3345635827033103,0.7184466019417476,0.4841273306232658,0.13257564705859232
194,jacobi80,0.8356839080716686,0.9915140781969788,0.35517796018278286,0.8543689320388349,0.32348596070243585,0.08554300141634719
194,cg5,0.3963441791538516,0.753918809230153,0.23053000969086337,0.3883495145631068,0.8681936101573785,0.24448918812853737
194,pcg5,0.5501946168013732,0.8524187512518052,0.28473579965576445,0.5339805825242718,0.7001978544564516,0.20332477066055235
194,poisson_pcg5,0.4887331467706172,0.884770669280963,0.2615441141917245,0.46601941747572817,0.8322016219077986,0.11551395919747082
194,cg10,0.45359285592947574,0.84571434595153,0.2665137631604836,0.5048543689320388,0.7311958835932354,0.1676267773897654
194,pcg10,0.6566748846649023,0.9651708252954261,0.3324217673626217,0.6990291262135923,0.4861649672967645,0.12230805171174212
194,poisson_pcg10,0.8647596067877834,0.9968375446696816,0.36388979004811994,0.9029126213592233,0.20654113772512256,0.03746054321246187
194,cg20,0.616260035941635,0.9187986886351897,0.3296957875364449,0.6796116504854369,0.527382035152278,0.07909294022353278
194,pcg20,0.9390868634217866,0.9979760285885961,0.36480062120382556,0.941747572815534,0.16342237452701197,0.0324783275648182
194,poisson_pcg20,0.9995811950146626,1.0,0.3682849831600141,1.0,0.012645541046372454,0.0023673193042991203
194,cg40,0.7650609085544667,0.9700410065041165,0.35110405941268946,0.7961165048543689,0.3646016289506115,0.03597702951465591
194,pcg40,0.9850369362885344,0.9994202165227749,0.3673916583366402,0.9514563106796117,0.08137710317954112,0.0037535226995536273
194,poisson_pcg40,0.9999999664723552,1.0,0.3682849831600141,1.0,3.2938750460039923e-06,8.079198330675611e-07
194,cg80,0.9295446163543379,0.9968164616341461,0.36465168704040424,0.912621359223301,0.17228409204679013,0.012320846819395168
194,pcg80,0.9945063836635433,0.9998945848223227,0.3681605228962667,0.9805825242718447,0.04492465301132754,0.0021838182259649548
194,poisson_pcg80,1.0,1.0,0.3682849831600141,1.0,1.265676153667377e-13,1.819918781498787e-14
194,poisson,0.3767993728095272,0.831409506340723,0.23369452799528395,0.3786407766990291,41.04510687423723,87.20738333024792
194,amg,0.7212439091445532,0.9233947903819192,0.31156241880714036,0.6213592233009708,0.5354315129415396,0.06991955296584101
194,oracle,1.0,1.0,0.3682849831600141,1.0,1.698833699278683e-13,8.65353489584123e-15
195,ensemble,0.36521119063371715,0.7482369311533474,0.17737182435001841,0.32038834951456313,,
195,raw,0.21944013303769394,0.6598568461887142,0.18585870868375678,0.30097087378640774,,
195,smoothed,0.3814927513232243,0.7902870455288152,0.16881284680778672,0.2524271844660194,,
195,prediction_magnitude,0.5680112742293112,0.8731644582186944,0.13731403592109329,0.20388349514563106,,
195,boundary_distance,0.5920800732265821,0.9071766652962694,0.2410104609180557,0.5141218005295675,,
195,jacobi1,0.21302818333810167,0.6404815365316299,0.17366661460938582,0.2912621359223301,0.9771183296685233,0.6322974292242214
195,jacobi5,0.27693514859452106,0.6711362702001834,0.1794016039763083,0.27184466019417475,0.918914553295393,0.4516927227697391
195,jacobi10,0.3921942278806952,0.7823492826497159,0.19323188483327255,0.3106796116504854,0.8644262358285483,0.3761141010000928
195,jacobi20,0.5245661522780917,0.8755679242697364,0.2244218607131707,0.42718446601941745,0.7811306308778226,0.2945518748588204
195,jacobi40,0.6354501756848581,0.9359602795610512,0.25429102196552467,0.5533980582524272,0.6721733473397054,0.1987311726842182
195,jacobi80,0.6963650780523567,0.9595627378429946,0.27566859051279247,0.6504854368932039,0.5690044882785682,0.10338443504496769
195,cg5,0.21400076443029822,0.6507384333196293,0.18046963066823016,0.2815533980582524,0.9675551288968836,0.41208568035950915
195,pcg5,0.4056072303483298,0.7857225683353889,0.19432171014774222,0.32038834951456313,0.8455403938885244,0.3596213444412419
195,poisson_pcg5,0.6886089380230312,0.967848370808429,0.2989435089927037,0.6893203883495146,0.5200815399613764,0.13558033496292768
195,cg10,0.210185787854946,0.6484930900351032,0.18925482253494572,0.32038834951456313,0.9266593232056077,0.2710228767812394
195,pcg10,0.6555176668335597,0.952373422725404,0.2742786312360336,0.6310679611650486,0.6092657355631816,0.17585966230080805
195,poisson_pcg10,0.9996321235069021,1.0,0.32565622646399733,1.0,0.01167284012143526,0.009057653705507141
195,cg20,0.23622658652814532,0.7000516534370619,0.19568018701367373,0.3592233009708738,0.8852702578154248,0.17724636622971957
195,pcg20,0.7068937084257205,0.966762594478353,0.2797807331304453,0.6601941747572816,0.5185186461202705,0.0542681120572298
195,poisson_pcg20,0.9999997317788427,1.0,0.32565622646399733,1.0,0.00010184319582516577,5.836081539363523e-05
195,cg40,0.34177893212216576,0.8680518221013461,0.20833031380838887,0.44660194174757284,0.7968965825703654,0.10875569147232861
195,pcg40,0.8902555365317216,0.9854632469983028,0.3152641522852108,0.7961165048543689,0.2846036258061974,0.04121062489233114
195,poisson_pcg40,1.0,1.0,0.32565622646399733,1.0,1.1483007637371947e-10,7.985483660961615e-11
195,cg80,0.7067860064551892,0.9848307559322391,0.2981782517250696,0.8058252427184466,0.4899731425460767,0.057258549853577714
195,pcg80,0.9999921657070309,1.0,0.32565622646399733,1.0,0.0013392993585579728,0.0002865046287728646
195,poisson_pcg80,1.0,1.0,0.32565622646399733,1.0,4.0529866336016165e-13,4.559804612728823e-14
195,poisson,0.5225784211608612,0.892919262515417,0.25056924788592044,0.5048543689320388,22.55968109772051,75.18578541500808
195,amg,0.990885051587869,0.9993358843806331,0.32486495140724325,0.9514563106796117,0.10814609957505118,0.06684891716910578
195,oracle,1.0,1.0,0.32565622646399733,1.0,4.791509839052977e-13,5.3465180309086483e-14
196,ensemble,0.30392140449538657,0.6227401621285432,0.1414517228109302,0.14563106796116504,,
196,raw,0.28725175014305127,0.6802652245870361,0.15317308549329958,0.20388349514563106,,
196,smoothed,0.39440868410700225,0.7575977989310901,0.11292138055966561,0.14563106796116504,,
196,prediction_magnitude,0.494904099760389,0.5979570538566142,0.1269145763225484,0.02912621359223301,,
196,boundary_distance,0.49288910077927284,0.64481937109305,0.12923776860421018,0.033759929390997354,,
196,jacobi1,0.29660952810957725,0.6352424022010689,0.16906846586173493,0.23300970873786409,0.9872126509636333,0.6364688850452758
196,jacobi5,0.3428597069236821,0.6248695487176243,0.18093644857824204,0.24271844660194175,0.962809252646954,0.4957586049871141
196,jacobi10,0.385347994599814,0.6706724434184034,0.181256433451395,0.22330097087378642,0.9388325555198226,0.4356949416364548
196,jacobi20,0.4314868057542378,0.7502187364936803,0.21963616299006378,0.30097087378640774,0.899363393516122,0.3778454352756747
196,jacobi40,0.5009785601888277,0.847464237900973,0.26524668026884124,0.44660194174757284,0.838744036276688,0.309790945040324
196,jacobi80,0.5644078459158859,0.8949432339268207,0.3161638438859355,0.6310679611650486,0.7615414982654408,0.22694365357454063
196,cg5,0.29891332433302337,0.6837017593793154,0.19025872524655302,0.2815533980582524,0.9802428763435548,0.4489849068428259
196,pcg5,0.36973941196981613,0.6555453654217134,0.191028453097527,0.23300970873786409,0.928801710379299,0.4040976391961844
196,poisson_pcg5,0.685779271868965,0.9026701664505655,0.3179225077126815,0.6213592233009708,0.7952368048139864,0.18797088131860493
196,cg10,0.32370562057435087,0.6737294835710446,0.22035714094308853,0.30097087378640774,0.9444039284473408,0.33352348278325034
196,pcg10,0.5166178094378083,0.8653953596238786,0.2900538347260933,0.5436893203883495,0.7832806965038489,0.24533773091107208
196,poisson_pcg10,0.9766584337672556,0.9996837544669681,0.4055050103564788,0.9611650485436893,0.09323759162989124,0.04162730598059908
196,cg20,0.3533266799585151,0.6803917228002487,0.244488521649377,0.34951456310679613,0.9006785443635594,0.21725778393795558
196,pcg20,0.6253699552070666,0.9275903144534751,0.3451845457711808,0.7378640776699029,0.6622203629178973,0.09874257402671549
196,poisson_pcg20,0.9999995864923824,1.0,0.4060863050748902,1.0,0.00012149724546290023,0.000246910574184876
196,cg40,0.4341670056684071,0.8228076278422567,0.27722085061290913,0.46601941747572817,0.8180593681156556,0.14426614205503752
196,pcg40,0.6409467759816894,0.9738886604893373,0.3883250133027287,0.8252427184466019,0.5704392699478356,0.08111817448354848
196,poisson_pcg40,1.0,1.0,0.4060863050748902,1.0,1.4897936864518021e-09,1.25398206897989e-09
196,cg80,0.5132318749552964,0.9687338583009182,0.35187194340830247,0.7475728155339806,0.6443796796292517,0.08575322699718275
196,pcg80,0.9569567627494456,1.0,0.4060863050748902,1.0,0.07661213948921121,0.011631747632511381
196,poisson_pcg80,1.0,1.0,0.4060863050748902,1.0,2.620972445669183e-13,3.953766279087959e-14
196,poisson,0.5902894888598813,0.887796084880301,0.24453385747056247,0.3883495145631068,13.307184756910583,76.49285631791494
196,amg,0.7762979557077461,0.9919779049787588,0.3996386682787512,0.8543689320388349,0.34977792112853484,0.104046179356702
196,oracle,1.0,1.0,0.4060863050748902,1.0,2.591372482877926e-13,3.755953029912436e-14
197,ensemble,0.2657580265181317,0.6144334461275734,0.15080154921298078,0.1941747572815534,,
197,raw,0.2492932148987912,0.7109621243266605,0.1896153437879929,0.39805825242718446,,
197,smoothed,0.38247278672841706,0.8315570875894711,0.20969309248915263,0.4563106796116505,,
197,prediction_magnitude,0.4821539164759316,0.7524746212959742,0.10928188181677277,0.0,,
197,boundary_distance,0.44761131537364995,0.6935633492510251,0.11826708853283381,0.04280670785525154,,
197,jacobi1,0.22610832334954578,0.6541011774875346,0.16064608444574138,0.2815533980582524,0.9583273311077012,0.5772686424860501
197,jacobi5,0.2167370560939847,0.6863265973034798,0.16663221496407357,0.3300970873786408,0.9060287439430817,0.33776792298888964
197,jacobi10,0.30175763089192476,0.7989205485805846,0.18549861460680553,0.42718446601941745,0.862272548007574,0.23013105669937278
197,jacobi20,0.43768567609613046,0.9013313936940641,0.20737813312632414,0.5242718446601942,0.8010055731910858,0.13966175459363758
197,jacobi40,0.5789928519061583,0.9308792679970062,0.23473826060270014,0.6213592233009708,0.7289463910488383,0.08508849301570927
197,jacobi80,0.6544307005936628,0.9252290144735039,0.23959468013680474,0.6504854368932039,0.6635518964099781,0.07244819946586133
197,cg5,0.24451786129389885,0.7061341091890411,0.1893050638358834,0.39805825242718446,0.9768951188417017,0.21974537737345182
197,pcg5,0.25705395939131676,0.7739793175421397,0.1832051393833518,0.42718446601941745,0.8609143775353,0.14009689221091656
197,poisson_pcg5,0.9811035400722408,0.9978389888576157,0.28433062632601885,0.9320388349514563,0.3095360882653325,0.08469100444822174
197,cg10,0.230296227916458,0.7089908605040954,0.18307952220554982,0.39805825242718446,0.9611481076282341,0.15374751299900022
197,pcg10,0.5483941040519276,0.9352434563528457,0.23014689647259473,0.6116504854368932,0.7434799372865941,0.06083179905357831
197,poisson_pcg10,0.9999033956798511,0.9999894584822323,0.28559468364423685,0.9902912621359223,0.01614466906902934,0.010814278430996378
197,cg20,0.21588158706458763,0.7163488399059696,0.17515816026537703,0.3883495145631068,0.9343956659372333,0.08951294799816989
197,pcg20,0.6732241077176168,0.9139179659087315,0.23578510527542865,0.5825242718446602,0.6351473600104772,0.04490083167892353
197,poisson_pcg20,0.9999997653064873,1.0,0.2855959453737382,1.0,0.00012376703456359225,5.708950361151299e-05
197,cg40,0.26653106224518985,0.8134045939934432,0.19273215752483322,0.46601941747572817,0.8794052541451213,0.066172037527772
197,pcg40,0.9114083510657319,0.9671210060824558,0.2683675498124421,0.6796116504854369,0.29484357834865615,0.03084252967961193
197,poisson_pcg40,1.0,1.0,0.2855959453737382,1.0,8.606395444934993e-13,3.996783456444121e-13
197,cg80,0.7678902282562048,0.994687075045065,0.2818787268054967,0.883495145631068,0.4187290489097879,0.028991138727858405
197,pcg80,0.9999859519168871,1.0,0.2855959453737382,1.0,0.0014483082785938554,0.00019765328923697332
197,poisson_pcg80,1.0,1.0,0.2855959453737382,1.0,8.977957861977724e-13,7.074606179950823e-14
197,poisson,0.6576661630069379,0.8996552923689953,0.21291880010614245,0.5048543689320388,18.186226837435605,89.65395469299855
197,amg,0.994387237590301,0.9989669312587627,0.28496996346432113,0.941747572815534,0.12926558648125772,0.04246425715319609
197,oracle,1.0,1.0,0.2855959453737382,1.0,9.660442602895444e-13,7.574254673958943e-14
198,ensemble,0.20381028270509977,0.7135026301086831,0.14920083465849912,0.27184466019417475,,
198,raw,0.06650700057220513,0.5296480187217355,0.09758078531094243,0.0970873786407767,,
198,smoothed,0.013474223946784922,0.5189483781874914,0.0908481744418314,0.04854368932038835,,
198,prediction_magnitude,0.35099931380087257,0.7025183685947103,0.10522484773059082,0.0970873786407767,,
198,boundary_distance,0.24944954593443283,0.5905938036958561,0.11225984979312806,0.08870255957634599,,
198,jacobi1,0.17878726038909948,0.6159303416505909,0.1361480383986783,0.1553398058252427,0.918414672163168,0.5852817864060392
198,jacobi5,0.322842462538445,0.7272593107955684,0.17990133306810752,0.3106796116504854,0.8132400248218953,0.3559492795600489
198,jacobi10,0.41126199172090694,0.8138578792574555,0.21607039050472618,0.4854368932038835,0.7310301251694447,0.26822398039036455
198,jacobi20,0.5360768073635648,0.915878688213529,0.2588854199987921,0.6310679611650486,0.6176071657383025,0.1825896574751874
198,jacobi40,0.6594115339567984,0.9677429556307517,0.2804785455194966,0.7475728155339806,0.48457818480459175,0.11732115758102903
198,jacobi80,0.7557619380766755,0.9868020197548043,0.2952070434066877,0.7961165048543689,0.35978624471522735,0.08247576763334363
198,cg5,0.08926253710392675,0.5506256390795147,0.11819886329143212,0.13592233009708737,0.944886621481374,0.37104169635019224
198,pcg5,0.4150291578749732,0.8158502261155561,0.21662670605192177,0.4854368932038835,0.7109618417844515,0.2523767541629749
198,poisson_pcg5,0.4807471188577355,0.8130356408715727,0.19851106323551557,0.3106796116504854,0.7210017090607849,0.21497237443002395
198,cg10,0.13994509289392748,0.5795937299052317,0.1345555930424657,0.1650485436893204,0.8943203928565764,0.2488001470233265
198,pcg10,0.6298170284672054,0.9586983333860409,0.2789537356712851,0.7475728155339806,0.502878467289589,0.11468202688627871
198,poisson_pcg10,0.9471201317859952,0.9919568219432234,0.3008977803781549,0.8252427184466019,0.1863325111897934,0.0577679391721583
198,cg20,0.2747473133180745,0.6420522226790213,0.17112933613273337,0.21359223300970873,0.8165268088331357,0.1511922724342713
198,pcg20,0.7811884655961662,0.9879615867092544,0.29770577948879523,0.7864077669902912,0.3111444926604451,0.06332453512399384
198,poisson_pcg20,0.999951038462914,0.9999894584822323,0.30720022090232857,0.9902912621359223,0.003981887364487454,0.0023247814653156343
198,cg40,0.4753581758279093,0.7463710825084595,0.22173460441961138,0.39805825242718446,0.7009876817366012,0.09257790392424256
198,pcg40,0.9743373819826906,0.997596533948958,0.30573602348649775,0.9223300970873787,0.10098921020238574,0.02677015898197035
198,poisson_pcg40,1.0,1.0,0.30720710181666677,1.0,1.107565509458116e-07,8.149008837591399e-08
198,cg80,0.7750183843251556,0.9281068488240937,0.27937783821417983,0.6796116504854369,0.4660434183860337,0.046711659688835616
198,pcg80,0.9999950379085901,1.0,0.30720710181666677,1.0,0.000917302273447712,0.00016952842508280544
198,poisson_pcg80,1.0,1.0,0.30720710181666677,1.0,3.0957994065519e-14,6.837790103373098e-15
198,poisson,0.18356440213504038,0.6412721503642095,0.13075446657418807,0.1262135922330097,22.954107462019508,80.01722551375822
198,amg,0.9929033599170302,0.9991355955430463,0.30650249518153944,0.970873786407767,0.08485406272447348,0.07675346794523062
198,oracle,1.0,1.0,0.30720710181666677,1.0,2.9130393945434425e-14,5.8189088616298016e-15
199,ensemble,0.24072157079250406,0.6294867334998893,0.14168804121309853,0.23300970873786409,,
199,raw,0.18712155112295256,0.5455551690332374,0.11087192235712585,0.07766990291262135,,
199,smoothed,0.26492348991488446,0.514120363049872,0.1201804827790089,0.07766990291262135,,
199,prediction_magnitude,0.35046716302481934,0.8028736177434828,0.1483127122070242,0.21359223300970873,,
199,boundary_distance,0.43030532711231856,0.6801545386504749,0.1596538227967178,0.22661076787290382,,
199,jacobi1,0.2802536031042128,0.7313388781716792,0.16238747012472987,0.3106796116504854,0.8828720993673561,0.4892423708786727
199,jacobi5,0.42637366112938985,0.8485605557488167,0.19026098345965975,0.4368932038834951,0.7553633415856204,0.23736144057807124
199,jacobi10,0.4928755878513697,0.9013313936940641,0.20783206893833542,0.4854368932038835,0.6813293698858451,0.16170209799376298
199,jacobi20,0.5725221170695944,0.9453000643032584,0.22905116227552902,0.6019417475728155,0.6020359360225872,0.10858962884171137
199,jacobi40,0.6411487018095987,0.9708316203366961,0.2440290316538213,0.7087378640776699,0.5251393328236899,0.08208336660967966
199,jacobi80,0.7055773013375295,0.9833654849625248,0.25400298186438663,0.7766990291262136,0.4525419852116648,0.06968121986451911
199,cg5,0.21442065347614617,0.574850046909754,0.11945572960941804,0.07766990291262135,0.9357579158517656,0.2477175167114153
199,pcg5,0.4789417334239325,0.8852977451693494,0.20648442088155183,0.47572815533980584,0.6752554243183734,0.15067196482471618
199,poisson_pcg5,0.784299674558329,0.9019638847601278,0.23252375066693365,0.4854368932038835,0.41353404700292345,0.14245748677830417
199,cg10,0.25308002825262854,0.6200836996510758,0.13998067856566396,0.11650485436893204,0.888859234010469,0.17963521887674594
199,pcg10,0.6141417705278591,0.9589934958835373,0.2378787401143816,0.6796116504854369,0.5554054524645352,0.0740585486156285
199,poisson_pcg10,0.9872473021421929,0.9978179058220803,0.27135332554359637,0.9029126213592233,0.0908331103222446,0.02777741519123437
199,cg20,0.4054492816143337,0.7301687696994613,0.1834875070276535,0.33980582524271846,0.7787834932176129,0.10190904512209004
199,pcg20,0.7610168599349115,0.9868020197548043,0.2597716656735942,0.8155339805825242,0.3961430501854899,0.049827237831933845
199,poisson_pcg20,0.9999934174057649,1.0,0.2733089185744618,1.0,0.001313704197938421,0.00047883084924629944
199,cg40,0.5809192162577783,0.8415082803622066,0.19754583687213395,0.42718446601941745,0.6401257921963639,0.05954953747437869
199,pcg40,0.9689511993956083,0.995888808070586,0.27063397041370224,0.9320388349514563,0.15886318854940826,0.015203507471865468
199,poisson_pcg40,1.0,1.0,0.2733089185744618,1.0,3.2074612574473186e-08,1.5573677059831338e-08
199,cg80,0.7742090158071668,0.9357072831346257,0.23948824054568918,0.6116504854368932,0.4712841815541045,0.028538557425388453
199,pcg80,0.9992090716865745,0.9999367508933936,0.2732937663459613,0.9902912621359223,0.020917554522182427,0.0021435631548641434
199,poisson_pcg80,1.0,1.0,0.2733089185744618,1.0,8.358139763523266e-14,8.113289017982112e-15
199,poisson,0.5078035481188755,0.7164015474948083,0.16092375085339042,0.13592233009708737,31.660771040797798,86.79310075253646
199,amg,0.9934520062942565,0.9995572562537555,0.2730785150946655,0.9611650485436893,0.0954906257832693,0.04600657788267248
199,oracle,1.0,1.0,0.2733089185744618,1.0,7.385380117472468e-14,7.360914634484292e-15
