sample,iterations,iterations_executed,cg_info,bound,a_min,actual_contrast,resolved_fraction,all_cells_resolved,certified_top10_recall,certified_high_count,certified_low_count,mean_bound_over_mean_abs_error,flux_to_baseline_bound_ratio,corrected_prediction_relative_l2,relative_l2_correction_error,same_A_identity_relative_error,numeric_tolerance,false_high,false_low,bound_violations,raw_positive_bound_exceedances,max_positive_bound_excess_over_error_scale,positive_flux_excess_over_baseline_bound,baseline_flags_lost_by_flux
0,20,20,20,baseline,1.0,100.0,0.2841796875,False,0.0,0,291,0.85670536724879,0.32657662765580897,0.00018875125652442678,0.004705994515611195,6.003132459740468e-14,1.553186144924003e-13,0,0,0,0,0.0,0.0,0
0,20,20,20,equilibrated_flux,1.0,100.0,0.7412109375,False,0.1553398058252427,16,743,0.27977994973074116,0.32657662765580897,0.00018875125652442678,0.004705994515611195,6.003132459740468e-14,1.553186144924003e-13,0,0,0,0,0.0,0.0,0
0,40,40,40,baseline,1.0,100.0,0.9892578125,False,0.941747572815534,97,916,0.012376505155365173,0.3223087033747739,1.923673236740086e-06,4.79615122496585e-05,6.003132459740468e-14,1.553186144924003e-13,0,0,0,0,0.0,0.0,0
0,40,40,40,equilibrated_flux,1.0,100.0,0.994140625,False,0.970873786407767,100,918,0.003989055328936954,0.3223087033747739,1.923673236740086e-06,4.79615122496585e-05,6.003132459740468e-14,1.553186144924003e-13,0,0,0,0,0.0,0.0,0
1,20,20,20,baseline,1.0,100.0,0.4482421875,False,0.0,0,459,0.8108468487709022,0.33026418994407397,0.00026671162558192474,0.006273350739375347,2.0884745699055275e-14,1.8021885800218574e-13,0,0,0,0,0.0,0.0,0
1,20,20,20,equilibrated_flux,1.0,100.0,0.7685546875,False,0.2912621359223301,30,757,0.2677936776780271,0.33026418994407397,0.00026671162558192474,0.006273350739375347,2.0884745699055275e-14,1.8021885800218574e-13,0,0,0,0,0.0,0.0,0
1,40,40,40,baseline,1.0,100.0,0.9892578125,False,0.941747572815534,97,916,0.011122487704329198,0.3383073502600614,2.125961962452801e-06,5.000496330050312e-05,2.0884745699055275e-14,1.8021885800218574e-13,0,0,0,0,0.0,0.0,0
1,40,40,40,equilibrated_flux,1.0,100.0,0.994140625,False,0.9611650485436893,99,919,0.003762819343551724,0.3383073502600614,2.125961962452801e-06,5.000496330050312e-05,2.0884745699055275e-14,1.8021885800218574e-13,0,0,0,0,0.0,0.0,0
2,20,20,20,baseline,1.0,100.0,0.1142578125,False,0.02912621359223301,3,114,0.9637011959261834,0.3250400631480135,0.0005136272766433198,0.005662850917888163,2.7548901757960844e-14,1.5706863441029445e-13,0,0,0,0,0.0,0.0,0
2,20,20,20,equilibrated_flux,1.0,100.0,0.7275390625,False,0.20388349514563106,21,724,0.31324149757966274,0.3250400631480135,0.0005136272766433198,0.005662850917888163,2.7548901757960844e-14,1.5706863441029445e-13,0,0,0,0,0.0,0.0,0
2,40,40,40,baseline,1.0,100.0,0.990234375,False,0.9514563106796117,98,916,0.016997582038755264,0.2990990054348216,5.7780695505741686e-06,6.370445641426882e-05,2.7548901757960844e-14,1.5706863441029445e-13,0,0,0,0,0.0,0.0,0
2,40,40,40,equilibrated_flux,1.0,100.0,1.0,True,1.0,103,921,0.0050839598825884865,0.2990990054348216,5.7780695505741686e-06,6.370445641426882e-05,2.7548901757960844e-14,1.5706863441029445e-13,0,0,0,0,0.0,0.0,0
3,20,20,20,baseline,1.0,100.0,0.3330078125,False,0.0,0,341,0.9855493792115793,0.34216702897624574,0.00033160527975863077,0.006000067639914473,2.6152859883964904e-14,1.7170476390071638e-13,0,0,0,0,0.0,0.0,0
3,20,20,20,equilibrated_flux,1.0,100.0,0.814453125,False,0.22330097087378642,23,811,0.3372225029942094,0.34216702897624574,0.00033160527975863077,0.006000067639914473,2.6152859883964904e-14,1.7170476390071638e-13,0,0,0,0,0.0,0.0,0
3,40,40,40,baseline,1.0,100.0,0.9912109375,False,0.9514563106796117,98,917,0.01158323443192412,0.34472350851921585,3.148103025632448e-06,5.6961792360363444e-05,2.6152859883964904e-14,1.7170476390071638e-13,0,0,0,0,0.0,0.0,0
3,40,40,40,equilibrated_flux,1.0,100.0,0.998046875,False,0.9902912621359223,102,920,0.003993013213373468,0.34472350851921585,3.148103025632448e-06,5.6961792360363444e-05,2.6152859883964904e-14,1.7170476390071638e-13,0,0,0,0,0.0,0.0,0
4,20,20,20,baseline,1.0,100.0,0.3271484375,False,0.0,0,335,0.8942237623765532,0.3125519625871026,0.0001868316178226479,0.004690293126032944,2.2585355034382107e-14,1.3830472349105252e-13,0,0,0,0,0.0,0.0,0
4,20,20,20,equilibrated_flux,1.0,100.0,0.8046875,False,0.1553398058252427,16,808,0.2794913919228146,0.3125519625871026,0.0001868316178226479,0.004690293126032944,2.2585355034382107e-14,1.3830472349105252e-13,0,0,0,0,0.0,0.0,0
4,40,40,40,baseline,1.0,100.0,0.994140625,False,0.9611650485436893,99,919,0.011990209410161217,0.31720783470998026,1.790153407604911e-06,4.4940702864412905e-05,2.2585355034382107e-14,1.3830472349105252e-13,0,0,0,0,0.0,0.0,0
4,40,40,40,equilibrated_flux,1.0,100.0,0.9970703125,False,0.9805825242718447,101,920,0.0038033883647164693,0.31720783470998026,1.790153407604911e-06,4.4940702864412905e-05,2.2585355034382107e-14,1.3830472349105252e-13,0,0,0,0,0.0,0.0,0
5,20,20,20,baseline,1.0,100.0,0.4443359375,False,0.009708737864077669,1,454,0.6704263554021974,0.3236686688253095,0.00013271892081095771,0.004248294575131392,4.782495033982035e-14,1.270952314797286e-13,0,0,0,0,0.0,0.0,0
5,20,20,20,equilibrated_flux,1.0,100.0,0.7919921875,False,0.3300970873786408,34,777,0.21699600599843302,0.3236686688253095,0.00013271892081095771,0.004248294575131392,4.782495033982035e-14,1.270952314797286e-13,0,0,0,0,0.0,0.0,0
5,40,40,40,baseline,1.0,100.0,0.98828125,False,0.941747572815534,97,915,0.01067069397425871,0.3425644851631843,1.463209992217708e-06,4.6836932023279e-05,4.782495033982035e-14,1.270952314797286e-13,0,0,0,0,0.0,0.0,0
5,40,40,40,equilibrated_flux,1.0,100.0,0.99609375,False,0.9805825242718447,101,919,0.003655400787625828,0.3425644851631843,1.463209992217708e-06,4.6836932023279e-05,4.782495033982035e-14,1.270952314797286e-13,0,0,0,0,0.0,0.0,0
6,20,20,20,baseline,1.0,100.0,0.34375,False,0.0,0,352,0.8944747892093653,0.32808617488688635,0.00019212445484649874,0.0047179844819056505,3.454782953586583e-14,1.513785530670899e-13,0,0,0,0,0.0,0.0,0
6,20,20,20,equilibrated_flux,1.0,100.0,0.8408203125,False,0.21359223300970873,22,839,0.29346481212445463,0.32808617488688635,0.00019212445484649874,0.0047179844819056505,3.454782953586583e-14,1.513785530670899e-13,0,0,0,0,0.0,0.0,0
6,40,40,40,baseline,1.0,100.0,0.994140625,False,0.9611650485436893,99,919,0.010991211514522032,0.31200900311394264,1.7417959164381816e-06,4.277313947859537e-05,3.454782953586583e-14,1.513785530670899e-13,0,0,0,0,0.0,0.0,0
6,40,40,40,equilibrated_flux,1.0,100.0,1.0,True,1.0,103,921,0.003429356947660506,0.31200900311394264,1.7417959164381816e-06,4.277313947859537e-05,3.454782953586583e-14,1.513785530670899e-13,0,0,0,0,0.0,0.0,0
7,20,20,20,baseline,1.0,100.0,0.3955078125,False,0.18446601941747573,19,386,0.8584326227726677,0.3169819797467584,0.0001521920702761463,0.004711347724367329,4.795736765662541e-14,1.6681163854046248e-13,0,0,0,0,0.0,0.0,0
7,20,20,20,equilibrated_flux,1.0,100.0,0.8916015625,False,0.5922330097087378,61,852,0.2721076722456825,0.3169819797467584,0.0001521920702761463,0.004711347724367329,4.795736765662541e-14,1.6681163854046248e-13,0,0,0,0,0.0,0.0,0
7,40,40,40,baseline,1.0,100.0,0.998046875,False,0.9902912621359223,102,920,0.013085653183226742,0.33324993041860224,1.86084072903643e-06,5.760528599329594e-05,4.795736765662541e-14,1.6681163854046248e-13,0,0,0,0,0.0,0.0,0
7,40,40,40,equilibrated_flux,1.0,100.0,1.0,True,1.0,103,921,0.004360793012792273,0.33324993041860224,1.86084072903643e-06,5.760528599329594e-05,4.795736765662541e-14,1.6681163854046248e-13,0,0,0,0,0.0,0.0,0
8,20,20,20,baseline,1.0,100.0,0.0654296875,False,0.0,0,67,1.1497609102279378,0.30844287936022113,0.00028730431224932075,0.00824536401786215,4.5909196908244776e-14,1.384000528541273e-13,0,0,0,0,0.0,0.0,0
8,20,20,20,equilibrated_flux,1.0,100.0,0.787109375,False,0.34951456310679613,36,770,0.35463556572653393,0.30844287936022113,0.00028730431224932075,0.00824536401786215,4.5909196908244776e-14,1.384000528541273e-13,0,0,0,0,0.0,0.0,0
8,40,40,40,baseline,1.0,100.0,0.9931640625,False,0.9611650485436893,99,918,0.015744739858346887,0.3250818456357039,2.462263012622017e-06,7.066463669782505e-05,4.5909196908244776e-14,1.384000528541273e-13,0,0,0,0,0.0,0.0,0
8,40,40,40,equilibrated_flux,1.0,100.0,0.998046875,False,0.9902912621359223,102,920,0.0051183290922054364,0.3250818456357039,2.462263012622017e-06,7.066463669782505e-05,4.5909196908244776e-14,1.384000528541273e-13,0,0,0,0,0.0,0.0,0
9,20,20,20,baseline,1.0,100.0,0.4990234375,False,0.038834951456310676,4,507,0.7549908973094696,0.302684485337105,0.0001542264917010051,0.0037626966928347863,4.152768531477468e-14,1.3978283809798538e-13,0,0,0,0,0.0,0.0,0
9,20,20,20,equilibrated_flux,1.0,100.0,0.869140625,False,0.4854368932038835,50,840,0.22852403118631587,0.302684485337105,0.0001542264917010051,0.0037626966928347863,4.152768531477468e-14,1.3978283809798538e-13,0,0,0,0,0.0,0.0,0
9,40,40,40,baseline,1.0,100.0,0.998046875,False,0.9902912621359223,102,920,0.010931589518115549,0.3107728498155016,1.9480484906669823e-06,4.75269555344384e-05,4.152768531477468e-14,1.3978283809798538e-13,0,0,0,0,0.0,0.0,0
9,40,40,40,equilibrated_flux,1.0,100.0,1.0,True,1.0,103,921,0.0033972412275580337,0.3107728498155016,1.9480484906669823e-06,4.75269555344384e-05,4.152768531477468e-14,1.3978283809798538e-13,0,0,0,0,0.0,0.0,0
10,20,20,20,baseline,1.0,100.0,0.673828125,False,0.11650485436893204,12,678,0.5173648989146926,0.33626694713932564,0.00013858436256135355,0.002898195070803697,5.0399302725836414e-14,1.5632044015892536e-13,0,0,0,0,0.0,0.0,0
10,20,20,20,equilibrated_flux,1.0,100.0,0.9033203125,False,0.6310679611650486,65,860,0.1739727151150895,0.33626694713932564,0.00013858436256135355,0.002898195070803697,5.0399302725836414e-14,1.5632044015892536e-13,0,0,0,0,0.0,0.0,0
10,40,40,40,baseline,1.0,100.0,0.9951171875,False,0.9805825242718447,101,918,0.00729479042927132,0.33351260990754217,1.6918090484871088e-06,3.53805620954985e-05,5.0399302725836414e-14,1.5632044015892536e-13,0,0,0,0,0.0,0.0,0
10,40,40,40,equilibrated_flux,1.0,100.0,1.0,True,1.0,103,921,0.0024329045947948376,0.33351260990754217,1.6918090484871088e-06,3.53805620954985e-05,5.0399302725836414e-14,1.5632044015892536e-13,0,0,0,0,0.0,0.0,0
11,20,20,20,baseline,1.0,100.0,0.6865234375,False,0.23300970873786409,24,679,0.4471298435689664,0.313126898839366,0.00014155093601430884,0.0023467086627486445,5.4657354877258747e-14,1.8286188277913473e-13,0,0,0,0,0.0,0.0,0
11,20,20,20,equilibrated_flux,1.0,100.0,0.890625,False,0.6601941747572816,68,844,0.1400083812952813,0.313126898839366,0.00014155093601430884,0.0023467086627486445,5.4657354877258747e-14,1.8286188277913473e-13,0,0,0,0,0.0,0.0,0
11,40,40,40,baseline,1.0,100.0,0.9951171875,False,0.9805825242718447,101,918,0.006154806302252119,0.3194587670578399,1.33921410411042e-06,2.220222223807462e-05,5.4657354877258747e-14,1.8286188277913473e-13,0,0,0,0,0.0,0.0,0
11,40,40,40,equilibrated_flux,1.0,100.0,0.99609375,False,0.9805825242718447,101,919,0.0019662068327972845,0.3194587670578399,1.33921410411042e-06,2.220222223807462e-05,5.4657354877258747e-14,1.8286188277913473e-13,0,0,0,0,0.0,0.0,0
12,20,20,20,baseline,1.0,100.0,0.1328125,False,0.02912621359223301,3,133,1.0100811538470897,0.3064543126946938,0.00024260773341143972,0.006388495204188145,2.3466176654940638e-14,1.5300737191560391e-13,0,0,0,0,0.0,0.0,0
12,20,20,20,equilibrated_flux,1.0,100.0,0.8095703125,False,0.32038834951456313,33,796,0.30954372576807326,0.3064543126946938,0.00024260773341143972,0.006388495204188145,2.3466176654940638e-14,1.5300737191560391e-13,0,0,0,0,0.0,0.0,0
12,40,40,40,baseline,1.0,100.0,0.98828125,False,0.9514563106796117,98,914,0.012474265804832787,0.317464512287649,2.1243997358049637e-06,5.594099303081196e-05,2.3466176654940638e-14,1.5300737191560391e-13,0,0,0,0,0.0,0.0,0
12,40,40,40,equilibrated_flux,1.0,100.0,0.9951171875,False,0.9805825242718447,101,918,0.003960136709877738,0.317464512287649,2.1243997358049637e-06,5.594099303081196e-05,2.3466176654940638e-14,1.5300737191560391e-13,0,0,0,0,0.0,0.0,0
13,20,20,20,baseline,1.0,100.0,0.0634765625,False,0.0,0,65,1.0727352562694175,0.31388119386155994,0.0002200539911629106,0.008588425166592023,2.5242757065059385e-14,1.2456927433177958e-13,0,0,0,0,0.0,0.0,0
13,20,20,20,equilibrated_flux,1.0,100.0,0.75,False,0.18446601941747573,19,749,0.3367114229352312,0.31388119386155994,0.0002200539911629106,0.008588425166592023,2.5242757065059385e-14,1.2456927433177958e-13,0,0,0,0,0.0,0.0,0
13,40,40,40,baseline,1.0,100.0,0.990234375,False,0.9514563106796117,98,916,0.01356195141711527,0.3337521315972395,1.603047563570484e-06,6.256489130458974e-05,2.5242757065059385e-14,1.2456927433177958e-13,0,0,0,0,0.0,0.0,0
13,40,40,40,equilibrated_flux,1.0,100.0,0.998046875,False,0.9902912621359223,102,920,0.004526330194080425,0.3337521315972395,1.603047563570484e-06,6.256489130458974e-05,2.5242757065059385e-14,1.2456927433177958e-13,0,0,0,0,0.0,0.0,0
14,20,20,20,baseline,1.0,100.0,0.5986328125,False,0.0,0,613,0.8126688685231538,0.31919777355933227,0.00023887001167314687,0.0051598187305001006,2.2491726709684036e-14,1.5544481916301207e-13,0,0,0,0,0.0,0.0,0
14,20,20,20,equilibrated_flux,1.0,100.0,0.8310546875,False,0.05825242718446602,6,845,0.25940209347357246,0.31919777355933227,0.00023887001167314687,0.0051598187305001006,2.2491726709684036e-14,1.5544481916301207e-13,0,0,0,0,0.0,0.0,0
14,40,40,40,baseline,1.0,100.0,0.990234375,False,0.9514563106796117,98,916,0.011283665865021374,0.32409597489984315,2.7121616623622223e-06,5.858526337226366e-05,2.2491726709684036e-14,1.5544481916301207e-13,0,0,0,0,0.0,0.0,0
14,40,40,40,equilibrated_flux,1.0,100.0,0.9970703125,False,0.9902912621359223,102,919,0.0036569906889681843,0.32409597489984315,2.7121616623622223e-06,5.858526337226366e-05,2.2491726709684036e-14,1.5544481916301207e-13,0,0,0,0,0.0,0.0,0
15,20,20,20,baseline,1.0,100.0,0.7568359375,False,0.4368932038834951,45,730,0.8570139384574426,0.3391201595504113,0.00013431491985141706,0.003456590998177082,2.876183489068112e-14,1.6545631629466281e-13,0,0,0,0,0.0,0.0,0
15,20,20,20,equilibrated_flux,1.0,100.0,0.951171875,False,0.7572815533980582,78,896,0.2906307035466143,0.3391201595504113,0.00013431491985141706,0.003456590998177082,2.876183489068112e-14,1.6545631629466281e-13,0,0,0,0,0.0,0.0,0
15,40,40,40,baseline,1.0,100.0,1.0,True,1.0,103,921,0.012512309165299933,0.32951010878479203,1.631998049206285e-06,4.19994277045526e-05,2.876183489068112e-14,1.6545631629466281e-13,0,0,0,0,0.0,0.0,0
15,40,40,40,equilibrated_flux,1.0,100.0,1.0,True,1.0,103,921,0.004122932354206931,0.32951010878479203,1.631998049206285e-06,4.19994277045526e-05,2.876183489068112e-14,1.6545631629466281e-13,0,0,0,0,0.0,0.0,0
16,20,20,20,baseline,1.0,100.0,0.6591796875,False,0.02912621359223301,3,672,0.4899736297718381,0.3107166893281378,0.00010790010460114637,0.0031413729336113297,2.5630433600453025e-14,1.3426567918733646e-13,0,0,0,0,0.0,0.0,0
16,20,20,20,equilibrated_flux,1.0,100.0,0.8857421875,False,0.39805825242718446,41,866,0.15224298410079623,0.3107166893281378,0.00010790010460114637,0.0031413729336113297,2.5630433600453025e-14,1.3426567918733646e-13,0,0,0,0,0.0,0.0,0
16,40,40,40,baseline,1.0,100.0,0.9951171875,False,0.9805825242718447,101,918,0.003963045740641488,0.3728983146288782,7.772489055359896e-07,2.2628603406463993e-05,2.5630433600453025e-14,1.3426567918733646e-13,0,0,0,0,0.0,0.0,0
16,40,40,40,equilibrated_flux,1.0,100.0,1.0,True,1.0,103,921,0.0014778130774823655,0.3728983146288782,7.772489055359896e-07,2.2628603406463993e-05,2.5630433600453025e-14,1.3426567918733646e-13,0,0,0,0,0.0,0.0,0
17,20,20,20,baseline,1.0,100.0,0.7451171875,False,0.2621359223300971,27,736,0.5057844476029356,0.2952600677271423,0.0001700138337214472,0.0029233212609623793,1.605621451756909e-14,3.016839215777722e-13,0,0,0,0,0.0,0.0,0
17,20,20,20,equilibrated_flux,1.0,100.0,0.9248046875,False,0.6504854368932039,67,880,0.14933795025457797,0.2952600677271423,0.0001700138337214472,0.0029233212609623793,1.605621451756909e-14,3.016839215777722e-13,0,0,0,0,0.0,0.0,0
17,40,40,40,baseline,1.0,100.0,0.998046875,False,0.9902912621359223,102,920,0.0032708158290513717,0.38962245269328843,1.0115754100246748e-06,1.7393642849262735e-05,1.605621451756909e-14,3.016839215777722e-13,0,0,0,0,0.0,0.0,0
17,40,40,40,equilibrated_flux,1.0,100.0,1.0,True,1.0,103,921,0.0012743832856230274,0.38962245269328843,1.0115754100246748e-06,1.7393642849262735e-05,1.605621451756909e-14,3.016839215777722e-13,0,0,0,0,0.0,0.0,0
18,20,20,20,baseline,1.0,100.0,0.0634765625,False,0.0,0,65,0.9685289413815138,0.33362937620848726,0.0002284398796555694,0.007282982394366126,5.0478296091875096e-14,1.4767422010912482e-13,0,0,0,0,0.0,0.0,0
18,20,20,20,equilibrated_flux,1.0,100.0,0.681640625,False,0.13592233009708737,14,684,0.3231297065529809,0.33362937620848726,0.0002284398796555694,0.007282982394366126,5.0478296091875096e-14,1.4767422010912482e-13,0,0,0,0,0.0,0.0,0
18,40,40,40,baseline,1.0,100.0,0.9921875,False,0.9611650485436893,99,917,0.012266604520250291,0.3280703193249373,1.7894767760739727e-06,5.7051018740392396e-05,5.0478296091875096e-14,1.4767422010912482e-13,0,0,0,0,0.0,0.0,0
18,40,40,40,equilibrated_flux,1.0,100.0,0.998046875,False,0.9902912621359223,102,920,0.004024308861991232,0.3280703193249373,1.7894767760739727e-06,5.7051018740392396e-05,5.0478296091875096e-14,1.4767422010912482e-13,0,0,0,0,0.0,0.0,0
19,20,20,20,baseline,1.0,100.0,0.166015625,False,0.038834951456310676,4,166,0.8979333559047147,0.314785406737253,0.0001551384822970381,0.004718553179467217,2.1784070640583784e-14,1.4995596830623708e-13,0,0,0,0,0.0,0.0,0
19,20,20,20,equilibrated_flux,1.0,100.0,0.7763671875,False,0.32038834951456313,33,762,0.28265631666141217,0.314785406737253,0.0001551384822970381,0.004718553179467217,2.1784070640583784e-14,1.4995596830623708e-13,0,0,0,0,0.0,0.0,0
19,40,40,40,baseline,1.0,100.0,0.998046875,False,0.9902912621359223,102,920,0.009500605840946603,0.31945513930651276,1.4002017830051823e-06,4.258728380781315e-05,2.1784070640583784e-14,1.4995596830623708e-13,0,0,0,0,0.0,0.0,0
19,40,40,40,equilibrated_flux,1.0,100.0,1.0,True,1.0,103,921,0.003035017362415866,0.31945513930651276,1.4002017830051823e-06,4.258728380781315e-05,2.1784070640583784e-14,1.4995596830623708e-13,0,0,0,0,0.0,0.0,0
20,20,20,20,baseline,1.0,100.0,0.1650390625,False,0.019417475728155338,2,167,1.0450716883268818,0.32367472608862313,0.00019020619490691534,0.005910753368446403,2.402689022780037e-14,1.4530817923131865e-13,0,0,0,0,0.0,0.0,0
20,20,20,20,equilibrated_flux,1.0,100.0,0.794921875,False,0.24271844660194175,25,789,0.33826329246217846,0.32367472608862313,0.00019020619490691534,0.005910753368446403,2.402689022780037e-14,1.4530817923131865e-13,0,0,0,0,0.0,0.0,0
20,40,40,40,baseline,1.0,100.0,0.98828125,False,0.9223300970873787,95,917,0.014431994742200917,0.3089186802173369,1.4878929592062144e-06,4.623702358809072e-05,2.402689022780037e-14,1.4530817923131865e-13,0,0,0,0,0.0,0.0,0
20,40,40,40,equilibrated_flux,1.0,100.0,0.9951171875,False,0.9805825242718447,101,918,0.004458312768664252,0.3089186802173369,1.4878929592062144e-06,4.623702358809072e-05,2.402689022780037e-14,1.4530817923131865e-13,0,0,0,0,0.0,0.0,0
21,20,20,20,baseline,1.0,100.0,0.646484375,False,0.0,0,662,0.4272682311277958,0.3182673663233236,0.00011814908249275812,0.0025411962203762007,3.214187831747595e-14,1.5446555397893893e-13,0,0,0,0,0.0,0.0,0
21,20,20,20,equilibrated_flux,1.0,100.0,0.8759765625,False,0.5145631067961165,53,844,0.13598553463466867,0.3182673663233236,0.00011814908249275812,0.0025411962203762007,3.214187831747595e-14,1.5446555397893893e-13,0,0,0,0,0.0,0.0,0
21,40,40,40,baseline,1.0,100.0,0.998046875,False,0.9902912621359223,102,920,0.0038060410728996065,0.3527303703992242,8.027534481539588e-07,1.7265932035216585e-05,3.214187831747595e-14,1.5446555397893893e-13,0,0,0,0,0.0,0.0,0
21,40,40,40,equilibrated_flux,1.0,100.0,1.0,True,1.0,103,921,0.0013425062773985389,0.3527303703992242,8.027534481539588e-07,1.7265932035216585e-05,3.214187831747595e-14,1.5446555397893893e-13,0,0,0,0,0.0,0.0,0
22,20,20,20,baseline,1.0,100.0,0.0,False,0.0,0,0,1.597017740703602,0.32095516531857743,0.00034774775353734675,0.009029818956543636,4.77151121198688e-14,1.2884776687097833e-13,0,0,0,0,0.0,0.0,0
22,20,20,20,equilibrated_flux,1.0,100.0,0.537109375,False,0.05825242718446602,6,544,0.5125710929842257,0.32095516531857743,0.00034774775353734675,0.009029818956543636,4.77151121198688e-14,1.2884776687097833e-13,0,0,0,0,0.0,0.0,0
22,40,40,40,baseline,1.0,100.0,0.9765625,False,0.8543689320388349,88,912,0.025235585078673184,0.3179586769330912,4.077634403055809e-06,0.00010588220931992618,4.77151121198688e-14,1.2884776687097833e-13,0,0,0,0,0.0,0.0,0
22,40,40,40,equilibrated_flux,1.0,100.0,0.9912109375,False,0.941747572815534,97,918,0.008023873243247381,0.3179586769330912,4.077634403055809e-06,0.00010588220931992618,4.77151121198688e-14,1.2884776687097833e-13,0,0,0,0,0.0,0.0,0
23,20,20,20,baseline,1.0,100.0,0.0,False,0.0,0,0,1.31945256262502,0.32484553182990267,0.0002549097871205305,0.009353848158253032,2.1497209767213076e-14,1.4042551334279763e-13,0,0,0,0,0.0,0.0,0
23,20,20,20,equilibrated_flux,1.0,100.0,0.75390625,False,0.18446601941747573,19,753,0.42861826943025266,0.32484553182990267,0.0002549097871205305,0.009353848158253032,2.1497209767213076e-14,1.4042551334279763e-13,0,0,0,0,0.0,0.0,0
23,40,40,40,baseline,1.0,100.0,0.9921875,False,0.9805825242718447,101,915,0.01601709387759199,0.3304058417059341,2.1595377882336516e-06,7.924367593461023e-05,2.1497209767213076e-14,1.4042551334279763e-13,0,0,0,0,0.0,0.0,0
23,40,40,40,equilibrated_flux,1.0,100.0,0.994140625,False,0.9902912621359223,102,916,0.005292141384308745,0.3304058417059341,2.1595377882336516e-06,7.924367593461023e-05,2.1497209767213076e-14,1.4042551334279763e-13,0,0,0,0,0.0,0.0,0
24,20,20,20,baseline,1.0,100.0,0.04296875,False,0.0,0,44,1.008504443480942,0.33507194985807903,0.00020739667113726075,0.007467264795974109,3.367820376849708e-14,1.4070461069330156e-13,0,0,0,0,0.0,0.0,0
24,20,20,20,equilibrated_flux,1.0,100.0,0.7265625,False,0.3786407766990291,39,705,0.33792155031769616,0.33507194985807903,0.00020739667113726075,0.007467264795974109,3.367820376849708e-14,1.4070461069330156e-13,0,0,0,0,0.0,0.0,0
24,40,40,40,baseline,1.0,100.0,0.982421875,False,0.912621359223301,94,912,0.01564026653217796,0.32100527339905416,2.1429791916427257e-06,7.715742489282517e-05,3.367820376849708e-14,1.4070461069330156e-13,0,0,0,0,0.0,0.0,0
24,40,40,40,equilibrated_flux,1.0,100.0,0.99609375,False,0.9805825242718447,101,919,0.005020608034195863,0.32100527339905416,2.1429791916427257e-06,7.715742489282517e-05,3.367820376849708e-14,1.4070461069330156e-13,0,0,0,0,0.0,0.0,0
25,20,20,20,baseline,1.0,100.0,0.3115234375,False,0.04854368932038835,5,314,0.9278324142540714,0.32932112983789574,0.00011536972553220966,0.0047555292161278635,3.525207800350573e-14,1.4564413855850804e-13,0,0,0,0,0.0,0.0,0
25,20,20,20,equilibrated_flux,1.0,100.0,0.8388671875,False,0.49514563106796117,51,808,0.30555481896237335,0.32932112983789574,0.00011536972553220966,0.0047555292161278635,3.525207800350573e-14,1.4564413855850804e-13,0,0,0,0,0.0,0.0,0
25,40,40,40,baseline,1.0,100.0,0.9931640625,False,0.9805825242718447,101,916,0.013384898752538305,0.3259463082492678,1.2699439024780295e-06,5.2346968004135084e-05,3.525207800350573e-14,1.4564413855850804e-13,0,0,0,0,0.0,0.0,0
25,40,40,40,equilibrated_flux,1.0,100.0,0.998046875,False,0.9902912621359223,102,920,0.0043627583346800905,0.3259463082492678,1.2699439024780295e-06,5.2346968004135084e-05,3.525207800350573e-14,1.4564413855850804e-13,0,0,0,0,0.0,0.0,0
26,20,20,20,baseline,1.0,100.0,0.0224609375,False,0.22330097087378642,23,0,1.7418959743519706,0.32026209703984576,0.0003789249296076305,0.011017462002661349,5.473965666883254e-14,1.563760813569082e-13,0,0,0,0,0.0,0.0,0
26,20,20,20,equilibrated_flux,1.0,100.0,0.712890625,False,0.4563106796116505,47,683,0.5578632575712276,0.32026209703984576,0.0003789249296076305,0.011017462002661349,5.473965666883254e-14,1.563760813569082e-13,0,0,0,0,0.0,0.0,0
26,40,40,40,baseline,1.0,100.0,0.9912109375,False,0.9611650485436893,99,916,0.02402877595928078,0.316200985899642,3.1195832630811044e-06,9.070369189142237e-05,5.473965666883254e-14,1.563760813569082e-13,0,0,0,0,0.0,0.0,0
26,40,40,40,equilibrated_flux,1.0,100.0,0.9970703125,False,0.9805825242718447,101,920,0.007597922648286199,0.316200985899642,3.1195832630811044e-06,9.070369189142237e-05,5.473965666883254e-14,1.563760813569082e-13,0,0,0,0,0.0,0.0,0
27,20,20,20,baseline,1.0,100.0,0.75390625,False,0.08737864077669903,9,763,0.5298245439826353,0.31571256752405197,0.00023891743051675067,0.0032513019628817004,3.80825933617812e-14,2.1798648028259334e-13,0,0,0,0,0.0,0.0,0
27,20,20,20,equilibrated_flux,1.0,100.0,0.9169921875,False,0.6019417475728155,62,877,0.16727226711801776,0.31571256752405197,0.00023891743051675067,0.0032513019628817004,3.80825933617812e-14,2.1798648028259334e-13,0,0,0,0,0.0,0.0,0
27,40,40,40,baseline,1.0,100.0,0.9970703125,False,0.9902912621359223,102,919,0.0071522171561641664,0.3144983214651674,2.052861943638062e-06,2.7936321148464028e-05,3.80825933617812e-14,2.1798648028259334e-13,0,0,0,0,0.0,0.0,0
27,40,40,40,equilibrated_flux,1.0,100.0,1.0,True,1.0,103,921,0.0022493602903680032,0.3144983214651674,2.052861943638062e-06,2.7936321148464028e-05,3.80825933617812e-14,2.1798648028259334e-13,0,0,0,0,0.0,0.0,0
28,20,20,20,baseline,1.0,100.0,0.146484375,False,0.038834951456310676,4,146,0.7859026162638135,0.3197165891403258,0.0002149893555822283,0.0051215768030373945,2.879567153765798e-14,1.3837497348019455e-13,0,0,0,0,0.0,0.0,0
28,20,20,20,equilibrated_flux,1.0,100.0,0.71875,False,0.39805825242718446,41,695,0.25126610386832476,0.3197165891403258,0.0002149893555822283,0.0051215768030373945,2.879567153765798e-14,1.3837497348019455e-13,0,0,0,0,0.0,0.0,0
28,40,40,40,baseline,1.0,100.0,0.990234375,False,0.9514563106796117,98,916,0.010376877553034259,0.3257598123768607,1.8338159346068588e-06,4.368601936720457e-05,2.879567153765798e-14,1.3837497348019455e-13,0,0,0,0,0.0,0.0,0
28,40,40,40,equilibrated_flux,1.0,100.0,0.99609375,False,0.9805825242718447,101,919,0.003380369684734097,0.3257598123768607,1.8338159346068588e-06,4.368601936720457e-05,2.879567153765798e-14,1.3837497348019455e-13,0,0,0,0,0.0,0.0,0
29,20,20,20,baseline,1.0,100.0,0.4228515625,False,0.0,0,433,0.8730047412665904,0.3304221614247325,0.00015790163580104824,0.005310682716829357,7.47539671880129e-14,1.4638543746418363e-13,0,0,0,0,0.0,0.0,0
29,20,20,20,equilibrated_flux,1.0,100.0,0.82421875,False,0.22330097087378642,23,821,0.2884601135433462,0.3304221614247325,0.00015790163580104824,0.005310682716829357,7.47539671880129e-14,1.4638543746418363e-13,0,0,0,0,0.0,0.0,0
29,40,40,40,baseline,1.0,100.0,0.990234375,False,0.941747572815534,97,917,0.010906932131073738,0.3383061570795228,1.596055078080802e-06,5.367988795849204e-05,7.47539671880129e-14,1.4638543746418363e-13,0,0,0,0,0.0,0.0,0
29,40,40,40,equilibrated_flux,1.0,100.0,0.9931640625,False,0.9514563106796117,98,919,0.0036898822947907263,0.3383061570795228,1.596055078080802e-06,5.367988795849204e-05,7.47539671880129e-14,1.4638543746418363e-13,0,0,0,0,0.0,0.0,0
30,20,20,20,baseline,1.0,100.0,0.2783203125,False,0.0,0,285,0.9689378991333869,0.329235506377132,0.000324574242038173,0.005782186981690112,3.393274528128865e-14,1.5603592215089543e-13,0,0,0,0,0.0,0.0,0
30,20,20,20,equilibrated_flux,1.0,100.0,0.79296875,False,0.4368932038834951,45,767,0.3190087598691751,0.329235506377132,0.000324574242038173,0.005782186981690112,3.393274528128865e-14,1.5603592215089543e-13,0,0,0,0,0.0,0.0,0
30,40,40,40,baseline,1.0,100.0,0.9892578125,False,0.970873786407767,100,913,0.015520079950857735,0.31829601304534294,3.064854335684624e-06,5.459940606885719e-05,3.393274528128865e-14,1.5603592215089543e-13,0,0,0,0,0.0,0.0,0
30,40,40,40,equilibrated_flux,1.0,100.0,0.9970703125,False,0.9902912621359223,102,919,0.004939979570502978,0.31829601304534294,3.064854335684624e-06,5.459940606885719e-05,3.393274528128865e-14,1.5603592215089543e-13,0,0,0,0,0.0,0.0,0
31,20,20,20,baseline,1.0,100.0,0.0615234375,False,0.24271844660194175,25,38,1.16972589496409,0.32220497079528404,0.0004161785395399974,0.008131009328112131,1.6334350426280567e-14,1.90550162563742e-13,0,0,0,0,0.0,0.0,0
31,20,20,20,equilibrated_flux,1.0,100.0,0.9111328125,False,0.7378640776699029,76,857,0.37689149782539216,0.32220497079528404,0.0004161785395399974,0.008131009328112131,1.6334350426280567e-14,1.90550162563742e-13,0,0,0,0,0.0,0.0,0
31,40,40,40,baseline,1.0,100.0,0.9970703125,False,0.9805825242718447,101,920,0.014041800588883933,0.3404718126574558,3.26397142394276e-06,6.376922299771916e-05,1.6334350426280567e-14,1.90550162563742e-13,0,0,0,0,0.0,0.0,0
31,40,40,40,equilibrated_flux,1.0,100.0,0.998046875,False,0.9902912621359223,102,920,0.004780837299471844,0.3404718126574558,3.26397142394276e-06,6.376922299771916e-05,1.6334350426280567e-14,1.90550162563742e-13,0,0,0,0,0.0,0.0,0
32,20,20,20,baseline,1.0,100.0,0.16796875,False,0.0,0,172,0.9216316280649983,0.2991492984941872,0.0001973428101217186,0.005228771665647416,2.9997568562017945e-14,1.2106766155126193e-13,0,0,0,0,0.0,0.0,0
32,20,20,20,equilibrated_flux,1.0,100.0,0.7880859375,False,0.17475728155339806,18,789,0.2757054550056999,0.2991492984941872,0.0001973428101217186,0.005228771665647416,2.9997568562017945e-14,1.2106766155126193e-13,0,0,0,0,0.0,0.0,0
32,40,40,40,baseline,1.0,100.0,0.990234375,False,0.9611650485436893,99,915,0.012740418470216501,0.32334988456067076,1.7750314442268103e-06,4.7031022389237495e-05,2.9997568562017945e-14,1.2106766155126193e-13,0,0,0,0,0.0,0.0,0
32,40,40,40,equilibrated_flux,1.0,100.0,0.99609375,False,0.9902912621359223,102,918,0.004119612841599144,0.32334988456067076,1.7750314442268103e-06,4.7031022389237495e-05,2.9997568562017945e-14,1.2106766155126193e-13,0,0,0,0,0.0,0.0,0
33,20,20,20,baseline,1.0,100.0,0.0,False,0.0,0,0,1.4677152052700662,0.2995360363398239,0.0002754632797562201,0.0082011961333965,3.865678235096821e-14,1.2833518526850287e-13,0,0,0,0,0.0,0.0,0
33,20,20,20,equilibrated_flux,1.0,100.0,0.8388671875,False,0.4174757281553398,43,816,0.4396335950622866,0.2995360363398239,0.0002754632797562201,0.0082011961333965,3.865678235096821e-14,1.2833518526850287e-13,0,0,0,0,0.0,0.0,0
33,40,40,40,baseline,1.0,100.0,0.9921875,False,0.970873786407767,100,916,0.021749691586428747,0.31031908252036966,2.886051375440884e-06,8.592460454969443e-05,3.865678235096821e-14,1.2833518526850287e-13,0,0,0,0,0.0,0.0,0
33,40,40,40,equilibrated_flux,1.0,100.0,0.9970703125,False,0.9805825242718447,101,920,0.006749344338201572,0.31031908252036966,2.886051375440884e-06,8.592460454969443e-05,3.865678235096821e-14,1.2833518526850287e-13,0,0,0,0,0.0,0.0,0
34,20,20,20,baseline,1.0,100.0,0.490234375,False,0.1262135922330097,13,489,0.6737862938604718,0.3216137054473411,0.0001795791185472467,0.003674622657906311,2.972348149554749e-14,2.221922699780411e-13,0,0,0,0,0.0,0.0,0
34,20,20,20,equilibrated_flux,1.0,100.0,0.8408203125,False,0.4174757281553398,43,818,0.21669890664809738,0.3216137054473411,0.0001795791185472467,0.003674622657906311,2.972348149554749e-14,2.221922699780411e-13,0,0,0,0,0.0,0.0,0
34,40,40,40,baseline,1.0,100.0,1.0,True,1.0,103,921,0.0049808365143405794,0.36524370614987156,1.0814074441719865e-06,2.2128209164473013e-05,2.972348149554749e-14,2.221922699780411e-13,0,0,0,0,0.0,0.0,0
34,40,40,40,equilibrated_flux,1.0,100.0,1.0,True,1.0,103,921,0.0018192191882243608,0.36524370614987156,1.0814074441719865e-06,2.2128209164473013e-05,2.972348149554749e-14,2.221922699780411e-13,0,0,0,0,0.0,0.0,0
35,20,20,20,baseline,1.0,100.0,0.1796875,False,0.0,0,184,0.9913517710955932,0.3154744390976603,0.00016622539178953177,0.0052393494415361504,2.2320648445163754e-14,1.1774872173294904e-13,0,0,0,0,0.0,0.0,0
35,20,20,20,equilibrated_flux,1.0,100.0,0.798828125,False,0.22330097087378642,23,795,0.3127461439348544,0.3154744390976603,0.00016622539178953177,0.0052393494415361504,2.2320648445163754e-14,1.1774872173294904e-13,0,0,0,0,0.0,0.0,0
35,40,40,40,baseline,1.0,100.0,0.99609375,False,0.9805825242718447,101,919,0.013092304469966171,0.3104424932305201,1.400308389084222e-06,4.413708939025885e-05,2.2320648445163754e-14,1.1774872173294904e-13,0,0,0,0,0.0,0.0,0
35,40,40,40,equilibrated_flux,1.0,100.0,1.0,True,1.0,103,921,0.004064407641789381,0.3104424932305201,1.400308389084222e-06,4.413708939025885e-05,2.2320648445163754e-14,1.1774872173294904e-13,0,0,0,0,0.0,0.0,0
36,20,20,20,baseline,1.0,100.0,0.4560546875,False,0.0,0,467,0.4641614814093927,0.30286965707311503,0.00016225878496676195,0.002624613758810586,5.794399998605128e-14,1.6444292229128516e-13,0,0,0,0,0.0,0.0,0
36,20,20,20,equilibrated_flux,1.0,100.0,0.84765625,False,0.4368932038834951,45,823,0.14058042870101184,0.30286965707311503,0.00016225878496676195,0.002624613758810586,5.794399998605128e-14,1.6444292229128516e-13,0,0,0,0,0.0,0.0,0
36,40,40,40,baseline,1.0,100.0,0.9931640625,False,0.9611650485436893,99,918,0.005653734689879248,0.32337955725395057,1.6527029663960493e-06,2.6733264061584806e-05,5.794399998605128e-14,1.6444292229128516e-13,0,0,0,0,0.0,0.0,0
36,40,40,40,equilibrated_flux,1.0,100.0,0.99609375,False,0.9902912621359223,102,918,0.001828302220844453,0.32337955725395057,1.6527029663960493e-06,2.6733264061584806e-05,5.794399998605128e-14,1.6444292229128516e-13,0,0,0,0,0.0,0.0,0
37,20,20,20,baseline,1.0,100.0,0.794921875,False,0.0,0,814,0.39925953229698513,0.3035417001583267,0.0001711942460588056,0.00191796723866476,2.4997673814265454e-14,2.286301527663224e-13,0,0,0,0,0.0,0.0,0
37,20,20,20,equilibrated_flux,1.0,100.0,0.9013671875,False,0.44660194174757284,46,877,0.12119191723784523,0.3035417001583267,0.0001711942460588056,0.00191796723866476,2.4997673814265454e-14,2.286301527663224e-13,0,0,0,0,0.0,0.0,0
37,40,40,40,baseline,1.0,100.0,0.9921875,False,0.9611650485436893,99,917,0.004522648611293608,0.32479629235568486,1.530141257423319e-06,1.7142870568586857e-05,2.4997673814265454e-14,2.286301527663224e-13,0,0,0,0,0.0,0.0,0
37,40,40,40,equilibrated_flux,1.0,100.0,0.9970703125,False,0.9902912621359223,102,919,0.0014689395005757508,0.32479629235568486,1.530141257423319e-06,1.7142870568586857e-05,2.4997673814265454e-14,2.286301527663224e-13,0,0,0,0,0.0,0.0,0
38,20,20,20,baseline,1.0,100.0,0.3212890625,False,0.0,0,329,0.9929536211379014,0.314357958280868,0.00016288878184997992,0.004400256085511609,4.7797743670640245e-14,1.4233790115406233e-13,0,0,0,0,0.0,0.0,0
38,20,20,20,equilibrated_flux,1.0,100.0,0.8681640625,False,0.4563106796116505,47,842,0.3121428730085052,0.314357958280868,0.00016288878184997992,0.004400256085511609,4.7797743670640245e-14,1.4233790115406233e-13,0,0,0,0,0.0,0.0,0
38,40,40,40,baseline,1.0,100.0,0.998046875,False,0.9902912621359223,102,920,0.011812442202690501,0.31539709335598115,1.5055109413857172e-06,4.066967415691932e-05,4.7797743670640245e-14,1.4233790115406233e-13,0,0,0,0,0.0,0.0,0
38,40,40,40,equilibrated_flux,1.0,100.0,0.998046875,False,0.9902912621359223,102,920,0.0037256099361641076,0.31539709335598115,1.5055109413857172e-06,4.066967415691932e-05,4.7797743670640245e-14,1.4233790115406233e-13,0,0,0,0,0.0,0.0,0
39,20,20,20,baseline,1.0,100.0,0.6640625,False,0.02912621359223301,3,677,0.6685029376038631,0.33600456998760414,0.00017341254397865806,0.0035069983414488383,3.5924005795629235e-14,1.7415046922631925e-13,0,0,0,0,0.0,0.0,0
39,20,20,20,equilibrated_flux,1.0,100.0,0.892578125,False,0.46601941747572817,48,866,0.22462004208503614,0.33600456998760414,0.00017341254397865806,0.0035069983414488383,3.5924005795629235e-14,1.7415046922631925e-13,0,0,0,0,0.0,0.0,0
39,40,40,40,baseline,1.0,100.0,0.99609375,False,0.9805825242718447,101,919,0.00662505097494931,0.3522192996826942,1.55615923794162e-06,3.147089444215944e-05,3.5924005795629235e-14,1.7415046922631925e-13,0,0,0,0,0.0,0.0,0
39,40,40,40,equilibrated_flux,1.0,100.0,0.998046875,False,0.9902912621359223,102,920,0.0023334708147587963,0.3522192996826942,1.55615923794162e-06,3.147089444215944e-05,3.5924005795629235e-14,1.7415046922631925e-13,0,0,0,0,0.0,0.0,0
40,20,20,20,baseline,1.0,100.0,0.0,False,0.0,0,0,1.1832457561072593,0.3001981259475936,0.00032378510867708555,0.007758174053892266,2.9555447692950245e-14,1.2737668511855604e-13,0,0,0,0,0.0,0.0,0
40,20,20,20,equilibrated_flux,1.0,100.0,0.6572265625,False,0.0970873786407767,10,663,0.3552081585188426,0.3001981259475936,0.00032378510867708555,0.007758174053892266,2.9555447692950245e-14,1.2737668511855604e-13,0,0,0,0,0.0,0.0,0
40,40,40,40,baseline,1.0,100.0,0.984375,False,0.9320388349514563,96,912,0.01477990904050321,0.3280785727912213,3.1109455891895908e-06,7.45409739556292e-05,2.9555447692950245e-14,1.2737668511855604e-13,0,0,0,0,0.0,0.0,0
40,40,40,40,equilibrated_flux,1.0,100.0,0.990234375,False,0.9611650485436893,99,915,0.0048489714639923616,0.3280785727912213,3.1109455891895908e-06,7.45409739556292e-05,2.9555447692950245e-14,1.2737668511855604e-13,0,0,0,0,0.0,0.0,0
41,20,20,20,baseline,1.0,100.0,0.1337890625,False,0.0,0,137,0.9983831126725377,0.3259313568614827,0.00020874893007414783,0.006073030175063479,2.9797815932305156e-14,1.294048605848158e-13,0,0,0,0,0.0,0.0,0
41,20,20,20,equilibrated_flux,1.0,100.0,0.85546875,False,0.5922330097087378,61,815,0.32540436258095085,0.3259313568614827,0.00020874893007414783,0.006073030175063479,2.9797815932305156e-14,1.294048605848158e-13,0,0,0,0,0.0,0.0,0
41,40,40,40,baseline,1.0,100.0,0.994140625,False,0.970873786407767,100,918,0.015805503552739058,0.32886197994321126,2.1023074344693382e-06,6.116139844293086e-05,2.9797815932305156e-14,1.294048605848158e-13,0,0,0,0,0.0,0.0,0
41,40,40,40,equilibrated_flux,1.0,100.0,0.998046875,False,0.9902912621359223,102,920,0.005197829192353226,0.32886197994321126,2.1023074344693382e-06,6.116139844293086e-05,2.9797815932305156e-14,1.294048605848158e-13,0,0,0,0,0.0,0.0,0
42,20,20,20,baseline,1.0,100.0,0.025390625,False,0.05825242718446602,6,20,1.1637014610939627,0.32422502731217184,0.00025973527334636955,0.006154468518997454,2.917699950304858e-14,1.4593839257358472e-13,0,0,0,0,0.0,0.0,0
42,20,20,20,equilibrated_flux,1.0,100.0,0.7666015625,False,0.47572815533980584,49,736,0.3773011380064043,0.32422502731217184,0.00025973527334636955,0.006154468518997454,2.917699950304858e-14,1.4593839257358472e-13,0,0,0,0,0.0,0.0,0
42,40,40,40,baseline,1.0,100.0,0.990234375,False,0.970873786407767,100,914,0.015911627140923458,0.32396456509225796,2.516494939174672e-06,5.962874692308483e-05,2.917699950304858e-14,1.4593839257358472e-13,0,0,0,0,0.0,0.0,0
42,40,40,40,equilibrated_flux,1.0,100.0,0.9951171875,False,0.970873786407767,100,919,0.005154803366619436,0.32396456509225796,2.516494939174672e-06,5.962874692308483e-05,2.917699950304858e-14,1.4593839257358472e-13,0,0,0,0,0.0,0.0,0
43,20,20,20,baseline,1.0,100.0,0.2861328125,False,0.038834951456310676,4,289,0.9145674678178942,0.32155579672662915,0.00035937066641018536,0.00588449645269471,2.431184763871623e-14,1.8207670218020326e-13,0,0,0,0,0.0,0.0,0
43,20,20,20,equilibrated_flux,1.0,100.0,0.8125,False,0.5145631067961165,53,779,0.2940844707744387,0.32155579672662915,0.00035937066641018536,0.00588449645269471,2.431184763871623e-14,1.8207670218020326e-13,0,0,0,0,0.0,0.0,0
43,40,40,40,baseline,1.0,100.0,0.9921875,False,0.970873786407767,100,916,0.01170346756854719,0.3414110730309317,3.1380442879228645e-06,5.138374443622124e-05,2.431184763871623e-14,1.8207670218020326e-13,0,0,0,0,0.0,0.0,0
43,40,40,40,equilibrated_flux,1.0,100.0,1.0,True,1.0,103,921,0.0039956934207604055,0.3414110730309317,3.1380442879228645e-06,5.138374443622124e-05,2.431184763871623e-14,1.8207670218020326e-13,0,0,0,0,0.0,0.0,0
44,20,20,20,baseline,1.0,100.0,0.3232421875,False,0.019417475728155338,2,329,0.7769621926317561,0.3077823705753978,0.00027620385750760343,0.0049379195032082995,2.6407507973774046e-14,1.3888242011128147e-13,0,0,0,0,0.0,0.0,0
44,20,20,20,equilibrated_flux,1.0,100.0,0.8076171875,False,0.5631067961165048,58,769,0.23913526549566078,0.3077823705753978,0.00027620385750760343,0.0049379195032082995,2.6407507973774046e-14,1.3888242011128147e-13,0,0,0,0,0.0,0.0,0
44,40,40,40,baseline,1.0,100.0,0.9912109375,False,0.9611650485436893,99,916,0.011393243789001348,0.31936873491799117,2.3669006284312426e-06,4.231499473160721e-05,2.6407507973774046e-14,1.3888242011128147e-13,0,0,0,0,0.0,0.0,0
44,40,40,40,equilibrated_flux,1.0,100.0,1.0,True,1.0,103,921,0.003638645855505621,0.31936873491799117,2.3669006284312426e-06,4.231499473160721e-05,2.6407507973774046e-14,1.3888242011128147e-13,0,0,0,0,0.0,0.0,0
45,20,20,20,baseline,1.0,100.0,0.1328125,False,0.0,0,136,0.9295310722107386,0.3170044120158761,0.00015985595962894565,0.004896291100516766,2.7071492423572557e-14,1.2392480627758715e-13,0,0,0,0,0.0,0.0,0
45,20,20,20,equilibrated_flux,1.0,100.0,0.7568359375,False,0.17475728155339806,18,757,0.2946654509966521,0.3170044120158761,0.00015985595962894565,0.004896291100516766,2.7071492423572557e-14,1.2392480627758715e-13,0,0,0,0,0.0,0.0,0
45,40,40,40,baseline,1.0,100.0,0.9912109375,False,0.970873786407767,100,915,0.011830983280853124,0.3250230356199445,1.5336039571825164e-06,4.6973359170964243e-05,2.7071492423572557e-14,1.2392480627758715e-13,0,0,0,0,0.0,0.0,0
45,40,40,40,equilibrated_flux,1.0,100.0,0.9970703125,False,0.9902912621359223,102,919,0.0038453421003116924,0.3250230356199445,1.5336039571825164e-06,4.6973359170964243e-05,2.7071492423572557e-14,1.2392480627758715e-13,0,0,0,0,0.0,0.0,0
46,20,20,20,baseline,1.0,100.0,0.34375,False,0.0,0,352,0.8798830061856641,0.3193050948423622,0.00024544026880941156,0.004020403468355347,1.9420535712080615e-14,1.3663778523545655e-13,0,0,0,0,0.0,0.0,0
46,20,20,20,equilibrated_flux,1.0,100.0,0.791015625,False,0.20388349514563106,21,789,0.28095112674029626,0.3193050948423622,0.00024544026880941156,0.004020403468355347,1.9420535712080615e-14,1.3663778523545655e-13,0,0,0,0,0.0,0.0,0
46,40,40,40,baseline,1.0,100.0,0.9921875,False,0.9611650485436893,99,917,0.012809920297955319,0.30632232849048113,2.5619552803837434e-06,4.1965786400897596e-05,1.9420535712080615e-14,1.3663778523545655e-13,0,0,0,0,0.0,0.0,0
46,40,40,40,equilibrated_flux,1.0,100.0,1.0,True,1.0,103,921,0.003923964613447151,0.30632232849048113,2.5619552803837434e-06,4.1965786400897596e-05,1.9420535712080615e-14,1.3663778523545655e-13,0,0,0,0,0.0,0.0,0
47,20,20,20,baseline,1.0,100.0,0.0,False,0.0,0,0,1.6002667125432186,0.3222508840682695,0.00027930676133516846,0.013998846422633243,5.347609549492179e-14,1.401382553558434e-13,0,0,0,0,0.0,0.0,0
47,20,20,20,equilibrated_flux,1.0,100.0,0.6689453125,False,0.30097087378640774,31,654,0.5156873628620755,0.3222508840682695,0.00027930676133516846,0.013998846422633243,5.347609549492179e-14,1.401382553558434e-13,0,0,0,0,0.0,0.0,0
47,40,40,40,baseline,1.0,100.0,0.990234375,False,0.9611650485436893,99,915,0.017316013379213874,0.33429421600851267,1.8372653246121977e-06,9.208368244992476e-05,5.347609549492179e-14,1.401382553558434e-13,0,0,0,0,0.0,0.0,0
47,40,40,40,equilibrated_flux,1.0,100.0,0.9970703125,False,0.9902912621359223,102,919,0.005788643116997217,0.33429421600851267,1.8372653246121977e-06,9.208368244992476e-05,5.347609549492179e-14,1.401382553558434e-13,0,0,0,0,0.0,0.0,0
48,20,20,20,baseline,1.0,100.0,0.2978515625,False,0.038834951456310676,4,301,0.7633314957350072,0.3217385419469849,0.00013662129335687549,0.004931990918445658,2.3782273762632175e-14,1.374921254206043e-13,0,0,0,0,0.0,0.0,0
48,20,20,20,equilibrated_flux,1.0,100.0,0.7626953125,False,0.39805825242718446,41,740,0.24559316245999235,0.3217385419469849,0.00013662129335687549,0.004931990918445658,2.3782273762632175e-14,1.374921254206043e-13,0,0,0,0,0.0,0.0,0
48,40,40,40,baseline,1.0,100.0,0.9921875,False,0.970873786407767,100,916,0.01139068771166062,0.33219595113824524,1.4304219980446764e-06,5.1637838660083505e-05,2.3782273762632175e-14,1.374921254206043e-13,0,0,0,0,0.0,0.0,0
48,40,40,40,equilibrated_flux,1.0,100.0,0.9951171875,False,0.970873786407767,100,919,0.0037839403384938215,0.33219595113824524,1.4304219980446764e-06,5.1637838660083505e-05,2.3782273762632175e-14,1.374921254206043e-13,0,0,0,0,0.0,0.0,0
49,20,20,20,baseline,1.0,100.0,0.0986328125,False,0.0,0,101,0.9606202518719825,0.31996656217680075,0.00029687838895791876,0.007290524428973904,3.1732010699904045e-14,1.506969184863754e-13,0,0,0,0,0.0,0.0,0
49,20,20,20,equilibrated_flux,1.0,100.0,0.73828125,False,0.13592233009708737,14,742,0.30736635954889074,0.31996656217680075,0.00029687838895791876,0.007290524428973904,3.1732010699904045e-14,1.506969184863754e-13,0,0,0,0,0.0,0.0,0
49,40,40,40,baseline,1.0,100.0,0.9873046875,False,0.970873786407767,100,911,0.013757389993306656,0.32795832395813124,2.7433210572997e-06,6.73684913709868e-05,3.1732010699904045e-14,1.506969184863754e-13,0,0,0,0,0.0,0.0,0
49,40,40,40,equilibrated_flux,1.0,100.0,1.0,True,1.0,103,921,0.004511850564243217,0.32795832395813124,2.7433210572997e-06,6.73684913709868e-05,3.1732010699904045e-14,1.506969184863754e-13,0,0,0,0,0.0,0.0,0
50,20,20,20,baseline,1.0,100.0,0.701171875,False,0.009708737864077669,1,717,0.6015101937741233,0.32194067861257814,0.00016483590440852241,0.003410004213574522,2.790430254551003e-14,1.460832979850466e-13,0,0,0,0,0.0,0.0,0
50,20,20,20,equilibrated_flux,1.0,100.0,0.8701171875,False,0.34951456310679613,36,855,0.19365059997602463,0.32194067861257814,0.00016483590440852241,0.003410004213574522,2.790430254551003e-14,1.460832979850466e-13,0,0,0,0,0.0,0.0,0
50,40,40,40,baseline,1.0,100.0,0.9892578125,False,0.9514563106796117,98,915,0.008571092295085816,0.30864372693619696,1.476484520721611e-06,3.054442813904738e-05,2.790430254551003e-14,1.460832979850466e-13,0,0,0,0,0.0,0.0,0
50,40,40,40,equilibrated_flux,1.0,100.0,0.9951171875,False,0.9902912621359223,102,917,0.0026454138698694084,0.30864372693619696,1.476484520721611e-06,3.054442813904738e-05,2.790430254551003e-14,1.460832979850466e-13,0,0,0,0,0.0,0.0,0
51,20,20,20,baseline,1.0,100.0,0.0556640625,False,0.0,0,57,1.07898448217332,0.32198621440467645,0.00011808656225666353,0.005793009227017325,5.1616671030853093e-14,1.184238596647142e-13,0,0,0,0,0.0,0.0,0
51,20,20,20,equilibrated_flux,1.0,100.0,0.7626953125,False,0.17475728155339806,18,763,0.34741812881637746,0.32198621440467645,0.00011808656225666353,0.005793009227017325,5.1616671030853093e-14,1.184238596647142e-13,0,0,0,0,0.0,0.0,0
51,40,40,40,baseline,1.0,100.0,0.99609375,False,0.9805825242718447,101,919,0.014093619419744997,0.3188749396177784,1.0800799592807678e-06,5.298581862726712e-05,5.1616671030853093e-14,1.184238596647142e-13,0,0,0,0,0.0,0.0,0
51,40,40,40,equilibrated_flux,1.0,100.0,1.0,True,1.0,103,921,0.004494102041467135,0.3188749396177784,1.0800799592807678e-06,5.298581862726712e-05,5.1616671030853093e-14,1.184238596647142e-13,0,0,0,0,0.0,0.0,0
52,20,20,20,baseline,1.0,100.0,0.0068359375,False,0.038834951456310676,4,3,1.508246304001512,0.32325569525911685,0.00033990764727879135,0.008826361464326218,6.734552787812957e-15,1.6966470657794167e-13,0,0,0,0,0.0,0.0,0
52,20,20,20,equilibrated_flux,1.0,100.0,0.8544921875,False,0.3883495145631068,40,835,0.4875492076220021,0.32325569525911685,0.00033990764727879135,0.008826361464326218,6.734552787812957e-15,1.6966470657794167e-13,0,0,0,0,0.0,0.0,0
52,40,40,40,baseline,1.0,100.0,0.99609375,False,0.9805825242718447,101,919,0.0249942693386061,0.31517590474219176,3.4833150032595805e-06,9.045103150528466e-05,6.734552787812957e-15,1.6966470657794167e-13,0,0,0,0,0.0,0.0,0
52,40,40,40,equilibrated_flux,1.0,100.0,1.0,True,1.0,103,921,0.007877591452165201,0.31517590474219176,3.4833150032595805e-06,9.045103150528466e-05,6.734552787812957e-15,1.6966470657794167e-13,0,0,0,0,0.0,0.0,0
53,20,20,20,baseline,1.0,100.0,0.357421875,False,0.0,0,366,0.9487113352837245,0.3208236263688056,0.00024138703486292285,0.004292119020173646,4.201317965771697e-14,1.5007326401393818e-13,0,0,0,0,0.0,0.0,0
53,20,20,20,equilibrated_flux,1.0,100.0,0.7978515625,False,0.24271844660194175,25,792,0.3043690109629163,0.3208236263688056,0.00024138703486292285,0.004292119020173646,4.201317965771697e-14,1.5007326401393818e-13,0,0,0,0,0.0,0.0,0
53,40,40,40,baseline,1.0,100.0,0.9921875,False,0.9514563106796117,98,918,0.012107184366713491,0.3311677296830098,2.3622251995657897e-06,4.2002884350221744e-05,4.201317965771697e-14,1.5007326401393818e-13,0,0,0,0,0.0,0.0,0
53,40,40,40,equilibrated_flux,1.0,100.0,0.9970703125,False,0.9805825242718447,101,920,0.004009508759578136,0.3311677296830098,2.3622251995657897e-06,4.2002884350221744e-05,4.201317965771697e-14,1.5007326401393818e-13,0,0,0,0,0.0,0.0,0
54,20,20,20,baseline,1.0,100.0,0.0,False,0.0,0,0,1.2894144646637442,0.3259522582220232,0.00025384653880282566,0.008865359714016972,3.2565171256192404e-14,1.3745737616370673e-13,0,0,0,0,0.0,0.0,0
54,20,20,20,equilibrated_flux,1.0,100.0,0.701171875,False,0.18446601941747573,19,699,0.4202875565412886,0.3259522582220232,0.00025384653880282566,0.008865359714016972,3.2565171256192404e-14,1.3745737616370673e-13,0,0,0,0,0.0,0.0,0
54,40,40,40,baseline,1.0,100.0,0.9873046875,False,0.941747572815534,97,914,0.02010893709902566,0.3377312947444432,2.5735943204436106e-06,8.988044318548375e-05,3.2565171256192404e-14,1.3745737616370673e-13,0,0,0,0,0.0,0.0,0
54,40,40,40,equilibrated_flux,1.0,100.0,0.99609375,False,0.970873786407767,100,920,0.006791417362388506,0.3377312947444432,2.5735943204436106e-06,8.988044318548375e-05,3.2565171256192404e-14,1.3745737616370673e-13,0,0,0,0,0.0,0.0,0
55,20,20,20,baseline,1.0,100.0,0.0419921875,False,0.04854368932038835,5,38,1.125317048896637,0.3117934852638314,0.0005662264835731935,0.007531604307290267,1.109240958656096e-14,3.377499528479436e-13,0,0,0,0,0.0,0.0,0
55,20,20,20,equilibrated_flux,1.0,100.0,0.7841796875,False,0.4368932038834951,45,758,0.35086652470229185,0.3117934852638314,0.0005662264835731935,0.007531604307290267,1.109240958656096e-14,3.377499528479436e-13,0,0,0,0,0.0,0.0,0
55,40,40,40,baseline,1.0,100.0,0.986328125,False,0.912621359223301,94,916,0.014506038632053802,0.3226970070048122,4.890831015323228e-06,6.5054894127861e-05,1.109240958656096e-14,3.377499528479436e-13,0,0,0,0,0.0,0.0,0
55,40,40,40,equilibrated_flux,1.0,100.0,0.994140625,False,0.9611650485436893,99,919,0.0046810552500599414,0.3226970070048122,4.890831015323228e-06,6.5054894127861e-05,1.109240958656096e-14,3.377499528479436e-13,0,0,0,0,0.0,0.0,0
56,20,20,20,baseline,1.0,100.0,0.30859375,False,0.0,0,316,0.9548825112533508,0.3187558525735901,0.0002530174184081062,0.007057850906935883,4.7220242111689067e-14,1.6734551677329105e-13,0,0,0,0,0.0,0.0,0
56,20,20,20,equilibrated_flux,1.0,100.0,0.8349609375,False,0.39805825242718446,41,814,0.3043743889821726,0.3187558525735901,0.0002530174184081062,0.007057850906935883,4.7220242111689067e-14,1.6734551677329105e-13,0,0,0,0,0.0,0.0,0
56,40,40,40,baseline,1.0,100.0,0.990234375,False,0.9514563106796117,98,916,0.01113919141381185,0.3280127000152236,1.7883500363351986e-06,4.988552964179236e-05,4.7220242111689067e-14,1.6734551677329105e-13,0,0,0,0,0.0,0.0,0
56,40,40,40,equilibrated_flux,1.0,100.0,0.9970703125,False,0.9902912621359223,102,919,0.0036537962516308203,0.3280127000152236,1.7883500363351986e-06,4.988552964179236e-05,4.7220242111689067e-14,1.6734551677329105e-13,0,0,0,0,0.0,0.0,0
57,20,20,20,baseline,1.0,100.0,0.0078125,False,0.0,0,8,1.207072031611504,0.32784390491866644,0.00019054695675128742,0.007397778243341046,7.02231623439111e-14,1.7641234695796655e-13,0,0,0,0,0.0,0.0,0
57,20,20,20,equilibrated_flux,1.0,100.0,0.7705078125,False,0.3300970873786408,34,755,0.39573120836162357,0.32784390491866644,0.00019054695675128742,0.007397778243341046,7.02231623439111e-14,1.7641234695796655e-13,0,0,0,0,0.0,0.0,0
57,40,40,40,baseline,1.0,100.0,0.9931640625,False,0.9611650485436893,99,918,0.013411705616266823,0.33272601722632045,1.5741288899718542e-06,6.111384119168316e-05,7.02231623439111e-14,1.7641234695796655e-13,0,0,0,0,0.0,0.0,0
57,40,40,40,equilibrated_flux,1.0,100.0,1.0,True,1.0,103,921,0.004462423393912333,0.33272601722632045,1.5741288899718542e-06,6.111384119168316e-05,7.02231623439111e-14,1.7641234695796655e-13,0,0,0,0,0.0,0.0,0
58,20,20,20,baseline,1.0,100.0,0.48828125,False,0.0,0,500,0.40578328875891134,0.32773670793296933,0.0003052129699249766,0.002647043520520579,5.952406211187643e-14,3.139082153355749e-13,0,0,0,0,0.0,0.0,0
58,20,20,20,equilibrated_flux,1.0,100.0,0.7548828125,False,0.0,0,773,0.13299007919205907,0.32773670793296933,0.0003052129699249766,0.002647043520520579,5.952406211187643e-14,3.139082153355749e-13,0,0,0,0,0.0,0.0,0
58,40,40,40,baseline,1.0,100.0,0.984375,False,0.912621359223301,94,914,0.0054540057610386935,0.33887035293367235,2.976372299067037e-06,2.5813408292705267e-05,5.952406211187643e-14,3.139082153355749e-13,0,0,0,0,0.0,0.0,0
58,40,40,40,equilibrated_flux,1.0,100.0,0.99609375,False,0.970873786407767,100,920,0.0018482008571454643,0.33887035293367235,2.976372299067037e-06,2.5813408292705267e-05,5.952406211187643e-14,3.139082153355749e-13,0,0,0,0,0.0,0.0,0
59,20,20,20,baseline,1.0,100.0,0.748046875,False,0.1941747572815534,20,746,0.4864794104308946,0.32253966912252485,0.00023207161499440163,0.0028093146335157106,4.1622733994647443e-14,2.2441955899664117e-13,0,0,0,0,0.0,0.0,0
59,20,20,20,equilibrated_flux,1.0,100.0,0.919921875,False,0.5825242718446602,60,882,0.15690890807530172,0.32253966912252485,0.00023207161499440163,0.0028093146335157106,4.1622733994647443e-14,2.2441955899664117e-13,0,0,0,0,0.0,0.0,0
59,40,40,40,baseline,1.0,100.0,0.9970703125,False,0.9902912621359223,102,919,0.006725211899162093,0.34560167253376856,2.545788418221111e-06,3.0817731230589154e-05,4.1622733994647443e-14,2.2441955899664117e-13,0,0,0,0,0.0,0.0,0
59,40,40,40,equilibrated_flux,1.0,100.0,1.0,True,1.0,103,921,0.0023242444804944216,0.34560167253376856,2.545788418221111e-06,3.0817731230589154e-05,4.1622733994647443e-14,2.2441955899664117e-13,0,0,0,0,0.0,0.0,0
60,20,20,20,baseline,1.0,100.0,0.044921875,False,0.0,0,46,1.069516027790019,0.3205531872275962,0.0001769668654745615,0.006007283224948361,5.9791769043772e-14,1.3970108333569267e-13,0,0,0,0,0.0,0.0,0
60,20,20,20,equilibrated_flux,1.0,100.0,0.736328125,False,0.21359223300970873,22,732,0.3428367714990889,0.3205531872275962,0.0001769668654745615,0.006007283224948361,5.9791769043772e-14,1.3970108333569267e-13,0,0,0,0,0.0,0.0,0
60,40,40,40,baseline,1.0,100.0,0.9921875,False,0.9611650485436893,99,917,0.012700063219195236,0.33943340587327403,1.7283120094089605e-06,5.8668947510357515e-05,5.9791769043772e-14,1.3970108333569267e-13,0,0,0,0,0.0,0.0,0
60,40,40,40,equilibrated_flux,1.0,100.0,0.99609375,False,0.9805825242718447,101,919,0.004310825713297335,0.33943340587327403,1.7283120094089605e-06,5.8668947510357515e-05,5.9791769043772e-14,1.3970108333569267e-13,0,0,0,0,0.0,0.0,0
61,20,20,20,baseline,1.0,100.0,0.2197265625,False,0.04854368932038835,5,220,0.9707923385763223,0.32424911041711885,0.0002547980090070324,0.005695107024156709,4.9513248645686965e-14,1.5838094912031674e-13,0,0,0,0,0.0,0.0,0
61,20,20,20,equilibrated_flux,1.0,100.0,0.826171875,False,0.39805825242718446,41,805,0.31477855218312695,0.32424911041711885,0.0002547980090070324,0.005695107024156709,4.9513248645686965e-14,1.5838094912031674e-13,0,0,0,0,0.0,0.0,0
61,40,40,40,baseline,1.0,100.0,0.9921875,False,0.9611650485436893,99,917,0.01200855279183433,0.3312197687361615,2.4919656893171016e-06,5.569906670974774e-05,4.9513248645686965e-14,1.5838094912031674e-13,0,0,0,0,0.0,0.0,0
61,40,40,40,equilibrated_flux,1.0,100.0,0.99609375,False,0.9805825242718447,101,919,0.0039774700785673535,0.3312197687361615,2.4919656893171016e-06,5.569906670974774e-05,4.9513248645686965e-14,1.5838094912031674e-13,0,0,0,0,0.0,0.0,0
62,20,20,20,baseline,1.0,100.0,0.5595703125,False,0.038834951456310676,4,569,0.9059506047087188,0.31151508059868976,0.0002724442005888653,0.006084084467555738,1.0431648167047982e-14,1.5217443437394546e-13,0,0,0,0,0.0,0.0,0
62,20,20,20,equilibrated_flux,1.0,100.0,0.921875,False,0.6893203883495146,71,873,0.28221727564426824,0.31151508059868976,0.0002724442005888653,0.006084084467555738,1.0431648167047982e-14,1.5217443437394546e-13,0,0,0,0,0.0,0.0,0
62,40,40,40,baseline,1.0,100.0,1.0,True,1.0,103,921,0.013536642624077175,0.3334486673945352,2.5966447902340165e-06,5.798694265421034e-05,1.0431648167047982e-14,1.5217443437394546e-13,0,0,0,0,0.0,0.0,0
62,40,40,40,equilibrated_flux,1.0,100.0,1.0,True,1.0,103,921,0.004513775443994597,0.3334486673945352,2.5966447902340165e-06,5.798694265421034e-05,1.0431648167047982e-14,1.5217443437394546e-13,0,0,0,0,0.0,0.0,0
63,20,20,20,baseline,1.0,100.0,0.8046875,False,0.1650485436893204,17,807,0.5694756056428125,0.3079812981118049,0.0001416767097565465,0.00290471116708689,4.234038448231046e-14,1.8096746853274961e-13,0,0,0,0,0.0,0.0,0
63,20,20,20,equilibrated_flux,1.0,100.0,0.9306640625,False,0.6213592233009708,64,889,0.1753878362688797,0.3079812981118049,0.0001416767097565465,0.00290471116708689,4.234038448231046e-14,1.8096746853274961e-13,0,0,0,0,0.0,0.0,0
63,40,40,40,baseline,1.0,100.0,0.998046875,False,0.9902912621359223,102,920,0.005855943914555779,0.31665360704095097,1.1072741737029274e-06,2.270176702232873e-05,4.234038448231046e-14,1.8096746853274961e-13,0,0,0,0,0.0,0.0,0
63,40,40,40,equilibrated_flux,1.0,100.0,1.0,True,1.0,103,921,0.001854305763173594,0.31665360704095097,1.1072741737029274e-06,2.270176702232873e-05,4.234038448231046e-14,1.8096746853274961e-13,0,0,0,0,0.0,0.0,0
64,20,20,20,baseline,1.0,100.0,0.037109375,False,0.0,0,38,1.0738090330854104,0.33338477238510966,0.00022452502751724548,0.008280608568601097,2.934627494319378e-14,1.3572616192042324e-13,0,0,0,0,0.0,0.0,0
64,20,20,20,equilibrated_flux,1.0,100.0,0.728515625,False,0.06796116504854369,7,739,0.3579915800802542,0.33338477238510966,0.00022452502751724548,0.008280608568601097,2.934627494319378e-14,1.3572616192042324e-13,0,0,0,0,0.0,0.0,0
64,40,40,40,baseline,1.0,100.0,0.9912109375,False,0.970873786407767,100,915,0.011815290116397217,0.34956761038788775,1.83305619989818e-06,6.760413769205228e-05,2.934627494319378e-14,1.3572616192042324e-13,0,0,0,0,0.0,0.0,0
64,40,40,40,equilibrated_flux,1.0,100.0,0.9951171875,False,0.970873786407767,100,919,0.004130242732028604,0.34956761038788775,1.83305619989818e-06,6.760413769205228e-05,2.934627494319378e-14,1.3572616192042324e-13,0,0,0,0,0.0,0.0,0
65,20,20,20,baseline,1.0,100.0,0.74609375,False,0.08737864077669903,9,755,0.528396353245163,0.3222253696098093,0.0001385073978805347,0.0027443876409230933,4.1515391778713566e-14,1.567848418147653e-13,0,0,0,0,0.0,0.0,0
65,20,20,20,equilibrated_flux,1.0,100.0,0.9306640625,False,0.6407766990291263,66,887,0.170262710224898,0.3222253696098093,0.0001385073978805347,0.0027443876409230933,4.1515391778713566e-14,1.567848418147653e-13,0,0,0,0,0.0,0.0,0
65,40,40,40,baseline,1.0,100.0,1.0,True,1.0,103,921,0.006761411790355954,0.32244016625686894,1.3496993941163426e-06,2.6742963862261997e-05,4.1515391778713566e-14,1.567848418147653e-13,0,0,0,0,0.0,0.0,0
65,40,40,40,equilibrated_flux,1.0,100.0,1.0,True,1.0,103,921,0.0021801507418135278,0.32244016625686894,1.3496993941163426e-06,2.6742963862261997e-05,4.1515391778713566e-14,1.567848418147653e-13,0,0,0,0,0.0,0.0,0
66,20,20,20,baseline,1.0,100.0,0.7373046875,False,0.3106796116504854,32,723,0.6167646823471016,0.3165951387313512,0.00015048160964838386,0.003917055384534879,3.4881714512751175e-14,1.4084722114022417e-13,0,0,0,0,0.0,0.0,0
66,20,20,20,equilibrated_flux,1.0,100.0,0.9130859375,False,0.6407766990291263,66,869,0.1952647001722784,0.3165951387313512,0.00015048160964838386,0.003917055384534879,3.4881714512751175e-14,1.4084722114022417e-13,0,0,0,0,0.0,0.0,0
66,40,40,40,baseline,1.0,100.0,1.0,True,1.0,103,921,0.006678128454292041,0.32978033150018843,9.312870111797584e-07,2.4241519014972246e-05,3.4881714512751175e-14,1.4084722114022417e-13,0,0,0,0,0.0,0.0,0
66,40,40,40,equilibrated_flux,1.0,100.0,1.0,True,1.0,103,921,0.002202315415457271,0.32978033150018843,9.312870111797584e-07,2.4241519014972246e-05,3.4881714512751175e-14,1.4084722114022417e-13,0,0,0,0,0.0,0.0,0
67,20,20,20,baseline,1.0,100.0,0.0,False,0.0,0,0,1.6063604976802286,0.3090409914770831,0.00021911488622213812,0.0080765285702152,2.69440884130591e-14,1.2850698648497492e-13,0,0,0,0,0.0,0.0,0
67,20,20,20,equilibrated_flux,1.0,100.0,0.6064453125,False,0.10679611650485436,11,610,0.4964312408727185,0.3090409914770831,0.00021911488622213812,0.0080765285702152,2.69440884130591e-14,1.2850698648497492e-13,0,0,0,0,0.0,0.0,0
67,40,40,40,baseline,1.0,100.0,0.984375,False,0.912621359223301,94,914,0.021524712323604693,0.33498543172375567,2.548035033703607e-06,9.392003483842663e-05,2.69440884130591e-14,1.2850698648497492e-13,0,0,0,0,0.0,0.0,0
67,40,40,40,equilibrated_flux,1.0,100.0,0.994140625,False,0.9611650485436893,99,919,0.007210465050452362,0.33498543172375567,2.548035033703607e-06,9.392003483842663e-05,2.69440884130591e-14,1.2850698648497492e-13,0,0,0,0,0.0,0.0,0
68,20,20,20,baseline,1.0,100.0,0.3330078125,False,0.1262135922330097,13,328,0.7956036859456435,0.32446143232917346,0.00014745674081374864,0.0049663408409942374,5.085333007143108e-14,1.4600913518002966e-13,0,0,0,0,0.0,0.0,0
68,20,20,20,equilibrated_flux,1.0,100.0,0.8193359375,False,0.5048543689320388,52,787,0.2581427115082934,0.32446143232917346,0.00014745674081374864,0.0049663408409942374,5.085333007143108e-14,1.4600913518002966e-13,0,0,0,0,0.0,0.0,0
68,40,40,40,baseline,1.0,100.0,0.9931640625,False,0.9611650485436893,99,918,0.009442695694943975,0.3301286188031938,1.1256855511429587e-06,3.79130726469914e-05,5.085333007143108e-14,1.4600913518002966e-13,0,0,0,0,0.0,0.0,0
68,40,40,40,equilibrated_flux,1.0,100.0,1.0,True,1.0,103,921,0.003117304087550718,0.3301286188031938,1.1256855511429587e-06,3.79130726469914e-05,5.085333007143108e-14,1.4600913518002966e-13,0,0,0,0,0.0,0.0,0
69,20,20,20,baseline,1.0,100.0,0.5,False,0.14563106796116504,15,497,0.6975310821550799,0.30675301405687727,0.00016692662964465095,0.003287038056460611,5.103040444887792e-14,1.4971461839042273e-13,0,0,0,0,0.0,0.0,0
69,20,20,20,equilibrated_flux,1.0,100.0,0.912109375,False,0.6310679611650486,65,869,0.213969761849426,0.30675301405687727,0.00016692662964465095,0.003287038056460611,5.103040444887792e-14,1.4971461839042273e-13,0,0,0,0,0.0,0.0,0
69,40,40,40,baseline,1.0,100.0,1.0,True,1.0,103,921,0.009691174675135486,0.3282360056932838,2.149440607698956e-06,4.232573971367693e-05,5.103040444887792e-14,1.4971461839042273e-13,0,0,0,0,0.0,0.0,0
69,40,40,40,equilibrated_flux,1.0,100.0,1.0,True,1.0,103,921,0.0031809924658423787,0.3282360056932838,2.149440607698956e-06,4.232573971367693e-05,5.103040444887792e-14,1.4971461839042273e-13,0,0,0,0,0.0,0.0,0
70,20,20,20,baseline,1.0,100.0,0.26171875,False,0.0,0,268,0.8338341576091177,0.3008927537579471,0.00016186668182445043,0.004094179125240402,3.382376164770919e-14,1.5344872136157884e-13,0,0,0,0,0.0,0.0,0
70,20,20,20,equilibrated_flux,1.0,100.0,0.8212890625,False,0.2912621359223301,30,811,0.2508946558604455,0.3008927537579471,0.00016186668182445043,0.004094179125240402,3.382376164770919e-14,1.5344872136157884e-13,0,0,0,0,0.0,0.0,0
70,40,40,40,baseline,1.0,100.0,0.9892578125,False,0.970873786407767,100,913,0.01312788751957922,0.3224724484092093,2.3048826781694458e-06,5.8298609946941916e-05,3.382376164770919e-14,1.5344872136157884e-13,0,0,0,0,0.0,0.0,0
70,40,40,40,equilibrated_flux,1.0,100.0,0.99609375,False,0.9805825242718447,101,919,0.004233382030879412,0.3224724484092093,2.3048826781694458e-06,5.8298609946941916e-05,3.382376164770919e-14,1.5344872136157884e-13,0,0,0,0,0.0,0.0,0
71,20,20,20,baseline,1.0,100.0,0.0,False,0.0,0,0,1.403851464376824,0.3347001396962802,0.00027285104027387365,0.011421318164691217,3.844433272427976e-14,1.3153715569292424e-13,0,0,0,0,0.0,0.0,0
71,20,20,20,equilibrated_flux,1.0,100.0,0.6884765625,False,0.08737864077669903,9,696,0.4698692812397504,0.3347001396962802,0.00027285104027387365,0.011421318164691217,3.844433272427976e-14,1.3153715569292424e-13,0,0,0,0,0.0,0.0,0
71,40,40,40,baseline,1.0,100.0,0.98828125,False,0.9514563106796117,98,914,0.015918086612442442,0.3350437806176365,1.8476332381582871e-06,7.734039439052457e-05,3.844433272427976e-14,1.3153715569292424e-13,0,0,0,0,0.0,0.0,0
71,40,40,40,equilibrated_flux,1.0,100.0,0.994140625,False,0.9805825242718447,101,917,0.005333255918831702,0.3350437806176365,1.8476332381582871e-06,7.734039439052457e-05,3.844433272427976e-14,1.3153715569292424e-13,0,0,0,0,0.0,0.0,0
72,20,20,20,baseline,1.0,100.0,0.3017578125,False,0.0,0,309,0.897186471870984,0.31733545408029223,0.00013897510387348767,0.005092152612186516,8.738537447513498e-14,1.6139037732659017e-13,0,0,0,0,0.0,0.0,0
72,20,20,20,equilibrated_flux,1.0,100.0,0.8310546875,False,0.36893203883495146,38,813,0.28470907644587407,0.31733545408029223,0.00013897510387348767,0.005092152612186516,8.738537447513498e-14,1.6139037732659017e-13,0,0,0,0,0.0,0.0,0
72,40,40,40,baseline,1.0,100.0,0.9931640625,False,0.970873786407767,100,917,0.009316379187802858,0.34538512831185597,1.1418015203014277e-06,4.1836468778485983e-05,8.738537447513498e-14,1.6139037732659017e-13,0,0,0,0,0.0,0.0,0
72,40,40,40,equilibrated_flux,1.0,100.0,0.9970703125,False,0.9805825242718447,101,920,0.0032177388211811946,0.34538512831185597,1.1418015203014277e-06,4.1836468778485983e-05,8.738537447513498e-14,1.6139037732659017e-13,0,0,0,0,0.0,0.0,0
73,20,20,20,baseline,1.0,100.0,0.0,False,0.0,0,0,1.6557209691657102,0.3236572059030688,0.0002980059565581326,0.014207516684662464,4.940616654913626e-14,1.3520916963406646e-13,0,0,0,0,0.0,0.0,0
73,20,20,20,equilibrated_flux,1.0,100.0,0.6708984375,False,0.17475728155339806,18,669,0.5358860226352947,0.3236572059030688,0.0002980059565581326,0.014207516684662464,4.940616654913626e-14,1.3520916963406646e-13,0,0,0,0,0.0,0.0,0
73,40,40,40,baseline,1.0,100.0,0.982421875,False,0.9223300970873787,95,911,0.023073569594881074,0.32591443566938955,2.4996799052766624e-06,0.00011917293322178875,4.940616654913626e-14,1.3520916963406646e-13,0,0,0,0,0.0,0.0,0
73,40,40,40,equilibrated_flux,1.0,100.0,0.9951171875,False,0.9805825242718447,101,918,0.007520009413394048,0.32591443566938955,2.4996799052766624e-06,0.00011917293322178875,4.940616654913626e-14,1.3520916963406646e-13,0,0,0,0,0.0,0.0,0
74,20,20,20,baseline,1.0,100.0,0.08203125,False,0.0,0,84,1.0508506137496856,0.30012063824748453,0.00021906851861316898,0.006553126903754992,5.195836848534353e-14,1.952450360854439e-13,0,0,0,0,0.0,0.0,0
74,20,20,20,equilibrated_flux,1.0,100.0,0.806640625,False,0.4174757281553398,43,783,0.3153819569013165,0.30012063824748453,0.00021906851861316898,0.006553126903754992,5.195836848534353e-14,1.952450360854439e-13,0,0,0,0,0.0,0.0,0
74,40,40,40,baseline,1.0,100.0,0.9921875,False,0.9611650485436893,99,917,0.00871226008350144,0.3694788754060978,1.7770739290930327e-06,5.315866948121178e-05,5.195836848534353e-14,1.952450360854439e-13,0,0,0,0,0.0,0.0,0
74,40,40,40,equilibrated_flux,1.0,100.0,0.9951171875,False,0.9805825242718447,101,918,0.0032189960578975483,0.3694788754060978,1.7770739290930327e-06,5.315866948121178e-05,5.195836848534353e-14,1.952450360854439e-13,0,0,0,0,0.0,0.0,0
75,20,20,20,baseline,1.0,100.0,0.0078125,False,0.0,0,8,1.244844906629072,0.3148561811088731,0.0002775066024834101,0.007100571529808846,8.565558414227704e-15,1.7073172248653891e-13,0,0,0,0,0.0,0.0,0
75,20,20,20,equilibrated_flux,1.0,100.0,0.7490234375,False,0.30097087378640774,31,736,0.39194711337406135,0.3148561811088731,0.0002775066024834101,0.007100571529808846,8.565558414227704e-15,1.7073172248653891e-13,0,0,0,0,0.0,0.0,0
75,40,40,40,baseline,1.0,100.0,0.9873046875,False,0.9611650485436893,99,912,0.013865548309870558,0.3425992634995251,2.453338814551184e-06,6.277366946826742e-05,8.565558414227704e-15,1.7073172248653891e-13,0,0,0,0,0.0,0.0,0
75,40,40,40,equilibrated_flux,1.0,100.0,0.9921875,False,0.9611650485436893,99,917,0.004750326638978737,0.3425992634995251,2.453338814551184e-06,6.277366946826742e-05,8.565558414227704e-15,1.7073172248653891e-13,0,0,0,0,0.0,0.0,0
76,20,20,20,baseline,1.0,100.0,0.0,False,0.0,0,0,1.4469039114896407,0.3115156958367509,0.00019976924617211064,0.006971100530005057,2.8268075609320513e-14,1.258947696171431e-13,0,0,0,0,0.0,0.0,0
76,20,20,20,equilibrated_flux,1.0,100.0,0.658203125,False,0.33980582524271846,35,639,0.4507332787966121,0.3115156958367509,0.00019976924617211064,0.006971100530005057,2.8268075609320513e-14,1.258947696171431e-13,0,0,0,0,0.0,0.0,0
76,40,40,40,baseline,1.0,100.0,0.9853515625,False,0.9320388349514563,96,913,0.018840087850020087,0.3247157213427855,2.0284621132382914e-06,7.078473580718166e-05,2.8268075609320513e-14,1.258947696171431e-13,0,0,0,0,0.0,0.0,0
76,40,40,40,equilibrated_flux,1.0,100.0,0.994140625,False,0.9611650485436893,99,919,0.006117672716380721,0.3247157213427855,2.0284621132382914e-06,7.078473580718166e-05,2.8268075609320513e-14,1.258947696171431e-13,0,0,0,0,0.0,0.0,0
77,20,20,20,baseline,1.0,100.0,0.4443359375,False,0.0,0,455,0.8771334995981718,0.3093944887677336,0.00028652245985092496,0.004342325482801192,1.2263020329434628e-14,1.468160763441955e-13,0,0,0,0,0.0,0.0,0
77,20,20,20,equilibrated_flux,1.0,100.0,0.8330078125,False,0.39805825242718446,41,812,0.2713802706892294,0.3093944887677336,0.00028652245985092496,0.004342325482801192,1.2263020329434628e-14,1.468160763441955e-13,0,0,0,0,0.0,0.0,0
77,40,40,40,baseline,1.0,100.0,0.9970703125,False,0.9805825242718447,101,920,0.01400445097170134,0.32008590881435933,3.4732460597737302e-06,5.263798475423355e-05,1.2263020329434628e-14,1.468160763441955e-13,0,0,0,0,0.0,0.0,0
77,40,40,40,equilibrated_flux,1.0,100.0,1.0,True,1.0,103,921,0.0044826274167231615,0.32008590881435933,3.4732460597737302e-06,5.263798475423355e-05,1.2263020329434628e-14,1.468160763441955e-13,0,0,0,0,0.0,0.0,0
78,20,20,20,baseline,1.0,100.0,0.3173828125,False,0.019417475728155338,2,323,1.0246001086728456,0.3302564453016808,0.00016665336467479823,0.006301532943774253,2.930794081979747e-14,1.538088048473863e-13,0,0,0,0,0.0,0.0,0
78,20,20,20,equilibrated_flux,1.0,100.0,0.865234375,False,0.5533980582524272,57,829,0.3383807897460098,0.3302564453016808,0.00016665336467479823,0.006301532943774253,2.930794081979747e-14,1.538088048473863e-13,0,0,0,0,0.0,0.0,0
78,40,40,40,baseline,1.0,100.0,0.9892578125,False,0.9611650485436893,99,914,0.014259825825878397,0.34770036776085145,1.741315624959488e-06,6.584300171555592e-05,2.930794081979747e-14,1.538088048473863e-13,0,0,0,0,0.0,0.0,0
78,40,40,40,equilibrated_flux,1.0,100.0,0.99609375,False,0.9902912621359223,102,918,0.0049581466838636064,0.34770036776085145,1.741315624959488e-06,6.584300171555592e-05,2.930794081979747e-14,1.538088048473863e-13,0,0,0,0,0.0,0.0,0
79,20,20,20,baseline,1.0,100.0,0.578125,False,0.0,0,592,0.5248296704389631,0.3241704982044079,0.0002461665662061605,0.0038392228266449914,2.7336818547802133e-14,1.460223694535078e-13,0,0,0,0,0.0,0.0,0
79,20,20,20,equilibrated_flux,1.0,100.0,0.8427734375,False,0.4077669902912621,42,821,0.1701342957386539,0.3241704982044079,0.0002461665662061605,0.0038392228266449914,2.7336818547802133e-14,1.460223694535078e-13,0,0,0,0,0.0,0.0,0
79,40,40,40,baseline,1.0,100.0,0.994140625,False,0.9805825242718447,101,917,0.007704355659934949,0.31931394602313434,1.9071489151830483e-06,2.9743964673265653e-05,2.7336818547802133e-14,1.460223694535078e-13,0,0,0,0,0.0,0.0,0
79,40,40,40,equilibrated_flux,1.0,100.0,0.998046875,False,0.9902912621359223,102,920,0.0024601082073394975,0.31931394602313434,1.9071489151830483e-06,2.9743964673265653e-05,2.7336818547802133e-14,1.460223694535078e-13,0,0,0,0,0.0,0.0,0
80,20,20,20,baseline,1.0,100.0,0.4638671875,False,0.0,0,475,0.45443378735184825,0.3147508308269007,0.00018491787511997257,0.002487392739736929,5.920766380637931e-14,1.5961186105419202e-13,0,0,0,0,0.0,0.0,0
80,20,20,20,equilibrated_flux,1.0,100.0,0.8447265625,False,0.4077669902912621,42,823,0.14303341212480936,0.3147508308269007,0.00018491787511997257,0.002487392739736929,5.920766380637931e-14,1.5961186105419202e-13,0,0,0,0,0.0,0.0,0
80,40,40,40,baseline,1.0,100.0,0.990234375,False,0.941747572815534,97,917,0.0068592359924387536,0.31251193350420353,2.3557193126164294e-06,3.168757542370951e-05,5.920766380637931e-14,1.5961186105419202e-13,0,0,0,0,0.0,0.0,0
80,40,40,40,equilibrated_flux,1.0,100.0,0.99609375,False,0.9902912621359223,102,918,0.0021435931023586594,0.31251193350420353,2.3557193126164294e-06,3.168757542370951e-05,5.920766380637931e-14,1.5961186105419202e-13,0,0,0,0,0.0,0.0,0
81,20,20,20,baseline,1.0,100.0,0.2041015625,False,0.0,0,209,0.8990948097394932,0.32696607979687664,0.0002095877476918257,0.005399954760369498,3.1654899479691326e-14,1.368772870783696e-13,0,0,0,0,0.0,0.0,0
81,20,20,20,equilibrated_flux,1.0,100.0,0.76953125,False,0.06796116504854369,7,781,0.2939735053062407,0.32696607979687664,0.0002095877476918257,0.005399954760369498,3.1654899479691326e-14,1.368772870783696e-13,0,0,0,0,0.0,0.0,0
81,40,40,40,baseline,1.0,100.0,0.990234375,False,0.9223300970873787,95,919,0.009632570590200498,0.33905503546186777,1.7969870733463898e-06,4.6298741257048706e-05,3.1654899479691326e-14,1.368772870783696e-13,0,0,0,0,0.0,0.0,0
81,40,40,40,equilibrated_flux,1.0,100.0,0.9970703125,False,0.9805825242718447,101,920,0.003265971563049374,0.33905503546186777,1.7969870733463898e-06,4.6298741257048706e-05,3.1654899479691326e-14,1.368772870783696e-13,0,0,0,0,0.0,0.0,0
82,20,20,20,baseline,1.0,100.0,0.0,False,0.0,0,0,1.8069176815708803,0.3293592501413317,0.00021643535022398505,0.012972998336326829,1.5454197732400582e-14,1.3663312724736766e-13,0,0,0,0,0.0,0.0,0
82,20,20,20,equilibrated_flux,1.0,100.0,0.572265625,False,0.07766990291262135,8,578,0.5951250526692988,0.3293592501413317,0.00021643535022398505,0.012972998336326829,1.5454197732400582e-14,1.3663312724736766e-13,0,0,0,0,0.0,0.0,0
82,40,40,40,baseline,1.0,100.0,0.9794921875,False,0.9029126213592233,93,910,0.028337217178687597,0.3173556478805286,2.2473051955480235e-06,0.0001347020555232416,1.5454197732400582e-14,1.3663312724736766e-13,0,0,0,0,0.0,0.0,0
82,40,40,40,equilibrated_flux,1.0,100.0,0.990234375,False,0.941747572815534,97,917,0.008992975916873647,0.3173556478805286,2.2473051955480235e-06,0.0001347020555232416,1.5454197732400582e-14,1.3663312724736766e-13,0,0,0,0,0.0,0.0,0
83,20,20,20,baseline,1.0,100.0,0.0,False,0.0,0,0,1.8498762408925875,0.3230057322746105,0.00021761182182007254,0.01155281407269014,2.392973148604073e-14,1.4423786840835434e-13,0,0,0,0,0.0,0.0,0
83,20,20,20,equilibrated_flux,1.0,100.0,0.5361328125,False,0.1262135922330097,13,536,0.597520629806914,0.3230057322746105,0.00021761182182007254,0.01155281407269014,2.392973148604073e-14,1.4423786840835434e-13,0,0,0,0,0.0,0.0,0
83,40,40,40,baseline,1.0,100.0,0.9921875,False,0.9514563106796117,98,918,0.02118280206612933,0.3220752677583922,1.5572938193914743e-06,8.267531516216254e-05,2.392973148604073e-14,1.4423786840835434e-13,0,0,0,0,0.0,0.0,0
83,40,40,40,equilibrated_flux,1.0,100.0,1.0,True,1.0,103,921,0.006822456647321627,0.3220752677583922,1.5572938193914743e-06,8.267531516216254e-05,2.392973148604073e-14,1.4423786840835434e-13,0,0,0,0,0.0,0.0,0
84,20,20,20,baseline,1.0,100.0,0.3349609375,False,0.0,0,343,0.804656885331269,0.33583291136553833,9.38447592119214e-05,0.00451749219990547,1.8764563738490473e-14,1.2662910501547e-13,0,0,0,0,0.0,0.0,0
84,20,20,20,equilibrated_flux,1.0,100.0,0.791015625,False,0.3786407766990291,39,771,0.2702302644511262,0.33583291136553833,9.38447592119214e-05,0.00451749219990547,1.8764563738490473e-14,1.2662910501547e-13,0,0,0,0,0.0,0.0,0
84,40,40,40,baseline,1.0,100.0,0.994140625,False,0.9805825242718447,101,917,0.010480117866011782,0.3584403821544714,1.148082079484667e-06,5.5266291719246255e-05,1.8764563738490473e-14,1.2662910501547e-13,0,0,0,0,0.0,0.0,0
84,40,40,40,equilibrated_flux,1.0,100.0,0.998046875,False,0.9902912621359223,102,920,0.0037564974529171674,0.3584403821544714,1.148082079484667e-06,5.5266291719246255e-05,1.8764563738490473e-14,1.2662910501547e-13,0,0,0,0,0.0,0.0,0
85,20,20,20,baseline,1.0,100.0,0.0,False,0.0,0,0,1.483384554950629,0.327720603669763,0.00024975356064481147,0.008889018975195478,1.8060479256355137e-14,1.4963761769825933e-13,0,0,0,0,0.0,0.0,0
85,20,20,20,equilibrated_flux,1.0,100.0,0.716796875,False,0.2815533980582524,29,705,0.486135681822823,0.327720603669763,0.00024975356064481147,0.008889018975195478,1.8060479256355137e-14,1.4963761769825933e-13,0,0,0,0,0.0,0.0,0
85,40,40,40,baseline,1.0,100.0,0.9931640625,False,0.970873786407767,100,917,0.015515701980893602,0.3565893189064278,2.1007956492341886e-06,7.476975439657936e-05,1.8060479256355137e-14,1.4963761769825933e-13,0,0,0,0,0.0,0.0,0
85,40,40,40,equilibrated_flux,1.0,100.0,0.998046875,False,0.9902912621359223,102,920,0.005532733601721961,0.3565893189064278,2.1007956492341886e-06,7.476975439657936e-05,1.8060479256355137e-14,1.4963761769825933e-13,0,0,0,0,0.0,0.0,0
86,20,20,20,baseline,1.0,100.0,0.361328125,False,0.009708737864077669,1,369,0.8864294031548964,0.32747926774415526,0.0001604755426818033,0.0046166374984971505,2.5518014850691443e-14,1.4484929821886924e-13,0,0,0,0,0.0,0.0,0
86,20,20,20,equilibrated_flux,1.0,100.0,0.8349609375,False,0.3786407766990291,39,816,0.290287251852054,0.32747926774415526,0.0001604755426818033,0.0046166374984971505,2.5518014850691443e-14,1.4484929821886924e-13,0,0,0,0,0.0,0.0,0
86,40,40,40,baseline,1.0,100.0,0.99609375,False,0.9805825242718447,101,919,0.01103254619180808,0.34346543998261175,1.715852052752795e-06,4.936245608657727e-05,2.5518014850691443e-14,1.4484929821886924e-13,0,0,0,0,0.0,0.0,0
86,40,40,40,equilibrated_flux,1.0,100.0,1.0,True,1.0,103,921,0.0037892983318978503,0.34346543998261175,1.715852052752795e-06,4.936245608657727e-05,2.5518014850691443e-14,1.4484929821886924e-13,0,0,0,0,0.0,0.0,0
87,20,20,20,baseline,1.0,100.0,0.568359375,False,0.0,0,582,0.855579756903572,0.31685787434391055,0.0001704370699609563,0.00539898583730366,1.501969339482623e-14,1.3533438530077295e-13,0,0,0,0,0.0,0.0,0
87,20,20,20,equilibrated_flux,1.0,100.0,0.8935546875,False,0.5242718446601942,54,861,0.2710971831041456,0.31685787434391055,0.0001704370699609563,0.00539898583730366,1.501969339482623e-14,1.3533438530077295e-13,0,0,0,0,0.0,0.0,0
87,40,40,40,baseline,1.0,100.0,0.994140625,False,0.970873786407767,100,918,0.013672691419588634,0.31043344793684924,1.61199616455784e-06,5.106368270836851e-05,1.501969339482623e-14,1.3533438530077295e-13,0,0,0,0,0.0,0.0,0
87,40,40,40,equilibrated_flux,1.0,100.0,1.0,True,1.0,103,921,0.004244460739959473,0.31043344793684924,1.61199616455784e-06,5.106368270836851e-05,1.501969339482623e-14,1.3533438530077295e-13,0,0,0,0,0.0,0.0,0
88,20,20,20,baseline,1.0,100.0,0.048828125,False,0.0,0,50,1.2003578374506547,0.3320142752293229,0.0002991027617196816,0.00814490234677406,3.145571225246248e-14,1.4154400386422955e-13,0,0,0,0,0.0,0.0,0
88,20,20,20,equilibrated_flux,1.0,100.0,0.8046875,False,0.3300970873786408,34,790,0.39853593741701654,0.3320142752293229,0.0002991027617196816,0.00814490234677406,3.145571225246248e-14,1.4154400386422955e-13,0,0,0,0,0.0,0.0,0
88,40,40,40,baseline,1.0,100.0,0.9931640625,False,0.9611650485436893,99,918,0.017881759082777036,0.3262541041339699,2.809858283303377e-06,7.651558011097877e-05,3.145571225246248e-14,1.4154400386422955e-13,0,0,0,0,0.0,0.0,0
88,40,40,40,equilibrated_flux,1.0,100.0,0.998046875,False,0.9902912621359223,102,920,0.0058339972898909,0.3262541041339699,2.809858283303377e-06,7.651558011097877e-05,3.145571225246248e-14,1.4154400386422955e-13,0,0,0,0,0.0,0.0,0
89,20,20,20,baseline,1.0,100.0,0.5830078125,False,0.0,0,597,0.7989205041842963,0.306230748263754,0.0002638379757905348,0.006121183939096931,9.471709521128724e-15,1.4054840906041684e-13,0,0,0,0,0.0,0.0,0
89,20,20,20,equilibrated_flux,1.0,100.0,0.8837890625,False,0.46601941747572817,48,857,0.24465402379961274,0.306230748263754,0.0002638379757905348,0.006121183939096931,9.471709521128724e-15,1.4054840906041684e-13,0,0,0,0,0.0,0.0,0
89,40,40,40,baseline,1.0,100.0,0.998046875,False,0.9902912621359223,102,920,0.012004210396001865,0.31543289929709933,2.240823985263318e-06,5.1988330140295694e-05,9.471709521128724e-15,1.4054840906041684e-13,0,0,0,0,0.0,0.0,0
89,40,40,40,equilibrated_flux,1.0,100.0,1.0,True,1.0,103,921,0.003786522888983249,0.31543289929709933,2.240823985263318e-06,5.1988330140295694e-05,9.471709521128724e-15,1.4054840906041684e-13,0,0,0,0,0.0,0.0,0
90,20,20,20,baseline,1.0,100.0,0.521484375,False,0.08737864077669903,9,525,0.6476532803683189,0.32875562405972386,0.00015211579358035234,0.003696282563905436,5.577419649266816e-14,1.4947718647490734e-13,0,0,0,0,0.0,0.0,0
90,20,20,20,equilibrated_flux,1.0,100.0,0.888671875,False,0.5339805825242718,55,855,0.212919658361814,0.32875562405972386,0.00015211579358035234,0.003696282563905436,5.577419649266816e-14,1.4947718647490734e-13,0,0,0,0,0.0,0.0,0
90,40,40,40,baseline,1.0,100.0,0.9970703125,False,0.9805825242718447,101,920,0.008596270702644203,0.33735259517833455,1.692590400515712e-06,4.112848664829046e-05,5.577419649266816e-14,1.4947718647490734e-13,0,0,0,0,0.0,0.0,0
90,40,40,40,equilibrated_flux,1.0,100.0,0.998046875,False,0.9902912621359223,102,920,0.0028999742303925068,0.33735259517833455,1.692590400515712e-06,4.112848664829046e-05,5.577419649266816e-14,1.4947718647490734e-13,0,0,0,0,0.0,0.0,0
91,20,20,20,baseline,1.0,100.0,0.0,False,0.0,0,0,1.5274198801255425,0.33757470710067883,0.00017695863987185603,0.00912987311251457,1.636913719406784e-14,1.2821239601253422e-13,0,0,0,0,0.0,0.0,0
91,20,20,20,equilibrated_flux,1.0,100.0,0.5830078125,False,0.18446601941747573,19,578,0.515618318653134,0.33757470710067883,0.00017695863987185603,0.00912987311251457,1.636913719406784e-14,1.2821239601253422e-13,0,0,0,0,0.0,0.0,0
91,40,40,40,baseline,1.0,100.0,0.98046875,False,0.9223300970873787,95,909,0.024346870857247477,0.33578676700817117,2.0338742184884737e-06,0.00010493420131996955,1.636913719406784e-14,1.2821239601253422e-13,0,0,0,0,0.0,0.0,0
91,40,40,40,equilibrated_flux,1.0,100.0,0.99609375,False,0.9805825242718447,101,919,0.008175357051920592,0.33578676700817117,2.0338742184884737e-06,0.00010493420131996955,1.636913719406784e-14,1.2821239601253422e-13,0,0,0,0,0.0,0.0,0
92,20,20,20,baseline,1.0,100.0,0.03515625,False,0.0,0,36,1.2444110655665181,0.3140113538739874,0.00034507759284447,0.0063336801502830945,1.7287978482423613e-14,1.662752430050581e-13,0,0,0,0,0.0,0.0,0
92,20,20,20,equilibrated_flux,1.0,100.0,0.7724609375,False,0.39805825242718446,41,750,0.3907592034743136,0.3140113538739874,0.00034507759284447,0.0063336801502830945,1.7287978482423613e-14,1.662752430050581e-13,0,0,0,0,0.0,0.0,0
92,40,40,40,baseline,1.0,100.0,0.99609375,False,0.9902912621359223,102,918,0.01596424073562374,0.339765268017087,5.79485244300713e-06,0.00010636083783228363,1.7287978482423613e-14,1.662752430050581e-13,0,0,0,0,0.0,0.0,0
92,40,40,40,equilibrated_flux,1.0,100.0,1.0,True,1.0,103,921,0.0054240945322285,0.339765268017087,5.79485244300713e-06,0.00010636083783228363,1.7287978482423613e-14,1.662752430050581e-13,0,0,0,0,0.0,0.0,0
93,20,20,20,baseline,1.0,100.0,0.0,False,0.0,0,0,1.3973494964823483,0.3244845642622039,0.00018449951564348597,0.009158338867861058,4.3582998248048803e-14,1.3588725881933705e-13,0,0,0,0,0.0,0.0,0
93,20,20,20,equilibrated_flux,1.0,100.0,0.6240234375,False,0.24271844660194175,25,614,0.4534183424880848,0.3244845642622039,0.00018449951564348597,0.009158338867861058,4.3582998248048803e-14,1.3588725881933705e-13,0,0,0,0,0.0,0.0,0
93,40,40,40,baseline,1.0,100.0,0.9892578125,False,0.9514563106796117,98,915,0.01576509472986492,0.33444329091682345,1.4892377076266629e-06,7.392400751645739e-05,4.3582998248048803e-14,1.3588725881933705e-13,0,0,0,0,0.0,0.0,0
93,40,40,40,equilibrated_flux,1.0,100.0,0.998046875,False,0.9902912621359223,102,920,0.005272530163071492,0.33444329091682345,1.4892377076266629e-06,7.392400751645739e-05,4.3582998248048803e-14,1.3588725881933705e-13,0,0,0,0,0.0,0.0,0
94,20,20,20,baseline,1.0,100.0,0.0,False,0.0,0,0,1.7669227546432567,0.3295142486969382,0.0003546285585403345,0.013718617691046717,2.903746933425516e-14,1.6460581734994004e-13,0,0,0,0,0.0,0.0,0
94,20,20,20,equilibrated_flux,1.0,100.0,0.69140625,False,0.17475728155339806,18,690,0.5822262240017971,0.3295142486969382,0.0003546285585403345,0.013718617691046717,2.903746933425516e-14,1.6460581734994004e-13,0,0,0,0,0.0,0.0,0
94,40,40,40,baseline,1.0,100.0,0.9912109375,False,0.9514563106796117,98,917,0.01987205017388787,0.33784357475701954,2.639249677271022e-06,0.00010209797389920245,2.903746933425516e-14,1.6460581734994004e-13,0,0,0,0,0.0,0.0,0
94,40,40,40,equilibrated_flux,1.0,100.0,0.9970703125,False,0.9902912621359223,102,919,0.0067136444684971295,0.33784357475701954,2.639249677271022e-06,0.00010209797389920245,2.903746933425516e-14,1.6460581734994004e-13,0,0,0,0,0.0,0.0,0
95,20,20,20,baseline,1.0,100.0,0.0791015625,False,0.08737864077669903,9,72,1.1026242126603907,0.330323914836554,0.00020644556052283226,0.006275851505105527,1.382184483215998e-14,1.3487712912427794e-13,0,0,0,0,0.0,0.0,0
95,20,20,20,equilibrated_flux,1.0,100.0,0.8193359375,False,0.3106796116504854,32,807,0.3642231465195533,0.330323914836554,0.00020644556052283226,0.006275851505105527,1.382184483215998e-14,1.3487712912427794e-13,0,0,0,0,0.0,0.0,0
95,40,40,40,baseline,1.0,100.0,0.9951171875,False,0.9902912621359223,102,917,0.01751497780470624,0.3277954075920021,2.072355094182358e-06,6.299865593626397e-05,1.382184483215998e-14,1.3487712912427794e-13,0,0,0,0,0.0,0.0,0
95,40,40,40,equilibrated_flux,1.0,100.0,1.0,True,1.0,103,921,0.005741329288458551,0.3277954075920021,2.072355094182358e-06,6.299865593626397e-05,1.382184483215998e-14,1.3487712912427794e-13,0,0,0,0,0.0,0.0,0
96,20,20,20,baseline,1.0,100.0,0.7509765625,False,0.009708737864077669,1,768,0.6022897972528717,0.33810000424780334,0.00012744760801678347,0.002951595335899052,1.876749443048847e-14,1.4570058889443096e-13,0,0,0,0,0.0,0.0,0
96,20,20,20,equilibrated_flux,1.0,100.0,0.900390625,False,0.4077669902912621,42,880,0.20363418300960454,0.33810000424780334,0.00012744760801678347,0.002951595335899052,1.876749443048847e-14,1.4570058889443096e-13,0,0,0,0,0.0,0.0,0
96,40,40,40,baseline,1.0,100.0,0.994140625,False,0.9611650485436893,99,919,0.006808159515239694,0.34114496936540933,1.5630538440575978e-06,3.6199207719022684e-05,1.876749443048847e-14,1.4570058889443096e-13,0,0,0,0,0.0,0.0,0
96,40,40,40,equilibrated_flux,1.0,100.0,1.0,True,1.0,103,921,0.0023225693692612653,0.34114496936540933,1.5630538440575978e-06,3.6199207719022684e-05,1.876749443048847e-14,1.4570058889443096e-13,0,0,0,0,0.0,0.0,0
97,20,20,20,baseline,1.0,100.0,0.18359375,False,0.0,0,188,0.9660677369980432,0.31944771234588326,0.0001493016716077172,0.004011182516925075,1.853333540843156e-14,1.2725989037519352e-13,0,0,0,0,0.0,0.0,0
97,20,20,20,equilibrated_flux,1.0,100.0,0.806640625,False,0.13592233009708737,14,812,0.3086081285551893,0.31944771234588326,0.0001493016716077172,0.004011182516925075,1.853333540843156e-14,1.2725989037519352e-13,0,0,0,0,0.0,0.0,0
97,40,40,40,baseline,1.0,100.0,0.9892578125,False,0.9514563106796117,98,915,0.016169376406864146,0.31480888015418373,2.479086882295983e-06,6.660387558370463e-05,1.853333540843156e-14,1.2725989037519352e-13,0,0,0,0,0.0,0.0,0
97,40,40,40,equilibrated_flux,1.0,100.0,0.99609375,False,0.9805825242718447,101,919,0.005090263279436379,0.31480888015418373,2.479086882295983e-06,6.660387558370463e-05,1.853333540843156e-14,1.2725989037519352e-13,0,0,0,0,0.0,0.0,0
98,20,20,20,baseline,1.0,100.0,0.0234375,False,0.22330097087378642,23,1,1.3359449944495776,0.32544949958816105,0.0003446706866545244,0.006880999949721641,8.8073853598919e-15,1.834032550712873e-13,0,0,0,0,0.0,0.0,0
98,20,20,20,equilibrated_flux,1.0,100.0,0.8515625,False,0.5922330097087378,61,811,0.4347826299209237,0.32544949958816105,0.0003446706866545244,0.006880999949721641,8.8073853598919e-15,1.834032550712873e-13,0,0,0,0,0.0,0.0,0
98,40,40,40,baseline,1.0,100.0,1.0,True,1.0,103,921,0.015449887628450244,0.3341472068856554,2.626565246458314e-06,5.2436705611020694e-05,8.8073853598919e-15,1.834032550712873e-13,0,0,0,0,0.0,0.0,0
98,40,40,40,equilibrated_flux,1.0,100.0,1.0,True,1.0,103,921,0.005162536797743891,0.3341472068856554,2.626565246458314e-06,5.2436705611020694e-05,8.8073853598919e-15,1.834032550712873e-13,0,0,0,0,0.0,0.0,0
99,20,20,20,baseline,1.0,100.0,0.169921875,False,0.0,0,174,0.9245376258465842,0.3373081811879421,0.0003017884448478152,0.005259280537404589,3.6022865143195656e-14,1.4285322360712457e-13,0,0,0,0,0.0,0.0,0
99,20,20,20,equilibrated_flux,1.0,100.0,0.6630859375,False,0.038834951456310676,4,675,0.31185410501412947,0.3373081811879421,0.0003017884448478152,0.005259280537404589,3.6022865143195656e-14,1.4285322360712457e-13,0,0,0,0,0.0,0.0,0
99,40,40,40,baseline,1.0,100.0,0.9892578125,False,0.9514563106796117,98,915,0.011257851696531481,0.34273740572894196,2.986588018362677e-06,5.204740110622967e-05,3.6022865143195656e-14,1.4285322360712457e-13,0,0,0,0,0.0,0.0,0
99,40,40,40,equilibrated_flux,1.0,100.0,0.9970703125,False,0.9902912621359223,102,919,0.0038584868845503682,0.34273740572894196,2.986588018362677e-06,5.204740110622967e-05,3.6022865143195656e-14,1.4285322360712457e-13,0,0,0,0,0.0,0.0,0
100,20,20,20,baseline,1.0,100.0,0.576171875,False,0.36893203883495146,38,552,0.8157254950101878,0.3118104877551919,0.00019838448104756302,0.0039164187929203835,3.335179406961164e-14,1.74312289231535e-13,0,0,0,0,0.0,0.0,0
100,20,20,20,equilibrated_flux,1.0,100.0,0.935546875,False,0.7864077669902912,81,877,0.25435176447347196,0.3118104877551919,0.00019838448104756302,0.0039164187929203835,3.335179406961164e-14,1.74312289231535e-13,0,0,0,0,0.0,0.0,0
100,40,40,40,baseline,1.0,100.0,1.0,True,1.0,103,921,0.012630654427971412,0.31908577183135356,2.3904410324458546e-06,4.7191030938543e-05,3.335179406961164e-14,1.74312289231535e-13,0,0,0,0,0.0,0.0,0
100,40,40,40,equilibrated_flux,1.0,100.0,1.0,True,1.0,103,921,0.004030262116884361,0.31908577183135356,2.3904410324458546e-06,4.7191030938543e-05,3.335179406961164e-14,1.74312289231535e-13,0,0,0,0,0.0,0.0,0
101,20,20,20,baseline,1.0,100.0,0.001953125,False,0.019417475728155338,2,0,1.499761144010771,0.3158678526198869,0.00016918243512214131,0.009444631856022989,2.7409727085177296e-14,1.4156072043981964e-13,0,0,0,0,0.0,0.0,0
101,20,20,20,equilibrated_flux,1.0,100.0,0.70703125,False,0.32038834951456313,33,691,0.4737263320014273,0.3158678526198869,0.00016918243512214131,0.009444631856022989,2.7409727085177296e-14,1.4156072043981964e-13,0,0,0,0,0.0,0.0,0
101,40,40,40,baseline,1.0,100.0,0.9873046875,False,0.941747572815534,97,914,0.022156180279571076,0.329479975469201,1.8728493064520755e-06,0.00010455206067026162,2.7409727085177296e-14,1.4156072043981964e-13,0,0,0,0,0.0,0.0,0
101,40,40,40,equilibrated_flux,1.0,100.0,0.994140625,False,0.9611650485436893,99,919,0.007300017735004271,0.329479975469201,1.8728493064520755e-06,0.00010455206067026162,2.7409727085177296e-14,1.4156072043981964e-13,0,0,0,0,0.0,0.0,0
102,20,20,20,baseline,1.0,100.0,0.0,False,0.0,0,0,1.547667273781421,0.3336613399582586,0.00017121734320400003,0.011031083927365511,1.311644814009693e-14,1.2329956918559212e-13,0,0,0,0,0.0,0.0,0
102,20,20,20,equilibrated_flux,1.0,100.0,0.6845703125,False,0.1941747572815534,20,681,0.516396736379454,0.3336613399582586,0.00017121734320400003,0.011031083927365511,1.311644814009693e-14,1.2329956918559212e-13,0,0,0,0,0.0,0.0,0
102,40,40,40,baseline,1.0,100.0,0.9853515625,False,0.9514563106796117,98,911,0.022239635863651772,0.3159715680252428,1.4128288817728304e-06,9.102485576621447e-05,1.311644814009693e-14,1.2329956918559212e-13,0,0,0,0,0.0,0.0,0
102,40,40,40,equilibrated_flux,1.0,100.0,0.99609375,False,0.9805825242718447,101,919,0.007027092616148476,0.3159715680252428,1.4128288817728304e-06,9.102485576621447e-05,1.311644814009693e-14,1.2329956918559212e-13,0,0,0,0,0.0,0.0,0
103,20,20,20,baseline,1.0,100.0,0.8095703125,False,0.3300970873786408,34,795,0.40461836154467784,0.3105408430391329,0.0001786933549377628,0.0022276887004921745,3.7700784163815314e-14,2.0587034222756253e-13,0,0,0,0,0.0,0.0,0
103,20,20,20,equilibrated_flux,1.0,100.0,0.94921875,False,0.7475728155339806,77,895,0.1256505271031969,0.3105408430391329,0.0001786933549377628,0.0022276887004921745,3.7700784163815314e-14,2.0587034222756253e-13,0,0,0,0,0.0,0.0,0
103,40,40,40,baseline,1.0,100.0,1.0,True,1.0,103,921,0.004282683412307316,0.3369293149008695,1.347189045943778e-06,1.6794792487516063e-05,3.7700784163815314e-14,2.0587034222756253e-13,0,0,0,0,0.0,0.0,0
103,40,40,40,equilibrated_flux,1.0,100.0,1.0,True,1.0,103,921,0.0014429615880460216,0.3369293149008695,1.347189045943778e-06,1.6794792487516063e-05,3.7700784163815314e-14,2.0587034222756253e-13,0,0,0,0,0.0,0.0,0
104,20,20,20,baseline,1.0,100.0,0.1240234375,False,0.0,0,127,0.8670608744265547,0.3198233708011763,0.00015543627884410087,0.004948013679095864,3.06006321736006e-14,1.2629223173233408e-13,0,0,0,0,0.0,0.0,0
104,20,20,20,equilibrated_flux,1.0,100.0,0.8056640625,False,0.5922330097087378,61,764,0.27730633154891615,0.3198233708011763,0.00015543627884410087,0.004948013679095864,3.06006321736006e-14,1.2629223173233408e-13,0,0,0,0,0.0,0.0,0
104,40,40,40,baseline,1.0,100.0,0.994140625,False,0.9805825242718447,101,917,0.011678758065568728,0.3225903629775736,1.451946128482629e-06,4.621990026053717e-05,3.06006321736006e-14,1.2629223173233408e-13,0,0,0,0,0.0,0.0,0
104,40,40,40,equilibrated_flux,1.0,100.0,0.9970703125,False,0.9902912621359223,102,919,0.003767454803499082,0.3225903629775736,1.451946128482629e-06,4.621990026053717e-05,3.06006321736006e-14,1.2629223173233408e-13,0,0,0,0,0.0,0.0,0
105,20,20,20,baseline,1.0,100.0,0.3984375,False,0.0,0,408,0.6804356852092909,0.2861381457843077,0.00021919581152607018,0.0037668827068236075,5.82031771514958e-14,1.9814796017314516e-13,0,0,0,0,0.0,0.0,0
105,20,20,20,equilibrated_flux,1.0,100.0,0.7802734375,False,0.21359223300970873,22,777,0.19469860529126137,0.2861381457843077,0.00021919581152607018,0.0037668827068236075,5.82031771514958e-14,1.9814796017314516e-13,0,0,0,0,0.0,0.0,0
105,40,40,40,baseline,1.0,100.0,0.9921875,False,0.9805825242718447,101,915,0.006602756413778553,0.344710957563212,1.7975934031340797e-06,3.0891664658305986e-05,5.82031771514958e-14,1.9814796017314516e-13,0,0,0,0,0.0,0.0,0
105,40,40,40,equilibrated_flux,1.0,100.0,1.0,True,1.0,103,921,0.0022760424859502443,0.344710957563212,1.7975934031340797e-06,3.0891664658305986e-05,5.82031771514958e-14,1.9814796017314516e-13,0,0,0,0,0.0,0.0,0
106,20,20,20,baseline,1.0,100.0,0.1279296875,False,0.0,0,131,0.8805122444448548,0.3230331970511371,0.00013738881381845892,0.005065240675334309,8.616555842383997e-15,1.3028070881090769e-13,0,0,0,0,0.0,0.0,0
106,20,20,20,equilibrated_flux,1.0,100.0,0.763671875,False,0.2621359223300971,27,755,0.2844346853656938,0.3230331970511371,0.00013738881381845892,0.005065240675334309,8.616555842383997e-15,1.3028070881090769e-13,0,0,0,0,0.0,0.0,0
106,40,40,40,baseline,1.0,100.0,0.984375,False,0.9223300970873787,95,913,0.013008934651766172,0.32496342232635583,1.6602908842809913e-06,6.121148211572201e-05,8.616555842383997e-15,1.3028070881090769e-13,0,0,0,0,0.0,0.0,0
106,40,40,40,equilibrated_flux,1.0,100.0,0.994140625,False,0.970873786407767,100,918,0.004227427925257855,0.32496342232635583,1.6602908842809913e-06,6.121148211572201e-05,8.616555842383997e-15,1.3028070881090769e-13,0,0,0,0,0.0,0.0,0
107,20,20,20,baseline,1.0,100.0,0.0,False,0.0,0,0,1.5873426564841093,0.3347422393336695,0.0002915189018631559,0.010300032922319052,2.148675547666737e-14,1.2640438418880028e-13,0,0,0,0,0.0,0.0,0
107,20,20,20,equilibrated_flux,1.0,100.0,0.5439453125,False,0.18446601941747573,19,538,0.5313506354213465,0.3347422393336695,0.0002915189018631559,0.010300032922319052,2.148675547666737e-14,1.2640438418880028e-13,0,0,0,0,0.0,0.0,0
107,40,40,40,baseline,1.0,100.0,0.9765625,False,0.941747572815534,97,903,0.02479816303853819,0.33862978739209776,3.319697179402983e-06,0.0001172925323931035,2.148675547666737e-14,1.2640438418880028e-13,0,0,0,0,0.0,0.0,0
107,40,40,40,equilibrated_flux,1.0,100.0,0.99609375,False,0.9902912621359223,102,918,0.008397396677454766,0.33862978739209776,3.319697179402983e-06,0.0001172925323931035,2.148675547666737e-14,1.2640438418880028e-13,0,0,0,0,0.0,0.0,0
108,20,20,20,baseline,1.0,100.0,0.3662109375,False,0.07766990291262135,8,367,1.120212662448828,0.3255772727447221,0.0002608097280519699,0.0073226710867053055,1.9311729912943244e-14,1.5841865228402856e-13,0,0,0,0,0.0,0.0,0
108,20,20,20,equilibrated_flux,1.0,100.0,0.890625,False,0.5922330097087378,61,851,0.3647157835341933,0.3255772727447221,0.0002608097280519699,0.0073226710867053055,1.9311729912943244e-14,1.5841865228402856e-13,0,0,0,0,0.0,0.0,0
108,40,40,40,baseline,1.0,100.0,0.9970703125,False,0.9805825242718447,101,920,0.01812449658645173,0.32598042937410804,2.6620342419272475e-06,7.474108163355265e-05,1.9311729912943244e-14,1.5841865228402856e-13,0,0,0,0,0.0,0.0,0
108,40,40,40,equilibrated_flux,1.0,100.0,1.0,True,1.0,103,921,0.0059082311794410895,0.32598042937410804,2.6620342419272475e-06,7.474108163355265e-05,1.9311729912943244e-14,1.5841865228402856e-13,0,0,0,0,0.0,0.0,0
109,20,20,20,baseline,1.0,100.0,0.4833984375,False,0.0,0,495,0.642623996658846,0.33105260938276154,0.00021827069983265692,0.004234181497685555,6.244380453496667e-14,1.349610190785081e-13,0,0,0,0,0.0,0.0,0
109,20,20,20,equilibrated_flux,1.0,100.0,0.7587890625,False,0.18446601941747573,19,758,0.21274235094589,0.33105260938276154,0.00021827069983265692,0.004234181497685555,6.244380453496667e-14,1.349610190785081e-13,0,0,0,0,0.0,0.0,0
109,40,40,40,baseline,1.0,100.0,0.9853515625,False,0.9029126213592233,93,916,0.009829665885334394,0.327716928925243,2.273011023802682e-06,4.40936013326442e-05,6.244380453496667e-14,1.349610190785081e-13,0,0,0,0,0.0,0.0,0
109,40,40,40,equilibrated_flux,1.0,100.0,0.9921875,False,0.9514563106796117,98,918,0.003221347916303017,0.327716928925243,2.273011023802682e-06,4.40936013326442e-05,6.244380453496667e-14,1.349610190785081e-13,0,0,0,0,0.0,0.0,0
110,20,20,20,baseline,1.0,100.0,0.2880859375,False,0.10679611650485436,11,284,0.7294531095077477,0.3116726538756824,0.0001444352648524541,0.004353074856878752,2.275219645140003e-14,1.374727739743815e-13,0,0,0,0,0.0,0.0,0
110,20,20,20,equilibrated_flux,1.0,100.0,0.8447265625,False,0.5631067961165048,58,807,0.22735058651814846,0.3116726538756824,0.0001444352648524541,0.004353074856878752,2.275219645140003e-14,1.374727739743815e-13,0,0,0,0,0.0,0.0,0
110,40,40,40,baseline,1.0,100.0,0.99609375,False,0.9805825242718447,101,919,0.009534196640812943,0.32876718190418036,1.359233949207174e-06,4.0965391207988094e-05,2.275219645140003e-14,1.374727739743815e-13,0,0,0,0,0.0,0.0,0
110,40,40,40,equilibrated_flux,1.0,100.0,1.0,True,1.0,103,921,0.003134530961320374,0.32876718190418036,1.359233949207174e-06,4.0965391207988094e-05,2.275219645140003e-14,1.374727739743815e-13,0,0,0,0,0.0,0.0,0
111,20,20,20,baseline,1.0,100.0,0.330078125,False,0.0,0,338,0.8825000668516055,0.3307825153482215,0.00013638647753764067,0.004926408206903197,2.630357722067623e-14,1.4812175730365166e-13,0,0,0,0,0.0,0.0,0
111,20,20,20,equilibrated_flux,1.0,100.0,0.859375,False,0.46601941747572817,48,832,0.2919155919081477,0.3307825153482215,0.00013638647753764067,0.004926408206903197,2.630357722067623e-14,1.4812175730365166e-13,0,0,0,0,0.0,0.0,0
111,40,40,40,baseline,1.0,100.0,0.9921875,False,0.9611650485436893,99,917,0.010124133967945127,0.32017473033935095,9.55965639402654e-07,3.453038055153881e-05,2.630357722067623e-14,1.4812175730365166e-13,0,0,0,0,0.0,0.0,0
111,40,40,40,equilibrated_flux,1.0,100.0,0.9970703125,False,0.9805825242718447,101,920,0.003241491863106294,0.32017473033935095,9.55965639402654e-07,3.453038055153881e-05,2.630357722067623e-14,1.4812175730365166e-13,0,0,0,0,0.0,0.0,0
112,20,20,20,baseline,1.0,100.0,0.0322265625,False,0.0,0,33,1.3517574815561515,0.32549765636564326,0.00028640551303540804,0.007148381515883922,1.9529252967055454e-14,1.363155163403938e-13,0,0,0,0,0.0,0.0,0
112,20,20,20,equilibrated_flux,1.0,100.0,0.814453125,False,0.2621359223300971,27,807,0.4399938922212516,0.32549765636564326,0.00028640551303540804,0.007148381515883922,1.9529252967055454e-14,1.363155163403938e-13,0,0,0,0,0.0,0.0,0
112,40,40,40,baseline,1.0,100.0,0.9912109375,False,0.9514563106796117,98,917,0.01773211592147686,0.33864634330175486,2.9299832662848063e-06,7.312931235358727e-05,1.9529252967055454e-14,1.363155163403938e-13,0,0,0,0,0.0,0.0,0
112,40,40,40,equilibrated_flux,1.0,100.0,0.99609375,False,0.970873786407767,100,920,0.006004916215810965,0.33864634330175486,2.9299832662848063e-06,7.312931235358727e-05,1.9529252967055454e-14,1.363155163403938e-13,0,0,0,0,0.0,0.0,0
113,20,20,20,baseline,1.0,100.0,0.5859375,False,0.2524271844660194,26,574,0.6724918328138014,0.32199895697068887,0.00016589598057822696,0.0035929552079677347,3.4716645758958994e-14,1.4455625334831254e-13,0,0,0,0,0.0,0.0,0
113,20,20,20,equilibrated_flux,1.0,100.0,0.91796875,False,0.6990291262135923,72,868,0.21654166873735095,0.32199895697068887,0.00016589598057822696,0.0035929552079677347,3.4716645758958994e-14,1.4455625334831254e-13,0,0,0,0,0.0,0.0,0
113,40,40,40,baseline,1.0,100.0,0.998046875,False,0.9902912621359223,102,920,0.009795560000917455,0.3069663775525239,1.5967160983225062e-06,3.458148534469398e-05,3.4716645758958994e-14,1.4455625334831254e-13,0,0,0,0,0.0,0.0,0
113,40,40,40,equilibrated_flux,1.0,100.0,1.0,True,1.0,103,921,0.003006907569580028,0.3069663775525239,1.5967160983225062e-06,3.458148534469398e-05,3.4716645758958994e-14,1.4455625334831254e-13,0,0,0,0,0.0,0.0,0
114,20,20,20,baseline,1.0,100.0,0.443359375,False,0.038834951456310676,4,450,1.0245095560713506,0.3080778798923607,0.0003139705659288688,0.007171620950604225,1.6583354123391315e-14,2.6040026841629556e-13,0,0,0,0,0.0,0.0,0
114,20,20,20,equilibrated_flux,1.0,100.0,0.892578125,False,0.5436893203883495,56,858,0.3156287319639254,0.3080778798923607,0.0003139705659288688,0.007171620950604225,1.6583354123391315e-14,2.6040026841629556e-13,0,0,0,0,0.0,0.0,0
114,40,40,40,baseline,1.0,100.0,0.9970703125,False,0.9805825242718447,101,920,0.009665615157449473,0.3707345144514645,2.541792451152495e-06,5.8058856379865315e-05,1.6583354123391315e-14,2.6040026841629556e-13,0,0,0,0,0.0,0.0,0
114,40,40,40,equilibrated_flux,1.0,100.0,0.998046875,False,0.9902912621359223,102,920,0.0035833771422717447,0.3707345144514645,2.541792451152495e-06,5.8058856379865315e-05,1.6583354123391315e-14,2.6040026841629556e-13,0,0,0,0,0.0,0.0,0
115,20,20,20,baseline,1.0,100.0,0.109375,False,0.0,0,112,1.1335319021199706,0.3268989151938572,0.0001707317641031535,0.005243113325250635,4.5870434788612435e-14,1.7400234367917877e-13,0,0,0,0,0.0,0.0,0
115,20,20,20,equilibrated_flux,1.0,100.0,0.83984375,False,0.34951456310679613,36,824,0.3705503491406479,0.3268989151938572,0.0001707317641031535,0.005243113325250635,4.5870434788612435e-14,1.7400234367917877e-13,0,0,0,0,0.0,0.0,0
115,40,40,40,baseline,1.0,100.0,0.998046875,False,0.9902912621359223,102,920,0.014999876979863373,0.3360347121736804,1.904132627696555e-06,5.8475253306049996e-05,4.5870434788612435e-14,1.7400234367917877e-13,0,0,0,0,0.0,0.0,0
115,40,40,40,equilibrated_flux,1.0,100.0,0.998046875,False,0.9902912621359223,102,920,0.005040479343569003,0.3360347121736804,1.904132627696555e-06,5.8475253306049996e-05,4.5870434788612435e-14,1.7400234367917877e-13,0,0,0,0,0.0,0.0,0
116,20,20,20,baseline,1.0,100.0,0.49609375,False,0.0,0,508,0.8246744609218349,0.33011508540664186,0.0003264219129245767,0.004945258326516484,2.5376159860888155e-14,1.7731108793467225e-13,0,0,0,0,0.0,0.0,0
116,20,20,20,equilibrated_flux,1.0,100.0,0.8095703125,False,0.1941747572815534,20,809,0.27223748009988785,0.33011508540664186,0.0003264219129245767,0.004945258326516484,2.5376159860888155e-14,1.7731108793467225e-13,0,0,0,0,0.0,0.0,0
116,40,40,40,baseline,1.0,100.0,0.994140625,False,0.970873786407767,100,918,0.011185666017320527,0.32793185103458267,2.9421415342755575e-06,4.4573140907746187e-05,2.5376159860888155e-14,1.7731108793467225e-13,0,0,0,0,0.0,0.0,0
116,40,40,40,equilibrated_flux,1.0,100.0,0.9970703125,False,0.9805825242718447,101,920,0.0036681361621145494,0.32793185103458267,2.9421415342755575e-06,4.4573140907746187e-05,2.5376159860888155e-14,1.7731108793467225e-13,0,0,0,0,0.0,0.0,0
117,20,20,20,baseline,1.0,100.0,0.6669921875,False,0.0,0,683,0.5612302079784396,0.3314188372740168,0.00020913335738725487,0.003536006212965395,2.8007266447380348e-14,1.4493252964791394e-13,0,0,0,0,0.0,0.0,0
117,20,20,20,equilibrated_flux,1.0,100.0,0.8984375,False,0.5728155339805825,59,861,0.186002262971269,0.3314188372740168,0.00020913335738725487,0.003536006212965395,2.8007266447380348e-14,1.4493252964791394e-13,0,0,0,0,0.0,0.0,0
117,40,40,40,baseline,1.0,100.0,0.99609375,False,0.970873786407767,100,920,0.008438669127627094,0.31801061494404886,1.836331241416517e-06,3.1048507803038176e-05,2.8007266447380348e-14,1.4493252964791394e-13,0,0,0,0,0.0,0.0,0
117,40,40,40,equilibrated_flux,1.0,100.0,1.0,True,1.0,103,921,0.0026835863585860523,0.31801061494404886,1.836331241416517e-06,3.1048507803038176e-05,2.8007266447380348e-14,1.4493252964791394e-13,0,0,0,0,0.0,0.0,0
118,20,20,20,baseline,1.0,100.0,0.7197265625,False,0.1941747572815534,20,717,0.5649021111336286,0.3101555139009655,0.00015371076408825473,0.002190892710906632,3.4426093485534895e-14,2.052403193885514e-13,0,0,0,0,0.0,0.0,0
118,20,20,20,equilibrated_flux,1.0,100.0,0.9453125,False,0.7281553398058253,75,893,0.17520750458239093,0.3101555139009655,0.00015371076408825473,0.002190892710906632,3.4426093485534895e-14,2.052403193885514e-13,0,0,0,0,0.0,0.0,0
118,40,40,40,baseline,1.0,100.0,1.0,True,1.0,103,921,0.005794475901521123,0.3536389385357138,1.692067108219064e-06,2.4117618019456754e-05,3.4426093485534895e-14,2.052403193885514e-13,0,0,0,0,0.0,0.0,0
118,40,40,40,equilibrated_flux,1.0,100.0,1.0,True,1.0,103,921,0.0020491523071847033,0.3536389385357138,1.692067108219064e-06,2.4117618019456754e-05,3.4426093485534895e-14,2.052403193885514e-13,0,0,0,0,0.0,0.0,0
119,20,20,20,baseline,1.0,100.0,0.0,False,0.0,0,0,1.3970290505210199,0.31438613952453803,0.00026986505775590297,0.009922181381317468,3.3913674635007405e-14,1.4059197774807927e-13,0,0,0,0,0.0,0.0,0
119,20,20,20,equilibrated_flux,1.0,100.0,0.7939453125,False,0.39805825242718446,41,772,0.4392065699969344,0.31438613952453803,0.00026986505775590297,0.009922181381317468,3.3913674635007405e-14,1.4059197774807927e-13,0,0,0,0,0.0,0.0,0
119,40,40,40,baseline,1.0,100.0,0.984375,False,0.941747572815534,97,911,0.01805671346559528,0.34740583323159535,2.3992666363757876e-06,8.821430586913851e-05,3.3913674635007405e-14,1.4059197774807927e-13,0,0,0,0,0.0,0.0,0
119,40,40,40,equilibrated_flux,1.0,100.0,0.9951171875,False,0.9805825242718447,101,918,0.006273007586939296,0.34740583323159535,2.3992666363757876e-06,8.821430586913851e-05,3.3913674635007405e-14,1.4059197774807927e-13,0,0,0,0,0.0,0.0,0
120,20,20,20,baseline,1.0,100.0,0.1103515625,False,0.0,0,113,1.0860907457874602,0.3137321239452539,0.00026789795265045105,0.005641127038831097,4.8242158314177185e-14,1.6070722134510326e-13,0,0,0,0,0.0,0.0,0
120,20,20,20,equilibrated_flux,1.0,100.0,0.814453125,False,0.3300970873786408,34,800,0.3407415564731847,0.3137321239452539,0.00026789795265045105,0.005641127038831097,4.8242158314177185e-14,1.6070722134510326e-13,0,0,0,0,0.0,0.0,0
120,40,40,40,baseline,1.0,100.0,0.9873046875,False,0.9320388349514563,96,915,0.01723186797244451,0.33029262888040245,3.2927954192637043e-06,6.93363912981414e-05,4.8242158314177185e-14,1.6070722134510326e-13,0,0,0,0,0.0,0.0,0
120,40,40,40,equilibrated_flux,1.0,100.0,0.9970703125,False,0.9902912621359223,102,919,0.005691558973138708,0.33029262888040245,3.2927954192637043e-06,6.93363912981414e-05,4.8242158314177185e-14,1.6070722134510326e-13,0,0,0,0,0.0,0.0,0
121,20,20,20,baseline,1.0,100.0,0.037109375,False,0.0,0,38,1.0584661096568655,0.3357622611690123,0.00018195577969109693,0.006274821164265719,3.531486870629644e-14,1.3152389487052431e-13,0,0,0,0,0.0,0.0,0
121,20,20,20,equilibrated_flux,1.0,100.0,0.6640625,False,0.038834951456310676,4,676,0.355392974349157,0.3357622611690123,0.00018195577969109693,0.006274821164265719,3.531486870629644e-14,1.3152389487052431e-13,0,0,0,0,0.0,0.0,0
121,40,40,40,baseline,1.0,100.0,0.9873046875,False,0.9611650485436893,99,912,0.01392160845312929,0.32767759896579635,1.7559240682226907e-06,6.05537758944893e-05,3.531486870629644e-14,1.3152389487052431e-13,0,0,0,0,0.0,0.0,0
121,40,40,40,equilibrated_flux,1.0,100.0,0.9970703125,False,0.9902912621359223,102,919,0.0045617992316633405,0.32767759896579635,1.7559240682226907e-06,6.05537758944893e-05,3.531486870629644e-14,1.3152389487052431e-13,0,0,0,0,0.0,0.0,0
122,20,20,20,baseline,1.0,100.0,0.1455078125,False,0.0,0,149,1.0952722006981732,0.3030430824067695,0.00026784803718778817,0.006573966264468207,1.9184246877598116e-14,1.4599568140691465e-13,0,0,0,0,0.0,0.0,0
122,20,20,20,equilibrated_flux,1.0,100.0,0.8203125,False,0.3300970873786408,34,806,0.3319146637740204,0.3030430824067695,0.00026784803718778817,0.006573966264468207,1.9184246877598116e-14,1.4599568140691465e-13,0,0,0,0,0.0,0.0,0
122,40,40,40,baseline,1.0,100.0,0.994140625,False,0.970873786407767,100,918,0.014742905595810643,0.3077823970803767,2.403322335185469e-06,5.898628237127738e-05,1.9184246877598116e-14,1.4599568140691465e-13,0,0,0,0,0.0,0.0,0
122,40,40,40,equilibrated_flux,1.0,100.0,1.0,True,1.0,103,921,0.004537606824208299,0.3077823970803767,2.403322335185469e-06,5.898628237127738e-05,1.9184246877598116e-14,1.4599568140691465e-13,0,0,0,0,0.0,0.0,0
123,20,20,20,baseline,1.0,100.0,0.01171875,False,0.11650485436893204,12,0,1.5526820841628033,0.3288027343696385,0.0001877962865816666,0.008618052818243098,1.4185634025784152e-14,1.420235856142046e-13,0,0,0,0,0.0,0.0,0
123,20,20,20,equilibrated_flux,1.0,100.0,0.6611328125,False,0.5339805825242718,55,622,0.5105261148794789,0.3288027343696385,0.0001877962865816666,0.008618052818243098,1.4185634025784152e-14,1.420235856142046e-13,0,0,0,0,0.0,0.0,0
123,40,40,40,baseline,1.0,100.0,0.9931640625,False,0.970873786407767,100,917,0.023752888282652186,0.3257892227779858,2.1966841914473266e-06,0.0001008067876710734,1.4185634025784152e-14,1.420235856142046e-13,0,0,0,0,0.0,0.0,0
123,40,40,40,equilibrated_flux,1.0,100.0,1.0,True,1.0,103,921,0.007738435012337582,0.3257892227779858,2.1966841914473266e-06,0.0001008067876710734,1.4185634025784152e-14,1.420235856142046e-13,0,0,0,0,0.0,0.0,0
124,20,20,20,baseline,1.0,100.0,0.0146484375,False,0.0,0,15,1.0812665076730301,0.33063829225413954,0.00023627653332409121,0.006418286416054357,3.058647987435021e-14,1.3393640704981065e-13,0,0,0,0,0.0,0.0,0
124,20,20,20,equilibrated_flux,1.0,100.0,0.685546875,False,0.1262135922330097,13,689,0.35750811156860807,0.33063829225413954,0.00023627653332409121,0.006418286416054357,3.058647987435021e-14,1.3393640704981065e-13,0,0,0,0,0.0,0.0,0
124,40,40,40,baseline,1.0,100.0,0.986328125,False,0.941747572815534,97,913,0.016418866770413428,0.31536425572639815,2.241744935034468e-06,6.089542986927707e-05,3.058647987435021e-14,1.3393640704981065e-13,0,0,0,0,0.0,0.0,0
124,40,40,40,equilibrated_flux,1.0,100.0,0.9931640625,False,0.9611650485436893,99,918,0.005177923698922321,0.31536425572639815,2.241744935034468e-06,6.089542986927707e-05,3.058647987435021e-14,1.3393640704981065e-13,0,0,0,0,0.0,0.0,0
125,20,20,20,baseline,1.0,100.0,0.2578125,False,0.20388349514563106,21,243,0.8401173244318505,0.3092189080312543,0.00020057366230106233,0.004238599294286203,1.2601094208936305e-14,1.4764945898789096e-13,0,0,0,0,0.0,0.0,0
125,20,20,20,equilibrated_flux,1.0,100.0,0.8583984375,False,0.6310679611650486,65,814,0.2597801616789558,0.3092189080312543,0.00020057366230106233,0.004238599294286203,1.2601094208936305e-14,1.4764945898789096e-13,0,0,0,0,0.0,0.0,0
125,40,40,40,baseline,1.0,100.0,0.99609375,False,0.9902912621359223,102,918,0.011629684049349222,0.30466274919605246,1.7790555433305246e-06,3.7595681725754124e-05,1.2601094208936305e-14,1.4764945898789096e-13,0,0,0,0,0.0,0.0,0
125,40,40,40,equilibrated_flux,1.0,100.0,0.9970703125,False,0.9902912621359223,102,919,0.003543131514756214,0.30466274919605246,1.7790555433305246e-06,3.7595681725754124e-05,1.2601094208936305e-14,1.4764945898789096e-13,0,0,0,0,0.0,0.0,0
126,20,20,20,baseline,1.0,100.0,0.09765625,False,0.0,0,100,1.1730183001925116,0.3006764227935426,0.00017092923612659983,0.006133924266862148,1.9168152749223138e-14,1.520261998829215e-13,0,0,0,0,0.0,0.0,0
126,20,20,20,equilibrated_flux,1.0,100.0,0.806640625,False,0.23300970873786409,24,802,0.3526989463732463,0.3006764227935426,0.00017092923612659983,0.006133924266862148,1.9168152749223138e-14,1.520261998829215e-13,0,0,0,0,0.0,0.0,0
126,40,40,40,baseline,1.0,100.0,0.9912109375,False,0.941747572815534,97,918,0.017000091456613683,0.33040677291182835,2.101279242303364e-06,7.540598687434478e-05,1.9168152749223138e-14,1.520261998829215e-13,0,0,0,0,0.0,0.0,0
126,40,40,40,equilibrated_flux,1.0,100.0,0.9951171875,False,0.970873786407767,100,919,0.00561694535738567,0.33040677291182835,2.101279242303364e-06,7.540598687434478e-05,1.9168152749223138e-14,1.520261998829215e-13,0,0,0,0,0.0,0.0,0
127,20,20,20,baseline,1.0,100.0,0.029296875,False,0.0,0,30,1.1406998498806358,0.3158655255954323,0.0001859517553847971,0.005862638963707978,4.292901167536485e-14,1.6100406649819455e-13,0,0,0,0,0.0,0.0,0
127,20,20,20,equilibrated_flux,1.0,100.0,0.8125,False,0.4854368932038835,50,782,0.3603077576291777,0.3158655255954323,0.0001859517553847971,0.005862638963707978,4.292901167536485e-14,1.6100406649819455e-13,0,0,0,0,0.0,0.0,0
127,40,40,40,baseline,1.0,100.0,0.99609375,False,0.9902912621359223,102,918,0.012952150213268763,0.3244150437980741,1.8012337072460334e-06,5.678883155999485e-05,4.292901167536485e-14,1.6100406649819455e-13,0,0,0,0,0.0,0.0,0
127,40,40,40,equilibrated_flux,1.0,100.0,0.99609375,False,0.9902912621359223,102,918,0.0042018723787168215,0.3244150437980741,1.8012337072460334e-06,5.678883155999485e-05,4.292901167536485e-14,1.6100406649819455e-13,0,0,0,0,0.0,0.0,0
128,20,20,20,baseline,1.0,100.0,0.396484375,False,0.0,0,406,0.7159977761742531,0.3376541549491387,0.00020115394260473293,0.004144269632295022,1.9640163080152396e-14,1.2741503353510142e-13,0,0,0,0,0.0,0.0,0
128,20,20,20,equilibrated_flux,1.0,100.0,0.755859375,False,0.3106796116504854,32,742,0.24175962405958,0.3376541549491387,0.00020115394260473293,0.004144269632295022,1.9640163080152396e-14,1.2741503353510142e-13,0,0,0,0,0.0,0.0,0
128,40,40,40,baseline,1.0,100.0,0.9931640625,False,0.970873786407767,100,917,0.010705186829456115,0.33826858269693105,2.098905018284039e-06,4.32426439954924e-05,1.9640163080152396e-14,1.2741503353510142e-13,0,0,0,0,0.0,0.0,0
128,40,40,40,equilibrated_flux,1.0,100.0,0.9970703125,False,0.9805825242718447,101,920,0.003621228376305973,0.33826858269693105,2.098905018284039e-06,4.32426439954924e-05,1.9640163080152396e-14,1.2741503353510142e-13,0,0,0,0,0.0,0.0,0
129,20,20,20,baseline,1.0,100.0,0.0146484375,False,0.0,0,15,1.3273471350408725,0.30159755613914824,0.00021859158517038615,0.007981598975865695,1.911243748564287e-14,1.3074761875581714e-13,0,0,0,0,0.0,0.0,0
129,20,20,20,equilibrated_flux,1.0,100.0,0.8037109375,False,0.2524271844660194,26,797,0.40032465207662726,0.30159755613914824,0.00021859158517038615,0.007981598975865695,1.911243748564287e-14,1.3074761875581714e-13,0,0,0,0,0.0,0.0,0
129,40,40,40,baseline,1.0,100.0,0.994140625,False,0.9805825242718447,101,917,0.017856175971145503,0.31915820716739135,2.085631256864449e-06,7.6154222912251e-05,1.911243748564287e-14,1.3074761875581714e-13,0,0,0,0,0.0,0.0,0
129,40,40,40,equilibrated_flux,1.0,100.0,1.0,True,1.0,103,921,0.005698945109816253,0.31915820716739135,2.085631256864449e-06,7.6154222912251e-05,1.911243748564287e-14,1.3074761875581714e-13,0,0,0,0,0.0,0.0,0
130,20,20,20,baseline,1.0,100.0,0.0,False,0.0,0,0,1.528881125885258,0.30277402788260716,0.00020331124007118867,0.008185129637721672,1.4686872955524107e-14,1.2537038589271302e-13,0,0,0,0,0.0,0.0,0
130,20,20,20,equilibrated_flux,1.0,100.0,0.6484375,False,0.22330097087378642,23,641,0.46290549663797487,0.30277402788260716,0.00020331124007118867,0.008185129637721672,1.4686872955524107e-14,1.2537038589271302e-13,0,0,0,0,0.0,0.0,0
130,40,40,40,baseline,1.0,100.0,0.9921875,False,0.9514563106796117,98,918,0.021106982049348015,0.3426964521517173,2.390958478223066e-06,9.625786107946512e-05,1.4686872955524107e-14,1.2537038589271302e-13,0,0,0,0,0.0,0.0,0
130,40,40,40,equilibrated_flux,1.0,100.0,0.998046875,False,0.9902912621359223,102,920,0.007233287863941548,0.3426964521517173,2.390958478223066e-06,9.625786107946512e-05,1.4686872955524107e-14,1.2537038589271302e-13,0,0,0,0,0.0,0.0,0
131,20,20,20,baseline,1.0,100.0,0.2265625,False,0.0,0,232,0.9534932420177987,0.31427930221426476,0.0001931265735078313,0.006196691099915668,5.965891302364532e-14,1.7966478889684676e-13,0,0,0,0,0.0,0.0,0
131,20,20,20,equilibrated_flux,1.0,100.0,0.8203125,False,0.4174757281553398,43,797,0.29966319076737086,0.31427930221426476,0.0001931265735078313,0.006196691099915668,5.965891302364532e-14,1.7966478889684676e-13,0,0,0,0,0.0,0.0,0
131,40,40,40,baseline,1.0,100.0,0.994140625,False,0.970873786407767,100,918,0.007992051236204997,0.34008080027941795,1.2235240094752352e-06,3.9258193227134504e-05,5.965891302364532e-14,1.7966478889684676e-13,0,0,0,0,0.0,0.0,0
131,40,40,40,equilibrated_flux,1.0,100.0,0.9970703125,False,0.9902912621359223,102,919,0.0027179431802827067,0.34008080027941795,1.2235240094752352e-06,3.9258193227134504e-05,5.965891302364532e-14,1.7966478889684676e-13,0,0,0,0,0.0,0.0,0
132,20,20,20,baseline,1.0,100.0,0.50390625,False,0.10679611650485436,11,505,0.7355041908563978,0.3121685155031173,0.00015889209124809794,0.004180144577582227,2.4302529620970144e-14,1.5411951818005186e-13,0,0,0,0,0.0,0.0,0
132,20,20,20,equilibrated_flux,1.0,100.0,0.8828125,False,0.5242718446601942,54,850,0.22960125140596316,0.3121685155031173,0.00015889209124809794,0.004180144577582227,2.4302529620970144e-14,1.5411951818005186e-13,0,0,0,0,0.0,0.0,0
132,40,40,40,baseline,1.0,100.0,0.9970703125,False,0.9902912621359223,102,919,0.008520479304242027,0.32685453880293525,1.3693925392395177e-06,3.602607752546735e-05,2.4302529620970144e-14,1.5411951818005186e-13,0,0,0,0,0.0,0.0,0
132,40,40,40,equilibrated_flux,1.0,100.0,0.998046875,False,0.9902912621359223,102,920,0.0027849573333679823,0.32685453880293525,1.3693925392395177e-06,3.602607752546735e-05,2.4302529620970144e-14,1.5411951818005186e-13,0,0,0,0,0.0,0.0,0
133,20,20,20,baseline,1.0,100.0,0.03515625,False,0.1650485436893204,17,19,1.2073402199112326,0.3100969064743215,0.0003177419253173495,0.006952902237797809,1.8951604931485798e-14,1.6050757081279937e-13,0,0,0,0,0.0,0.0,0
133,20,20,20,equilibrated_flux,1.0,100.0,0.8525390625,False,0.6116504854368932,63,810,0.37439246725650027,0.3100969064743215,0.0003177419253173495,0.006952902237797809,1.8951604931485798e-14,1.6050757081279937e-13,0,0,0,0,0.0,0.0,0
133,40,40,40,baseline,1.0,100.0,0.9931640625,False,0.9514563106796117,98,919,0.018671520657044628,0.3118952258139298,3.037021276790172e-06,6.64568014136026e-05,1.8951604931485798e-14,1.6050757081279937e-13,0,0,0,0,0.0,0.0,0
133,40,40,40,equilibrated_flux,1.0,100.0,1.0,True,1.0,103,921,0.00582355815161839,0.3118952258139298,3.037021276790172e-06,6.64568014136026e-05,1.8951604931485798e-14,1.6050757081279937e-13,0,0,0,0,0.0,0.0,0
134,20,20,20,baseline,1.0,100.0,0.4677734375,False,0.0,0,479,0.9688457964174981,0.31040468556008827,0.00026943463489558205,0.005255654746289592,2.0775285139200642e-14,1.7028208683409452e-13,0,0,0,0,0.0,0.0,0
134,20,20,20,equilibrated_flux,1.0,100.0,0.8642578125,False,0.42718446601941745,44,841,0.3007342747931868,0.31040468556008827,0.00026943463489558205,0.005255654746289592,2.0775285139200642e-14,1.7028208683409452e-13,0,0,0,0,0.0,0.0,0
134,40,40,40,baseline,1.0,100.0,0.9970703125,False,0.9805825242718447,101,920,0.012058355888773221,0.31243421033071167,2.119672778646125e-06,4.134683094467122e-05,2.0775285139200642e-14,1.7028208683409452e-13,0,0,0,0,0.0,0.0,0
134,40,40,40,equilibrated_flux,1.0,100.0,0.998046875,False,0.9902912621359223,102,920,0.0037674428999955483,0.31243421033071167,2.119672778646125e-06,4.134683094467122e-05,2.0775285139200642e-14,1.7028208683409452e-13,0,0,0,0,0.0,0.0,0
135,20,20,20,baseline,1.0,100.0,0.5634765625,False,0.0,0,577,0.6510430424480266,0.3294666426778935,0.0001504699235492241,0.0029764234930218392,2.7954259333093024e-14,1.5084698592912582e-13,0,0,0,0,0.0,0.0,0
135,20,20,20,equilibrated_flux,1.0,100.0,0.85546875,False,0.5339805825242718,55,821,0.21449696543415261,0.3294666426778935,0.0001504699235492241,0.0029764234930218392,2.7954259333093024e-14,1.5084698592912582e-13,0,0,0,0,0.0,0.0,0
135,40,40,40,baseline,1.0,100.0,0.9951171875,False,0.9805825242718447,101,918,0.008096226865935773,0.3173975516750199,1.480761569927079e-06,2.929072747788719e-05,2.7954259333093024e-14,1.5084698592912582e-13,0,0,0,0,0.0,0.0,0
135,40,40,40,equilibrated_flux,1.0,100.0,1.0,True,1.0,103,921,0.0025697225850535334,0.3173975516750199,1.480761569927079e-06,2.929072747788719e-05,2.7954259333093024e-14,1.5084698592912582e-13,0,0,0,0,0.0,0.0,0
136,20,20,20,baseline,1.0,100.0,0.4482421875,False,0.0,0,459,0.8183584615364198,0.3067241140991015,0.00021210366170009166,0.004659449650212262,3.340902496435223e-14,1.5103926483750397e-13,0,0,0,0,0.0,0.0,0
136,20,20,20,equilibrated_flux,1.0,100.0,0.833984375,False,0.34951456310679613,36,818,0.25101027413026195,0.3067241140991015,0.00021210366170009166,0.004659449650212262,3.340902496435223e-14,1.5103926483750397e-13,0,0,0,0,0.0,0.0,0
136,40,40,40,baseline,1.0,100.0,0.9892578125,False,0.9320388349514563,96,917,0.009029605982919603,0.33072464619880876,1.7751177573410668e-06,3.8995422083968636e-05,3.340902496435223e-14,1.5103926483750397e-13,0,0,0,0,0.0,0.0,0
136,40,40,40,equilibrated_flux,1.0,100.0,0.99609375,False,0.9805825242718447,101,919,0.0029863132440157325,0.33072464619880876,1.7751177573410668e-06,3.8995422083968636e-05,3.340902496435223e-14,1.5103926483750397e-13,0,0,0,0,0.0,0.0,0
137,20,20,20,baseline,1.0,100.0,0.64453125,False,0.0,0,660,0.5122184234362394,0.3252387712225027,0.00020618293568156154,0.0028847413362222065,4.2857110344849083e-14,1.7950375395261646e-13,0,0,0,0,0.0,0.0,0
137,20,20,20,equilibrated_flux,1.0,100.0,0.8671875,False,0.3300970873786408,34,854,0.1665932906359301,0.3252387712225027,0.00020618293568156154,0.0028847413362222065,4.2857110344849083e-14,1.7950375395261646e-13,0,0,0,0,0.0,0.0,0
137,40,40,40,baseline,1.0,100.0,0.9951171875,False,0.970873786407767,100,919,0.006214345863736219,0.31118480323721004,2.0524972542297135e-06,2.871684629080295e-05,4.2857110344849083e-14,1.7950375395261646e-13,0,0,0,0,0.0,0.0,0
137,40,40,40,equilibrated_flux,1.0,100.0,1.0,True,1.0,103,921,0.0019338099948547254,0.31118480323721004,2.0524972542297135e-06,2.871684629080295e-05,4.2857110344849083e-14,1.7950375395261646e-13,0,0,0,0,0.0,0.0,0
138,20,20,20,baseline,1.0,100.0,0.0947265625,False,0.0,0,97,0.9533322062590557,0.3162988646760876,0.0001877684223345221,0.006449059046801023,1.924250349377783e-14,1.4519743879915338e-13,0,0,0,0,0.0,0.0,0
138,20,20,20,equilibrated_flux,1.0,100.0,0.7666015625,False,0.32038834951456313,33,752,0.30153789449888907,0.3162988646760876,0.0001877684223345221,0.006449059046801023,1.924250349377783e-14,1.4519743879915338e-13,0,0,0,0,0.0,0.0,0
138,40,40,40,baseline,1.0,100.0,0.990234375,False,0.941747572815534,97,917,0.012097655734027407,0.325833542272914,1.6903182557032878e-06,5.8055354054711383e-05,1.924250349377783e-14,1.4519743879915338e-13,0,0,0,0,0.0,0.0,0
138,40,40,40,equilibrated_flux,1.0,100.0,0.9970703125,False,0.9805825242718447,101,920,0.00394182202101638,0.325833542272914,1.6903182557032878e-06,5.8055354054711383e-05,1.924250349377783e-14,1.4519743879915338e-13,0,0,0,0,0.0,0.0,0
139,20,20,20,baseline,1.0,100.0,0.0576171875,False,0.0,0,59,0.9190752431382917,0.3144605297926055,0.0002347042604385465,0.004985059406140493,6.351728906705352e-14,1.4631419668319238e-13,0,0,0,0,0.0,0.0,0
139,20,20,20,equilibrated_flux,1.0,100.0,0.7373046875,False,0.5048543689320388,52,703,0.289012887876535,0.3144605297926055,0.0002347042604385465,0.004985059406140493,6.351728906705352e-14,1.4631419668319238e-13,0,0,0,0,0.0,0.0,0
139,40,40,40,baseline,1.0,100.0,0.9951171875,False,0.970873786407767,100,919,0.012969933935202679,0.32662569183679646,2.8128703297904156e-06,5.974465767929471e-05,6.351728906705352e-14,1.4631419668319238e-13,0,0,0,0,0.0,0.0,0
139,40,40,40,equilibrated_flux,1.0,100.0,0.9970703125,False,0.9805825242718447,101,920,0.004236313644663118,0.32662569183679646,2.8128703297904156e-06,5.974465767929471e-05,6.351728906705352e-14,1.4631419668319238e-13,0,0,0,0,0.0,0.0,0
140,20,20,20,baseline,1.0,100.0,0.509765625,False,0.05825242718446602,6,516,0.6715288034370972,0.32989480797326265,0.00011484169841289214,0.0037631233966998537,4.0964249155222666e-14,1.4513707783482942e-13,0,0,0,0,0.0,0.0,0
140,20,20,20,equilibrated_flux,1.0,100.0,0.8486328125,False,0.3786407766990291,39,830,0.22153386565839603,0.32989480797326265,0.00011484169841289214,0.0037631233966998537,4.0964249155222666e-14,1.4513707783482942e-13,0,0,0,0,0.0,0.0,0
140,40,40,40,baseline,1.0,100.0,0.9951171875,False,0.9805825242718447,101,918,0.008775992673103538,0.32207369795830126,1.123917564431498e-06,3.682843898276107e-05,4.0964249155222666e-14,1.4513707783482942e-13,0,0,0,0,0.0,0.0,0
140,40,40,40,equilibrated_flux,1.0,100.0,1.0,True,1.0,103,921,0.002826516413481413,0.32207369795830126,1.123917564431498e-06,3.682843898276107e-05,4.0964249155222666e-14,1.4513707783482942e-13,0,0,0,0,0.0,0.0,0
141,20,20,20,baseline,1.0,100.0,0.37890625,False,0.0,0,388,0.7276864876740236,0.31229621181916006,0.00023444006029830973,0.0054076903170288786,4.689093221442362e-14,1.4951654883707247e-13,0,0,0,0,0.0,0.0,0
141,20,20,20,equilibrated_flux,1.0,100.0,0.7783203125,False,0.20388349514563106,21,776,0.22725373349258754,0.31229621181916006,0.00023444006029830973,0.0054076903170288786,4.689093221442362e-14,1.4951654883707247e-13,0,0,0,0,0.0,0.0,0
141,40,40,40,baseline,1.0,100.0,0.982421875,False,0.9320388349514563,96,910,0.00858323396864152,0.3301740614882576,1.8004356585872375e-06,4.152958528060846e-05,4.689093221442362e-14,1.4951654883707247e-13,0,0,0,0,0.0,0.0,0
141,40,40,40,equilibrated_flux,1.0,100.0,0.99609375,False,0.9902912621359223,102,918,0.0028339612201303474,0.3301740614882576,1.8004356585872375e-06,4.152958528060846e-05,4.689093221442362e-14,1.4951654883707247e-13,0,0,0,0,0.0,0.0,0
142,20,20,20,baseline,1.0,100.0,0.486328125,False,0.0,0,498,0.7199076607183346,0.3089426665995196,9.94312130769096e-05,0.003748314291871746,1.4436625176078646e-14,1.3633737400789167e-13,0,0,0,0,0.0,0.0,0
142,20,20,20,equilibrated_flux,1.0,100.0,0.8203125,False,0.23300970873786409,24,816,0.22241019240774448,0.3089426665995196,9.94312130769096e-05,0.003748314291871746,1.4436625176078646e-14,1.3633737400789167e-13,0,0,0,0,0.0,0.0,0
142,40,40,40,baseline,1.0,100.0,0.9931640625,False,0.970873786407767,100,917,0.009300793563272255,0.3452355184962803,1.1807209494252034e-06,4.451030086530513e-05,1.4436625176078646e-14,1.3633737400789167e-13,0,0,0,0,0.0,0.0,0
142,40,40,40,equilibrated_flux,1.0,100.0,0.9951171875,False,0.9805825242718447,101,918,0.0032109642882431643,0.3452355184962803,1.1807209494252034e-06,4.451030086530513e-05,1.4436625176078646e-14,1.3633737400789167e-13,0,0,0,0,0.0,0.0,0
143,20,20,20,baseline,1.0,100.0,0.8779296875,False,0.39805825242718446,41,858,0.47329450213397006,0.3346361115912325,0.00022285519778735292,0.0030759087132774736,1.7135222575503785e-14,2.713024921266052e-13,0,0,0,0,0.0,0.0,0
143,20,20,20,equilibrated_flux,1.0,100.0,0.962890625,False,0.8058252427184466,83,903,0.15838143183162007,0.3346361115912325,0.00022285519778735292,0.0030759087132774736,1.7135222575503785e-14,2.713024921266052e-13,0,0,0,0,0.0,0.0,0
143,40,40,40,baseline,1.0,100.0,0.998046875,False,0.9902912621359223,102,920,0.0058429935365570005,0.33344200646223615,1.6610048016651904e-06,2.292564496122478e-05,1.7135222575503785e-14,2.713024921266052e-13,0,0,0,0,0.0,0.0,0
143,40,40,40,equilibrated_flux,1.0,100.0,1.0,True,1.0,103,921,0.0019482994885754432,0.33344200646223615,1.6610048016651904e-06,2.292564496122478e-05,1.7135222575503785e-14,2.713024921266052e-13,0,0,0,0,0.0,0.0,0
144,20,20,20,baseline,1.0,100.0,0.6337890625,False,0.21359223300970873,22,627,0.7161882245154002,0.3339260966179373,0.0001556832990379441,0.004253102455292185,3.75676039585626e-14,1.6178144013304354e-13,0,0,0,0,0.0,0.0,0
144,20,20,20,equilibrated_flux,1.0,100.0,0.876953125,False,0.5145631067961165,53,845,0.2391539382561585,0.3339260966179373,0.0001556832990379441,0.004253102455292185,3.75676039585626e-14,1.6178144013304354e-13,0,0,0,0,0.0,0.0,0
144,40,40,40,baseline,1.0,100.0,0.9931640625,False,0.970873786407767,100,917,0.009280287421183564,0.3225934625406002,1.196664537420429e-06,3.269160477535359e-05,3.75676039585626e-14,1.6178144013304354e-13,0,0,0,0,0.0,0.0,0
144,40,40,40,equilibrated_flux,1.0,100.0,1.0,True,1.0,103,921,0.0029937600525715836,0.3225934625406002,1.196664537420429e-06,3.269160477535359e-05,3.75676039585626e-14,1.6178144013304354e-13,0,0,0,0,0.0,0.0,0
145,20,20,20,baseline,1.0,100.0,0.2685546875,False,0.0,0,275,0.9372328875174404,0.32938782693885893,0.00026254681590056364,0.006329741247698274,1.0487448574477964e-14,1.3958503110157285e-13,0,0,0,0,0.0,0.0,0
145,20,20,20,equilibrated_flux,1.0,100.0,0.8046875,False,0.20388349514563106,21,803,0.3087131041550017,0.32938782693885893,0.00026254681590056364,0.006329741247698274,1.0487448574477964e-14,1.3958503110157285e-13,0,0,0,0,0.0,0.0,0
145,40,40,40,baseline,1.0,100.0,0.986328125,False,0.9223300970873787,95,915,0.01315742255412699,0.3147602032744743,2.1041374682120194e-06,5.072865072730151e-05,1.0487448574477964e-14,1.3958503110157285e-13,0,0,0,0,0.0,0.0,0
145,40,40,40,equilibrated_flux,1.0,100.0,0.9921875,False,0.9611650485436893,99,917,0.004141432997705164,0.3147602032744743,2.1041374682120194e-06,5.072865072730151e-05,1.0487448574477964e-14,1.3958503110157285e-13,0,0,0,0,0.0,0.0,0
146,20,20,20,baseline,1.0,100.0,0.0,False,0.0,0,0,1.5121393057688612,0.3233882315674372,0.0003246039717758987,0.009439804685975517,4.240857396423673e-14,1.3470116376751314e-13,0,0,0,0,0.0,0.0,0
146,20,20,20,equilibrated_flux,1.0,100.0,0.7138671875,False,0.1553398058252427,16,715,0.48900805597620417,0.3233882315674372,0.0003246039717758987,0.009439804685975517,4.240857396423673e-14,1.3470116376751314e-13,0,0,0,0,0.0,0.0,0
146,40,40,40,baseline,1.0,100.0,0.9853515625,False,0.9320388349514563,96,913,0.022538921490650097,0.34114444642403413,4.029382789128534e-06,0.00011717843847167713,4.240857396423673e-14,1.3470116376751314e-13,0,0,0,0,0.0,0.0,0
146,40,40,40,equilibrated_flux,1.0,100.0,0.9931640625,False,0.970873786407767,100,917,0.007689027894922594,0.34114444642403413,4.029382789128534e-06,0.00011717843847167713,4.240857396423673e-14,1.3470116376751314e-13,0,0,0,0,0.0,0.0,0
147,20,20,20,baseline,1.0,100.0,0.1044921875,False,0.0,0,107,0.9631463234447738,0.3130344873010809,0.0002143032748473466,0.00504419806206855,3.2969337086506395e-14,1.4463664853429605e-13,0,0,0,0,0.0,0.0,0
147,20,20,20,equilibrated_flux,1.0,100.0,0.814453125,False,0.4854368932038835,50,784,0.3014980155554558,0.3130344873010809,0.0002143032748473466,0.00504419806206855,3.2969337086506395e-14,1.4463664853429605e-13,0,0,0,0,0.0,0.0,0
147,40,40,40,baseline,1.0,100.0,0.994140625,False,0.9805825242718447,101,917,0.013870071973831066,0.3312918587092967,2.379987357308007e-06,5.601933812738074e-05,3.2969337086506395e-14,1.4463664853429605e-13,0,0,0,0,0.0,0.0,0
147,40,40,40,equilibrated_flux,1.0,100.0,0.9970703125,False,0.9902912621359223,102,919,0.004595041924642218,0.3312918587092967,2.379987357308007e-06,5.601933812738074e-05,3.2969337086506395e-14,1.4463664853429605e-13,0,0,0,0,0.0,0.0,0
148,20,20,20,baseline,1.0,100.0,0.0185546875,False,0.0,0,19,1.2252769543476816,0.3174237844977218,0.00024380598527350768,0.006309965314586656,3.141539996896743e-14,1.5188782022638537e-13,0,0,0,0,0.0,0.0,0
148,20,20,20,equilibrated_flux,1.0,100.0,0.7587890625,False,0.2815533980582524,29,748,0.38893204790688335,0.3174237844977218,0.00024380598527350768,0.006309965314586656,3.141539996896743e-14,1.5188782022638537e-13,0,0,0,0,0.0,0.0,0
148,40,40,40,baseline,1.0,100.0,0.986328125,False,0.9223300970873787,95,915,0.016352527733948144,0.33212892472248795,2.6795207488057873e-06,6.934892498928336e-05,3.141539996896743e-14,1.5188782022638537e-13,0,0,0,0,0.0,0.0,0
148,40,40,40,equilibrated_flux,1.0,100.0,0.99609375,False,0.9902912621359223,102,918,0.005431147452770859,0.33212892472248795,2.6795207488057873e-06,6.934892498928336e-05,3.141539996896743e-14,1.5188782022638537e-13,0,0,0,0,0.0,0.0,0
149,20,20,20,baseline,1.0,100.0,0.5966796875,False,0.019417475728155338,2,609,0.6681112226634728,0.31994978225468046,0.00013300483979237677,0.003865186278204742,2.4681591418483468e-14,1.2551097022618215e-13,0,0,0,0,0.0,0.0,0
149,20,20,20,equilibrated_flux,1.0,100.0,0.90625,False,0.5631067961165048,58,870,0.21376204021308645,0.31994978225468046,0.00013300483979237677,0.003865186278204742,2.4681591418483468e-14,1.2551097022618215e-13,0,0,0,0,0.0,0.0,0
149,40,40,40,baseline,1.0,100.0,0.99609375,False,0.9805825242718447,101,919,0.008412901625494101,0.30080111006525645,1.0127275460960949e-06,2.9430362239819525e-05,2.4681591418483468e-14,1.2551097022618215e-13,0,0,0,0,0.0,0.0,0
149,40,40,40,equilibrated_flux,1.0,100.0,0.998046875,False,0.9902912621359223,102,920,0.002530610147818426,0.30080111006525645,1.0127275460960949e-06,2.9430362239819525e-05,2.4681591418483468e-14,1.2551097022618215e-13,0,0,0,0,0.0,0.0,0
150,20,20,20,baseline,1.0,100.0,0.298828125,False,0.0,0,306,0.8116728712890663,0.3187889193262019,0.0003595784152241839,0.006298672286267766,1.2497645064065668e-14,1.4309980673860005e-13,0,0,0,0,0.0,0.0,0
150,20,20,20,equilibrated_flux,1.0,100.0,0.7890625,False,0.2621359223300971,27,781,0.2587523174846368,0.3187889193262019,0.0003595784152241839,0.006298672286267766,1.2497645064065668e-14,1.4309980673860005e-13,0,0,0,0,0.0,0.0,0
150,40,40,40,baseline,1.0,100.0,0.9951171875,False,0.9805825242718447,101,918,0.011434904434838087,0.3235310539959054,2.9474270901261352e-06,5.162956546424312e-05,1.2497645064065668e-14,1.4309980673860005e-13,0,0,0,0,0.0,0.0,0
150,40,40,40,equilibrated_flux,1.0,100.0,1.0,True,1.0,103,921,0.0036995466841456192,0.3235310539959054,2.9474270901261352e-06,5.162956546424312e-05,1.2497645064065668e-14,1.4309980673860005e-13,0,0,0,0,0.0,0.0,0
151,20,20,20,baseline,1.0,100.0,0.5400390625,False,0.0,0,553,0.5318754034194532,0.32232894412599555,0.00013986894718443884,0.0025591657430123604,4.163854442303642e-14,1.6361162790553483e-13,0,0,0,0,0.0,0.0,0
151,20,20,20,equilibrated_flux,1.0,100.0,0.8447265625,False,0.4563106796116505,47,818,0.17143883719078026,0.32232894412599555,0.00013986894718443884,0.0025591657430123604,4.163854442303642e-14,1.6361162790553483e-13,0,0,0,0,0.0,0.0,0
151,40,40,40,baseline,1.0,100.0,0.990234375,False,0.9223300970873787,95,919,0.005809735733276603,0.3304773915414163,1.296865485418973e-06,2.372859587769743e-05,4.163854442303642e-14,1.6361162790553483e-13,0,0,0,0,0.0,0.0,0
151,40,40,40,equilibrated_flux,1.0,100.0,0.998046875,False,0.9902912621359223,102,920,0.0019199863106782093,0.3304773915414163,1.296865485418973e-06,2.372859587769743e-05,4.163854442303642e-14,1.6361162790553483e-13,0,0,0,0,0.0,0.0,0
152,20,20,20,baseline,1.0,100.0,0.0,False,0.0,0,0,1.5388466162000392,0.31793676174950136,0.0003580954872157743,0.011387265771819904,1.8388790777407978e-14,1.461608417976117e-13,0,0,0,0,0.0,0.0,0
152,20,20,20,equilibrated_flux,1.0,100.0,0.67578125,False,0.1941747572815534,20,672,0.48925590998381824,0.31793676174950136,0.0003580954872157743,0.011387265771819904,1.8388790777407978e-14,1.461608417976117e-13,0,0,0,0,0.0,0.0,0
152,40,40,40,baseline,1.0,100.0,0.9892578125,False,0.941747572815534,97,916,0.021141345769501108,0.33319751646410556,3.2881402175390768e-06,0.00010456129130045235,1.8388790777407978e-14,1.461608417976117e-13,0,0,0,0,0.0,0.0,0
152,40,40,40,equilibrated_flux,1.0,100.0,0.998046875,False,0.9902912621359223,102,920,0.007044243905106692,0.33319751646410556,3.2881402175390768e-06,0.00010456129130045235,1.8388790777407978e-14,1.461608417976117e-13,0,0,0,0,0.0,0.0,0
153,20,20,20,baseline,1.0,100.0,0.3984375,False,0.0,0,408,0.8533848140052976,0.3178083239168989,0.00027628085454651163,0.0064768756064156555,1.2468970900942869e-14,1.6731722806172584e-13,0,0,0,0,0.0,0.0,0
153,20,20,20,equilibrated_flux,1.0,100.0,0.791015625,False,0.2524271844660194,26,784,0.27121279739515813,0.3178083239168989,0.00027628085454651163,0.0064768756064156555,1.2468970900942869e-14,1.6731722806172584e-13,0,0,0,0,0.0,0.0,0
153,40,40,40,baseline,1.0,100.0,0.9873046875,False,0.941747572815534,97,914,0.010620370708899329,0.32514269276063074,2.095044936192056e-06,4.911431689268625e-05,1.2468970900942869e-14,1.6731722806172584e-13,0,0,0,0,0.0,0.0,0
153,40,40,40,equilibrated_flux,1.0,100.0,0.994140625,False,0.9805825242718447,101,917,0.0034531359304076554,0.32514269276063074,2.095044936192056e-06,4.911431689268625e-05,1.2468970900942869e-14,1.6731722806172584e-13,0,0,0,0,0.0,0.0,0
154,20,20,20,baseline,1.0,100.0,0.0,False,0.0,0,0,1.5496382664112713,0.33199465317746474,0.00019486402975605856,0.009998047802499124,2.0980259835245668e-14,1.2412538021767742e-13,0,0,0,0,0.0,0.0,0
154,20,20,20,equilibrated_flux,1.0,100.0,0.6728515625,False,0.1650485436893204,17,672,0.5144716188077377,0.33199465317746474,0.00019486402975605856,0.009998047802499124,2.0980259835245668e-14,1.2412538021767742e-13,0,0,0,0,0.0,0.0,0
154,40,40,40,baseline,1.0,100.0,0.982421875,False,0.9320388349514563,96,910,0.019534667457290954,0.34966924417728024,1.8443838212103902e-06,9.463130590963395e-05,2.0980259835245668e-14,1.2412538021767742e-13,0,0,0,0,0.0,0.0,0
154,40,40,40,equilibrated_flux,1.0,100.0,0.9970703125,False,0.9902912621359223,102,919,0.006830672405045441,0.34966924417728024,1.8443838212103902e-06,9.463130590963395e-05,2.0980259835245668e-14,1.2412538021767742e-13,0,0,0,0,0.0,0.0,0
155,20,20,20,baseline,1.0,100.0,0.2431640625,False,0.02912621359223301,3,246,0.8437096398585393,0.3160598903571177,0.000235542986807594,0.005369398646564588,3.3553432069312147e-14,1.3651288088816406e-13,0,0,0,0,0.0,0.0,0
155,20,20,20,equilibrated_flux,1.0,100.0,0.8779296875,False,0.5436893203883495,56,843,0.2666627762669332,0.3160598903571177,0.000235542986807594,0.005369398646564588,3.3553432069312147e-14,1.3651288088816406e-13,0,0,0,0,0.0,0.0,0
155,40,40,40,baseline,1.0,100.0,0.9912109375,False,0.9805825242718447,101,914,0.01108143193839519,0.3365066380760181,2.1002609032220816e-06,4.7877197296544244e-05,3.3553432069312147e-14,1.3651288088816406e-13,0,0,0,0,0.0,0.0,0
155,40,40,40,equilibrated_flux,1.0,100.0,0.99609375,False,0.9902912621359223,102,918,0.003728975406657578,0.3365066380760181,2.1002609032220816e-06,4.7877197296544244e-05,3.3553432069312147e-14,1.3651288088816406e-13,0,0,0,0,0.0,0.0,0
156,20,20,20,baseline,1.0,100.0,0.2021484375,False,0.0,0,207,0.9599708948077841,0.3165809039833467,0.00030869191293835755,0.006800940732035877,2.5981833935398658e-14,1.5527652246303752e-13,0,0,0,0,0.0,0.0,0
156,20,20,20,equilibrated_flux,1.0,100.0,0.833984375,False,0.36893203883495146,38,816,0.30390845367595043,0.3165809039833467,0.00030869191293835755,0.006800940732035877,2.5981833935398658e-14,1.5527652246303752e-13,0,0,0,0,0.0,0.0,0
156,40,40,40,baseline,1.0,100.0,0.9951171875,False,0.970873786407767,100,919,0.013407673376794311,0.3386414605730668,2.9316234379201503e-06,6.458801288363585e-05,2.5981833935398658e-14,1.5527652246303752e-13,0,0,0,0,0.0,0.0,0
156,40,40,40,equilibrated_flux,1.0,100.0,1.0,True,1.0,103,921,0.004540394095204249,0.3386414605730668,2.9316234379201503e-06,6.458801288363585e-05,2.5981833935398658e-14,1.5527652246303752e-13,0,0,0,0,0.0,0.0,0
157,20,20,20,baseline,1.0,100.0,0.5966796875,False,0.0,0,611,0.5399792034550465,0.31271249593017264,0.00014403107778623026,0.0032613732527278917,3.182095234340917e-14,1.4529781969035183e-13,0,0,0,0,0.0,0.0,0
157,20,20,20,equilibrated_flux,1.0,100.0,0.8779296875,False,0.5242718446601942,54,845,0.16885824446281406,0.31271249593017264,0.00014403107778623026,0.0032613732527278917,3.182095234340917e-14,1.4529781969035183e-13,0,0,0,0,0.0,0.0,0
157,40,40,40,baseline,1.0,100.0,0.9892578125,False,0.9611650485436893,99,914,0.006774782304489116,0.3469159909383332,1.4014396401953316e-06,3.173355242553821e-05,3.182095234340917e-14,1.4529781969035183e-13,0,0,0,0,0.0,0.0,0
157,40,40,40,equilibrated_flux,1.0,100.0,0.998046875,False,0.9902912621359223,102,920,0.002350280316553327,0.3469159909383332,1.4014396401953316e-06,3.173355242553821e-05,3.182095234340917e-14,1.4529781969035183e-13,0,0,0,0,0.0,0.0,0
158,20,20,20,baseline,1.0,100.0,0.3984375,False,0.0,0,408,0.9352751715581507,0.3380280536866017,0.0002868043595296654,0.007109340677143227,3.141371641510475e-14,1.5488730229440903e-13,0,0,0,0,0.0,0.0,0
158,20,20,20,equilibrated_flux,1.0,100.0,0.8037109375,False,0.13592233009708737,14,809,0.31614924590320426,0.3380280536866017,0.0002868043595296654,0.007109340677143227,3.141371641510475e-14,1.5488730229440903e-13,0,0,0,0,0.0,0.0,0
158,40,40,40,baseline,1.0,100.0,0.9951171875,False,0.9902912621359223,102,917,0.011213288324997003,0.33826818807243286,2.2319753924623843e-06,5.532647228238277e-05,3.141371641510475e-14,1.5488730229440903e-13,0,0,0,0,0.0,0.0,0
158,40,40,40,equilibrated_flux,1.0,100.0,0.9951171875,False,0.9902912621359223,102,917,0.0037930987240305026,0.33826818807243286,2.2319753924623843e-06,5.532647228238277e-05,3.141371641510475e-14,1.5488730229440903e-13,0,0,0,0,0.0,0.0,0
159,20,20,20,baseline,1.0,100.0,0.2373046875,False,0.0,0,243,0.9030827128247901,0.31441421118481006,0.000199250154425857,0.004314446609494936,3.548727602456633e-14,1.2484090266021314e-13,0,0,0,0,0.0,0.0,0
159,20,20,20,equilibrated_flux,1.0,100.0,0.7724609375,False,0.2912621359223301,30,761,0.28394203878744473,0.31441421118481006,0.000199250154425857,0.004314446609494936,3.548727602456633e-14,1.2484090266021314e-13,0,0,0,0,0.0,0.0,0
159,40,40,40,baseline,1.0,100.0,0.9853515625,False,0.9514563106796117,98,911,0.012021810988016489,0.3336665752831597,2.2434733436132427e-06,4.8578863031369176e-05,3.548727602456633e-14,1.2484090266021314e-13,0,0,0,0,0.0,0.0,0
159,40,40,40,equilibrated_flux,1.0,100.0,0.99609375,False,0.9805825242718447,101,919,0.0040112765010729195,0.3336665752831597,2.2434733436132427e-06,4.8578863031369176e-05,3.548727602456633e-14,1.2484090266021314e-13,0,0,0,0,0.0,0.0,0
160,20,20,20,baseline,1.0,100.0,0.232421875,False,0.038834951456310676,4,234,1.011400659492513,0.3300922153011322,0.00028629268033732755,0.006799363277044973,2.8664495836471955e-14,1.4677540638813775e-13,0,0,0,0,0.0,0.0,0
160,20,20,20,equilibrated_flux,1.0,100.0,0.875,False,0.6407766990291263,66,830,0.33385548424890965,0.3300922153011322,0.00028629268033732755,0.006799363277044973,2.8664495836471955e-14,1.4677540638813775e-13,0,0,0,0,0.0,0.0,0
160,40,40,40,baseline,1.0,100.0,0.998046875,False,0.9902912621359223,102,920,0.016041028026894014,0.3252096251555315,2.8551047766714307e-06,6.780786203725546e-05,2.8664495836471955e-14,1.4677540638813775e-13,0,0,0,0,0.0,0.0,0
160,40,40,40,equilibrated_flux,1.0,100.0,1.0,True,1.0,103,921,0.005216696711735578,0.3252096251555315,2.8551047766714307e-06,6.780786203725546e-05,2.8664495836471955e-14,1.4677540638813775e-13,0,0,0,0,0.0,0.0,0
161,20,20,20,baseline,1.0,100.0,0.0,False,0.0,0,0,1.7910908256716065,0.3170946448499282,0.0003423243986059339,0.012358705668596275,2.6211215024448246e-14,1.4994070335682917e-13,0,0,0,0,0.0,0.0,0
161,20,20,20,equilibrated_flux,1.0,100.0,0.6474609375,False,0.18446601941747573,19,644,0.5679453092603028,0.3170946448499282,0.0003423243986059339,0.012358705668596275,2.6211215024448246e-14,1.4994070335682917e-13,0,0,0,0,0.0,0.0,0
161,40,40,40,baseline,1.0,100.0,0.9921875,False,0.9611650485436893,99,917,0.02518541265676057,0.3237934890897058,3.1718622383546244e-06,0.00011451159188412166,2.6211215024448246e-14,1.4994070335682917e-13,0,0,0,0,0.0,0.0,0
161,40,40,40,equilibrated_flux,1.0,100.0,0.9970703125,False,0.9805825242718447,101,920,0.008154872638296541,0.3237934890897058,3.1718622383546244e-06,0.00011451159188412166,2.6211215024448246e-14,1.4994070335682917e-13,0,0,0,0,0.0,0.0,0
162,20,20,20,baseline,1.0,100.0,0.685546875,False,0.34951456310679613,36,666,0.8394704551473541,0.3150788067296832,0.00011540978228132654,0.004548975835112737,3.132650784295877e-14,1.4661203762792634e-13,0,0,0,0,0.0,0.0,0
162,20,20,20,equilibrated_flux,1.0,100.0,0.9482421875,False,0.7572815533980582,78,893,0.26449934929265234,0.3150788067296832,0.00011540978228132654,0.004548975835112737,3.132650784295877e-14,1.4661203762792634e-13,0,0,0,0,0.0,0.0,0
162,40,40,40,baseline,1.0,100.0,0.998046875,False,0.9902912621359223,102,920,0.010044807679126045,0.33856169506846406,9.10988796401741e-07,3.590740697167758e-05,3.132650784295877e-14,1.4661203762792634e-13,0,0,0,0,0.0,0.0,0
162,40,40,40,equilibrated_flux,1.0,100.0,1.0,True,1.0,103,921,0.0034007871144816387,0.33856169506846406,9.10988796401741e-07,3.590740697167758e-05,3.132650784295877e-14,1.4661203762792634e-13,0,0,0,0,0.0,0.0,0
163,20,20,20,baseline,1.0,100.0,0.0166015625,False,0.0,0,17,1.2693992284700877,0.3218711143381799,0.00017979602263617654,0.006369268968665134,4.839544909264093e-14,1.2531955729511434e-13,0,0,0,0,0.0,0.0,0
163,20,20,20,equilibrated_flux,1.0,100.0,0.724609375,False,0.11650485436893204,12,730,0.40858294420769303,0.3218711143381799,0.00017979602263617654,0.006369268968665134,4.839544909264093e-14,1.2531955729511434e-13,0,0,0,0,0.0,0.0,0
163,40,40,40,baseline,1.0,100.0,0.9833984375,False,0.912621359223301,94,913,0.01867517841142671,0.32643895604498196,2.257067170767302e-06,7.995654008472588e-05,4.839544909264093e-14,1.2531955729511434e-13,0,0,0,0,0.0,0.0,0
163,40,40,40,equilibrated_flux,1.0,100.0,0.994140625,False,0.9611650485436893,99,919,0.0060963057445799175,0.32643895604498196,2.257067170767302e-06,7.995654008472588e-05,4.839544909264093e-14,1.2531955729511434e-13,0,0,0,0,0.0,0.0,0
164,20,20,20,baseline,1.0,100.0,0.615234375,False,0.05825242718446602,6,624,0.7052281271616975,0.3040461004009055,0.00015460057907477616,0.003934997350591993,6.531405863794986e-14,1.6077486292778678e-13,0,0,0,0,0.0,0.0,0
164,20,20,20,equilibrated_flux,1.0,100.0,0.888671875,False,0.49514563106796117,51,859,0.214421861956548,0.3040461004009055,0.00015460057907477616,0.003934997350591993,6.531405863794986e-14,1.6077486292778678e-13,0,0,0,0,0.0,0.0,0
164,40,40,40,baseline,1.0,100.0,0.9931640625,False,0.9611650485436893,99,918,0.010580717992347223,0.33744936573018974,2.110023833306782e-06,5.370573799547666e-05,6.531405863794986e-14,1.6077486292778678e-13,0,0,0,0,0.0,0.0,0
164,40,40,40,equilibrated_flux,1.0,100.0,0.998046875,False,0.9902912621359223,102,920,0.0035704565754875774,0.33744936573018974,2.110023833306782e-06,5.370573799547666e-05,6.531405863794986e-14,1.6077486292778678e-13,0,0,0,0,0.0,0.0,0
165,20,20,20,baseline,1.0,100.0,0.0,False,0.0,0,0,1.6500545764185306,0.3189971261050796,0.0002586868286855047,0.007927781601680832,4.8167652081776645e-14,1.385567154595366e-13,0,0,0,0,0.0,0.0,0
165,20,20,20,equilibrated_flux,1.0,100.0,0.642578125,False,0.0970873786407767,10,648,0.5263626677940458,0.3189971261050796,0.0002586868286855047,0.007927781601680832,4.8167652081776645e-14,1.385567154595366e-13,0,0,0,0,0.0,0.0,0
165,40,40,40,baseline,1.0,100.0,0.986328125,False,0.9320388349514563,96,914,0.027471221765254003,0.31179633410471946,3.987156303968491e-06,0.00012219139470779418,4.8167652081776645e-14,1.385567154595366e-13,0,0,0,0,0.0,0.0,0
165,40,40,40,equilibrated_flux,1.0,100.0,0.99609375,False,0.9902912621359223,102,918,0.008565426239783978,0.31179633410471946,3.987156303968491e-06,0.00012219139470779418,4.8167652081776645e-14,1.385567154595366e-13,0,0,0,0,0.0,0.0,0
166,20,20,20,baseline,1.0,100.0,0.40234375,False,0.0,0,412,1.1005561636348697,0.3213143192549105,0.0003904087104091465,0.007905346379813997,1.4304481709899384e-14,2.4593311034183794e-13,0,0,0,0,0.0,0.0,0
166,20,20,20,equilibrated_flux,1.0,100.0,0.8388671875,False,0.17475728155339806,18,841,0.353624454520134,0.3213143192549105,0.0003904087104091465,0.007905346379813997,1.4304481709899384e-14,2.4593311034183794e-13,0,0,0,0,0.0,0.0,0
166,40,40,40,baseline,1.0,100.0,0.9912109375,False,0.9611650485436893,99,916,0.014471293041163347,0.3452201369119547,3.5786854433348054e-06,7.246443857337761e-05,1.4304481709899384e-14,2.4593311034183794e-13,0,0,0,0,0.0,0.0,0
166,40,40,40,equilibrated_flux,1.0,100.0,0.9970703125,False,0.9805825242718447,101,920,0.004995781764963428,0.3452201369119547,3.5786854433348054e-06,7.246443857337761e-05,1.4304481709899384e-14,2.4593311034183794e-13,0,0,0,0,0.0,0.0,0
167,20,20,20,baseline,1.0,100.0,0.4794921875,False,0.0,0,491,0.9615989335235922,0.3161892172311894,0.00020149390363537986,0.00569150693647138,4.792229178512617e-14,1.3724082382044668e-13,0,0,0,0,0.0,0.0,0
167,20,20,20,equilibrated_flux,1.0,100.0,0.8203125,False,0.17475728155339806,18,822,0.30404721408117125,0.3161892172311894,0.00020149390363537986,0.00569150693647138,4.792229178512617e-14,1.3724082382044668e-13,0,0,0,0,0.0,0.0,0
167,40,40,40,baseline,1.0,100.0,0.990234375,False,0.9320388349514563,96,918,0.014852763470719135,0.3220576379156015,2.413054375088538e-06,6.816045282811824e-05,4.792229178512617e-14,1.3724082382044668e-13,0,0,0,0,0.0,0.0,0
167,40,40,40,equilibrated_flux,1.0,100.0,0.9951171875,False,0.970873786407767,100,919,0.0047834459198989356,0.3220576379156015,2.413054375088538e-06,6.816045282811824e-05,4.792229178512617e-14,1.3724082382044668e-13,0,0,0,0,0.0,0.0,0
168,20,20,20,baseline,1.0,100.0,0.0,False,0.0,0,0,1.4012498793971784,0.3301456105406478,0.00024004112219034335,0.009305411555240924,1.1952755012129945e-14,1.1952433183093565e-13,0,0,0,0,0.0,0.0,0
168,20,20,20,equilibrated_flux,1.0,100.0,0.541015625,False,0.05825242718446602,6,548,0.46261649695359053,0.3301456105406478,0.00024004112219034335,0.009305411555240924,1.1952755012129945e-14,1.1952433183093565e-13,0,0,0,0,0.0,0.0,0
168,40,40,40,baseline,1.0,100.0,0.978515625,False,0.8737864077669902,90,912,0.019513530354860347,0.3164678337454912,2.056832556677598e-06,7.97349773466793e-05,1.1952755012129945e-14,1.1952433183093565e-13,0,0,0,0,0.0,0.0,0
168,40,40,40,equilibrated_flux,1.0,100.0,0.998046875,False,0.9902912621359223,102,920,0.006175404680129541,0.3164678337454912,2.056832556677598e-06,7.97349773466793e-05,1.1952755012129945e-14,1.1952433183093565e-13,0,0,0,0,0.0,0.0,0
169,20,20,20,baseline,1.0,100.0,0.34765625,False,0.0,0,356,0.9415611518150961,0.3060865669601229,0.0001579539138453193,0.003848916975407986,3.962416673074413e-14,1.4986989083496234e-13,0,0,0,0,0.0,0.0,0
169,20,20,20,equilibrated_flux,1.0,100.0,0.87109375,False,0.49514563106796117,51,841,0.2881992205421019,0.3060865669601229,0.0001579539138453193,0.003848916975407986,3.962416673074413e-14,1.4986989083496234e-13,0,0,0,0,0.0,0.0,0
169,40,40,40,baseline,1.0,100.0,0.9931640625,False,0.970873786407767,100,917,0.014326111590327803,0.3298253337102031,2.329509974473124e-06,5.6763965303892014e-05,3.962416673074413e-14,1.4986989083496234e-13,0,0,0,0,0.0,0.0,0
169,40,40,40,equilibrated_flux,1.0,100.0,0.998046875,False,0.9902912621359223,102,920,0.004725114536049476,0.3298253337102031,2.329509974473124e-06,5.6763965303892014e-05,3.962416673074413e-14,1.4986989083496234e-13,0,0,0,0,0.0,0.0,0
170,20,20,20,baseline,1.0,100.0,0.0595703125,False,0.0,0,61,1.0930337588045926,0.31266226460666124,0.0001497871534693114,0.006549891248882068,3.30113886813796e-14,1.2787560724702743e-13,0,0,0,0,0.0,0.0,0
170,20,20,20,equilibrated_flux,1.0,100.0,0.7724609375,False,0.17475728155339806,18,773,0.34175041031937503,0.31266226460666124,0.0001497871534693114,0.006549891248882068,3.30113886813796e-14,1.2787560724702743e-13,0,0,0,0,0.0,0.0,0
170,40,40,40,baseline,1.0,100.0,0.9833984375,False,0.941747572815534,97,910,0.014669370211605507,0.32674650395374427,1.5720261444316714e-06,6.874154457130321e-05,3.30113886813796e-14,1.2787560724702743e-13,0,0,0,0,0.0,0.0,0
170,40,40,40,equilibrated_flux,1.0,100.0,0.9931640625,False,0.9611650485436893,99,918,0.004793165431845298,0.32674650395374427,1.5720261444316714e-06,6.874154457130321e-05,3.30113886813796e-14,1.2787560724702743e-13,0,0,0,0,0.0,0.0,0
171,20,20,20,baseline,1.0,100.0,0.2509765625,False,0.0,0,257,0.9604325342654474,0.33264298773994994,0.0002977755335659992,0.006667612687922002,3.7104052828420415e-14,1.3584423145545772e-13,0,0,0,0,0.0,0.0,0
171,20,20,20,equilibrated_flux,1.0,100.0,0.830078125,False,0.20388349514563106,21,829,0.3194811477207103,0.33264298773994994,0.0002977755335659992,0.006667612687922002,3.7104052828420415e-14,1.3584423145545772e-13,0,0,0,0,0.0,0.0,0
171,40,40,40,baseline,1.0,100.0,0.990234375,False,0.970873786407767,100,914,0.01643455179545362,0.3103841386765375,3.1005061122832164e-06,6.942468928081068e-05,3.7104052828420415e-14,1.3584423145545772e-13,0,0,0,0,0.0,0.0,0
171,40,40,40,equilibrated_flux,1.0,100.0,0.998046875,False,0.9902912621359223,102,920,0.005101024203566815,0.3103841386765375,3.1005061122832164e-06,6.942468928081068e-05,3.7104052828420415e-14,1.3584423145545772e-13,0,0,0,0,0.0,0.0,0
172,20,20,20,baseline,1.0,100.0,0.421875,False,0.06796116504854369,7,425,0.8446451673950234,0.3206515944928273,0.00020179601065394205,0.005359248365194285,4.1254210286308123e-14,1.4345806157757073e-13,0,0,0,0,0.0,0.0,0
172,20,20,20,equilibrated_flux,1.0,100.0,0.8974609375,False,0.6310679611650486,65,854,0.27083681970587525,0.3206515944928273,0.00020179601065394205,0.005359248365194285,4.1254210286308123e-14,1.4345806157757073e-13,0,0,0,0,0.0,0.0,0
172,40,40,40,baseline,1.0,100.0,0.9951171875,False,0.9805825242718447,101,918,0.012060979075551054,0.3265728045010537,1.901539389649221e-06,5.050061114837291e-05,4.1254210286308123e-14,1.4345806157757073e-13,0,0,0,0,0.0,0.0,0
172,40,40,40,equilibrated_flux,1.0,100.0,1.0,True,1.0,103,921,0.0039387877617312345,0.3265728045010537,1.901539389649221e-06,5.050061114837291e-05,4.1254210286308123e-14,1.4345806157757073e-13,0,0,0,0,0.0,0.0,0
173,20,20,20,baseline,1.0,100.0,0.5693359375,False,0.0,0,583,0.6111281398690813,0.3114748338301573,0.0002128586392082309,0.0031063707431426093,1.754988799044583e-14,1.4101989364641272e-13,0,0,0,0,0.0,0.0,0
173,20,20,20,equilibrated_flux,1.0,100.0,0.8330078125,False,0.2621359223300971,27,826,0.19035103581465523,0.3114748338301573,0.0002128586392082309,0.0031063707431426093,1.754988799044583e-14,1.4101989364641272e-13,0,0,0,0,0.0,0.0,0
173,40,40,40,baseline,1.0,100.0,0.9912109375,False,0.9611650485436893,99,916,0.00848379841834997,0.314521432123526,2.175499938412487e-06,3.17483442792689e-05,1.754988799044583e-14,1.4101989364641272e-13,0,0,0,0,0.0,0.0,0
173,40,40,40,equilibrated_flux,1.0,100.0,0.9970703125,False,0.9805825242718447,101,920,0.002668336428386737,0.314521432123526,2.175499938412487e-06,3.17483442792689e-05,1.754988799044583e-14,1.4101989364641272e-13,0,0,0,0,0.0,0.0,0
174,20,20,20,baseline,1.0,100.0,0.0,False,0.0,0,0,1.498282346333047,0.34577096034418797,0.00027943757726918395,0.011697953722088612,1.5883161379382618e-14,1.3885468382128602e-13,0,0,0,0,0.0,0.0,0
174,20,20,20,equilibrated_flux,1.0,100.0,0.662109375,False,0.10679611650485436,11,667,0.518062525758321,0.34577096034418797,0.00027943757726918395,0.011697953722088612,1.5883161379382618e-14,1.3885468382128602e-13,0,0,0,0,0.0,0.0,0
174,40,40,40,baseline,1.0,100.0,0.982421875,False,0.912621359223301,94,912,0.019490698864470773,0.34068241210120165,2.2971617087070847e-06,9.616491677044661e-05,1.5883161379382618e-14,1.3885468382128602e-13,0,0,0,0,0.0,0.0,0
174,40,40,40,equilibrated_flux,1.0,100.0,0.9951171875,False,0.9902912621359223,102,917,0.0066401383026860545,0.34068241210120165,2.2971617087070847e-06,9.616491677044661e-05,1.5883161379382618e-14,1.3885468382128602e-13,0,0,0,0,0.0,0.0,0
175,20,20,20,baseline,1.0,100.0,0.0009765625,False,0.009708737864077669,1,0,1.3448010922248732,0.3373631051963294,0.000308967615662371,0.009082188941352213,4.060458292888984e-14,1.6514101563352174e-13,0,0,0,0,0.0,0.0,0
175,20,20,20,equilibrated_flux,1.0,100.0,0.6357421875,False,0.39805825242718446,41,610,0.45368627234439857,0.3373631051963294,0.000308967615662371,0.009082188941352213,4.060458292888984e-14,1.6514101563352174e-13,0,0,0,0,0.0,0.0,0
175,40,40,40,baseline,1.0,100.0,0.9921875,False,0.941747572815534,97,919,0.018100383726233484,0.341260065916204,2.9513506317888528e-06,8.6755772162862e-05,4.060458292888984e-14,1.6514101563352174e-13,0,0,0,0,0.0,0.0,0
175,40,40,40,equilibrated_flux,1.0,100.0,0.9970703125,False,0.9805825242718447,101,920,0.006176938143523025,0.341260065916204,2.9513506317888528e-06,8.6755772162862e-05,4.060458292888984e-14,1.6514101563352174e-13,0,0,0,0,0.0,0.0,0
176,20,20,20,baseline,1.0,100.0,0.734375,False,0.23300970873786409,24,728,0.5311105998558956,0.3293583812585795,0.00022547543115345207,0.0031431365901794573,6.453725286509309e-14,2.9571005140619925e-13,0,0,0,0,0.0,0.0,0
176,20,20,20,equilibrated_flux,1.0,100.0,0.91796875,False,0.6796116504854369,70,870,0.1749257274378109,0.3293583812585795,0.00022547543115345207,0.0031431365901794573,6.453725286509309e-14,2.9571005140619925e-13,0,0,0,0,0.0,0.0,0
176,40,40,40,baseline,1.0,100.0,0.99609375,False,0.9902912621359223,102,918,0.007196972880471176,0.32756796196451843,2.0204459780550524e-06,2.8165098297510264e-05,6.453725286509309e-14,2.9571005140619925e-13,0,0,0,0,0.0,0.0,0
176,40,40,40,equilibrated_flux,1.0,100.0,0.998046875,False,0.9902912621359223,102,920,0.0023574977387698526,0.32756796196451843,2.0204459780550524e-06,2.8165098297510264e-05,6.453725286509309e-14,2.9571005140619925e-13,0,0,0,0,0.0,0.0,0
177,20,20,20,baseline,1.0,100.0,0.0,False,0.0,0,0,1.4050733230755768,0.31420432581518276,0.0002295017860603448,0.006782289260030654,7.287619372645263e-15,1.2721452727922134e-13,0,0,0,0,0.0,0.0,0
177,20,20,20,equilibrated_flux,1.0,100.0,0.572265625,False,0.1262135922330097,13,573,0.44148011619785993,0.31420432581518276,0.0002295017860603448,0.006782289260030654,7.287619372645263e-15,1.2721452727922134e-13,0,0,0,0,0.0,0.0,0
177,40,40,40,baseline,1.0,100.0,0.96875,False,0.8446601941747572,87,905,0.018857601294662317,0.3144745894406788,2.4408647107482103e-06,7.21329920654066e-05,7.287619372645263e-15,1.2721452727922134e-13,0,0,0,0,0.0,0.0,0
177,40,40,40,equilibrated_flux,1.0,100.0,0.9931640625,False,0.9611650485436893,99,918,0.005930236424974946,0.3144745894406788,2.4408647107482103e-06,7.21329920654066e-05,7.287619372645263e-15,1.2721452727922134e-13,0,0,0,0,0.0,0.0,0
178,20,20,20,baseline,1.0,100.0,0.435546875,False,0.0,0,446,0.6135599393270988,0.3086659726765342,0.00014823145361930604,0.003289528564687577,4.961137770772938e-14,1.2869600763359368e-13,0,0,0,0,0.0,0.0,0
178,20,20,20,equilibrated_flux,1.0,100.0,0.806640625,False,0.2524271844660194,26,800,0.18938507546775424,0.3086659726765342,0.00014823145361930604,0.003289528564687577,4.961137770772938e-14,1.2869600763359368e-13,0,0,0,0,0.0,0.0,0
178,40,40,40,baseline,1.0,100.0,0.9892578125,False,0.9514563106796117,98,915,0.007575338174144332,0.3289116014316142,1.3368487801589756e-06,2.9667132997873517e-05,4.961137770772938e-14,1.2869600763359368e-13,0,0,0,0,0.0,0.0,0
178,40,40,40,equilibrated_flux,1.0,100.0,0.99609375,False,0.9805825242718447,101,919,0.0024916166102438527,0.3289116014316142,1.3368487801589756e-06,2.9667132997873517e-05,4.961137770772938e-14,1.2869600763359368e-13,0,0,0,0,0.0,0.0,0
179,20,20,20,baseline,1.0,100.0,0.544921875,False,0.08737864077669903,9,549,0.5503901063511739,0.2994023189040682,0.00013166721094898536,0.0029656387880824266,3.6313743492865753e-14,1.3729052578336015e-13,0,0,0,0,0.0,0.0,0
179,20,20,20,equilibrated_flux,1.0,100.0,0.880859375,False,0.5533980582524272,57,845,0.1647880741433982,0.2994023189040682,0.00013166721094898536,0.0029656387880824266,3.6313743492865753e-14,1.3729052578336015e-13,0,0,0,0,0.0,0.0,0
179,40,40,40,baseline,1.0,100.0,0.9931640625,False,0.9805825242718447,101,916,0.0071159849935595616,0.3257968173676279,1.3913095772307494e-06,3.13375032305867e-05,3.6313743492865753e-14,1.3729052578336015e-13,0,0,0,0,0.0,0.0,0
179,40,40,40,equilibrated_flux,1.0,100.0,0.9970703125,False,0.9902912621359223,102,919,0.002318365263337505,0.3257968173676279,1.3913095772307494e-06,3.13375032305867e-05,3.6313743492865753e-14,1.3729052578336015e-13,0,0,0,0,0.0,0.0,0
180,20,20,20,baseline,1.0,100.0,0.0126953125,False,0.0,0,13,1.1541514406277074,0.31974409714885815,0.00019089829242573,0.0070275146607224215,4.72798888110894e-15,1.350537961556794e-13,0,0,0,0,0.0,0.0,0
180,20,20,20,equilibrated_flux,1.0,100.0,0.7890625,False,0.3592233009708738,37,771,0.3690331103565604,0.31974409714885815,0.00019089829242573,0.0070275146607224215,4.72798888110894e-15,1.350537961556794e-13,0,0,0,0,0.0,0.0,0
180,40,40,40,baseline,1.0,100.0,0.9873046875,False,0.9611650485436893,99,912,0.016458306420175598,0.3320200008982547,1.8419830972077817e-06,6.78086904599437e-05,4.72798888110894e-15,1.350537961556794e-13,0,0,0,0,0.0,0.0,0
180,40,40,40,equilibrated_flux,1.0,100.0,0.998046875,False,0.9902912621359223,102,920,0.005464486912410453,0.3320200008982547,1.8419830972077817e-06,6.78086904599437e-05,4.72798888110894e-15,1.350537961556794e-13,0,0,0,0,0.0,0.0,0
181,20,20,20,baseline,1.0,100.0,0.3095703125,False,0.18446601941747573,19,298,0.8000459279515613,0.3175855494023283,0.00015152549596849648,0.004035357662581929,2.2200847542286344e-14,1.5303781999082355e-13,0,0,0,0,0.0,0.0,0
181,20,20,20,equilibrated_flux,1.0,100.0,0.8466796875,False,0.5728155339805825,59,808,0.2540830255755921,0.3175855494023283,0.00015152549596849648,0.004035357662581929,2.2200847542286344e-14,1.5303781999082355e-13,0,0,0,0,0.0,0.0,0
181,40,40,40,baseline,1.0,100.0,0.994140625,False,0.9611650485436893,99,919,0.011350753260285364,0.32171032666075805,1.8427757291341064e-06,4.907595986702305e-05,2.2200847542286344e-14,1.5303781999082355e-13,0,0,0,0,0.0,0.0,0
181,40,40,40,equilibrated_flux,1.0,100.0,0.99609375,False,0.9805825242718447,101,919,0.0036516545392120676,0.32171032666075805,1.8427757291341064e-06,4.907595986702305e-05,2.2200847542286344e-14,1.5303781999082355e-13,0,0,0,0,0.0,0.0,0
182,20,20,20,baseline,1.0,100.0,0.751953125,False,0.24271844660194175,25,745,0.5501321879227454,0.32014262008331285,0.00011385151754515055,0.0032016344278175406,2.0610716840334727e-14,1.3851897416976857e-13,0,0,0,0,0.0,0.0,0
182,20,20,20,equilibrated_flux,1.0,100.0,0.9013671875,False,0.5631067961165048,58,865,0.17612076003375315,0.32014262008331285,0.00011385151754515055,0.0032016344278175406,2.0610716840334727e-14,1.3851897416976857e-13,0,0,0,0,0.0,0.0,0
182,40,40,40,baseline,1.0,100.0,0.9921875,False,0.9805825242718447,101,915,0.0060020486661277505,0.34388185659316073,8.224205622133193e-07,2.3127403506959085e-05,2.0610716840334727e-14,1.3851897416976857e-13,0,0,0,0,0.0,0.0,0
182,40,40,40,equilibrated_flux,1.0,100.0,0.9951171875,False,0.9902912621359223,102,917,0.0020639956386705144,0.34388185659316073,8.224205622133193e-07,2.3127403506959085e-05,2.0610716840334727e-14,1.3851897416976857e-13,0,0,0,0,0.0,0.0,0
183,20,20,20,baseline,1.0,100.0,0.0,False,0.0,0,0,1.590480581098529,0.3101942062095452,0.00017936306730434941,0.0092362931901872,1.4715131654712012e-14,1.236549754667236e-13,0,0,0,0,0.0,0.0,0
183,20,20,20,equilibrated_flux,1.0,100.0,0.5712890625,False,0.08737864077669903,9,576,0.4933578613455544,0.3101942062095452,0.00017936306730434941,0.0092362931901872,1.4715131654712012e-14,1.236549754667236e-13,0,0,0,0,0.0,0.0,0
183,40,40,40,baseline,1.0,100.0,0.9853515625,False,0.9320388349514563,96,913,0.019473487519161035,0.3413096430806974,1.9496308780140437e-06,0.00010039615553311802,1.4715131654712012e-14,1.236549754667236e-13,0,0,0,0,0.0,0.0,0
183,40,40,40,equilibrated_flux,1.0,100.0,0.9921875,False,0.9514563106796117,98,918,0.006646489074701268,0.3413096430806974,1.9496308780140437e-06,0.00010039615553311802,1.4715131654712012e-14,1.236549754667236e-13,0,0,0,0,0.0,0.0,0
184,20,20,20,baseline,1.0,100.0,0.0751953125,False,0.0,0,77,1.077755998535709,0.31646184313455067,0.00029826327125836093,0.0073309932686715295,2.844939932140272e-14,1.6616296983804964e-13,0,0,0,0,0.0,0.0,0
184,20,20,20,equilibrated_flux,1.0,100.0,0.8291015625,False,0.5339805825242718,55,794,0.34106864974592854,0.31646184313455067,0.00029826327125836093,0.0073309932686715295,2.844939932140272e-14,1.6616296983804964e-13,0,0,0,0,0.0,0.0,0
184,40,40,40,baseline,1.0,100.0,0.9970703125,False,0.9902912621359223,102,919,0.012782821534678844,0.33990773597439883,2.590163102371226e-06,6.36634480273278e-05,2.844939932140272e-14,1.6616296983804964e-13,0,0,0,0,0.0,0.0,0
184,40,40,40,equilibrated_flux,1.0,100.0,1.0,True,1.0,103,921,0.004344979927217477,0.33990773597439883,2.590163102371226e-06,6.36634480273278e-05,2.844939932140272e-14,1.6616296983804964e-13,0,0,0,0,0.0,0.0,0
185,20,20,20,baseline,1.0,100.0,0.0380859375,False,0.04854368932038835,5,34,1.055182591191423,0.3267555307217705,0.0002317648754977809,0.00617255528426238,1.5122172781701778e-14,1.5819273499532386e-13,0,0,0,0,0.0,0.0,0
185,20,20,20,equilibrated_flux,1.0,100.0,0.7529296875,False,0.4077669902912621,42,729,0.34478674759312644,0.3267555307217705,0.0002317648754977809,0.00617255528426238,1.5122172781701778e-14,1.5819273499532386e-13,0,0,0,0,0.0,0.0,0
185,40,40,40,baseline,1.0,100.0,0.9892578125,False,0.9514563106796117,98,915,0.013548272108834232,0.32694649622969046,2.200932525868673e-06,5.861706897411252e-05,1.5122172781701778e-14,1.5819273499532386e-13,0,0,0,0,0.0,0.0,0
185,40,40,40,equilibrated_flux,1.0,100.0,0.9970703125,False,0.9805825242718447,101,920,0.004429560095949791,0.32694649622969046,2.200932525868673e-06,5.861706897411252e-05,1.5122172781701778e-14,1.5819273499532386e-13,0,0,0,0,0.0,0.0,0
186,20,20,20,baseline,1.0,100.0,0.07421875,False,0.14563106796116504,15,61,1.044175472540848,0.3330663168915572,0.00028454078526681784,0.0063142645741293205,5.0817123823732166e-14,1.6876881295448225e-13,0,0,0,0,0.0,0.0,0
186,20,20,20,equilibrated_flux,1.0,100.0,0.7939453125,False,0.6213592233009708,64,749,0.3477796788276816,0.3330663168915572,0.00028454078526681784,0.0063142645741293205,5.0817123823732166e-14,1.6876881295448225e-13,0,0,0,0,0.0,0.0,0
186,40,40,40,baseline,1.0,100.0,0.994140625,False,0.9514563106796117,98,920,0.015950332479281418,0.32860485010679974,2.823855135026941e-06,6.26643678685855e-05,5.0817123823732166e-14,1.6876881295448225e-13,0,0,0,0,0.0,0.0,0
186,40,40,40,equilibrated_flux,1.0,100.0,1.0,True,1.0,103,921,0.00524135661350789,0.32860485010679974,2.823855135026941e-06,6.26643678685855e-05,5.0817123823732166e-14,1.6876881295448225e-13,0,0,0,0,0.0,0.0,0
187,20,20,20,baseline,1.0,100.0,0.0576171875,False,0.0,0,59,0.8639752432061311,0.3230696324305158,0.00026833803571386466,0.006043308298195877,6.297826239749114e-14,1.3271400675153016e-13,0,0,0,0,0.0,0.0,0
187,20,20,20,equilibrated_flux,1.0,100.0,0.6025390625,False,0.0,0,617,0.27912416425167025,0.3230696324305158,0.00026833803571386466,0.006043308298195877,6.297826239749114e-14,1.3271400675153016e-13,0,0,0,0,0.0,0.0,0
187,40,40,40,baseline,1.0,100.0,0.990234375,False,0.9320388349514563,96,918,0.010266159357589406,0.3348407104167305,2.3320234274851867e-06,5.252008532227783e-05,6.297826239749114e-14,1.3271400675153016e-13,0,0,0,0,0.0,0.0,0
187,40,40,40,equilibrated_flux,1.0,100.0,0.998046875,False,0.9902912621359223,102,920,0.003437528092546603,0.3348407104167305,2.3320234274851867e-06,5.252008532227783e-05,6.297826239749114e-14,1.3271400675153016e-13,0,0,0,0,0.0,0.0,0
188,20,20,20,baseline,1.0,100.0,0.07421875,False,0.0,0,76,1.0121877404777395,0.3320771681752819,0.00015865038030239568,0.006445031790241142,3.088832661259841e-14,1.3707805308402792e-13,0,0,0,0,0.0,0.0,0
188,20,20,20,equilibrated_flux,1.0,100.0,0.7431640625,False,0.36893203883495146,38,723,0.3361244385195849,0.3320771681752819,0.00015865038030239568,0.006445031790241142,3.088832661259841e-14,1.3707805308402792e-13,0,0,0,0,0.0,0.0,0
188,40,40,40,baseline,1.0,100.0,0.9921875,False,0.9805825242718447,101,915,0.01610154242445391,0.33166475850417954,1.7828956048953605e-06,7.242856166101295e-05,3.088832661259841e-14,1.3707805308402792e-13,0,0,0,0,0.0,0.0,0
188,40,40,40,equilibrated_flux,1.0,100.0,1.0,True,1.0,103,921,0.005340314179751307,0.33166475850417954,1.7828956048953605e-06,7.242856166101295e-05,3.088832661259841e-14,1.3707805308402792e-13,0,0,0,0,0.0,0.0,0
189,20,20,20,baseline,1.0,100.0,0.0048828125,False,0.0,0,5,1.1968220500573659,0.32281458143705055,0.0001692825231201462,0.007327732689734543,5.0068553512484134e-14,1.2949272867350596e-13,0,0,0,0,0.0,0.0,0
189,20,20,20,equilibrated_flux,1.0,100.0,0.7763671875,False,0.27184466019417475,28,767,0.3863516091439013,0.32281458143705055,0.0001692825231201462,0.007327732689734543,5.0068553512484134e-14,1.2949272867350596e-13,0,0,0,0,0.0,0.0,0
189,40,40,40,baseline,1.0,100.0,0.98828125,False,0.9514563106796117,98,914,0.014403565356407284,0.32337425321714747,1.3189049208417388e-06,5.70914381766718e-05,5.0068553512484134e-14,1.2949272867350596e-13,0,0,0,0,0.0,0.0,0
189,40,40,40,equilibrated_flux,1.0,100.0,0.99609375,False,0.9805825242718447,101,919,0.0046577421907925826,0.32337425321714747,1.3189049208417388e-06,5.70914381766718e-05,5.0068553512484134e-14,1.2949272867350596e-13,0,0,0,0,0.0,0.0,0
190,20,20,20,baseline,1.0,100.0,0.33984375,False,0.0,0,348,0.8760034955270684,0.3009078901663009,0.00027498999614208376,0.006101904654152379,3.829969539803486e-14,1.4423564033333248e-13,0,0,0,0,0.0,0.0,0
190,20,20,20,equilibrated_flux,1.0,100.0,0.75,False,0.11650485436893204,12,756,0.26359636361735467,0.3009078901663009,0.00027498999614208376,0.006101904654152379,3.829969539803486e-14,1.4423564033333248e-13,0,0,0,0,0.0,0.0,0
190,40,40,40,baseline,1.0,100.0,0.9833984375,False,0.9029126213592233,93,914,0.012150940354553632,0.30194780192595383,2.236159027899852e-06,4.961936569028347e-05,3.829969539803486e-14,1.4423564033333248e-13,0,0,0,0,0.0,0.0,0
190,40,40,40,equilibrated_flux,1.0,100.0,0.9951171875,False,0.9805825242718447,101,918,0.0036689497313908393,0.30194780192595383,2.236159027899852e-06,4.961936569028347e-05,3.829969539803486e-14,1.4423564033333248e-13,0,0,0,0,0.0,0.0,0
191,20,20,20,baseline,1.0,100.0,0.669921875,False,0.0,0,686,0.7970207869360649,0.3146407089244409,0.0001701804079708512,0.004659551974582275,4.504933363168811e-14,1.8221387111986488e-13,0,0,0,0,0.0,0.0,0
191,20,20,20,equilibrated_flux,1.0,100.0,0.884765625,False,0.39805825242718446,41,865,0.25077518542907923,0.3146407089244409,0.0001701804079708512,0.004659551974582275,4.504933363168811e-14,1.8221387111986488e-13,0,0,0,0,0.0,0.0,0
191,40,40,40,baseline,1.0,100.0,0.9970703125,False,0.9805825242718447,101,920,0.010734267013659442,0.3252522307831565,1.4504674994558362e-06,3.9713905858748666e-05,4.504933363168811e-14,1.8221387111986488e-13,0,0,0,0,0.0,0.0,0
191,40,40,40,equilibrated_flux,1.0,100.0,1.0,True,1.0,103,921,0.003491344292014785,0.3252522307831565,1.4504674994558362e-06,3.9713905858748666e-05,4.504933363168811e-14,1.8221387111986488e-13,0,0,0,0,0.0,0.0,0
192,20,20,20,baseline,1.0,100.0,0.6025390625,False,0.009708737864077669,1,616,0.502360151337717,0.31302284507544076,0.0002911766516872787,0.0029250909916243213,3.0119840576181814e-14,2.0882405429619862e-13,0,0,0,0,0.0,0.0,0
192,20,20,20,equilibrated_flux,1.0,100.0,0.8955078125,False,0.5825242718446602,60,857,0.15725020382426122,0.31302284507544076,0.0002911766516872787,0.0029250909916243213,3.0119840576181814e-14,2.0882405429619862e-13,0,0,0,0,0.0,0.0,0
192,40,40,40,baseline,1.0,100.0,0.9921875,False,0.970873786407767,100,916,0.0073344105498601,0.29881137841019295,3.2995040860534276e-06,3.314602878708266e-05,3.0119840576181814e-14,2.0882405429619862e-13,0,0,0,0,0.0,0.0,0
192,40,40,40,equilibrated_flux,1.0,100.0,0.998046875,False,0.9902912621359223,102,920,0.0021916053262299572,0.29881137841019295,3.2995040860534276e-06,3.314602878708266e-05,3.0119840576181814e-14,2.0882405429619862e-13,0,0,0,0,0.0,0.0,0
193,20,20,20,baseline,1.0,100.0,0.5537109375,False,0.04854368932038835,5,562,0.6015667676580593,0.3166177924451278,0.0001298386512943079,0.0038781635427383152,1.942412872817067e-14,1.5788689930330115e-13,0,0,0,0,0.0,0.0,0
193,20,20,20,equilibrated_flux,1.0,100.0,0.91015625,False,0.6504854368932039,67,865,0.19046674198424582,0.3166177924451278,0.0001298386512943079,0.0038781635427383152,1.942412872817067e-14,1.5788689930330115e-13,0,0,0,0,0.0,0.0,0
193,40,40,40,baseline,1.0,100.0,0.99609375,False,0.9902912621359223,102,918,0.0075104951322456405,0.3388939442052397,1.2405722324166046e-06,3.7054774952874456e-05,1.942412872817067e-14,1.5788689930330115e-13,0,0,0,0,0.0,0.0,0
193,40,40,40,equilibrated_flux,1.0,100.0,1.0,True,1.0,103,921,0.0025452613183009785,0.3388939442052397,1.2405722324166046e-06,3.7054774952874456e-05,1.942412872817067e-14,1.5788689930330115e-13,0,0,0,0,0.0,0.0,0
194,20,20,20,baseline,1.0,100.0,0.0,False,0.0,0,0,1.3671359538840724,0.330812101072643,0.00021220840619521746,0.007612772732619232,2.119259199805829e-14,1.295811544696822e-13,0,0,0,0,0.0,0.0,0
194,20,20,20,equilibrated_flux,1.0,100.0,0.73828125,False,0.2815533980582524,29,727,0.45226511735634195,0.330812101072643,0.00021220840619521746,0.007612772732619232,2.119259199805829e-14,1.295811544696822e-13,0,0,0,0,0.0,0.0,0
194,40,40,40,baseline,1.0,100.0,0.9931640625,False,0.9611650485436893,99,918,0.018151095981829814,0.3287872165448072,2.547447480848825e-06,9.13872313904629e-05,2.119259199805829e-14,1.295811544696822e-13,0,0,0,0,0.0,0.0,0
194,40,40,40,equilibrated_flux,1.0,100.0,0.9970703125,False,0.9805825242718447,101,920,0.005967848325103459,0.3287872165448072,2.547447480848825e-06,9.13872313904629e-05,2.119259199805829e-14,1.295811544696822e-13,0,0,0,0,0.0,0.0,0
195,20,20,20,baseline,1.0,100.0,0.0419921875,False,0.0,0,43,1.1343454332249165,0.3176298971522823,0.00028432108899055085,0.006125576200687329,4.7818212095651775e-14,1.8109056645236823e-13,0,0,0,0,0.0,0.0,0
195,20,20,20,equilibrated_flux,1.0,100.0,0.73046875,False,0.32038834951456313,33,715,0.36030202329039135,0.3176298971522823,0.00028432108899055085,0.006125576200687329,4.7818212095651775e-14,1.8109056645236823e-13,0,0,0,0,0.0,0.0,0
195,40,40,40,baseline,1.0,100.0,0.9833984375,False,0.9223300970873787,95,912,0.017572332975240777,0.3213636640719527,3.854509811849109e-06,8.304376454314869e-05,4.7818212095651775e-14,1.8109056645236823e-13,0,0,0,0,0.0,0.0,0
195,40,40,40,equilibrated_flux,1.0,100.0,0.9951171875,False,0.9902912621359223,102,917,0.005647109311215775,0.3213636640719527,3.854509811849109e-06,8.304376454314869e-05,4.7818212095651775e-14,1.8109056645236823e-13,0,0,0,0,0.0,0.0,0
196,20,20,20,baseline,1.0,100.0,0.7373046875,False,0.05825242718446602,6,749,0.4703622086627767,0.3256987054225454,0.00010674472312309438,0.0025376327039727193,1.2219350376576155e-14,1.2749592543376516e-13,0,0,0,0,0.0,0.0,0
196,20,20,20,equilibrated_flux,1.0,100.0,0.9140625,False,0.6310679611650486,65,871,0.15319636244115556,0.3256987054225454,0.00010674472312309438,0.0025376327039727193,1.2219350376576155e-14,1.2749592543376516e-13,0,0,0,0,0.0,0.0,0
196,40,40,40,baseline,1.0,100.0,0.9970703125,False,0.9902912621359223,102,919,0.007897896529677177,0.3153626344844786,1.1711014692568956e-06,2.7840489919294872e-05,1.2219350376576155e-14,1.2749592543376516e-13,0,0,0,0,0.0,0.0,0
196,40,40,40,equilibrated_flux,1.0,100.0,1.0,True,1.0,103,921,0.0024907014564848158,0.3153626344844786,1.1711014692568956e-06,2.7840489919294872e-05,1.2219350376576155e-14,1.2749592543376516e-13,0,0,0,0,0.0,0.0,0
197,20,20,20,baseline,1.0,100.0,0.59765625,False,0.0,0,612,0.612926693601497,0.3370371120200613,0.0002880067575233703,0.0033012090227335644,1.824693676554624e-14,1.6616477508517709e-13,0,0,0,0,0.0,0.0,0
197,20,20,20,equilibrated_flux,1.0,100.0,0.8212890625,False,0.11650485436893204,12,829,0.20657904269145352,0.3370371120200613,0.0002880067575233703,0.0033012090227335644,1.824693676554624e-14,1.6616477508517709e-13,0,0,0,0,0.0,0.0,0
197,40,40,40,baseline,1.0,100.0,0.990234375,False,0.9514563106796117,98,916,0.00884564430830302,0.3237817880127004,3.2009892598535577e-06,3.669057878073755e-05,1.824693676554624e-14,1.6616477508517709e-13,0,0,0,0,0.0,0.0,0
197,40,40,40,equilibrated_flux,1.0,100.0,0.998046875,False,0.9902912621359223,102,920,0.0028640585302667177,0.3237817880127004,3.2009892598535577e-06,3.669057878073755e-05,1.824693676554624e-14,1.6616477508517709e-13,0,0,0,0,0.0,0.0,0
198,20,20,20,baseline,1.0,100.0,0.013671875,False,0.0,0,14,1.3317887170566827,0.3313091128016165,0.00026057120387928544,0.006961792330892403,3.4800167952911374e-14,1.4058532209670905e-13,0,0,0,0,0.0,0.0,0
198,20,20,20,equilibrated_flux,1.0,100.0,0.7861328125,False,0.24271844660194175,25,780,0.44123373828725254,0.3313091128016165,0.00026057120387928544,0.006961792330892403,3.4800167952911374e-14,1.4058532209670905e-13,0,0,0,0,0.0,0.0,0
198,40,40,40,baseline,1.0,100.0,0.98828125,False,0.9320388349514563,96,916,0.018696508865353838,0.32849960305961967,2.7932712183271487e-06,7.462902214949856e-05,3.4800167952911374e-14,1.4058532209670905e-13,0,0,0,0,0.0,0.0,0
198,40,40,40,equilibrated_flux,1.0,100.0,0.9931640625,False,0.970873786407767,100,917,0.006141795740869397,0.32849960305961967,2.7932712183271487e-06,7.462902214949856e-05,3.4800167952911374e-14,1.4058532209670905e-13,0,0,0,0,0.0,0.0,0
199,20,20,20,baseline,1.0,100.0,0.232421875,False,0.019417475728155338,2,236,0.9876721772963465,0.3193230244412676,0.0004110216885237242,0.005282302092511045,2.2584719291725732e-14,1.7761680619934764e-13,0,0,0,0,0.0,0.0,0
199,20,20,20,equilibrated_flux,1.0,100.0,0.865234375,False,0.46601941747572817,48,838,0.31538646681076127,0.3193230244412676,0.0004110216885237242,0.005282302092511045,2.2584719291725732e-14,1.7761680619934764e-13,0,0,0,0,0.0,0.0,0
199,40,40,40,baseline,1.0,100.0,0.9892578125,False,0.941747572815534,97,916,0.01438855688577128,0.31695712332021675,4.111303617680396e-06,5.283698721743e-05,2.2584719291725732e-14,1.7761680619934764e-13,0,0,0,0,0.0,0.0,0
199,40,40,40,equilibrated_flux,1.0,100.0,0.994140625,False,0.970873786407767,100,918,0.0045605555992433615,0.31695712332021675,4.111303617680396e-06,5.283698721743e-05,2.2584719291725732e-14,1.7761680619934764e-13,0,0,0,0,0.0,0.0,0
