sample,method,spearman,auroc,error_capture_top10,top10_overlap,relative_l2_correction_error,relative_A_correction_error
0,ensemble,0.3984481953186467,0.752327040047226,0.1993141833928676,0.33980582524271846,,
0,raw,0.34750007823117085,0.7341323803801272,0.1885191625907414,0.3106796116504854,,
0,smoothed,0.5054877154709964,0.8128986011405922,0.17476927271014964,0.2912621359223301,,
0,prediction_magnitude,0.5294024256133323,0.810969503389098,0.15186594964616945,0.1941747572815534,,
0,boundary_distance,0.5162018488556784,0.7970388876590452,0.18413410436811992,0.2998676081200353,,
0,jacobi1,0.24992652975466703,0.6346837017593793,0.16686148231979847,0.23300970873786409,0.9683640292224853,0.6741871209151684
0,jacobi5,0.27432280863314495,0.6553029105130557,0.1771843632786705,0.2621359223300971,0.910303164223291,0.5019937367437434
0,jacobi10,0.3972354557077462,0.7434510820867989,0.2131909477285697,0.36893203883495146,0.8609539963003949,0.4361932721323122
0,jacobi20,0.5236608835204921,0.8481283535203399,0.24254281717554443,0.47572815533980584,0.7873156291691137,0.36311433393040027
0,jacobi40,0.6484866962305986,0.9394284389066337,0.26587368182458576,0.6019417475728155,0.6883459207849837,0.2828534069258448
0,jacobi80,0.7449879300479221,0.968470320356725,0.2827198752848322,0.6893203883495146,0.5677917654592186,0.2064927173599527
0,cg5,0.3081253576282097,0.6766916500637762,0.18877839888183506,0.2815533980582524,0.9136663430923885,0.47677133514227615
0,pcg5,0.4112407798977183,0.7433562084268893,0.21502301802980797,0.3592233009708738,0.8356300573569069,0.41659252070783265
0,poisson_pcg5,0.9938605965238536,0.9998629602690196,0.31974413658929285,0.9805825242718447,0.056939870233869684,0.042570640659407015
0,cg10,0.3859143212216579,0.8339921781938163,0.22454749461823603,0.47572815533980584,0.8135079164817907,0.3361114853443209
0,pcg10,0.6590088669444246,0.9411783308560766,0.25018107041391213,0.5436893203883495,0.6314060125537593,0.2598735202546552
0,poisson_pcg10,0.9999893940884056,1.0,0.31989321447519903,1.0,0.0016591606108783046,0.0013168379645695854
0,cg20,0.6072720790715971,0.9537227369996732,0.25924798531801746,0.6407766990291263,0.6533549847586051,0.21748598979334877
0,pcg20,0.776683177169015,0.983829311744305,0.3004071420323261,0.8058252427184466,0.4387545617920183,0.15032924004976597
0,poisson_pcg20,1.0,1.0,0.31989321447519903,1.0,4.171328190383064e-07,6.195856664512588e-07
0,cg40,0.868116059294757,0.9944024540653363,0.31469338270696456,0.8737864077669902,0.2686206672161491,0.09619591550874856
0,pcg40,0.9813551203418924,0.9994623825938459,0.31930491631280056,0.9611650485436893,0.08162549221574263,0.03281158216642048
0,poisson_pcg40,1.0,1.0,0.31989321447519903,1.0,9.806443064569441e-14,4.310309619065026e-14
0,cg80,0.9841324274908804,0.9997470035735745,0.3197192692793551,0.9805825242718447,0.06842805296399126,0.015557051012121613
0,pcg80,0.9999824985694871,1.0,0.31989321447519903,1.0,0.0014979408488530947,0.0007257196337446731
0,poisson_pcg80,1.0,1.0,0.31989321447519903,1.0,1.1648176516330532e-13,2.901827878611446e-14
0,poisson,0.6235244371826049,0.9847147992367941,0.30430310993003085,0.7961165048543689,2.938703137695863,5.37731227525648
0,amg,0.9949231322866746,0.9981974004617185,0.3175563958142775,0.9223300970873787,0.19706788139354578,0.10992413487358653
0,oracle,1.0,1.0,0.31989321447519903,1.0,1.1606584436313812e-13,2.883767180116873e-14
1,ensemble,0.389383460142336,0.7335104308318312,0.1538754882703204,0.22330097087378642,,
1,raw,0.3879616980187397,0.7648819877085903,0.1675793571743078,0.2524271844660194,,
1,smoothed,0.56794652117159,0.836332395138252,0.16865940289853362,0.2621359223300971,,
1,prediction_magnitude,0.4664270371396896,0.726342198749776,0.150492799714604,0.1941747572815534,,
1,boundary_distance,0.5866595204637814,0.8023518126139801,0.18129104194506823,0.2590467784642542,,
1,jacobi1,0.30193510389099487,0.7197748331804813,0.20112340182014074,0.36893203883495146,0.9265192678461392,0.5891998155677598
1,jacobi5,0.31691250625849365,0.7666107966224978,0.22025643915335488,0.4563106796116505,0.823531807922908,0.3567568740421386
1,jacobi10,0.3770022262356054,0.8539367298103581,0.24064965914477404,0.5436893203883495,0.751757812578109,0.28406034953920695
1,jacobi20,0.4425819303876689,0.9252817220623425,0.26087645979181895,0.6310679611650486,0.6614539049811562,0.21511272003519827
1,jacobi40,0.5804776907052428,0.9641693811074918,0.2736773567540503,0.7087378640776699,0.5468476443430557,0.15208095473048774
1,jacobi80,0.7793765422716543,0.9825643296121775,0.2861329714440361,0.7961165048543689,0.3979385247838313,0.10151448965030985
1,cg5,0.3432878884736428,0.8070691418150385,0.22931873595199348,0.5145631067961165,0.8490268071928037,0.3710117293418577
1,pcg5,0.37375791252413987,0.8429630098141531,0.2345301974203367,0.5145631067961165,0.7448133041608569,0.27447700547653586
1,poisson_pcg5,0.997225095665546,0.9995572562537555,0.3019886832952684,0.9611650485436893,0.04054420465261321,0.03544885226956301
1,cg10,0.4371562969387024,0.8556866217598009,0.2521434102431851,0.6116504854368932,0.7146365370944002,0.2306899653901211
1,pcg10,0.5419986276017451,0.9576020155381972,0.27017669802886757,0.6893203883495146,0.555537776092698,0.15251503431437186
1,poisson_pcg10,0.9999925345111221,1.0,0.30232403765543014,1.0,0.0014247921936433486,0.0011306505445704707
1,cg20,0.596869691456262,0.9269156573163404,0.2706039648854488,0.6504854368932039,0.5627630503656956,0.1260025497761947
1,pcg20,0.9258040599742506,0.9921781938163456,0.29624400969956466,0.8640776699029126,0.21329182974389874,0.06942623695770994
1,poisson_pcg20,1.0,1.0,0.30232403765543014,1.0,7.072136809553161e-07,4.295544723824076e-07
1,cg40,0.8404626479686717,0.9855581206582124,0.2943330078880249,0.7864077669902912,0.30298272203456034,0.05197613820768408
1,pcg40,0.9946429864637721,0.999146137060814,0.3016440738939818,0.941747572815534,0.06444550196863891,0.010887456856056636
1,poisson_pcg40,1.0,1.0,0.30232403765543014,1.0,1.1905782372269127e-13,2.6375281794549925e-14
1,cg80,0.9853597739789715,0.9980181946596671,0.3006826014233049,0.9029126213592233,0.08277728295938669,0.013905340193504954
1,pcg80,0.9999973177884272,1.0,0.30232403765543014,1.0,0.0006400677743780389,0.00015626757205295877
1,poisson_pcg80,1.0,1.0,0.30232403765543014,1.0,1.2129323947543148e-13,2.561556894325681e-14
1,poisson,0.6248688510299691,0.8407809156362333,0.19312932126032817,0.33980582524271846,4.089846726462889,6.3822576654438965
1,amg,0.9618751788141048,0.9936329232682922,0.29900676211873073,0.883495145631068,0.2056244247429987,0.07207886696110888
1,oracle,1.0,1.0,0.30232403765543014,1.0,1.2671127050513895e-13,2.6150593038352043e-14
2,ensemble,0.2733314520599384,0.7195534613073591,0.16123975376939167,0.24271844660194175,,
2,raw,0.3142236338602389,0.728165881323593,0.1664275382703125,0.30097087378640774,,
2,smoothed,0.37441585902295965,0.7741796063797266,0.172546254778459,0.33980582524271846,,
2,prediction_magnitude,0.3575314265789285,0.7343748352887849,0.1335210936333088,0.1941747572815534,,
2,boundary_distance,0.323608822018996,0.6978642885002583,0.13494775621618385,0.1968225948808473,,
2,jacobi1,0.24884916359702453,0.7001886931680423,0.1828910855364601,0.3592233009708738,0.8885880836085785,0.49703307350099796
2,jacobi5,0.3408497022745154,0.7763300760043431,0.20247596779996455,0.4368932038834951,0.7809696706498285,0.28752777127197104
2,jacobi10,0.4338895644088406,0.8250951371978538,0.22805620609903568,0.5048543689320388,0.7109291888627802,0.2235717332410132
2,jacobi20,0.5266579532043487,0.8809440983312777,0.2389883042334681,0.5533980582524272,0.6275689254515066,0.1650097840665163
2,jacobi40,0.5979657995672698,0.9285179680170351,0.252724053812849,0.5922330097087378,0.5423562725089567,0.11414821637996385
2,jacobi80,0.6933792848329876,0.9535962387864605,0.2584758261527558,0.6213592233009708,0.4589048226183079,0.07752851087503383
2,cg5,0.3339097815785709,0.7833718098731856,0.2072443770589909,0.4563106796116505,0.7973764024879213,0.2645460819959924
2,pcg5,0.43133014224662036,0.8196135479586351,0.23075973990337065,0.5145631067961165,0.7060851856038445,0.21025815887625976
2,poisson_pcg5,0.9905392809884843,0.9991883031318849,0.2951089629122335,0.9611650485436893,0.0637227026131701,0.03357528138954695
2,cg10,0.42822299012946136,0.8678409917459916,0.24090109357384915,0.5631067961165048,0.6802128089272722,0.16848162327656635
2,pcg10,0.5719455756920105,0.9202639596049039,0.24926368317478945,0.5436893203883495,0.5503640393521871,0.11172218124261703
2,poisson_pcg10,0.9999761618446462,1.0,0.2952738083146938,1.0,0.002638239664621375,0.0010535053477096052
2,cg20,0.6961476736284958,0.9688919810674341,0.2672183604211368,0.6504854368932039,0.43998035038017314,0.08671908369708121
2,pcg20,0.7550738502253057,0.9613758788990439,0.2671245508316958,0.6699029126213593,0.41180196419635157,0.05657036962111644
2,poisson_pcg20,1.0,1.0,0.2952738083146938,1.0,6.451939903820146e-07,4.339280008353456e-07
2,cg40,0.8838790032007725,0.9885624532220149,0.28640543166471305,0.8155339805825242,0.23876604181128558,0.0313816685680719
2,pcg40,0.9461421750947715,0.9928950170245512,0.2897006268415805,0.8349514563106796,0.1669632460537366,0.020879952657323283
2,poisson_pcg40,1.0,1.0,0.2952738083146938,1.0,1.8668357982764942e-13,3.196691740774362e-14
2,cg80,0.9903467987804877,0.99930425982733,0.2946154932490617,0.941747572815534,0.06203716357600466,0.00771339764434427
2,pcg80,0.9999555758708246,1.0,0.2952738083146938,1.0,0.0033119370296446453,0.0009533948444591476
2,poisson_pcg80,1.0,1.0,0.2952738083146938,1.0,1.8079238746805072e-13,2.4138276167318212e-14
2,poisson,0.5489584637186181,0.8642885002582672,0.2224654120029056,0.46601941747572817,3.7616510679742317,7.405802093184889
2,amg,0.9912816836242042,0.9991672200963495,0.2947921635845288,0.9514563106796117,0.11005384921038877,0.04784723373452013
2,oracle,1.0,1.0,0.2952738083146938,1.0,1.8295446958023147e-13,2.413293395218636e-14
3,ensemble,0.2468762293469709,0.6568841381782149,0.11079844582635531,0.14563106796116504,,
3,raw,0.3303624673664258,0.7726721693389415,0.15010961742917245,0.2912621359223301,,
3,smoothed,0.4052343694120592,0.7495546208743135,0.13164125806528032,0.18446601941747573,,
3,prediction_magnitude,0.3526620949860525,0.6673729483571045,0.1358474409918864,0.1941747572815534,,
3,boundary_distance,0.33427041229355653,0.7100081169686812,0.1022808775266172,0.08693733451015004,,
3,jacobi1,0.17140907749803302,0.6522564118781822,0.13902339277042985,0.22330097087378642,0.932474138044398,0.5237175805574389
3,jacobi5,0.20542164365925183,0.6780304228202777,0.16093630456526595,0.3300970873786408,0.8603723111592982,0.3016770625561728
3,jacobi10,0.24643152984407404,0.7032984409095222,0.17617382397703002,0.3786407766990291,0.812571711172483,0.2388224619053524
3,jacobi20,0.3472273867212645,0.755236498951119,0.18756956459010896,0.4077669902912621,0.7483474794597413,0.19177502307210162
3,jacobi40,0.4753828745261426,0.8288162929698618,0.19577955753886503,0.4368932038834951,0.6643699439244326,0.15624298359377833
3,jacobi80,0.6228592263607753,0.906728650791141,0.2054217007047505,0.47572815533980584,0.550077531427158,0.12286103036834406
3,cg5,0.23807040581861097,0.7468454508080073,0.15510633724256281,0.27184466019417475,0.8584327117617127,0.28014903946966735
3,pcg5,0.21002568217581,0.6783150438000063,0.17016930827759372,0.33980582524271846,0.8186098542674448,0.22530272192680031
3,poisson_pcg5,0.996462118231886,0.9996626714314327,0.24244746519963603,0.970873786407767,0.04542589055183886,0.034890654137006705
3,cg10,0.3584412103926757,0.8211631510704911,0.17535592971673936,0.3300970873786408,0.7613305133977603,0.185962986981815
3,pcg10,0.4426983942493383,0.79258509640218,0.195779795013581,0.4077669902912621,0.6772093487198911,0.15343759179914263
3,poisson_pcg10,0.9999878182891064,0.9999894584822323,0.24257646417806186,0.9902912621359223,0.0020560144926447203,0.0008628343311844714
3,cg20,0.6187806107395751,0.941241579962683,0.2140760701745007,0.5728155339805825,0.5434493452320504,0.11528029073187764
3,pcg20,0.8009283022494814,0.9706524145346447,0.23498366285481656,0.7475728155339806,0.3656463739046568,0.0779901348136483
3,poisson_pcg20,1.0,1.0,0.24258025526331548,1.0,4.957288726960573e-07,3.323865144152649e-07
3,cg40,0.9372789522387526,0.9950981942380064,0.2397011764141748,0.8640776699029126,0.18773832095086515,0.04070838258057036
3,pcg40,0.9961800166297117,0.9999156678578581,0.2425265056842313,0.9805825242718447,0.040682314164090565,0.012326335901576321
3,poisson_pcg40,1.0,1.0,0.24258025526331548,1.0,6.232697434074007e-14,2.3609136006510142e-14
3,cg80,0.9987738716829984,0.9998102526801809,0.24247561862789901,0.970873786407767,0.026544324838734847,0.003908179784354475
3,pcg80,0.999995663757957,1.0,0.24258025526331548,1.0,0.0010977792058392967,0.0001852710019304522
3,poisson_pcg80,1.0,1.0,0.24258025526331548,1.0,6.643665635401934e-14,1.4948538602380956e-14
3,poisson,0.5098895487626064,0.7824336147918577,0.1987373692578705,0.5339805825242718,3.902610171079635,7.087820865283388
3,amg,0.9651261533509763,0.9930425982732994,0.238981684195459,0.8737864077669902,0.19198640636048342,0.052033603608818424
3,oracle,1.0,1.0,0.24258025526331548,1.0,7.065352710432697e-14,1.5403477965472235e-14
4,ensemble,0.25025663176811386,0.6858943950750029,0.16842850528154257,0.2912621359223301,,
4,raw,0.23523307300979898,0.6953712195481906,0.2024567657672611,0.3300970873786408,,
4,smoothed,0.40738890056147625,0.8469793280836575,0.17837855125326,0.2621359223300971,,
4,prediction_magnitude,0.6668578114941706,0.9165955114217345,0.2512143455162561,0.42718446601941745,,
4,boundary_distance,0.6107493003043167,0.9289343579688604,0.26569865577174506,0.5077228596646073,,
4,jacobi1,0.2081996772405407,0.6512128016191772,0.16915795808985873,0.27184466019417475,0.9829828788278984,0.7698111006044872
4,jacobi5,0.2809406851262427,0.7055121596407451,0.20273261468508108,0.34951456310679613,0.9387712766656757,0.5920635591905716
4,jacobi10,0.4193644946713396,0.8079546293075277,0.2562439745251968,0.49514563106796117,0.8971309302561025,0.5151320541179912
4,jacobi20,0.5530240035584006,0.9068973150754246,0.3006481232656953,0.6213592233009708,0.8299138657882623,0.4241599881602227
4,jacobi40,0.6465333309491452,0.9594046150764787,0.31566289505010015,0.6990291262135923,0.7305825413660646,0.3175514965566327
4,jacobi80,0.7247650159144553,0.9767559533221594,0.32954262683956476,0.7669902912621359,0.6046289219019136,0.22558397290900137
4,cg5,0.2398333340783921,0.7117632796770079,0.22245539469640885,0.3883495145631068,0.9435257109363452,0.549966093727856
4,pcg5,0.44368532517344966,0.8317468349092902,0.2681274443516446,0.5242718446601942,0.8694252044776022,0.4831097141255159
4,poisson_pcg5,0.9905985019848363,0.9999367508933936,0.3568017684576978,0.9902912621359223,0.04470547038373511,0.030027061563504775
4,cg10,0.331040005185609,0.780715347395718,0.24851940312865983,0.49514563106796117,0.8745714702965972,0.3928651329544537
4,pcg10,0.6700597350869036,0.9619240378229658,0.30725111895368856,0.6601941747572816,0.6616440934303754,0.26355087530867977
4,poisson_pcg10,0.9999989941706601,1.0,0.35689752300330424,1.0,0.00024672874085977895,0.0006151887522170558
4,cg20,0.5473758471318217,0.9529848307559322,0.284833026639108,0.6407766990291263,0.7637911381264748,0.28311453681982823
4,pcg20,0.7470877105536085,0.984019059064124,0.3362913494994382,0.8058252427184466,0.45819800023298307,0.17684949199500993
4,poisson_pcg20,1.0,1.0,0.35689752300330424,1.0,2.2651886900566425e-08,5.3328788276281216e-08
4,cg40,0.7600028386739146,0.9966794219031656,0.3554592583058232,0.9320388349514563,0.37275284636695527,0.13879874618234414
4,pcg40,0.9575706986267076,0.9993675089339363,0.35642635069719614,0.9611650485436893,0.09119080288885621,0.03592588497941855
4,poisson_pcg40,1.0,1.0,0.35689752300330424,1.0,3.9424149093183016e-14,1.5995357792894693e-14
4,cg80,0.9658089550103711,0.9995256317004523,0.35648330534596345,0.970873786407767,0.0804506806892414,0.03401351811830751
4,pcg80,0.9999979548136755,1.0,0.35689752300330424,1.0,0.00027494147097193204,0.00018213645626465576
4,poisson_pcg80,1.0,1.0,0.35689752300330424,1.0,3.9424149093183016e-14,1.5995357792894693e-14
4,poisson,0.8245069536335026,0.9893425255368268,0.3440893786171525,0.8349514563106796,2.496904593800491,4.982293422239861
4,amg,0.9932973209176739,0.9991566785785817,0.35622461511583536,0.9514563106796117,0.13662899728135036,0.09867374394500528
4,oracle,1.0,1.0,0.35689752300330424,1.0,4.261774220130565e-14,1.6936459357162952e-14
5,ensemble,0.05112936753451111,0.5114744420901721,0.1326889775714748,0.13592233009708737,,
5,raw,0.29580095307917886,0.720407324246545,0.1990949231402524,0.36893203883495146,,
5,smoothed,0.38384949887347114,0.8086398279624301,0.18664097250025255,0.32038834951456313,,
5,prediction_magnitude,0.2433080385880838,0.5711499741732815,0.12121848820609712,0.06796116504854369,,
5,boundary_distance,0.3062880237494537,0.6706250065884486,0.14589742459620625,0.1445278022947926,,
5,jacobi1,0.20735172957942918,0.6385313557446001,0.15279436328464194,0.24271844660194175,0.9475730374066819,0.6463925851667026
5,jacobi5,0.3443875281632215,0.6577907087062396,0.1918487992744517,0.3106796116504854,0.8695464072429069,0.4665679149538421
5,jacobi10,0.4210199668299835,0.6982174293454771,0.22623868319596158,0.36893203883495146,0.8080396360809246,0.395224205836073
5,jacobi20,0.48173615084757876,0.76660025510473,0.2484571622072197,0.4368932038834951,0.717524916208582,0.31136746333299664
5,jacobi40,0.5455166386524569,0.8743240251731444,0.2828390864444062,0.5533980582524272,0.5999788879824413,0.21194173978295852
5,jacobi80,0.6241032584400258,0.9490528446285696,0.30309365844647324,0.6407766990291263,0.4801303463795132,0.11923513942952021
5,cg5,0.31196558051999135,0.74061541380728,0.21898725382496195,0.3883495145631068,0.8611173600509563,0.4550902149507442
5,pcg5,0.4231346224340175,0.6862633481968734,0.22523844212269187,0.36893203883495146,0.7822040819275657,0.3755621084474465
5,poisson_pcg5,0.9937751569093769,0.9985663535835889,0.3361941504125999,0.9320388349514563,0.05707801807303183,0.03966670117406588
5,cg10,0.4287893055754238,0.7621833591600519,0.2655610299814655,0.5145631067961165,0.7045423861827803,0.2842827057690131
5,pcg10,0.5196215399470709,0.883495145631068,0.2894160509699593,0.5728155339805825,0.5469589635890648,0.17000641788590085
5,poisson_pcg10,0.9999954625920892,1.0,0.3370343702405397,1.0,0.0008999294528700483,0.0010413301750338195
5,cg20,0.5627038480795364,0.8965982522163541,0.2890685820199134,0.5922330097087378,0.5603969854425691,0.14424823046668836
5,pcg20,0.6523848325405908,0.9700515480218842,0.3114065715700336,0.6893203883495146,0.42357135213747155,0.07911411313771391
5,poisson_pcg20,1.0,1.0,0.3370343702405397,1.0,2.0156302092342217e-07,2.7206654961577506e-07
5,cg40,0.7045592232315284,0.9771143649262621,0.3223994423503847,0.7572815533980582,0.36553589032917194,0.07039738655676621
5,pcg40,0.980236626940133,0.9993148013450976,0.33665467209687255,0.970873786407767,0.07459200506709683,0.016862426703337638
5,poisson_pcg40,1.0,1.0,0.3370343702405397,1.0,8.303927837371847e-14,2.3335432379808948e-14
5,cg80,0.9569300300407695,0.9983555232282344,0.33580650264177786,0.9223300970873787,0.11322889805856737,0.02133910876169608
5,pcg80,0.999988153565553,0.9999894584822323,0.3370327198872743,0.9902912621359223,0.0013653834359565926,0.0004051396616634799
5,poisson_pcg80,1.0,1.0,0.3370343702405397,1.0,8.303927837371847e-14,2.3335432379808948e-14
5,poisson,0.7001633019812602,0.9526264191518294,0.3086744046499596,0.6796116504854369,2.4352122137813055,5.386330809486787
5,amg,0.9946486861633645,0.9978495303753835,0.3361728878870619,0.9320388349514563,0.12860965245166897,0.08416176379052619
5,oracle,1.0,1.0,0.3370343702405397,1.0,8.366037830452342e-14,2.379814344709249e-14
6,ensemble,0.03275664294399542,0.6351159039878562,0.11305715212189668,0.18446601941747573,,
6,raw,0.19291655863314497,0.687675911577749,0.15189263357505658,0.2524271844660194,,
6,smoothed,0.11740386506687646,0.640281247694043,0.14888787155884145,0.2912621359223301,,
6,prediction_magnitude,0.12897543988269794,0.6181018943107428,0.049632839162397746,0.0,,
6,boundary_distance,0.15545625806575708,0.6304829069289396,0.05428528690092581,0.0,,
6,jacobi1,0.1993631200379086,0.6852091964201006,0.14985485614931532,0.2524271844660194,0.8768344185382863,0.5161675120281018
6,jacobi5,0.2969349362527716,0.7679495693789992,0.17354962482686495,0.3300970873786408,0.7575114695243153,0.31248123095056185
6,jacobi10,0.38607325343323073,0.8498255378809441,0.192152613933093,0.4174757281553398,0.6806442970184227,0.2551520467523143
6,jacobi20,0.537827620967742,0.9144661248326534,0.21210958925102327,0.5048543689320388,0.5766368076697467,0.20981994553396588
6,jacobi40,0.7353936480759601,0.9630941462951835,0.23251712874123454,0.6601941747572816,0.43568023410293927,0.15974462104919454
6,jacobi80,0.9014823577533796,0.9860114059222247,0.24676147792115977,0.7864077669902912,0.2666400283005949,0.1008264203912311
6,cg5,0.2089556473964666,0.6879605325574776,0.15848101602322218,0.27184466019417475,0.8328607242648325,0.24453086975944469
6,pcg5,0.346058903601316,0.8282048849393335,0.18651969727717332,0.3786407766990291,0.6938310034466987,0.14346235089340603
6,poisson_pcg5,0.9980725962913953,0.9985031044769827,0.2541078334612892,0.9611650485436893,0.038700493477053025,0.03257374275459119
6,cg10,0.30474342411129385,0.777110148319155,0.18092136308492188,0.34951456310679613,0.7315768252880076,0.15375065571223048
6,pcg10,0.6723112170087976,0.9568641092944562,0.2298033569585236,0.6213592233009708,0.461204760852856,0.08195636620261257
6,poisson_pcg10,0.9999988824118445,1.0,0.25443467528220354,1.0,0.0003091958800420278,0.00022118874386317772
6,cg20,0.5440700213682855,0.9221930573563982,0.22062434845750015,0.5339805825242718,0.545143334460454,0.0814978151423527
6,pcg20,0.9603075714362349,0.9923890241717003,0.25022695565918335,0.8349514563106796,0.147243665044789,0.020137245972220753
6,poisson_pcg20,1.0,1.0,0.25443467528220354,1.0,8.681785423598658e-09,1.073989610692537e-08
6,cg40,0.9844144061583578,0.9975227433245839,0.2524076714452925,0.883495145631068,0.0933900441152663,0.016244007766298783
6,pcg40,0.9976424589621627,0.9994729241116136,0.25427586659366747,0.9611650485436893,0.0326790541134854,0.0035919708066552373
6,poisson_pcg40,1.0,1.0,0.25443467528220354,1.0,3.266521116898646e-13,3.3690951798257916e-14
6,cg80,0.9994400101029969,0.9998102526801809,0.25442281131794275,0.9805825242718447,0.015524794567659855,0.0017818056933347432
6,pcg80,0.999999273567699,1.0,0.25443467528220354,1.0,0.00018643425836143495,3.105717427689394e-05
6,poisson_pcg80,1.0,1.0,0.25443467528220354,1.0,3.266521116898646e-13,3.3690951798257916e-14
6,poisson,0.7621425170767469,0.9499804981921297,0.21563335799802494,0.5825242718446602,2.152750488808695,6.581036782454284
6,amg,0.9894548628495814,0.9973013714514616,0.2532946942948581,0.912621359223301,0.11338495688751137,0.03776097969639275
6,oracle,1.0,1.0,0.25443467528220354,1.0,3.289886810967363e-13,3.3818307506237656e-14
7,ensemble,0.12577050997782704,0.5777911303669502,0.10230392264814955,0.1262135922330097,,
7,raw,0.08261991720906944,0.5404846989869602,0.10405620111393636,0.05825242718446602,,
7,smoothed,0.03423876600386238,0.474326133476698,0.0973170899819518,0.06796116504854369,,
7,prediction_magnitude,0.38527768712896066,0.7972128227022127,0.12556124296386167,0.24271844660194175,,
7,boundary_distance,0.3650665228824719,0.7579931058473799,0.11882861538267164,0.19174757281553398,,
7,jacobi1,0.11260526562835274,0.5825875209512665,0.1214273350058724,0.14563106796116504,0.9141429300159559,0.5496410409782075
7,jacobi5,0.3190522964201416,0.692714757070723,0.15672378874474177,0.20388349514563106,0.8020901844281344,0.327476463316016
7,jacobi10,0.44295319317287746,0.8020619208753677,0.182489850437307,0.32038834951456313,0.7170312572068477,0.25383000526696986
7,jacobi20,0.5979119429940634,0.9029864119835974,0.2081320360278589,0.44660194174757284,0.5977719028130448,0.1983678486684331
7,jacobi40,0.7544140038266217,0.9646121248537365,0.24293853550003283,0.6893203883495146,0.4450403555950194,0.15645038472681516
7,jacobi80,0.8860369318181819,0.9902701791003868,0.2568895788150501,0.8446601941747572,0.28024115575468816,0.11855448086355572
7,cg5,0.18145638500464917,0.5797096866006768,0.14231168295541058,0.1262135922330097,0.8799346823713324,0.29915591567247823
7,pcg5,0.42078684911665826,0.7783540474157469,0.17794457072226796,0.2912621359223301,0.7225797079745923,0.19216646544909416
7,poisson_pcg5,0.9972537953293754,0.9987982669744789,0.26360772920092096,0.9611650485436893,0.045998369135345905,0.03440458895663093
7,cg10,0.2961958863815177,0.639701464216818,0.15454715996706678,0.13592233009708737,0.8080957606090148,0.2013021733971105
7,pcg10,0.7047079965667692,0.9556940008222384,0.23643404096458406,0.6504854368932039,0.4649921080467287,0.09923342734834704
7,poisson_pcg10,0.9999985583112795,1.0,0.26408344544943385,1.0,0.00043684211517671967,0.0004418991868189242
7,cg20,0.5538337297045991,0.8603248895776013,0.19875650009657783,0.36893203883495146,0.6184874283382273,0.13328051893561885
7,pcg20,0.9385360824511837,0.9948346562938132,0.26043019038775433,0.8543689320388349,0.1774492666092241,0.036242871543380024
7,poisson_pcg20,1.0,1.0,0.26408344544943385,1.0,5.32928519463591e-08,6.144414237657304e-08
7,cg40,0.8573577980831127,0.9892265688413818,0.25946424755807185,0.883495145631068,0.2879730261781448,0.055895826687295064
7,pcg40,0.9963129872684356,0.9995994223248263,0.263882627272247,0.970873786407767,0.047542518713126994,0.00784263926715731
7,poisson_pcg40,1.0,1.0,0.26408344544943385,1.0,1.9765196325342345e-13,2.9372875053516834e-14
7,cg80,0.9922839366819254,0.9984820214414472,0.2631816157553999,0.9320388349514563,0.06591478372070737,0.008865093317206888
7,pcg80,0.9999952278985766,0.9999894584822323,0.2640795077416629,0.9902912621359223,0.0010549133275708923,0.0002615488271017784
7,poisson_pcg80,1.0,1.0,0.26408344544943385,1.0,1.9765196325342345e-13,2.9372875053516834e-14
7,poisson,0.4251125411272441,0.683406596881819,0.12197648638913139,0.06796116504854369,2.404963665850436,6.6988596392819275
7,amg,0.9903001394750016,0.998060360730738,0.2628226002944478,0.9320388349514563,0.13498590915527053,0.05282173330065409
7,oracle,1.0,1.0,0.26408344544943385,1.0,1.957426372713207e-13,2.9017385121764136e-14
8,ensemble,-0.04943283518703955,0.5923911324752538,0.12322104432217124,0.23300970873786409,,
8,raw,0.2976296849295472,0.6947387284821268,0.1881654423711549,0.33980582524271846,,
8,smoothed,0.24874216570703098,0.7361879763448341,0.1918097308795655,0.3786407766990291,,
8,prediction_magnitude,-0.01810563219726772,0.5752506245849277,0.07943520226538668,0.02912621359223301,,
8,boundary_distance,-0.0398525652462951,0.5711974110032363,0.07288444870453903,0.033759929390997354,,
8,jacobi1,0.29943890369072307,0.6992294150511791,0.18254642796608284,0.33980582524271846,0.8248217395321313,0.5293799608753402
8,jacobi5,0.5356590082075674,0.8552333364957887,0.23286728895610295,0.47572815533980584,0.6176888056101568,0.2682538167488762
8,jacobi10,0.6605175438988626,0.9235529131484351,0.2494312414914044,0.5825242718446602,0.49640419403910896,0.1715334354278003
8,jacobi20,0.7883740098168943,0.9646753739603429,0.2623622438971698,0.6990291262135923,0.36613629607495213,0.10958238158209169
8,jacobi40,0.8937760174522567,0.9867598536837334,0.26935857123802454,0.8155339805825242,0.24204989060535761,0.0749044700162577
8,jacobi80,0.9558964286352908,0.9966899634209333,0.2735848288029924,0.912621359223301,0.14451381228346946,0.05505177084510452
8,cg5,0.3553362487483012,0.7466451619704205,0.2093381723154623,0.39805825242718446,0.7436946334875038,0.33219292507761755
8,pcg5,0.6378167133073456,0.9136544279645383,0.24848947119897474,0.5825242718446602,0.49248580259545227,0.1434082908987477
8,poisson_pcg5,0.9901752601745225,0.9982817326038603,0.2742337826177744,0.941747572815534,0.07773284563581398,0.04727948142348565
8,cg10,0.5296447075495315,0.8588596186078872,0.2379728198116658,0.49514563106796117,0.5809705054186236,0.1805941818994245
8,pcg10,0.8583312397181889,0.9837449796021631,0.26759122060036783,0.7961165048543689,0.27425975522937485,0.057001122861381835
8,poisson_pcg10,0.9999980106930834,1.0,0.27499547514608375,1.0,0.0005195975574719912,0.00041607870179874977
8,cg20,0.7228734197303482,0.9512349388064893,0.2578026317848102,0.6407766990291263,0.402920352705087,0.08864833807581139
8,pcg20,0.9655399180137328,0.9983871477815376,0.2742724322230039,0.9320388349514563,0.1182837038304838,0.016367377148520747
8,poisson_pcg20,1.0,1.0,0.27499547514608375,1.0,4.398761943235622e-08,4.799471034779201e-08
8,cg40,0.9509578177526642,0.9959625986949601,0.2734761524458839,0.8932038834951457,0.149163627228474,0.02414499644389485
8,pcg40,0.9983892984228595,0.9996942959847359,0.2749262067606862,0.970873786407767,0.026233051935304934,0.0030459579082663594
8,poisson_pcg40,1.0,1.0,0.27499547514608375,1.0,4.458536103810985e-13,5.581271767825156e-14
8,cg80,0.9989834976932978,0.9998313357157164,0.274974392229315,0.9805825242718447,0.02036556032086334,0.002140560031861608
8,pcg80,0.9999973177884272,1.0,0.27499547514608375,1.0,0.000494729430504309,9.241590369799568e-05
8,poisson_pcg80,1.0,1.0,0.27499547514608375,1.0,4.458536103810985e-13,5.581271767825156e-14
8,poisson,0.46898413471854655,0.8811654702044001,0.21392344148981998,0.49514563106796117,2.672612564804866,5.682410219545655
8,amg,0.9923764841570701,0.9991988446496527,0.2748000579640814,0.9611650485436893,0.08512281047412519,0.04654159154193146
8,oracle,1.0,1.0,0.27499547514608375,1.0,4.5194341911592326e-13,5.611622816128592e-14
9,ensemble,0.19057691018167514,0.6307095495609458,0.16927878307710478,0.2621359223300971,,
9,raw,0.3663717388777627,0.7561430694791436,0.17467174789753967,0.32038834951456313,,
9,smoothed,0.4463978010335455,0.7744536858416875,0.1493121128563381,0.23300970873786409,,
9,prediction_magnitude,0.32243681156569626,0.6930099195682194,0.114320181108167,0.10679611650485436,,
9,boundary_distance,0.3460758737477486,0.7148150490707652,0.12371892214512478,0.11341571050308916,,
9,jacobi1,0.36662008931764534,0.7700367898970094,0.1866902436252448,0.3592233009708738,0.8614524156170638,0.524104558881412
9,jacobi5,0.5150383779772547,0.8604935538618851,0.2544838078437477,0.5533980582524272,0.6964105902021401,0.28185559709354724
9,jacobi10,0.5969871276196267,0.9008359423589809,0.27266722514746544,0.6019417475728155,0.5913722073308878,0.20523333471298655
9,jacobi20,0.7021208135147698,0.9596892360562074,0.3045595209848224,0.7184466019417476,0.4671470442699549,0.14910343744014748
9,jacobi40,0.8019231904012588,0.9852840411962515,0.3221103015295857,0.8155339805825242,0.3340293454672801,0.11090444910347022
9,jacobi80,0.8965148013375294,0.9939070027302531,0.32907327357067484,0.8737864077669902,0.21566380338549837,0.08265845559203845
9,cg5,0.39855730545025386,0.7887374424169592,0.1991648675064628,0.4077669902912621,0.8076594056882191,0.3103617012483981
9,pcg5,0.5801894311923323,0.8953438116019945,0.26460826344010724,0.5631067961165048,0.583726719267826,0.166412291677554
9,poisson_pcg5,0.9946234957263428,0.9995572562537555,0.33530946768329073,0.9611650485436893,0.049103196583577445,0.032099093108289116
9,cg10,0.5084866850547171,0.8547273436429377,0.2591892272305223,0.5728155339805825,0.6725406894778155,0.19986756815431947
9,pcg10,0.7482421567663257,0.9795072894595364,0.31906905587149953,0.7961165048543689,0.36689139978727286,0.07381632033921819
9,poisson_pcg10,0.9999989382912523,1.0,0.3355438428556985,1.0,0.00034531249500506267,0.00030228905994466655
9,cg20,0.701218584596953,0.9557888744821479,0.3058725456290347,0.7475728155339806,0.45141777939522437,0.10271793247533
9,pcg20,0.9295504948680352,0.9962261366391533,0.33086499947741116,0.9029126213592233,0.16809568837294736,0.031551382763352294
9,poisson_pcg20,1.0,1.0,0.3355438428556985,1.0,8.694698942960557e-08,5.767923538091013e-08
9,cg40,0.912322147020957,0.9983660647460021,0.3335067029171354,0.9320388349514563,0.1691765603923383,0.03379901001149096
9,pcg40,0.9954861843752235,0.9999683754466968,0.3355234379936023,0.9902912621359223,0.040877633160099215,0.005355213751610352
9,poisson_pcg40,1.0,1.0,0.3355438428556985,1.0,4.1618720547270137e-13,5.0627322035479414e-14
9,cg80,0.9980017523782275,0.9997786281268777,0.3354995099559406,0.970873786407767,0.024105125518853812,0.0037815204205474406
9,pcg80,0.9999980665724912,0.9999894584822323,0.3355434405387894,0.9902912621359223,0.000435240834541336,0.00013006649192390571
9,poisson_pcg80,1.0,1.0,0.3355438428556985,1.0,4.1618720547270137e-13,5.0627322035479414e-14
9,poisson,0.6326711698018739,0.9429809303943582,0.28468933014770514,0.6407766990291263,2.7398806570364176,6.429292488508049
9,amg,0.984154388098133,0.9995994223248263,0.3350473882454575,0.970873786407767,0.10384191283744444,0.042937062780970925
9,oracle,1.0,1.0,0.3355438428556985,1.0,4.2136254223653977e-13,5.10642217049988e-14
10,ensemble,0.3846866841606466,0.6539535962387865,0.1759620875692413,0.23300970873786409,,
10,raw,0.31923658670695937,0.8286792532388814,0.18625983932540113,0.4077669902912621,,
10,smoothed,0.44881891048565903,0.9113458355734059,0.184510003330204,0.4077669902912621,,
10,prediction_magnitude,0.7127351293720048,0.7886847348281205,0.12617778179586328,0.009708737864077669,,
10,boundary_distance,0.7476746477932661,0.8661912442153421,0.19722695640029467,0.36076787290379525,,
10,jacobi1,0.2477459699771118,0.7237700684144504,0.16140170619661984,0.3106796116504854,0.9855257241831835,0.5881767547285914
10,jacobi5,0.16531368464344467,0.6765967764038666,0.14776007536414618,0.2912621359223301,0.966448300325704,0.3714185449501584
10,jacobi10,0.20553798458622416,0.7118792363724529,0.15742206278930798,0.3106796116504854,0.9516606713807049,0.3192191734360905
10,jacobi20,0.2795208452542737,0.7823809072030191,0.16882117921949769,0.3592233009708738,0.9294385175989894,0.29125446851433956
10,jacobi40,0.3437662832594235,0.8648155761466536,0.19287512240627308,0.4563106796116505,0.8946272428958812,0.27399587560210986
10,jacobi80,0.45819360873685705,0.9379947924902228,0.2257943288721491,0.6116504854368932,0.8355536837002852,0.2543346059894574
10,cg5,0.2530626609326943,0.7380327419541866,0.17266254686110466,0.32038834951456313,0.9766825910186514,0.3726364490439324
10,pcg5,0.19477665000715255,0.69950349451314,0.15118085826798303,0.30097087378640774,0.9527720525528189,0.3095511782564159
10,poisson_pcg5,0.9994269566733424,0.9995994223248263,0.270613112684685,0.9611650485436893,0.023182864138269206,0.03582122413352346
10,cg10,0.2334007648773335,0.7597271855201712,0.17309775560355042,0.36893203883495146,0.9557065561987372,0.3087677770569106
10,pcg10,0.3431202949538659,0.838778027260365,0.19113196334779128,0.44660194174757284,0.9037207361032426,0.2765573225117902
10,poisson_pcg10,0.9999990835777127,1.0,0.2706936062216221,1.0,0.000483779694675273,0.0006795322636150598
10,cg20,0.3069120592232315,0.9518990544258562,0.21484698282414133,0.6310679611650486,0.8741893847696097,0.2649080718235641
10,pcg20,0.8366836242042771,0.9870971822523007,0.2590570328031289,0.7961165048543689,0.459628056838922,0.18321999891172525
10,poisson_pcg20,1.0,1.0,0.2706936062216221,1.0,8.035281584592512e-08,2.121794114805237e-07
10,cg40,0.8333637503576281,0.9972486638626229,0.26908928559848894,0.9029126213592233,0.41549310779185306,0.14464880957495121
10,pcg40,0.9905738815177743,0.9998102526801809,0.2706461620388335,0.970873786407767,0.06325705442500118,0.030089929620328915
10,poisson_pcg40,1.0,1.0,0.2706936062216221,1.0,1.8369438067018726e-13,6.523780062440768e-14
10,cg80,0.9884755985802159,0.9998102526801809,0.2706696163358199,0.9805825242718447,0.06878707425913404,0.03295179951476102
10,pcg80,0.9999993070953436,1.0,0.2706936062216221,1.0,0.00023399720377361352,0.00012418705869635647
10,poisson_pcg80,1.0,1.0,0.2706936062216221,1.0,1.8344633962896458e-13,6.524867792776306e-14
10,poisson,0.7850589080716686,0.9624300306758167,0.23990620075622682,0.7184466019417476,1.0134796791635332,6.643239138234391
10,amg,0.9978485757456546,0.9998524187512519,0.27066527513653615,0.9902912621359223,0.10583710119665332,0.05758508122671243
10,oracle,1.0,1.0,0.2706936062216221,1.0,1.6783882102294962e-13,6.025182429731222e-14
11,ensemble,0.14134130695229238,0.6442448583747088,0.1237852526446153,0.20388349514563106,,
11,raw,0.10653898594521134,0.6140117854168643,0.12298811720236251,0.1553398058252427,,
11,smoothed,0.07641999633431083,0.6376458682521109,0.13041224920595323,0.18446601941747573,,
11,prediction_magnitude,0.4496120180959874,0.8103264708052665,0.12165892516833313,0.1553398058252427,,
11,boundary_distance,0.31568950671933377,0.7897019912927064,0.22070832568261042,0.5178729037952339,,
11,jacobi1,0.23151083389957797,0.6654754751589134,0.1682563958899115,0.27184466019417475,0.9298940002760632,0.5798280825395421
11,jacobi5,0.2892991492918961,0.6948652266953396,0.20003684606053468,0.36893203883495146,0.8250999125477603,0.37462140017649886
11,jacobi10,0.411801306237036,0.7902343379399765,0.2141179993278855,0.42718446601941745,0.7468777110683934,0.2903898616854425
11,jacobi20,0.5583312732458335,0.8820720407324246,0.23473505172107342,0.5339805825242718,0.6470465640566163,0.2109632971056683
11,jacobi40,0.6892223933373863,0.9385007853430737,0.26096639112344405,0.6601941747572816,0.5233375599964146,0.14179904430722837
11,jacobi80,0.8055720933767254,0.973277252458809,0.27514895747525003,0.7475728155339806,0.368514940456135,0.08465168763439074
11,cg5,0.24611017854588366,0.6744463067792501,0.1826078994931996,0.2912621359223301,0.8476553539567571,0.3500515338178673
11,pcg5,0.4271505748873471,0.8062469034291557,0.2131902428449507,0.4174757281553398,0.7236554324183532,0.2658415810053435
11,poisson_pcg5,0.996629935269294,0.9997997111624132,0.28446321591508,0.9805825242718447,0.044248077687144644,0.033265832708768144
11,cg10,0.32966292423646376,0.7568598926873491,0.21509455949455225,0.39805825242718446,0.7272503767811243,0.22715994843872286
11,pcg10,0.6630367999427794,0.9298461992557688,0.2509993654201592,0.6504854368932039,0.5348605169206745,0.13982818844779776
11,poisson_pcg10,0.9999946355768543,1.0,0.2845945794386549,1.0,0.0009090943836974013,0.0008447275267147824
11,cg20,0.5361237572419713,0.9059696615118645,0.25181829435791625,0.5728155339805825,0.5647909855390726,0.11106296508113593
11,pcg20,0.8839775074207852,0.9842825970083172,0.2772714339457461,0.7961165048543689,0.25174274450079454,0.04524812127869899
11,poisson_pcg20,1.0,1.0,0.2845945794386549,1.0,6.413056191380637e-07,4.1878975899268373e-07
11,cg40,0.7193278601316071,0.9692082266004659,0.2713185615138152,0.7184466019417476,0.397610732850722,0.0610993822393808
11,pcg40,0.9892031596452326,0.9992515522384913,0.28405656997839585,0.941747572815534,0.07007962602507842,0.012921545625533526
11,poisson_pcg40,1.0,1.0,0.2845945794386549,1.0,1.1745615465872247e-13,2.535734301050677e-14
11,cg80,0.9949417177776982,0.9996205053603617,0.28435531322762325,0.9611650485436893,0.0491137493241677,0.01143050447155774
11,pcg80,0.9999940544310134,1.0,0.2845945794386549,1.0,0.0010263384196295918,0.0003613755726810423
11,poisson_pcg80,1.0,1.0,0.2845945794386549,1.0,1.1833322279872066e-13,2.411029974948065e-14
11,poisson,0.549789804019741,0.8573943476381729,0.22233423957055476,0.4563106796116505,3.318803887636992,6.603042535114684
11,amg,0.9904821275302195,0.99953617321822,0.2837782094385109,0.9611650485436893,0.11176968301286826,0.06637092034539711
11,oracle,1.0,1.0,0.2845945794386549,1.0,1.1816749367950035e-13,2.4176581584267972e-14
12,ensemble,0.3032630333130677,0.6418624753592023,0.13286610618937453,0.17475728155339806,,
12,raw,0.22539074234675627,0.6894258035271918,0.13284254588836816,0.2621359223300971,,
12,smoothed,0.30013292593519775,0.6981014726500322,0.12056649287427564,0.17475728155339806,,
12,prediction_magnitude,0.6736127266468778,0.7998060360730738,0.15471107232660522,0.27184466019417475,,
12,boundary_distance,0.7155539839245466,0.8354100123335758,0.1666575311142792,0.3283318623124449,,
12,jacobi1,0.15929842285959517,0.6826581491203103,0.14436735142828142,0.2912621359223301,0.9572523205966886,0.49692044936630425
12,jacobi5,0.1439663091874687,0.775560545207299,0.13729822163823655,0.34951456310679613,0.9191810761282461,0.2860056210008654
12,jacobi10,0.15427160074386667,0.8210788189283493,0.1332383720904959,0.36893203883495146,0.8914180453590068,0.22535658539612646
12,jacobi20,0.2060367865317216,0.8652794029284336,0.14643574149239316,0.42718446601941745,0.8498252611477353,0.18333081848751354
12,jacobi40,0.3079170056684071,0.9058642463341872,0.15880344253921028,0.46601941747572817,0.7889907789892676,0.15616015301577657
12,jacobi80,0.47210360265717755,0.943845334851312,0.18343141975667984,0.5533980582524272,0.6998149532934806,0.13347258462506156
12,cg5,0.1879911576425148,0.7878414134067023,0.14279559517509957,0.39805825242718446,0.9272633440530544,0.24892612510728576
12,pcg5,0.150941780362635,0.8132359297091595,0.13310000724056295,0.36893203883495146,0.8970934614193874,0.19382030259393834
12,poisson_pcg5,0.9966605348329877,0.9989247651876917,0.22838679555960772,0.941747572815534,0.04671669519133789,0.034074225809221294
12,cg10,0.17060474930262498,0.8254219242486533,0.1487393736697405,0.42718446601941745,0.8902573155290048,0.179379591876239
12,pcg10,0.26315958935340816,0.8829048206360752,0.1568096492384012,0.46601941747572817,0.8119764328848977,0.1514154077735694
12,poisson_pcg10,0.9999953284815107,1.0,0.22881989120698726,1.0,0.0013162671094955165,0.0008594469667074055
12,cg20,0.32811079545454547,0.8960500932924322,0.17294808712230406,0.5825242718446602,0.7722437916379734,0.1387830228369273
12,pcg20,0.7100896417459408,0.9562737842994634,0.20514068976495273,0.6116504854368932,0.4869333004427678,0.10231518359641045
12,poisson_pcg20,1.0,1.0,0.22881989120698726,1.0,4.799683119787279e-07,5.512836585940256e-07
12,cg40,0.8854664030648736,0.981889672475043,0.22364675989399688,0.8155339805825242,0.311438213205634,0.0716032262659729
12,pcg40,0.9966721912774479,0.9980287361774348,0.22788335585266908,0.9029126213592233,0.04829179786147345,0.014758755998719826
12,poisson_pcg40,1.0,1.0,0.22881989120698726,1.0,1.6639517890967032e-13,3.697574939370944e-14
12,cg80,0.9995297300801086,0.9999051263400904,0.22878175910657647,0.9805825242718447,0.016820782334226632,0.004768551032897822
12,pcg80,0.9999988153565551,1.0,0.22881989120698726,1.0,0.00037355255355347235,0.00013186042130492224
12,poisson_pcg80,1.0,1.0,0.22881989120698726,1.0,1.676135034674305e-13,3.437722764870607e-14
12,poisson,0.7260638992203705,0.9199266310363367,0.19174186455150802,0.5145631067961165,2.6359504278642403,7.613585493822701
12,amg,0.9977243781739502,0.9987455593856404,0.22821104786889962,0.9320388349514563,0.06547818010902542,0.044503456843255774
12,oracle,1.0,1.0,0.22881989120698726,1.0,1.6042910398481304e-13,3.299440522090084e-14
13,ensemble,0.26328074708533006,0.6343042071197411,0.12945701919662997,0.13592233009708737,,
13,raw,0.3913361883985409,0.7872721714472449,0.1794652600733461,0.2815533980582524,,
13,smoothed,0.36507808588441454,0.8172311649431285,0.19813343348011542,0.3106796116504854,,
13,prediction_magnitude,0.22314482601387595,0.5867408789517514,0.08641105779505937,0.02912621359223301,,
13,boundary_distance,0.2588974335967069,0.6010509893214425,0.13992171290834318,0.17740511915269197,,
13,jacobi1,0.3069311029253987,0.6816672464501439,0.1892340415366009,0.30097087378640774,0.8866164776313377,0.5652334248357429
13,jacobi5,0.4319582267899291,0.7707641546229826,0.23046377306245042,0.42718446601941745,0.7557768611209579,0.3853132714961582
13,jacobi10,0.503207578588799,0.840211673676776,0.25085812313419725,0.47572815533980584,0.6663833715142405,0.3148913179649205
13,jacobi20,0.592691219333381,0.9063069900804318,0.28030927212046813,0.5728155339805825,0.5463177739119925,0.23767333822697342
13,jacobi40,0.7045823237786997,0.9637582619145505,0.30352573649006287,0.6990291262135923,0.40722815534395423,0.15955581409122443
13,jacobi80,0.8091043648522994,0.9855054130693738,0.31890761301921283,0.8155339805825242,0.2900170919791447,0.09729014392204023
13,cg5,0.3906299844431728,0.7978558552860441,0.238940454504776,0.4563106796116505,0.7451278700657673,0.34246233229374257
13,pcg5,0.4822460839711037,0.8287635853810231,0.25518734547247046,0.47572815533980584,0.6368644911294488,0.2773136443976479
13,poisson_pcg5,0.9775202395214933,0.9982817326038603,0.3288277071079875,0.9320388349514563,0.09624047354787843,0.03765737843788008
13,cg10,0.5280045575244975,0.9239534908236088,0.29153671932314273,0.6407766990291263,0.531181171292128,0.19068721544057327
13,pcg10,0.663610793219369,0.9623562400514426,0.3026114821861015,0.6893203883495146,0.39893200007683793,0.12253485147187203
13,poisson_pcg10,0.9999649636113296,1.0,0.3305623036574009,1.0,0.002847645486987066,0.001004550364982368
13,cg20,0.7434066545669122,0.9727290935348871,0.31703649842908094,0.8058252427184466,0.34287011002131684,0.0756533388186258
13,pcg20,0.8414600730455617,0.988984113932724,0.3208367370247214,0.8446601941747572,0.25561582729942295,0.03317090901439657
13,poisson_pcg20,1.0,1.0,0.3305623036574009,1.0,2.578404077341051e-07,2.608573163749566e-07
13,cg40,0.9192231868249768,0.9971010826138748,0.32569363015405706,0.8932038834951457,0.1907659287045786,0.02815979405273828
13,pcg40,0.9495888169658823,0.9987139348323372,0.3286686690949904,0.941747572815534,0.13744031554534245,0.015603314151669495
13,poisson_pcg40,1.0,1.0,0.3305623036574009,1.0,2.82725917926368e-13,3.437714745428353e-14
13,cg80,0.9867367431693012,0.9995994223248263,0.3300745512729126,0.9611650485436893,0.06452819834392487,0.007200449942145519
13,pcg80,0.999994914973893,1.0,0.3305623036574009,1.0,0.0007063788785532958,0.00012045479096695366
13,poisson_pcg80,1.0,1.0,0.3305623036574009,1.0,2.8800737103339815e-13,3.3780045170138706e-14
13,poisson,0.3973867212645733,0.8606200520750977,0.23840357564980533,0.4854368932038835,3.9940958653184664,6.685168483860616
13,amg,0.9372431335383734,0.9945816598673877,0.3260461927575863,0.8640776699029126,0.19954829471630398,0.07081565204845323
13,oracle,1.0,1.0,0.3305623036574009,1.0,2.820422993919778e-13,3.3065837067011465e-14
14,ensemble,0.07594401553894571,0.6108493300865458,0.1117410091534929,0.14563106796116504,,
14,raw,0.2759108008189685,0.7376216227612452,0.13205051695290126,0.18446601941747573,,
14,smoothed,0.34039171464845147,0.769741627399513,0.1375719781856438,0.21359223300970873,,
14,prediction_magnitude,-0.051508319326228444,0.5212569705786239,0.07978986150762767,0.08737864077669903,,
14,boundary_distance,0.014233764255020195,0.5579572646869696,0.09903930703758647,0.073918799646955,,
14,jacobi1,0.26001062826335736,0.7284188777500185,0.18313162379509831,0.36893203883495146,0.8844497502448214,0.5345496190130075
14,jacobi5,0.3746748265503182,0.7544142605652362,0.20560578579016967,0.4077669902912621,0.7547355946458928,0.31598658890083003
14,jacobi10,0.5017750652671483,0.8516808450080643,0.22527156835021947,0.47572815533980584,0.6622085338065185,0.24458660264177062
14,jacobi20,0.6121467192082111,0.9230258372600487,0.25095528561957836,0.6019417475728155,0.5425097163379969,0.17814942864773167
14,jacobi40,0.7365358678742578,0.9647807891380201,0.26988949117200195,0.7184466019417476,0.4051466735561693,0.12179924115984787
14,jacobi80,0.8816925872612831,0.9893214425012913,0.27783903066131643,0.7864077669902912,0.25676941812893195,0.076732912328608
14,cg5,0.33550868142479073,0.7831504380000632,0.2019735892155559,0.4077669902912621,0.7921345926925957,0.3149354904943382
14,pcg5,0.49402285914812955,0.8422040205348766,0.2255203194425833,0.47572815533980584,0.6470218488606639,0.23457864489261823
14,poisson_pcg5,0.99103677535584,0.9986085196546599,0.2838552506413898,0.9514563106796117,0.07420259059637066,0.03552682786343874
14,cg10,0.40261678796223443,0.8440487861442291,0.22781350521328952,0.4854368932038835,0.6699706988994921,0.19737192928891897
14,pcg10,0.6902104306737715,0.9575176833960554,0.2691928146291121,0.7087378640776699,0.4132760258138751,0.1145733299333266
14,poisson_pcg10,0.9999886229525784,1.0,0.28428022110616086,1.0,0.0016242858892555263,0.0008476592730077742
14,cg20,0.6736669632000573,0.9602901025689679,0.2638330530709618,0.7087378640776699,0.4417822905425656,0.10736299257652453
14,pcg20,0.9695001139939916,0.9976176169844935,0.28335140874624787,0.9320388349514563,0.11296500105285898,0.037428562663622204
14,poisson_pcg20,1.0,1.0,0.28428022110616086,1.0,1.958842860116873e-07,1.6245151421244887e-07
14,cg40,0.9330266075388026,0.9970062089539652,0.2830070289232146,0.912621359223301,0.16899673286745148,0.037100833348023075
14,pcg40,0.9999097659323367,1.0,0.28428022110616086,1.0,0.005468812820857916,0.000962186657376371
14,poisson_pcg40,1.0,1.0,0.28428022110616086,1.0,9.568509118800423e-14,3.3688373028642324e-14
14,cg80,0.9983453883842357,0.9999789169644645,0.28423948055662984,0.9902912621359223,0.024621619109342827,0.003869421396247907
14,pcg80,0.9999995306129746,1.0,0.28428022110616086,1.0,8.255831757749966e-05,2.014779411924653e-05
14,poisson_pcg80,1.0,1.0,0.28428022110616086,1.0,9.568509118800423e-14,3.3688373028642324e-14
14,poisson,0.5799366327515914,0.908626123989332,0.22227875897850652,0.5048543689320388,2.9714325733839533,6.484344823827018
14,amg,0.9839612241613618,0.998218483497254,0.2832384833900598,0.941747572815534,0.11885536749540043,0.045601015858732656
14,oracle,1.0,1.0,0.28428022110616086,1.0,9.41754391410888e-14,3.3965249733442376e-14
15,ensemble,0.2450006146734854,0.6455836311312103,0.14266367910772332,0.21359223300970873,,
15,raw,0.2516479619662399,0.6442343168569411,0.14077019074689867,0.21359223300970873,,
15,smoothed,0.2735297121986982,0.6915024825274343,0.15794490886241716,0.2524271844660194,,
15,prediction_magnitude,0.5478764483942493,0.8694433024466863,0.226976080092893,0.4563106796116505,,
15,boundary_distance,0.3455444188470425,0.7243445811327915,0.10655835942759835,0.08428949691085613,,
15,jacobi1,0.347827218636006,0.6894152620094242,0.1795485834917122,0.32038834951456313,0.9177892310852499,0.5722925086522407
15,jacobi5,0.4029670065624776,0.7478996025847802,0.21105728297667783,0.4077669902912621,0.8166539649371118,0.338344881160911
15,jacobi10,0.43286379729633073,0.8373654638794894,0.22819104881010094,0.46601941747572817,0.7496890183046664,0.2474207192578719
15,jacobi20,0.5028918152313855,0.9055901668722263,0.23458596428846645,0.5048543689320388,0.6720013638515803,0.1723384603575086
15,jacobi40,0.5860489347149703,0.9397130598863624,0.25725714428903673,0.6019417475728155,0.5885810814861672,0.12252910107663414
15,jacobi80,0.6691250402331735,0.9625565288890294,0.2759122152918792,0.6990291262135923,0.5009450403550104,0.09347848846178082
15,cg5,0.3884238095450968,0.7452536816250804,0.19469358338745088,0.3300970873786408,0.8505577993833856,0.2941769215738396
15,pcg5,0.41811227067091045,0.8278570148529986,0.2232906879081525,0.4563106796116505,0.7366439762588629,0.20940767569015833
15,poisson_pcg5,0.9824795704885201,0.9998524187512519,0.3157424468605152,0.9805825242718447,0.07950663549591866,0.03581193145936748
15,cg10,0.44512219708890627,0.8010499351696657,0.21170860927514698,0.4077669902912621,0.7651355467333197,0.18010533849328333
15,pcg10,0.5509142429904871,0.9268734912452695,0.24644728768133323,0.5533980582524272,0.6076745441269025,0.10656329137991351
15,poisson_pcg10,0.999987907696159,1.0,0.31597897358970856,1.0,0.0015378986827463267,0.0009136855194245551
15,cg20,0.5251919010621557,0.8677882841571529,0.23943000328653938,0.4854368932038835,0.6480230425493566,0.10082882553010242
15,pcg20,0.7172075495315069,0.9707262051590188,0.2940956281578219,0.7669902912621359,0.4407752603276043,0.06361217550427803
15,poisson_pcg20,1.0,1.0,0.31597897358970856,1.0,1.9835993478362778e-07,2.032198199177888e-07
15,cg40,0.7533160293433946,0.9767559533221594,0.29152112023319404,0.7184466019417476,0.42616701273699353,0.06000456298820123
15,pcg40,0.9758600287890706,0.9990828879542076,0.3154304702043529,0.9514563106796117,0.09473401902015025,0.018850300992817672
15,poisson_pcg40,1.0,1.0,0.31597897358970856,1.0,1.4918815650770886e-13,2.9349006563168064e-14
15,cg80,0.990055220030756,0.9997575450913423,0.3158416268289243,0.970873786407767,0.05127406793353295,0.010808177169512089
15,pcg80,0.9999933615263572,1.0,0.31597897358970856,1.0,0.0009317580125920001,0.00021818755015000143
15,poisson_pcg80,1.0,1.0,0.31597897358970856,1.0,1.4936535298423166e-13,2.8843117410356684e-14
15,poisson,0.5566892009691724,0.8460727575556328,0.21706470796375713,0.44660194174757284,3.140132972340833,6.87401045454335
15,amg,0.9706466812102138,0.9986401442079631,0.3148991127774657,0.9320388349514563,0.1150785582166368,0.0577768989428257
15,oracle,1.0,1.0,0.31597897358970856,1.0,1.5220889004268656e-13,2.934401175374902e-14
16,ensemble,0.32836410798583787,0.6799700620895397,0.13679827187701235,0.1941747572815534,,
16,raw,0.21476445712037762,0.7415746919241433,0.16322337968698677,0.2912621359223301,,
16,smoothed,0.30413452855661255,0.8037801882715073,0.19006748694489892,0.36893203883495146,,
16,prediction_magnitude,0.5098153520849724,0.716064218926241,0.18855493444956545,0.3300970873786408,,
16,boundary_distance,0.47716832194225667,0.7286455203820246,0.21711707803759533,0.46293027360988526,,
16,jacobi1,0.2604841838924254,0.7069458060571561,0.1718052582152456,0.2621359223300971,0.9480223269999867,0.5020956136285278
16,jacobi5,0.2475691675309348,0.677745801840549,0.18341950740331064,0.34951456310679613,0.8958624665129145,0.3102154003992397
16,jacobi10,0.2737304086796366,0.7344802504664621,0.18090009289246714,0.34951456310679613,0.8626369947982606,0.24536654260677765
16,jacobi20,0.31811533286245613,0.7693937573131779,0.18459041648003932,0.36893203883495146,0.8223875112422385,0.18824710906678505
16,jacobi40,0.39035474483227234,0.8284789644012945,0.19540674153333643,0.42718446601941745,0.7666922681124091,0.15121746632376187
16,jacobi80,0.4890303358128889,0.9109030918271612,0.22846471959986295,0.5533980582524272,0.6705908074669215,0.12331461142480307
16,cg5,0.23252200531077893,0.7144829912610817,0.17944693080206903,0.30097087378640774,0.8835861510505149,0.29536295180650496
16,pcg5,0.266604051927616,0.7247715126023845,0.18874820014821517,0.3883495145631068,0.8547538043596018,0.2306789600078676
16,poisson_pcg5,0.990538286335026,0.9994834656293813,0.3009762323928621,0.9611650485436893,0.06401138582505587,0.047736742666402154
16,cg10,0.27828611150847576,0.768192024287657,0.19558746648869677,0.4077669902912621,0.8211516345526828,0.1854953862048424
16,pcg10,0.3542220915885845,0.8072378060993222,0.18972010392432495,0.39805825242718446,0.7910341661452868,0.14472800700565083
16,poisson_pcg10,0.9999915510335454,1.0,0.30143593886338177,1.0,0.0011064579677484792,0.000945532624455609
16,cg20,0.38640552356769897,0.8983059780947261,0.2260692609979023,0.5339805825242718,0.7145637108494786,0.12228672004647159
16,pcg20,0.6710821717867105,0.9800554483834583,0.2826802258293047,0.7669902912621359,0.4634841976544066,0.08020392637739202
16,poisson_pcg20,0.9999999888241183,1.0,0.30143593886338177,1.0,1.2654497786908368e-06,7.864127862637529e-07
16,cg40,0.6750638589871969,0.98914223669924,0.2902640712427371,0.8349514563106796,0.4517296066211802,0.07193268958485875
16,pcg40,0.9837594771475572,0.9994307580405427,0.30106573265788195,0.941747572815534,0.07483983889375638,0.020281154074834044
16,poisson_pcg40,1.0,1.0,0.30143593886338177,1.0,1.2990132277881595e-13,9.72881952086768e-14
16,cg80,0.9943562803983977,0.9999894584822323,0.30143289117897126,0.9902912621359223,0.04874266046757204,0.011810340859446744
16,pcg80,0.9999991059294756,1.0,0.30143593886338177,1.0,0.00022749927513742116,8.16144267503264e-05
16,poisson_pcg80,1.0,1.0,0.30143593886338177,1.0,7.8192139878685e-14,1.7586222957643283e-14
16,poisson,0.23241857252700093,0.7498708664073453,0.1328675975616096,0.18446601941747573,2.432236851785486,6.3789025844179585
16,amg,0.978724664276518,0.9953617321821996,0.29883376850184046,0.9029126213592233,0.175445318077756,0.06929525910609426
16,oracle,1.0,1.0,0.30143593886338177,1.0,7.323209907842234e-14,1.6726977021817927e-14
17,ensemble,0.24192148049138115,0.530754878087347,0.12533537012312532,0.14563106796116504,,
17,raw,0.2382399662935412,0.6645899876664242,0.19247560283029946,0.32038834951456313,,
17,smoothed,0.4098062549173879,0.7641862475359202,0.20326549362609078,0.3592233009708738,,
17,prediction_magnitude,0.32647206476646873,0.5988636243846389,0.07781558652384264,0.009708737864077669,,
17,boundary_distance,0.42115112640074714,0.7140560597914888,0.12027343705485279,0.0939982347749338,,
17,jacobi1,0.2027865384271511,0.6146653595184635,0.15840803844742823,0.1941747572815534,0.9686048062216351,0.6452223139947597
17,jacobi5,0.22709833881696587,0.6411245691154612,0.17866110127162813,0.2912621359223301,0.9222140422882684,0.4023896364835997
17,jacobi10,0.2871719655246406,0.7259732456279056,0.2054022968110587,0.4174757281553398,0.8851850742019935,0.31808414042199307
17,jacobi20,0.40071115487089615,0.8084289976070754,0.21562760748368756,0.47572815533980584,0.8301657787485344,0.2570160383047946
17,jacobi40,0.5343956083255846,0.9015738486027218,0.252165426839795,0.6310679611650486,0.7510162602357123,0.21646320700302363
17,jacobi80,0.6377559835669837,0.9542603544058273,0.2701553512703126,0.7087378640776699,0.6431869797596736,0.18107051605932103
17,cg5,0.2286786531721622,0.6864109294456215,0.19333777305631297,0.33980582524271846,0.9402695520972054,0.35234664951417455
17,pcg5,0.28391032919676706,0.7256780831304092,0.19177009076841095,0.36893203883495146,0.8859401726457974,0.2749845392919077
17,poisson_pcg5,0.9981980902653601,0.9995467147359877,0.29601974663643366,0.941747572815534,0.03209024949974319,0.03681110479586496
17,cg10,0.21933804135970245,0.6846610374961787,0.19075500538183449,0.34951456310679613,0.9034642324107062,0.2609986659860405
17,pcg10,0.5260292763393175,0.8852555790982786,0.24205325237079306,0.5631067961165048,0.7599038734542753,0.20231566599101106
17,poisson_pcg10,0.9999998100100135,1.0,0.2962866934816637,1.0,0.00013854337987621266,0.0002955634133828465
17,cg20,0.438005596881482,0.90668648472007,0.2536675857067959,0.6213592233009708,0.7543904635697326,0.20169244472068215
17,pcg20,0.7230563689113796,0.9771459894795652,0.2800764127003466,0.7378640776699029,0.4267840945104644,0.11796070102202387
17,poisson_pcg20,1.0,1.0,0.2962866934816637,1.0,3.3928965248271456e-08,4.5874244359014884e-08
17,cg40,0.7961591065553252,0.9912716232883211,0.29078730322316954,0.8349514563106796,0.35771241988335195,0.0861640733107647
17,pcg40,0.9874889470531434,0.9993885919694717,0.2960558545041915,0.9611650485436893,0.07882052380255195,0.021534797421590892
17,poisson_pcg40,1.0,1.0,0.2962866934816637,1.0,1.2567438207945835e-13,3.377058527301471e-14
17,cg80,0.9681242288641727,0.9999472924111613,0.29626069110050446,0.9902912621359223,0.09796622457052612,0.023968911238837237
17,pcg80,0.9999994300300405,1.0,0.2962866934816637,1.0,0.00020633412245691683,0.00011470090673721702
17,poisson_pcg80,1.0,1.0,0.2962866934816637,1.0,1.2567438207945835e-13,3.377058527301471e-14
17,poisson,0.8236921648129605,0.9712321980118698,0.28150368188522984,0.7669902912621359,2.008938590503107,6.201378272383926
17,amg,0.9956911947464415,0.9999683754466968,0.2962661200121667,0.9902912621359223,0.0647100463454326,0.04387831525381097
17,oracle,1.0,1.0,0.2962866934816637,1.0,1.2720719921622556e-13,3.407094117801045e-14
18,ensemble,0.13174335929118086,0.5747551732498445,0.11897754406585895,0.18446601941747573,,
18,raw,0.113363605071168,0.7051853725899455,0.15941214724504055,0.3300970873786408,,
18,smoothed,0.16448464657392173,0.7716496421154718,0.1741236022074026,0.4077669902912621,,
18,prediction_magnitude,0.28631734586224156,0.6847769941916237,0.0741513453069869,0.009708737864077669,,
18,boundary_distance,0.35408351055092285,0.7232482632849477,0.11129007149898779,0.1736540158870256,,
18,jacobi1,0.13324577775194907,0.7016223395844534,0.16150540832777202,0.3300970873786408,0.9331644611469487,0.5561118895273129
18,jacobi5,0.10427879801158714,0.7120268176212011,0.16496668445923549,0.3300970873786408,0.8524421450118966,0.3307126123229321
18,jacobi10,0.15201710133395321,0.7803569357916152,0.1715463551296403,0.3786407766990291,0.8005716376140143,0.2509120029836427
18,jacobi20,0.24410046446963732,0.8431738401695076,0.17857186703351052,0.44660194174757284,0.7397025692978195,0.1977006507877131
18,jacobi40,0.37803253075602594,0.8919283598452505,0.18996015467659547,0.5145631067961165,0.6660637419911931,0.16890778284750602
18,jacobi80,0.5568459427079608,0.9261777510725995,0.2116024788885658,0.6019417475728155,0.5714834839785196,0.1455552502438394
18,cg5,0.10614942824189971,0.7090014020218631,0.15521485518746117,0.3300970873786408,0.907280732504931,0.3300678534419642
18,pcg5,0.13964115361919746,0.7594952721292811,0.17453614600496925,0.3786407766990291,0.7929433108867688,0.19326262576520145
18,poisson_pcg5,0.9971356103819469,0.9994518410760781,0.2472261773171132,0.970873786407767,0.03931766563082734,0.034318379873076996
18,cg10,0.07044411835705601,0.7114892002150469,0.15479194776217334,0.3106796116504854,0.8485147467337655,0.21369563525819282
18,pcg10,0.2991124338387812,0.8751673465945626,0.1843264632219788,0.4854368932038835,0.7002806990904104,0.11277473500718165
18,poisson_pcg10,0.999999474733567,1.0,0.2473924069593922,1.0,0.0002623567745806768,0.0002740905761772834
18,cg20,0.20113601718403543,0.8498571624342472,0.17754185402797432,0.44660194174757284,0.7523835682350027,0.13481540737559664
18,pcg20,0.68298356921894,0.9354964527792712,0.22022659595142097,0.6407766990291263,0.4833159506717833,0.07741909671524932
18,poisson_pcg20,1.0,1.0,0.2473924069593922,1.0,1.3892998964930543e-08,2.5245289891588566e-08
18,cg40,0.6363733705564695,0.9523207151365654,0.2243011204615498,0.6213592233009708,0.4995475504184323,0.07511985746830491
18,pcg40,0.9908155264287245,0.9981552343906476,0.24670191914621442,0.9223300970873787,0.0656999948851979,0.016893623716679018
18,poisson_pcg40,1.0,1.0,0.2473924069593922,1.0,3.7969880963342943e-13,6.106352676100186e-14
18,cg80,0.9961071610578641,0.9997048375025036,0.24729382966188485,0.970873786407767,0.04163152582108209,0.009587478386300904
18,pcg80,0.9999995082612115,1.0,0.2473924069593922,1.0,0.00010010745764417261,4.572691732983596e-05
18,poisson_pcg80,1.0,1.0,0.2473924069593922,1.0,3.7969880963342943e-13,6.106352676100186e-14
18,poisson,0.5911525016093269,0.9056112499077618,0.18152547686040857,0.46601941747572817,2.336792874960615,6.830802133079259
18,amg,0.9970528529790429,0.9988825991166208,0.24714266074225735,0.941747572815534,0.058651651929498436,0.046634204000000616
18,oracle,1.0,1.0,0.2473924069593922,1.0,3.7291304778622246e-13,5.99205283991897e-14
19,ensemble,0.16881442895715612,0.6781147549624195,0.1603030112738799,0.30097087378640774,,
19,raw,0.3676282991202346,0.7997533284842352,0.2169535709770284,0.4368932038834951,,
19,smoothed,0.48979726950861885,0.8621801967047216,0.20788012208973158,0.4368932038834951,,
19,prediction_magnitude,0.26928012794149203,0.5718140897926484,0.11733109059929965,0.02912621359223301,,
19,boundary_distance,0.29210946043412855,0.6107491856677525,0.11363526786388707,0.04082082965578112,,
19,jacobi1,0.3159874114870181,0.7242022706429272,0.1938268332025148,0.3592233009708738,0.8831079351064074,0.5333784414056447
19,jacobi5,0.41816507671125097,0.7821279107765936,0.19705876693080207,0.3786407766990291,0.7733397856366788,0.3026846394121611
19,jacobi10,0.471093548834132,0.807279972170393,0.21721898611112775,0.46601941747572817,0.7160997129771717,0.23773562110653174
19,jacobi20,0.5541065553250839,0.8579952141509335,0.22838836916141492,0.5242718446601942,0.6408795589062369,0.19003199399445267
19,jacobi40,0.6602559500393391,0.9218346457522955,0.25104330283125403,0.6213592233009708,0.5338149915221222,0.1506646149085396
19,jacobi80,0.7855468582361778,0.9716011511337402,0.280859557823427,0.7669902912621359,0.3899014042112965,0.10909961756008091
19,cg5,0.37098636095415205,0.8013345561493944,0.20818330334032828,0.4174757281553398,0.8106383593119941,0.30107477439702207
19,pcg5,0.4426017564015449,0.7855433625333376,0.21004359216046817,0.4368932038834951,0.7266755035095207,0.19565983207400148
19,poisson_pcg5,0.9923147150597238,0.9997470035735745,0.30210776143526136,0.970873786407767,0.08099908984902773,0.04913692942939563
19,cg10,0.44642463432515556,0.914676955188008,0.23360007393949367,0.5436893203883495,0.6926778872616687,0.18709710683797526
19,pcg10,0.6258567989593018,0.9072873512328306,0.24416095479798172,0.5825242718446602,0.5545036390101535,0.13214194561333575
19,poisson_pcg10,0.9999972507331376,1.0,0.30265532377735316,1.0,0.0006299725170068641,0.00041563378534950754
19,cg20,0.601009539732494,0.9731823787988995,0.26903796265410357,0.7087378640776699,0.5048493320623498,0.10409832595251194
19,pcg20,0.8978190267148273,0.9923046920295584,0.2951236170644454,0.8349514563106796,0.22671769648330933,0.046490199757443486
19,poisson_pcg20,1.0,1.0,0.30265532377735316,1.0,7.100900958669874e-08,5.7509750015165566e-08
19,cg40,0.8715668697696872,0.9977651982332416,0.29923260162857057,0.912621359223301,0.24682136011569578,0.03681242241423649
19,pcg40,0.9797481962127172,0.99976808660911,0.3022142199794002,0.9805825242718447,0.09545118530549754,0.01035166178197111
19,poisson_pcg40,1.0,1.0,0.30265532377735316,1.0,2.352008273435757e-13,3.2748068053822137e-14
19,cg80,0.9907547519848365,0.9998945848223227,0.3025491390760851,0.9902912621359223,0.0637712511894989,0.007044157794468635
19,pcg80,0.9999958313961804,1.0,0.30265532377735316,1.0,0.0008382369605293433,0.00016499860757420776
19,poisson_pcg80,1.0,1.0,0.30265532377735316,1.0,2.352008273435757e-13,3.2748068053822137e-14
19,poisson,0.5373547694192118,0.870191750208195,0.2369512367342749,0.5145631067961165,2.402243217062629,5.57671535600617
19,amg,0.9773987688648881,0.9983976892993053,0.3002063238092944,0.9514563106796117,0.1509179613478249,0.05746843251593887
19,oracle,1.0,1.0,0.30265532377735316,1.0,2.3529971592752334e-13,3.264649665151391e-14
20,ensemble,0.26555728533366707,0.5848328642357926,0.11752657624258625,0.1553398058252427,,
20,raw,0.2054918393712896,0.6589186511073865,0.12795564528771183,0.22330097087378642,,
20,smoothed,0.4125863336850011,0.7939976597830556,0.1182727478687805,0.1553398058252427,,
20,prediction_magnitude,0.5471699538659609,0.7016539641377566,0.09371288298249039,0.02912621359223301,,
20,boundary_distance,0.539740247602642,0.6937320135353088,0.08987382889731686,0.011694616063548102,,
20,jacobi1,0.2125211224161362,0.6429904177603492,0.15038483748970266,0.30097087378640774,0.9607352587702455,0.5160245503248967
20,jacobi5,0.309248086689078,0.8510905200130715,0.1660108802476822,0.4368932038834951,0.8982019085189847,0.33554038085643834
20,jacobi10,0.43164740317216216,0.9427701000390036,0.19221626283198368,0.6601941747572816,0.8447712477807887,0.2732766646622102
20,jacobi20,0.5666208269258278,0.9718963136312366,0.20723092451487196,0.7281553398058253,0.7711991087549158,0.2157366377173014
20,jacobi40,0.6757529303161434,0.975143101103697,0.2131221425662536,0.7475728155339806,0.6861789696692123,0.17194759276666846
20,jacobi80,0.7444803550354052,0.9730980466567576,0.21862744867335823,0.7281553398058253,0.6033228181426141,0.1447594656029161
20,cg5,0.2079203696087547,0.7529595311132897,0.145565285502971,0.3883495145631068,0.9496403431869701,0.32127224157998563
20,pcg5,0.4207540702560617,0.9409042513941157,0.19639019488000414,0.6601941747572816,0.8328947047288897,0.23884193516712834
20,poisson_pcg5,0.9989137154888776,0.9996310468781295,0.23398835343905766,0.9805825242718447,0.04504180753591399,0.031517508457402504
20,cg10,0.25774561234890203,0.8876906697026238,0.16209126523842063,0.5339805825242718,0.9136777771271833,0.23762842013687677
20,pcg10,0.6736100220835418,0.9743103212000463,0.21147122069269245,0.7475728155339806,0.6803966637433834,0.1405588095983673
20,poisson_pcg10,0.9999995306129746,1.0,0.23412420407158152,1.0,0.00023875883223558125,0.0003522087517847446
20,cg20,0.4927003612044918,0.9637160958434795,0.1807100362853138,0.6601941747572816,0.8162214684978862,0.16912386321337786
20,pcg20,0.7823519642729417,0.9671631721535267,0.21729128074748635,0.6796116504854369,0.5416134493667893,0.10387724426100703
20,poisson_pcg20,1.0,1.0,0.23412420407158152,1.0,4.7613182832393143e-08,7.50174208609474e-08
20,cg40,0.7245418335598311,0.9681856993769963,0.21774593083215565,0.7087378640776699,0.6084361049035797,0.11400672831833716
20,pcg40,0.983759935358701,0.997206497791552,0.23304625434059167,0.9223300970873787,0.1342594968764572,0.03963714587652435
20,poisson_pcg40,1.0,1.0,0.23412420407158152,1.0,3.8709325204166217e-13,7.654685024291582e-14
20,cg80,0.9953129135076174,0.9995888808070587,0.2340571521857056,0.9805825242718447,0.053089789911177084,0.01759043121192278
20,pcg80,0.9999990612259494,1.0,0.23412420407158152,1.0,0.0002520823519369954,0.00013979368865532396
20,poisson_pcg80,1.0,1.0,0.23412420407158152,1.0,3.8653631062579566e-13,7.647576583576389e-14
20,poisson,0.5934885626028181,0.8450080642610923,0.12507943147690642,0.30097087378640774,2.0587810890211924,7.077186842110467
20,amg,0.9966887651097918,0.9978706134109189,0.23327874695255002,0.912621359223301,0.05781138055662263,0.05769572735878789
20,oracle,1.0,1.0,0.23412420407158152,1.0,3.8402340547874234e-13,7.589688624488218e-14
21,ensemble,0.32112019213575566,0.6715368478753571,0.18790067479268524,0.2621359223300971,,
21,raw,0.28338499570846143,0.6783782929066127,0.16524950197603971,0.2524271844660194,,
21,smoothed,0.3592874146162649,0.7740636496842815,0.1917541922370439,0.3300970873786408,,
21,prediction_magnitude,0.5687512740504971,0.8430684249918303,0.21190348737427123,0.32038834951456313,,
21,boundary_distance,0.46410383027489027,0.7498972202017646,0.13576070617434985,0.10238305383936454,,
21,jacobi1,0.27372939167441523,0.667193742555053,0.188331821827594,0.3106796116504854,0.9637093005124399,0.5789979248832148
21,jacobi5,0.2916431228095272,0.6746465956168369,0.17691136087513515,0.2815533980582524,0.9077137661240213,0.37227384145125647
21,jacobi10,0.3340421375438094,0.731075340227486,0.1953921514701647,0.33980582524271846,0.8632664760485209,0.2944424477016233
21,jacobi20,0.41353639537586717,0.8116230774906971,0.2194548957572447,0.42718446601941745,0.8001022221824818,0.23034754289638415
21,jacobi40,0.5064753169480009,0.9098594815681562,0.25689296738828327,0.6116504854368932,0.7128898574045026,0.18396424523824076
21,jacobi80,0.6099471604320148,0.970641873016877,0.2943299996478107,0.7766990291262136,0.603665408119034,0.14301635239184377
21,cg5,0.26407696159073024,0.6511706355481062,0.17041290113373192,0.2524271844660194,0.9150503456280804,0.3428929817627025
21,pcg5,0.3408863926936556,0.7234116568103476,0.19687227493360748,0.34951456310679613,0.8500552987548525,0.27738794497490243
21,poisson_pcg5,0.9849602362134324,0.9993885919694717,0.32126853656598037,0.9514563106796117,0.09853115631741616,0.04062985742962313
21,cg10,0.31540777439024387,0.752442996742671,0.19489258016715383,0.34951456310679613,0.8542263661902245,0.24581374386725055
21,pcg10,0.48989267800944136,0.8894827277231375,0.24087323114740422,0.5436893203883495,0.7233656597963339,0.1935083716068245
21,poisson_pcg10,0.9999978765825047,1.0,0.3216417637938921,1.0,0.0005037465132634241,0.0007178514019131225
21,cg20,0.39786896055360843,0.9408620853230448,0.26061331737689164,0.6407766990291263,0.7048037609814439,0.16739571105568346
21,pcg20,0.6843770340104427,0.988636243846389,0.3057156165917333,0.8058252427184466,0.4715576460704835,0.1130232269077622
21,poisson_pcg20,1.0,1.0,0.3216417637938921,1.0,2.859827593821719e-07,2.9332069421518407e-07
21,cg40,0.7306108960374794,0.9980814437662735,0.3174409204057393,0.9223300970873787,0.3665892215345276,0.08480949104056748
21,pcg40,0.9555477746584651,0.9998840433045549,0.321492910868188,0.9805825242718447,0.12546258584009068,0.03940031177570921
21,poisson_pcg40,1.0,1.0,0.3216417637938921,1.0,1.741180606040639e-13,4.232123460873331e-14
21,cg80,0.997614798655318,0.9997259205380391,0.32145893980717943,0.9611650485436893,0.025795371887287203,0.010736294544275524
21,pcg80,0.9999997764823687,1.0,0.3216417637938921,1.0,4.421489862128931e-05,2.9135445845642775e-05
21,poisson_pcg80,1.0,1.0,0.3216417637938921,1.0,1.731006807139476e-13,4.143200050639605e-14
21,poisson,0.5409670043273013,0.884928792047479,0.22523730214457416,0.5048543689320388,2.5629599264256595,7.113431899553893
21,amg,0.9972337234461053,0.9993464258984008,0.32130782954229486,0.9514563106796117,0.10670287287425713,0.06002988383673801
21,oracle,1.0,1.0,0.3216417637938921,1.0,1.8049983967460403e-13,4.3096236269543715e-14
22,ensemble,0.2757565289500035,0.6434647860598969,0.14232847164720322,0.14563106796116504,,
22,raw,0.3409934576389385,0.751357220412595,0.15488885236979297,0.30097087378640774,,
22,smoothed,0.41404411567484445,0.7959900066411562,0.15867286967718142,0.2621359223300971,,
22,prediction_magnitude,0.44628314766468774,0.6332816798962715,0.07883588332753722,0.0,,
22,boundary_distance,0.5547324637933094,0.7102611133951067,0.12164605954276944,0.08097969991173876,,
22,jacobi1,0.24907046840354766,0.6818042861811243,0.1433373489193426,0.21359223300970873,0.9529202502759239,0.5114011153726332
22,jacobi5,0.2563771927079608,0.7567544775096718,0.15826442145168437,0.36893203883495146,0.9006069773481445,0.2962070441372985
22,jacobi10,0.2570153802481939,0.8027998271191086,0.16776668269580283,0.44660194174757284,0.8689052414835817,0.24611365699719612
22,jacobi20,0.2876756178027322,0.8516070543836901,0.17617865606332184,0.5048543689320388,0.8264135679157593,0.21181942102017684
22,jacobi40,0.37105082343895285,0.9158576051779935,0.1944930409678368,0.5825242718446602,0.7653718311682683,0.17698248333118172
22,jacobi80,0.4964694831378299,0.9593835320409433,0.2115249891921506,0.6601941747572816,0.6835153102747544,0.1379297415531473
22,cg5,0.28223681916529575,0.760781337296944,0.16338401363765492,0.3592233009708738,0.9185574064082314,0.30821696704541846
22,pcg5,0.242045041037837,0.7798087768676935,0.16140245155439115,0.4077669902912621,0.8729213892630177,0.24037862740371124
22,poisson_pcg5,0.9949862201380443,0.9990196388476013,0.263604729722896,0.941747572815534,0.05730037918696259,0.03473996038896161
22,cg10,0.27910720352621415,0.8859829438242518,0.17392268535917885,0.4563106796116505,0.8421825779876982,0.2176887127025187
22,pcg10,0.3665944071418353,0.903155076267881,0.19339480461993508,0.5533980582524272,0.7529739831755786,0.1749801028811711
22,poisson_pcg10,0.9999936856269221,1.0,0.2640334776824846,1.0,0.0010869827296800766,0.0008624171364831335
22,cg20,0.3992884427973678,0.9666782623362111,0.21670629586129572,0.6796116504854369,0.7061034253898222,0.13464463311851307
22,pcg20,0.6282314614476789,0.9681646163414609,0.2272555724992599,0.6893203883495146,0.5831043949546811,0.1035320970356966
22,poisson_pcg20,1.0,1.0,0.2640334776824846,1.0,1.2261538071969073e-06,6.423400596217173e-07
22,cg40,0.729698262373936,0.9858743661912442,0.2527319317620322,0.8058252427184466,0.4520661008606634,0.07891798894597915
22,pcg40,0.9831694017774121,0.9966688803853979,0.2625136739910861,0.8737864077669902,0.09821094514726554,0.028039608599975535
22,poisson_pcg40,1.0,1.0,0.2640334776824846,1.0,1.4534383812544213e-13,4.561697389812386e-14
22,cg80,0.9940292405764964,0.9993991334872395,0.26380194489462605,0.941747572815534,0.04335781715630846,0.012619763804052714
22,pcg80,0.9999943450039338,1.0,0.2640334776824846,1.0,0.0009420888251713743,0.00039904218555160615
22,poisson_pcg80,1.0,1.0,0.2640334776824846,1.0,1.273898525621412e-13,2.754271423888002e-14
22,poisson,0.6944448827873542,0.9323550804844881,0.22641613065955657,0.6213592233009708,2.5328763903649576,7.3244338003984275
22,amg,0.9971644776839997,0.9997364620558068,0.26383771320880484,0.970873786407767,0.06108339992595536,0.04202149777141958
22,oracle,1.0,1.0,0.2640334776824846,1.0,1.2545120132053838e-13,2.6815493418986673e-14
23,ensemble,0.24990299334811528,0.682015116536479,0.16445586223991265,0.3106796116504854,,
23,raw,0.42419127968314135,0.7822122429187355,0.22561755263159267,0.3786407766990291,,
23,smoothed,0.6739627105536085,0.9088685788979898,0.22708174468563122,0.39805825242718446,,
23,prediction_magnitude,0.6244418652993348,0.7378851607054384,0.15397105471764425,0.04854368932038835,,
23,boundary_distance,0.5960104698904936,0.7216459525842531,0.159396209051462,0.10370697263901149,,
23,jacobi1,0.3582497787175452,0.7302847263949064,0.2001718685805773,0.3300970873786408,0.9547287457266644,0.4920646693489212
23,jacobi5,0.36987611535297904,0.7731254546029538,0.22756529401704603,0.44660194174757284,0.9090994310991389,0.31299035640377454
23,jacobi10,0.36416897262356046,0.8052349177234538,0.23879015765614892,0.5145631067961165,0.8799666727579207,0.26791861986988513
23,jacobi20,0.37899498649953506,0.8751040974879564,0.26129383589697147,0.6213592233009708,0.8423291851793658,0.22963730811957808
23,jacobi40,0.39827798664258635,0.9256295921486776,0.2703938215302741,0.6699029126213593,0.792603907971079,0.1932359741245274
23,jacobi80,0.4216634964415993,0.9705469993569674,0.2904032340413253,0.7475728155339806,0.7252247610099163,0.1595648739783736
23,cg5,0.34691668603819464,0.7380222004364189,0.22936546694552962,0.42718446601941745,0.9390470259460026,0.3132761205756652
23,pcg5,0.3784496817108933,0.8089982395665328,0.23804349763142377,0.5048543689320388,0.8805566240085136,0.2352973225912526
23,poisson_pcg5,0.9987062464237176,0.9997786281268777,0.33261136514124545,0.9805825242718447,0.04478466863689231,0.03970910599505159
23,cg10,0.381696621754524,0.7986991767074624,0.24344042957275594,0.5242718446601942,0.8967243428392085,0.22567107132303926
23,pcg10,0.3984461948358486,0.9047995530396467,0.27183168299879873,0.6893203883495146,0.7899215712309375,0.16855840500252317
23,poisson_pcg10,0.9999990724018308,1.0,0.3328363031948077,1.0,0.0003734213394428753,0.0006258102164255735
23,cg20,0.45619585285387304,0.9546925566343042,0.2812046992482736,0.7378640776699029,0.7928842526945071,0.16219623448157652
23,pcg20,0.45703549683499034,0.9848307559322391,0.31317212186651366,0.8155339805825242,0.6483085797225486,0.11405763198803824
23,poisson_pcg20,1.0,1.0,0.3328363031948077,1.0,1.0053239443275551e-07,8.14653773423639e-08
23,cg40,0.5645917226950861,0.9959836817304956,0.3248877863404504,0.883495145631068,0.5237557903906993,0.09013452619649634
23,pcg40,0.9084785154853015,0.9971959562737843,0.32952285079193194,0.9029126213592233,0.24551311317931546,0.04981340407378846
23,poisson_pcg40,1.0,1.0,0.3328363031948077,1.0,6.344954739297145e-13,1.0647384686541158e-13
23,cg80,0.9714048641906873,0.9997891696446455,0.33246542601041373,0.970873786407767,0.08991820671847732,0.024109330718447276
23,pcg80,0.9999977089442815,1.0,0.3328363031948077,1.0,0.0002566807153811864,0.00011782720334943577
23,poisson_pcg80,1.0,1.0,0.3328363031948077,1.0,6.344954739297145e-13,1.0647384686541158e-13
23,poisson,0.6806687871039268,0.8617374529584769,0.23665809887835795,0.4077669902912621,2.021654304024906,6.542563416348084
23,amg,0.9968963906372933,0.9997575450913423,0.3322538566507864,0.970873786407767,0.10082405824189657,0.05184837705675792
23,oracle,1.0,1.0,0.3328363031948077,1.0,6.173419667687272e-13,1.0358345460582544e-13
24,ensemble,0.31761235113725766,0.6830692683132518,0.14664491113837202,0.20388349514563106,,
24,raw,0.30301010076174806,0.6380991535161232,0.1454270173205499,0.1650485436893204,,
24,smoothed,0.4808687571525641,0.723474905916954,0.15175940510350697,0.1553398058252427,,
24,prediction_magnitude,0.6561994738394964,0.8643833739181768,0.21586480602829022,0.39805825242718446,,
24,boundary_distance,0.6546627698020301,0.8780820762573396,0.20672815847041123,0.4002647837599294,,
24,jacobi1,0.2590415675738502,0.635432149520888,0.15407401076728172,0.24271844660194175,0.9677013130482148,0.5964872987579015
24,jacobi5,0.2824195448286961,0.7150838577738423,0.17305590039113067,0.32038834951456313,0.930020332414615,0.36639060431840437
24,jacobi10,0.31389742105357266,0.7959794651233885,0.1806066783241829,0.34951456310679613,0.8978179361188182,0.29199295934943614
24,jacobi20,0.3482790036478077,0.8780873470162234,0.20694810651568007,0.4563106796116505,0.8480455390057442,0.236559696794227
24,jacobi40,0.4228900829697446,0.92724244436714,0.22557006135622587,0.5436893203883495,0.7773753293859758,0.19402339205354768
24,jacobi80,0.5408262999785423,0.9623035324626039,0.25871935940212537,0.6893203883495146,0.6797558788074902,0.15774313586114588
24,cg5,0.2973418948036621,0.6976481873860199,0.17167691752855896,0.2912621359223301,0.9312104096975925,0.3364499212009229
24,pcg5,0.32904825075101923,0.7958318838746403,0.18132230137255814,0.3592233009708738,0.8993875808853331,0.2651660627173304
24,poisson_pcg5,0.9924932274157786,0.9998207941979487,0.29579616781110335,0.9805825242718447,0.06852646654394813,0.04198902312637552
24,cg10,0.32584494134897357,0.7522532494228519,0.20267070735235557,0.4077669902912621,0.8854260663217676,0.23889823572981161
24,pcg10,0.40559386399399183,0.9192098078281311,0.22580994642970545,0.5436893203883495,0.7847688848272717,0.18398292304636296
24,poisson_pcg10,0.9999963566626134,1.0,0.29600512900578724,1.0,0.0008646314381014935,0.0009836353773411343
24,cg20,0.43776005158786924,0.8914750745812382,0.22946200941142686,0.49514563106796117,0.7812122537437634,0.17157641980230795
24,pcg20,0.666474936968028,0.9826170372010162,0.282177399457141,0.8058252427184466,0.5534500562786969,0.12419881720689639
24,poisson_pcg20,1.0,1.0,0.29600512900578724,1.0,2.627593711271478e-07,2.664105940882234e-07
24,cg40,0.6824665505865102,0.9770511158196558,0.2794354864869402,0.7475728155339806,0.4882945340097965,0.10293000621015398
24,pcg40,0.99097008887061,0.9993253428628653,0.2954819690061543,0.9514563106796117,0.06255536753414234,0.02442908832873978
24,poisson_pcg40,1.0,1.0,0.29600512900578724,1.0,1.2462031699138482e-13,4.3543264092854604e-14
24,cg80,0.9889459914348043,0.9999156678578581,0.29586213088887375,0.9902912621359223,0.06721167886998199,0.019857548759142675
24,pcg80,0.9999983347936484,1.0,0.29600512900578724,1.0,0.00032271638937128377,0.00015091632274798986
24,poisson_pcg80,1.0,1.0,0.29600512900578724,1.0,1.2817310900925334e-13,3.459832007258784e-14
24,poisson,0.7822105558436447,0.9493585486438337,0.2611106506598106,0.6116504854368932,1.903538682476896,6.2974842194323575
24,amg,0.9956305879407765,0.999841877233484,0.2958621129858295,0.9805825242718447,0.06531096409732995,0.05877830669234273
24,oracle,1.0,1.0,0.29600512900578724,1.0,1.3688309942151398e-13,3.657800351538969e-14
25,ensemble,0.3743455068485802,0.6922298472534075,0.15972071201519847,0.20388349514563106,,
25,raw,0.26175925139475,0.7612767886320272,0.20973146347593966,0.36893203883495146,,
25,smoothed,0.4395659511122237,0.8808070586002973,0.23361571212731919,0.42718446601941745,,
25,prediction_magnitude,0.5727859014019026,0.7009687654828543,0.19904463065853506,0.1262135922330097,,
25,boundary_distance,0.49025821501764527,0.6336031961881872,0.13845803816546037,0.043468667255075026,,
25,jacobi1,0.21639228014805809,0.6582545354880196,0.19829192779112903,0.2912621359223301,0.9895801240628236,0.7625796302395497
25,jacobi5,0.22772788740075814,0.6495577833296438,0.19436915745827898,0.2912621359223301,0.9655806182339867,0.6267950223572498
25,jacobi10,0.29532943146055357,0.7122376479765556,0.21635346970787342,0.33980582524271846,0.9398016194493576,0.5669662198152221
25,jacobi20,0.38911308203991124,0.8379768719100176,0.2887916968830454,0.5436893203883495,0.8936062759524767,0.5023193994991132
25,jacobi40,0.45064127208354193,0.9329348639617132,0.33984272417497946,0.7087378640776699,0.810002790843434,0.4251533394203955
25,jacobi80,0.5747427312066374,0.9879299621559512,0.3745348511381797,0.8252427184466019,0.6624352301031319,0.32601842589235586
25,cg5,0.2721221434446749,0.7678757787546251,0.22938373308474866,0.3883495145631068,0.9377957311596691,0.5655786700196231
25,pcg5,0.32806435966669045,0.7210925229014473,0.23228650909333834,0.3786407766990291,0.9235412264571191,0.5478061705384887
25,poisson_pcg5,0.9973112617123238,0.9999156678578581,0.39416460901449846,0.9805825242718447,0.02369649779237153,0.03575552233081682
25,cg10,0.351557817305629,0.8634768033901521,0.31827879200606884,0.6407766990291263,0.8375115415222709,0.44810272461841755
25,pcg10,0.4526107306344324,0.9275903144534751,0.34198682521667,0.6893203883495146,0.7572774125547964,0.4018096343284118
25,poisson_pcg10,0.9999976642407552,1.0,0.39424322916996013,1.0,0.0004943021983389832,0.0010568307542957586
25,cg20,0.5840153824833701,0.9940335009434659,0.37930308886852326,0.8640776699029126,0.5927613299189157,0.29112288294490907
25,pcg20,0.6870662752127887,0.9934220929129376,0.38472784757574846,0.8155339805825242,0.3166150711018681,0.16815151409499496
25,poisson_pcg20,1.0,1.0,0.39424322916996013,1.0,2.706087157130391e-07,4.2377303367286427e-07
25,cg40,0.7592422752306701,0.9997470035735745,0.39391830945476153,0.970873786407767,0.22875045486057194,0.1041141242617859
25,pcg40,0.9384698988806236,0.9998313357157164,0.3941795783475232,0.9805825242718447,0.09188061444962659,0.04115788539951337
25,poisson_pcg40,1.0,1.0,0.39424322916996013,1.0,2.79653248611679e-14,2.2733950474616668e-14
25,cg80,0.9853270733495457,0.9999683754466968,0.39423276838805066,0.9902912621359223,0.033050369327172285,0.01724705613210635
25,pcg80,0.9999984912559902,1.0,0.39424322916996013,1.0,0.0001649964017444889,0.00014343760583089874
25,poisson_pcg80,1.0,1.0,0.39424322916996013,1.0,2.5014796398160465e-14,1.2939964015586842e-14
25,poisson,0.8813429609827622,0.9875188429630098,0.37043904466618155,0.8446601941747572,2.704770269748439,6.159738542937462
25,amg,0.986675566393677,0.9999472924111613,0.39423276838805066,0.9902912621359223,0.04666027053745089,0.044685667861366976
25,oracle,1.0,1.0,0.39424322916996013,1.0,2.80099720099089e-14,1.3834601838565986e-14
26,ensemble,0.3151173355804306,0.6262715705807322,0.14466470253942149,0.17475728155339806,,
26,raw,0.2689172582433302,0.6794008201300823,0.13141957745171376,0.20388349514563106,,
26,smoothed,0.3672879376475216,0.7085164922045476,0.11485704286575144,0.1650485436893204,,
26,prediction_magnitude,0.5124087712788785,0.7907403307928276,0.1632173623638833,0.2912621359223301,,
26,boundary_distance,0.5391272927779635,0.8093513804117517,0.1449968159965527,0.22219770520741397,,
26,jacobi1,0.20246332075674128,0.678441542013219,0.15031352205383725,0.27184466019417475,0.9233139262799487,0.5255735097078508
26,jacobi5,0.2517364749481439,0.7510409748795631,0.1354148423207721,0.2524271844660194,0.8690985643337166,0.28307424762854105
26,jacobi10,0.2627527649130963,0.7968227865448068,0.1434660565408834,0.2815533980582524,0.8413187812523103,0.22364873227328627
26,jacobi20,0.2904749190866175,0.8408863308139106,0.1484123004447688,0.32038834951456313,0.8041281993613401,0.18646374428874768
26,jacobi40,0.36793188076675487,0.8773810653257856,0.1645040267646903,0.3786407766990291,0.7463260396440303,0.15711505193899067
26,jacobi80,0.48728769177812736,0.9228571729757651,0.19484415209078662,0.5048543689320388,0.649334249691367,0.12579102218362156
26,cg5,0.2921144767899292,0.7562906507278918,0.15786306289629753,0.32038834951456313,0.876731172625905,0.2897843114554213
26,pcg5,0.25850884682783776,0.7846051674520097,0.14287999327991446,0.2912621359223301,0.8503394456431898,0.1919671316943301
26,poisson_pcg5,0.9967058865603318,0.999378050451704,0.2641144153053079,0.9611650485436893,0.04737164823001717,0.035465764508186996
26,cg10,0.30370816867534506,0.8053508744188989,0.16418676426558473,0.36893203883495146,0.816224417844434,0.1843712859190389
26,pcg10,0.32682167986910804,0.8614106659076773,0.15609143731814382,0.3592233009708738,0.7748422983966848,0.13905457943300634
26,poisson_pcg10,0.9999961219691008,1.0,0.2644705101596018,1.0,0.0007980653683649782,0.0008794941537215755
26,cg20,0.3899366998068807,0.8988225124653447,0.17705398259958263,0.4368932038834951,0.7073892693098215,0.1188259886957888
26,pcg20,0.665653207925041,0.9568008601878498,0.23877058824565137,0.6310679611650486,0.4896682834597858,0.08345177107393659
26,poisson_pcg20,1.0,1.0,0.2644705101596018,1.0,7.369770228794731e-07,3.994004020990605e-07
26,cg40,0.7273782499463557,0.9751536426214646,0.24642598259673146,0.7378640776699029,0.4376209528563697,0.07022472490079441
26,pcg40,0.994114914884486,0.9989985558120659,0.26411073227055976,0.941747572815534,0.05585862224064988,0.017561756103525172
26,poisson_pcg40,1.0,1.0,0.2644705101596018,1.0,1.0782707919942893e-13,3.390416174408467e-14
26,cg80,0.9972381155675559,0.9992410107207236,0.2641122716575295,0.9611650485436893,0.04300031384103157,0.009682221538279611
26,pcg80,0.9999968148737572,0.9999894584822323,0.26447012929070296,0.9902912621359223,0.000911749129785568,0.00022479338618804122
26,poisson_pcg80,1.0,1.0,0.2644705101596018,1.0,1.0912323823812684e-13,2.8569058375468613e-14
26,poisson,0.6535407986731993,0.8445758620326155,0.20866840717689872,0.4077669902912621,3.072930166489678,6.942281198091626
26,amg,0.993359671160861,0.9970799995783393,0.2629984788988318,0.9029126213592233,0.11282735424969184,0.04791704506376355
26,oracle,1.0,1.0,0.2644705101596018,1.0,1.020391794654362e-13,2.7375505673483927e-14
27,ensemble,0.0824990612259495,0.5345498244837291,0.1136715744906484,0.11650485436893204,,
27,raw,0.16312352478363493,0.7152419805403581,0.14647538553824876,0.23300970873786409,,
27,smoothed,0.20382712475860093,0.7436092048533148,0.14494012763331118,0.24271844660194175,,
27,prediction_magnitude,0.30051759977827047,0.7265846536584337,0.13338083259646727,0.18446601941747573,,
27,boundary_distance,0.21902449336941873,0.7227422704320968,0.16695582745684912,0.3528243601059135,,
27,jacobi1,0.2552994242185823,0.7664526738559818,0.1784150049841038,0.3883495145631068,0.8868827425011716,0.558937284519491
27,jacobi5,0.3660937947035262,0.7963905843163299,0.21328509127709466,0.4563106796116505,0.7425697423681291,0.3346229695988813
27,jacobi10,0.5026048744724984,0.8670187533601088,0.23304711357058108,0.5533980582524272,0.6410089549493979,0.2585774279068621
27,jacobi20,0.6646386949252556,0.9317331309361921,0.25113162311908127,0.6213592233009708,0.5061833546927312,0.18698188978870042
27,jacobi40,0.8347555946463058,0.9758915488652056,0.26826920635065993,0.7378640776699029,0.3421716019939933,0.1202891208417712
27,jacobi80,0.939791782150776,0.9950033205780968,0.2799216316023734,0.8737864077669902,0.18929418471480264,0.06540297745178979
27,cg5,0.2932466494707103,0.769277800617733,0.20717729548778513,0.4368932038834951,0.7740492205289754,0.31990450733905285
27,pcg5,0.49337349572634287,0.8614106659076773,0.23430863831074403,0.5533980582524272,0.6268347014382628,0.23670262157082303
27,poisson_pcg5,0.990746984747157,0.9990618049186721,0.2827968996443758,0.9611650485436893,0.06514224092660129,0.03124097840802737
27,cg10,0.5090784256312137,0.9143396266194407,0.24065037882518006,0.6019417475728155,0.5879292593039438,0.18887942816073117
27,pcg10,0.8137160923753665,0.9686179016054731,0.26459551633659395,0.7087378640776699,0.33543023060072685,0.11355143554992558
27,poisson_pcg10,0.9999915063300192,1.0,0.28303969977449706,1.0,0.0012828505880498329,0.0009201688323602049
27,cg20,0.7785216990916244,0.9752801408346774,0.2694968961524927,0.7864077669902912,0.35384092792995425,0.08219901416647397
27,pcg20,0.9621228810528574,0.9979971116241316,0.2819034118626546,0.9514563106796117,0.12600942540784918,0.02572472361971077
27,poisson_pcg20,1.0,1.0,0.28303969977449706,1.0,5.928650335935481e-07,4.104847805910549e-07
27,cg40,0.9127987424898076,0.9924101072072357,0.2778441025363948,0.8446601941747572,0.20329505690903907,0.026726610578841146
27,pcg40,0.9931655796259208,0.9994940071471491,0.2827181140137373,0.9611650485436893,0.053950195066256666,0.007735706677773581
27,poisson_pcg40,1.0,1.0,0.28303969977449706,1.0,1.504576343082763e-13,2.7009564274604172e-14
27,cg80,0.9978350976325011,0.999609963842594,0.282687015797594,0.9611650485436893,0.03313186417242493,0.005998516304978501
27,pcg80,0.9999973624919534,1.0,0.28303969977449706,1.0,0.0005183610007809308,0.0001651660940193616
27,poisson_pcg80,1.0,1.0,0.28303969977449706,1.0,1.5109806983040964e-13,2.485492744788922e-14
27,poisson,0.4559568454509691,0.8552017119424855,0.2250893099706155,0.49514563106796117,4.281713625982737,6.798343687228227
27,amg,0.9832748462198697,0.9977862812687771,0.2819310822810884,0.9320388349514563,0.12114475424631516,0.05997641669291201
27,oracle,1.0,1.0,0.28303969977449706,1.0,1.4679962322738093e-13,2.4613620627701435e-14
28,ensemble,0.16664741434804375,0.6126519296248274,0.1222813638813548,0.1553398058252427,,
28,raw,0.1967663145518918,0.7013798846757956,0.14500700561912305,0.24271844660194175,,
28,smoothed,0.19263511640798225,0.6833011817041418,0.13204668308911496,0.1941747572815534,,
28,prediction_magnitude,0.27186394705314354,0.6752580036473651,0.12842370325173863,0.20388349514563106,,
28,boundary_distance,0.26100377579479345,0.6599148245364368,0.12419493833979253,0.1683583406884378,,
28,jacobi1,0.20786214326586078,0.7046582967015591,0.16166196968332855,0.2912621359223301,0.8838124512325656,0.5716177823620713
28,jacobi5,0.3759581083255847,0.8560555748816715,0.19401980979233216,0.47572815533980584,0.7473251093628662,0.3014280134666259
28,jacobi10,0.505004582111437,0.9218557287878308,0.21951078497754742,0.5825242718446602,0.6516431330459278,0.22065279492157366
28,jacobi20,0.6602192372684357,0.9618080811275207,0.24174578429634408,0.6699029126213593,0.5203206462275601,0.16042829015709512
28,jacobi40,0.8272265150025033,0.9791488778554336,0.2547640950967645,0.7864077669902912,0.36355099671511254,0.11211242477871351
28,jacobi80,0.914706700164509,0.987550467516313,0.2642593749711414,0.8349514563106796,0.23398654046970158,0.08196117865932268
28,cg5,0.2393548610614405,0.7524324552249033,0.17503924245272323,0.3786407766990291,0.8363338861268665,0.289950531835641
28,pcg5,0.46857610328302696,0.9048838851817885,0.2119944456216219,0.5339805825242718,0.6650236545396995,0.17805387780483597
28,poisson_pcg5,0.9978630038087403,0.9995045486649168,0.270209304050117,0.9514563106796117,0.03442156596971839,0.031354833235991884
28,cg10,0.37275574887347107,0.8420142732150575,0.2018160318381361,0.4563106796116505,0.7283448871044504,0.19640434092000691
28,pcg10,0.8180077314748586,0.9751747256570001,0.2505593557301408,0.7184466019417476,0.34990379378262965,0.0895560879701036
28,poisson_pcg10,0.9999982565624775,1.0,0.27064537402666256,1.0,0.0005620593351161888,0.00047695007593317546
28,cg20,0.6878351646877905,0.955746708411077,0.24548990640376953,0.6407766990291263,0.48130102420865595,0.1121204778873764
28,pcg20,0.93955923440741,0.9869812255568556,0.2625440901531402,0.7961165048543689,0.19982993065765142,0.03814802088477239
28,poisson_pcg20,1.0,1.0,0.27064537402666256,1.0,6.844793548642418e-08,5.529840115027816e-08
28,cg40,0.9441932578141763,0.9890895291104013,0.2652096847944652,0.8155339805825242,0.1758874068876478,0.026401748419313815
28,pcg40,0.9926018681603604,0.9995677977715232,0.26977874852595995,0.9514563106796117,0.06150520303211079,0.006058237559546565
28,poisson_pcg40,1.0,1.0,0.27064537402666256,1.0,1.3911841333480763e-12,1.47656032390604e-13
28,cg80,0.9902119282418996,0.9981763174261831,0.26950199396748387,0.9029126213592233,0.06923535899327007,0.007727039021804983
28,pcg80,0.9999993629747512,1.0,0.27064537402666256,1.0,0.00015329972935915518,3.0418680248467502e-05
28,poisson_pcg80,1.0,1.0,0.27064537402666256,1.0,1.3911841333480763e-12,1.47656032390604e-13
28,poisson,0.48496288489736067,0.8195608403697965,0.1555401917640664,0.23300970873786409,2.7524618771000253,6.763107663712472
28,amg,0.9557364235390886,0.9949295299537227,0.26750380492697556,0.8932038834951457,0.16246282821567043,0.04363080371470621
28,oracle,1.0,1.0,0.27064537402666256,1.0,1.4021578161340335e-12,1.4867591277427196e-13
29,ensemble,0.23478717768757598,0.6876126624711426,0.1398009254296931,0.20388349514563106,,
29,raw,0.3642864646663328,0.7592633587383911,0.16475608941077438,0.2621359223300971,,
29,smoothed,0.40988234031900433,0.8041491413933778,0.15608839250378628,0.22330097087378642,,
29,prediction_magnitude,0.34816185805736355,0.7078207520318776,0.12285494591570084,0.14563106796116504,,
29,boundary_distance,0.3914238496165284,0.7283925239555992,0.14262265296851723,0.19307149161518097,,
29,jacobi1,0.2746862930047922,0.71012934442301,0.18836064432647093,0.36893203883495146,0.9103349703428905,0.5154498353091514
29,jacobi5,0.29910318020885485,0.7466029958993496,0.19000993490373722,0.3592233009708738,0.8269039045807259,0.31248512309054854
29,jacobi10,0.36049768435734203,0.809451524830545,0.20714738420506323,0.44660194174757284,0.7652084531633231,0.25571607824688886
29,jacobi20,0.46266896815320785,0.892993053139791,0.22906846933120023,0.5242718446601942,0.6782687394895154,0.2008343901947889
29,jacobi40,0.5676208895107646,0.9431601361964096,0.2589190244458718,0.6213592233009708,0.5670650617842213,0.14220490542611716
29,jacobi80,0.6693454621450539,0.961797539609753,0.28339054336975644,0.7087378640776699,0.4496935877987556,0.09114723131172198
29,cg5,0.3113981027823474,0.7798825674920675,0.20105865927746247,0.4077669902912621,0.8507594048083658,0.31594642089081526
29,pcg5,0.34783812629640226,0.7995108735755774,0.20423046298604766,0.4174757281553398,0.7698481994810861,0.2421961826861608
29,poisson_pcg5,0.9917077082290252,0.9992620937562591,0.30759064330614383,0.9611650485436893,0.06086215393097328,0.035380319424529676
29,cg10,0.3870058360453472,0.8788674193310353,0.2351880017746872,0.5339805825242718,0.7223567683398052,0.22306885985479924
29,pcg10,0.5451115688255489,0.9410202080895608,0.2587323160255785,0.6310679611650486,0.5611719684098433,0.12692755496925257
29,poisson_pcg10,0.9999916292647164,0.9999894584822323,0.30783029059970923,0.9902912621359223,0.0011796732233558542,0.0009588881306812786
29,cg20,0.6737757380552177,0.9818580479217398,0.28559221092851633,0.7572815533980582,0.44729954223742074,0.11296621988775761
29,pcg20,0.73478792647164,0.962187575767159,0.2870737919798403,0.6893203883495146,0.3802165851070692,0.06844396381890012
29,poisson_pcg20,0.9999999888241183,1.0,0.30783521408010406,1.0,9.501386769970878e-07,4.6776886381330745e-07
29,cg40,0.9100578910664473,0.994412995583104,0.30463508548608953,0.8640776699029126,0.203599030824838,0.03864194238551755
29,pcg40,0.9860501081825332,0.9983238986749312,0.30651727553005664,0.9223300970873787,0.09012866300678694,0.013404973964214192
29,poisson_pcg40,1.0,1.0,0.30783521408010406,1.0,3.2434458909073954e-13,5.789670684485568e-14
29,cg80,0.9939130449359845,0.9995256317004523,0.3076288869507894,0.9611650485436893,0.050237294679864125,0.007066714853717076
29,pcg80,0.9999959096273514,1.0,0.30783521408010406,1.0,0.0006571511786139365,0.00021234332516756067
29,poisson_pcg80,1.0,1.0,0.30783521408010406,1.0,3.4348622433957916e-13,4.7862999071610105e-14
29,poisson,0.5223712873721479,0.8766958666708833,0.24988817487780043,0.5631067961165048,3.269074158662614,6.678978581753725
29,amg,0.9922131598240468,0.9987771839389435,0.30688796109297556,0.9223300970873787,0.11916151576791761,0.053032409446782974
29,oracle,1.0,1.0,0.30783521408010406,1.0,3.4515855308047683e-13,4.8176549227594884e-14
30,ensemble,0.20272019839424932,0.5689362554420585,0.10041448192710324,0.08737864077669903,,
30,raw,0.1249910481188756,0.6650748974837397,0.12737336326011375,0.27184466019417475,,
30,smoothed,0.1776736173199342,0.7001465270969714,0.12068945054372655,0.2524271844660194,,
30,prediction_magnitude,0.42385849545812176,0.6729810358095358,0.13936773475486566,0.22330097087378642,,
30,boundary_distance,0.35724683854713724,0.6753476065483909,0.10914925358555792,0.19616063548102383,,
30,jacobi1,0.15146661093627065,0.6390057240441479,0.122690133892376,0.1941747572815534,0.957722977988059,0.5390111702591042
30,jacobi5,0.19779186932265214,0.746782201701401,0.142123268641031,0.30097087378640774,0.8973626426491644,0.3519539744517732
30,jacobi10,0.2672821820685215,0.8284789644012945,0.15374548887726455,0.3592233009708738,0.8464098126503672,0.29155684258225356
30,jacobi20,0.38524371244903793,0.8799426541433436,0.16787559589155174,0.46601941747572817,0.7732594580050247,0.2254524659656473
30,jacobi40,0.49450317618553746,0.9008043178056777,0.17779061359116666,0.5339805825242718,0.6852398390540257,0.1590489457507253
30,jacobi80,0.5829768525141262,0.9193573890768793,0.1916521052516173,0.6116504854368932,0.5918536011973794,0.11537472712281184
30,cg5,0.1642982440454903,0.725140465724255,0.14076923224728,0.3106796116504854,0.9190455675545004,0.3507122204391931
30,pcg5,0.2620537582254488,0.8282997585992431,0.1507615288475115,0.33980582524271846,0.8303149279129329,0.2844565997103947
30,poisson_pcg5,0.9941130038087403,0.998756100903408,0.23126252082227391,0.9320388349514563,0.057146931990562054,0.03634308062694683
30,cg10,0.20411601012087832,0.8222067613294962,0.14839716116236212,0.3786407766990291,0.8431003976352807,0.2433458606253252
30,pcg10,0.5015305705064016,0.8770121122039152,0.1777786347482561,0.5145631067961165,0.6515843927026258,0.13942842603546735
30,poisson_pcg10,0.999997541306058,1.0,0.23183262318719428,1.0,0.0007832609598476615,0.0008841112614145358
30,cg20,0.3621876899899864,0.8842014273215058,0.17152398593451082,0.5339805825242718,0.7184198757190663,0.14846204313863484
30,pcg20,0.6713785561655102,0.939112193373602,0.2027370280023942,0.6213592233009708,0.4924525615785941,0.09573446381436065
30,poisson_pcg20,1.0,1.0,0.23183262318719428,1.0,4.013428153374386e-07,3.747171986251353e-07
30,cg40,0.6853455582576353,0.9442037464554146,0.2050934515953272,0.6019417475728155,0.485525407466466,0.09012457939285555
30,pcg40,0.9846838343108505,0.9990090973298336,0.2315303861047022,0.9514563106796117,0.10542942022427064,0.02923146217919416
30,poisson_pcg40,1.0,1.0,0.23183262318719428,1.0,6.00282463594867e-14,3.950436956086113e-14
30,cg80,0.9963889944388813,0.9991672200963495,0.23147445920106877,0.9514563106796117,0.04830765167783533,0.014083590741039362
30,pcg80,0.9999910928224017,1.0,0.23183262318719428,1.0,0.001417054535170264,0.0005767242735795801
30,poisson_pcg80,1.0,1.0,0.23183262318719428,1.0,6.266164413770514e-14,2.7030856549796387e-14
30,poisson,0.3019885469565839,0.7688561399070238,0.15854976842380192,0.4174757281553398,2.163798314444922,6.744812633202751
30,amg,0.9930348888670337,0.9997470035735745,0.2315922857557808,0.970873786407767,0.06851989568418368,0.05356590914332904
30,oracle,1.0,1.0,0.23183262318719428,1.0,6.079193693428775e-14,2.6138796883251472e-14
31,ensemble,0.17266643122809525,0.6393008865416443,0.14008773201178687,0.21359223300970873,,
31,raw,0.23404508797653958,0.7199540389825327,0.14205908397418288,0.23300970873786409,,
31,smoothed,0.32423303277662535,0.7290408272983144,0.13517281194121417,0.20388349514563106,,
31,prediction_magnitude,0.30027352970102283,0.6566206002340217,0.12680174852049536,0.14563106796116504,,
31,boundary_distance,0.26601997045462483,0.6658180744863645,0.1341011623841889,0.18512797881729923,,
31,jacobi1,0.22881656355053281,0.7213349778101051,0.1565160345556994,0.32038834951456313,0.9076362771420964,0.5364519886559023
31,jacobi5,0.33888274712109284,0.8300285675131506,0.20320473508209613,0.4854368932038835,0.7838451945542094,0.3492573181659512
31,jacobi10,0.46085877709033685,0.9011838124453159,0.22681700042333533,0.5728155339805825,0.685994396247209,0.27947872084104136
31,jacobi20,0.6218645170231027,0.9441299558310405,0.2517489525769282,0.6796116504854369,0.5546927613481382,0.20545224559708256
31,jacobi40,0.7778949221264573,0.9697142194533169,0.26040586077424116,0.7378640776699029,0.400462914765905,0.1288916163138742
31,jacobi80,0.9043065365496029,0.9854737885160706,0.26862907895797705,0.8155339805825242,0.2566784420208356,0.06595999074944683
31,cg5,0.3031334377905729,0.8188967247504295,0.2080418288909544,0.5242718446601942,0.80791602214176,0.33419861013040064
31,pcg5,0.4735395357985837,0.9018795526179859,0.2313410636746638,0.5631067961165048,0.6475363615075238,0.2694017466148196
31,poisson_pcg5,0.9828931675130533,0.9978179058220803,0.27473919916140693,0.9029126213592233,0.08928655416234241,0.038821936784960834
31,cg10,0.49923603908876335,0.897958108008391,0.24484039310208874,0.6310679611650486,0.6372245658454949,0.2150409343811411
31,pcg10,0.7733277304913811,0.9587510409748795,0.2584672369376539,0.7087378640776699,0.3707339876381961,0.12174589519155976
31,poisson_pcg10,0.9999934732851725,0.9999894584822323,0.27614712151670373,0.9902912621359223,0.0012323527382789488,0.0008547930563771925
31,cg20,0.742271129121665,0.9723601404130167,0.2638570619786935,0.7669902912621359,0.3950121806135692,0.10054493570009414
31,pcg20,0.9432601387597452,0.9918197822122429,0.2708409476735583,0.8349514563106796,0.18680012954113115,0.042184042965283906
31,poisson_pcg20,1.0,1.0,0.27614782736253124,1.0,3.0212252184212915e-07,2.4005146071317446e-07
31,cg40,0.9089522722802373,0.9888049081306727,0.27101248531883737,0.8446601941747572,0.2170099813699465,0.03234223068031355
31,pcg40,0.9792169171554251,0.9973962451113711,0.27453656911690294,0.9223300970873787,0.10249376384785941,0.014679958205532117
31,poisson_pcg40,1.0,1.0,0.27614782736253124,1.0,9.985996432987859e-14,2.6886977514017274e-14
31,cg80,0.9972928997389313,0.9996205053603617,0.2760033423982991,0.970873786407767,0.03658402616408054,0.007544326676132798
31,pcg80,0.9999949037980114,1.0,0.27614782736253124,1.0,0.0008821670065738156,0.0002965482943267039
31,poisson_pcg80,1.0,1.0,0.27614782736253124,1.0,1.2898687729626378e-13,2.4048760554488877e-14
31,poisson,0.4820328593269437,0.8602827235065305,0.20160635654594247,0.46601941747572817,3.6920354786307366,7.157690464829555
31,amg,0.9343415505865101,0.9913981215015338,0.27292951940046106,0.883495145631068,0.18920782298945127,0.06897351714033283
31,oracle,1.0,1.0,0.27614782736253124,1.0,1.240559922419735e-13,2.3618729452949786e-14
32,ensemble,0.21240681549960658,0.6200309920622371,0.13382262675147413,0.1553398058252427,,
32,raw,0.37985657991202343,0.7752548411920348,0.17640483687459943,0.3106796116504854,,
32,smoothed,0.46684175175237824,0.8209523207151366,0.17462157037817794,0.3106796116504854,,
32,prediction_magnitude,0.3033013330591517,0.6816567049323762,0.1269435085042763,0.1650485436893204,,
32,boundary_distance,0.2914065684686785,0.6346995140360309,0.14655767805384137,0.20785525154457193,,
32,jacobi1,0.3354622791645805,0.7475517324984451,0.18350731325972533,0.36893203883495146,0.8591892591628993,0.49314819534381926
32,jacobi5,0.43034301015664117,0.8415926125043484,0.23294434440641662,0.5242718446601942,0.7175238506186628,0.2659970346031691
32,jacobi10,0.5342360614405264,0.8901784678958077,0.2529073654138094,0.5922330097087378,0.6280722311313401,0.1991620045886926
32,jacobi20,0.6724976418889922,0.9155202766094263,0.2641576841120469,0.6213592233009708,0.5210260998713369,0.14971418321097849
32,jacobi40,0.7924937079786852,0.9474610754456426,0.278214221526892,0.6699029126213593,0.4058950064456693,0.10718997209052213
32,jacobi80,0.8786767085687719,0.9726025953216744,0.2923597004659638,0.7475728155339806,0.28974953337786535,0.06681075942379741
32,cg5,0.3746785816465202,0.8170730421766126,0.2133147185418281,0.4368932038834951,0.7765545268760198,0.2597417681152571
32,pcg5,0.4995080153422502,0.8790677081686221,0.24720778988004516,0.5728155339805825,0.6329349095421255,0.18160294769345464
32,poisson_pcg5,0.9949319165295757,0.9992831767917945,0.30582553616158087,0.941747572815534,0.054020209316141536,0.03550342304534373
32,cg10,0.46808038588083817,0.904746845450808,0.25713319186996275,0.6019417475728155,0.6300519152022831,0.16516336655586505
32,pcg10,0.7709085879944209,0.9399133487239493,0.26961203124744815,0.6310679611650486,0.42273216011415304,0.09864598443779447
32,poisson_pcg10,0.9999777488198268,1.0,0.3064587729464901,1.0,0.0026471376820936194,0.001075003019414062
32,cg20,0.7907198161791001,0.9803716939164902,0.2911068858336218,0.7475728155339806,0.34736858297209816,0.07581641410923091
32,pcg20,0.9068610860274657,0.9854105394094642,0.2964812664150933,0.7766990291262136,0.2294605768269987,0.03266147175228519
32,poisson_pcg20,1.0,1.0,0.3064587729464901,1.0,2.054205710953348e-06,6.595824000466791e-07
32,cg40,0.9507534555825762,0.992705269704732,0.3019887200284775,0.8349514563106796,0.1527499364924308,0.020832224752010707
32,pcg40,0.9863344449610184,0.9982606495683248,0.3057425445778049,0.9223300970873787,0.07267922576765368,0.00893364209366242
32,poisson_pcg40,1.0,1.0,0.3064587729464901,1.0,1.0780327028510815e-13,3.45127280275859e-14
32,cg80,0.993929752878907,0.9994202165227749,0.30606028331389623,0.941747572815534,0.046105934739928585,0.005285748173572186
32,pcg80,0.9999952390744581,1.0,0.3064587729464901,1.0,0.000602568596238079,8.379051824555225e-05
32,poisson_pcg80,1.0,1.0,0.3064587729464901,1.0,1.094118123625863e-13,2.313133982591989e-14
32,poisson,0.5325186525463128,0.8425729736567471,0.22544564656825228,0.42718446601941745,3.9663604636891066,7.093624116559483
32,amg,0.989236620234604,0.9984925629592148,0.30602847274455214,0.941747572815534,0.10628788153569486,0.04902720720736843
32,oracle,1.0,1.0,0.3064587729464901,1.0,1.0618899194745215e-13,2.2833554201959552e-14
33,ensemble,0.18515479713539804,0.579351274996574,0.11738409553715591,0.13592233009708737,,
33,raw,0.20227063738287673,0.7486796748995921,0.25110549451808023,0.47572815533980584,,
33,smoothed,0.3162225967384307,0.908004174441036,0.2713875644336051,0.5048543689320388,,
33,prediction_magnitude,0.4604839380230312,0.5158702549993148,0.10277233936901838,0.0,,
33,boundary_distance,0.5084543296512621,0.6187607391712259,0.1216575628169589,0.023389232127096204,,
33,jacobi1,0.15647844619483584,0.62651402548939,0.1690073269524528,0.24271844660194175,0.9879807893776822,0.8460116114521771
33,jacobi5,0.19750467151848936,0.730801260765525,0.22986419525092458,0.3883495145631068,0.9550107427592078,0.7232998274505736
33,jacobi10,0.25464870851512766,0.7934600423769014,0.27915987819863924,0.5145631067961165,0.9205768557308125,0.6605522248757709
33,jacobi20,0.38927468528717546,0.9116304565531346,0.32028737226689796,0.6310679611650486,0.8605744989621973,0.5845594930694968
33,jacobi40,0.5366900838638151,0.9745844006620074,0.36444393985424284,0.7572815533980582,0.7567538534306534,0.4808712458379388
33,jacobi80,0.6670706338065946,0.9914086630193015,0.3831523222245401,0.8349514563106796,0.5900422131497431,0.3374771420925657
33,cg5,0.19840017255561115,0.7404783740762995,0.2651445213361356,0.49514563106796117,0.9369058677574909,0.6585835368128231
33,pcg5,0.25470487849581575,0.8128564350695213,0.2866345215255223,0.5533980582524272,0.8821061609673637,0.6291813081377223
33,poisson_pcg5,0.994700687540233,0.9999789169644645,0.395301918743801,0.9902912621359223,0.028041940644858116,0.031223294788635877
33,cg10,0.25248458845933763,0.8563929034502388,0.32269699355870923,0.6407766990291263,0.812044993979815,0.51207264519021
33,pcg10,0.576677622755883,0.9708421618544638,0.3655455787933849,0.7475728155339806,0.6269443644278857,0.4087577798536264
33,poisson_pcg10,0.9999989271153709,1.0,0.3953824991503212,1.0,0.0001814439408790494,0.00043745524572261744
33,cg20,0.4409730169515771,0.9831757376427058,0.3785333311822094,0.8058252427184466,0.5814927253800408,0.2935375943486329
33,pcg20,0.747063514770045,0.998218483497254,0.3934608068281645,0.912621359223301,0.32143194180554335,0.11105676896168894
33,poisson_pcg20,1.0,1.0,0.3953824991503212,1.0,2.1365676306929727e-08,4.042239366835463e-08
33,cg40,0.674281178474358,0.9972908299336939,0.3929701541886407,0.9029126213592233,0.35908403156759106,0.13018082968659206
33,pcg40,0.9747167025784993,0.9999578339289291,0.39537627791624486,0.9902912621359223,0.051688067689309905,0.023900397276482136
33,poisson_pcg40,1.0,1.0,0.3953824991503212,1.0,2.063974569968579e-14,1.102660023476106e-14
33,cg80,0.9426183078821257,0.9998945848223227,0.3953300118187746,0.9805825242718447,0.08003916926480964,0.032363342290743745
33,pcg80,0.9999997764823687,1.0,0.3953824991503212,1.0,6.865440717296984e-05,3.565813024556757e-05
33,poisson_pcg80,1.0,1.0,0.3953824991503212,1.0,2.063974569968579e-14,1.102660023476106e-14
33,poisson,0.940648279361276,0.9911451250751083,0.3864413911480297,0.8543689320388349,1.8401857471076575,5.191977999568433
33,amg,0.9852461823188613,0.9999051263400904,0.3953300118187746,0.9805825242718447,0.06496400530986932,0.05654986759456803
33,oracle,1.0,1.0,0.3953824991503212,1.0,2.081798654099071e-14,1.2816893290888885e-14
34,ensemble,0.21004197661111507,0.5947313494196894,0.13466940292057297,0.18446601941747573,,
34,raw,0.381331304538302,0.8375973772703794,0.16870776946896493,0.3106796116504854,,
34,smoothed,0.48709823823403187,0.8610627958213424,0.16648463030955846,0.30097087378640774,,
34,prediction_magnitude,0.4018166395465274,0.6639153305292896,0.11197782179701507,0.06796116504854369,,
34,boundary_distance,0.3565313805141144,0.6848771386104171,0.15561284822229515,0.25772285966460723,,
34,jacobi1,0.25877383815535365,0.74084732719817,0.16741018091783644,0.32038834951456313,0.9349240165069861,0.5936654853530644
34,jacobi5,0.26700818298047346,0.7472038624121101,0.18299413640054818,0.3592233009708738,0.8710011372162432,0.38922837734062143
34,jacobi10,0.2973118316822831,0.7582197484793861,0.18318485653433125,0.36893203883495146,0.828001203155897,0.31179101903235684
34,jacobi20,0.3790201545847936,0.7745063934305261,0.20346783769450696,0.4174757281553398,0.7668469217213457,0.24150189435194802
34,jacobi40,0.4973184031006365,0.8379030812856435,0.23981017184870662,0.5436893203883495,0.6786583910173454,0.18267386673607175
34,jacobi80,0.657348957960804,0.9220665591431855,0.25128690001152787,0.5631067961165048,0.5521053277508031,0.1311063861348828
34,cg5,0.35366640440597946,0.8160083488820721,0.20886101994628123,0.4368932038834951,0.8548189088727394,0.34597775484211
34,pcg5,0.2744562710106573,0.7306220549634737,0.18016612226150266,0.3592233009708738,0.8244108508778704,0.28826188285397025
34,poisson_pcg5,0.9946251721085757,0.9991777616141172,0.28811726575221835,0.9611650485436893,0.06369908053582894,0.035531291562678036
34,cg10,0.44354573841284595,0.8562769467547937,0.24259160529188584,0.5728155339805825,0.730387040969802,0.2234772773132706
34,pcg10,0.46814632358200403,0.8034744842562432,0.23320212054569744,0.5048543689320388,0.6911427993048247,0.1834629034065324
34,poisson_pcg10,0.9999833814641299,1.0,0.2883307157425132,1.0,0.001965548995674084,0.0013019173645372997
34,cg20,0.6067756017094629,0.9503705343495357,0.2639231533348503,0.6504854368932039,0.5344860265159169,0.12254594554779455
34,pcg20,0.8233945734389527,0.9597314021272783,0.2574274073352713,0.6213592233009708,0.3871860483328594,0.08815083837293218
34,poisson_pcg20,1.0,1.0,0.2883307157425132,1.0,1.5299794673545952e-06,8.89775383746464e-07
34,cg40,0.815705376940133,0.9872869295721198,0.27999297960451675,0.7961165048543689,0.3143479833203705,0.05309640274751473
34,pcg40,0.9437391370431298,0.9944551616541749,0.2850646403908596,0.8737864077669902,0.17002595780886548,0.02847556075295176
34,poisson_pcg40,1.0,1.0,0.2883307157425132,1.0,2.2391483370492733e-13,9.448159197700056e-14
34,cg80,0.9943720830949144,0.9993358843806331,0.2878574732579281,0.9514563106796117,0.04875684468751227,0.011050147557161242
34,pcg80,0.9999990053465417,1.0,0.2883307157425132,1.0,0.00023220141118859223,8.76075879769513e-05
34,poisson_pcg80,1.0,1.0,0.2883307157425132,1.0,2.0578385560644807e-13,3.528415635125923e-14
34,poisson,0.6665016361490594,0.9292664157785437,0.2564793222809917,0.6504854368932039,3.5994878992293424,6.773894308506025
34,amg,0.9743133203097059,0.9981446928728799,0.2877238185285822,0.9320388349514563,0.12843529313253338,0.06769794938329887
34,oracle,1.0,1.0,0.2883307157425132,1.0,2.1621747206438164e-13,3.723520814872879e-14
35,ensemble,0.0992247849760389,0.5197916996089097,0.09882401115765559,0.08737864077669903,,
35,raw,0.2671597726378656,0.6264191518294804,0.11751498973795252,0.10679611650485436,,
35,smoothed,0.2803619532758744,0.6726120826876654,0.10486507993670363,0.05825242718446602,,
35,prediction_magnitude,0.3653951568199699,0.6750155487387074,0.13284735392804745,0.1262135922330097,,
35,boundary_distance,0.5001230268504614,0.8027734733246893,0.18663219360502817,0.2623565754633716,,
35,jacobi1,0.21264307363564833,0.5477899707999958,0.14745974597051276,0.1650485436893204,0.9476744359131988,0.58170892502131
35,jacobi5,0.26025288784779343,0.618017562168601,0.1534669215637997,0.17475728155339806,0.8841082668792518,0.35695613788906755
35,jacobi10,0.2736160794113439,0.6339457955156383,0.17156102807770296,0.22330097087378642,0.8427555571265165,0.2984834866916946
35,jacobi20,0.31889015673056287,0.7220412595005429,0.17802427710728455,0.2524271844660194,0.7912537602867789,0.25146155828827
35,jacobi40,0.38350282302768035,0.8269188197716707,0.19096521115342494,0.3300970873786408,0.7239436705962983,0.20609897608264607
35,jacobi80,0.4937970281095772,0.9208753676354321,0.2268909333424069,0.47572815533980584,0.6288745089224457,0.16016812279261677
35,cg5,0.2797041297117516,0.6551553292643075,0.16103081861354948,0.20388349514563106,0.9025679733313118,0.3587473797057474
35,pcg5,0.2719915756204849,0.630930921434068,0.16885311626681979,0.21359223300970873,0.846177004349628,0.27645941203451513
35,poisson_pcg5,0.9966103439489307,0.999841877233484,0.3021980077667343,0.9805825242718447,0.04817917215556487,0.0427726553044421
35,cg10,0.3320928179314784,0.7501344043515386,0.18331095182516818,0.27184466019417475,0.8149073393656654,0.25424801325093194
35,pcg10,0.34329395697732634,0.8070164342261998,0.18171293781951756,0.30097087378640774,0.7279952293396659,0.18877838113827342
35,poisson_pcg10,0.999990612259495,1.0,0.30225263127850144,1.0,0.0015076979933717528,0.00107302121507168
35,cg20,0.5193068718260495,0.9165849699039668,0.23508863078801467,0.5436893203883495,0.6278948189771248,0.15135536354010698
35,pcg20,0.6291818248873471,0.9747003573574523,0.2670280631784996,0.7281553398058253,0.5014561602026689,0.11354212699500361
35,poisson_pcg20,1.0,1.0,0.30225263127850144,1.0,5.309690879806461e-07,5.920592747801703e-07
35,cg40,0.7324699257027394,0.9903228866892255,0.2925272561747575,0.8543689320388349,0.39590229212706934,0.07680355159223438
35,pcg40,0.9739070881911164,0.999609963842594,0.3016477886222813,0.9611650485436893,0.09936088233119414,0.029375091451952436
35,poisson_pcg40,1.0,1.0,0.30225263127850144,1.0,1.180125877364593e-13,5.1397991555814565e-14
35,cg80,0.9822393560904085,0.9999472924111613,0.30223139748213973,0.9902912621359223,0.07598827149257029,0.018382970899769112
35,pcg80,0.9999866001180173,1.0,0.30225263127850144,1.0,0.0017357509782994973,0.0004604947080207175
35,poisson_pcg80,1.0,1.0,0.30225263127850144,1.0,9.377598902328162e-14,2.2752352041376206e-14
35,poisson,0.6607727786817824,0.9700831725751874,0.2676373135151804,0.6990291262135923,2.657645449209724,6.71126726709611
35,amg,0.9874105370681638,0.9990196388476013,0.301936791848465,0.970873786407767,0.12862874814749903,0.06294769773268338
35,oracle,1.0,1.0,0.30225263127850144,1.0,8.90346095293817e-14,2.17152877801025e-14
36,ensemble,0.17487635004649166,0.6207899813415135,0.13291832495897749,0.20388349514563106,,
36,raw,0.264410069916315,0.7320662428976524,0.1481408701768004,0.24271844660194175,,
36,smoothed,0.2745301994671339,0.7315813330803369,0.13106802561144015,0.20388349514563106,,
36,prediction_magnitude,0.3594583161969816,0.7226421260133034,0.11662853701298546,0.11650485436893204,,
36,boundary_distance,0.30208260972094786,0.6585655102621676,0.11573787810708024,0.14187996469549868,,
36,jacobi1,0.3037515869751806,0.7549518779713903,0.1788121769305359,0.30097087378640774,0.8504775944901466,0.5043635808319366
36,jacobi5,0.4063620493884557,0.8545797623941895,0.215466057653289,0.44660194174757284,0.7272816838283207,0.2750051675816632
36,jacobi10,0.4660290081181602,0.912853272614191,0.23894744785521088,0.5631067961165048,0.6548745993385561,0.2039828403677435
36,jacobi20,0.542336239807596,0.9364978969672053,0.24124032627896003,0.5922330097087378,0.5783596891397106,0.1522341689913965
36,jacobi40,0.632671393319505,0.9492847580194597,0.24924899935101585,0.6407766990291263,0.504118365906945,0.11944936884793785
36,jacobi80,0.7266562656462341,0.9648545797623942,0.26686703168579035,0.7087378640776699,0.4220720943573601,0.09525355715812947
36,cg5,0.32962442332451175,0.81360488283103,0.20071107585698203,0.39805825242718446,0.7866261374960649,0.2382858536063367
36,pcg5,0.4568359402939703,0.8984851838967775,0.234512452013972,0.5242718446601942,0.6590432679749894,0.15045828751920126
36,poisson_pcg5,0.9896571016021741,0.9990196388476013,0.2960185468861112,0.9514563106796117,0.07427335094997767,0.03689853183791282
36,cg10,0.3903306831592876,0.8715621475179997,0.21031053983394205,0.4368932038834951,0.6978847607626918,0.1385187710548916
36,pcg10,0.5978112818289106,0.9374993411551396,0.24457938310828523,0.6213592233009708,0.5348218697763109,0.08016301872264255
36,poisson_pcg10,0.9999865107109647,0.9999789169644645,0.29685118877313643,0.9902912621359223,0.0020613011472897518,0.0009204734546132113
36,cg20,0.5287383994349474,0.9448362375214784,0.24114339363267875,0.5825242718446602,0.5520654886534495,0.07779200321459673
36,pcg20,0.8178239329268291,0.9743524872711173,0.2819267663919465,0.7572815533980582,0.33163325870750354,0.0445856145707634
36,poisson_pcg20,1.0,1.0,0.2968564663444689,1.0,2.331451861464334e-06,5.236437040054768e-07
36,cg40,0.7326322442064229,0.9838082287087695,0.2780866638274513,0.7475728155339806,0.36423051773351406,0.037893767540162604
36,pcg40,0.9589903038051641,0.9981763174261831,0.29563088005245025,0.912621359223301,0.13264001678309148,0.01538899165978821
36,poisson_pcg40,1.0,1.0,0.2968564663444689,1.0,1.6126069260174685e-13,3.526495304616911e-14
36,cg80,0.9980868343644945,0.9998629602690196,0.2966999502970429,0.970873786407767,0.027783937849789563,0.005621184843362815
36,pcg80,0.9999833479364851,1.0,0.2968564663444689,1.0,0.002285054388316598,0.0004376927661738917
36,poisson_pcg80,1.0,1.0,0.2968564663444689,1.0,1.4704081303324752e-13,2.1707708646687776e-14
36,poisson,0.3543359291180888,0.8061836543225493,0.2000772380340657,0.3786407766990291,3.4446292284812587,7.121324117201702
36,amg,0.977694572097847,0.997944404035293,0.2955838560871413,0.912621359223301,0.1317523780041609,0.049493596454785904
36,oracle,1.0,1.0,0.2968564663444689,1.0,1.5132498158425804e-13,2.196113748952463e-14
37,ensemble,0.23592369778628136,0.6486406712838515,0.12542514473379174,0.18446601941747573,,
37,raw,0.3447397584221443,0.6933261651012512,0.1453415851991942,0.2621359223300971,,
37,smoothed,0.39455076308919246,0.7094968533569463,0.13200063983493232,0.1553398058252427,,
37,prediction_magnitude,0.2857044493419641,0.6204842773262494,0.10930366934659365,0.11650485436893204,,
37,boundary_distance,0.3304838073457287,0.6735766315634125,0.08124377435328069,0.043468667255075026,,
37,jacobi1,0.18408842804520417,0.5958909163741396,0.13474087643433683,0.18446601941747573,0.9294570430731055,0.504006735547531
37,jacobi5,0.24538668550175236,0.7496284114986875,0.16430211626197666,0.33980582524271846,0.8519414595076902,0.3022010136968487
37,jacobi10,0.27630428125670553,0.8146906591611061,0.18129058304860438,0.4077669902912621,0.8026360113185811,0.2428475523439086
37,jacobi20,0.33305955403762244,0.8664600529184192,0.19897316766792847,0.46601941747572817,0.7437984979860816,0.1928451399790702
37,jacobi40,0.41336772897146123,0.9021957981510178,0.2112969660301302,0.5048543689320388,0.6737867454107228,0.1513570458872106
37,jacobi80,0.5450757054216435,0.9325448278043073,0.2264548088964174,0.5631067961165048,0.5836061691163478,0.11603136824941135
37,cg5,0.28783362241613614,0.7662734680539304,0.18083284269281763,0.42718446601941745,0.860709748711896,0.2944997866083247
37,pcg5,0.2636040206351477,0.8106005502672274,0.18125850526029044,0.4174757281553398,0.8019250675779107,0.23540098234097545
37,poisson_pcg5,0.9940770174701381,0.9993253428628653,0.2638992207258698,0.9514563106796117,0.05741030907309884,0.035644966139541406
37,cg10,0.3587895179171733,0.884538755890073,0.19632446842824566,0.49514563106796117,0.7565772211273297,0.1988576937076421
37,pcg10,0.3671417347650382,0.8849814996363177,0.20499542664837864,0.4563106796116505,0.6883462317539317,0.15425821335794215
37,poisson_pcg10,0.99999374150633,1.0,0.26441191675971376,1.0,0.0012303298845538014,0.0010236271680244924
37,cg20,0.5801344905586152,0.9588353731170214,0.23530056092023255,0.6407766990291263,0.5492040925759669,0.11265182809397557
37,pcg20,0.6685093720942707,0.9537754445885118,0.23648852651417301,0.6601941747572816,0.4823007072936982,0.08817154097435893
37,poisson_pcg20,1.0,1.0,0.26441191675971376,1.0,1.025634276228229e-06,6.006880216059972e-07
37,cg40,0.854787848240469,0.9826697447898548,0.2532016357051532,0.7864077669902912,0.3007253767023724,0.048547212806105286
37,pcg40,0.9198799151527072,0.9890789875926336,0.25778099736380455,0.8446601941747572,0.2145910097766266,0.032166500992810904
37,poisson_pcg40,1.0,1.0,0.26441191675971376,1.0,1.984500409263977e-13,4.98422622341463e-14
37,cg80,0.9908223437164723,0.9995783392892909,0.2638883506593853,0.970873786407767,0.06593606411119692,0.011999492579015761
37,pcg80,0.9999118558221871,0.9999894584822323,0.26440525496142725,0.9902912621359223,0.006514005956597725,0.001396688381891302
37,poisson_pcg80,1.0,1.0,0.26441191675971376,1.0,2.1485932974061106e-13,3.3966358298402653e-14
37,poisson,0.3927145433981832,0.7950518115598284,0.19238461311024688,0.44660194174757284,3.6253717289085525,7.227401274308931
37,amg,0.9876222529683142,0.9992093861674204,0.263857435440791,0.9611650485436893,0.10229118101896696,0.04864225802264327
37,oracle,1.0,1.0,0.26441191675971376,1.0,2.0428029590266205e-13,3.234618922547049e-14
38,ensemble,0.5692198340605106,0.7530860293265025,0.16818397893329914,0.22330097087378642,,
38,raw,0.41149412595665535,0.8057514520940725,0.1802708169415829,0.3592233009708738,,
38,smoothed,0.5763919225198484,0.8688740604872289,0.18860573723846483,0.34951456310679613,,
38,prediction_magnitude,0.8479752767148272,0.9369511822312176,0.2421533037796116,0.6019417475728155,,
38,boundary_distance,0.8319645977974367,0.910296954555517,0.20193358445771645,0.4106354810238306,,
38,jacobi1,0.3734562531292468,0.7359666044717118,0.18359694489725498,0.3592233009708738,0.9643467482236658,0.47475262027624915
38,jacobi5,0.337929824404549,0.7526116610269546,0.1953179436675962,0.4174757281553398,0.9275355791756151,0.28429423271231674
38,jacobi10,0.31666584337672554,0.7445368584168749,0.1996789203499699,0.4368932038834951,0.9008197035123529,0.23565244137257976
38,jacobi20,0.3225407025606179,0.7431770026248379,0.2086662705816118,0.47572815533980584,0.8626339410069852,0.19766893935776722
38,jacobi40,0.38778792423646374,0.8022622097129545,0.22212365362432876,0.5436893203883495,0.8087148975828219,0.17116150272492597
38,jacobi80,0.5168975082254488,0.8921286486828374,0.23390936978631108,0.5825242718446602,0.7310082622273348,0.15043151784250325
38,cg5,0.3431851821221658,0.7666529626935686,0.18648668920737474,0.4077669902912621,0.9495113994239532,0.2858024494585785
38,pcg5,0.31621745583291605,0.7477625628537997,0.20071858413776386,0.4563106796116505,0.9055258544013384,0.21795045054647316
38,poisson_pcg5,0.995147286942994,0.998292274121628,0.27170733463675373,0.912621359223301,0.09093433366025817,0.042876927457018536
38,cg10,0.2919286218796938,0.7200699956779777,0.1869936245538911,0.4077669902912621,0.9170402974034121,0.21574681606271381
38,pcg10,0.36367121003504754,0.7732519528161664,0.21292331396152014,0.5048543689320388,0.8134861641184582,0.17374800118403103
38,poisson_pcg10,0.9999969378084542,1.0,0.272276823963984,1.0,0.0008042289530515596,0.0009198076991368198
38,cg20,0.3596311065016808,0.9283598452505192,0.21655606579743672,0.5728155339805825,0.8189828392645927,0.17031567379157372
38,pcg20,0.7564192922537729,0.9596892360562074,0.2531558831803485,0.6310679611650486,0.5313673721678438,0.12496261109919583
38,poisson_pcg20,1.0,1.0,0.272276823963984,1.0,5.969263729522695e-07,5.101974455273676e-07
38,cg40,0.8314097480509263,0.9943497464764977,0.2696374706572724,0.8543689320388349,0.39360011760909924,0.09446770936402621
38,pcg40,0.9978214742328875,0.9996837544669681,0.27210739054088623,0.970873786407767,0.03750626064380991,0.01638205761911537
38,poisson_pcg40,1.0,1.0,0.272276823963984,1.0,1.5166301664800162e-13,3.9755604006191083e-14
38,cg80,0.9967836371682998,0.9994623825938459,0.2721274861821523,0.970873786407767,0.03758312043893232,0.012321168601412791
38,pcg80,0.9999999105929473,1.0,0.272276823963984,1.0,2.4423173365410796e-05,1.2647478879574317e-05
38,poisson_pcg80,1.0,1.0,0.272276823963984,1.0,1.557687198633626e-13,3.87715776327312e-14
38,poisson,0.7198780264287247,0.8540210619524999,0.2206814208949393,0.47572815533980584,1.5934976158156238,6.886672122263313
38,amg,0.9970714496459481,0.9976808660910998,0.27069221775873614,0.912621359223301,0.11893530908329689,0.048495371682285286
38,oracle,1.0,1.0,0.272276823963984,1.0,1.6252730588907675e-13,4.027562703999133e-14
39,ensemble,0.2657949739825477,0.6801808924448942,0.1453149262691172,0.2524271844660194,,
39,raw,0.22795998810886198,0.6921876811823366,0.14903650802475016,0.2912621359223301,,
39,smoothed,0.4034981738609541,0.8042756396065905,0.12396609294926088,0.1941747572815534,,
39,prediction_magnitude,0.7027954567806308,0.9285074264992673,0.24306884434343767,0.6116504854368932,,
39,boundary_distance,0.6832089259920263,0.9154412152261683,0.23068056422238845,0.5710503089143866,,
39,jacobi1,0.24394251573564124,0.7046161306304882,0.1602236741799611,0.3592233009708738,0.9195916993428052,0.6153800258151034
39,jacobi5,0.2735275440776768,0.7240125233231081,0.17899264623627892,0.36893203883495146,0.83175176695623,0.3697560511139503
39,jacobi10,0.33577247693298046,0.7905716665085439,0.19475383925382544,0.3883495145631068,0.7795149994038213,0.3052263277425903
39,jacobi20,0.3996495802338888,0.8725425086703984,0.21738625386644334,0.4854368932038835,0.7135721652414283,0.25797617868284856
39,jacobi40,0.49293580350118016,0.941125623267238,0.23728500142501388,0.5825242718446602,0.62403817561949,0.2117513018890465
39,jacobi80,0.6609683566089692,0.9736567470984472,0.25865341786679963,0.6893203883495146,0.5030321917904571,0.16422391473919
39,cg5,0.2281473405872255,0.6674467389814785,0.16668445941560606,0.33980582524271846,0.8874636232556538,0.23354472265135948
39,pcg5,0.3159179645590444,0.7642600381602943,0.196002708438611,0.4077669902912621,0.7862730380757175,0.12203536164650708
39,poisson_pcg5,0.9980369787568844,0.9999683754466968,0.28516336634580675,0.9902912621359223,0.05413069040188924,0.043111116001931384
39,cg10,0.2612166399935627,0.7088854453264181,0.17269723295509587,0.3592233009708738,0.837804898781775,0.14775728615457112
39,pcg10,0.43551139716400816,0.9154675690205876,0.23263743452336072,0.5436893203883495,0.664466717285672,0.07783800911703168
39,poisson_pcg10,0.999998871235963,1.0,0.28518266906943224,1.0,0.00048452339445821365,0.0005107149890845779
39,cg20,0.3358962162935412,0.8215110211568262,0.19837115380313883,0.4174757281553398,0.7514274833226823,0.09292929885746591
39,pcg20,0.8334454125241398,0.9895638974099491,0.2739932001103356,0.8349514563106796,0.33452509980705597,0.040566315206171655
39,poisson_pcg20,1.0,1.0,0.28518266906943224,1.0,2.06687739266544e-07,1.202799966633661e-07
39,cg40,0.5646943061118661,0.971843606042398,0.25454114906859754,0.6990291262135923,0.5372086719988152,0.05832426109309861
39,pcg40,0.9835686824976753,0.9990828879542076,0.28473571414911514,0.9514563106796117,0.09569999872053765,0.014959390329886298
39,poisson_pcg40,1.0,1.0,0.28518266906943224,1.0,2.80107533455351e-13,3.48118271162757e-14
39,cg80,0.9977426283885271,0.9999051263400904,0.28516598153412304,0.9902912621359223,0.030670275005529598,0.006586133709328044
39,pcg80,0.9999991171053573,1.0,0.28518266906943224,1.0,0.00016601540138021814,4.171524649573171e-05
39,poisson_pcg80,1.0,1.0,0.28518266906943224,1.0,2.80107533455351e-13,3.48118271162757e-14
39,poisson,0.7179628267827766,0.9047573869685758,0.2118590521275188,0.49514563106796117,2.312423291056125,6.310651691245644
39,amg,0.9961217791109362,0.9991883031318849,0.2845786987370506,0.9514563106796117,0.09658062373279477,0.038002140718263334
39,oracle,1.0,1.0,0.28518266906943224,1.0,2.906951877232433e-13,3.5589925799219574e-14
40,ensemble,0.33560506222730846,0.7315813330803369,0.17215781937330857,0.2912621359223301,,
40,raw,0.3333677401473428,0.8509007726932524,0.2103756973090603,0.4854368932038835,,
40,smoothed,0.43737662944353045,0.8836216438442807,0.20742815763384362,0.47572815533980584,,
40,prediction_magnitude,0.3352779777018811,0.5379336516871699,0.08930883322059549,0.0,,
40,boundary_distance,0.34830392728604076,0.5749080252574765,0.09850486179530527,0.0026478375992939097,,
40,jacobi1,0.28561334355553963,0.7632902185256634,0.19435772601380003,0.4077669902912621,0.9409107339646082,0.6183374132321887
40,jacobi5,0.2523232422573492,0.7636802546830692,0.19140780346583977,0.4077669902912621,0.8704044908551001,0.39472741675381784
40,jacobi10,0.3312734134718546,0.8021673360530449,0.18964379122664946,0.4174757281553398,0.819019133921341,0.30654320260269113
40,jacobi20,0.380858397110364,0.8142373738970937,0.1997985685803602,0.4563106796116505,0.7539597824110958,0.2446172297737573
40,jacobi40,0.4616751081825334,0.8428048870476371,0.2058505000738327,0.4563106796116505,0.6778727314434622,0.2062815816424732
40,jacobi80,0.5781625509620198,0.8910850384238322,0.21907655659211506,0.5048543689320388,0.5881713657623905,0.1683791377247577
40,cg5,0.2715662774479651,0.7848370808428997,0.19042429194302127,0.4077669902912621,0.9031961134407788,0.30891735464690184
40,pcg5,0.3091098298583792,0.7977188155550636,0.18396816808954886,0.3883495145631068,0.8118992554549911,0.22120569640761265
40,poisson_pcg5,0.9968988940347613,0.9993991334872395,0.2841519797449462,0.970873786407767,0.042953882667859336,0.038045030445631005
40,cg10,0.2680340953794435,0.8296279898379769,0.19423961668709844,0.4368932038834951,0.8378729060162361,0.22446100463237925
40,pcg10,0.43090675514984617,0.819655714029706,0.20121768278501173,0.4563106796116505,0.6960331634477284,0.15778821226953035
40,poisson_pcg10,0.9999984800801087,1.0,0.2844962141848358,1.0,0.0003632485487888675,0.0003829391905520292
40,cg20,0.49836174987483006,0.9343263443070533,0.2314373380046956,0.5631067961165048,0.6478095301285379,0.14443525965680912
40,pcg20,0.6550552535584006,0.9188830207773315,0.21844882217308653,0.47572815533980584,0.5155374246327719,0.09166331756546185
40,poisson_pcg20,1.0,1.0,0.2844962141848358,1.0,4.927735263893756e-08,6.531250881518056e-08
40,cg40,0.7803437477648236,0.9828805751452094,0.27484807235029274,0.8058252427184466,0.36463108392508425,0.061824108124483274
40,pcg40,0.985608850851155,0.9986717687612663,0.2838826884497258,0.9320388349514563,0.07883684373855988,0.012922755446715213
40,poisson_pcg40,1.0,1.0,0.2844962141848358,1.0,2.299169206016525e-13,4.0765362927421586e-14
40,cg80,0.9671655393927473,0.9987139348323372,0.28409894773854727,0.941747572815534,0.11227552879079003,0.01720950458108443
40,pcg80,0.9999960213861667,1.0,0.2844962141848358,1.0,0.0006633191907738964,0.00017480979936988886
40,poisson_pcg80,1.0,1.0,0.2844962141848358,1.0,2.299169206016525e-13,4.0765362927421586e-14
40,poisson,0.7006450830591517,0.9612915467569021,0.2557161381693297,0.6796116504854369,2.1557617034575767,7.07576422757902
40,amg,0.9923574069272583,0.9991355955430463,0.2839871892649244,0.9514563106796117,0.07948011192844612,0.04241941423158294
40,oracle,1.0,1.0,0.2844962141848358,1.0,2.3641070057750863e-13,4.190777295647433e-14
41,ensemble,0.2403704245940919,0.620463194290714,0.1370916842091852,0.1650485436893204,,
41,raw,0.37590834212502683,0.8117601172216776,0.176509776945308,0.36893203883495146,,
41,smoothed,0.4355516973928904,0.8587647449479776,0.19569365719370388,0.39805825242718446,,
41,prediction_magnitude,0.17290358343466133,0.6211483929456163,0.07844214507484927,0.02912621359223301,,
41,boundary_distance,0.32951846408325713,0.7394400345761782,0.13022756384181985,0.12180052956751986,,
41,jacobi1,0.2650789911308204,0.7372737526749101,0.18037978418035389,0.3592233009708738,0.9284481956693332,0.5260056751377754
41,jacobi5,0.3035061422645018,0.7407419120204927,0.18414196867361987,0.32038834951456313,0.8595359488052239,0.31682984196259717
41,jacobi10,0.3320779540090122,0.7418803959394074,0.18422303730191966,0.32038834951456313,0.8171219509885573,0.241924443091465
41,jacobi20,0.36191223803733635,0.771639100597704,0.18600341188626707,0.3883495145631068,0.7693374241238534,0.1791796170605526
41,jacobi40,0.4063517899291895,0.8366170161179807,0.19826756351627442,0.4563106796116505,0.7139172901975448,0.13904889139609483
41,jacobi80,0.4763840099957084,0.9033975311765388,0.2211889813303142,0.5436893203883495,0.637452629987769,0.11345753684285487
41,cg5,0.3274775588298405,0.7984567217988046,0.1807289830955234,0.39805825242718446,0.867650907030865,0.28567242308819374
41,pcg5,0.3310181228095272,0.7419225620104782,0.18011324513871166,0.3106796116504854,0.8122722746080896,0.21469591112145764
41,poisson_pcg5,0.9972132045275732,0.9997470035735745,0.2851591279268154,0.9805825242718447,0.046718941808621545,0.033237584714398014
41,cg10,0.3737636457513768,0.825432465766421,0.20431328762284706,0.47572815533980584,0.7809676633682133,0.18454784832833232
41,pcg10,0.3822000281632215,0.8090404056376037,0.18788707724183226,0.39805825242718446,0.7337691517043267,0.1372688101889983
41,poisson_pcg10,0.9999935738681066,1.0,0.28524875911726644,1.0,0.0010568827519927308,0.0007941926663916075
41,cg20,0.4846237751233817,0.9277695202555264,0.2300423903577432,0.5631067961165048,0.6249915876655082,0.11538119152171473
41,pcg20,0.5814141401723768,0.9584453369596154,0.24878623838212785,0.6699029126213593,0.5238267929912384,0.09102792429475981
41,poisson_pcg20,1.0,1.0,0.28524875911726644,1.0,2.4505148329095785e-07,2.3459595069157683e-07
41,cg40,0.829967254667048,0.9973329960047648,0.2823909872797372,0.9029126213592233,0.2934840820828442,0.05141652129860357
41,pcg40,0.9686162805772118,0.9985558120658212,0.2843988850119372,0.970873786407767,0.11268162295270961,0.019297422099581726
41,poisson_pcg40,1.0,1.0,0.28524875911726644,1.0,2.575991161723232e-13,3.904973703620337e-14
41,cg80,0.9835433691259566,0.9994729241116136,0.28511264971196465,0.9805825242718447,0.07560289586232187,0.012341251775641923
41,pcg80,0.9999983571454115,1.0,0.28524875911726644,1.0,0.0003194053342797473,0.00013421920002977344
41,poisson_pcg80,1.0,1.0,0.28524875911726644,1.0,2.602245575592924e-13,3.926926344137271e-14
41,poisson,0.5748047573492597,0.9578760950001581,0.23167203467701883,0.6699029126213593,3.0209674565450646,7.380731068225336
41,amg,0.9954498515842929,0.9997891696446455,0.285055373914281,0.9805825242718447,0.07125304727957109,0.04636006737210357
41,oracle,1.0,1.0,0.28524875911726644,1.0,2.637094227256727e-13,3.979426426913352e-14
42,ensemble,0.29915388518346325,0.6625343917017172,0.1650242206503072,0.27184466019417475,,
42,raw,0.21270160172734423,0.6206424000927654,0.1385137229942299,0.21359223300970873,,
42,smoothed,0.3087262400758171,0.6741511442817537,0.13379299240085504,0.20388349514563106,,
42,prediction_magnitude,0.7495150673235104,0.9127478574365137,0.24721756246926654,0.6699029126213593,,
42,boundary_distance,0.6727148234466866,0.8467105193805804,0.20546430623335596,0.4274051191526919,,
42,jacobi1,0.2342984563872398,0.6520455815228277,0.15060789749593706,0.2815533980582524,0.9530855275010301,0.4917746869287085
42,jacobi5,0.2612503464523281,0.7656620600234022,0.16237091218428298,0.34951456310679613,0.9035589805275486,0.28711786093961617
42,jacobi10,0.2975899323188613,0.8174103707451799,0.18434418682308845,0.44660194174757284,0.8617781576658936,0.23651082322418623
42,jacobi20,0.35433656614333736,0.9023644624353014,0.20937270941129504,0.5533980582524272,0.7987003416397644,0.19938765827118846
42,jacobi40,0.4624174661147271,0.9608488030106574,0.22715993810896462,0.6407766990291263,0.7075926551592859,0.16584990961704485
42,jacobi80,0.6391585902295972,0.9802241126677419,0.25136967524460824,0.7572815533980582,0.5829314200560055,0.1321915476161014
42,cg5,0.22415200763536225,0.6694601688751146,0.1525509962760457,0.2912621359223301,0.9410984199808181,0.29559256860338945
42,pcg5,0.27061782508404264,0.7935443745190432,0.18102131334700258,0.42718446601941745,0.8660177156573317,0.2223982898670674
42,poisson_pcg5,0.9960719793827336,0.9988193500100144,0.26824073724914094,0.9320388349514563,0.05477010519408031,0.04142134469018326
42,cg10,0.21853003629926326,0.7413427785332533,0.1595262933780516,0.32038834951456313,0.9024927796084452,0.2251268787241976
42,pcg10,0.43621427070667335,0.9581290914265836,0.22621881481107814,0.6213592233009708,0.6962433743427483,0.15874125157917932
42,poisson_pcg10,0.9999937079786851,1.0,0.2688832528277115,1.0,0.0011575401096863478,0.00108652021331554
42,cg20,0.30681143158572344,0.8794788273615635,0.19518044817071564,0.5145631067961165,0.7844429959140085,0.16779668682172408
42,pcg20,0.8288754045669121,0.9813520550688888,0.2599042662076324,0.7669902912621359,0.35860028890890416,0.08916791248649517
42,poisson_pcg20,1.0,1.0,0.2688832528277115,1.0,3.1722757029605714e-07,3.395751579776353e-07
42,cg40,0.7420706673342392,0.9886257023286212,0.2615175823075124,0.7961165048543689,0.42503019014924226,0.09604893869379397
42,pcg40,0.996199809115943,0.9976597830555644,0.26802434556952537,0.912621359223301,0.055464752791680116,0.01797436307362107
42,poisson_pcg40,1.0,1.0,0.2688832528277115,1.0,1.2234471221089238e-13,2.9645243485918176e-14
42,cg80,0.9983595817538086,0.9996310468781295,0.26880645162110517,0.9611650485436893,0.026680203338981426,0.009560399799146012
42,pcg80,0.9999997876582504,1.0,0.2688832528277115,1.0,0.00010507974076943191,6.103726383236968e-05
42,poisson_pcg80,1.0,1.0,0.2688832528277115,1.0,1.2225526064821046e-13,2.8134276816604287e-14
42,poisson,0.820369195247121,0.9177550783761846,0.20983708252066832,0.49514563106796117,1.5458572081601072,6.416599055720627
42,amg,0.9976923033938915,0.99930425982733,0.26866653637013516,0.970873786407767,0.07270722474716168,0.052722050951676744
42,oracle,1.0,1.0,0.2688832528277115,1.0,1.2524640177554734e-13,2.8816022424530204e-14
43,ensemble,0.29845991881839634,0.6971211114976334,0.162744827600514,0.30097087378640774,,
43,raw,0.361844635129819,0.7898337602648029,0.1905654940141171,0.3592233009708738,,
43,smoothed,0.456539142407553,0.8626123989331984,0.1860010764651558,0.32038834951456313,,
43,prediction_magnitude,0.44292633752950433,0.769277800617733,0.13758861687618662,0.1941747572815534,,
43,boundary_distance,0.39337203887844796,0.7468612630846589,0.14383164240140306,0.21248896734333628,,
43,jacobi1,0.3185088021243115,0.7336580120805793,0.18113359985070357,0.32038834951456313,0.8838493315807037,0.5670733700680282
43,jacobi5,0.4156169198376367,0.7841518821879975,0.2164848887347494,0.4077669902912621,0.7470175403784558,0.3331151647316636
43,jacobi10,0.5098299366103998,0.8271085670914898,0.24322410594624294,0.5048543689320388,0.6615070288130084,0.2531001757731523
43,jacobi20,0.5877596492561332,0.8827361563517915,0.26151393185894173,0.5436893203883495,0.5705648926246616,0.1924887928429205
43,jacobi40,0.6577608562513411,0.9297513255958593,0.27568678196789365,0.6019417475728155,0.48654860208626644,0.149386613176927
43,jacobi80,0.7416571820685215,0.9483043968670609,0.27952060781726734,0.6310679611650486,0.4138957677682498,0.11563850870791313
43,cg5,0.3619891728059509,0.8045180945152484,0.20673490179411014,0.4174757281553398,0.7980385836809921,0.2764909720998878
43,pcg5,0.4888261189292611,0.8068899360129872,0.23600301865466003,0.4854368932038835,0.6558908259445719,0.17668984788873351
43,poisson_pcg5,0.9940096604320149,0.999146137060814,0.30805457387620255,0.941747572815534,0.05603338375941885,0.03426209468253746
43,cg10,0.4172858589335526,0.8572467663894248,0.24377250265915656,0.5533980582524272,0.6708457322704356,0.1743031754479296
43,pcg10,0.6295896104534724,0.9247019385851175,0.2715351493841427,0.6019417475728155,0.5063764182991363,0.08063561435806267
43,poisson_pcg10,0.9999961778485085,1.0,0.30884479632042094,1.0,0.0009285087252712682,0.000763162925316146
43,cg20,0.6328385956834275,0.9647597061024846,0.28355439046285236,0.6893203883495146,0.4769666395128514,0.08181945405843584
43,pcg20,0.7772331870037908,0.9479354437451905,0.2799606969693924,0.6310679611650486,0.38548050925664196,0.04534826085969997
43,poisson_pcg20,1.0,1.0,0.30884479632042094,1.0,1.2752189855772712e-07,1.3633845177589254e-07
43,cg40,0.8630948698233316,0.9848307559322391,0.29865121027755387,0.7864077669902912,0.27254963985983,0.036537707794489636
43,pcg40,0.9641064882697946,0.9969218768118233,0.30498798149736195,0.8932038834951457,0.13073088650678097,0.0144826573032816
43,poisson_pcg40,1.0,1.0,0.30884479632042094,1.0,2.6777578033479744e-13,3.168081418222741e-14
43,cg80,0.9898975506937986,0.9992620937562591,0.30852714230972683,0.9611650485436893,0.06932901499000761,0.007064079937610126
43,pcg80,0.999992512159359,1.0,0.30884479632042094,1.0,0.0011301122494651841,0.00026541686171942486
43,poisson_pcg80,1.0,1.0,0.30884479632042094,1.0,2.6777578033479744e-13,3.168081418222741e-14
43,poisson,0.5911333014448179,0.9216765229857795,0.2700886093260678,0.6893203883495146,4.620556546326541,6.528645342060131
43,amg,0.980295948519419,0.9982290250150216,0.3073692000821434,0.912621359223301,0.12150476924142314,0.04811732819129909
43,oracle,1.0,1.0,0.30884479632042094,1.0,2.712133629964338e-13,3.1914430010743254e-14
44,ensemble,0.27508095808597377,0.7205127394242223,0.1685830481978251,0.2815533980582524,,
44,raw,0.31082874749660255,0.7987413427785333,0.21342756251480563,0.39805825242718446,,
44,smoothed,0.4060230513732923,0.8833264813467843,0.20432631688912298,0.36893203883495146,,
44,prediction_magnitude,0.3209784037264859,0.6839863803590441,0.15286995723115868,0.2621359223300971,,
44,boundary_distance,0.35052874954981417,0.7058758420037317,0.17474886769109688,0.323036187113857,,
44,jacobi1,0.24934336107932192,0.7632585939723602,0.19100765860447447,0.3592233009708738,0.9346287431996384,0.5749164492906623
44,jacobi5,0.3434583094914526,0.844438822301635,0.22099001601701673,0.5242718446601942,0.8216290809241138,0.37102541982279386
44,jacobi10,0.4615738546956583,0.9113669186089414,0.24922094344720896,0.6601941747572816,0.7351948476252576,0.2932431186478076
44,jacobi20,0.6372897704920963,0.9394916880132401,0.26356696401208135,0.7281553398058253,0.6179410074290278,0.22670330536898417
44,jacobi40,0.7754342165259994,0.957064398132043,0.2743404600234363,0.7378640776699029,0.4842549189204737,0.16414416034017656
44,jacobi80,0.8294407700629425,0.9644856266405237,0.27610218905210226,0.6893203883495146,0.3816752606757502,0.1110155749199919
44,cg5,0.2715913449502897,0.7925429303311091,0.2086214463211804,0.4368932038834951,0.8777317578522135,0.3700318775359415
44,pcg5,0.44530040769615903,0.9051579646437494,0.2474762966090964,0.6601941747572816,0.7155866725881033,0.26811405474975586
44,poisson_pcg5,0.9870612125384448,0.9991672200963495,0.29791934167202333,0.941747572815534,0.08584171887994262,0.04165098080630712
44,cg10,0.36405631973750086,0.8999820794197949,0.2301284964602365,0.5631067961165048,0.7698697052442317,0.2717153411800029
44,pcg10,0.7880683829840497,0.9511506066643476,0.2726706572527791,0.7184466019417476,0.440409364323381,0.15158768452544574
44,poisson_pcg10,0.9999898411236677,1.0,0.2987618605262593,1.0,0.0017388587314336225,0.0010437407749275729
44,cg20,0.7066716771868964,0.9911240420395728,0.2855040442588552,0.8543689320388349,0.4512883607531593,0.1464118578815283
44,pcg20,0.834756835169158,0.9594046150764787,0.2720751754697284,0.6310679611650486,0.361054960075383,0.07033875717046152
44,poisson_pcg20,1.0,1.0,0.2987618605262593,1.0,2.915034496970515e-07,2.736104392600098e-07
44,cg40,0.957736649291896,0.9965002161011143,0.2944918752583057,0.9029126213592233,0.16652504162015389,0.04026734912467969
44,pcg40,0.9265778780130174,0.9970062089539652,0.29578315479457634,0.912621359223301,0.1789890029894667,0.02646992029513864
44,poisson_pcg40,1.0,1.0,0.2987618605262593,1.0,3.9672584009746616e-13,6.517392003130422e-14
44,cg80,0.9895713602388957,0.9996732129492004,0.2984795553688318,0.970873786407767,0.06434343466009061,0.010037949102186944
44,pcg80,0.9999984018489377,1.0,0.2987618605262593,1.0,0.00031396609640158484,8.003648202562637e-05
44,poisson_pcg80,1.0,1.0,0.2987618605262593,1.0,3.9672584009746616e-13,6.517392003130422e-14
44,poisson,0.5266763040018596,0.9032499499277906,0.24444676728055645,0.5728155339805825,2.285630812726602,6.460467252063552
44,amg,0.9767169395071882,0.9982079419794863,0.297757687263168,0.9514563106796117,0.12158117175703581,0.05829255620133797
44,oracle,1.0,1.0,0.2987618605262593,1.0,3.887918237791497e-13,6.37823413399467e-14
45,ensemble,0.3794327904835133,0.6601414671684429,0.15722058074442813,0.1941747572815534,,
45,raw,0.3712658585759244,0.7978558552860441,0.19345440428757898,0.36893203883495146,,
45,smoothed,0.5460111378835563,0.8703498729747109,0.16471059864346702,0.27184466019417475,,
45,prediction_magnitude,0.4946220875652671,0.5599021747151155,0.1575605118611714,0.0970873786407767,,
45,boundary_distance,0.5350165730443817,0.6352898390310237,0.19443620415159282,0.2085172109443954,,
45,jacobi1,0.2795435434697089,0.6868325901563307,0.15114003429477765,0.2621359223300971,0.9519894081537934,0.5481583580541847
45,jacobi5,0.30265211492382516,0.730611513445706,0.17619494326846058,0.30097087378640774,0.9089276996926022,0.3513790987694639
45,jacobi10,0.33172668487590296,0.7565120226010141,0.185573641554415,0.33980582524271846,0.8833541835167158,0.2811786694292684
45,jacobi20,0.3741645693262284,0.7997111624131642,0.198937943155576,0.36893203883495146,0.8504031124439756,0.2184782050087246
45,jacobi40,0.4430374146162649,0.8490981731549708,0.2139443315125436,0.42718446601941745,0.8045120147289199,0.17429679014779054
45,jacobi80,0.5316538181281739,0.9113774601267091,0.2405119691145058,0.5533980582524272,0.732439408606277,0.1465075124820854
45,cg5,0.33834134271511335,0.8008391048143112,0.18513292063498077,0.33980582524271846,0.9113853114722995,0.3019858236575132
45,pcg5,0.31928497827408625,0.7594741890937458,0.1878907463107918,0.33980582524271846,0.880077452977934,0.24788522916120925
45,poisson_pcg5,0.9972942408447177,0.9995677977715232,0.30785885725113366,0.9514563106796117,0.042325946750947675,0.03354991674686519
45,cg10,0.3683910865639082,0.8393683522553578,0.21502967997676026,0.44660194174757284,0.8578387723823957,0.20342292263738546
45,pcg10,0.43867333345254267,0.8384934062806363,0.2077637306950187,0.4077669902912621,0.8200836917248676,0.1683098821396643
45,poisson_pcg10,0.999995943154996,0.9999789169644645,0.3080362457661386,0.9902912621359223,0.0009365191181527898,0.0008367345559368408
45,cg20,0.4752658071668693,0.9426646848613264,0.24971784856636559,0.6019417475728155,0.7393583661817288,0.1410166396822319
45,pcg20,0.6356697258779772,0.959467864183085,0.2771383873890499,0.6893203883495146,0.5760681371101101,0.11126315322324297
45,poisson_pcg20,1.0,1.0,0.3080368172164503,1.0,1.6875716900162782e-07,2.3713845123404713e-07
45,cg40,0.6767897615513911,0.9842720554905495,0.28927856528941237,0.7669902912621359,0.47718623612579514,0.07775587796239987
45,pcg40,0.901046062513411,0.9935485911261503,0.3020389619910337,0.8446601941747572,0.2510065040281191,0.042572406938250415
45,poisson_pcg40,1.0,1.0,0.3080368172164503,1.0,1.5772460517858007e-13,3.6446110027256986e-14
45,cg80,0.9726122617302052,0.9994096750050072,0.3076964327988914,0.9611650485436893,0.10049711633820517,0.02083623938588854
45,pcg80,0.9999795593126384,0.9999894584822323,0.3080362457661386,0.9902912621359223,0.0020110237676892995,0.0006075491846584209
45,poisson_pcg80,1.0,1.0,0.3080368172164503,1.0,1.5666763995595e-13,3.5878143675488025e-14
45,poisson,0.47630205725627633,0.85044748742924,0.2170297444977967,0.4854368932038835,2.5310280551583313,7.012905362472565
45,amg,0.9941685591159429,0.9987455593856404,0.30710895319823767,0.941747572815534,0.09930089108475072,0.050117406325468426
45,oracle,1.0,1.0,0.3080368172164503,1.0,1.500491296534178e-13,3.4675173073356423e-14
46,ensemble,0.0765201881124383,0.5202239018373865,0.11779302954245877,0.11650485436893204,,
46,raw,0.28554228730062226,0.7369047995530397,0.20655640097173536,0.3883495145631068,,
46,smoothed,0.4329922640547886,0.8548222173028472,0.21501968561835982,0.42718446601941745,,
46,prediction_magnitude,0.19964471872541303,0.5436893203883495,0.07656873540090364,0.019417475728155338,,
46,boundary_distance,0.273593449623157,0.6586498424043093,0.09605934276889638,0.07325684024713153,,
46,jacobi1,0.25546625777841353,0.6263137366518031,0.1772031527359886,0.24271844660194175,0.9607629706077163,0.6320553318153469
46,jacobi5,0.2898709073921751,0.6463847864815576,0.18752997343261676,0.23300970873786409,0.9081318977930234,0.4291458681482003
46,jacobi10,0.36479320148773337,0.6616805287625313,0.19616249954294152,0.22330097087378642,0.8686943619576453,0.3611029368249849
46,jacobi20,0.46305279262928256,0.7232113679727608,0.23401778892940087,0.34951456310679613,0.8138869027065149,0.3088824058852465
46,jacobi40,0.5640583537479437,0.7937130388033269,0.2771074012361459,0.49514563106796117,0.7346665861369096,0.26856703297469997
46,jacobi80,0.6896273625813604,0.8819666255547474,0.31513286382901773,0.6407766990291263,0.6135388830718561,0.22092248031478023
46,cg5,0.25611173199341963,0.6703983639564425,0.200527217297754,0.27184466019417475,0.9272399934690307,0.3591395059607328
46,pcg5,0.34590625223517624,0.6498845703804433,0.19569630229953977,0.23300970873786409,0.8672831573907559,0.2848489876245677
46,poisson_pcg5,0.9937472060296115,0.9997997111624132,0.3612313282361096,0.9805825242718447,0.04050243050393072,0.04272606670861642
46,cg10,0.30697339246119726,0.7044158417929013,0.21670716748003563,0.2912621359223301,0.8670907141759683,0.27709378815023106
46,pcg10,0.5328697763929618,0.7877254567112573,0.2642487656300459,0.44660194174757284,0.7409197311648947,0.22561383036443589
46,poisson_pcg10,0.9999989047636078,1.0,0.3613725342339033,1.0,0.0003188651258316862,0.0004884809542792776
46,cg20,0.5384520509977827,0.9299621559512139,0.31409180503393275,0.6310679611650486,0.6365442272555466,0.19206934580433443
46,pcg20,0.8840530228524425,0.9946765335272972,0.35709591900387144,0.8543689320388349,0.21709771976202905,0.0701071629147815
46,poisson_pcg20,1.0,1.0,0.3613725342339033,1.0,6.267738882427265e-08,7.595560097891243e-08
46,cg40,0.8550008270152349,0.9977757397510093,0.3591367447965163,0.9223300970873787,0.23000282527552637,0.07224657908511634
46,pcg40,0.9843369349474287,0.9992199276851881,0.36090615489491507,0.9611650485436893,0.06758911645004367,0.012898053095994576
46,poisson_pcg40,1.0,1.0,0.3613725342339033,1.0,2.3069156236308454e-13,4.9580755876185824e-14
46,cg80,0.9891194858200414,0.9996521299136649,0.3612561488515267,0.970873786407767,0.05100054215368359,0.009507407569437501
46,pcg80,0.9999905787318503,1.0,0.3613725342339033,1.0,0.0010652292581424065,0.0004117951540715336
46,poisson_pcg80,1.0,1.0,0.3613725342339033,1.0,2.3069156236308454e-13,4.9580755876185824e-14
46,poisson,0.4784688930512838,0.9122840306547336,0.2987642864944585,0.6601941747572816,2.0530371569926444,6.198589950489191
46,amg,0.9498186489700305,0.9987982669744789,0.3601337738662104,0.9320388349514563,0.14549671539322637,0.05948932721023318
46,oracle,1.0,1.0,0.3613725342339033,1.0,2.27263278582166e-13,4.9682578255929505e-14
47,ensemble,0.2814138384235748,0.7174029916827425,0.15513911451894438,0.2815533980582524,,
47,raw,0.2142464326586081,0.6804865964601583,0.13319703857291862,0.18446601941747573,,
47,smoothed,0.29955448465774975,0.7835615571930047,0.14120570848523667,0.22330097087378642,,
47,prediction_magnitude,0.5336483777090336,0.7709644434605695,0.13330433394579264,0.10679611650485436,,
47,boundary_distance,0.4596605585387555,0.7740162128543268,0.13813868078598454,0.17431597528684906,,
47,jacobi1,0.24553569353050564,0.6302984303680044,0.16501888883059124,0.2912621359223301,0.949705816554048,0.493497926054707
47,jacobi5,0.33135042647164004,0.6337033406069806,0.17430531796038579,0.32038834951456313,0.8990347315362913,0.29240507302539587
47,jacobi10,0.3675495091552821,0.6730021188450713,0.1876095788061591,0.3883495145631068,0.8597529226902231,0.24462602275984546
47,jacobi20,0.44369897092482646,0.7461286275998018,0.20325186345809382,0.4368932038834951,0.8037546144244652,0.21345671995086998
47,jacobi40,0.5520519700844002,0.8309456795589429,0.2260250049552351,0.5145631067961165,0.7245941618690621,0.18663488661227784
47,jacobi80,0.6736355589728916,0.9145820815280984,0.24352201212145194,0.5922330097087378,0.614005477179752,0.15404767470698227
47,cg5,0.2847725819862671,0.6778512170182263,0.17137529102693805,0.30097087378640774,0.9317332030234688,0.2836009270652923
47,pcg5,0.3506086608611687,0.6563676038075962,0.18384511522642238,0.3592233009708738,0.8660023792774025,0.21900819730639
47,poisson_pcg5,0.9975148527465845,0.9997048375025036,0.27643867457791765,0.9805825242718447,0.065252543133295,0.03945390935007162
47,cg10,0.3335689283670696,0.6785891232619673,0.18962097531869812,0.39805825242718446,0.8874304860897958,0.22238025303771794
47,pcg10,0.5624447576174808,0.8344981710466673,0.2222061627882183,0.49514563106796117,0.7120043780201125,0.17395576587202838
47,poisson_pcg10,0.9999929591946212,1.0,0.276586895398432,1.0,0.0014394395527125695,0.0011587952319619046
47,cg20,0.4665318557327801,0.8968617901605473,0.21040115157468445,0.47572815533980584,0.7155916293285022,0.15987946945637257
47,pcg20,0.8492947012910377,0.9801714050789032,0.2546581255696081,0.7281553398058253,0.3600864084775397,0.09052763689265302
47,poisson_pcg20,1.0,1.0,0.276586895398432,1.0,6.543852001679271e-07,6.387899617863699e-07
47,cg40,0.788448910575066,0.9910713344507343,0.26775718527159625,0.8252427184466019,0.37770192478702175,0.07719765245166742
47,pcg40,0.9735509799012947,0.9998629602690196,0.2764004787528848,0.9805825242718447,0.1021807151845942,0.025069272716106566
47,poisson_pcg40,1.0,1.0,0.276586895398432,1.0,1.2371498649426365e-13,8.543022550315555e-14
47,cg80,0.9871865053465416,0.9999894584822323,0.27655388407783976,0.9902912621359223,0.06734602561521595,0.017138272593267622
47,pcg80,0.999997619537229,1.0,0.276586895398432,1.0,0.000549288606464801,0.0002579141277111682
47,poisson_pcg80,1.0,1.0,0.276586895398432,1.0,7.05745081404964e-14,2.5188121482751905e-14
47,poisson,0.7729087019884129,0.9034186142120743,0.2172593081415341,0.5048543689320388,1.7527781399494118,7.0061996243085005
47,amg,0.982681753361705,0.9993569674161685,0.27611977122224524,0.9611650485436893,0.09621984288163825,0.05541093286053894
47,oracle,1.0,1.0,0.276586895398432,1.0,7.678560135002885e-14,2.6448714803135496e-14
48,ensemble,0.2697395460803948,0.7059338203514542,0.16012491316839184,0.27184466019417475,,
48,raw,0.3328400150203848,0.7526643686157933,0.16685669188493496,0.2815533980582524,,
48,smoothed,0.3861437061905443,0.7606864636370345,0.1595813373981723,0.2621359223300971,,
48,prediction_magnitude,0.33009535262141476,0.7360931026849246,0.15521201981272503,0.21359223300970873,,
48,boundary_distance,0.3075028034532464,0.7537764987402886,0.15696903024931733,0.24227714033539274,,
48,jacobi1,0.352045041037837,0.7646922403887711,0.20004195510953074,0.39805825242718446,0.8255797476646012,0.5353167379937177
48,jacobi5,0.5420509307274157,0.8913591178857933,0.24322713090394085,0.5533980582524272,0.6447974177560694,0.2856315809653332
48,jacobi10,0.6509872438487947,0.9503810758673034,0.2618849124086353,0.6213592233009708,0.5333213704779407,0.19755480711653234
48,jacobi20,0.7895984952793076,0.9777679390278612,0.27846197946906154,0.7475728155339806,0.3981511911970435,0.12304996580802831
48,jacobi40,0.8946932332272368,0.9910502514151988,0.2896118184772682,0.8446601941747572,0.2633814768710494,0.06961273935100547
48,jacobi80,0.9491277447965095,0.9965318406544175,0.2933471497081202,0.8932038834951457,0.16596147144762846,0.045183208121733154
48,cg5,0.4576446494349473,0.8559817842572973,0.23732957556697193,0.5242718446601942,0.6899082099244525,0.25020089013648866
48,pcg5,0.6225444911844646,0.9410307496073285,0.2599485595727625,0.6019417475728155,0.5329992905416985,0.17992462878353307
48,poisson_pcg5,0.9915110462413275,0.9983028156393957,0.29423533808016217,0.912621359223301,0.06762655192237331,0.033298127566431336
48,cg10,0.6079232865138401,0.9309741416569157,0.27079226109741866,0.6990291262135923,0.5387075409169321,0.1341450404025088
48,pcg10,0.8746487420427723,0.9881618755468412,0.2868188868992956,0.8252427184466019,0.2841802890455929,0.05947354806733022
48,poisson_pcg10,0.9999748430906229,1.0,0.29552209517449235,1.0,0.0026196677515328975,0.0008529896681717858
48,cg20,0.8001293608289821,0.9742365305756723,0.2826587159777709,0.7961165048543689,0.36375121036495534,0.06276765022257705
48,pcg20,0.953508690365496,0.9969851259184297,0.29376525824178007,0.9029126213592233,0.1497555398790829,0.021356943285840993
48,poisson_pcg20,0.9999999888241183,1.0,0.29552209517449235,1.0,6.35714853316305e-07,4.3512134221076847e-07
48,cg40,0.9432886819612329,0.9968164616341461,0.2930534758437176,0.912621359223301,0.17012071374423637,0.020811625475431052
48,pcg40,0.9962663391388312,0.9998102526801809,0.29534141016941373,0.970873786407767,0.039394691791226816,0.0038953811437146477
48,poisson_pcg40,1.0,1.0,0.29552209517449235,1.0,5.549348384975262e-13,5.933185451720732e-14
48,cg80,0.9945393972176525,0.9997786281268777,0.2953987486961955,0.970873786407767,0.045511657126426734,0.004943765789373708
48,pcg80,0.9999983347936484,1.0,0.29552209517449235,1.0,0.00035758972821064815,7.187694247033759e-05
48,poisson_pcg80,1.0,1.0,0.29552209517449235,1.0,5.683835611609405e-13,5.402808819960256e-14
48,poisson,0.6121256638473642,0.861463373496516,0.23032313579638633,0.49514563106796117,4.934627123396229,7.454624553141423
48,amg,0.9897766053036261,0.9992199276851881,0.2945738822042983,0.9514563106796117,0.10033687780678265,0.05183062490451947
48,oracle,1.0,1.0,0.29552209517449235,1.0,5.652374793563406e-13,5.3686403654955194e-14
49,ensemble,0.1564171688362778,0.6592770627114892,0.12228034597321555,0.18446601941747573,,
49,raw,0.2112166623453258,0.7024656610058716,0.17290144049514575,0.2524271844660194,,
49,smoothed,0.21597108352406835,0.7214614760233178,0.15012295966792927,0.1941747572815534,,
49,prediction_magnitude,0.21605800953079177,0.6041660078218062,0.08123000170850711,0.038834951456310676,,
49,boundary_distance,0.24255292901994974,0.6424580711130788,0.08124018809312439,0.04214474845542807,,
49,jacobi1,0.254793659698877,0.6506013935886489,0.15896702077037445,0.22330097087378642,0.9241580747235203,0.5440103241608875
49,jacobi5,0.4308198291431228,0.7300738960395518,0.20427290231725787,0.32038834951456313,0.8616600955674913,0.3040728961534514
49,jacobi10,0.5263868151419784,0.7675068256327546,0.2269296254794735,0.3883495145631068,0.8137657257778512,0.23511860108151494
49,jacobi20,0.5800430494957441,0.7773315201922772,0.24263182047899393,0.4368932038834951,0.7431528497171297,0.18791653486434212
49,jacobi40,0.6343502565982404,0.8107059654449048,0.2732958388242442,0.5339805825242718,0.6391358446588039,0.14970767409744934
49,jacobi80,0.7156858414991775,0.9120415757460759,0.3044328177475001,0.6601941747572816,0.49798035071016744,0.10656751179765436
49,cg5,0.34084184562978326,0.7497127436408294,0.21861702671349326,0.33980582524271846,0.8415768875577809,0.27225996472124575
49,pcg5,0.5219487384664901,0.773114913085186,0.22424622746078107,0.3786407766990291,0.8237789727811119,0.22174150837117498
49,poisson_pcg5,0.9932733262999784,0.9992726352740268,0.3392381156923683,0.9514563106796117,0.05932052794389404,0.03548900693722275
49,cg10,0.45153669488949283,0.7889166482190105,0.23548418767195056,0.3786407766990291,0.7457835645583042,0.1838802532957405
49,pcg10,0.6287544256490951,0.8026206213170572,0.267637121833913,0.5048543689320388,0.6525329796306266,0.15641693147386393
49,poisson_pcg10,0.9999785311315355,1.0,0.33985745099102377,1.0,0.002077065057990453,0.001009520016925463
49,cg20,0.550590555933052,0.9429809303943582,0.2926036711817986,0.6213592233009708,0.5292623471433484,0.10383079618043582
49,pcg20,0.8154398938738288,0.9874028862675648,0.3294272421787871,0.8349514563106796,0.3011133960169831,0.05710869643544239
49,poisson_pcg20,0.9999999888241183,1.0,0.33985745099102377,1.0,5.798385994973585e-07,4.903031635484833e-07
49,cg40,0.7950881218260495,0.9906180491867219,0.3251701662877844,0.8155339805825242,0.295749996656848,0.04225293466133346
49,pcg40,0.9346668916744152,0.9989036821521563,0.33871275497310327,0.9611650485436893,0.14660225988676548,0.022418457602188892
49,poisson_pcg40,1.0,1.0,0.33985745099102377,1.0,1.0267272347967673e-13,3.9843813144604343e-14
49,cg80,0.991821825155568,0.9997259205380391,0.33981155547637737,0.9902912621359223,0.04539631001345499,0.008026743472011981
49,pcg80,0.999990735194192,1.0,0.33985745099102377,1.0,0.0010277397590519413,0.00024055731140745513
49,poisson_pcg80,1.0,1.0,0.33985745099102377,1.0,8.765166647810642e-14,1.9987638079406162e-14
49,poisson,0.41758397557399324,0.8334440192698945,0.25196514583757645,0.44660194174757284,3.1242707694557117,7.196679479316949
49,amg,0.9719488725770686,0.9973435375225325,0.33784378162963763,0.9223300970873787,0.14140261317983638,0.05786925008881489
49,oracle,1.0,1.0,0.33985745099102377,1.0,8.321534774178692e-14,1.9080012682435176e-14
50,ensemble,0.19908444943137113,0.5850542361089149,0.12176148518317043,0.14563106796116504,,
50,raw,0.19696685457048851,0.668047605494239,0.13945633190266596,0.20388349514563106,,
50,smoothed,0.2237250330806094,0.7224207541401811,0.13965162783234641,0.24271844660194175,,
50,prediction_magnitude,0.49685395581503466,0.7260048701812087,0.14688435444963874,0.20388349514563106,,
50,boundary_distance,0.4810594047661902,0.709586456257972,0.12575386135947808,0.09466019417475728,,
50,jacobi1,0.23214456226307129,0.6781042134446518,0.1505531948412947,0.22330097087378642,0.9407250159586602,0.5178957130583441
50,jacobi5,0.24676725332594235,0.7079894163161612,0.1574177679345698,0.2621359223300971,0.8844775957861186,0.2912470019847739
50,jacobi10,0.24776087860310417,0.7444209017214298,0.16431238298184633,0.2912621359223301,0.8457410183980792,0.22018384624991746
50,jacobi20,0.32052604874472496,0.8132675542624627,0.17808334623184274,0.36893203883495146,0.7881413086466577,0.17013165174610256
50,jacobi40,0.46171856001001355,0.8871319692609342,0.20278161922265245,0.47572815533980584,0.6975667574722128,0.13750466686451784
50,jacobi80,0.651706031846792,0.9493585486438337,0.23263842462541873,0.6116504854368932,0.5634770325591363,0.10786940769385735
50,cg5,0.2144776504720692,0.6442975659635475,0.1517240927625831,0.20388349514563106,0.9064622673621053,0.2919449045333744
50,pcg5,0.23633022047779126,0.7269957728513752,0.164378327483937,0.30097087378640774,0.8531989101938073,0.1956221346776969
50,poisson_pcg5,0.9965622541306058,0.9996626714314327,0.28598038233556616,0.9611650485436893,0.03876430963660012,0.036338819348302784
50,cg10,0.25846100287890705,0.7122481894943234,0.16963978015192965,0.2815533980582524,0.8554281666237484,0.2014046657231939
50,pcg10,0.3799433382805235,0.8573100154960311,0.18627831801573136,0.42718446601941745,0.7370392699265961,0.13803431655714965
50,poisson_pcg10,0.9999987259495029,1.0,0.2861923075434085,1.0,0.00047006824823458087,0.0004919586612598162
50,cg20,0.3137120467062442,0.87053962029453,0.19925204214778205,0.47572815533980584,0.7412649090307222,0.13173562532473632
50,pcg20,0.8510294439775409,0.9777890220633967,0.27144071891045096,0.7475728155339806,0.3172726998756,0.06626206860903879
50,poisson_pcg20,1.0,1.0,0.2861923075434085,1.0,7.302282127773737e-08,7.364862375602427e-08
50,cg40,0.6826678058615263,0.9781790582208026,0.2577682875216483,0.7281553398058253,0.48596776008756093,0.072579988669001
50,pcg40,0.9616706713575566,0.9993675089339363,0.28578634953630455,0.9514563106796117,0.12833086616416103,0.020180263865621825
50,poisson_pcg40,1.0,1.0,0.2861923075434085,1.0,4.336280825036292e-13,6.947377668729324e-14
50,cg80,0.9721035579536513,0.9990512634009044,0.2855570458610714,0.941747572815534,0.10680959506542628,0.020124880855405352
50,pcg80,0.9999843425899434,1.0,0.2861923075434085,1.0,0.0027272793960720575,0.0006423824041488856
50,poisson_pcg80,1.0,1.0,0.2861923075434085,1.0,4.336280825036292e-13,6.947377668729324e-14
50,poisson,0.7644974206065375,0.9346425898400852,0.22851361232028744,0.5048543689320388,2.2370874661031976,6.645033328695999
50,amg,0.9914606541914025,0.9994096750050072,0.2858819597129841,0.970873786407767,0.07317353551651247,0.04626129959281126
50,oracle,1.0,1.0,0.2861923075434085,1.0,4.3314963850652343e-13,6.921663779982487e-14
51,ensemble,0.23823567475502463,0.6714103496621443,0.13101320149755863,0.18446601941747573,,
51,raw,0.3809952010764609,0.8018721735555485,0.17692752314718393,0.3106796116504854,,
51,smoothed,0.38015250607967954,0.8145641609478933,0.1675482734564682,0.30097087378640774,,
51,prediction_magnitude,0.2555388786567484,0.6732234907181937,0.08655607244762119,0.019417475728155338,,
51,boundary_distance,0.22987215120168297,0.6575535245564657,0.10196435643942804,0.05383936451897616,,
51,jacobi1,0.3731455859738216,0.7653141899370671,0.1841790345778295,0.34951456310679613,0.8054381791363713,0.49561108367728984
51,jacobi5,0.5187192439739646,0.8169149194100966,0.22957509308315927,0.47572815533980584,0.650471889056288,0.2708008010469384
51,jacobi10,0.6109947763929618,0.824736725593751,0.24155645001128168,0.5242718446601942,0.5782017144803376,0.21093570988190163
51,jacobi20,0.7121761117766969,0.8475064039720439,0.2525092403764488,0.5825242718446602,0.5070221993154387,0.17069113184245813
51,jacobi40,0.7769973647271297,0.8759579604271422,0.26243439964262916,0.6601941747572816,0.4456364472231902,0.14447138934093293
51,jacobi80,0.8109521068771904,0.9146558721524725,0.26565414245428065,0.6699029126213593,0.38670307231177936,0.11844462427732005
51,cg5,0.42284324485015373,0.8015770110580521,0.21408290668649554,0.42718446601941745,0.7323574080746165,0.23374466973655325
51,pcg5,0.5810004984443172,0.8279097224418371,0.23894140887928314,0.5242718446601942,0.5913796974085426,0.12149380581145248
51,poisson_pcg5,0.9929121106322867,0.9980392776952025,0.2892366580694685,0.9223300970873787,0.0651129502320611,0.041057184871839354
51,cg10,0.5138576684428867,0.8480229383426626,0.2368039073425213,0.49514563106796117,0.6136572497350488,0.13538133544445624
51,pcg10,0.7587364436556754,0.8590493659277063,0.25337029786827486,0.6407766990291263,0.4691697869192414,0.0662724393250876
51,poisson_pcg10,0.999998245386596,1.0,0.29045162350393666,1.0,0.0004513565258180516,0.000419227614670343
51,cg20,0.7329440065982404,0.941979486206424,0.26535052752103644,0.6310679611650486,0.4231210222880341,0.06916913667337259
51,pcg20,0.8040855446677634,0.9371093049977336,0.2703242177484178,0.6893203883495146,0.364348936179296,0.03835625493164443
51,poisson_pcg20,1.0,1.0,0.29045162350393666,1.0,1.0924468211164477e-07,5.814398102516674e-08
51,cg40,0.9290648469351261,0.9871920559122103,0.28524076147251604,0.8252427184466019,0.1871903821612965,0.02386496561603528
51,pcg40,0.9921181760067233,0.9984925629592148,0.2897072793507563,0.9223300970873787,0.05808911804181701,0.005042866772074205
51,poisson_pcg40,1.0,1.0,0.29045162350393666,1.0,3.48158758774324e-13,3.2157860340789217e-14
51,cg80,0.9954613962699376,0.9990512634009044,0.2899855595364175,0.9320388349514563,0.042733517379946954,0.004072807525142701
51,pcg80,0.9999590068664616,0.9999789169644645,0.29044131945251406,0.9902912621359223,0.003070448202116439,0.0004462129429041155
51,poisson_pcg80,1.0,1.0,0.29045162350393666,1.0,3.48158758774324e-13,3.2157860340789217e-14
51,poisson,0.49848792557756955,0.8308508058990334,0.18423663730510723,0.3592233009708738,3.264421384143162,6.7775531972589524
51,amg,0.9882597923074171,0.9968480861874492,0.28884254970421125,0.8932038834951457,0.09595858615771272,0.03216249869944513
51,oracle,1.0,1.0,0.29045162350393666,1.0,3.5858393892004714e-13,3.290397945896567e-14
52,ensemble,0.1662379971032115,0.5982522163541106,0.12025514868085345,0.13592233009708737,,
52,raw,0.28298005999213216,0.6760486174799447,0.15336614609784818,0.23300970873786409,,
52,smoothed,0.3684058387275588,0.7028029895744389,0.15685704144021032,0.2524271844660194,,
52,prediction_magnitude,0.3382160610828982,0.7045107154528109,0.1264080131051443,0.17475728155339806,,
52,boundary_distance,0.37033960386654247,0.7294888418034429,0.14120364673899416,0.2182259488084731,,
52,jacobi1,0.22683806371146553,0.6892571392429082,0.165383477190258,0.32038834951456313,0.8862058488380077,0.5122727684034738
52,jacobi5,0.2914502606215578,0.8117706587394453,0.18620463520684194,0.44660194174757284,0.7884424272966635,0.2872639930948299
52,jacobi10,0.3466345397324941,0.8656694390858396,0.2019159968032062,0.5048543689320388,0.7357796727837426,0.2237525956536052
52,jacobi20,0.42102577828839133,0.8916226558299865,0.21213041376713926,0.5631067961165048,0.6792586072152925,0.17991697151943087
52,jacobi40,0.49998223034832984,0.9153937783962135,0.21702223794446615,0.5631067961165048,0.6183007962467612,0.14995417187948015
52,jacobi80,0.5977324806880766,0.9444672843996078,0.23060265580555217,0.6019417475728155,0.5360905963547098,0.11838661929744015
52,cg5,0.2829666265825048,0.7711963568514595,0.17933545775936932,0.36893203883495146,0.8240493688619761,0.24302744149056912
52,pcg5,0.31343608066304274,0.8555284989932851,0.20007807295287688,0.5048543689320388,0.7489905520865346,0.15757545673890355
52,poisson_pcg5,0.9939750151991988,0.9985452705480535,0.2684154707501633,0.9320388349514563,0.06099273383438915,0.033905531426393076
52,cg10,0.32040650033974677,0.8622645288468633,0.2004375718073085,0.4563106796116505,0.7348064051376966,0.15540453940245352
52,pcg10,0.46686148835920177,0.898464100861242,0.21409510368535725,0.5339805825242718,0.6436051957654325,0.1045920950462457
52,poisson_pcg10,0.9999876841785279,0.9999683754466968,0.26908662921450366,0.9902912621359223,0.0020652953664257365,0.0008299135156966209
52,cg20,0.5566935372112152,0.9629360235286677,0.23614920428371666,0.6504854368932039,0.5627654298260446,0.09078184560820116
52,pcg20,0.727978886524569,0.9697142194533169,0.24684164033525563,0.6893203883495146,0.41962130989049395,0.062438266583599765
52,poisson_pcg20,1.0,1.0,0.2690871699617931,1.0,2.903662648313027e-07,2.446219556930976e-07
52,cg40,0.878587916189829,0.9917459915878688,0.2615514036993099,0.8349514563106796,0.2626016476881673,0.03878375622497062
52,pcg40,0.9808143306093984,0.9990407218831368,0.2683686785843092,0.9611650485436893,0.10228936130521805,0.016641114078195775
52,poisson_pcg40,1.0,1.0,0.2690871699617931,1.0,1.160875793331608e-13,2.3814005618564125e-14
52,cg80,0.9949483115478148,0.9996310468781295,0.26893016902297356,0.970873786407767,0.05128878060821085,0.007090878610216675
52,pcg80,0.999994691456262,1.0,0.2690871699617931,1.0,0.0009744191062628217,0.00016134549752694284
52,poisson_pcg80,1.0,1.0,0.2690871699617931,1.0,1.1574203779606284e-13,2.3709870962523243e-14
52,poisson,0.5387126055003219,0.8111381676733816,0.21127737814978645,0.4563106796116505,3.5811467557357357,7.450392956853941
52,amg,0.9862117002539161,0.9972908299336939,0.26733927891862097,0.9223300970873787,0.10731602580804342,0.04078683917824318
52,oracle,1.0,1.0,0.2690871699617931,1.0,1.2245350961309708e-13,2.4465975201048858e-14
53,ensemble,0.2608501269580144,0.5765472312703583,0.14480823221342165,0.1650485436893204,,
53,raw,0.44359246477362135,0.7202175769267259,0.1694364847715874,0.21359223300970873,,
53,smoothed,0.5422254421178742,0.7859650232440467,0.15847255281427428,0.17475728155339806,,
53,prediction_magnitude,0.3414515346720549,0.5912526485563392,0.09404822413181456,0.02912621359223301,,
53,boundary_distance,0.4398234052377496,0.7454276166682479,0.11732771853402352,0.11672550750220653,,
53,jacobi1,0.3307158487411487,0.6064324341418678,0.16647051194050816,0.22330097087378642,0.8985037997071569,0.562369776442219
53,jacobi5,0.4038128531578571,0.7114364926262083,0.2077394015475839,0.36893203883495146,0.7958895831928503,0.33529106450605173
53,jacobi10,0.4821072124669194,0.7970230753823936,0.21402718899635936,0.36893203883495146,0.7306198791761973,0.25391282586956043
53,jacobi20,0.548992583685001,0.8584590409327135,0.22979655913996697,0.42718446601941745,0.6551598128291715,0.18927439811839725
53,jacobi40,0.6279640784815106,0.909943813710298,0.24818589316582926,0.5242718446601942,0.5650945626143572,0.13832730262915874
53,jacobi80,0.7432155916958729,0.9536384048575314,0.2696813440210046,0.5922330097087378,0.4448294737370703,0.09750580441394728
53,cg5,0.4291651951755954,0.7490380865036949,0.18835410504819095,0.3300970873786408,0.819072746103367,0.3090392365068086
53,pcg5,0.4734249159573707,0.8052981668300602,0.2132354028291719,0.3786407766990291,0.7189829757571932,0.23413791768523137
53,poisson_pcg5,0.9928824833702882,0.9994518410760781,0.3119641592697881,0.9611650485436893,0.05457038472707356,0.03744897947249469
53,cg10,0.521246446069666,0.838546113869475,0.23231135063189817,0.46601941747572817,0.6852399307515157,0.20374659463479633
53,pcg10,0.6000418648522996,0.8926662660889915,0.2373267217536438,0.46601941747572817,0.5918187490734809,0.13678121764196954
53,poisson_pcg10,0.9999916739682424,1.0,0.3123356406315538,1.0,0.0013145083258804685,0.0009631085487971899
53,cg20,0.70402264680638,0.9703888765904515,0.2894735638756317,0.7475728155339806,0.4402077157549244,0.10280901674520626
53,pcg20,0.8696796433552678,0.9806141488251479,0.2935894812103946,0.7281553398058253,0.2995694130259981,0.06471662724617057
53,poisson_pcg20,1.0,1.0,0.3123356406315538,1.0,6.599873364774558e-07,3.0915073150790276e-07
53,cg40,0.9272327958479364,0.9976281585022612,0.31037396785693566,0.912621359223301,0.17312357044871093,0.03633343765071942
53,pcg40,0.9764697066554608,0.9981657759084153,0.31129655228714703,0.9320388349514563,0.10886317883726024,0.01826913426042328
53,poisson_pcg40,1.0,1.0,0.3123356406315538,1.0,7.767613389090145e-14,3.042147609077587e-14
53,cg80,0.9994919667763392,0.9999894584822323,0.31229371128785277,0.9902912621359223,0.012992724890538645,0.0025879776309059364
53,pcg80,0.9999965578284814,1.0,0.3123356406315538,1.0,0.0006395699333884667,0.00018829867591933796
53,poisson_pcg80,1.0,1.0,0.3123356406315538,1.0,7.758210160267321e-14,2.1911801926572908e-14
53,poisson,0.644274819397754,0.9092586150553956,0.2658069134754945,0.5728155339805825,4.2029028393736185,7.045424787544345
53,amg,0.9867721707138258,0.999609963842594,0.3113842167682318,0.970873786407767,0.10771152907659537,0.055915016704923874
53,oracle,1.0,1.0,0.3123356406315538,1.0,7.498014052303587e-14,2.1526367316402446e-14
54,ensemble,0.1617505677347829,0.6268408125401895,0.15502616067721156,0.2621359223300971,,
54,raw,0.3026936780273228,0.7233589492215089,0.1556023739657626,0.2524271844660194,,
54,smoothed,0.3216335003755096,0.7493964981077975,0.14893303256628945,0.23300970873786409,,
54,prediction_magnitude,0.4127495239074458,0.8202882050957697,0.19676206993285925,0.3592233009708738,,
54,boundary_distance,0.38890399403766945,0.8202302267480471,0.18016337984555364,0.3393645189761694,,
54,jacobi1,0.31545440016808524,0.7322349071819361,0.19174126441259706,0.39805825242718446,0.8710715214627591,0.48494096795222746
54,jacobi5,0.46276739414204987,0.7782170076847664,0.21326149576755188,0.44660194174757284,0.7454588446072458,0.28746362188294805
54,jacobi10,0.5629559983191473,0.8331699398079335,0.2410262353904788,0.5339805825242718,0.6646992722108975,0.21736263345034929
54,jacobi20,0.6370816755775696,0.885392618829259,0.26290181120745426,0.5825242718446602,0.5686968594477251,0.1487770052452745
54,jacobi40,0.6763376189113797,0.9289396287277443,0.28675871547083964,0.6407766990291263,0.4718287183309414,0.09162924607404382
54,jacobi80,0.7318310676096129,0.9599949400714715,0.2961867273406066,0.6990291262135923,0.38718159283044096,0.05658425383420978
54,cg5,0.39200847355339385,0.7958845914634789,0.21411950313848707,0.4077669902912621,0.7780774102185962,0.2711076366526541
54,pcg5,0.5504200678599528,0.8264233684365875,0.24499222233161527,0.5436893203883495,0.6531131492603889,0.20051395171586398
54,poisson_pcg5,0.984193939542951,0.9983871477815376,0.31592133001567246,0.941747572815534,0.09264058811671247,0.03352744122208412
54,cg10,0.5067755234782919,0.8519127583989543,0.2581061897841937,0.5436893203883495,0.644542385512648,0.1636357240020587
54,pcg10,0.6506246088441456,0.9061172427606127,0.2776465714198793,0.5922330097087378,0.49010770011361254,0.0919919372503402
54,poisson_pcg10,0.9999886564802232,1.0,0.3167473688917366,1.0,0.0014508458540316764,0.0007419944038692741
54,cg20,0.6895425599921321,0.9338625175252733,0.2963424170574723,0.7378640776699029,0.4441920604824163,0.08040808685983564
54,pcg20,0.7521244568521563,0.9694295984735882,0.2982953048187048,0.7087378640776699,0.35692981811162366,0.04586446342692673
54,poisson_pcg20,1.0,1.0,0.3167473688917366,1.0,2.3139056911207443e-07,1.5911790729606109e-07
54,cg40,0.8545425041127244,0.9870760992167652,0.3099213175918285,0.8252427184466019,0.25757362787881166,0.03294594745922571
54,pcg40,0.9814703213289463,0.9989774727765304,0.316205440896981,0.9514563106796117,0.08254735531354113,0.013700305938668172
54,poisson_pcg40,1.0,1.0,0.3167473688917366,1.0,2.63032890071041e-13,3.5844441070029155e-14
54,cg80,0.9967647499284742,0.9997997111624132,0.31658238802327304,0.970873786407767,0.032463380628966004,0.005456421031200849
54,pcg80,0.9999979771654386,1.0,0.3167473688917366,1.0,0.00040595145826712096,0.00010800958304438361
54,poisson_pcg80,1.0,1.0,0.3167473688917366,1.0,2.628412198282137e-13,3.5699662365371865e-14
54,poisson,0.4698285955046134,0.8928770964443461,0.24145665541245293,0.47572815533980584,3.833016098958667,7.404210979221209
54,amg,0.9825217259137401,0.9967637540453075,0.31527517489717355,0.912621359223301,0.1265475933057685,0.04619560709439348
54,oracle,1.0,1.0,0.3167473688917366,1.0,2.6308503874144594e-13,3.578882178411908e-14
55,ensemble,0.42325370145197055,0.7273858090087811,0.1670302216703431,0.3300970873786408,,
55,raw,0.2839169676704098,0.7029716538587226,0.13502136911582047,0.24271844660194175,,
55,smoothed,0.438611195551105,0.7578297123219802,0.13258435445921615,0.2621359223300971,,
55,prediction_magnitude,0.7134373211858951,0.838272034407514,0.17870961266749896,0.3106796116504854,,
55,boundary_distance,0.7743971085479394,0.8477225050862823,0.17199932285009353,0.24492497793468668,,
55,jacobi1,0.2548876265109792,0.7073042176612588,0.15288480201185242,0.3106796116504854,0.9663590521546142,0.5609140348342488
55,jacobi5,0.25429907106072525,0.7626471859418319,0.16472208492258217,0.36893203883495146,0.9260707323964144,0.3497662326651702
55,jacobi10,0.2949978430548601,0.7988783825095137,0.17207207360047808,0.3883495145631068,0.8949002475626023,0.2868165687215658
55,jacobi20,0.36088222408983617,0.8652161538218273,0.17963213822426427,0.4368932038834951,0.847267796892045,0.2361833059808872
55,jacobi40,0.45599118893498314,0.9225936350315719,0.1962771020318352,0.5436893203883495,0.7745367376695452,0.19517944705437792
55,jacobi80,0.6105423990594377,0.9570960226853462,0.21108594060012922,0.6213592233009708,0.6649637145170724,0.16207798736673654
55,cg5,0.2604462082469065,0.7509777257729567,0.16520185075225327,0.3786407766990291,0.9474908885630969,0.34377635883003305
55,pcg5,0.28374761953722905,0.7863972254725236,0.16980735607886327,0.3786407766990291,0.8939257632618115,0.2665706605011343
55,poisson_pcg5,0.9975710339031543,0.9990934294719753,0.24493043046263396,0.9514563106796117,0.05229231531873154,0.0412453557337759
55,cg10,0.2623226387597454,0.7934916669302046,0.16855108622971207,0.4077669902912621,0.8973445270605999,0.2549755579229497
55,pcg10,0.4099386108826264,0.8963768803432318,0.19318588941472628,0.5339805825242718,0.7774101338357075,0.18381316197165218
55,poisson_pcg10,0.9999956861097202,1.0,0.24533415636125863,1.0,0.0011884763525693578,0.0012811785220393362
55,cg20,0.4114154812781632,0.884538755890073,0.1854277138825496,0.5145631067961165,0.7911679794002113,0.18303092736505971
55,pcg20,0.8958736074851583,0.9799711162413164,0.23403814379283228,0.7475728155339806,0.3407310324403691,0.11108412763775044
55,poisson_pcg20,1.0,1.0,0.24533415636125863,1.0,5.084994626431022e-07,6.06279249018046e-07
55,cg40,0.8459024971389743,0.9760496716317215,0.23258209891357387,0.7281553398058253,0.4034777299614432,0.10439459251389081
55,pcg40,0.9990283576818539,0.9997891696446455,0.24519035049593357,0.970873786407767,0.02392941277774071,0.009559758973180054
55,poisson_pcg40,1.0,1.0,0.24533415636125863,1.0,7.281246825158643e-14,2.4081842240510298e-14
55,cg80,0.996221434446749,0.9993569674161685,0.24510985400030147,0.9611650485436893,0.04729337631790928,0.016569116463610978
55,pcg80,0.9999990947535942,1.0,0.24533415636125863,1.0,0.0002853056329463258,0.0001179062024725144
55,poisson_pcg80,1.0,1.0,0.24533415636125863,1.0,7.159010845228206e-14,2.0433634913178887e-14
55,poisson,0.8824676122952578,0.9547874302942138,0.2249281960315645,0.6601941747572816,1.753432593866738,6.388676634332833
55,amg,0.9979498404084114,0.9977757397510093,0.2447901506703112,0.9514563106796117,0.07677511588712276,0.05331811673396393
55,oracle,1.0,1.0,0.24533415636125863,1.0,7.250075237437132e-14,2.0596922889977633e-14
56,ensemble,0.2672156520456333,0.7417644392439623,0.18547785177490414,0.3786407766990291,,
56,raw,0.2751712480330448,0.7915414861431749,0.2108901694267884,0.5048543689320388,,
56,smoothed,0.4458091002968314,0.9076668458724687,0.2346546359134176,0.5825242718446602,,
56,prediction_magnitude,0.5157029853014805,0.8597240230648409,0.1951372175371274,0.4077669902912621,,
56,boundary_distance,0.47856189883608585,0.8545534085997702,0.22420364459352457,0.500441306266549,,
56,jacobi1,0.23794875634790072,0.7226105014600002,0.173196368918924,0.34951456310679613,0.951264692851119,0.6252925750155486
56,jacobi5,0.3086606041234532,0.7318132464712269,0.1824319954600389,0.3883495145631068,0.8948951034339628,0.3765239790319121
56,jacobi10,0.33723593627065296,0.7479944762446897,0.18270178504602685,0.34951456310679613,0.860746061806506,0.29524923062088115
56,jacobi20,0.3689527193154996,0.7490380865036949,0.1802332659116354,0.33980582524271846,0.8208675279781251,0.24062552135704263
56,jacobi40,0.3877965184893784,0.745074475823029,0.1773870329127079,0.34951456310679613,0.7774094262214047,0.20372081628885036
56,jacobi80,0.42870406712681486,0.7891063955388297,0.18843873149580198,0.36893203883495146,0.7200011924240048,0.175747625256473
56,cg5,0.25626814963164296,0.7634061752211083,0.19218285003755164,0.42718446601941745,0.9235489648843401,0.3487335678721707
56,pcg5,0.3454181903118518,0.7511463900572405,0.17932803229100316,0.3300970873786408,0.8657670264690878,0.22906378683960227
56,poisson_pcg5,0.9994233580394821,0.9998735017867872,0.29270125454479157,0.9805825242718447,0.02072110505668009,0.026927815646799667
56,cg10,0.3099754130605822,0.7655671863634926,0.19741110397977985,0.4174757281553398,0.8609949061230059,0.24332536611783828
56,pcg10,0.38866586796366487,0.7277336790951161,0.16559890437530586,0.3106796116504854,0.7917002264957721,0.149757423362952
56,poisson_pcg10,0.9999992847435805,0.9999894584822323,0.2927499630508594,0.9902912621359223,0.0002810315640871547,0.0003732066782484609
56,cg20,0.4153730956297832,0.8856139907023813,0.21929890925694098,0.5048543689320388,0.7222743959786492,0.15306378971132353
56,pcg20,0.4546515583649238,0.845408641936266,0.20686200765152546,0.42718446601941745,0.6612233996942345,0.10567452500411398
56,poisson_pcg20,1.0,1.0,0.2927499648704019,1.0,4.87238108115579e-08,4.6989744307886455e-08
56,cg40,0.6105219360203132,0.9556096686800966,0.25247294985052127,0.6407766990291263,0.5217012289374452,0.08222830836568175
56,pcg40,0.9799598338816964,0.9954144397710383,0.28877371439129207,0.8543689320388349,0.1279415353235576,0.034121041200671574
56,poisson_pcg40,1.0,1.0,0.2927499648704019,1.0,3.951541444994399e-13,1.1465624730963946e-13
56,cg80,0.9939172470674484,0.9997048375025036,0.29258866862512467,0.970873786407767,0.05180796612560458,0.01567780881442044
56,pcg80,0.9999991282812387,1.0,0.2927499648704019,1.0,0.0002576040142804957,0.00012298030549486637
56,poisson_pcg80,1.0,1.0,0.2927499648704019,1.0,3.951541444994399e-13,1.1465624730963946e-13
56,poisson,0.804526042039196,0.9007199856635358,0.25021375751881764,0.5922330097087378,1.7840944358199715,6.525927513403116
56,amg,0.9905394709784707,0.9947081580806004,0.2893715539722101,0.9029126213592233,0.14513665542079637,0.06927136868726577
56,oracle,1.0,1.0,0.2927499648704019,1.0,3.8204733365936457e-13,1.1178147695959409e-13
57,ensemble,0.31856453624561903,0.6512444261724804,0.16223334571324574,0.24271844660194175,,
57,raw,0.30839025954867316,0.6844712901763595,0.16128749990636773,0.27184466019417475,,
57,smoothed,0.4994999240040054,0.8012396824894849,0.1701219626694302,0.2815533980582524,,
57,prediction_magnitude,0.6043147061190185,0.776140328684524,0.16704338771460617,0.23300970873786409,,
57,boundary_distance,0.6544388245263567,0.81112235539673,0.20112147847905468,0.4124007060900265,,
57,jacobi1,0.25859402939703885,0.6399122945721725,0.17104285871733307,0.30097087378640774,0.9458347532090822,0.5380956664963877
57,jacobi5,0.2969419882340319,0.7333523080653153,0.18923813022884942,0.39805825242718446,0.8742413871918736,0.3201266625432944
57,jacobi10,0.3427225565052571,0.8177793238670503,0.19392608653717575,0.4368932038834951,0.8298304991453744,0.247955177321345
57,jacobi20,0.38175076890065085,0.876748574259722,0.20333604400171076,0.46601941747572817,0.7832095999949757,0.18948862894807855
57,jacobi40,0.4310983544632,0.9132327672538292,0.22703567853799547,0.5825242718446602,0.7363250010526344,0.15501582950615025
57,jacobi80,0.5123555852585651,0.939807933546272,0.24430049604210083,0.6601941747572816,0.6776485193007894,0.1361551841784032
57,cg5,0.2559266035154853,0.6680686885297745,0.16208753510327634,0.3300970873786408,0.9292307462649814,0.33805198573606354
57,pcg5,0.32688318074529715,0.8119182399881935,0.19613148009452475,0.4368932038834951,0.8180516647624295,0.22627873006934518
57,poisson_pcg5,0.9975860431120807,0.9983238986749312,0.2793377654355779,0.9223300970873787,0.049680990108988896,0.04407323571958997
57,cg10,0.29746010210285384,0.7457175084068605,0.17733838098992868,0.3786407766990291,0.8818576551325241,0.2283199454271234
57,pcg10,0.4021103193619912,0.9035240293897515,0.22463524438181945,0.5631067961165048,0.7440935865337683,0.1462101606095019
57,poisson_pcg10,0.9999989047636078,1.0,0.2800598187311582,1.0,0.00046389512756455086,0.00050172033593284
57,cg20,0.36382136917960084,0.8704974542234591,0.20555280120790217,0.4854368932038835,0.8060809469504372,0.1559779686395374
57,pcg20,0.6548670405371575,0.9614285864878825,0.26260888043336555,0.6990291262135923,0.5457486965580338,0.10599950784266361
57,poisson_pcg20,1.0,1.0,0.2800598187311582,1.0,8.072872952921444e-08,1.1185678310452125e-07
57,cg40,0.613199844878764,0.9758915488652056,0.2641376634305956,0.6893203883495146,0.5278483773376033,0.09733384925202905
57,pcg40,0.9757159046205565,0.9913770384659983,0.2769528388597551,0.8252427184466019,0.1436928760339288,0.0355729609679466
57,poisson_pcg40,1.0,1.0,0.2800598187311582,1.0,6.513689548187679e-14,2.5811407937269546e-14
57,cg80,0.986689860346184,0.9975754509134225,0.2792724518762897,0.9223300970873787,0.08297020952390192,0.023778262761683672
57,pcg80,0.9999830461876832,1.0,0.2800598187311582,1.0,0.0020564362094644107,0.0006230389215341535
57,poisson_pcg80,1.0,1.0,0.2800598187311582,1.0,6.513689548187679e-14,2.5811407937269546e-14
57,poisson,0.669763071311065,0.9388486554294088,0.2088794945627737,0.5436893203883495,1.5522156089530923,6.311576986290267
57,amg,0.9878832321543523,0.9917986991767075,0.2768370397617366,0.8252427184466019,0.1485413366051795,0.06311258594777988
57,oracle,1.0,1.0,0.2800598187311582,1.0,6.29522126542749e-14,2.5267859870576652e-14
58,ensemble,0.23590963852728702,0.5705912737315919,0.1192594961220224,0.0970873786407767,,
58,raw,0.18152827945068306,0.5900825400841213,0.11656016389772779,0.13592233009708737,,
58,smoothed,0.22734453231170876,0.6332816798962715,0.11738950147637965,0.13592233009708737,,
58,prediction_magnitude,0.4596928420713825,0.7705427827498603,0.1558954658487616,0.24271844660194175,,
58,boundary_distance,0.5181345998060085,0.861890304966109,0.19785467641852217,0.4488084730803178,,
58,jacobi1,0.21260436038194688,0.6078660805582787,0.14334500181505727,0.1941747572815534,0.9217544913273263,0.6105694678552588
58,jacobi5,0.28788266218439307,0.6320483223174472,0.16538964822004332,0.2524271844660194,0.8324529162697423,0.3886305781819767
58,jacobi10,0.38899060555396603,0.6979433498835163,0.19056301805401793,0.33980582524271846,0.7665779016422758,0.3148928631966055
58,jacobi20,0.5388837082469065,0.8105900087494597,0.19698983655421942,0.36893203883495146,0.6699790704742922,0.25968745328119824
58,jacobi40,0.7051074561011372,0.9002245343284526,0.22489115119256578,0.47572815533980584,0.5407500257668587,0.21731460512889667
58,jacobi80,0.820575356734139,0.9528267079894163,0.24155491061760428,0.5728155339805825,0.40113554610830265,0.17698068259630975
58,cg5,0.2219367690973464,0.6102906296448563,0.14260953757193742,0.20388349514563106,0.8923795111243178,0.29178443899055295
58,pcg5,0.3499319388813389,0.6763964875662798,0.1860841470533402,0.32038834951456313,0.7735093206195056,0.1921464712595031
58,poisson_pcg5,0.996405344753594,0.9996415883958972,0.273139686175437,0.970873786407767,0.047681835464335826,0.038743026764267025
58,cg10,0.2778502074243616,0.6386683954755805,0.1744013548924995,0.30097087378640774,0.8267228466463991,0.19287535776795683
58,pcg10,0.6643859076603962,0.8783298019248812,0.2164937887268472,0.4563106796116505,0.5550896992804059,0.09862844019436041
58,poisson_pcg10,0.9999988265324368,1.0,0.2735662859328925,1.0,0.00040501136097768816,0.00035517187281575136
58,cg20,0.48090503406408697,0.7940925334429652,0.19893747601383907,0.4174757281553398,0.6841809936784524,0.1333236752945423
58,pcg20,0.8572510460625133,0.9722758082708748,0.2569564566170057,0.7184466019417476,0.31578599884256187,0.04951754406177589
58,poisson_pcg20,1.0,1.0,0.2735662859328925,1.0,6.369611636778427e-08,6.474822115895516e-08
58,cg40,0.8192079540984192,0.9560945784974121,0.24587662377481803,0.6019417475728155,0.3596277379894609,0.054637124232510825
58,pcg40,0.9979344847471566,0.9997575450913423,0.2734163818827261,0.970873786407767,0.02923888867977449,0.00810603580295133
58,poisson_pcg40,1.0,1.0,0.2735662859328925,1.0,1.5228421512991705e-13,2.6847446680133238e-14
58,cg80,0.9774436512052069,0.9984293138526085,0.2727435110155624,0.9514563106796117,0.10762017243084851,0.015225506368170324
58,pcg80,0.9999991618088835,1.0,0.2735662859328925,1.0,0.00026427958047493073,8.320610545831588e-05
58,poisson_pcg80,1.0,1.0,0.2735662859328925,1.0,1.5228421512991705e-13,2.6847446680133238e-14
58,poisson,0.7295007286674773,0.9133803485025774,0.1890465371931255,0.3786407766990291,1.9746443065477322,6.912594034767387
58,amg,0.9934348177884271,0.9986928517968017,0.2727718416259901,0.941747572815534,0.12399967210880314,0.04380046770028928
58,oracle,1.0,1.0,0.2735662859328925,1.0,1.5233198442045917e-13,2.6431017165096982e-14
59,ensemble,0.1961277582075674,0.6132844206908911,0.12264261317393733,0.18446601941747573,,
59,raw,0.35217965453114936,0.6614907814427121,0.15355979020717186,0.24271844660194175,,
59,smoothed,0.36757697947214074,0.6381624026227296,0.1370348297417943,0.1941747572815534,,
59,prediction_magnitude,0.06248823179672413,0.5246618808176001,0.06493112827136886,0.0,,
59,boundary_distance,0.12156207327438069,0.5656314896218757,0.05617238866940717,0.0,,
59,jacobi1,0.1957485046670481,0.5790455709813099,0.13211580276836005,0.1262135922330097,0.9226304836000941,0.6279947236938703
59,jacobi5,0.36698141674415274,0.7455066780515058,0.16822786426108638,0.2524271844660194,0.8224491870523013,0.4064815698541868
59,jacobi10,0.4592854141334668,0.8420986053571994,0.20249639494345473,0.39805825242718446,0.7480857856308105,0.31217588305448957
59,jacobi20,0.5500823438952864,0.9158997712490644,0.22676857515109564,0.5048543689320388,0.6460089294496865,0.22810856694027767
59,jacobi40,0.6515146336993062,0.961175590061457,0.2547335308849468,0.6504854368932039,0.5165775797862994,0.16011610340362492
59,jacobi80,0.7925551082719405,0.9826592032720871,0.2686097111138957,0.7572815533980582,0.36659695096367967,0.10638950084047248
59,cg5,0.38856555325084036,0.7536974373570307,0.20996454840039114,0.4174757281553398,0.7899942199204296,0.33549300177940633
59,pcg5,0.44758912765538944,0.8435744178446812,0.19913849449487311,0.36893203883495146,0.7342176846526891,0.29072995655964823
59,poisson_pcg5,0.9921689927401472,0.9991039709897431,0.28343096140224805,0.941747572815534,0.06672803423782735,0.04009716812365415
59,cg10,0.47701320095129107,0.8338656799806036,0.2358294169313255,0.5339805825242718,0.6656944681216642,0.20646144835357
59,pcg10,0.6357226436771332,0.9554726289491161,0.24884875973953893,0.6116504854368932,0.5210249206182899,0.16603866099717607
59,poisson_pcg10,0.9999877512338172,1.0,0.28439641293248596,1.0,0.0014250550319328634,0.0007835293394826918
59,cg20,0.6831465694513983,0.9226041765493396,0.2498732160432106,0.5922330097087378,0.45365401092178337,0.11275690613982133
59,pcg20,0.9094611772226592,0.9917143670345656,0.27941478347687126,0.8349514563106796,0.2102765377187564,0.07102483382151537
59,poisson_pcg20,1.0,1.0,0.28439641293248596,1.0,3.6528535845369854e-07,3.719057548642767e-07
59,cg40,0.9291151607538802,0.9875926335873839,0.2777442596729366,0.8058252427184466,0.1956726594687458,0.04078244349158185
59,pcg40,0.9929803617409341,0.9996626714314327,0.28417481752326573,0.9611650485436893,0.04859298829989176,0.008478668279716056
59,poisson_pcg40,1.0,1.0,0.28439641293248596,1.0,1.7982913292724251e-13,4.2399227099233194e-14
59,cg80,0.9968670539482153,0.9999894584822323,0.28434064586185787,0.9902912621359223,0.03199742781512819,0.005019315170337263
59,pcg80,0.9999958760997069,0.9999894584822323,0.2843947515779666,0.9902912621359223,0.000698451520173502,0.00021126569826370828
59,poisson_pcg80,1.0,1.0,0.28439641293248596,1.0,1.6808904861323852e-13,3.046044975097224e-14
59,poisson,0.4173435711858951,0.7435881218177793,0.24033572856175212,0.5242718446601942,3.938585153388723,6.986244149077675
59,amg,0.9932668889922036,0.9993358843806331,0.2835916727935058,0.9514563106796117,0.09154937672632227,0.05693166279442074
59,oracle,1.0,1.0,0.28439641293248596,1.0,1.6794541329558163e-13,3.020233029588585e-14
60,ensemble,0.386906840086546,0.6446981436387211,0.15895747509991348,0.1650485436893204,,
60,raw,0.33490978828409984,0.7296416938110749,0.19125167416147595,0.3300970873786408,,
60,smoothed,0.5382753044310136,0.8512591842973551,0.16038651089791486,0.24271844660194175,,
60,prediction_magnitude,0.3391712301516343,0.5422135079008675,0.059008557623552484,0.0,,
60,boundary_distance,0.44758645251138085,0.6093155392513414,0.09185733596462735,0.010370697263901147,,
60,jacobi1,0.21565250384450324,0.5959225409274427,0.13984266473378942,0.1941747572815534,0.9838714583637203,0.6287267511135501
60,jacobi5,0.2389625987947929,0.6813088348460411,0.15141226307491412,0.24271844660194175,0.9531162007429275,0.4704337725944095
60,jacobi10,0.29635223696445173,0.7404362080052286,0.1665413287344502,0.32038834951456313,0.9254029675964175,0.41293388111592666
60,jacobi20,0.4146427182426149,0.8007863972254725,0.19623282420557023,0.46601941747572817,0.8841966086221096,0.358082254196
60,jacobi40,0.48430422314212135,0.8476856097740952,0.21921717944210187,0.5533980582524272,0.8286445897473907,0.2992668172450847
60,jacobi80,0.5349631866461626,0.9054109610701749,0.24109330276963412,0.6310679611650486,0.7599189711901796,0.23706577034826415
60,cg5,0.2953155957191903,0.7415957749596787,0.17980494415859882,0.33980582524271846,0.9618222590965864,0.3942399685345766
60,pcg5,0.2824533518703955,0.7098658064788168,0.17046745492204837,0.34951456310679613,0.9211458883964592,0.3526048822687705
60,poisson_pcg5,0.9989208904048351,0.9999367508933936,0.29455437973871007,0.9902912621359223,0.03168317893072671,0.03720264282594526
60,cg10,0.28191223803733634,0.8056565784341629,0.2014882471516459,0.46601941747572817,0.9090863101563713,0.3146007397937315
60,pcg10,0.5025291131714469,0.8358369438031688,0.23336445369773437,0.5825242718446602,0.7887608790852073,0.254072369006166
60,poisson_pcg10,0.9999967813461125,1.0,0.29457217411083775,1.0,0.0009171338885948234,0.0010918736038696866
60,cg20,0.47472166466990917,0.9589934958835373,0.2380964514409722,0.6601941747572816,0.7760558171882851,0.22040966036303636
60,pcg20,0.6020375531971961,0.9443724107396984,0.24705586586655903,0.6699029126213593,0.6880242204544545,0.18227306690043482
60,poisson_pcg20,1.0,1.0,0.29457217411083775,1.0,5.722463611224677e-07,6.3689833419742e-07
60,cg40,0.7437071740218868,0.9953195661111287,0.29069800611412583,0.8737864077669902,0.48534639747401226,0.12812965779553118
60,pcg40,0.9485146918138903,0.9998840433045549,0.29454539147440634,0.9902912621359223,0.15015875219533428,0.04674806625852049
60,poisson_pcg40,1.0,1.0,0.29457217411083775,1.0,1.7992791328070818e-13,5.2330023132789384e-14
60,cg80,0.9656914070881911,0.9999683754466968,0.29454539147440634,0.9902912621359223,0.11285332596084857,0.03425732515196144
60,pcg80,0.9999993294471067,1.0,0.29457217411083775,1.0,0.0001718391172691295,8.839203527168041e-05
60,poisson_pcg80,1.0,1.0,0.29457217411083775,1.0,1.7752183193634504e-13,4.7268343191521896e-14
60,poisson,0.6929586022995493,0.9341365969872342,0.24275578427656552,0.6601941747572816,1.3080826769896539,7.0538741715557345
60,amg,0.9882721751841785,0.9995888808070587,0.294399714689942,0.970873786407767,0.08913777275899935,0.06994199413314232
60,oracle,1.0,1.0,0.29457217411083775,1.0,1.677077555754916e-13,4.475930017279951e-14
61,ensemble,0.0943383207567413,0.5535350979834076,0.10087547413209005,0.0970873786407767,,
61,raw,0.34481328454688503,0.7995319566111129,0.18816212705138655,0.3300970873786408,,
61,smoothed,0.496575866354338,0.8718467684977284,0.19693259935204474,0.3786407766990291,,
61,prediction_magnitude,0.21802105312567055,0.6381202365516587,0.0628550116459524,0.0,,
61,boundary_distance,0.38295548692155806,0.8034481304618238,0.14232757675125832,0.25,,
61,jacobi1,0.20281597569916313,0.6246165522911988,0.15177295286043072,0.20388349514563106,0.9736721791138722,0.672626113449535
61,jacobi5,0.2312054194084829,0.5884907709011944,0.1591566003647584,0.18446601941747573,0.9288780977179099,0.5018889593601692
61,jacobi10,0.3148093171089335,0.6541433435586056,0.18051706231459674,0.22330097087378642,0.8921140135334993,0.44090803123569183
61,jacobi20,0.4017358938023031,0.7275650148108325,0.21909045645518999,0.34951456310679613,0.8374455283457694,0.3790981110860253
61,jacobi40,0.4508334748944996,0.8321895786555348,0.26075433849113494,0.5145631067961165,0.7576879010932278,0.31045439910288236
61,jacobi80,0.4842794462127173,0.930731686748258,0.282641336706728,0.6019417475728155,0.64835023136677,0.2354404726709069
61,cg5,0.2751861343072741,0.7120268176212011,0.21598344285406287,0.39805825242718446,0.9101505503296854,0.4844088661874204
61,pcg5,0.3291313099027251,0.6621654385798468,0.1847579346297989,0.24271844660194175,0.8763327373166825,0.43142414667768475
61,poisson_pcg5,0.9971480044345897,0.9996521299136649,0.33458471624921726,0.970873786407767,0.04478844315219561,0.04013976002695378
61,cg10,0.3535842057971533,0.828616004132275,0.25301629854435076,0.5048543689320388,0.802692668201029,0.3546178003075573
61,pcg10,0.4582872626242758,0.8403065473366855,0.26505842941509294,0.5242718446601942,0.7276003326569316,0.3003545771185204
61,poisson_pcg10,0.9999916069129533,1.0,0.3347761852267354,1.0,0.0013797924678741547,0.0009714255473836914
61,cg20,0.5211911813353837,0.9677534971485194,0.3055667961235174,0.7378640776699029,0.5694998782281828,0.21146833626686581
61,pcg20,0.628299746083971,0.9629887311175063,0.2910841559524544,0.6601941747572816,0.4996930783623744,0.1530846061042134
61,poisson_pcg20,1.0,1.0,0.3347761852267354,1.0,2.625305482989455e-07,3.9111378557931403e-07
61,cg40,0.7969806344324439,0.9919146558721524,0.3246779921487615,0.8446601941747572,0.31337695971571766,0.08722404967938258
61,pcg40,0.9088456543702167,0.9965529236899529,0.3315991721482939,0.9029126213592233,0.17092242092303048,0.049609264119490556
61,poisson_pcg40,1.0,1.0,0.3347761852267354,1.0,1.1180030621442287e-13,3.1566137575558186e-14
61,cg80,0.9663633457907158,0.9997575450913423,0.33453652772915426,0.970873786407767,0.08775713262216031,0.023514631079545188
61,pcg80,0.9999971501502037,1.0,0.3347761852267354,1.0,0.0004057647577438661,0.00020148010465747006
61,poisson_pcg80,1.0,1.0,0.3347761852267354,1.0,1.110992596820121e-13,3.1138424968052433e-14
61,poisson,0.7650241846076817,0.9933377607707958,0.3226705063197847,0.8737864077669902,3.201208103397243,6.282503582192279
61,amg,0.9827663547850654,0.9994729241116136,0.334410855374796,0.9611650485436893,0.11186899857460592,0.08709293668340784
61,oracle,1.0,1.0,0.3347761852267354,1.0,1.0535726768260366e-13,2.9419250509555316e-14
62,ensemble,0.18361153082755166,0.6412616088464417,0.14514642448274734,0.2524271844660194,,
62,raw,0.116558744903798,0.6139169117569547,0.11710503649372664,0.14563106796116504,,
62,smoothed,0.09789215050783205,0.6074127952942665,0.11502776714407896,0.13592233009708737,,
62,prediction_magnitude,0.34383589782562046,0.7808102210556276,0.14949067542376954,0.27184466019417475,,
62,boundary_distance,0.27934727244951485,0.7746908699914614,0.18120148492077684,0.36716681376875554,,
62,jacobi1,0.26555924111293894,0.7132074676111867,0.16286643195522255,0.3300970873786408,0.8673652255094789,0.4952452621583384
62,jacobi5,0.48960274211429794,0.8289322496653068,0.19202200425316654,0.39805825242718446,0.7134646472192181,0.27882936225169774
62,jacobi10,0.6266085446320006,0.8827994054583979,0.21045560408539582,0.44660194174757284,0.60455812768901,0.19747252996359715
62,jacobi20,0.7260661455725627,0.9158892297312967,0.2248618009530507,0.5631067961165048,0.48642904598317793,0.12336666294528033
62,jacobi40,0.7936202703669264,0.9350537090330265,0.23257387132092364,0.6019417475728155,0.3968659429587245,0.07805827286175429
62,jacobi80,0.8451479686717688,0.9556729177867029,0.23861105076676534,0.6796116504854369,0.3315850382691824,0.05803196197470756
62,cg5,0.3309301239181746,0.7252037148308613,0.16760128242684175,0.30097087378640774,0.7920477497692417,0.28132732056895177
62,pcg5,0.6189511658679636,0.8762742059601741,0.20537733669333003,0.4077669902912621,0.5813740562356513,0.1852748977784514
62,poisson_pcg5,0.996225267774122,0.9987455593856404,0.2578726083705317,0.9223300970873787,0.05149949707975017,0.035342336400765825
62,cg10,0.45663811601459126,0.7834034344264887,0.18534803506182654,0.3300970873786408,0.6841697492869242,0.1728290157063767
62,pcg10,0.7716887651097918,0.923131252437726,0.22660911098504533,0.5533980582524272,0.41198981654754546,0.06982486213892357
62,poisson_pcg10,0.9999833702882484,1.0,0.2585847451219993,1.0,0.002346072565406166,0.0007599593704878308
62,cg20,0.6553657307238394,0.8954703098152071,0.21250816681933124,0.49514563106796117,0.5138028824315606,0.08797524903014234
62,pcg20,0.8647141768292683,0.9672791288489717,0.24098510434367135,0.7087378640776699,0.297500561035471,0.03897346938886624
62,poisson_pcg20,1.0,1.0,0.2585847451219993,1.0,5.113941707428096e-07,3.0288552811667737e-07
62,cg40,0.8154686158894213,0.9511927727354185,0.23455299758476186,0.6407766990291263,0.3546729994887813,0.04191522068835251
62,pcg40,0.9907249235569701,0.9993885919694717,0.25812538435377036,0.9514563106796117,0.06940584699914083,0.01114350387676469
62,poisson_pcg40,1.0,1.0,0.2585847451219993,1.0,1.7572590178925983e-13,2.861504012685192e-14
62,cg80,0.9973644365567556,0.9999262093756259,0.25849930860381065,0.9805825242718447,0.034045883293273585,0.00779851838839596
62,pcg80,0.9999928921393318,1.0,0.2585847451219993,1.0,0.0013836716570675971,0.000286450466282021
62,poisson_pcg80,1.0,1.0,0.2585847451219993,1.0,1.761497682754244e-13,2.8220049594115343e-14
62,poisson,0.23432946945855085,0.6333027629318069,0.1588342688493144,0.22330097087378642,3.1729204737224843,7.057771205429569
62,amg,0.9633089773621342,0.9919462804254556,0.25410365422888737,0.8446601941747572,0.18383240596362002,0.056738379213788465
62,oracle,1.0,1.0,0.2585847451219993,1.0,1.7946086853757233e-13,2.8264743284031116e-14
63,ensemble,0.2967342844753594,0.7189209702412953,0.19534083653774506,0.34951456310679613,,
63,raw,0.315776768471497,0.751125307021705,0.23001969081333246,0.44660194174757284,,
63,smoothed,0.4100494085723482,0.8419721071439866,0.2299948256367352,0.4368932038834951,,
63,prediction_magnitude,0.34248248739360554,0.5704226094473083,0.09636161646184088,0.019417475728155338,,
63,boundary_distance,0.3618974503982242,0.6227243498518916,0.10414684397135332,0.07833186231244484,,
63,jacobi1,0.2899836720370503,0.6930520856392903,0.17491520439270775,0.30097087378640774,0.9376130194368363,0.6404346164450175
63,jacobi5,0.35331122371432655,0.6961829164163056,0.18745246402670554,0.30097087378640774,0.8678594228691706,0.4201788421932785
63,jacobi10,0.41680994519347686,0.7319186616489042,0.2092757059202134,0.32038834951456313,0.8192470142333218,0.3391234480394597
63,jacobi20,0.5193047484085543,0.7617195323782718,0.23863079743191173,0.39805825242718446,0.7480408906818254,0.27452549135997145
63,jacobi40,0.6443247197088906,0.8173576631563413,0.2650606093686738,0.47572815533980584,0.6438248780028739,0.22876936083925772
63,jacobi80,0.78498928232959,0.8897884317384017,0.29807960689423757,0.6019417475728155,0.5030950513397704,0.1892219674043341
63,cg5,0.3313640386953723,0.7165385872257888,0.2101442901531912,0.33980582524271846,0.8657160556704203,0.32022075761151975
63,pcg5,0.3794358750268221,0.7091911493416823,0.20303158950650213,0.3106796116504854,0.8124164061762692,0.25862702187903164
63,poisson_pcg5,0.9899575092983334,0.9993464258984008,0.33851396726657856,0.9611650485436893,0.06439181494105027,0.03608440504860469
63,cg10,0.3946482056004577,0.7546883400271971,0.24770916304236001,0.4174757281553398,0.7876770291341885,0.2142219328593224
63,pcg10,0.6209803595057578,0.8089033659066233,0.252464398821878,0.42718446601941745,0.6705861466258051,0.16800750177157392
63,poisson_pcg10,0.9999962560796795,1.0,0.3390743923235685,1.0,0.0007329082401230509,0.0005444426543100004
63,cg20,0.5927460035047564,0.9185035261376933,0.28563080465332946,0.5533980582524272,0.5843327191666869,0.13700591762080197
63,pcg20,0.86614511435162,0.9670472154580817,0.317649483340732,0.7087378640776699,0.312155086853671,0.07409455856096489
63,poisson_pcg20,1.0,1.0,0.3390743923235685,1.0,6.511633934409985e-08,6.564666291388146e-08
63,cg40,0.8629186820506402,0.9896693125876264,0.3273356137408655,0.8446601941747572,0.27536825902697765,0.05194799570682563
63,pcg40,0.9475470057578141,0.9987455593856404,0.3357181798026877,0.9320388349514563,0.14266076763841412,0.018753854707407768
63,poisson_pcg40,1.0,1.0,0.3390743923235685,1.0,3.646788438158151e-13,5.230078817519686e-14
63,cg80,0.9712528163221514,0.9997997111624132,0.3389667942094741,0.9902912621359223,0.09124942228606005,0.011946363889763811
63,pcg80,0.9999977312960446,1.0,0.3390743923235685,1.0,0.00032835572993094095,8.59471524160061e-05
63,poisson_pcg80,1.0,1.0,0.3390743923235685,1.0,3.646788438158151e-13,5.230078817519686e-14
63,poisson,0.5996803586116872,0.9246597725140465,0.2831241721753425,0.5825242718446602,2.8093168719333166,5.959171591072169
63,amg,0.9630823081324653,0.9970272919895007,0.3379872226775689,0.9320388349514563,0.12911958879349414,0.057326981028248694
63,oracle,1.0,1.0,0.3390743923235685,1.0,3.711303304262102e-13,5.3598705927656254e-14
64,ensemble,-0.013752503397467992,0.5721830429145188,0.1080358156414833,0.13592233009708737,,
64,raw,0.2914244778628138,0.7241917291251594,0.15924314526160127,0.2815533980582524,,
64,smoothed,0.3602650919104499,0.8073010552059285,0.1418487091789999,0.2524271844660194,,
64,prediction_magnitude,0.003407224536871468,0.5342652035040005,0.05671514125363334,0.009708737864077669,,
64,boundary_distance,0.12533315015299348,0.6826845029147297,0.1390724047615562,0.21822594880847307,,
64,jacobi1,0.27945149890923393,0.6728018300074845,0.1635077466271814,0.2912621359223301,0.8725682626316367,0.5176629265291749
64,jacobi5,0.4500619143838065,0.7784172965223533,0.20558369621527367,0.42718446601941745,0.7102773058842176,0.3288974233087903
64,jacobi10,0.58957865808955,0.8670187533601088,0.2339891574408876,0.5242718446601942,0.6008060528713701,0.2503848019897444
64,jacobi20,0.7153638308239754,0.9280857657885583,0.2603013174342012,0.6796116504854369,0.4782488666286455,0.17777345920161694
64,jacobi40,0.8193630529826191,0.9661828110011279,0.26592857770832734,0.7475728155339806,0.35243876075729047,0.11651500956656145
64,jacobi80,0.9135435032365353,0.9855264961049092,0.27524127595202036,0.8252427184466019,0.23196248130787597,0.06454341177307843
64,cg5,0.35854137981904005,0.8250213465734797,0.21085422050405725,0.5048543689320388,0.7530725210292628,0.3134463525502067
64,pcg5,0.5995192918067377,0.8696014252132022,0.23607311617176926,0.5533980582524272,0.5635760000008085,0.2334647247272585
64,poisson_pcg5,0.9963886591624347,0.9996732129492004,0.2824059462530893,0.9805825242718447,0.04726128414814015,0.03280401448423341
64,cg10,0.5741418934625563,0.9356018679569484,0.2574711937663608,0.7087378640776699,0.5454664442105226,0.1992170173397827
64,pcg10,0.7881379304949573,0.9593624490054078,0.2660035327075388,0.7475728155339806,0.3667845155300503,0.12233814195301737
64,poisson_pcg10,0.999993160360489,1.0,0.2825758399158989,1.0,0.001134964607674256,0.0005845340432703197
64,cg20,0.8837860533938916,0.9933061362174926,0.2791403609004252,0.8932038834951457,0.24170353605359876,0.07414597759492576
64,pcg20,0.9542205828445748,0.9899012259785164,0.27558873681080776,0.8252427184466019,0.17855309387330923,0.03596020120936534
64,poisson_pcg20,1.0,1.0,0.2825758399158989,1.0,2.1143919834627948e-07,1.88400608160322e-07
64,cg40,0.9738200168979327,0.9997575450913423,0.28247454638004293,0.9805825242718447,0.09393562952892857,0.016429084330599048
64,pcg40,0.9770791945318645,0.9987350178678727,0.28163944766580923,0.941747572815534,0.09940663224051466,0.012692318817993382
64,poisson_pcg40,1.0,1.0,0.2825758399158989,1.0,2.2610287372498884e-13,3.2148923379451605e-14
64,cg80,0.9974645165760673,0.9998840433045549,0.28252919402024884,0.9805825242718447,0.029941387278958342,0.003637650790861119
64,pcg80,0.9999975524819397,1.0,0.2825758399158989,1.0,0.0004062512974357408,0.00010650993847010194
64,poisson_pcg80,1.0,1.0,0.2825758399158989,1.0,2.261325773743435e-13,3.2120540452401654e-14
64,poisson,0.6297742248408553,0.9244067760876211,0.22537521678925385,0.5242718446601942,4.830960455913277,7.34196665621675
64,amg,0.9891459838352048,0.9984714799236795,0.2816373158923929,0.9320388349514563,0.10327327348407499,0.055754329364369706
64,oracle,1.0,1.0,0.2825758399158989,1.0,2.2084171353374398e-13,3.125674371202147e-14
65,ensemble,0.21175054538301977,0.6274733036062532,0.1642779433582201,0.2524271844660194,,
65,raw,0.42783715399470706,0.8093355681351001,0.1739931518948406,0.30097087378640774,,
65,smoothed,0.5214951764895215,0.8445126129260091,0.1742643859012548,0.2912621359223301,,
65,prediction_magnitude,0.35262514752163643,0.6939375731317795,0.0849034359718958,0.04854368932038835,,
65,boundary_distance,0.5157139264033496,0.8197242338951962,0.16451521917974052,0.26037069726390116,,
65,jacobi1,0.317322348186825,0.7413954861220918,0.1882464493595282,0.3883495145631068,0.9009679164919131,0.5284998643700038
65,jacobi5,0.35095122398254774,0.8022305851596513,0.1980679426816236,0.4174757281553398,0.815101077987263,0.287622267614189
65,jacobi10,0.38943513741863955,0.8312830081275102,0.19865797244963665,0.4368932038834951,0.7722400561024085,0.20050201761844114
65,jacobi20,0.4217479190508546,0.8536521088306295,0.19652902105864345,0.44660194174757284,0.7308634031567635,0.1412210491091785
65,jacobi40,0.45186462878191824,0.8802799827119109,0.20554504385041522,0.49514563106796117,0.6891322320202953,0.11172332348413122
65,jacobi80,0.5141462520563622,0.923363165828616,0.21388206148181943,0.5145631067961165,0.6241353695155241,0.0938094141260686
65,cg5,0.39206941563550535,0.8338235139095327,0.2003250246015674,0.4563106796116505,0.8342330638407359,0.264553818285184
65,pcg5,0.38588545391960516,0.8249791805024087,0.19623368543961,0.4368932038834951,0.7673029277373021,0.18628443898802288
65,poisson_pcg5,0.9835995726342893,0.9985558120658212,0.2879856509122694,0.9320388349514563,0.09882590444042942,0.03988769753213326
65,cg10,0.3882496110793219,0.8584063333438748,0.20956227829644128,0.49514563106796117,0.7604188320704253,0.16695272794684404
65,pcg10,0.42943190758887057,0.8546113869474927,0.1996906656783314,0.46601941747572817,0.7092418310870165,0.11704001567374618
65,poisson_pcg10,0.9999898075960232,1.0,0.28869665234406106,1.0,0.0020903496687319765,0.0011967626213415332
65,cg20,0.540685852675059,0.9475348660700168,0.23696930597914553,0.6213592233009708,0.6162647993089587,0.10332191639575801
65,pcg20,0.636142711537086,0.9726869274638162,0.2502860584024017,0.6893203883495146,0.49723243305565656,0.07490941603362211
65,poisson_pcg20,1.0,1.0,0.28869665234406106,1.0,1.5113203329777055e-06,5.250932999141807e-07
65,cg40,0.7931289562620699,0.9893636085723623,0.2792578768981275,0.8640776699029126,0.3582609848955224,0.05172875182988739
65,pcg40,0.9877292620341892,0.9971643317204811,0.2870225632644238,0.9029126213592233,0.08666184583790076,0.01824611680325597
65,poisson_pcg40,1.0,1.0,0.28869665234406106,1.0,2.6589648754602136e-13,4.979752504733798e-14
65,cg80,0.9811501993777269,0.99953617321822,0.28862974697213545,0.970873786407767,0.07554081961116525,0.011805620831975545
65,pcg80,0.9999987818289106,1.0,0.28869665234406106,1.0,0.00025165761644793384,7.99615429235845e-05
65,poisson_pcg80,1.0,1.0,0.28869665234406106,1.0,2.637437955183269e-13,3.780331698347784e-14
65,poisson,0.7003013688219726,0.9258404225040321,0.2182677788064599,0.5339805825242718,3.162796817260217,6.604559038240738
65,amg,0.9818369684750732,0.997206497791552,0.28715003439105546,0.9320388349514563,0.15103997574081346,0.05941757099253971
65,oracle,1.0,1.0,0.28869665234406106,1.0,2.608793837934501e-13,3.734293816020001e-14
66,ensemble,0.24338690678420713,0.7501765704226094,0.17483422279400362,0.34951456310679613,,
66,raw,0.3097678545883699,0.7585781600834888,0.1781767962634291,0.34951456310679613,,
66,smoothed,0.4714797202453329,0.8803748563718204,0.19038141997041919,0.39805825242718446,,
66,prediction_magnitude,0.4023732207996566,0.6604787957370102,0.09827391336933472,0.038834951456310676,,
66,boundary_distance,0.3902113138533737,0.5865458608730485,0.11369467032865967,0.0589143865842895,,
66,jacobi1,0.2785158429296902,0.7374213339236583,0.17013738748084697,0.33980582524271846,0.9582465361452531,0.6453105842457174
66,jacobi5,0.29800386461984124,0.7503557762246609,0.18582023618724466,0.4174757281553398,0.8847230576217352,0.4382425996029656
66,jacobi10,0.36547035932694366,0.8265920327208711,0.2096726989495896,0.5339805825242718,0.8249992623920236,0.36462842154386804
66,jacobi20,0.47204348759030107,0.8793101630772798,0.2245096496135636,0.6116504854368932,0.7473479806709026,0.3004651507039259
66,jacobi40,0.5558222990129461,0.9128321895786555,0.22793316623219492,0.6310679611650486,0.6623228541284483,0.24051504673755544
66,jacobi80,0.6048801833738644,0.9420216522774949,0.24195483274400006,0.6893203883495146,0.5819952974912392,0.18698402884862492
66,cg5,0.31137267765181315,0.7706376564097699,0.17634364074357178,0.3592233009708738,0.94526922168605,0.3898062077700372
66,pcg5,0.359037767774122,0.8352149942548728,0.20757025369358267,0.5145631067961165,0.8192422902848934,0.27765473008798
66,poisson_pcg5,0.9991973817144697,1.0,0.2821746754683027,1.0,0.035257229415818714,0.03649820588250542
66,cg10,0.2785373117981546,0.7430294213760897,0.18183060844446305,0.4077669902912621,0.8897714411057347,0.30828937224478575
66,pcg10,0.546006511068593,0.8973888660489338,0.2289116302144374,0.6407766990291263,0.6352094768600213,0.1753174471964301
66,poisson_pcg10,0.9999991171053573,1.0,0.2821746754683027,1.0,0.00032110986165703243,0.0006634648111354077
66,cg20,0.43939245672698657,0.9634525578992863,0.2333815512376976,0.6796116504854369,0.7004658020304381,0.1889047285065247
66,pcg20,0.6327587998891352,0.9491371767707114,0.2458279723047137,0.6699029126213593,0.5324130561457899,0.10665423513619385
66,poisson_pcg20,1.0,1.0,0.2821746754683027,1.0,4.412524817783155e-08,6.605944700514022e-08
66,cg40,0.6138367471926185,0.9866228139527529,0.2626256456316342,0.7961165048543689,0.5214636062449516,0.10107566833863853
66,pcg40,0.9849647289178171,0.9994412995583104,0.2816713899584177,0.9611650485436893,0.10223206673087201,0.02986481196679014
66,poisson_pcg40,1.0,1.0,0.2821746754683027,1.0,2.287245758797963e-13,5.5019873709873405e-14
66,cg80,0.9920582621057149,0.999841877233484,0.28197181505899904,0.9805825242718447,0.057111303150251425,0.02102676810187404
66,pcg80,0.9999994970853301,1.0,0.2821746754683027,1.0,0.00011402075053055629,4.1278789296805886e-05
66,poisson_pcg80,1.0,1.0,0.2821746754683027,1.0,2.287245758797963e-13,5.5019873709873405e-14
66,poisson,0.5524841973034832,0.877560271127837,0.22049903901884954,0.6019417475728155,1.5979201797240883,6.4975345170402585
66,amg,0.9934997496602531,0.9997891696446455,0.28194589554285593,0.9805825242718447,0.06789541491058243,0.05117780640979731
66,oracle,1.0,1.0,0.2821746754683027,1.0,2.290015254753539e-13,5.472820149019739e-14
67,ensemble,0.3588280411808883,0.6850932397246555,0.15257670408327498,0.2815533980582524,,
67,raw,0.17281854615192044,0.6331762647185942,0.1372855499439336,0.18446601941747573,,
67,smoothed,0.3039027631249553,0.6941273204515986,0.15340838770053616,0.18446601941747573,,
67,prediction_magnitude,0.670732511980545,0.7899707999957833,0.18254632465497037,0.34951456310679613,,
67,boundary_distance,0.5260985246455544,0.6992136027745275,0.17038695511867985,0.29523389232127095,,
67,jacobi1,0.22975578463629207,0.6609004564477193,0.15809487530364869,0.27184466019417475,0.9493425765612585,0.5222215149396905
67,jacobi5,0.2905349670982047,0.7671905800997227,0.17239967428857983,0.3592233009708738,0.8840696892929155,0.3071989059886742
67,jacobi10,0.3582023259244689,0.816630298430368,0.17968399754629436,0.4174757281553398,0.8397606961030161,0.23945108301283743
67,jacobi20,0.4437847793433946,0.8741764439243962,0.19810332801007655,0.5048543689320388,0.7856144032827783,0.1824990615597207
67,jacobi40,0.5134265923396037,0.9133276409137387,0.210506813418878,0.5533980582524272,0.7233496926221894,0.13982610528023798
67,jacobi80,0.5985092603354553,0.9449205696636201,0.23400034008238077,0.6504854368932039,0.6480748273813729,0.11295558424198644
67,cg5,0.19071676516343605,0.6765124442617249,0.16210606816540987,0.32038834951456313,0.9240380639305515,0.31192212385567275
67,pcg5,0.3588341655639796,0.8155339805825242,0.18196768742792302,0.4368932038834951,0.8312259378977112,0.23041883119439605
67,poisson_pcg5,0.9944166413346684,0.9988825991166208,0.27050946767432615,0.941747572815534,0.05623505375590261,0.0404853843593511
67,cg10,0.2543996428188255,0.799721703930932,0.1644261452994388,0.3592233009708738,0.8625712365883069,0.20490894357097766
67,pcg10,0.505517711537086,0.9008254008412131,0.21461727898442337,0.5825242718446602,0.7190594267576534,0.14267401791738624
67,poisson_pcg10,0.9999958202202988,1.0,0.27087207666467733,1.0,0.0012689879436519173,0.0009798198616130331
67,cg20,0.3905206284421715,0.8829048206360752,0.18979528750970173,0.4854368932038835,0.7755556717506695,0.13583949186590316
67,pcg20,0.6667200128746155,0.9546293075276978,0.23739610088946717,0.6504854368932039,0.5728200751000867,0.10068349818591672
67,poisson_pcg20,0.9999999888241183,1.0,0.27087207666467733,1.0,5.345801008414676e-07,5.923472622778553e-07
67,cg40,0.7893385330984908,0.9749955198549487,0.26035073734925807,0.7475728155339806,0.44272179508512544,0.08582116014532581
67,pcg40,0.9927895335634073,0.9965529236899529,0.2695007426724591,0.883495145631068,0.07319777485075733,0.019857036347227745
67,poisson_pcg40,1.0,1.0,0.27087207666467733,1.0,3.6107491189414695e-13,7.580071987359583e-14
67,cg80,0.9990440597954365,0.9997364620558068,0.2707893858382586,0.9611650485436893,0.022957405091625315,0.0073860089303169766
67,pcg80,0.9999989494671339,1.0,0.27087207666467733,1.0,0.0002796373158040924,0.0001240686415364885
67,poisson_pcg80,1.0,1.0,0.27087207666467733,1.0,3.646728450362721e-13,6.498553461809069e-14
67,poisson,0.24831779513268004,0.7093281890726627,0.1515348000644878,0.23300970873786409,1.8728687122821952,6.81998607289432
67,amg,0.9940316545669122,0.9981763174261831,0.26970962017116795,0.912621359223301,0.12018093191662416,0.053799729967573776
67,oracle,1.0,1.0,0.27087207666467733,1.0,3.5261264429710375e-13,6.279389031500865e-14
68,ensemble,0.18566904414920246,0.6252806679105658,0.14251945718028688,0.22330097087378642,,
68,raw,0.04802173485444531,0.5571508385777384,0.10516786318816312,0.1262135922330097,,
68,smoothed,-0.0002589004720692368,0.5481062163330276,0.08948552868065679,0.0970873786407767,,
68,prediction_magnitude,0.5530187955975967,0.7754656715473894,0.1726016921402678,0.32038834951456313,,
68,boundary_distance,0.582619439981484,0.84299990512634,0.17322070348393648,0.3574580759046779,,
68,jacobi1,0.10467536299263286,0.578265498666498,0.10532887932338793,0.0970873786407767,0.9607208615166261,0.5604299101375838
68,jacobi5,0.11223029245046848,0.631320957591474,0.12181749396188998,0.17475728155339806,0.9087142188195753,0.3644557770208513
68,jacobi10,0.19116618088834844,0.6814037085059507,0.1334074181427503,0.21359223300970873,0.8637940850125762,0.30405612681712707
68,jacobi20,0.3541349085365853,0.7908246629349693,0.1573771453043909,0.32038834951456313,0.7935235594325192,0.24810854176618902
68,jacobi40,0.5471792969029396,0.8864994781948705,0.179694274714213,0.4368932038834951,0.6887801441258838,0.1951255015701199
68,jacobi80,0.7161289763786567,0.9476824473187649,0.20869362666304453,0.5436893203883495,0.5442888341750882,0.14385734776349718
68,cg5,0.11526798646377227,0.6184286813615424,0.12810278847288128,0.20388349514563106,0.9234991213641575,0.3373444659827721
68,pcg5,0.17886958193262284,0.6707040679717066,0.13576967267060003,0.22330097087378642,0.859129337292252,0.27938398421659233
68,poisson_pcg5,0.9967188505829339,0.9975859924311903,0.24172454774533625,0.912621359223301,0.045430752453748995,0.043328317417450586
68,cg10,0.1418883216508118,0.6588026944119414,0.1341090576474519,0.27184466019417475,0.8673984702722236,0.2407241329931301
68,pcg10,0.5164034001502038,0.874766768919389,0.17978953789643654,0.42718446601941745,0.686588477933757,0.18398711183045918
68,poisson_pcg10,0.9999917745511765,1.0,0.24269141348767295,1.0,0.0014536953144353713,0.0010756023731245202
68,cg20,0.34400211671196623,0.7783329643802115,0.17130022259449737,0.3786407766990291,0.7394738921475565,0.16728548850810185
68,pcg20,0.8634111360954151,0.9738043283471954,0.23170929899393183,0.6990291262135923,0.3241609393208375,0.09522943198208629
68,poisson_pcg20,0.9999999888241183,1.0,0.24269141348767295,1.0,1.436679142453468e-06,9.348813573894007e-07
68,cg40,0.7731788118696803,0.9510346499689025,0.2236726668985826,0.6213592233009708,0.4443738312706232,0.09408161144988526
68,pcg40,0.9864430410020743,0.9989247651876917,0.24179177155199982,0.9320388349514563,0.09147212271018165,0.0268899286051518
68,poisson_pcg40,1.0,1.0,0.24269141348767295,1.0,7.573315018912563e-14,1.1468763596021224e-13
68,cg80,0.9976921022280235,0.9991883031318849,0.24241223196951922,0.9611650485436893,0.04249330827563824,0.013433125796263047
68,pcg80,0.9999985359595164,1.0,0.24269141348767295,1.0,0.00035653989191824093,0.00019287234131108266
68,poisson_pcg80,1.0,1.0,0.24269141348767295,1.0,6.906755003536276e-14,1.9613317812995414e-14
68,poisson,0.681138230008583,0.8944794071450407,0.18189683519261196,0.3786407766990291,2.2927650502788355,6.801714591997291
68,amg,0.9975533089550103,0.9983766062637699,0.24194497044488708,0.9320388349514563,0.09938469127715414,0.05723634534653731
68,oracle,1.0,1.0,0.24269141348767295,1.0,6.470322493308888e-14,1.8511642261333158e-14
69,ensemble,0.31767196328946423,0.6618491930468149,0.16413526767586636,0.22330097087378642,,
69,raw,0.29259061404763603,0.6566627663050926,0.1376364243770107,0.17475728155339806,,
69,smoothed,0.41123225270009295,0.6805287625312293,0.13655092162568783,0.14563106796116504,,
69,prediction_magnitude,0.6195049755024675,0.9275586899001719,0.26529612449972434,0.5922330097087378,,
69,boundary_distance,0.5390628468028399,0.7948462519633577,0.16862094544198525,0.25,,
69,jacobi1,0.263706268775481,0.6860736008770543,0.14761662117565588,0.20388349514563106,0.9530307362837122,0.5360737679236743
69,jacobi5,0.2571278207925041,0.7232746170793671,0.17339174098250623,0.30097087378640774,0.9066144507476043,0.33076408518092426
69,jacobi10,0.2907359541520635,0.7943033637983197,0.1909894822915121,0.3786407766990291,0.8677294040678177,0.2774016785328232
69,jacobi20,0.33338860551820326,0.8725741332237016,0.21936045279051158,0.5145631067961165,0.8064729708541079,0.23313098644948307
69,jacobi40,0.39461311333237964,0.9430020134298936,0.26302497378560175,0.6699029126213593,0.7183883351645823,0.18911479973103248
69,jacobi80,0.498652948644589,0.9795283724950719,0.28910391721190765,0.7766990291262136,0.6086636504964794,0.1462001935829352
69,cg5,0.2889674379515056,0.6988499204115408,0.16702702386633422,0.2912621359223301,0.9268482433016708,0.29326532932698457
69,pcg5,0.2740948206494528,0.7750229278011448,0.18518264987462169,0.33980582524271846,0.874393599563557,0.2316543064323084
69,poisson_pcg5,0.9966108692153637,0.9995888808070587,0.31476314619370427,0.9805825242718447,0.04915550183659926,0.037726654179931846
69,cg10,0.295752863260854,0.738907687928908,0.1778437227502455,0.3592233009708738,0.8775990155311078,0.21466672472984405
69,pcg10,0.3962148742042772,0.94826223079599,0.2576536931148118,0.6796116504854369,0.7060755890779609,0.15678045620224432
69,poisson_pcg10,0.9999897293648522,1.0,0.31486910331842916,1.0,0.0014917893760091688,0.0009161090055358062
69,cg20,0.37945608102067085,0.908046340512107,0.24633740138010773,0.6213592233009708,0.7398354168332637,0.15588103206194884
69,pcg20,0.5915602648236893,0.9850099617342905,0.2982216436916163,0.7766990291262136,0.4941772848553058,0.09837823965507132
69,poisson_pcg20,1.0,1.0,0.31486910331842916,1.0,6.010067211203191e-07,5.541754107403884e-07
69,cg40,0.7398962542915385,0.9967848370808429,0.3110269536009169,0.9029126213592233,0.3596220669312434,0.07638723612504343
69,pcg40,0.9906606510621557,0.9992304692029559,0.3145294945857955,0.9514563106796117,0.06759743080071183,0.021205018363471734
69,poisson_pcg40,1.0,1.0,0.31486910331842916,1.0,9.813941567670534e-14,4.199463508130548e-14
69,cg80,0.9987930830233889,0.9995677977715232,0.3146043826757763,0.9611650485436893,0.026056006190424513,0.009464835513981723
69,pcg80,0.999997541306058,0.9999789169644645,0.31486697978668,0.9902912621359223,0.0005496672519073246,0.00026304927464462086
69,poisson_pcg80,1.0,1.0,0.31486910331842916,1.0,1.1262794012331046e-13,2.705871539762711e-14
69,poisson,0.7784219431728773,0.9422641071861526,0.25312076603679223,0.5533980582524272,2.2093110289803843,7.218284271336098
69,amg,0.9922732637150417,0.9981446928728799,0.31385330336264666,0.9320388349514563,0.10667666932052607,0.05265160429492342
69,oracle,1.0,1.0,0.31486910331842916,1.0,1.159220515103214e-13,2.791838639231721e-14
70,ensemble,0.10100233128889206,0.6383837744958519,0.12259080028027551,0.1650485436893204,,
70,raw,0.3009948546241327,0.7845630013809388,0.16430113900893092,0.33980582524271846,,
70,smoothed,0.32305016629711747,0.8051189610280088,0.1604092415586244,0.3106796116504854,,
70,prediction_magnitude,0.2658234836563908,0.665918218905158,0.10236144931063655,0.08737864077669903,,
70,boundary_distance,0.35824619994968104,0.7595954165480746,0.13074339256149858,0.1937334510150044,,
70,jacobi1,0.26892200799299043,0.7418276883505687,0.17198671049326095,0.32038834951456313,0.8883580721843962,0.5013458131309153
70,jacobi5,0.3865181988055218,0.7911619915035367,0.2186001855869967,0.47572815533980584,0.7701347745249151,0.2931571094149752
70,jacobi10,0.4995331275481009,0.8114017056175749,0.22668791971222407,0.4854368932038835,0.6935910835844263,0.22688898810645386
70,jacobi20,0.5911984568342751,0.8558342030085492,0.23761083110197093,0.5145631067961165,0.6054800792714526,0.17362082562592193
70,jacobi40,0.6576964719977111,0.8985168084500806,0.2509941813133548,0.5145631067961165,0.5156178200316474,0.13240255786846597
70,jacobi80,0.7426217947571704,0.9359919041143544,0.25840037489460804,0.5533980582524272,0.4256246047547492,0.10053660935611511
70,cg5,0.3215182211572849,0.7883263232240177,0.1938525483640795,0.36893203883495146,0.8085483361166997,0.27976798832442995
70,pcg5,0.4967569603390315,0.8059306578961238,0.22177227569121974,0.4563106796116505,0.6883129293012291,0.20823601515933882
70,poisson_pcg5,0.9905713445926613,0.9978600718931512,0.2927414879521687,0.9320388349514563,0.07546097154853532,0.03825439328802634
70,cg10,0.4031940669480008,0.85541254229784,0.21631937974562468,0.4563106796116505,0.6976449088771315,0.17382890363537282
70,pcg10,0.6258527421142979,0.8802694411941432,0.24375443112081577,0.4854368932038835,0.5253830316285313,0.11617532184828411
70,poisson_pcg10,0.9999888576460909,1.0,0.2937622088151568,1.0,0.0016779419523067877,0.001082312816588353
70,cg20,0.626116079411344,0.9321758746824368,0.24895652389387682,0.5825242718446602,0.5113021307408145,0.09652806780878577
70,pcg20,0.770873015163436,0.9574860588427522,0.2658888953724587,0.6116504854368932,0.3751782776482657,0.05371761900198165
70,poisson_pcg20,0.9999999888241183,1.0,0.2937622088151568,1.0,1.5604157236890853e-06,5.894376363164716e-07
70,cg40,0.9043379854802946,0.9848096728967036,0.2830083773937284,0.7766990291262136,0.23566951272354805,0.03737699455663417
70,pcg40,0.9501680517309203,0.9943708295120331,0.28877584369621373,0.8640776699029126,0.15573796291236788,0.018909713845562285
70,poisson_pcg40,1.0,1.0,0.2937622088151568,1.0,1.0987078554601892e-13,4.6774250414942493e-14
70,cg80,0.9875037997997282,0.9993885919694717,0.2932459775161631,0.9611650485436893,0.07072442019800804,0.008273169399578005
70,pcg80,0.9999973736678348,1.0,0.2937622088151568,1.0,0.0004752986133592341,0.00012768543472184033
70,poisson_pcg80,1.0,1.0,0.2937622088151568,1.0,1.0507137276083696e-13,2.152153439350312e-14
70,poisson,0.5867612965810742,0.8949537754445885,0.2185852565417497,0.49514563106796117,2.8768331588454044,6.923860981887285
70,amg,0.988014884039053,0.9987033933145695,0.2925683120434092,0.941747572815534,0.128522319916447,0.055851383806075516
70,oracle,1.0,1.0,0.2937622088151568,1.0,1.0667624487891078e-13,2.1015982726132645e-14
71,ensemble,0.2506313255489593,0.568567302320188,0.11827444650909581,0.13592233009708737,,
71,raw,0.1989341450003576,0.7842783804012101,0.13398604992137575,0.33980582524271846,,
71,smoothed,0.34722525212788785,0.78265498666498,0.132931502703483,0.33980582524271846,,
71,prediction_magnitude,0.5365303246370072,0.6064218926241001,0.11568525081201317,0.05825242718446602,,
71,boundary_distance,0.4923913947457623,0.6415304175495188,0.1084882880241261,0.059576345984112974,,
71,jacobi1,0.19016099974966025,0.7608762109568535,0.13567896389874073,0.4174757281553398,0.9610761731913979,0.5140721896647998
71,jacobi5,0.19333145205993849,0.8221856782939607,0.14221965187813979,0.44660194174757284,0.9096868416598674,0.31271297553419286
71,jacobi10,0.24905272110364063,0.8476750682563275,0.14372486693246492,0.44660194174757284,0.8722129639035859,0.2524925308649028
71,jacobi20,0.32721579733209355,0.8894932692409053,0.14918471193967245,0.4563106796116505,0.8198399562899068,0.19931522583800065
71,jacobi40,0.4197169596237751,0.9164268471374508,0.16653248332901757,0.5339805825242718,0.7478737367237075,0.15875757817798003
71,jacobi80,0.544879993383878,0.9375415072262104,0.17311957190172214,0.5922330097087378,0.6503488387890469,0.1313971213775676
71,cg5,0.17471552911093627,0.7973604039509609,0.13975550772329468,0.4563106796116505,0.9345953361852851,0.3422552270449961
71,pcg5,0.23742203705028253,0.8378714567323403,0.1384811043329527,0.39805825242718446,0.8683362255860132,0.2467001873467976
71,poisson_pcg5,0.9983197509119519,0.9984082308170731,0.19222484486242114,0.9223300970873787,0.02891508810312442,0.0363198388044659
71,cg10,0.2031216248837708,0.8960922593635031,0.14406261732616407,0.5145631067961165,0.8906811586431457,0.23515220700484055
71,pcg10,0.3935788190222444,0.9022590472576242,0.15972005937654907,0.47572815533980584,0.7565186144929152,0.15979026080534034
71,poisson_pcg10,0.9999920204205708,0.9999789169644645,0.1925281709065646,0.9902912621359223,0.0013412513550769068,0.0010570464561632136
71,cg20,0.3249965019490737,0.9379737094546873,0.15654214860275636,0.5631067961165048,0.8057199122805141,0.1684963063375812
71,pcg20,0.7024978877583863,0.9412310384449153,0.17756197291560044,0.6019417475728155,0.4758983019414196,0.10834743010257482
71,poisson_pcg20,1.0,1.0,0.19252841904704066,1.0,1.6016787286474104e-07,2.6498216217084775e-07
71,cg40,0.6363153230276803,0.9500226642632006,0.1823113745657755,0.6893203883495146,0.5461334431886467,0.10252325603055844
71,pcg40,0.9866203910664472,0.9971432486849456,0.19157749888462983,0.8932038834951457,0.08308814034577817,0.022779293297019117
71,poisson_pcg40,1.0,1.0,0.19252841904704066,1.0,1.3943458193169332e-13,3.350752651427661e-14
71,cg80,0.9973508690365495,0.9987877254567112,0.19236179661642094,0.9320388349514563,0.029311779222652615,0.011123619695587315
71,pcg80,0.9999853707710463,0.9999894584822323,0.1925281709065646,0.9902912621359223,0.0016280807345075746,0.0006903341901029023
71,poisson_pcg80,1.0,1.0,0.19252841904704066,1.0,1.3943458193169332e-13,3.350752651427661e-14
71,poisson,0.6811903766719118,0.9020482169022696,0.15598698747364653,0.49514563106796117,1.5339747037855818,6.237408110243049
71,amg,0.9930675336170517,0.9943075804054268,0.19102841763918876,0.8543689320388349,0.05555292703478125,0.04380194005376004
71,oracle,1.0,1.0,0.19252841904704066,1.0,1.4205603809753271e-13,3.43557309322086e-14
72,ensemble,0.17432322214076246,0.6232988625702328,0.12800813635893346,0.1941747572815534,,
72,raw,0.19535882402903942,0.6426741722273173,0.1194591390034806,0.1650485436893204,,
72,smoothed,0.26278870654817255,0.6398701285011016,0.12008840749411183,0.13592233009708737,,
72,prediction_magnitude,0.2238522146126886,0.6160990059348745,0.09066431742963729,0.038834951456310676,,
72,boundary_distance,0.19286032504548206,0.5835099037559428,0.09395211493707241,0.040158870255957636,,
72,jacobi1,0.18556049281167294,0.6729283282206973,0.13502364187939175,0.2524271844660194,0.8926210079216085,0.5528973224387241
72,jacobi5,0.3133208796759888,0.8088611998355523,0.1729731402002368,0.3786407766990291,0.7864163129330662,0.2789249291292776
72,jacobi10,0.3911810224590515,0.8838851817884739,0.19140050367387132,0.46601941747572817,0.7189547466682557,0.1949911034023124
72,jacobi20,0.4797498502431871,0.9360656947387285,0.20935021900932502,0.5728155339805825,0.6401842413907827,0.14046358819228824
72,jacobi40,0.5586570166654745,0.9565478637614244,0.22108167244597873,0.6407766990291263,0.5650895692260173,0.10618051460222952
72,jacobi80,0.6303840815213503,0.9688603565141309,0.23308647406041713,0.7087378640776699,0.49509485431129496,0.08435220700549179
72,cg5,0.21762898084900933,0.727891801861632,0.1444295745360001,0.34951456310679613,0.8522571464732303,0.28806213130424047
72,pcg5,0.36951817421858235,0.8601351422577823,0.18950613490472118,0.46601941747572817,0.731125692690076,0.17227625317194173
72,poisson_pcg5,0.9914951764895213,0.9977019491266352,0.2488321473602012,0.9223300970873787,0.07549865895307817,0.03565055463650546
72,cg10,0.3171959154388098,0.8137840886330814,0.17071691225405813,0.4077669902912621,0.7777489589661378,0.1857510954482184
72,pcg10,0.5460412680602245,0.9499488736388265,0.21792767095099796,0.6213592233009708,0.5720891265865411,0.10083824178613786
72,poisson_pcg10,0.9999942220692366,1.0,0.250246025046087,1.0,0.001214392738976951,0.0008055003383032778
72,cg20,0.5227263339532222,0.9383426625765577,0.21060117845657392,0.5631067961165048,0.6038165126411713,0.11486384516730504
72,pcg20,0.6850642166154065,0.977736314474558,0.23366312657851426,0.7281553398058253,0.44164058948800095,0.06290395228252711
72,poisson_pcg20,1.0,1.0,0.250246025046087,1.0,2.5139574738631523e-07,1.9927971806705696e-07
72,cg40,0.7800146962842428,0.9823956653278939,0.23652842723166037,0.7572815533980582,0.3630038619755054,0.050668194955299464
72,pcg40,0.9945269472856018,0.9989669312587627,0.24952958300904676,0.941747572815534,0.05909303490441241,0.01216520802195392
72,poisson_pcg40,1.0,1.0,0.250246025046087,1.0,1.071433292298033e-13,2.9384576752328365e-14
72,cg80,0.9951986959981404,0.9993253428628653,0.24967863447286492,0.9514563106796117,0.05265499135285115,0.009856116791550197
72,pcg80,0.9999922774658464,1.0,0.250246025046087,1.0,0.0012751250813653647,0.0003076703642219871
72,poisson_pcg80,1.0,1.0,0.250246025046087,1.0,1.1310708542646451e-13,2.8693233248546936e-14
72,poisson,0.5007132782883913,0.8571624342472829,0.16585987695585777,0.3883495145631068,2.6540789228069785,6.538859032756064
72,amg,0.9939554350547171,0.9996205053603617,0.2499330833009876,0.970873786407767,0.059679135544606784,0.04055313749145246
72,oracle,1.0,1.0,0.250246025046087,1.0,1.1301457082140464e-13,2.904757565446658e-14
73,ensemble,0.08706341418711108,0.6091943117970126,0.10536707934417104,0.14563106796116504,,
73,raw,0.24415395223875255,0.7541401811032753,0.23201160252602174,0.4563106796116505,,
73,smoothed,0.3566278789070882,0.9002139928106849,0.24930534287836764,0.5048543689320388,,
73,prediction_magnitude,0.05441211510263928,0.5628748827256148,0.03479976214960161,0.0,,
73,boundary_distance,0.20353501993336853,0.6885877528646575,0.08996079143832289,0.073918799646955,,
73,jacobi1,0.18003134834775766,0.6363808861199836,0.16107472804800554,0.23300970873786409,0.9842279411213638,0.6656955712136409
73,jacobi5,0.168227706351477,0.5507415957749596,0.15247455097794377,0.17475728155339806,0.9556757111921217,0.4883900242603286
73,jacobi10,0.21148212305986694,0.5853915646774822,0.15898592477847642,0.20388349514563106,0.9324950416615828,0.4232093672530587
73,jacobi20,0.2696459480723839,0.6497580721672306,0.1810596094762389,0.2815533980582524,0.8966870258819353,0.3713264164605058
73,jacobi40,0.3489151460017166,0.7522005418340133,0.21655395231395433,0.4077669902912621,0.8394218244402267,0.329705867948571
73,jacobi80,0.47419241962305986,0.8971464111402759,0.2684298844639039,0.6213592233009708,0.7459080248395642,0.28069394154726907
73,cg5,0.15570477344252914,0.6215173460674868,0.16364126292834,0.22330097087378642,0.9556252275890892,0.4629248961951447
73,pcg5,0.1972190830412703,0.5761993611840233,0.16122676005384537,0.21359223300970873,0.926146332927634,0.402997055140005
73,poisson_pcg5,0.9980708193262284,0.9999789169644645,0.33075134512931587,0.9902912621359223,0.023970482339450917,0.04532560440352856
73,cg10,0.25117868669980686,0.705902195798151,0.19758819155605034,0.33980582524271846,0.904107383363922,0.38080053810946807
73,pcg10,0.352744762981904,0.7421544754013683,0.2177950998582404,0.4174757281553398,0.8336205541447255,0.3315423524165495
73,poisson_pcg10,0.9999996870753165,1.0,0.3308150060595344,1.0,0.0001316251436413108,0.0004054315818273132
73,cg20,0.457414940365496,0.9700304649863487,0.3100689160909323,0.8349514563106796,0.6852410971323551,0.26730421933881365
73,pcg20,0.6235621222552034,0.9944024540653363,0.3273226582182665,0.9029126213592233,0.4575775789512092,0.1584888069138839
73,poisson_pcg20,1.0,1.0,0.3308150060595344,1.0,3.721046873388299e-08,5.682685463811334e-08
73,cg40,0.7005949257027394,0.9981025268018089,0.32928130603976774,0.9320388349514563,0.3790758761061424,0.11996560604235433
73,pcg40,0.9608742221586438,0.999609963842594,0.33062544393071686,0.970873786407767,0.10183063064378316,0.03967937720591866
73,poisson_pcg40,1.0,1.0,0.3308150060595344,1.0,1.1445576163649473e-13,3.6244927142832716e-14
73,cg80,0.9514809719440669,0.9999789169644645,0.33074831757136125,0.9902912621359223,0.10829801743887237,0.034207475273613876
73,pcg80,0.9999891035154853,1.0,0.3308150060595344,1.0,0.0011674222115940504,0.0007309304744602585
73,poisson_pcg80,1.0,1.0,0.3308150060595344,1.0,1.1445576163649473e-13,3.6244927142832716e-14
73,poisson,0.7081882890172376,0.9581712574976545,0.3018502425634387,0.6893203883495146,1.5970940390058617,5.95454736328167
73,amg,0.9801291373113509,0.9998313357157164,0.3307519509508902,0.9805825242718447,0.09866996284361892,0.06691709741606361
73,oracle,1.0,1.0,0.3308150060595344,1.0,1.1922406926005805e-13,3.805685323742568e-14
74,ensemble,0.34414012767327085,0.7435354142289406,0.17586486940841478,0.2912621359223301,,
74,raw,0.39867134414562616,0.8200457501871119,0.2059829175387088,0.3883495145631068,,
74,smoothed,0.519975591874687,0.9041986865268862,0.23509850394784146,0.5048543689320388,,
74,prediction_magnitude,0.761079355464559,0.9064229467758768,0.2589324175163247,0.4563106796116505,,
74,boundary_distance,0.7131950637682458,0.8664442406417676,0.24651662774585245,0.4163724624889673,,
74,jacobi1,0.35467825754595517,0.7225261693178584,0.2029171140907317,0.30097087378640774,0.9887833979445233,0.5771597769238225
74,jacobi5,0.2912781632215149,0.6335346763226969,0.19122402456092902,0.27184466019417475,0.966399939574474,0.4206806732005259
74,jacobi10,0.33791879380945566,0.7084954091690121,0.17834968232186904,0.23300970873786409,0.9467090174927789,0.37297248011699236
74,jacobi20,0.3495251144410271,0.7674224934906128,0.20135914413359515,0.32038834951456313,0.915876986121382,0.32734387709426416
74,jacobi40,0.3465423275337958,0.8018300074844776,0.2435332633819922,0.49514563106796117,0.8661017186078835,0.28404776637524565
74,jacobi80,0.42296134039052996,0.8743978157975185,0.2871987740271284,0.6310679611650486,0.7845663751188924,0.2400599731224157
74,cg5,0.33306906471282455,0.7119108609257561,0.2014578762914625,0.3106796116504854,0.9620637867063144,0.39501807777941805
74,pcg5,0.33012683507975105,0.6972054436397752,0.1799921574044165,0.24271844660194175,0.9422214444859438,0.3575462002478336
74,poisson_pcg5,0.9958822017380731,0.9999367508933936,0.3565756063812484,0.9805825242718447,0.04803284854985244,0.04223828922903083
74,cg10,0.33725124722838135,0.7354395285833254,0.21335957868135633,0.3592233009708738,0.9154919921634348,0.3199199865178067
74,pcg10,0.323020315517488,0.7915098615898717,0.22905043306881967,0.4563106796116505,0.8613414038092106,0.280740902163299
74,poisson_pcg10,0.9999921210035047,1.0,0.35667195900876586,1.0,0.0010730013420539634,0.001505202804196679
74,cg20,0.42624065696302127,0.9411467063027735,0.28889671963578606,0.6699029126213593,0.7659792006308096,0.23570245702558543
74,pcg20,0.6135753544989628,0.9730031729968481,0.3300799678209965,0.7184466019417476,0.6043734520493895,0.18187628489101376
74,poisson_pcg20,1.0,1.0,0.35667195900876586,1.0,7.675465957066065e-07,6.997277776378579e-07
74,cg40,0.6254822616407982,0.9976070754667257,0.3535617950077686,0.912621359223301,0.4501909343028304,0.12898337773464277
74,pcg40,0.9659089456226304,1.0,0.35667195900876586,1.0,0.08552248217909912,0.04668064742093395
74,poisson_pcg40,1.0,1.0,0.35667195900876586,1.0,1.0734865077305182e-13,8.661436328262508e-14
74,cg80,0.9725827909305484,0.9999051263400904,0.3565801437025121,0.9805825242718447,0.07257788140647535,0.02736133042726867
74,pcg80,0.9999994635576853,1.0,0.35667195900876586,1.0,0.00012029022036729519,8.556840084016704e-05
74,poisson_pcg80,1.0,1.0,0.35667195900876586,1.0,9.716953591834693e-14,3.017796306226076e-14
74,poisson,0.8008626774729989,0.9275059823113332,0.3254930304911703,0.7087378640776699,1.46715351042276,6.555766076570056
74,amg,0.9911828553036262,0.9979654870708284,0.35448415370824676,0.9029126213592233,0.1680182642520343,0.08761776945907304
74,oracle,1.0,1.0,0.35667195900876586,1.0,1.0095939643177623e-13,3.1297294833035795e-14
75,ensemble,0.5793603595951649,0.7608762109568535,0.17867794302007872,0.3106796116504854,,
75,raw,0.4807494881446248,0.772767042998851,0.16104493781174953,0.2621359223300971,,
75,smoothed,0.6919415300228882,0.8489400503884549,0.17458055710530868,0.3786407766990291,,
75,prediction_magnitude,0.8735193186288535,0.87480893499046,0.18352862483713694,0.30097087378640774,,
75,boundary_distance,0.8724712268608987,0.91459789380475,0.2046150319618969,0.5717122683142101,,
75,jacobi1,0.3908536585365853,0.7121954819054848,0.16449771739146252,0.34951456310679613,0.9833046158948598,0.6277926350367727
75,jacobi5,0.31474618455403763,0.7141034966214436,0.15661365059840732,0.33980582524271846,0.960720220802086,0.409718569827434
75,jacobi10,0.34089336644374507,0.734448625913159,0.16060375395270796,0.34951456310679613,0.9417069811426458,0.34362860482990976
75,jacobi20,0.4123598767970817,0.778701917502082,0.18084734483413945,0.44660194174757284,0.9102212402983696,0.30057012816809126
75,jacobi40,0.5130084355553965,0.8319998313357158,0.18953183451942246,0.4563106796116505,0.8565014102307406,0.27194666291280006
75,jacobi80,0.6486703047886416,0.8950802736578013,0.1989356444000645,0.4854368932038835,0.7654331555473075,0.2416737184135676
75,cg5,0.41755481769902003,0.731465376384892,0.16225163304622864,0.33980582524271846,0.9660227809778391,0.36668504058375345
75,pcg5,0.3171820126421572,0.726458155445221,0.16212073347563252,0.36893203883495146,0.9406931544305078,0.32514999846613024
75,poisson_pcg5,0.9982765002503398,0.9992620937562591,0.2291826696788811,0.9514563106796117,0.04833402907798651,0.041208031496581615
75,cg10,0.3833043505471711,0.7656620600234022,0.1737805729941862,0.3786407766990291,0.9354439972920213,0.2984898973840204
75,pcg10,0.49777325030398395,0.8163245944151039,0.18726748612963326,0.42718446601941745,0.8686073384261784,0.2716743507603897
75,poisson_pcg10,0.9999979883413203,1.0,0.22929893477442126,1.0,0.0004980814869258131,0.0008563525224354208
75,cg20,0.5366216204134182,0.9320388349514563,0.20296147391173303,0.5436893203883495,0.8060716671846913,0.2458640881672335
75,pcg20,0.9072281690329731,0.9321020840580627,0.20801709109690322,0.5436893203883495,0.3191040957979316,0.15476038599533692
75,poisson_pcg20,1.0,1.0,0.22929893477442126,1.0,2.2872600939795062e-07,3.882327723612085e-07
75,cg40,0.9428254304949574,0.9851048353942,0.22648267169062147,0.8349514563106796,0.2751869959278924,0.10942272250249793
75,pcg40,0.9997309741792432,0.9999051263400904,0.22926866545918884,0.9805825242718447,0.012330802733903466,0.008025365442861788
75,poisson_pcg40,1.0,1.0,0.22929893477442126,1.0,3.53071498815218e-14,5.749365328188758e-14
75,cg80,0.9980965350296829,0.9995994223248263,0.2292372602337678,0.970873786407767,0.03176841735980518,0.014871387531368001
75,pcg80,0.9999997876582504,1.0,0.22929893477442126,1.0,8.063281942837956e-05,5.5205583465052746e-05
75,poisson_pcg80,1.0,1.0,0.22929893477442126,1.0,4.1830508997325017e-14,1.846202516237016e-14
75,poisson,0.8230419855518203,0.9335146474389383,0.2118484561597288,0.6019417475728155,1.7354502483163134,6.806516098510818
75,amg,0.998207176257063,0.9984082308170731,0.22876588440577816,0.9320388349514563,0.06786625216700161,0.05516434426446724
75,oracle,1.0,1.0,0.22929893477442126,1.0,4.762028574432463e-14,2.022284077248818e-14
76,ensemble,0.3831577453329518,0.8058357842362144,0.24718757244103265,0.44660194174757284,,
76,raw,0.15834718770116585,0.5706439813204305,0.1261609593303006,0.13592233009708737,,
76,smoothed,0.16165555038981475,0.6540695529342315,0.15507027732548032,0.1941747572815534,,
76,prediction_magnitude,0.6426917110721693,0.9173228761477078,0.2851149215434338,0.44660194174757284,,
76,boundary_distance,0.5479711116204855,0.8336390373485975,0.19119836427189904,0.25264783759929393,,
76,jacobi1,0.18888394294041916,0.5702223206097213,0.14549028367527572,0.17475728155339806,0.9774473897129257,0.55560392894647
76,jacobi5,0.22070960142336024,0.6299400187639016,0.16873707028805918,0.20388349514563106,0.9399915843282471,0.4049696030781848
76,jacobi10,0.2775377186002432,0.710519380580416,0.20483199880632103,0.3106796116504854,0.9012707526182954,0.35967583517195945
76,jacobi20,0.38798843072741573,0.84951983386568,0.2792466910351807,0.5145631067961165,0.8312818254567743,0.30977317791065023
76,jacobi40,0.5362644057113225,0.9585612936550605,0.35082581857369255,0.7766990291262136,0.7138431883513673,0.24701423032177822
76,jacobi80,0.6881309455689865,0.9902596375826191,0.3694945976349532,0.8640776699029126,0.544140729076289,0.16888810002207774
76,cg5,0.20762465578284814,0.5970399418108219,0.16266837048588978,0.1941747572815534,0.9414536603243667,0.39281511234016364
76,pcg5,0.2678724586045347,0.7041944699197791,0.20972528153807835,0.3106796116504854,0.8949998320188242,0.3521596917817743
76,poisson_pcg5,0.9861508140512123,1.0,0.3918545256233309,1.0,0.05522699018226467,0.03795994461243108
76,cg10,0.27253291297117516,0.7127120162761035,0.20746577249418277,0.30097087378640774,0.8679730545097091,0.30574864882099506
76,pcg10,0.57317406212002,0.9792648345508786,0.35378041728814563,0.8058252427184466,0.6225881224352133,0.227852712400426
76,poisson_pcg10,0.9999934956369356,1.0,0.3918545256233309,1.0,0.0008866436724197323,0.001057248892587992
76,cg20,0.399465915796438,0.9148139949189884,0.29654763718381305,0.5728155339805825,0.6861810915132492,0.19980197184224144
76,pcg20,0.7816899497532365,0.9979654870708284,0.38679849416751433,0.9223300970873787,0.308752796587211,0.08280075278386463
76,poisson_pcg20,1.0,1.0,0.3918545256233309,1.0,3.9289190309018364e-07,3.981080224100393e-07
76,cg40,0.6062872827408625,0.9973224544869971,0.3801096956962727,0.912621359223301,0.4097032859976662,0.10156663061503758
76,pcg40,0.9632297627136828,0.9999894584822323,0.39174538511002704,0.9902912621359223,0.11348025169126467,0.0350035835126815
76,poisson_pcg40,1.0,1.0,0.3918545256233309,1.0,7.931733938624855e-14,3.468963813827494e-14
76,cg80,0.980503618750447,0.9997153790202713,0.391091247174667,0.9611650485436893,0.07387831069750571,0.02454047807056862
76,pcg80,0.999999519437093,1.0,0.3918545256233309,1.0,0.00016710915418048904,8.110735692591938e-05
76,poisson_pcg80,1.0,1.0,0.3918545256233309,1.0,7.957242551664874e-14,3.460780203607347e-14
76,poisson,0.6546467750876189,0.9605009329243225,0.3139344376118988,0.6504854368932039,1.8943085831118236,6.7990030675546445
76,amg,0.9923542776804234,0.9989985558120659,0.39083202362581965,0.9514563106796117,0.14385629647296128,0.07202743722993184
76,oracle,1.0,1.0,0.3918545256233309,1.0,8.31499486836962e-14,3.503498237800344e-14
77,ensemble,0.13559727263786567,0.5855918535150691,0.09550321378691086,0.08737864077669903,,
77,raw,0.3753796111687289,0.7415114428175369,0.17148615986652327,0.2815533980582524,,
77,smoothed,0.4474509490558616,0.8184645225219527,0.18412213803403626,0.3300970873786408,,
77,prediction_magnitude,0.5544195247121092,0.8074591779724445,0.12716436859403082,0.1262135922330097,,
77,boundary_distance,0.6264979937628699,0.9046467010320146,0.2106414779338841,0.4015887025595763,,
77,jacobi1,0.2755986360954152,0.6350315718457143,0.17200325462943028,0.2815533980582524,0.9436752362414065,0.5083475541404674
77,jacobi5,0.2832068521564981,0.6421998039277695,0.179559528050667,0.30097087378640774,0.8964258575037064,0.3217944569215549
77,jacobi10,0.3198244045490308,0.703498729747109,0.18407375944466378,0.33980582524271846,0.8619056391759301,0.2618628455094308
77,jacobi20,0.36855897065660537,0.8005439423168148,0.1899282692013116,0.36893203883495146,0.8134028496090348,0.20830935568673548
77,jacobi40,0.42293194782204413,0.879109874239693,0.19674887566287094,0.4077669902912621,0.7496805233205276,0.16276510843620257
77,jacobi80,0.507970124633431,0.9281173903418615,0.22193916316072793,0.49514563106796117,0.6677453946807336,0.12837201630745912
77,cg5,0.34317089934554035,0.7416168579952142,0.1883217731952321,0.34951456310679613,0.884483146327397,0.30365637663318673
77,pcg5,0.30469888822330304,0.7029716538587226,0.17187081654511124,0.2912621359223301,0.8611896652328536,0.24820638564427774
77,poisson_pcg5,0.9930884213396752,0.9996732129492004,0.30595943541827125,0.970873786407767,0.06586668922711689,0.042103279865260496
77,cg10,0.37653695193476855,0.8685894395075003,0.2043110366329826,0.44660194174757284,0.8013052250375251,0.2020933582347348
77,pcg10,0.3924732114119161,0.876358538102316,0.1866975698583449,0.36893203883495146,0.7511969268266298,0.16084587749843576
77,poisson_pcg10,0.9999835379264717,0.9999789169644645,0.3061828059768009,0.9902912621359223,0.00208934401814763,0.0010213179734350148
77,cg20,0.5146783246012444,0.9582661311575641,0.25145575106580176,0.6407766990291263,0.6578886380060319,0.1332146002775858
77,pcg20,0.5754740361919748,0.9543763111012724,0.24472910131292402,0.5825242718446602,0.5725712517307937,0.10780207240891279
77,poisson_pcg20,1.0,1.0,0.3061839990791404,1.0,6.683418836403867e-07,6.455021864181611e-07
77,cg40,0.8470096023174308,0.9976808660910998,0.3011048980335058,0.9223300970873787,0.2826510790922337,0.05903930304258496
77,pcg40,0.9923473374579787,0.9996310468781295,0.3057554694691768,0.9611650485436893,0.05945264693354749,0.01963372757222584
77,poisson_pcg40,1.0,1.0,0.3061839990791404,1.0,1.8590545390353414e-13,4.971672501470135e-14
77,cg80,0.9931263299299048,1.0,0.3061839990791404,1.0,0.04488774560817334,0.010446609812849339
77,pcg80,0.9999995417888562,1.0,0.3061839990791404,1.0,9.865147680239096e-05,3.420588782541615e-05
77,poisson_pcg80,1.0,1.0,0.3061839990791404,1.0,1.8663850849445887e-13,3.660622964294449e-14
77,poisson,0.6828106783313067,0.9684070712501186,0.2626700046510908,0.6796116504854369,3.0238499790884825,7.245552784223144
77,amg,0.9919426252592805,0.9992410107207236,0.3053468838377206,0.9514563106796117,0.13577872568690233,0.057307398644992555
77,oracle,1.0,1.0,0.3061839990791404,1.0,1.780660008441935e-13,3.506845295025586e-14
78,ensemble,0.34982205761390456,0.7294414049734881,0.18201414746972047,0.33980582524271846,,
78,raw,0.29482165528216864,0.8203830787556793,0.2115041901934696,0.4563106796116505,,
78,smoothed,0.48776500250339744,0.9356862000990903,0.21910433848580663,0.4563106796116505,,
78,prediction_magnitude,0.5471878799799728,0.7501344043515386,0.12570399167963417,0.1553398058252427,,
78,boundary_distance,0.5503590234898295,0.7674383057672644,0.19310808242635644,0.4254192409532215,,
78,jacobi1,0.2541617083005507,0.761909279698091,0.1888158446439837,0.3883495145631068,0.9586625351143712,0.6617008612082633
78,jacobi5,0.32698329429225376,0.7722083425571614,0.2037826227057175,0.4854368932038835,0.8750728557021578,0.4898418728052826
78,jacobi10,0.4880399962449038,0.8684418582587521,0.2278138062627066,0.5436893203883495,0.7979292682430883,0.4250386135510156
78,jacobi20,0.6482197267720478,0.9372990523175527,0.26454732987774077,0.6893203883495146,0.6764332754061253,0.34489273519899716
78,jacobi40,0.8175779294220726,0.9759126319007411,0.27898581832299163,0.7572815533980582,0.5072485369547369,0.24205520451323018
78,jacobi80,0.892186393587726,0.9820899613126298,0.28221282442338896,0.7766990291262136,0.3320701340524138,0.14143353367645387
78,cg5,0.29326164750375505,0.8521868378609152,0.22537935733494235,0.5533980582524272,0.888029286162916,0.457337361674523
78,pcg5,0.48683689024390236,0.8517335525969029,0.2331983598543805,0.5631067961165048,0.7682188558027614,0.400775140098528
78,poisson_pcg5,0.9975048726843572,0.9997364620558068,0.2922973299173062,0.9611650485436893,0.03903750070282903,0.028422966527688064
78,cg10,0.41960803948215436,0.9029547874302942,0.2591652853268374,0.6699029126213593,0.7052395938790074,0.2987240167991084
78,pcg10,0.8292206946033903,0.9738464944182663,0.28136094514731724,0.7864077669902912,0.33410144409925197,0.13170384320964373
78,poisson_pcg10,0.9999995976682639,1.0,0.2925519823809937,1.0,0.00027714514685850487,0.0005362467717351787
78,cg20,0.7051575128746155,0.9767875778754626,0.2714330934402075,0.7184466019417476,0.5149306017921024,0.15607783518298315
78,pcg20,0.9088693137114655,0.9797497443681942,0.27996108621386967,0.7572815533980582,0.24986398551218297,0.05221808168834624
78,poisson_pcg20,1.0,1.0,0.2925519823809937,1.0,4.5253386705341255e-08,6.841537082925353e-08
78,cg40,0.9095993334704241,0.991313789359392,0.28337980597269496,0.8349514563106796,0.2587086644087436,0.06632938156144655
78,pcg40,0.9835274770223875,0.9982711910860925,0.29124990752116264,0.9320388349514563,0.10067561253498228,0.018572531179473672
78,poisson_pcg40,1.0,1.0,0.2925519823809937,1.0,6.015759337587955e-14,2.6061755861110177e-14
78,cg80,0.9954080984908089,0.9997891696446455,0.2923882847326019,0.970873786407767,0.04845904547741287,0.009187679111339312
78,pcg80,0.9999956190544309,1.0,0.2925519823809937,1.0,0.0007466772174679569,0.00027236166619877626
78,poisson_pcg80,1.0,1.0,0.2925519823809937,1.0,6.015759337587955e-14,2.6061755861110177e-14
78,poisson,0.5693133314855875,0.9581712574976545,0.2661561615195715,0.6893203883495146,2.7859503888993036,6.0164452142177005
78,amg,0.988380223607038,0.9974805772535129,0.29038252825192873,0.912621359223301,0.15101519134069438,0.07102490909343126
78,oracle,1.0,1.0,0.2925519823809937,1.0,6.329425547428088e-14,2.649077098600009e-14
79,ensemble,0.18147970906945138,0.655482116315107,0.14722108085085617,0.24271844660194175,,
79,raw,0.3093012503576282,0.7138083341239472,0.1960528259772004,0.3786407766990291,,
79,smoothed,0.4161078204348758,0.7826022790761414,0.2073781909820576,0.4174757281553398,,
79,prediction_magnitude,0.2458821458586653,0.6375404530744336,0.06749057088832579,0.019417475728155338,,
79,boundary_distance,0.26078279252076225,0.6692756923141794,0.07079901746425796,0.020741394527802298,,
79,jacobi1,0.28641048565910876,0.675574249180397,0.18721611515994566,0.32038834951456313,0.9010999263442877,0.546910141246024
79,jacobi5,0.38198579768972174,0.795378598610628,0.20731200285103038,0.3883495145631068,0.8037236793306081,0.3280836141724028
79,jacobi10,0.4208513116014591,0.8497728302921055,0.2104975087101143,0.42718446601941745,0.7425582397985908,0.2591859607642806
79,jacobi20,0.471851642407553,0.8842119688392734,0.2279521058092852,0.49514563106796117,0.6730822465733647,0.2109661939881463
79,jacobi40,0.5376216718224732,0.9213391944172122,0.2436031465752766,0.5825242718446602,0.593730370302021,0.17717152728548155
79,jacobi80,0.659231814605536,0.9590356619546082,0.2715254444168247,0.7087378640776699,0.48740310510603,0.14093137759696137
79,cg5,0.31449935403404616,0.7335315138673666,0.20992995452210123,0.4174757281553398,0.8568421930856747,0.3163751078315523
79,pcg5,0.4066360708282669,0.8399586772503506,0.2165502433000401,0.4368932038834951,0.743307193674509,0.20151017415898625
79,poisson_pcg5,0.9927957250017881,0.9999051263400904,0.30648443307585854,0.9902912621359223,0.051987682313108775,0.03773874597733477
79,cg10,0.36544530300050065,0.8204147033089825,0.22084793117450416,0.46601941747572817,0.7638896308694584,0.2154979251622993
79,pcg10,0.4932356747550246,0.8982743535414229,0.23529725357261655,0.5339805825242718,0.6270089121327332,0.1277703740990836
79,poisson_pcg10,0.999999273567699,1.0,0.3064946630690293,1.0,0.0002763401379181452,0.00042257535203535547
79,cg20,0.5228780465453114,0.9449416526991556,0.26154145748189794,0.5922330097087378,0.567564068952701,0.11771341524443442
79,pcg20,0.7945007510192402,0.9815945099775466,0.28919760673804557,0.7572815533980582,0.352370951761133,0.06581276555786254
79,poisson_pcg20,1.0,1.0,0.3064946630690293,1.0,9.182502151819042e-08,7.01653836667675e-08
79,cg40,0.8185794560474929,0.9931269304154412,0.299494044652145,0.8446601941747572,0.2975291370575918,0.04553286613609052
79,pcg40,0.9863415192940418,0.999146137060814,0.3057969377092694,0.941747572815534,0.07612541454515334,0.010725266190454219
79,poisson_pcg40,1.0,1.0,0.3064946630690293,1.0,3.915623722456111e-13,5.237417177100493e-14
79,cg80,0.9775647418818395,0.9989458482232272,0.30576134705479413,0.941747572815534,0.0884624818379585,0.012714983981259247
79,pcg80,0.9999948702703668,1.0,0.3064946630690293,1.0,0.001055150138888325,0.00022328195410408478
79,poisson_pcg80,1.0,1.0,0.3064946630690293,1.0,3.915623722456111e-13,5.237417177100493e-14
79,poisson,0.5449584816000286,0.8942158692008475,0.22095130248363676,0.44660194174757284,2.2582374745331752,6.230655697037433
79,amg,0.9859528444853729,0.9989774727765304,0.3060354090559875,0.9611650485436893,0.1323713462962882,0.054466263042359665
79,oracle,1.0,1.0,0.3064946630690293,1.0,3.9216778851284623e-13,5.236596439286455e-14
80,ensemble,0.35875291690508543,0.72502450902881,0.18257096585789953,0.3300970873786408,,
80,raw,0.27248977406837854,0.684186669196631,0.1586766506874635,0.2621359223300971,,
80,smoothed,0.3920912197804163,0.7753075487808735,0.16049127193532256,0.2524271844660194,,
80,prediction_magnitude,0.6407300756383663,0.9010467727143354,0.23863006929940497,0.49514563106796117,,
80,boundary_distance,0.6062956166836216,0.8883705975986422,0.22386250358699525,0.4454986760812004,,
80,jacobi1,0.28318619912738713,0.6877602437198908,0.17725521791141943,0.33980582524271846,0.9151035016739995,0.4975279711068282
80,jacobi5,0.32724597221228807,0.7370629223195556,0.19186488717804123,0.3592233009708738,0.8295280056523856,0.26641369421230404
80,jacobi10,0.36345395089764676,0.8118866154348903,0.22322336955894262,0.46601941747572817,0.7791487362509119,0.20547533075466382
80,jacobi20,0.42658477353193613,0.8813657590419869,0.24009498510860405,0.5339805825242718,0.7176859171233629,0.1649819215901975
80,jacobi40,0.5199894164401687,0.9321337086113659,0.25899277000286536,0.6213592233009708,0.6392150514828854,0.13479397110287786
80,jacobi80,0.6444993763858092,0.9645172511938269,0.2761848000349553,0.6990291262135923,0.5380987135470588,0.10599454576041241
80,cg5,0.29359087779844073,0.7311491308518601,0.17587506074901058,0.3106796116504854,0.8777873069868798,0.2549289363684801
80,pcg5,0.3481584605893713,0.796422208869633,0.21357952530790067,0.42718446601941745,0.7839807413501375,0.17411819170261597
80,poisson_pcg5,0.9825924021886844,0.9994412995583104,0.3138490134069628,0.9611650485436893,0.09389401334252456,0.03700218781939747
80,cg10,0.3069497219440669,0.7806731813246471,0.19637707447050995,0.3883495145631068,0.8158388048941971,0.16529639950971292
80,pcg10,0.47637036424433155,0.9160789770511159,0.25858836352419556,0.6213592233009708,0.651842353109983,0.11383326088826999
80,poisson_pcg10,0.9999960102102853,1.0,0.31437731714511336,1.0,0.0009850786708438205,0.0009596568385285494
80,cg20,0.39175164061941203,0.8840643875905253,0.2366434994718049,0.5436893203883495,0.7047532653599312,0.10382473458428355
80,pcg20,0.7560593729883412,0.9793070006219495,0.2920953361526688,0.7572815533980582,0.4175957701959573,0.06018778367669079
80,poisson_pcg20,1.0,1.0,0.31437731714511336,1.0,9.245944013804272e-07,4.62813737667175e-07
80,cg40,0.6731543255131964,0.9848096728967036,0.29698781027845544,0.7961165048543689,0.44486345374464553,0.06066558282308618
80,pcg40,0.9851096353980401,0.9989563897409949,0.31398423458862335,0.970873786407767,0.07898151795640021,0.017822958663810465
80,poisson_pcg40,1.0,1.0,0.31437731714511336,1.0,1.3178010232963255e-13,3.668401223762801e-14
80,cg80,0.9977326595021814,0.9999578339289291,0.31434482710737527,0.9902912621359223,0.026223371387325733,0.00688105367774056
80,pcg80,0.9999987930047922,1.0,0.31437731714511336,1.0,0.00024103083345477255,6.538386308933555e-05
80,poisson_pcg80,1.0,1.0,0.31437731714511336,1.0,1.315182477062305e-13,2.953100116304187e-14
80,poisson,0.725881151205207,0.9315117590630699,0.2255209006612218,0.49514563106796117,2.5371723276377596,6.9909976151462585
80,amg,0.9947317117874256,0.9981236098373444,0.3131004578748826,0.9320388349514563,0.10947455205335765,0.04536820496430864
80,oracle,1.0,1.0,0.31437731714511336,1.0,1.3274469558820142e-13,2.993880054873621e-14
81,ensemble,0.46257530308990774,0.721145230490286,0.16269359901526442,0.3300970873786408,,
81,raw,0.3427178514591231,0.7825495714873028,0.15904696507389698,0.3300970873786408,,
81,smoothed,0.48187848687504464,0.8549908815871309,0.15760480835121413,0.30097087378640774,,
81,prediction_magnitude,0.7608134924182818,0.7258256643791573,0.1469605946649178,0.13592233009708737,,
81,boundary_distance,0.7483732313926912,0.7804254556571055,0.13906169327205037,0.132171226831421,,
81,jacobi1,0.266843584596953,0.7006103538787515,0.15558157615020543,0.2912621359223301,0.9779455281397925,0.6066709692146419
81,jacobi5,0.1970128656748444,0.6944435659846304,0.16173086229007935,0.34951456310679613,0.9452767276769783,0.4128214804972418
81,jacobi10,0.2469821320005722,0.732582777268271,0.1722634063053293,0.4077669902912621,0.9171541544726478,0.36144127504710366
81,jacobi20,0.384146006186968,0.8268028630762257,0.1874585620854628,0.47572815533980584,0.8710855278340369,0.32046176911338087
81,jacobi40,0.5469958671590015,0.8996236678156921,0.20985009259420892,0.5728155339805825,0.7986080155708666,0.2799860885697194
81,jacobi80,0.6924847896252055,0.9444778259173756,0.22715503076253143,0.6796116504854369,0.692518060473469,0.23328193298182698
81,cg5,0.28488353613833056,0.7370629223195556,0.16699785252650695,0.36893203883495146,0.9574541688324613,0.41209485734611323
81,pcg5,0.23299767318146056,0.7233905737748121,0.16948960357761775,0.4174757281553398,0.9154143731619115,0.359615819261622
81,poisson_pcg5,0.9980164263107073,0.9995677977715232,0.2460891043103202,0.9611650485436893,0.05945660904995727,0.04180250723867051
81,cg10,0.26014767809884837,0.8130356408715727,0.18486974516681512,0.5048543689320388,0.9077896283503101,0.3291848998097948
81,pcg10,0.575592858164652,0.8985905990744547,0.20958719208968316,0.5728155339805825,0.7802115483487629,0.2845402753228687
81,poisson_pcg10,0.9999984130248194,1.0,0.24629690215154432,1.0,0.0008180195200919771,0.0010320162102982991
81,cg20,0.5250677034904513,0.9621664927316235,0.2251924814546499,0.7184466019417476,0.7575707265551469,0.24531069379181658
81,pcg20,0.8167909797224804,0.9546293075276978,0.22795110829926285,0.6213592233009708,0.4794854531570562,0.17909757257075493
81,poisson_pcg20,1.0,1.0,0.24629690215154432,1.0,2.4367774270403254e-07,4.618153529176121e-07
81,cg40,0.8640747934697087,0.992009529532062,0.24292380230449276,0.8349514563106796,0.363502554244373,0.12681417973577097
81,pcg40,0.9952084190150918,0.9996205053603617,0.24624571696445433,0.970873786407767,0.05444895884530987,0.03211120975897701
81,poisson_pcg40,1.0,1.0,0.24629690215154432,1.0,7.372074806369563e-14,3.012715967363783e-14
81,cg80,0.9962644951183749,0.9995256317004523,0.24610779682094713,0.970873786407767,0.04873455284298342,0.02093465455050141
81,pcg80,0.9999997317788427,1.0,0.24629690215154432,1.0,7.22814710924082e-05,4.410694791099461e-05
81,poisson_pcg80,1.0,1.0,0.24629690215154432,1.0,7.438717809464117e-14,2.8397931904454096e-14
81,poisson,0.8329224371468421,0.9742997796822787,0.22713637548860877,0.7184466019417476,1.8806839853529556,6.683272385966914
81,amg,0.9990531122594949,0.9995783392892909,0.2461538586939562,0.970873786407767,0.05249965419681692,0.056236242460454396
81,oracle,1.0,1.0,0.24629690215154432,1.0,7.738998725336008e-14,2.92543531068424e-14
82,ensemble,0.30347288284099844,0.8110643770490075,0.21403797486709375,0.4174757281553398,,
82,raw,0.2481891942636435,0.7095706439813204,0.14471056408424302,0.1941747572815534,,
82,smoothed,0.3186154200343323,0.7591684850784816,0.11730075261975961,0.1262135922330097,,
82,prediction_magnitude,0.34352583416779914,0.7116894890526339,0.09997293345303378,0.06796116504854369,,
82,boundary_distance,0.3153013947465837,0.7211399597314021,0.12419096024538546,0.1586496028243601,,
82,jacobi1,0.21579036951934766,0.661301034122893,0.15766201975747599,0.1941747572815534,0.9377447137631476,0.583485454312752
82,jacobi5,0.36657634691724483,0.6924723021620653,0.20736190376568606,0.3106796116504854,0.8470204353356845,0.3912700536929711
82,jacobi10,0.44903565553250835,0.7293886973846494,0.22026441198191088,0.34951456310679613,0.7825049021793954,0.31231618485775525
82,jacobi20,0.5966740352979043,0.8152493596027957,0.24603480921027504,0.42718446601941745,0.6963022346379134,0.23555351562802587
82,jacobi40,0.7237948823403189,0.8995393356735503,0.2662642157134896,0.5145631067961165,0.5883081464193978,0.17141444272201323
82,jacobi80,0.822608137829912,0.948420353562506,0.3057229176188603,0.6601941747572816,0.4610589104545701,0.12491310871796842
82,cg5,0.31498179448894925,0.7178984430178257,0.21293029235760075,0.3300970873786408,0.8466946297146827,0.362633445828423
82,pcg5,0.4551683981832487,0.741890937457175,0.21617481276500444,0.34951456310679613,0.7568798478970405,0.2934777723337386
82,poisson_pcg5,0.9931661160682352,0.9997153790202713,0.3445491639800319,0.9805825242718447,0.049126776036374324,0.03046601200279135
82,cg10,0.45779961420856874,0.8167884211968839,0.24122024250331445,0.4368932038834951,0.7340321774799218,0.23269326399748863
82,pcg10,0.7043154660789642,0.8833897304533906,0.2640602473122765,0.5145631067961165,0.5907527650062548,0.16802355828878102
82,poisson_pcg10,0.9999909810635862,1.0,0.34468070560657765,1.0,0.0011370963729893614,0.0008967909469191159
82,cg20,0.6949609514698518,0.9472397035725204,0.30331642597404873,0.6407766990291263,0.5174764173360372,0.14194454698713918
82,pcg20,0.8865763692690078,0.9755225957433351,0.32506169771720306,0.7572815533980582,0.3272526762791365,0.09073880109977409
82,poisson_pcg20,0.9999999888241183,1.0,0.34468070560657765,1.0,4.5674290903470804e-07,4.147300172489739e-07
82,cg40,0.9511292110721694,0.9980392776952025,0.3421676903755705,0.912621359223301,0.14721136861466638,0.04331286964008726
82,pcg40,0.9928642555074743,0.9995783392892909,0.3445046496473716,0.970873786407767,0.0504890083885853,0.010865231766978204
82,poisson_pcg40,1.0,1.0,0.34468070560657765,1.0,1.0739595812167932e-13,4.2078389366999016e-14
82,cg80,0.9980641585008224,0.9999051263400904,0.3446338832502856,0.9805825242718447,0.023630574638797232,0.004366410138679759
82,pcg80,0.9999618902439023,1.0,0.34468070560657765,1.0,0.0026176521592988773,0.0008178694503662789
82,poisson_pcg80,1.0,1.0,0.34468070560657765,1.0,8.868605018467615e-14,2.1178968047958604e-14
82,poisson,0.5516296670481367,0.9575176833960554,0.290566392611087,0.6699029126213593,4.759754630506996,6.623782854338231
82,amg,0.9795383690365493,0.9992726352740268,0.3436158020337051,0.9514563106796117,0.15347208010476912,0.07275121094858068
82,oracle,1.0,1.0,0.34468070560657765,1.0,8.916584462425758e-14,2.1187344871404493e-14
83,ensemble,0.3341049348222588,0.6727596639364135,0.13648947715383003,0.1650485436893204,,
83,raw,0.4195689797761247,0.7351338245680613,0.15436431752418803,0.24271844660194175,,
83,smoothed,0.5302839567985123,0.7483634293665602,0.14677862560884358,0.18446601941747573,,
83,prediction_magnitude,0.5618824766647592,0.8188967247504295,0.17967685443360926,0.33980582524271846,,
83,boundary_distance,0.5423577594780672,0.8287477731043715,0.1447313031980237,0.25330979699911743,,
83,jacobi1,0.2918540340462056,0.6990607507668954,0.15335537607067534,0.2815533980582524,0.9281441314058909,0.5025278369527869
83,jacobi5,0.30694104945998135,0.742744800396361,0.15787484558712342,0.2912621359223301,0.8686646844442978,0.2843847707006429
83,jacobi10,0.303779034940276,0.7767201121617491,0.1819087884008714,0.36893203883495146,0.8341423541539951,0.2282640114151651
83,jacobi20,0.30390266254202125,0.8361531893362006,0.20083759085892547,0.4368932038834951,0.7915993105586474,0.18846603478796878
83,jacobi40,0.33583176498462197,0.8928033058199719,0.2079248840434018,0.47572815533980584,0.7330703303476542,0.15666175683460365
83,jacobi80,0.4409107672913239,0.9399871393483233,0.2260495533555553,0.5631067961165048,0.6460389740825623,0.12648795503211974
83,cg5,0.3777054574064802,0.756322275281195,0.173323282666118,0.34951456310679613,0.8819778918998545,0.28316647980411397
83,pcg5,0.30302991559974246,0.7598326006978485,0.18000841098096046,0.36893203883495146,0.8392533103899789,0.20859712806767752
83,poisson_pcg5,0.992630389010085,0.9990407218831368,0.28376763091672635,0.941747572815534,0.07339757392270321,0.04483117349036576
83,cg10,0.39032538579143117,0.8169992515522385,0.18931112459476754,0.39805825242718446,0.8128574065896268,0.20199387217042877
83,pcg10,0.2903058503504756,0.8726268408125402,0.21085303745698095,0.4854368932038835,0.7550577636722037,0.14569881229017548
83,poisson_pcg10,0.9999905005006793,1.0,0.2845619185084231,1.0,0.001450400141962814,0.00100681477899027
83,cg20,0.5024333917459408,0.9332194849414419,0.24103929467315707,0.6213592233009708,0.6254198334938762,0.11677368590662075
83,pcg20,0.6466497501072883,0.9674688761687907,0.24071470780582885,0.6699029126213593,0.5028607621335697,0.078055584425998
83,poisson_pcg20,1.0,1.0,0.2845619185084231,1.0,6.120990002681595e-07,5.002396418692735e-07
83,cg40,0.7269152219977111,0.982237542561378,0.25947579887355005,0.7475728155339806,0.41273256488131366,0.06092862358485462
83,pcg40,0.9891773098311994,0.9995994223248263,0.28398674520478456,0.9611650485436893,0.0724188424084724,0.015105757578728953
83,poisson_pcg40,1.0,1.0,0.2845619185084231,1.0,1.63008152111686e-13,3.654419374995058e-14
83,cg80,0.9928896247586009,0.9999578339289291,0.2845333744229458,0.9902912621359223,0.05360123555587812,0.01164586192873432
83,pcg80,0.9999942891245261,1.0,0.2845619185084231,1.0,0.001057887871259342,0.00026178853024477294
83,poisson_pcg80,1.0,1.0,0.2845619185084231,1.0,1.700447409114694e-13,3.166675712080336e-14
83,poisson,0.680385366747729,0.9424116884349009,0.2614244103604602,0.7087378640776699,3.3120142075654972,6.589405917501622
83,amg,0.9840181764537586,0.999609963842594,0.28408229242097227,0.970873786407767,0.09806293456064732,0.04847241442045083
83,oracle,1.0,1.0,0.2845619185084231,1.0,1.7465541405222612e-13,3.2487125376093793e-14
84,ensemble,0.2352351405478864,0.5913580637340164,0.13185013816940055,0.13592233009708737,,
84,raw,0.3162136560331879,0.6935580784921413,0.13246683467232434,0.1941747572815534,,
84,smoothed,0.37761002655389453,0.7135764207330572,0.11502086946924638,0.10679611650485436,,
84,prediction_magnitude,0.4680380739932765,0.7976134003773864,0.23490030435373743,0.47572815533980584,,
84,boundary_distance,0.44775600466598886,0.7938342662576557,0.18745671285012738,0.30759046778464255,,
84,jacobi1,0.3008041940848294,0.7126698502050325,0.16416808626355098,0.2621359223300971,0.9166462965234309,0.5476090371886213
84,jacobi5,0.3672917709748944,0.7984567217988046,0.20055889413678032,0.42718446601941745,0.7960620175891694,0.34329457979135714
84,jacobi10,0.46791763151777405,0.8898516808450081,0.239850019325114,0.5728155339805825,0.7034866723009778,0.2636996975170878
84,jacobi20,0.5964783344360203,0.9534381160199445,0.2741470288803677,0.7184466019417476,0.5804395925217948,0.18730687198880527
84,jacobi40,0.7461373694657034,0.9824167483634294,0.28614992426404945,0.7572815533980582,0.4338774637060958,0.12425848023164728
84,jacobi80,0.8797158308597381,0.993717255410434,0.29770858151983476,0.8640776699029126,0.28105456976359044,0.07326393933527878
84,cg5,0.32734866738788354,0.7335104308318312,0.1789400529351969,0.3592233009708738,0.8521019253896244,0.33959748798228573
84,pcg5,0.4604147704920964,0.8892402728144798,0.24032059439547318,0.5631067961165048,0.6725707747057483,0.2517132830616764
84,poisson_pcg5,0.9943134879479292,0.9994518410760781,0.3035875451155017,0.9805825242718447,0.05340613742889289,0.03804774902201147
84,cg10,0.40545916109362706,0.8037696467537396,0.21379757018138457,0.4563106796116505,0.7465555193245562,0.22701791545151614
84,pcg10,0.7011131625062584,0.9762710435048438,0.28208201575012964,0.7184466019417476,0.4413549094927693,0.13496403061336412
84,poisson_pcg10,0.9999910257671123,1.0,0.30388049738826967,1.0,0.0015214031410283194,0.0010446517448486083
84,cg20,0.6047321588226879,0.9294350800628275,0.2662858644585026,0.6310679611650486,0.5328617823601822,0.12343459839963815
84,pcg20,0.9392657222301694,0.9958466419995151,0.30142409391349667,0.9029126213592233,0.16415513751607508,0.045800381828931855
84,poisson_pcg20,1.0,1.0,0.30388049738826967,1.0,3.4557609765256464e-07,3.299338353949423e-07
84,cg40,0.8261036294792933,0.9818791309572752,0.2864784982601764,0.7087378640776699,0.319322459592493,0.05340862634296254
84,pcg40,0.9905448130498533,0.9989985558120659,0.3028804593383453,0.941747572815534,0.06938586347670977,0.012467202225531498
84,poisson_pcg40,1.0,1.0,0.30388049738826967,1.0,2.6539236092781177e-13,4.8829112397250454e-14
84,cg80,0.9904381616121879,0.9998207941979487,0.3036683335392086,0.9805825242718447,0.05884250082407076,0.012212218028099936
84,pcg80,0.9999995417888562,1.0,0.30388049738826967,1.0,0.00010577225067032861,2.9910903397147227e-05
84,poisson_pcg80,1.0,1.0,0.30388049738826967,1.0,2.6499656723903104e-13,4.842471704816861e-14
84,poisson,0.6188171893998997,0.9079303838166619,0.25440096849539023,0.5825242718446602,2.519365016443875,6.156384212573961
84,amg,0.9890223785852226,0.9990828879542076,0.30302008184745666,0.9514563106796117,0.14037683532072315,0.06446222760951602
84,oracle,1.0,1.0,0.30388049738826967,1.0,2.6672120618875374e-13,4.8730108033326916e-14
85,ensemble,0.1626293049495744,0.6331235571297555,0.1280097919921083,0.13592233009708737,,
85,raw,0.2895671134039053,0.727543931775297,0.14559382883461178,0.1941747572815534,,
85,smoothed,0.39303381598240467,0.8019775887332258,0.1632054192819732,0.2621359223300971,,
85,prediction_magnitude,0.23588585625134106,0.5176517715020609,0.0946716310242692,0.0,,
85,boundary_distance,0.21286945395698492,0.49538281521773503,0.08871407444664416,0.0,,
85,jacobi1,0.21743716919390596,0.6331762647185942,0.18715682840087644,0.2621359223300971,0.962354583983824,0.5710568098365345
85,jacobi5,0.3076922139868392,0.6608161243055776,0.22169474026546312,0.3300970873786408,0.9112184666232273,0.41631230555766036
85,jacobi10,0.38411375259280445,0.7223153389625038,0.2476871835122488,0.3883495145631068,0.8710381947413435,0.37198335595613274
85,jacobi20,0.4431513303769401,0.7719553461307359,0.2800337067361332,0.4563106796116505,0.8128924945392423,0.33180403804509795
85,jacobi40,0.5090540063300193,0.862475359202218,0.32244614522355053,0.5728155339805825,0.7242222719330355,0.2844145285369047
85,jacobi80,0.6012207303662113,0.9721071439865911,0.3708867106173077,0.7378640776699029,0.5859544890839359,0.2179470414402936
85,cg5,0.2851340435233531,0.7181936055153221,0.22402988305366925,0.33980582524271846,0.9242343292014693,0.4142436047975925
85,pcg5,0.38394940007867817,0.7342694201111076,0.25056540315939047,0.3883495145631068,0.8627481912393761,0.3659292228253935
85,poisson_pcg5,0.9933802683105643,1.0,0.4177525168087761,1.0,0.0454064158334262,0.041911559811356046
85,cg10,0.390132043040555,0.7861863951171689,0.27553413016456635,0.4563106796116505,0.8143388364673295,0.33699648970497376
85,pcg10,0.5232138594342322,0.857510304333618,0.2942532113119751,0.49514563106796117,0.6876212132699533,0.280664204246421
85,poisson_pcg10,0.9999729320148772,1.0,0.4177525168087761,1.0,0.0019645019556150584,0.0010984360665906058
85,cg20,0.6239759427973678,0.9826170372010162,0.39784966689845763,0.8446601941747572,0.4659463935247104,0.17517734710421737
85,pcg20,0.6427757089979256,0.9995677977715232,0.41674724551333975,0.9514563106796117,0.32067810492507764,0.088591159678004
85,poisson_pcg20,1.0,1.0,0.4177525168087761,1.0,5.002631006607146e-07,5.479144465795721e-07
85,cg40,0.8029255887454401,0.9996732129492004,0.41717696162643997,0.9611650485436893,0.2155670833628116,0.06286587623201204
85,pcg40,0.9654145469744653,0.9999156678578581,0.41761060780643594,0.9805825242718447,0.0782648993277544,0.023578392486518156
85,poisson_pcg40,1.0,1.0,0.4177525168087761,1.0,7.789749113234934e-14,2.894584860316593e-14
85,cg80,0.9867559880373362,0.9999894584822323,0.41773549127922865,0.9902912621359223,0.04671614810612666,0.013638496422146176
85,pcg80,0.9999962337279164,1.0,0.4177525168087761,1.0,0.0004949235070297995,0.00026614827946180896
85,poisson_pcg80,1.0,1.0,0.4177525168087761,1.0,7.458302393323377e-14,2.050992452873622e-14
85,poisson,0.6262228426078249,0.9249022274227043,0.33708475127429854,0.6310679611650486,2.1450813195170797,6.474051030996164
85,amg,0.9712917419176025,0.9999262093756259,0.417546172566691,0.9902912621359223,0.08873659847526957,0.04605520608515781
85,oracle,1.0,1.0,0.4177525168087761,1.0,7.628748363211034e-14,2.099787417180204e-14
86,ensemble,0.25015488654245044,0.5982416748363429,0.11537153923971356,0.0970873786407767,,
86,raw,0.30149760165581857,0.6750682563275461,0.15672485027731842,0.22330097087378642,,
86,smoothed,0.4766362608182533,0.7595901457891907,0.1565756763096786,0.23300970873786409,,
86,prediction_magnitude,0.5441318686968027,0.7665159229625882,0.147932312354572,0.10679611650485436,,
86,boundary_distance,0.5528112915766714,0.7794134699514036,0.1644527801435385,0.1937334510150044,,
86,jacobi1,0.28250384450325433,0.6845556223185014,0.1739012220284732,0.3300970873786408,0.9214535367061866,0.5517957874198669
86,jacobi5,0.3163217491595737,0.7889166482190105,0.19411945659356786,0.4077669902912621,0.8427681865204317,0.30971932378838024
86,jacobi10,0.3991503536048923,0.8758103791783941,0.20877920390234153,0.4854368932038835,0.7908132679580365,0.25748340833362116
86,jacobi20,0.4846932220513554,0.9346847559111561,0.22954293947357185,0.5728155339805825,0.7246744725106276,0.22421225855224103
86,jacobi40,0.580705276357199,0.9604376838177161,0.24564216315425555,0.6601941747572816,0.6464229803144984,0.19706282735833283
86,jacobi80,0.6548972265932337,0.9712954471184762,0.257973201928342,0.7184466019417476,0.5635528028441757,0.1646006681852238
86,cg5,0.259059896019598,0.7160009698196347,0.17083605664235155,0.34951456310679613,0.9063156103895855,0.263430465634768
86,pcg5,0.38835220567198336,0.8603354310953691,0.19935578221371822,0.44660194174757284,0.7979501346692228,0.15319766491255965
86,poisson_pcg5,0.9969810032365352,0.9993675089339363,0.2962338790838973,0.9514563106796117,0.05001296116768184,0.03456485474629657
86,cg10,0.28967967688291246,0.7715020608667236,0.17722840378576,0.3883495145631068,0.8604204574863267,0.17635691664688566
86,pcg10,0.549731879425649,0.9563897409949085,0.2420953896151644,0.6407766990291263,0.6694099545820865,0.10574398288920864
86,poisson_pcg10,0.9999992959194621,1.0,0.29653566300657114,1.0,0.000372837662470136,0.00036236825894342016
86,cg20,0.41425687093197905,0.9128005650253523,0.21456518039632777,0.5145631067961165,0.7589901199370855,0.125983267460392
86,pcg20,0.6696120963271582,0.9681224502703899,0.25480664762896105,0.6601941747572816,0.4912113863085815,0.06890211875457486
86,poisson_pcg20,1.0,1.0,0.29653566300657114,1.0,6.6005088168362e-08,6.036805842642779e-08
86,cg40,0.7156689100386238,0.9877718393894352,0.2773716904032792,0.8155339805825242,0.4287394559651284,0.062213968302432865
86,pcg40,0.9366103439489307,0.9967953785986107,0.2943382237881767,0.9029126213592233,0.18922515991901584,0.027146676073032467
86,poisson_pcg40,1.0,1.0,0.29653566300657114,1.0,2.5623848541862734e-13,4.690455096595794e-14
86,cg80,0.9765144101816751,0.998524187512518,0.2954302690887939,0.9320388349514563,0.10807144110177819,0.018553758270391615
86,pcg80,0.9999993070953436,1.0,0.29653566300657114,1.0,0.00018250010536472553,6.889777414437602e-05
86,poisson_pcg80,1.0,1.0,0.29653566300657114,1.0,2.5623848541862734e-13,4.690455096595794e-14
86,poisson,0.6386525463128532,0.8646785364156732,0.18480156638042333,0.3883495145631068,2.062437785520562,7.098165771007839
86,amg,0.9930330560224591,0.9989669312587627,0.2959066123900076,0.941747572815534,0.11049151654529732,0.04641478571343708
86,oracle,1.0,1.0,0.29653566300657114,1.0,2.510617915643925e-13,4.6224319023180005e-14
87,ensemble,0.29249531730562905,0.6197147465292053,0.16213008602081636,0.23300970873786409,,
87,raw,0.36356066939060155,0.703846599833444,0.19256076723922833,0.3106796116504854,,
87,smoothed,0.5389914325692009,0.7785332532177983,0.1943787941966758,0.3300970873786408,,
87,prediction_magnitude,0.4801094007045275,0.7313177951361437,0.11786934950956736,0.009708737864077669,,
87,boundary_distance,0.4939043492815337,0.7638963557973077,0.16929207365909366,0.20145631067961164,,
87,jacobi1,0.2641169712466919,0.6399544606432435,0.16161846556859447,0.24271844660194175,0.9645532221444185,0.5656443414392924
87,jacobi5,0.2589360001966955,0.6443397320346184,0.18233101592079407,0.2815533980582524,0.9171106927460695,0.3791550672067716
87,jacobi10,0.29192313452185104,0.694580605715611,0.1888361072945953,0.30097087378640774,0.880721678378391,0.32515481174530725
87,jacobi20,0.36632214031542804,0.7708695698006599,0.2164590513170022,0.3786407766990291,0.8287914071494387,0.2775832316775136
87,jacobi40,0.44017836706959446,0.8597661891359117,0.25409914324267846,0.5339805825242718,0.7539199601722184,0.2302707232661045
87,jacobi80,0.5184404727844931,0.9438558763690796,0.29173202624796873,0.6893203883495146,0.6481406741701605,0.17835202675317927
87,cg5,0.2922085888884915,0.654828542213508,0.18369761528594733,0.2815533980582524,0.9195724225883799,0.36371026903194886
87,pcg5,0.2828853779236106,0.6914286919030602,0.1932865230224319,0.32038834951456313,0.876295804629865,0.3092028100598051
87,poisson_pcg5,0.9957173798369213,0.9999367508933936,0.32790200897171756,0.9805825242718447,0.038363137795332146,0.03819350567753734
87,cg10,0.33725097900722406,0.7083583694380317,0.2221600366299579,0.4077669902912621,0.8392561535474627,0.2721520966920919
87,pcg10,0.4613927048315571,0.8366275576357484,0.25660355333419704,0.5436893203883495,0.7499167496877965,0.221698383512457
87,poisson_pcg10,0.9999962113761532,1.0,0.3280100649150522,1.0,0.0009267445795619292,0.0010129138330085385
87,cg20,0.5263751810492812,0.9512138557709539,0.2778515942813645,0.6407766990291263,0.6506926459170523,0.16701027180018185
87,pcg20,0.605548802839568,0.984293138526085,0.30728970074278594,0.7864077669902912,0.4969173863239084,0.1157184498995605
87,poisson_pcg20,0.9999999776482369,1.0,0.3280100649150522,1.0,2.6896542605641984e-07,2.8644993991451576e-07
87,cg40,0.7056164280988484,0.9961734290503147,0.32293517879802974,0.9029126213592233,0.3707842667017882,0.08360006881881411
87,pcg40,0.9504197549352692,0.9993148013450976,0.32680358400498816,0.941747572815534,0.1369830333510289,0.03681485612167223
87,poisson_pcg40,1.0,1.0,0.3280100649150522,1.0,4.006641022650901e-14,2.081617845970778e-14
87,cg80,0.9807058127995135,0.9998524187512519,0.3277683628584947,0.9805825242718447,0.07448119429158198,0.019419541500047294
87,pcg80,0.9999952055468135,1.0,0.3280100649150522,1.0,0.0005790973139006369,0.00026806312865289815
87,poisson_pcg80,1.0,1.0,0.3280100649150522,1.0,4.2897854678387146e-14,1.744066407239466e-14
87,poisson,0.7410534274193548,0.9485363102579509,0.2955361304265712,0.6990291262135923,2.4940088579822506,6.801008254444707
87,amg,0.9950226199842642,0.9992620937562591,0.3273461563502077,0.9611650485436893,0.115183086590556,0.06039293153188026
87,oracle,1.0,1.0,0.3280100649150522,1.0,4.78098291960258e-14,1.853090380256397e-14
88,ensemble,0.2229486110614405,0.7244658085871204,0.163279882086489,0.27184466019417475,,
88,raw,0.1878393668192547,0.5998861516081085,0.15699403444357213,0.21359223300970873,,
88,smoothed,0.17913434974250766,0.6437177824863224,0.16468029763368652,0.24271844660194175,,
88,prediction_magnitude,0.41931304091266713,0.802357083372864,0.15507711083119496,0.22330097087378642,,
88,boundary_distance,0.2291861336698308,0.6696973530248885,0.10081970663074574,0.07391879964695498,,
88,jacobi1,0.3276639501823903,0.6417465186637572,0.17756634956965936,0.23300970873786409,0.9197320733635217,0.5403728677992958
88,jacobi5,0.394394647199771,0.6748258014188883,0.20750050372748868,0.3106796116504854,0.8357924406337847,0.31437270185559524
88,jacobi10,0.45720663310921966,0.7645868252110939,0.22090345947457504,0.34951456310679613,0.7757819187201558,0.24414101279793812
88,jacobi20,0.49266836465560404,0.8615160810853547,0.267964312305214,0.5242718446601942,0.6948995140760587,0.18263200852805447
88,jacobi40,0.5401037792361061,0.9500542888165038,0.29608891221186306,0.6407766990291263,0.5988770743049269,0.13032512727258058
88,jacobi80,0.5888257054216437,0.9798340765103359,0.33059837083898547,0.7766990291262136,0.49996934636952733,0.09441173619140499
88,cg5,0.3182538020349045,0.6677735260322781,0.20107634725987575,0.30097087378640774,0.854473699194293,0.2876216098759284
88,pcg5,0.4497546893998998,0.7495651623920813,0.22043938675180924,0.32038834951456313,0.7764641159458557,0.21699663466407573
88,poisson_pcg5,0.9847970459909877,0.9994623825938459,0.35160591994193025,0.9611650485436893,0.07553116918367375,0.0321822788979909
88,cg10,0.3568931608075245,0.7460337539398922,0.22762419714255241,0.3883495145631068,0.759565835921948,0.18486707103376065
88,pcg10,0.5253063979686716,0.9557256253755416,0.298120938479342,0.6601941747572816,0.6001036385326547,0.11355530858792032
88,poisson_pcg10,0.9999864883592016,1.0,0.35202739311161113,1.0,0.0012324794658392342,0.0008303745727124386
88,cg20,0.4558175269115227,0.9400187639016265,0.287094560363958,0.6407766990291263,0.6060989860193823,0.10261934586255826
88,pcg20,0.6160600435412344,0.9848623804855423,0.3356162791444802,0.8155339805825242,0.44468996246563564,0.05846204442338591
88,poisson_pcg20,1.0,1.0,0.35202739311161113,1.0,5.13388547756016e-07,3.8516794588150116e-07
88,cg40,0.6099352134146341,0.9897852692830714,0.3394461978799881,0.8252427184466019,0.42421593855846096,0.053100725143996906
88,pcg40,0.9292686167834918,0.998682310279034,0.35111093347722455,0.9320388349514563,0.15447955221181356,0.02519824096166367
88,poisson_pcg40,1.0,1.0,0.35202739311161113,1.0,1.342241983904007e-13,2.9270574537191105e-14
88,cg80,0.9917927790394105,0.9992093861674204,0.35168072652869964,0.9514563106796117,0.058253411218897676,0.011381560371071802
88,pcg80,0.9999908804806523,1.0,0.35202739311161113,1.0,0.0009641646307161554,0.00022891864436893955
88,poisson_pcg80,1.0,1.0,0.35202739311161113,1.0,1.3685657309806176e-13,2.7630095266846363e-14
88,poisson,0.5063785002861025,0.9227517577980878,0.2505252248856245,0.5242718446601942,2.888242818793151,7.425328845528275
88,amg,0.992218636006008,0.9985031044769827,0.350992597654933,0.941747572815534,0.12196394506654805,0.06550816650917528
88,oracle,1.0,1.0,0.35202739311161113,1.0,1.3799549291828687e-13,2.7866570892276444e-14
89,ensemble,0.30457895983835204,0.6907645762836934,0.16830246402482815,0.27184466019417475,,
89,raw,0.36010326514555463,0.7087062395243667,0.20192671006277577,0.32038834951456313,,
89,smoothed,0.5369888487053859,0.8107059654449048,0.2096775836660328,0.36893203883495146,,
89,prediction_magnitude,0.5142367878728274,0.7806310152535763,0.22461736515259276,0.33980582524271846,,
89,boundary_distance,0.46576515416564673,0.7172606811928781,0.15613274613947328,0.18976169461606357,,
89,jacobi1,0.32950414848723264,0.6646637782907983,0.1810434849852109,0.24271844660194175,0.9389286325959356,0.5539042983532171
89,jacobi5,0.3893678362599241,0.6726120826876654,0.18987656477438924,0.2524271844660194,0.8667681554596185,0.3392779063817289
89,jacobi10,0.4580264622523424,0.7177824863223807,0.218045902888694,0.33980582524271846,0.8204193974755954,0.2750684722878779
89,jacobi20,0.5171286701595021,0.8027260364947345,0.24206572912463453,0.42718446601941745,0.7625750884575844,0.22362413729221886
89,jacobi40,0.5458151017452256,0.8838535572351707,0.2738131699856221,0.5533980582524272,0.6933020773809592,0.17590955529580127
89,jacobi80,0.5506523138545169,0.9396076447086852,0.3010311846537109,0.6796116504854369,0.6168387130881098,0.13068445765230602
89,cg5,0.34090948206494526,0.6807395928865838,0.19324818502717012,0.2912621359223301,0.906824863844761,0.3168568257962014
89,pcg5,0.4425293031614333,0.6998091985284042,0.21806358954961394,0.33980582524271846,0.8131913441341815,0.24330169175866742
89,poisson_pcg5,0.9960136859845505,0.9996310468781295,0.3555231050178835,0.970873786407767,0.04092826539550606,0.03533203298345217
89,cg10,0.37070973553393893,0.6889092691565731,0.22312566280590831,0.3883495145631068,0.8518449384295477,0.23348497620144146
89,pcg10,0.5447335893355267,0.8791942063818349,0.28060332544395716,0.6019417475728155,0.6932159709926506,0.15761659559743593
89,poisson_pcg10,0.9999978877583864,1.0,0.3558112070294234,1.0,0.0005760171340107464,0.0007604370736484287
89,cg20,0.5279444536335025,0.9236267037728092,0.2793475907993316,0.5922330097087378,0.6860780104214327,0.14940232994378083
89,pcg20,0.5585564672591373,0.9652656989553355,0.32237922069793873,0.7475728155339806,0.5582539668326065,0.09049892016845622
89,poisson_pcg20,1.0,1.0,0.3558112070294234,1.0,2.393744829815175e-07,2.079411088108713e-07
89,cg40,0.6319952077819898,0.9865279402928434,0.33360480201492515,0.8058252427184466,0.4666808332909994,0.07540841463791109
89,pcg40,0.9227131911165152,0.9993885919694717,0.35537490954105655,0.9611650485436893,0.1777811544363229,0.03660810473468905
89,poisson_pcg40,1.0,1.0,0.3558112070294234,1.0,1.605282060744426e-13,3.751706522371303e-14
89,cg80,0.9459875791252412,0.9997997111624132,0.35551958058456173,0.970873786407767,0.11949828032436897,0.022863609573878698
89,pcg80,0.9999954067126815,1.0,0.3558112070294234,1.0,0.0006890961429984341,0.00019533139337442164
89,poisson_pcg80,1.0,1.0,0.3558112070294234,1.0,1.6072017895448487e-13,3.7504105023281485e-14
89,poisson,0.5940701219512194,0.8505001950180787,0.21084094961176647,0.36893203883495146,2.46104388965632,6.225304591791327
89,amg,0.9883194603390315,0.9991672200963495,0.3545748229658465,0.9514563106796117,0.13636334076074672,0.05835379150628666
89,oracle,1.0,1.0,0.3558112070294234,1.0,1.5662351134502302e-13,3.681252123581688e-14
90,ensemble,0.20696686574637005,0.6638731644582186,0.12662838330563342,0.17475728155339806,,
90,raw,0.1432138482583506,0.5444272266320905,0.10844988950126598,0.11650485436893204,,
90,smoothed,0.16452562853157857,0.5304702571076183,0.10673478620079037,0.10679611650485436,,
90,prediction_magnitude,0.20437017201916885,0.6771449353277885,0.0889780851496226,0.04854368932038835,,
90,boundary_distance,0.30018962139872324,0.7910513055669756,0.16254789425914512,0.28177405119152693,,
90,jacobi1,0.2139322003969673,0.6022369100703119,0.12293285665281144,0.11650485436893204,0.9249462186551151,0.5416360907584241
90,jacobi5,0.3470967294900221,0.6845239977651982,0.18061845709222138,0.2912621359223301,0.8125438554678701,0.31135458834290125
90,jacobi10,0.4811403981296044,0.7917733995340649,0.2127934857404331,0.39805825242718446,0.7296006069980603,0.23826228956854875
90,jacobi20,0.6004782606752019,0.902691249486101,0.2558743556585136,0.5339805825242718,0.6230598918476905,0.17345313317412434
90,jacobi40,0.6835335008225448,0.9610596333660121,0.2892157510605758,0.6893203883495146,0.506145686611945,0.12457624865187208
90,jacobi80,0.7635635527680423,0.9848412974500068,0.3006104230310178,0.7669902912621359,0.3896305248843042,0.09372982911915097
90,cg5,0.23775598356698374,0.5934769088053298,0.1313705886467824,0.14563106796116504,0.8966645824468631,0.363027990865603
90,pcg5,0.45924668970388377,0.7818432897968649,0.21230476513254312,0.39805825242718446,0.7206919859545236,0.23140947834711323
90,poisson_pcg5,0.9893884445855089,0.9997153790202713,0.31237893181376786,0.970873786407767,0.08340981844044945,0.0464581480876178
90,cg10,0.3044847471568557,0.6520139569695245,0.16819786193641306,0.24271844660194175,0.8107291734447533,0.25687801917990394
90,pcg10,0.6470324122916814,0.9489474294508924,0.28821799577258145,0.6796116504854369,0.5082725071691425,0.1227105602083047
90,poisson_pcg10,0.9999946691044989,1.0,0.3130350340118232,1.0,0.0009739454097441417,0.000878126678697855
90,cg20,0.5179677329947786,0.8672612082687665,0.23644810550584608,0.46601941747572817,0.6251298555566793,0.15294222750235423
90,pcg20,0.8515627570452756,0.9952774000400577,0.3075975452101708,0.8640776699029126,0.2608084809245666,0.06867702487816267
90,poisson_pcg20,1.0,1.0,0.3130350340118232,1.0,3.4390925697237425e-07,4.124366046710296e-07
90,cg40,0.7536085133395322,0.9871604313589071,0.3020105223631378,0.8155339805825242,0.3681061659600137,0.0743496232695944
90,pcg40,0.9857182292039195,0.99976808660911,0.3126213691491986,0.9611650485436893,0.07219967843774606,0.014803592093819727
90,poisson_pcg40,1.0,1.0,0.3130350340118232,1.0,1.5210313263305426e-13,3.767084384956556e-14
90,cg80,0.9689846376332165,0.9999367508933936,0.31253497224572885,0.9805825242718447,0.10387619254297793,0.02053657811281515
90,pcg80,0.9999973960195979,1.0,0.3130350340118232,1.0,0.000499423663732475,0.00022943500241479804
90,poisson_pcg80,1.0,1.0,0.3130350340118232,1.0,1.5372109070634032e-13,3.676836889116769e-14
90,poisson,0.5820957460124454,0.8962609236477868,0.21172601762919271,0.4174757281553398,1.8505236049600053,6.188738725393309
90,amg,0.990014841570703,0.9995467147359877,0.3127536902394841,0.970873786407767,0.10617925838080754,0.0484046815991447
90,oracle,1.0,1.0,0.3130350340118232,1.0,1.5519070888619146e-13,3.697838710603774e-14
91,ensemble,0.1700964702095701,0.6276630509260723,0.12410282507430181,0.20388349514563106,,
91,raw,0.17723330993848793,0.7220728840538461,0.1427070849347686,0.23300970873786409,,
91,smoothed,0.25962544032973317,0.7833401853198824,0.14186593756016105,0.24271844660194175,,
91,prediction_magnitude,0.38324492838495094,0.6884559838925608,0.14731035727436034,0.2912621359223301,,
91,boundary_distance,0.3020169071390669,0.6357114997417328,0.10796295966548199,0.1496028243601059,,
91,jacobi1,0.1932515668585938,0.7096128100523913,0.14679801584251312,0.24271844660194175,0.9258036043436866,0.5957147684664011
91,jacobi5,0.24709147682569202,0.7428291325385029,0.17482535584591088,0.33980582524271846,0.8350449825304043,0.3717233823697941
91,jacobi10,0.31651646654388094,0.8024308739972381,0.2013695744806713,0.42718446601941745,0.7732604827825397,0.2938578486406507
91,jacobi20,0.4287740840247478,0.8728903787567334,0.20906750202943358,0.47572815533980584,0.6915515698742803,0.22486521228964795
91,jacobi40,0.603611419068736,0.9360129871498898,0.22634332949819247,0.5728155339805825,0.581319717330405,0.16404074425575035
91,jacobi80,0.7638397423288749,0.9700515480218842,0.23917992897655643,0.6601941747572816,0.4407994679960933,0.11434565557877274
91,cg5,0.18308414097704026,0.713618586804128,0.15517836131563517,0.2815533980582524,0.8880105266182478,0.2973398143264803
91,pcg5,0.27793603819469276,0.7711014831915499,0.20073913743943353,0.4368932038834951,0.7717327621223887,0.2020591698388316
91,poisson_pcg5,0.9977328159645231,0.9993148013450976,0.265440478699573,0.970873786407767,0.04000323885166867,0.03375122889183071
91,cg10,0.24796648129604462,0.7771628559079936,0.19537196834840276,0.4174757281553398,0.797804071873115,0.19746611362426425
91,pcg10,0.5797727049209641,0.9236583283261124,0.21903358605950332,0.5436893203883495,0.5830679981876891,0.11697864882314966
91,poisson_pcg10,0.9999928697875687,1.0,0.26556514581644747,1.0,0.001308137642858488,0.0009067900151134183
91,cg20,0.39929808758314855,0.8577105931712048,0.21917672069564081,0.5533980582524272,0.6668094559566557,0.11075857059455432
91,pcg20,0.838992259584436,0.9819318385461139,0.2532203190211659,0.7766990291262136,0.3237704637022474,0.055867033490031553
91,poisson_pcg20,1.0,1.0,0.26556514581644747,1.0,2.087870162406632e-07,2.2699527336616044e-07
91,cg40,0.6924657682748014,0.9589934958835373,0.2425630627799649,0.6407766990291263,0.4572982208036135,0.05987849323929545
91,pcg40,0.9773988582719403,0.9978706134109189,0.26438000485342894,0.9320388349514563,0.10127206518065966,0.016094994661433323
91,poisson_pcg40,1.0,1.0,0.26556514581644747,1.0,2.4923890170488137e-13,3.1937531049910905e-14
91,cg80,0.9669864011873256,0.997132707167178,0.26409405439588635,0.912621359223301,0.12330088261857398,0.017186896743901576
91,pcg80,0.9999973513160717,1.0,0.26556514581644747,1.0,0.0005968756771747022,0.00018464996640305038
91,poisson_pcg80,1.0,1.0,0.26556514581644747,1.0,2.4923890170488137e-13,3.1937531049910905e-14
91,poisson,0.6113094109863386,0.9067075677556055,0.17380796037937707,0.3883495145631068,1.949176428854684,6.973097184933541
91,amg,0.9645548646377227,0.9954776888776447,0.2629749641630775,0.912621359223301,0.13702064266788191,0.05362607038101387
91,oracle,1.0,1.0,0.26556514581644747,1.0,2.536966949718142e-13,3.23577142932385e-14
92,ensemble,0.17382766120091553,0.6223606674889051,0.1329685619168249,0.20388349514563106,,
92,raw,0.1222908769043702,0.5598073010552059,0.10921430821349538,0.1262135922330097,,
92,smoothed,0.1484959275087619,0.5957011690543205,0.10402746997301483,0.08737864077669903,,
92,prediction_magnitude,0.40403254863743654,0.8146801176433383,0.14031760927373327,0.2524271844660194,,
92,boundary_distance,0.42169101851825214,0.8605409906918398,0.19495158895659384,0.4318181818181818,,
92,jacobi1,0.2118962118231886,0.6388581427953997,0.1441630842974921,0.20388349514563106,0.8948040320087208,0.5301514288012188
92,jacobi5,0.3649548047349974,0.737937868294277,0.18792909023147528,0.3592233009708738,0.7615368011986668,0.2967610054019298
92,jacobi10,0.5133207902689364,0.8219221403497675,0.21262691138877463,0.4077669902912621,0.6606394634723187,0.2208028071862687
92,jacobi20,0.6882910624240038,0.9135806373401643,0.23832677598055457,0.5242718446601942,0.5240235743316443,0.15458300635476743
92,jacobi40,0.8339331279951361,0.9642537132496337,0.25818460611408145,0.6310679611650486,0.36689551521681724,0.09875502298081822
92,jacobi80,0.9201334847292754,0.984482885845904,0.26907890688660174,0.7766990291262136,0.23087463993320465,0.05986829743745988
92,cg5,0.2599224170302553,0.6534686864214709,0.15976772880972104,0.2524271844660194,0.8421177720088956,0.31171899813863263
92,pcg5,0.48151335964880904,0.8136681319376364,0.21044390104175753,0.39805825242718446,0.6567216061854162,0.21148201116513243
92,poisson_pcg5,0.9958128442171519,0.9997891696446455,0.2758499976768336,0.9805825242718447,0.05289655229238584,0.03657604758912188
92,cg10,0.3820007733710035,0.7036673940313927,0.18322407760308418,0.2912621359223301,0.7399442057591136,0.20954844075186943
92,pcg10,0.8083595817538086,0.9558310405532189,0.2546470473288462,0.6116504854368932,0.3619942508731881,0.0986140175634538
92,poisson_pcg10,0.999987181263858,1.0,0.2759419422788098,1.0,0.001581053208348722,0.0010002078278500259
92,cg20,0.6540105656784206,0.8670925439844829,0.2297472457128122,0.4854368932038835,0.5196824996441191,0.12270775773322144
92,pcg20,0.9393939207674701,0.990459926420206,0.2717975614885213,0.8349514563106796,0.17487343540522643,0.039165845564958654
92,poisson_pcg20,1.0,1.0,0.2759419422788098,1.0,4.3960444864004984e-07,3.962244081739205e-07
92,cg40,0.9191318686968027,0.9859165322623151,0.2688910854981845,0.7766990291262136,0.2124959982458121,0.04289087779993572
92,pcg40,0.9977312513411059,0.9996837544669681,0.2756811000249941,0.9611650485436893,0.034536343117198824,0.006787716134441361
92,poisson_pcg40,1.0,1.0,0.2759419422788098,1.0,1.5142124527990196e-13,3.0095849242138377e-14
92,cg80,0.9926684764144195,0.9986296026901953,0.2751122006875951,0.9320388349514563,0.0649253980894218,0.00932320053772445
92,pcg80,0.9999966137078893,1.0,0.2759419422788098,1.0,0.0006339525027720547,0.00022097763903436183
92,poisson_pcg80,1.0,1.0,0.2759419422788098,1.0,1.5175176692671381e-13,2.7442189299982706e-14
92,poisson,0.5959856233459695,0.8470531187080316,0.16351767436468292,0.2912621359223301,2.724094084626311,6.735693705815179
92,amg,0.9798359827623202,0.9924944393493775,0.2730073942656348,0.8640776699029126,0.1593512873822709,0.053453750116053876
92,oracle,1.0,1.0,0.2759419422788098,1.0,1.481846662056206e-13,2.7153825314581664e-14
93,ensemble,0.412474541341821,0.6609426225187902,0.16563231635235698,0.21359223300970873,,
93,raw,0.253286983227237,0.723938732698734,0.1535791807153788,0.2815533980582524,,
93,smoothed,0.39876723320935553,0.8518916753634188,0.1862524085134228,0.3786407766990291,,
93,prediction_magnitude,0.829742015950218,0.874144819371093,0.24178859300223068,0.33980582524271846,,
93,boundary_distance,0.7264217474649275,0.8751304512823757,0.26748280240717554,0.529567519858782,,
93,jacobi1,0.2819159931335384,0.6871382941715948,0.18397343683870013,0.2912621359223301,0.9816325146453406,0.7122578479220582
93,jacobi5,0.26306908706458765,0.7349335357304745,0.19722230083208186,0.3592233009708738,0.9425415064549545,0.5775036312526775
93,jacobi10,0.31599559223231527,0.7767833612683555,0.22375092157812482,0.44660194174757284,0.9056751772491073,0.5255801799360283
93,jacobi20,0.43318577444388806,0.8680623636191139,0.2543971054384876,0.5825242718446602,0.8420508874846001,0.4542820159658652
93,jacobi40,0.5544108075244976,0.9577495967869454,0.2774875069618693,0.6601941747572816,0.7349030457952549,0.354546595882545
93,jacobi80,0.7017503665689149,0.983829311744305,0.30077794022852417,0.7766990291262136,0.5753865558309688,0.23932384498900752
93,cg5,0.24179565124096986,0.694812519106501,0.18811289322165933,0.3592233009708738,0.9396706770137633,0.5587538938684508
93,pcg5,0.337433738198269,0.7859861062795821,0.22329381204366497,0.4563106796116505,0.8811190178251538,0.5147710532914759
93,poisson_pcg5,0.9967632970638723,0.9997575450913423,0.32595551418704055,0.970873786407767,0.04775695977333466,0.041107471429222206
93,cg10,0.33756629532937554,0.8403908794788274,0.222420755160214,0.5048543689320388,0.8314187710630867,0.4066008391376528
93,pcg10,0.5702062173664258,0.963579056112499,0.2784640296757985,0.6796116504854369,0.625016908690179,0.2751281709317377
93,poisson_pcg10,0.9999943003004076,0.9999894584822323,0.3261197558587705,0.9902912621359223,0.0009179043139742289,0.001299768949699666
93,cg20,0.4771601079143122,0.9578128458935518,0.2735491916194235,0.6893203883495146,0.6797665438480659,0.2569843073798209
93,pcg20,0.8391428322366068,0.9952246924512191,0.3202315184103754,0.8737864077669902,0.321479772880415,0.13765285771552765
93,poisson_pcg20,1.0,1.0,0.3261214806196854,1.0,2.3684094415318634e-07,6.111827286958567e-07
93,cg40,0.6235874691545669,0.9954671473598768,0.3173742198787852,0.8737864077669902,0.456835274434227,0.14526715977054708
93,pcg40,0.9773303724697803,0.9993991334872395,0.3257371849152292,0.9611650485436893,0.10511977288940674,0.04149838645337557
93,poisson_pcg40,1.0,1.0,0.3261214806196854,1.0,6.265816238068766e-14,3.381896161514399e-14
93,cg80,0.9941785838816966,0.9996732129492004,0.3260348060483019,0.9805825242718447,0.04847511910874302,0.021660098300542413
93,pcg80,0.9999989047636078,1.0,0.3261214806196854,1.0,0.00016355448812393586,0.00013304138041845005
93,poisson_pcg80,1.0,1.0,0.3261214806196854,1.0,5.672777277680751e-14,2.505982625237813e-14
93,poisson,0.8126217500536441,0.9699672158797423,0.2891170026364574,0.7475728155339806,2.084330175671417,5.836585519494651
93,amg,0.9934379358593806,0.9995572562537555,0.32578998119898894,0.9611650485436893,0.13029188586170995,0.11109409918547025
93,oracle,1.0,1.0,0.3261214806196854,1.0,5.600598751645931e-14,2.4940904324613956e-14
94,ensemble,0.3883960039517917,0.5748605884275217,0.16135637098596503,0.1553398058252427,,
94,raw,0.2512029607145411,0.6157405943307718,0.14406615936311756,0.1650485436893204,,
94,smoothed,0.356767711537086,0.7063660225799311,0.15947938961900848,0.17475728155339806,,
94,prediction_magnitude,0.8864719306558901,0.9013208521762963,0.23086195504587456,0.47572815533980584,,
94,boundary_distance,0.8121642451228942,0.830940408800059,0.18713557092903363,0.25132391879964694,,
94,jacobi1,0.2330731774372362,0.6163098362902291,0.15457926651728582,0.1941747572815534,0.9854572133122808,0.6223209742722785
94,jacobi5,0.20433558266576063,0.6523618270558595,0.1531752929930113,0.2524271844660194,0.9555479474682539,0.45454116409042794
94,jacobi10,0.26247915698090263,0.7160747604440088,0.17612899908441307,0.34951456310679613,0.9277938005354288,0.40116582573194504
94,jacobi20,0.3892293335598312,0.8150174462119056,0.21041385826658734,0.5048543689320388,0.8817602660293804,0.35242307275526347
94,jacobi40,0.556003907088191,0.9163214319597736,0.24604322841675091,0.6601941747572816,0.8077704207778695,0.30756130731157827
94,jacobi80,0.6594565839353408,0.9651708252954261,0.25905480249172297,0.7087378640776699,0.6983973016755142,0.26154718408438016
94,cg5,0.21311765744581931,0.6465850753191444,0.16555905289274825,0.2621359223300971,0.969757632219614,0.44385316956874
94,pcg5,0.2675780523567699,0.7272487692778006,0.18567392645528402,0.3883495145631068,0.9167612577690422,0.39104303768100157
94,poisson_pcg5,0.997069717384307,0.9994623825938459,0.2714214604496262,0.9611650485436893,0.05285692335683791,0.04317686365018054
94,cg10,0.20847321811744507,0.7142299948346563,0.17685893486364201,0.39805825242718446,0.9325412941471978,0.368405643634149
94,pcg10,0.5528885518739718,0.8926346415356883,0.24540554389241515,0.6407766990291263,0.7926672754143244,0.3093059155915459
94,poisson_pcg10,0.9999979883413203,0.9999894584822323,0.2715619056872691,0.9902912621359223,0.0007746428591804489,0.0009543949106702455
94,cg20,0.38526825468492953,0.9012576030696899,0.22933909063784358,0.6504854368932039,0.8035109944041955,0.29617115836554325
94,pcg20,0.7447720455439524,0.9763659171647534,0.2631265960841683,0.7184466019417476,0.4599420752146543,0.20463475248243773
94,poisson_pcg20,1.0,1.0,0.27156362642739845,1.0,9.529927045760198e-08,2.403047972592732e-07
94,cg40,0.891424969601602,0.9887732835773695,0.26813068476200647,0.8252427184466019,0.329830421816812,0.14738864849892439
94,pcg40,0.9924744295830055,0.9989353067054595,0.27129335978702485,0.941747572815534,0.07131158204828852,0.04644538269838448
94,poisson_pcg40,1.0,1.0,0.27156362642739845,1.0,2.7864566812415442e-14,2.010487660524719e-14
94,cg80,0.9990484407410056,0.9991145125075108,0.27120307822814976,0.9514563106796117,0.028734235231109725,0.01784256402348201
94,pcg80,0.9999998547135397,1.0,0.27156362642739845,1.0,3.6079227247106364e-05,4.417720767435136e-05
94,poisson_pcg80,1.0,1.0,0.27156362642739845,1.0,2.7310150318563557e-14,1.9965605492757807e-14
94,poisson,0.7965031895965953,0.9723706819307844,0.25950486972597486,0.7475728155339806,1.3531482819719314,6.5787760747406026
94,amg,0.9991150154674201,0.9988193500100144,0.2710257762305722,0.9223300970873787,0.09615629853149535,0.06457842496216197
94,oracle,1.0,1.0,0.27156362642739845,1.0,2.8229084751509125e-14,2.0667462662411107e-14
95,ensemble,0.24037231331807452,0.6198939523312567,0.1351184746330976,0.21359223300970873,,
95,raw,0.34132466606465917,0.7310964232630214,0.14684046760623357,0.2912621359223301,,
95,smoothed,0.49194703973249404,0.7993527508090615,0.13761437931857404,0.22330097087378642,,
95,prediction_magnitude,0.3300980795365138,0.6738981478553282,0.120863904873198,0.10679611650485436,,
95,boundary_distance,0.4273331828584626,0.7320188060676976,0.1212137407051775,0.18137687555163284,,
95,jacobi1,0.17885184580859737,0.6304987192055912,0.13535788431274984,0.24271844660194175,0.9502197254327422,0.5688102925992617
95,jacobi5,0.2112193333810171,0.7273014768666393,0.1451538837617722,0.2912621359223301,0.8963914980883994,0.35767894653818816
95,jacobi10,0.23846497031685854,0.7756554188672085,0.15382598981731246,0.33980582524271846,0.8604648783350833,0.2956268644033608
95,jacobi20,0.29706328007653243,0.8278043072641599,0.16543797568179064,0.39805825242718446,0.810280475519595,0.24750863509211318
95,jacobi40,0.40544678939274725,0.8812708853820773,0.18684468838545548,0.47572815533980584,0.7337206488023656,0.20343027470757208
95,jacobi80,0.5916104780595093,0.9344739255558016,0.21599333709014443,0.5728155339805825,0.6121044867996609,0.15667147215537838
95,cg5,0.28997322258779773,0.7737052380801788,0.14810417994350958,0.3300970873786408,0.9005392822755846,0.3238193140172024
95,pcg5,0.22603722239110216,0.776140328684524,0.1560738120874008,0.34951456310679613,0.8605132851194032,0.26825417887030995
95,poisson_pcg5,0.9954670065624777,0.9989353067054595,0.245470542434281,0.941747572815534,0.06771506487879714,0.03887458627800265
95,cg10,0.3241974152421143,0.834666835330951,0.17139808795845485,0.42718446601941745,0.8246219798471768,0.23558254339337684
95,pcg10,0.3733602299549388,0.8446601941747572,0.17943288300902271,0.44660194174757284,0.7399943506233546,0.1975947607434986
95,poisson_pcg10,0.9999910369429938,1.0,0.24588458488692402,1.0,0.0013491696228195905,0.0011945295072241832
95,cg20,0.5520454992489806,0.9275586899001719,0.21525564260210892,0.5728155339805825,0.6177200059648098,0.1483409327637985
95,pcg20,0.8436907901795294,0.9584453369596154,0.23207424380538133,0.7087378640776699,0.3649491451449147,0.09852659095084125
95,poisson_pcg20,1.0,1.0,0.24588458488692402,1.0,1.730933106116139e-06,8.3153192883842e-07
95,cg40,0.8459241671733067,0.9810041849825538,0.2343291657281364,0.7864077669902912,0.3205882772774008,0.0642137422176406
95,pcg40,0.9686022548458622,0.9961628875325469,0.24305640359994657,0.9029126213592233,0.1352122430986698,0.02628299031664284
95,poisson_pcg40,1.0,1.0,0.24588458488692402,1.0,1.4064002531099977e-13,1.8966460127551187e-13
95,cg80,0.9928500956655459,0.9993464258984008,0.24553144133839783,0.970873786407767,0.05883834792083932,0.014655073218227434
95,pcg80,0.9999838173235104,1.0,0.24588458488692402,1.0,0.0022108559069587965,0.0007373778960557762
95,poisson_pcg80,1.0,1.0,0.24588458488692402,1.0,5.127962760691048e-14,1.998289649445914e-14
95,poisson,0.6871001381338959,0.9368879331246113,0.2176899144938112,0.6407766990291263,3.050174862866464,6.699973306042293
95,amg,0.9823385085115514,0.9980814437662735,0.24529784544207364,0.9514563106796117,0.1032030959244371,0.04810524827813844
95,oracle,1.0,1.0,0.24588458488692402,1.0,5.278360838574996e-14,2.0422328209501697e-14
96,ensemble,0.24013556344324435,0.5998756100903408,0.15210666951906263,0.17475728155339806,,
96,raw,0.4175152662542021,0.7750756353899835,0.18030796802473997,0.30097087378640774,,
96,smoothed,0.5406028829304055,0.8410339120626588,0.18653782097662608,0.33980582524271846,,
96,prediction_magnitude,0.39277401026392955,0.7378640776699029,0.07468346329666041,0.019417475728155338,,
96,boundary_distance,0.5018012251748157,0.8359160051864267,0.19763777957339795,0.3658428949691086,,
96,jacobi1,0.3244820984729275,0.6663925872047057,0.15428790758552122,0.20388349514563106,0.9527590413971663,0.5089902818537334
96,jacobi5,0.33771152591016373,0.6607107091279002,0.1733830271050743,0.23300970873786409,0.9091329082446874,0.31033820110337185
96,jacobi10,0.3689456449824762,0.6780409643380454,0.18041184624876333,0.2621359223300971,0.8770002521490587,0.2573944686743449
96,jacobi20,0.4155335142336027,0.7100555537986359,0.17743872676838415,0.2621359223300971,0.8338420018541839,0.22023336376706892
96,jacobi40,0.4715644334275088,0.7417433562084269,0.1985058003010823,0.32038834951456313,0.7738008603766605,0.19011759616462343
96,jacobi80,0.5696466186252772,0.841761276788632,0.2335052218428787,0.4563106796116505,0.6806430650826895,0.1590486590608172
96,cg5,0.37534132259852654,0.7144829912610817,0.18072255688676125,0.2621359223300971,0.9257598054507244,0.31120269417305374
96,pcg5,0.3514123296795651,0.6779566321959035,0.17500075004825053,0.2524271844660194,0.8808421344991554,0.23981433124733084
96,poisson_pcg5,0.983410208497246,0.9997470035735745,0.3138800077630014,0.9805825242718447,0.10541282094726889,0.038581505606570095
96,cg10,0.3631145058472212,0.6958455878477383,0.18981496207677281,0.2815533980582524,0.8643076669324811,0.23283186451153118
96,pcg10,0.4522460392675774,0.7098025573722104,0.19095797583857085,0.30097087378640774,0.782246118558457,0.19045026204347368
96,poisson_pcg10,0.999995093787998,1.0,0.3141920639115917,1.0,0.001105348606912471,0.0009122083278640966
96,cg20,0.5842691085222802,0.9004459062015749,0.23939622835952504,0.4854368932038835,0.6735564203354694,0.16546316397318472
96,pcg20,0.7317130726521708,0.9776941484034871,0.28209337205183665,0.7572815533980582,0.42994215785463935,0.10390397499938799
96,poisson_pcg20,1.0,1.0,0.3141920639115917,1.0,4.6362191070011843e-07,4.95730814272705e-07
96,cg40,0.8678145116586796,0.997596533948958,0.31106544532728314,0.9223300970873787,0.27026919742216204,0.06671300327061844
96,pcg40,0.9598734554931694,0.9988720575988531,0.313149119094965,0.970873786407767,0.12675497705423036,0.024206874651368466
96,poisson_pcg40,1.0,1.0,0.3141920639115917,1.0,1.2800379209936066e-13,3.8182782104890485e-14
96,cg80,0.9785373676775624,0.9997997111624132,0.3139201568261585,0.9805825242718447,0.07859508167945166,0.014817190619077764
96,pcg80,0.9999972283813745,1.0,0.3141920639115917,1.0,0.0004736092838867581,0.00024155960840867408
96,poisson_pcg80,1.0,1.0,0.3141920639115917,1.0,1.1681610023826093e-13,3.2603927643231775e-14
96,poisson,0.7252179408661755,0.9232155845798679,0.2611359221250746,0.5922330097087378,2.0773697677542184,6.98602959182076
96,amg,0.9860001296402259,0.9987982669744789,0.31358032609451886,0.941747572815534,0.11139464914713218,0.052752723606101365
96,oracle,1.0,1.0,0.3141920639115917,1.0,1.2511625433464293e-13,3.383594874348201e-14
97,ensemble,0.32049088942135756,0.7405627062184413,0.15422330739283965,0.2621359223300971,,
97,raw,0.26336483441813885,0.6886668142479154,0.1458185983879005,0.23300970873786409,,
97,smoothed,0.38553466534940267,0.785216575482538,0.1350554629604579,0.1941747572815534,,
97,prediction_magnitude,0.3907688905667984,0.7374107924058906,0.13912676267270951,0.17475728155339806,,
97,boundary_distance,0.35478891572988747,0.7068034955672918,0.12437862556512753,0.15158870255957635,,
97,jacobi1,0.2597291748623131,0.6535741015991482,0.15863473126797173,0.22330097087378642,0.903162909624699,0.6110503080750443
97,jacobi5,0.43846851307131113,0.7507247293465313,0.19696011100388378,0.3592233009708738,0.773037308412244,0.3795594111004055
97,jacobi10,0.5622459163328803,0.8224913823092249,0.22839488769673827,0.4563106796116505,0.6760716749651134,0.2926464338620344
97,jacobi20,0.6600530407338531,0.8733752885740489,0.24967458488856273,0.5631067961165048,0.564193098968018,0.21733522218050857
97,jacobi40,0.7430231765431656,0.9208332015643612,0.2593671012645821,0.6019417475728155,0.4654047902073967,0.16524429356561923
97,jacobi80,0.823447234192833,0.9545871414566269,0.2718778340631619,0.6893203883495146,0.37294324232958614,0.12950113737721525
97,cg5,0.3263000344217152,0.7317289143290852,0.19290015555618303,0.3786407766990291,0.8340748961291463,0.3426474536904035
97,pcg5,0.5574234899148844,0.8299231523354733,0.22262293884850043,0.44660194174757284,0.6566607155525741,0.23036525419702228
97,poisson_pcg5,0.9964314180852585,0.9996205053603617,0.2960106509940211,0.9611650485436893,0.03914439733188412,0.03560908364264876
97,cg10,0.4457352612474071,0.8077543404699409,0.229574497878807,0.49514563106796117,0.701260548745578,0.22920063621262504
97,pcg10,0.7124070054895929,0.9143185435839052,0.2538692577223427,0.5728155339805825,0.4785012376732727,0.10682245455666306
97,poisson_pcg10,0.9999989941706601,1.0,0.2962701312687588,1.0,0.00035126007018196,0.0003954513523268371
97,cg20,0.6975294596237751,0.9405985473788516,0.2687050354122022,0.6504854368932039,0.46093335230459465,0.11242867872278478
97,pcg20,0.9012214009191044,0.9822797086324488,0.28421225957876045,0.7766990291262136,0.24360845908059034,0.055718193845685236
97,poisson_pcg20,1.0,1.0,0.2962701312687588,1.0,6.844724148604114e-08,5.479898752023404e-08
97,cg40,0.8858317538087405,0.98960606348102,0.2884765764428752,0.8349514563106796,0.24051937371969956,0.04597333365177477
97,pcg40,0.9938663297510906,0.9997575450913423,0.29614033586090477,0.9805825242718447,0.04963967222159104,0.010492622452955519
97,poisson_pcg40,1.0,1.0,0.2962701312687588,1.0,2.1948185975883405e-13,3.438809882922336e-14
97,cg80,0.9949830461876832,0.9995888808070587,0.2957980754966579,0.9514563106796117,0.049621578982156134,0.0071602527342840986
97,pcg80,0.9999961778485085,1.0,0.2962701312687588,1.0,0.0006868885531354655,0.00010061546958774109
97,poisson_pcg80,1.0,1.0,0.2962701312687588,1.0,2.1948185975883405e-13,3.438809882922336e-14
97,poisson,0.36996135380158784,0.7888533991124042,0.21965590714253558,0.44660194174757284,3.736346276849706,6.241112503267409
97,amg,0.9760687272012017,0.9966372558320947,0.29416520914671573,0.8932038834951457,0.14634339448877468,0.05615693715370504
97,oracle,1.0,1.0,0.2962701312687588,1.0,2.1505128104626698e-13,3.387954867513409e-14
98,ensemble,0.1974429135970245,0.6383099838714779,0.13172477222155266,0.21359223300970873,,
98,raw,0.20703548565910876,0.6978484762236067,0.13628786104118384,0.23300970873786409,,
98,smoothed,0.18860152841356126,0.6830376437599486,0.1280302955225979,0.21359223300970873,,
98,prediction_magnitude,0.26828955367999424,0.6846926620494819,0.11514112589999859,0.1262135922330097,,
98,boundary_distance,0.2785396333350825,0.6809978600718931,0.12124637185105189,0.1560017652250662,,
98,jacobi1,0.24074974518990055,0.7324457375372906,0.1534268238036999,0.3300970873786408,0.8812598886420853,0.5683687595560972
98,jacobi5,0.3732802776983048,0.8496779566321959,0.18741391710553945,0.44660194174757284,0.7282880731233635,0.3357663887920034
98,jacobi10,0.4927430865996709,0.911725330213044,0.21459748842707024,0.5533980582524272,0.6250775236584168,0.2493080679814188
98,jacobi20,0.6476337305986696,0.9506656968470321,0.22856193990907364,0.6213592233009708,0.4974151035419825,0.17573604639735474
98,jacobi40,0.8018195229239683,0.972423389519623,0.23757028529304466,0.6990291262135923,0.3592324939824881,0.12263115468468848
98,jacobi80,0.9120951983942492,0.985726784942496,0.2470510306916242,0.8252427184466019,0.23338505057247835,0.0847068112324675
98,cg5,0.3129565459373435,0.8260438737969493,0.1884501190499502,0.4563106796116505,0.7609160805687802,0.3191804589678452
98,pcg5,0.4663757733710035,0.8977789022063397,0.20185359511320256,0.4854368932038835,0.6133229801101724,0.231473819032483
98,poisson_pcg5,0.9956134888419998,0.9990196388476013,0.25363180121719003,0.9514563106796117,0.05242665637866718,0.03435032403836907
98,cg10,0.5056495310600099,0.9109241748626967,0.22307731706254905,0.6019417475728155,0.5966605246445805,0.19473239246010507
98,pcg10,0.749829534278664,0.966530681087463,0.23428780164794508,0.6699029126213593,0.3884978956854437,0.11621790415021045
98,poisson_pcg10,0.9999893046813532,0.9999894584822323,0.25407699359610625,0.9902912621359223,0.0017755351856019255,0.0007704392194615983
98,cg20,0.8227903046992345,0.9672896703667394,0.24514526731485853,0.7864077669902912,0.34365233298671405,0.08972431190590348
98,pcg20,0.9633356877190472,0.9884886625976408,0.24806791074474488,0.8058252427184466,0.16806860900460385,0.04368229699069104
98,poisson_pcg20,1.0,1.0,0.25408113266917665,1.0,2.5738279985244563e-07,2.1642061281106925e-07
98,cg40,0.9602576375974536,0.9890684460748659,0.25066482472355167,0.8349514563106796,0.1524926600683624,0.026117426492138635
98,pcg40,0.9987342643587725,0.9997575450913423,0.2540540032254038,0.9902912621359223,0.0264348628185021,0.004871110638647532
98,poisson_pcg40,1.0,1.0,0.25408113266917665,1.0,7.661528652971583e-14,1.931337729935976e-14
98,cg80,0.996937104373793,0.9990828879542076,0.2537763933878641,0.941747572815534,0.039172740670819196,0.005786757563580333
98,pcg80,0.9999973624919534,1.0,0.25408113266917665,1.0,0.0005410303244519569,0.00012769889623524624
98,poisson_pcg80,1.0,1.0,0.25408113266917665,1.0,8.077950766124857e-14,1.780191318453072e-14
98,poisson,0.5382384463736499,0.8477804834340048,0.19851575566000348,0.42718446601941745,4.296574576381459,7.120777120728237
98,amg,0.9909167910914811,0.9979654870708284,0.25310896739278776,0.9320388349514563,0.12054071550159619,0.06021287432109518
98,oracle,1.0,1.0,0.25408113266917665,1.0,7.719008024008656e-14,1.7634883376668796e-14
99,ensemble,0.30171047984765037,0.6557351127415325,0.14947596560060758,0.1553398058252427,,
99,raw,0.30817731430155204,0.6012881734712164,0.14126552182264435,0.1650485436893204,,
99,smoothed,0.40236083792289534,0.6468802378166408,0.13295867411097353,0.1262135922330097,,
99,prediction_magnitude,0.33641414017237675,0.69523417981721,0.09233315133212049,0.07766990291262135,,
99,boundary_distance,0.2737827484553795,0.5417654933957391,0.12587915248962697,0.0796557811120918,,
99,jacobi1,0.21950903234747154,0.6448878909585402,0.1570292012080151,0.20388349514563106,0.9434802868327936,0.5717051322679746
99,jacobi5,0.3397440946641871,0.7641967890536879,0.2054883551253917,0.4174757281553398,0.8503312838812661,0.33472572172081966
99,jacobi10,0.40757642067806304,0.8499942021652277,0.2235271563528707,0.49514563106796117,0.783281593090676,0.25627846107520136
99,jacobi20,0.4803117065124097,0.9161000600866512,0.24060887932168532,0.5728155339805825,0.703494034701928,0.196372043914752
99,jacobi40,0.5275433065410199,0.9481778986538482,0.2657764488537502,0.6796116504854369,0.6227997984009359,0.15335084274494298
99,jacobi80,0.5827762566161219,0.9694823060624269,0.27652285370695,0.7087378640776699,0.5411573677229947,0.11956014537039523
99,cg5,0.27770192582790926,0.657189842193479,0.15551551702438302,0.24271844660194175,0.9012677211260037,0.3296374753173348
99,pcg5,0.40196752512338163,0.8515438052770838,0.22173722975085927,0.49514563106796117,0.7744636913039061,0.2381401057797036
99,poisson_pcg5,0.9849898858271939,0.9996626714314327,0.30359224810795166,0.970873786407767,0.08947856174854057,0.03461483933381769
99,cg10,0.3563874186395823,0.7728724581765283,0.19779974217959104,0.39805825242718446,0.8122415523197192,0.23218734692504323
99,pcg10,0.5232850497997281,0.9442037464554146,0.26387784515468304,0.6699029126213593,0.6280172142583539,0.15170861062371382
99,poisson_pcg10,0.9999954514162075,1.0,0.30396401133847134,1.0,0.0008399885598007647,0.0006596889529744615
99,cg20,0.5396113922466204,0.9443934937752337,0.25148604042168793,0.6019417475728155,0.6284394466646338,0.142288515295739
99,pcg20,0.6697590032901795,0.9816788421196884,0.28649748147784343,0.7572815533980582,0.4521775802379927,0.09073857853086514
99,poisson_pcg20,1.0,1.0,0.30396401133847134,1.0,2.8459557078896764e-07,3.1272083753697747e-07
99,cg40,0.7674995864923824,0.99433920495873,0.2950797554103907,0.8349514563106796,0.3548806443799909,0.07083455334261012
99,pcg40,0.9814721541735212,0.9989036821521563,0.30343195532238465,0.9514563106796117,0.09295482904017757,0.027282875335070858
99,poisson_pcg40,1.0,1.0,0.30396401133847134,1.0,1.3740981886484034e-13,3.1491619172702244e-14
99,cg80,0.9889626323224374,1.0,0.30396401133847134,1.0,0.05520099401087359,0.01270868587655811
99,pcg80,0.9999995864923824,1.0,0.30396401133847134,1.0,8.496977524358124e-05,4.204828025350269e-05
99,poisson_pcg80,1.0,1.0,0.30396401133847134,1.0,1.3784234037538155e-13,2.97419519384166e-14
99,poisson,0.6306623274443888,0.8664178868473483,0.17377581640858622,0.2912621359223301,2.700775025396515,7.350140178356718
99,amg,0.9954467670409841,0.9995467147359877,0.303652047656403,0.9611650485436893,0.07081742806505123,0.045907925199033923
99,oracle,1.0,1.0,0.30396401133847134,1.0,1.4211847332511924e-13,3.042817954956006e-14
100,ensemble,0.21906865791073601,0.6797486902164174,0.13506532084762335,0.21359223300970873,,
100,raw,0.09085421733066304,0.5702223206097213,0.1075902468976863,0.13592233009708737,,
100,smoothed,0.06621991452685787,0.5559069394811464,0.10421036415658413,0.07766990291262135,,
100,prediction_magnitude,0.4837039553679993,0.7497549097119003,0.15718642769749838,0.24271844660194175,,
100,boundary_distance,0.48227606938011874,0.7579087737052381,0.12544586215648504,0.14320388349514562,,
100,jacobi1,0.09015543416064659,0.600139148034534,0.12325132245978725,0.23300970873786409,0.9589455386274307,0.5670691308861955
100,jacobi5,0.11387918201487732,0.6558299864014421,0.12323912579098341,0.21359223300970873,0.8893164829352974,0.4035895795165383
100,jacobi10,0.22725016316787064,0.7562695676923563,0.13972960774109952,0.2912621359223301,0.8298000778848866,0.34501694601682265
100,jacobi20,0.41737851816751304,0.8622539873290956,0.16994807396484718,0.44660194174757284,0.7388670966882743,0.28546835064733234
100,jacobi40,0.6263143619018667,0.9424538545059717,0.20004501518805337,0.6213592233009708,0.602327261955634,0.22290385076388716
100,jacobi80,0.8339505847221228,0.9811623077490698,0.21863299145884382,0.7669902912621359,0.41238708173956795,0.1520274563280902
100,cg5,0.1507151223088477,0.6496737400250888,0.1477248097462548,0.32038834951456313,0.9097285187673152,0.4085524266770937
100,pcg5,0.22618126832844573,0.7500289891738613,0.13383185935878714,0.27184466019417475,0.8110596029135344,0.33296473623903783
100,poisson_pcg5,0.9986977415778556,0.9997997111624132,0.22811473714908598,0.9805825242718447,0.029771827865923594,0.03114612723021161
100,cg10,0.25457489181746656,0.7113521604840665,0.16151752627801985,0.3786407766990291,0.8077588607831535,0.3023317536899047
100,pcg10,0.6331905241935484,0.9359602795610512,0.2035119290460483,0.6407766990291263,0.5580701387576179,0.2188733899430071
100,poisson_pcg10,0.9999984577283456,1.0,0.2281567245119945,1.0,0.00040814555740480824,0.0006166550429285173
100,cg20,0.6219533876332164,0.838735861189294,0.19241801264253156,0.47572815533980584,0.5833369147814236,0.177413696865214
100,pcg20,0.9733048087583148,0.9867387706481979,0.22196085187372153,0.7572815533980582,0.1426328489929863,0.059269829322086624
100,poisson_pcg20,1.0,1.0,0.2281567245119945,1.0,1.5701630226980646e-07,1.846666526742075e-07
100,cg40,0.8204712981009941,0.9367508933936308,0.20856054709547545,0.5631067961165048,0.350794541051712,0.07787229936848308
100,pcg40,0.9953701004935269,0.9982606495683248,0.22747740589765447,0.9223300970873787,0.05613341955874675,0.014972903501708417
100,poisson_pcg40,1.0,1.0,0.2281567245119945,1.0,8.174414934110482e-14,2.2586084890696392e-14
100,cg80,0.9879434142765182,0.9962155951213856,0.22682407903736757,0.8932038834951457,0.0881863857012175,0.02064252527111747
100,pcg80,0.9999996535476718,1.0,0.2281567245119945,1.0,0.00014306341297013663,5.9449251581391434e-05
100,poisson_pcg80,1.0,1.0,0.2281567245119945,1.0,8.152899331171361e-14,2.224231696247661e-14
100,poisson,0.6090369519347686,0.8382404098542108,0.1819316930339654,0.3592233009708738,2.445390276274581,6.7085724552492
100,amg,0.9937220491202345,0.9983449817104667,0.22770055022291896,0.941747572815534,0.1124381065232918,0.05973061148724733
100,oracle,1.0,1.0,0.2281567245119945,1.0,8.094101300817666e-14,2.1746427200049413e-14
101,ensemble,0.3131159810635863,0.667973814869865,0.14379732089463862,0.17475728155339806,,
101,raw,0.2908607663972534,0.6683427679917354,0.15365652237758026,0.20388349514563106,,
101,smoothed,0.4096568557327802,0.7285453759632312,0.14695466047709885,0.18446601941747573,,
101,prediction_magnitude,0.4818081235247835,0.7319608277199752,0.11595555137840595,0.05825242718446602,,
101,boundary_distance,0.4691745975710381,0.7288141846663082,0.1170559371068155,0.07590467784642542,,
101,jacobi1,0.263819189882698,0.6514657980456026,0.1537418584051265,0.24271844660194175,0.9156615104608681,0.49106850268655167
101,jacobi5,0.3399601021028538,0.7686980171405079,0.18119770926897877,0.3300970873786408,0.8232669401543636,0.29596478990165076
101,jacobi10,0.4432932976003147,0.8577633007600435,0.20795335048097136,0.42718446601941745,0.7501010436085233,0.22766841991072026
101,jacobi20,0.54599447464416,0.9194628042545566,0.23329866079878708,0.5728155339805825,0.6570962229071429,0.1659930370501949
101,jacobi40,0.6185131160145911,0.9418740710287468,0.2380103726275491,0.6116504854368932,0.5672136688073718,0.11819681767291092
101,jacobi80,0.6650097118410699,0.9527002097762036,0.24957967118636087,0.6116504854368932,0.4996760569679936,0.08774119898382708
101,cg5,0.2900475757277734,0.6958350463299706,0.17104692058218657,0.30097087378640774,0.8716662123070155,0.29849626458517964
101,pcg5,0.44538497559187457,0.8567091489832707,0.20534573354021607,0.42718446601941745,0.7374424544882345,0.2066712075074254
101,poisson_pcg5,0.9948130386774908,0.9989458482232272,0.2796194772478592,0.941747572815534,0.054007772150952274,0.040388832274099534
101,cg10,0.35147020957013086,0.8079862538608309,0.18780378115704544,0.4077669902912621,0.7914450265411399,0.20397416974944804
101,pcg10,0.6175805892818825,0.940387717023497,0.24256309682281388,0.6504854368932039,0.5753230477023871,0.10527591808601044
101,poisson_pcg10,0.9999977759995708,0.9999894584822323,0.28042780250469573,0.9902912621359223,0.0006609785369213124,0.0006686497860274944
101,cg20,0.5702085643015521,0.9413153705870572,0.22772970052332162,0.5631067961165048,0.6161205191850464,0.12658127005469053
101,pcg20,0.6780866443745082,0.9548401378830524,0.24920842883856578,0.5825242718446602,0.47660926132583986,0.061547477654181885
101,poisson_pcg20,1.0,1.0,0.2804292466075447,1.0,1.5029886587433097e-07,1.4583145786311598e-07
101,cg40,0.7727547095164866,0.9696509703467106,0.2605675409651229,0.6699029126213593,0.38200982672074474,0.054114288805466065
101,pcg40,0.98044781757385,0.9987139348323372,0.27955365109786534,0.941747572815534,0.09595113423894473,0.018616196978668863
101,poisson_pcg40,1.0,1.0,0.2804292466075447,1.0,3.428736365034415e-13,5.336470968014327e-14
101,cg80,0.9709089567985121,0.9971010826138748,0.27835789380048354,0.912621359223301,0.12288649868213568,0.017162317038296435
101,pcg80,0.9999761059652384,0.9999894584822323,0.28042780250469573,0.9902912621359223,0.0024921144188120616,0.0005997245151543371
101,poisson_pcg80,1.0,1.0,0.2804292466075447,1.0,3.428736365034415e-13,5.336470968014327e-14
101,poisson,0.5486156547278449,0.8116019944551617,0.18581864479252605,0.34951456310679613,2.3170068324231434,6.416218191724929
101,amg,0.9803104995172018,0.997206497791552,0.27813733854840844,0.9029126213592233,0.15430489625353339,0.06271377372807228
101,oracle,1.0,1.0,0.2804292466075447,1.0,3.4388502026986533e-13,5.3194150634378415e-14
102,ensemble,0.468729324619126,0.6773663072009107,0.15400929466202495,0.18446601941747573,,
102,raw,0.48584642774122017,0.688529774516935,0.1527579685008436,0.24271844660194175,,
102,smoothed,0.7129383292504112,0.7890853125032943,0.15988877471159293,0.32038834951456313,,
102,prediction_magnitude,0.7187495306129746,0.8645414966846927,0.17870465194896912,0.4854368932038835,,
102,boundary_distance,0.6964723205575458,0.7668479807722716,0.1561850127839841,0.20211827007943514,,
102,jacobi1,0.24202044292253772,0.6397330887701211,0.1531912213989054,0.3106796116504854,0.9849592071409005,0.6144445575611588
102,jacobi5,0.24186697571704455,0.6925144682331362,0.14441270166777753,0.3106796116504854,0.9649702048246485,0.4135657157418123
102,jacobi10,0.2506853497603891,0.7452958476961513,0.14708198671737902,0.3106796116504854,0.9484064797144982,0.356294519530717
102,jacobi20,0.2746031109183892,0.7859544817262789,0.15952048309741407,0.3592233009708738,0.919896848960715,0.3150917671724411
102,jacobi40,0.3437205292003433,0.8505107365358464,0.1685443509779866,0.4174757281553398,0.8694827108806443,0.2819370923826858
102,jacobi80,0.5145299312459767,0.9152251141119299,0.1864434855941784,0.5145631067961165,0.7824676586237498,0.24556165368044416
102,cg5,0.3385875250339746,0.7168232082055175,0.15479249993061275,0.32038834951456313,0.9582111127531742,0.3781877690349564
102,pcg5,0.257389258189686,0.7464027070617627,0.1561923793429327,0.34951456310679613,0.9485877935213404,0.34309219979866734
102,poisson_pcg5,0.9986339608218295,0.9995572562537555,0.21680806133911334,0.9514563106796117,0.04376143880894415,0.03978211949066592
102,cg10,0.28824705180244614,0.7945774432602806,0.16442748448441177,0.36893203883495146,0.9164963493042065,0.31002102818794336
102,pcg10,0.33219574780058647,0.8223016349894058,0.1628815733274961,0.36893203883495146,0.8736089790819472,0.28487547637687005
102,poisson_pcg10,0.9999987818289106,1.0,0.21720432214927046,1.0,0.0004862864115993581,0.0010537049748345951
102,cg20,0.5665413999356268,0.9071081454307791,0.18239155013237396,0.4174757281553398,0.7583761769971448,0.2416546068441126
102,pcg20,0.7722710732422572,0.946090678135838,0.20124072395827788,0.6407766990291263,0.5322814988799944,0.19254187482477858
102,poisson_pcg20,1.0,1.0,0.21720432214927046,1.0,2.71892385966677e-07,4.6667367888588956e-07
102,cg40,0.9409586559437807,0.9944762446897104,0.21499565718973887,0.8640776699029126,0.23815293207869428,0.09883401760000958
102,pcg40,0.9968968264966741,0.9985558120658212,0.21626030759297513,0.9223300970873787,0.05103135155045728,0.026398139916915482
102,poisson_pcg40,1.0,1.0,0.21720432214927046,1.0,4.5922060305662936e-14,3.787019889940215e-14
102,cg80,0.9992419623059866,0.9999683754466968,0.21718555577279525,0.9902912621359223,0.02184584868469496,0.010852321977062483
102,pcg80,0.9999982789142406,1.0,0.21720432214927046,1.0,0.00045688225637417903,0.00031037524485981146
102,poisson_pcg80,1.0,1.0,0.21720432214927046,1.0,3.910297232833036e-14,1.9170949324996306e-14
102,poisson,0.8466330756920105,0.9325659108398427,0.19077019243000592,0.5436893203883495,1.994466381724105,6.900820313792705
102,amg,0.9989394758958586,0.9996521299136649,0.21708520474799045,0.970873786407767,0.04331882057064111,0.044273886445876494
102,oracle,1.0,1.0,0.21720432214927046,1.0,4.345411882276975e-14,2.0749364760394595e-14
103,ensemble,0.32580893265860805,0.7205759885308287,0.165170525303309,0.32038834951456313,,
103,raw,-0.008437198251198054,0.5685883853557235,0.09040330570736504,0.08737864077669903,,
103,smoothed,-0.08173843072741577,0.5585317774053108,0.09289837214767678,0.0970873786407767,,
103,prediction_magnitude,0.7244875858307703,0.9238164510926283,0.22297219172303992,0.5339805825242718,,
103,boundary_distance,0.6887739885319147,0.9172965223532884,0.22740802471835073,0.49669020300088257,,
103,jacobi1,0.12849827444388812,0.6221920032046214,0.1375124124788642,0.23300970873786409,0.9681331091988702,0.4993727124675281
103,jacobi5,0.12467308311279592,0.5806478816820045,0.11851134679617727,0.17475728155339806,0.9272405200484757,0.325525458684566
103,jacobi10,0.17794142496960158,0.6136849983660647,0.1274287058258474,0.21359223300970873,0.8947643595735306,0.2708409510772154
103,jacobi20,0.29388064605536085,0.6892676807606759,0.14489027197755394,0.2524271844660194,0.8428045621954424,0.22786394716887867
103,jacobi40,0.469825399202489,0.8074908025257477,0.18691836840604498,0.4174757281553398,0.7618528229800078,0.193497069624523
103,jacobi80,0.6476622738001573,0.8962714651655546,0.218989809054293,0.5339805825242718,0.6524775431308469,0.1619752103969389
103,cg5,0.07890563532651455,0.5804475928444177,0.12346802684240134,0.1650485436893204,0.9516444763636301,0.35239627447298943
103,pcg5,0.17996175613332377,0.601804707841835,0.12229389008328652,0.20388349514563106,0.8921693978757246,0.2565493011055165
103,poisson_pcg5,0.9970769481796724,0.9993569674161685,0.25854895364721087,0.941747572815534,0.03645317175321749,0.03480430809114384
103,cg10,0.10717896162649308,0.6106279582134235,0.11755616541996818,0.14563106796116504,0.9147804196706404,0.2622026714848213
103,pcg10,0.45155867784850867,0.7910249517725562,0.17487526783410443,0.39805825242718446,0.7661918853308971,0.1903330887679516
103,poisson_pcg10,0.999996468421429,1.0,0.2588930884978959,1.0,0.0006259507061896148,0.0006893839053767463
103,cg20,0.26235664696731276,0.7691934684755911,0.1495942847145979,0.32038834951456313,0.829357654704853,0.20293312950318876
103,pcg20,0.7974097212288104,0.9435607138715832,0.24223657032830015,0.6310679611650486,0.44495150183655835,0.12994927892878366
103,poisson_pcg20,1.0,1.0,0.2588930884978959,1.0,8.510474121368949e-08,1.5470369724383693e-07
103,cg40,0.8114535798583792,0.9667836775138885,0.24267390808062705,0.6699029126213593,0.44482600925252214,0.11814008488379246
103,pcg40,0.9855751108647449,0.9994202165227749,0.2585951472197097,0.9514563106796117,0.08205335055094111,0.031539234629412695
103,poisson_pcg40,1.0,1.0,0.2588930884978959,1.0,7.264147439981863e-14,2.4736739229953526e-14
103,cg80,0.9961268753129247,0.9994202165227749,0.25858710549318237,0.9514563106796117,0.04562843845801387,0.02004486487090596
103,pcg80,0.9999925568628852,1.0,0.2588930884978959,1.0,0.0014477864070116244,0.0007737362802306599
103,poisson_pcg80,1.0,1.0,0.2588930884978959,1.0,7.217898862213299e-14,2.401437501293925e-14
103,poisson,0.7191874687075315,0.9159208542845999,0.21006903031716603,0.47572815533980584,1.7288490119062476,6.891818324975512
103,amg,0.9963550085830769,0.9980181946596671,0.25808255047451073,0.9223300970873787,0.1392751631330593,0.056658682182802546
103,oracle,1.0,1.0,0.2588930884978959,1.0,6.86058472201126e-14,2.3124429149703243e-14
104,ensemble,0.17458821346827835,0.6351791530944625,0.13001761526809452,0.23300970873786409,,
104,raw,0.1888083716293541,0.5407271538956179,0.13539443873972484,0.1650485436893204,,
104,smoothed,0.1915440933230813,0.5181261398016086,0.13889318907183565,0.1941747572815534,,
104,prediction_magnitude,0.2083968197911451,0.6134320019396393,0.06957625651108074,0.009708737864077669,,
104,boundary_distance,0.19216721666121375,0.6166524356176802,0.062025269359503594,0.012356575463371577,,
104,jacobi1,0.18424228640655174,0.5580784921412985,0.14048367588480132,0.14563106796116504,0.9005348829224474,0.5013903908570565
104,jacobi5,0.3171631254023317,0.6632933809809937,0.1562860344769685,0.22330097087378642,0.8074407004376384,0.28652588807331697
104,jacobi10,0.4186784631821757,0.7569547663472587,0.17193945910744288,0.27184466019417475,0.7376321640429745,0.2202168193318624
104,jacobi20,0.5321558387275588,0.8516281374192256,0.18671334738594936,0.3883495145631068,0.6457558126447207,0.1692377692746155
104,jacobi40,0.6433507304556183,0.913201142700526,0.20865786430435648,0.5145631067961165,0.5405464698961652,0.12988489968231362
104,jacobi80,0.7584316550139474,0.9536594878930669,0.2403980376261065,0.6699029126213593,0.4262423490423199,0.09912801625965861
104,cg5,0.2044421223446105,0.5958276672675332,0.1547898988821371,0.21359223300970873,0.8470926794584094,0.2919449315722912
104,pcg5,0.38452900364780773,0.7380432834719542,0.17087047785801732,0.2912621359223301,0.7381610161518746,0.20541758745122563
104,poisson_pcg5,0.9958763902796652,0.9990196388476013,0.26413861818218826,0.9320388349514563,0.04898296019180485,0.03815778234193246
104,cg10,0.3441991922072813,0.7070512212348334,0.17398147865832603,0.32038834951456313,0.7584910263197778,0.2021695834191249
104,pcg10,0.6155360176310707,0.9042724771512602,0.20771832314460484,0.49514563106796117,0.5525653848583807,0.12187875412868945
104,poisson_pcg10,0.9999910034153493,0.9999894584822323,0.2645809986108374,0.9902912621359223,0.0013521146260524564,0.0009515772949580675
104,cg20,0.6509209373435376,0.8881544964844038,0.2151097467078309,0.5145631067961165,0.5436182924164351,0.12128084104794572
104,pcg20,0.8608085973821614,0.9778628126877708,0.25465075258372505,0.7864077669902912,0.29949501818278923,0.06866301800137857
104,poisson_pcg20,1.0,1.0,0.2645825023869258,1.0,2.9755921576047887e-07,3.355200214090222e-07
104,cg40,0.9299695904262929,0.9934537174662408,0.2599073044854525,0.8446601941747572,0.20049438758170166,0.046877557291279764
104,pcg40,0.9981989731600028,0.9994623825938459,0.26434932825162083,0.9611650485436893,0.029544194741130715,0.008186393904761936
104,poisson_pcg40,1.0,1.0,0.2645825023869258,1.0,1.4097823055569043e-13,3.2352582852091014e-14
104,cg80,0.9992197670052213,0.9997259205380391,0.2644981624498622,0.970873786407767,0.01811712244660513,0.0035173894652516732
104,pcg80,0.9999993741506329,1.0,0.2645825023869258,1.0,0.00019152568987946105,4.5679794901389504e-05
104,poisson_pcg80,1.0,1.0,0.2645825023869258,1.0,1.4315580405226858e-13,3.1093914795524e-14
104,poisson,0.6392417164365924,0.9061383257961482,0.20201393330168987,0.4174757281553398,2.3242726393264377,6.837955362189592
104,amg,0.9722607243759386,0.991777616141172,0.26212756920862196,0.8737864077669902,0.15487538302901802,0.049194452196747805
104,oracle,1.0,1.0,0.2645825023869258,1.0,1.4593690839786187e-13,3.136582938363755e-14
105,ensemble,0.17952826603962518,0.6731286170582841,0.12537081765405966,0.1650485436893204,,
105,raw,0.38098252762677914,0.795610512001518,0.1852157945066392,0.3786407766990291,,
105,smoothed,0.42220206217366424,0.8115598283840907,0.17330902025809355,0.32038834951456313,,
105,prediction_magnitude,0.3495953883842357,0.7486480503462889,0.14698138142557354,0.23300970873786409,,
105,boundary_distance,0.322712233097673,0.7455119488103897,0.1682728479133076,0.3314210061782878,,
105,jacobi1,0.37559151705886556,0.7992895017024552,0.20184337309411177,0.42718446601941745,0.8098453320487355,0.49109976398771266
105,jacobi5,0.6028611597882841,0.8679464069236689,0.24067254400305874,0.5339805825242718,0.6258763033839757,0.2510794176939273
105,jacobi10,0.7053357123059866,0.9064229467758768,0.2522933080970693,0.5922330097087378,0.5232723316876077,0.18175010597769384
105,jacobi20,0.7985081650990629,0.9461750102779798,0.26160205762447286,0.6407766990291263,0.41577739667719127,0.13179319940680484
105,jacobi40,0.8624747872112152,0.9680486596460158,0.2731390395022789,0.7281553398058253,0.3196087684293425,0.09485545092083213
105,jacobi80,0.9142351785458837,0.9806141488251479,0.2791190330235783,0.7864077669902912,0.24407264059714873,0.06364176665692492
105,cg5,0.4574498538194693,0.8265920327208711,0.2221804061367821,0.46601941747572817,0.736289797247458,0.2647035061137975
105,pcg5,0.6742315799120234,0.8907687928908005,0.24567279641148138,0.5533980582524272,0.5370310502295135,0.14037526926564026
105,poisson_pcg5,0.9939804578535153,0.9994412995583104,0.29156055766867794,0.9611650485436893,0.057265170156329634,0.0351052317502633
105,cg10,0.5753756213790143,0.8832632322401779,0.2437725777920049,0.5242718446601942,0.6011319389931659,0.16434328521243954
105,pcg10,0.832362972516272,0.9614391280056502,0.2698662864808795,0.7087378640776699,0.3482776292938309,0.07169201306457795
105,poisson_pcg10,0.9999983906730563,1.0,0.29185106747024586,1.0,0.0004990894909174834,0.0003678131512516233
105,cg20,0.8108756861991273,0.964981077975607,0.27902466338701026,0.7475728155339806,0.35436483571582794,0.07977280544367234
105,pcg20,0.9227654607145411,0.9822797086324488,0.27862890739019236,0.7669902912621359,0.23488743812107815,0.02947206592380755
105,poisson_pcg20,1.0,1.0,0.29185106747024586,1.0,1.1723908418522976e-07,7.279529522108941e-08
105,cg40,0.9745669122380373,0.9965634652077207,0.2906645744436887,0.912621359223301,0.10589613866710529,0.018890771574278674
105,pcg40,0.9883107096237752,0.9981868589439508,0.29061719148398557,0.9223300970873787,0.07791025532590998,0.007840029303402078
105,poisson_pcg40,1.0,1.0,0.29185106747024586,1.0,8.907814253302003e-13,8.033693967068832e-14
105,cg80,0.9969523035727057,0.9991883031318849,0.2914974860747858,0.9320388349514563,0.03663821889300326,0.003299566299922995
105,pcg80,0.9999590292182247,1.0,0.29185106747024586,1.0,0.0032142458003391193,0.000550471092395574
105,poisson_pcg80,1.0,1.0,0.29185106747024586,1.0,8.907814253302003e-13,8.033693967068832e-14
105,poisson,0.3702943168407124,0.6958772124010415,0.18009439526887633,0.34951456310679613,3.6628514004557555,6.442921719355429
105,amg,0.9592114297975823,0.992283608994023,0.28900350870582375,0.8640776699029126,0.172987591708255,0.04877107291116352
105,oracle,1.0,1.0,0.29185106747024586,1.0,8.86916612852963e-13,8.006911297082181e-14
106,ensemble,0.1562226973213647,0.6252912094283335,0.12894974531941053,0.20388349514563106,,
106,raw,0.30435867203705025,0.7303058094304418,0.1498076492553925,0.2621359223300971,,
106,smoothed,0.3251693928367069,0.7465924543815818,0.1488211891546379,0.2621359223300971,,
106,prediction_magnitude,0.16503819916314996,0.5634441246850722,0.1252155914274508,0.10679611650485436,,
106,boundary_distance,0.22054355142372545,0.6374824747267112,0.13522859804552637,0.16835834068843777,,
106,jacobi1,0.294205808329161,0.7248453032267586,0.17959569235799333,0.33980582524271846,0.8864917007041467,0.6098872745604692
106,jacobi5,0.41335651956226305,0.7871351317162645,0.21361124607468523,0.4563106796116505,0.7572130867543567,0.3645561469143077
106,jacobi10,0.47350604168156774,0.8550225061404341,0.22983772637780966,0.5048543689320388,0.6785772723231972,0.263430152703518
106,jacobi20,0.5482040581861096,0.9168063417770891,0.24698404249026512,0.5825242718446602,0.59142722517315,0.174963124002408
106,jacobi40,0.6349162032401114,0.9559997048375025,0.2614913421036662,0.6504854368932039,0.4998045811072036,0.11867540853265114
106,jacobi80,0.7192603689829052,0.9781895997385703,0.2750733677389735,0.7475728155339806,0.40411681790308396,0.0839407067357716
106,cg5,0.363139092786639,0.7938500785343073,0.211556662615251,0.46601941747572817,0.7843388071630993,0.307162607385329
106,pcg5,0.4780129729633073,0.8568778132675543,0.24076534825659585,0.5436893203883495,0.6584467034490163,0.22281613495790248
106,poisson_pcg5,0.9945732713146413,0.9994307580405427,0.2920827286880836,0.941747572815534,0.05166922480687743,0.03629045694983321
106,cg10,0.41778055933052,0.850721566891201,0.2293616323093681,0.5339805825242718,0.6741957593691928,0.1686361826287574
106,pcg10,0.5957569312817395,0.9427490170034681,0.25166176092940246,0.6019417475728155,0.5304827658634689,0.10270198085236622
106,poisson_pcg10,0.9999861754345181,1.0,0.2927209587185752,1.0,0.0017641892386962526,0.0007204720482413518
106,cg20,0.5586262606394392,0.9429598473588228,0.25249770695710994,0.6213592233009708,0.5352041048685166,0.09399295013102614
106,pcg20,0.772404300926257,0.9879299621559512,0.2819896657885904,0.8155339805825242,0.3353410824449597,0.055220046351386665
106,poisson_pcg20,1.0,1.0,0.2927209587185752,1.0,6.054316440172018e-07,3.0227791336490373e-07
106,cg40,0.8272480621021385,0.9933483022885635,0.2872405300163674,0.8543689320388349,0.2804152362146661,0.044018360077915576
106,pcg40,0.9890774086259921,0.9987139348323372,0.2921068653039565,0.941747572815534,0.07058264481920273,0.015304925826259268
106,poisson_pcg40,1.0,1.0,0.2927209587185752,1.0,1.9715951625945797e-13,3.382204399031061e-14
106,cg80,0.9944463803554823,0.9998945848223227,0.2926897508030533,0.9805825242718447,0.04288026471318497,0.008169588749302487
106,pcg80,0.9999988377083182,1.0,0.2927209587185752,1.0,0.000276118605889108,6.441578411044687e-05
106,poisson_pcg80,1.0,1.0,0.2927209587185752,1.0,1.9339036294693277e-13,3.285796400113857e-14
106,poisson,0.6114202757313496,0.9472713281258236,0.2641782468232687,0.7087378640776699,4.231966561282056,6.865311102907464
106,amg,0.9766713642622129,0.9995150901826845,0.29201753139994835,0.9514563106796117,0.10509720016261571,0.056714126973169354
106,oracle,1.0,1.0,0.2927209587185752,1.0,1.934778898251329e-13,3.292974474630058e-14
107,ensemble,0.22432495440240327,0.583578423621433,0.11728354138831194,0.1553398058252427,,
107,raw,0.2810498734890208,0.6779671737136713,0.14613088423353005,0.27184466019417475,,
107,smoothed,0.3379743938201845,0.6808450080642611,0.1299646121333353,0.1650485436893204,,
107,prediction_magnitude,0.36002972784493237,0.6529099859797813,0.16263919606590307,0.21359223300970873,,
107,boundary_distance,0.3988289434795843,0.671383995867725,0.10121238964432955,0.06354810238305385,,
107,jacobi1,0.23308409627351404,0.7075150480166135,0.1479644034180469,0.2912621359223301,0.9259458038910959,0.5264597007109146
107,jacobi5,0.2657569089299764,0.802241126677419,0.16921588495637943,0.4077669902912621,0.8461015202681696,0.32484799272376574
107,jacobi10,0.3314621405836492,0.8762742059601741,0.17762902874319997,0.42718446601941745,0.7881264799294497,0.2683777065127465
107,jacobi20,0.44787671661540657,0.931585549687444,0.20643816322545291,0.5339805825242718,0.7044606474550278,0.22196800468097863
107,jacobi40,0.6059050675917316,0.9614285864878825,0.22325655662779945,0.6116504854368932,0.587192315458226,0.18239667261386652
107,jacobi80,0.7763666091481296,0.9783477225050863,0.24255601949956523,0.7378640776699029,0.43492956855770076,0.13973420600528372
107,cg5,0.2631834722122881,0.7417328146906592,0.1700227895646838,0.36893203883495146,0.866634400725748,0.30395458858968283
107,pcg5,0.3152507532544167,0.868947851111603,0.17297582290900934,0.39805825242718446,0.7884553300369654,0.2337067320842216
107,poisson_pcg5,0.9945578150704526,0.9992937183095623,0.2608138133204004,0.9514563106796117,0.052011403834028636,0.04145156253294678
107,cg10,0.31517900409484295,0.8259911662081106,0.19135964091913069,0.47572815533980584,0.7706643703362277,0.20570812799242205
107,pcg10,0.5552405943780845,0.9566638204568694,0.2215861435671914,0.6019417475728155,0.6030980317703828,0.15206527762636227
107,poisson_pcg10,0.9999932944710679,1.0,0.26118384842516307,1.0,0.001473673553842568,0.001233651486722908
107,cg20,0.5972943526035334,0.9389646121248537,0.2300943547780058,0.6213592233009708,0.5666160809102647,0.12611104006218168
107,pcg20,0.9148307077462269,0.979096170266595,0.252090965632281,0.7475728155339806,0.2350005691561594,0.06284220189607637
107,poisson_pcg20,1.0,1.0,0.26118384842516307,1.0,1.2600163735243024e-06,6.065092301313384e-07
107,cg40,0.9071808168228308,0.978400430093925,0.24985545750068083,0.7572815533980582,0.25769766537087385,0.04783193263928951
107,pcg40,0.9925548847543094,0.9988825991166208,0.2605355296295689,0.941747572815534,0.06544470372424882,0.011424433877224159
107,poisson_pcg40,1.0,1.0,0.26118384842516307,1.0,5.393894905567555e-14,5.811527700205472e-14
107,cg80,0.9931645402689364,0.9993358843806331,0.2608469649117091,0.9611650485436893,0.05650513506280115,0.01026033612604078
107,pcg80,0.9999866783491882,1.0,0.26118384842516307,1.0,0.001995275177255078,0.0005622360659780345
107,poisson_pcg80,1.0,1.0,0.26118384842516307,1.0,3.940300024464061e-14,1.4678024556886952e-14
107,poisson,0.6934831311243831,0.930341650590852,0.20507990571547258,0.5339805825242718,2.7275749043235304,6.770650555255029
107,amg,0.9942282942028464,0.9993253428628653,0.2607195313888035,0.941747572815534,0.0935647602511261,0.03913046863560688
107,oracle,1.0,1.0,0.26118384842516307,1.0,3.9501671203304725e-14,1.4380510815234848e-14
108,ensemble,0.1627164991774551,0.5758514910976883,0.11313101890359788,0.13592233009708737,,
108,raw,0.3235730410914813,0.8011026427585044,0.14973980743205223,0.2621359223300971,,
108,smoothed,0.36386064122738,0.7898653848181061,0.15184091060963298,0.27184466019417475,,
108,prediction_magnitude,0.24167931031399756,0.6596565573511274,0.12340531445092634,0.18446601941747573,,
108,boundary_distance,0.24065042638941997,0.6737452958476962,0.13524444171678895,0.20785525154457193,,
108,jacobi1,0.2434083085973821,0.7494070396255653,0.14893159192539585,0.2912621359223301,0.863525598270121,0.5273819170425983
108,jacobi5,0.3441666145125527,0.8414344897378324,0.17977333902050638,0.4368932038834951,0.7582974792536981,0.2880133293578766
108,jacobi10,0.4260431679600887,0.8848022938342662,0.20170173622452814,0.5242718446601942,0.7004895564457158,0.20862557620869476
108,jacobi20,0.5101551771153708,0.9273373180270496,0.22242503516021755,0.6116504854368932,0.6309428137326788,0.14702633495230372
108,jacobi40,0.5964868839854087,0.9531534950402158,0.24164356992126276,0.6990291262135923,0.5497368661539759,0.10169690225231658
108,jacobi80,0.6773214764680637,0.9698407176665296,0.2544210228971175,0.7572815533980582,0.46355444812322294,0.07067321564611734
108,cg5,0.35466184017595304,0.8699282122640017,0.20013381940311187,0.5048543689320388,0.771622280687012,0.25049206808964497
108,pcg5,0.4124899081789571,0.8824199108187597,0.19870593196141734,0.49514563106796117,0.7019968838171411,0.18816318486101846
108,poisson_pcg5,0.9913528181102925,0.9997048375025036,0.2771805477886321,0.970873786407767,0.06751882057637701,0.03988682738463016
108,cg10,0.4187910937164723,0.9267891591031276,0.22852609952579148,0.6310679611650486,0.677271208141723,0.1441761276800004
108,pcg10,0.5823563340426292,0.9486733499889314,0.24016482408451784,0.6796116504854369,0.5705692507497645,0.09894913288006227
108,poisson_pcg10,0.9999850801981258,1.0,0.2776217939355812,1.0,0.0022311928882541594,0.0010705962609484905
108,cg20,0.5510019513089193,0.9680381181282481,0.24787684386643163,0.7087378640776699,0.5453744023932413,0.07993190720704116
108,pcg20,0.7353956820864029,0.9764291662713598,0.2590511842070343,0.7864077669902912,0.4061301077820641,0.05292230182307231
108,poisson_pcg20,1.0,1.0,0.2776217939355812,1.0,1.0287381221124665e-06,5.465536888155003e-07
108,cg40,0.7764453097060294,0.9883937889377312,0.2662413125655575,0.8155339805825242,0.3554338812814165,0.039609817690175284
108,pcg40,0.9647322035262139,0.9966372558320947,0.2757308071296241,0.9320388349514563,0.14603800488154733,0.019939195807378896
108,poisson_pcg40,1.0,1.0,0.2776217939355812,1.0,1.8777716064049784e-13,4.140702882835764e-14
108,cg80,0.9988317068700379,1.0,0.2776217939355812,1.0,0.02100854524102784,0.004488201637561089
108,pcg80,0.9999938644410269,1.0,0.2776217939355812,1.0,0.0009883733889791482,0.00023614772696370386
108,poisson_pcg80,1.0,1.0,0.2776217939355812,1.0,2.0939840448439718e-13,3.1532566864734896e-14
108,poisson,0.6018965806272799,0.9275059823113332,0.23189469797193116,0.6310679611650486,3.949698431691213,6.833137220405142
108,amg,0.9800352599063015,0.9975649093956548,0.2767212895495853,0.9320388349514563,0.09975592790737728,0.04856241962512506
108,oracle,1.0,1.0,0.2776217939355812,1.0,2.083338985770258e-13,3.126430551899457e-14
109,ensemble,0.20285073269079462,0.6247746750577148,0.1439107438013561,0.17475728155339806,,
109,raw,0.3250344887704742,0.7701843711457576,0.205186337610379,0.4174757281553398,,
109,smoothed,0.3987151088977898,0.8432687138294171,0.17927842081785833,0.3106796116504854,,
109,prediction_magnitude,0.11506404897718331,0.4876400704173387,0.08577524023736426,0.02912621359223301,,
109,boundary_distance,0.24261908038995825,0.6239049998418772,0.12061205913637453,0.06090026478375993,,
109,jacobi1,0.1998374468028038,0.6459631257708485,0.15620926913335798,0.27184466019417475,0.9407123052174221,0.5288053404201988
109,jacobi5,0.2612230549495744,0.6613221171584285,0.16235352133281017,0.3106796116504854,0.878542386849705,0.3695070287985429
109,jacobi10,0.290887510281811,0.7045317984883464,0.16417861394462716,0.3106796116504854,0.831193875473852,0.3155223449247009
109,jacobi20,0.3547591709284028,0.7902975870465829,0.18613518237588178,0.3786407766990291,0.7628024761368026,0.2545442038386601
109,jacobi40,0.44226785458836987,0.8850763732962272,0.22202690605289904,0.47572815533980584,0.6734714223808378,0.187013054964123
109,jacobi80,0.5370777416672627,0.9383742871298609,0.23942024638340623,0.5242718446601942,0.5720595403104032,0.1253469466528852
109,cg5,0.23858357994778626,0.7180143997132707,0.18808791722850499,0.4077669902912621,0.8749611084959699,0.36987710370027044
109,pcg5,0.27077613144624846,0.7061024846357379,0.1672911718361054,0.3300970873786408,0.8240414915078134,0.30334039712778144
109,poisson_pcg5,0.9895392631070739,0.9991883031318849,0.29947741358937,0.9514563106796117,0.07859744834935195,0.040731806376201274
109,cg10,0.36128273415707024,0.8709085734164005,0.2290111991216654,0.6019417475728155,0.746808392683647,0.26529914431684637
109,pcg10,0.41238108862027034,0.8724265519749533,0.21278786524702706,0.44660194174757284,0.6837468008330884,0.17355341036471308
109,poisson_pcg10,0.9999937526822115,0.9999894584822323,0.30028295202079175,0.9902912621359223,0.0011163819227814865,0.0009306549158138671
109,cg20,0.5307925152886059,0.9746476497686137,0.28353379437004544,0.7961165048543689,0.5168116368881694,0.14459900466284606
109,pcg20,0.5861014613582719,0.9522785490654945,0.2593116076739156,0.5922330097087378,0.5155478604036303,0.09618800494295149
109,poisson_pcg20,1.0,1.0,0.30028492480566643,1.0,2.568885063407748e-07,2.3318872141393336e-07
109,cg40,0.8478883730598669,0.9966267143143269,0.2960215166152326,0.9029126213592233,0.2579558397078375,0.056721217926519116
109,pcg40,0.9961273558758313,0.9998313357157164,0.30028152067144087,0.9902912621359223,0.037789473827943,0.014320127579462586
109,poisson_pcg40,1.0,1.0,0.30028492480566643,1.0,4.570326247619452e-14,2.456365260822181e-14
109,cg80,0.9918235015378012,0.9999051263400904,0.3001309142061116,0.9805825242718447,0.05423139213251381,0.010698481214513387
109,pcg80,0.999999798834132,1.0,0.30028492480566643,1.0,5.0801889928136585e-05,1.537329364588869e-05
109,poisson_pcg80,1.0,1.0,0.30028492480566643,1.0,4.6325168361444596e-14,2.4354668868146024e-14
109,poisson,0.7095620730813247,0.9775992747435776,0.277222370160438,0.7669902912621359,2.5097180898351232,6.434479370629014
109,amg,0.977329500751019,0.9988404330455499,0.2997350299817905,0.9611650485436893,0.10138710045280226,0.04527256506348211
109,oracle,1.0,1.0,0.30028492480566643,1.0,4.5961049735759145e-14,2.392365396931269e-14
110,ensemble,0.21854152510550026,0.6063164774464227,0.12277513838750087,0.13592233009708737,,
110,raw,0.3762328338459337,0.8089244489421586,0.18132791201157167,0.33980582524271846,,
110,smoothed,0.4053265369072312,0.8371335504885994,0.17395400883316162,0.3106796116504854,,
110,prediction_magnitude,0.14416983316644014,0.5627800090657052,0.09014023556125333,0.04854368932038835,,
110,boundary_distance,0.12425192979597512,0.5687517788811233,0.0919542304756725,0.05185348631950574,,
110,jacobi1,0.3527186337708318,0.8045075529974806,0.2005816614785826,0.44660194174757284,0.7969673411612755,0.4861543144816875
110,jacobi5,0.5522512137007366,0.9080674235476424,0.23870104657176905,0.6116504854368932,0.6022393424218873,0.2427467724787165
110,jacobi10,0.6784919041914026,0.9331035282459968,0.2547435448369782,0.6893203883495146,0.5050625931018805,0.16169750104681352
110,jacobi20,0.7699652877118947,0.950591906222658,0.2619385449512463,0.7378640776699029,0.419186895375235,0.1036292916097861
110,jacobi40,0.8360672296330733,0.9615234601477921,0.2648807069465677,0.7572815533980582,0.35644815442412864,0.07416543129153723
110,jacobi80,0.880815090569344,0.9707367466767866,0.26970957261397244,0.7961165048543689,0.30283930617295,0.0584679368552085
110,cg5,0.43356503916028893,0.8780768054984557,0.22209747099437244,0.5242718446601942,0.717932892731139,0.2717401380396352
110,pcg5,0.6595843577891424,0.9332721925302805,0.2523256407722992,0.6893203883495146,0.5039120242744263,0.13973490418563106
110,poisson_pcg5,0.9873817591731634,0.9972802884159261,0.2812912352391188,0.912621359223301,0.08409241672869336,0.03452757865854839
110,cg10,0.5573540206351477,0.925998545270548,0.24673146532185825,0.6213592233009708,0.5704064910232515,0.15373650728801774
110,pcg10,0.8046527206566053,0.9559469972486638,0.26201581430142146,0.7378640776699029,0.3835220932839239,0.0630571128969965
110,poisson_pcg10,0.9999982006830699,1.0,0.282469810946947,1.0,0.0005447374795782536,0.00035462660675877753
110,cg20,0.7754624579786852,0.9705997069458061,0.26403368118042037,0.7281553398058253,0.38139410667540613,0.07066726443261372
110,pcg20,0.8780973061655104,0.9736462055806795,0.2694530903946402,0.7864077669902912,0.28658278111585295,0.034134268544267696
110,poisson_pcg20,1.0,1.0,0.282469810946947,1.0,8.96425378211691e-08,6.856958418671036e-08
110,cg40,0.9267896050890494,0.9909132116842183,0.2774710492107254,0.8446601941747572,0.19729455140463412,0.02764039328897036
110,pcg40,0.9880082120377655,0.999609963842594,0.2818997240211371,0.9611650485436893,0.07125547270880489,0.007966687637442595
110,poisson_pcg40,1.0,1.0,0.282469810946947,1.0,2.708875553538938e-13,3.605922124536347e-14
110,cg80,0.9985635974715685,0.9997048375025036,0.282358119567117,0.970873786407767,0.024015035710149173,0.003245377198939947
110,pcg80,0.9999959878585222,1.0,0.282469810946947,1.0,0.000754166816015997,0.00016484003603180078
110,poisson_pcg80,1.0,1.0,0.282469810946947,1.0,2.708875553538938e-13,3.605922124536347e-14
110,poisson,0.5067781609863385,0.8658697279234264,0.1969058228682765,0.42718446601941745,3.8198994549617398,7.040168835885353
110,amg,0.9859327949538658,0.9978706134109189,0.2809068656981893,0.912621359223301,0.12055529931721862,0.04302902504221068
110,oracle,1.0,1.0,0.282469810946947,1.0,2.6514993026322896e-13,3.5590617503699974e-14
111,ensemble,0.1775763871504184,0.6970684039087948,0.1762378813682744,0.32038834951456313,,
111,raw,0.21995997916815677,0.7108777921845187,0.20322138375867121,0.33980582524271846,,
111,smoothed,0.32224089836206277,0.8898833053983113,0.23634927523912483,0.49514563106796117,,
111,prediction_magnitude,-0.14614150454187824,0.459315012175453,0.05751676392936342,0.0,,
111,boundary_distance,-0.18361573840501158,0.4430968870898032,0.06044844280903668,0.0013239187996469549,,
111,jacobi1,0.22169443128173943,0.701327177086957,0.21091446224961063,0.3592233009708738,0.9104224069297667,0.6847717923352442
111,jacobi5,0.4403365728488663,0.7907824968638985,0.24658090811953698,0.4854368932038835,0.758263960466515,0.46306231999202646
111,jacobi10,0.5629293214898792,0.8449131906011828,0.2745077811323155,0.5631067961165048,0.6468701453368165,0.37859819505673453
111,jacobi20,0.7080738256383663,0.9118729114617923,0.2974890452564997,0.6796116504854369,0.5008600150724283,0.298759886331182
111,jacobi40,0.8430616998068806,0.9720333533622171,0.3157004152441909,0.8058252427184466,0.3370600596061238,0.22657340232790898
111,jacobi80,0.9155861638116013,0.989679854105394,0.32216865095964003,0.8737864077669902,0.21274080003476376,0.17684080871610044
111,cg5,0.266409178080967,0.7286191665876053,0.22823702580427968,0.39805825242718446,0.8417690642321036,0.35762709716081414
111,pcg5,0.563070528753308,0.8456616383626915,0.2777536507322751,0.5922330097087378,0.6280435296485163,0.23607421433634923
111,poisson_pcg5,0.9963873292325297,0.9999051263400904,0.32740228755070466,0.9805825242718447,0.044271399080770726,0.0374321431145975
111,cg10,0.4242928460946999,0.8193500100144419,0.26348990480973217,0.5145631067961165,0.6834556065547113,0.23186460789175775
111,pcg10,0.8365173382626422,0.97990786713471,0.3190017599728612,0.8252427184466019,0.30606519157635587,0.0925551601289944
111,poisson_pcg10,0.9999994970853301,1.0,0.32758829592065486,1.0,0.00021472941126592053,0.00036361669584193023
111,cg20,0.6849106152993348,0.9584453369596154,0.30501900017449796,0.7475728155339806,0.4281080081349999,0.10917781350081086
111,pcg20,0.926312003790859,0.9947397826339036,0.32258406663997047,0.8932038834951457,0.17950026344917125,0.02920512507088717
111,poisson_pcg20,1.0,1.0,0.32758829592065486,1.0,3.804388309978714e-08,4.504434748418063e-08
111,cg40,0.8889088875080464,0.9951825263801483,0.32314805460389473,0.9029126213592233,0.20033980776115318,0.0344620412237274
111,pcg40,0.9830279151169443,0.9995783392892909,0.32734307979664856,0.970873786407767,0.06966672467515952,0.009076637472868875
111,poisson_pcg40,1.0,1.0,0.32758829592065486,1.0,2.937699757488874e-13,4.125685192141412e-14
111,cg80,0.9928109353765823,0.9999051263400904,0.32755153764425116,0.9805825242718447,0.04299041006971176,0.005278049801155313
111,pcg80,0.9999986253665688,1.0,0.32758829592065486,1.0,0.00025834536406028533,6.896769388678765e-05
111,poisson_pcg80,1.0,1.0,0.32758829592065486,1.0,2.937699757488874e-13,4.125685192141412e-14
111,poisson,0.6321169690115156,0.9544395602078787,0.2938337942632825,0.7378640776699029,2.22711089018806,6.531789365874738
111,amg,0.9812795937343537,0.9980076531418993,0.3268652137031935,0.941747572815534,0.09516226429289108,0.05380418445576388
111,oracle,1.0,1.0,0.32758829592065486,1.0,2.9803623481008025e-13,4.159482817138953e-14
112,ensemble,0.278511517863529,0.6867271749786534,0.13195789350706805,0.23300970873786409,,
112,raw,0.3243356050175238,0.8276672675331794,0.17012741207457388,0.34951456310679613,,
112,smoothed,0.41842825754595514,0.8454402664895692,0.1935070939789957,0.42718446601941745,,
112,prediction_magnitude,0.4656561695336527,0.7155476845556223,0.11590272097058,0.06796116504854369,,
112,boundary_distance,0.43980374831776065,0.7761245164078724,0.15793567876717607,0.28045013239188,,
112,jacobi1,0.2881162157570989,0.7682763564297987,0.16339066953895773,0.3300970873786408,0.9231145577821703,0.5269413410208369
112,jacobi5,0.30859544873399614,0.7550467516312999,0.18883894100809043,0.4077669902912621,0.8435818781477347,0.32556865614641756
112,jacobi10,0.37896961724840855,0.7577770047331415,0.2028723925179783,0.4368932038834951,0.7873085549500302,0.2627408727742645
112,jacobi20,0.5001049527036692,0.8024203324794704,0.21955437312412043,0.4854368932038835,0.711331971942426,0.2116101591153084
112,jacobi40,0.6134612152206566,0.8477066928096307,0.24188175834887338,0.5728155339805825,0.6102757146860996,0.16473406185225992
112,jacobi80,0.7282322661111508,0.9086155824715643,0.2584065415083784,0.6213592233009708,0.4772560544287488,0.11647949505485435
112,cg5,0.2954790094592661,0.7789865384818107,0.1861486086644175,0.36893203883495146,0.8631141030015805,0.29516764656468897
112,pcg5,0.3796579733209355,0.7575345498244838,0.2025447340912048,0.4368932038834951,0.7828744995813642,0.2369558722479394
112,poisson_pcg5,0.9941681456083256,0.9977019491266352,0.2865030629155768,0.912621359223301,0.06548509272640732,0.035900496849501494
112,cg10,0.3803503750625849,0.8431843816872754,0.21613052962463344,0.46601941747572817,0.7529407414253418,0.20635284123697212
112,pcg10,0.5963444250232458,0.8281627188682626,0.23043267153304942,0.5631067961165048,0.6157815156210569,0.15268347618119707
112,poisson_pcg10,0.9999922104105571,0.9999894584822323,0.28755075685279247,0.9902912621359223,0.0013504487003881045,0.0011357206172765714
112,cg20,0.636237281846792,0.965212991366497,0.26261379340390306,0.6504854368932039,0.5143938959481358,0.1148879255985883
112,pcg20,0.8547456481117229,0.9523945057609394,0.2671097862532978,0.6601941747572816,0.29604993164721505,0.063214694318322
112,poisson_pcg20,1.0,1.0,0.28755143999199145,1.0,3.7250058524246433e-07,3.988080318688096e-07
112,cg40,0.8644755829339817,0.9849994202165228,0.27804591889152797,0.7766990291262136,0.27391247264372204,0.04248272021426894
112,pcg40,0.9678981407803448,0.9930425982732994,0.2845614775817643,0.8737864077669902,0.13474656756195086,0.01981359969788862
112,poisson_pcg40,1.0,1.0,0.28755143999199145,1.0,4.741722881517904e-14,2.2916660769701206e-14
112,cg80,0.9921698532830269,0.9990090973298336,0.2870754767578587,0.9514563106796117,0.05888193761626904,0.009922877133869324
112,pcg80,0.999999396502396,1.0,0.28755143999199145,1.0,0.0001350833017371656,4.120673251222132e-05
112,poisson_pcg80,1.0,1.0,0.28755143999199145,1.0,4.1757477573028533e-14,1.5484384872369838e-14
112,poisson,0.45054978631714465,0.8872900920274501,0.25815095596628185,0.6796116504854369,3.3111151620710926,7.060763275446851
112,amg,0.987555342965453,0.9971537902027134,0.28698679712090347,0.941747572815534,0.13998178684205825,0.061322962870560396
112,oracle,1.0,1.0,0.28755143999199145,1.0,3.92885585716169e-14,1.514768990428541e-14
113,ensemble,0.09289883368500107,0.5826191455045697,0.11054042522891018,0.18446601941747573,,
113,raw,0.2514905496745583,0.6615224059960153,0.1387333291428489,0.17475728155339806,,
113,smoothed,0.20210026106859305,0.6307833401853199,0.11183112596696292,0.11650485436893204,,
113,prediction_magnitude,0.12419285548244044,0.5926757534549825,0.10200094224179397,0.07766990291262135,,
113,boundary_distance,0.12557145664875005,0.5957380643665074,0.083631749097316,0.06928508384819065,,
113,jacobi1,0.23653040286817825,0.6325543151702983,0.15549691918887534,0.22330097087378642,0.8535244596820595,0.47029782678956805
113,jacobi5,0.40671173154638435,0.7094968533569463,0.18143702742782494,0.2912621359223301,0.7292372341559061,0.25693227588474354
113,jacobi10,0.49798882188327004,0.7755816282428344,0.2026231890148357,0.3883495145631068,0.6565409574848802,0.19451328095207956
113,jacobi20,0.6045378437701164,0.835520698270137,0.21240143226603422,0.46601941747572817,0.573389962419948,0.1498521522506447
113,jacobi40,0.7167944777734067,0.8948272772313758,0.22924433671772237,0.5631067961165048,0.4768349107839561,0.11773384141911153
113,jacobi80,0.846230397503755,0.9464490897399408,0.24478436374120818,0.6893203883495146,0.3579487377573432,0.08676574562983766
113,cg5,0.3231717151848938,0.6823946111761171,0.18032806122006695,0.3106796116504854,0.7838373436290822,0.23768962323046988
113,pcg5,0.46981668201487725,0.7564276904588723,0.19853733849651362,0.36893203883495146,0.6587911579270458,0.15842159072110726
113,poisson_pcg5,0.9943952059938488,0.9985558120658212,0.26286432217017003,0.9320388349514563,0.06158785437338142,0.03883179405850483
113,cg10,0.44270752494456755,0.7441468222594689,0.19491281933129706,0.34951456310679613,0.6923905874660833,0.14552274108019084
113,pcg10,0.6651733043952507,0.8721524725129924,0.22439004119616615,0.5339805825242718,0.5129580905874918,0.09143751910185519
113,poisson_pcg10,0.9999922215864385,1.0,0.26364834381618535,1.0,0.0012913695359496155,0.0008007242767477529
113,cg20,0.6937741510800371,0.8895354353119762,0.2247810378205051,0.47572815533980584,0.4989783613592655,0.08311451124270239
113,pcg20,0.9571474791681568,0.988056460369164,0.2557798748723517,0.8252427184466019,0.1825085836866788,0.04241651728632929
113,poisson_pcg20,1.0,1.0,0.26364834381618535,1.0,1.1021099946077593e-06,4.6208531270801024e-07
113,cg40,0.900353828409985,0.9808249791805024,0.25527578780625143,0.8058252427184466,0.2467189579916925,0.03153117839698368
113,pcg40,0.9976860337243401,0.9994940071471491,0.2635183153096971,0.970873786407767,0.034335439689720984,0.005231638925304868
113,poisson_pcg40,1.0,1.0,0.26364834381618535,1.0,1.5052316672660847e-13,7.09880728910117e-14
113,cg80,0.9916175859201773,0.9990618049186721,0.2634159683460258,0.9611650485436893,0.0604232369960297,0.007413311532988942
113,pcg80,0.9999964460696659,1.0,0.26364834381618535,1.0,0.0008112628987937231,0.00017388028734643547
113,poisson_pcg80,1.0,1.0,0.26364834381618535,1.0,8.930649587069414e-14,2.007056577475769e-14
113,poisson,0.4988999356269222,0.8356261134478142,0.173082863054809,0.2912621359223301,3.229473640363435,6.988085090956638
113,amg,0.9824486132966166,0.9974594942179775,0.26183175678217735,0.9223300970873787,0.10245905397175828,0.04448541469898491
113,oracle,1.0,1.0,0.26364834381618535,1.0,9.117085096647164e-14,1.999296392642722e-14
114,ensemble,0.19939935224590516,0.6537743904367351,0.1445648681974182,0.2815533980582524,,
114,raw,0.2767174647736213,0.7012428449448151,0.13910268887687102,0.24271844660194175,,
114,smoothed,0.3737503911558543,0.7867556370766263,0.14046522124091673,0.23300970873786409,,
114,prediction_magnitude,0.3119081364888062,0.6886878972834509,0.1158640593805981,0.05825242718446602,,
114,boundary_distance,0.4116010945606309,0.7377533917333418,0.15789629773569608,0.25198587819947044,,
114,jacobi1,0.26693722730849007,0.7125433519918197,0.16081538411521726,0.33980582524271846,0.890952117240395,0.5780945820815554
114,jacobi5,0.39398876153350976,0.8169254609278644,0.1784083807369498,0.3786407766990291,0.7555073794164436,0.3371127473216651
114,jacobi10,0.47585031694800073,0.8609573806436651,0.1994964628580038,0.4174757281553398,0.6696882734729181,0.2323101716812305
114,jacobi20,0.5494664969422787,0.8822828710877793,0.2052594156691038,0.44660194174757284,0.5829086327521628,0.1485215036382779
114,jacobi40,0.6466772427759101,0.9041038128669766,0.21183779869511288,0.46601941747572817,0.501377311777225,0.10516524633024091
114,jacobi80,0.7578285373900292,0.9329454054794809,0.22519068080270424,0.5436893203883495,0.40721502920767033,0.08171264751090832
114,cg5,0.3350204183355983,0.796074338783298,0.17108531971925528,0.3883495145631068,0.8061753593195143,0.33161897464506956
114,pcg5,0.44796678304484655,0.8501312418962083,0.19720113879082674,0.4077669902912621,0.6442353927824819,0.19823639097259907
114,poisson_pcg5,0.9930189855875832,0.9987244763501049,0.2546988844022592,0.9611650485436893,0.06902410306866721,0.037266037098660526
114,cg10,0.4827809840140189,0.8776551447877465,0.19796038922516826,0.49514563106796117,0.6749179914064138,0.20783543329541246
114,pcg10,0.5852375768900651,0.8870265540832569,0.20592121492768342,0.42718446601941745,0.5419098292365023,0.10114368506977696
114,poisson_pcg10,0.9999943673556969,1.0,0.2550448972333842,1.0,0.0012416448971433996,0.0007757465533710033
114,cg20,0.6697995829161004,0.9344317594847306,0.22369170662315846,0.5728155339805825,0.4856068031920742,0.10215775295631922
114,pcg20,0.8481197473356697,0.9530797044158418,0.23590401341937084,0.6310679611650486,0.30712657832311674,0.062109686670041846
114,poisson_pcg20,1.0,1.0,0.2550448972333842,1.0,1.6942933224633046e-07,1.560476847909455e-07
114,cg40,0.900574183266576,0.9798129934748006,0.24092959297200836,0.7087378640776699,0.25259929746416665,0.04575302337432681
114,pcg40,0.9936883873649952,0.9993253428628653,0.25467053718801375,0.9611650485436893,0.05873181080927293,0.009826186908845489
114,poisson_pcg40,1.0,1.0,0.2550448972333842,1.0,1.8317143772922025e-13,3.125915115058881e-14
114,cg80,0.9898516737000214,0.9990828879542076,0.2544010204526396,0.9514563106796117,0.07157719430964432,0.009655522619349112
114,pcg80,0.999998971818897,1.0,0.2550448972333842,1.0,0.00028252221201849337,0.00011631921579465918
114,poisson_pcg80,1.0,1.0,0.2550448972333842,1.0,1.8543417719622464e-13,3.080793883351538e-14
114,poisson,0.5495143632429725,0.9037454012628738,0.20148275145501465,0.5048543689320388,3.8172361712981964,6.730944291554263
114,amg,0.9939201975001789,0.9990196388476013,0.25456397091156463,0.9514563106796117,0.0996682249411455,0.05194297710490989
114,oracle,1.0,1.0,0.2550448972333842,1.0,1.8021720968243153e-13,3.005241739975035e-14
115,ensemble,0.32415594154566907,0.6617754024224408,0.15321135484453266,0.22330097087378642,,
115,raw,0.4259088673914598,0.7781115925070892,0.18890183970025543,0.3106796116504854,,
115,smoothed,0.6086481094878763,0.8462414218399165,0.18533899152047784,0.3106796116504854,,
115,prediction_magnitude,0.5772229834239325,0.7294941125623268,0.17473239666132703,0.21359223300970873,,
115,boundary_distance,0.5638335279905728,0.7201279740257002,0.20128967411365736,0.35348631950573695,,
115,jacobi1,0.34490126108647445,0.6939375731317795,0.18266922321361823,0.3106796116504854,0.9281040100624426,0.5083933965477946
115,jacobi5,0.36423179225377295,0.756944224829491,0.18309530075566227,0.33980582524271846,0.8599705509478595,0.29856509048928087
115,jacobi10,0.4222479726950862,0.810927337318027,0.18732720781935394,0.34951456310679613,0.8225925568007707,0.22937479569663966
115,jacobi20,0.4617864423145697,0.8599875610090341,0.19533973308711336,0.39805825242718446,0.7794612854611785,0.18516333839199114
115,jacobi40,0.4997493696802804,0.8991703825516798,0.21019586281997532,0.4563106796116505,0.7275241877463938,0.15634711536688103
115,jacobi80,0.5556485364065518,0.935580784921413,0.22189672649601688,0.5242718446601942,0.658453518920606,0.12568166842742282
115,cg5,0.3665819125062585,0.8068793944952194,0.17805453893669448,0.3106796116504854,0.8903365903452102,0.2674293260285361
115,pcg5,0.4172126457334954,0.8014821373981426,0.18389366311452035,0.34951456310679613,0.8169451412662759,0.19280195814631773
115,poisson_pcg5,0.9979364069987839,0.9987877254567112,0.2919271716527562,0.941747572815534,0.046957890370999796,0.0394376009872718
115,cg10,0.3877671929761819,0.8494249602057704,0.18228884869576936,0.33980582524271846,0.8356984771971095,0.1812170470702643
115,pcg10,0.47301343117445094,0.877560271127837,0.21008552578169012,0.4563106796116505,0.7437993433932584,0.1398977861337642
115,poisson_pcg10,0.9999979659895571,1.0,0.2923818656071143,1.0,0.0006001342476588646,0.0005249529753723292
115,cg20,0.5216277671482726,0.9153516123251426,0.21855751945019544,0.5048543689320388,0.7039153437992834,0.11619930296022743
115,pcg20,0.562891099974966,0.9445305335062142,0.22863796299965225,0.5825242718446602,0.5828216525545055,0.07525844740748368
115,poisson_pcg20,0.9999999888241183,1.0,0.2923818656071143,1.0,1.4108591506769448e-07,1.391154604922142e-07
115,cg40,0.6524353251734497,0.9700620895396519,0.25080572560301134,0.6601941747572816,0.5026473963547027,0.06376207352736782
115,pcg40,0.9541040966311422,0.9977441151977061,0.2905610216998409,0.912621359223301,0.14543099975789317,0.0278234232413826
115,poisson_pcg40,1.0,1.0,0.2923818656071143,1.0,3.2020599136416324e-13,4.901731630160475e-14
115,cg80,0.9926823009799013,0.9998735017867872,0.2922801009854998,0.970873786407767,0.04526606954242354,0.011691161890544921
115,pcg80,0.9999986253665688,1.0,0.2923818656071143,1.0,0.0004174038172975794,9.101081608736439e-05
115,poisson_pcg80,1.0,1.0,0.2923818656071143,1.0,3.1969393185510203e-13,4.867749137728859e-14
115,poisson,0.4688030519097346,0.7090646511284695,0.17833687942147797,0.2912621359223301,2.501570476327004,6.814026928917316
115,amg,0.986772517166154,0.9991988446496527,0.29215055998422995,0.970873786407767,0.12942028172798653,0.05076937558059105
115,oracle,1.0,1.0,0.2923818656071143,1.0,3.117812765643827e-13,4.716333740345919e-14
116,ensemble,0.16615836894714253,0.6528361953554073,0.13626746899031073,0.23300970873786409,,
116,raw,0.3020346698197553,0.7739160684355334,0.16942129381609283,0.30097087378640774,,
116,smoothed,0.2880686288534439,0.7693515912421071,0.16254539581341018,0.2912621359223301,,
116,prediction_magnitude,0.24847269285101206,0.6531840654417423,0.11837086041824671,0.1650485436893204,,
116,boundary_distance,0.28333807599540145,0.6662397351970737,0.13205832615340932,0.2071932921447485,,
116,jacobi1,0.30081817511265285,0.7249085523333649,0.18780139225208137,0.33980582524271846,0.8765841912945677,0.5800194898355349
116,jacobi5,0.44751554565124096,0.8081232935918113,0.21497631308795767,0.4174757281553398,0.7262008682057377,0.3477578260306521
116,jacobi10,0.5581969726772047,0.8613684998366065,0.23285235609537394,0.5242718446601942,0.6318072016358542,0.24990688023460833
116,jacobi20,0.6711716570703097,0.9068867735576568,0.2534128775557986,0.6213592233009708,0.5338486443485836,0.17301443489678112
116,jacobi40,0.7677834650597237,0.9384586192720028,0.269452786816048,0.6893203883495146,0.4452348399055773,0.13106150671805494
116,jacobi80,0.839585765950218,0.9588142900814859,0.2801917534467242,0.7378640776699029,0.3671015386444287,0.10198338145167239
116,cg5,0.362623381732351,0.8267606970051548,0.21621629210841295,0.4368932038834951,0.7707322127217692,0.3218198445508734
116,pcg5,0.555357684089121,0.8616742038518705,0.2275759595578076,0.4854368932038835,0.6109481109902749,0.1943248646991564
116,poisson_pcg5,0.9942966905979541,0.9996626714314327,0.3016376801458346,0.9805825242718447,0.05641150561215329,0.03576276160683564
116,cg10,0.463700636131178,0.8907793344085682,0.24584410703511778,0.5728155339805825,0.6477861711418943,0.17958063022046983
116,pcg10,0.7231628974143479,0.9292242497074729,0.2574399464020848,0.6601941747572816,0.47646652574614107,0.09152829094858436
116,poisson_pcg10,0.9999974742507689,1.0,0.30176169819971327,1.0,0.0005378370922860775,0.0005386893661262014
116,cg20,0.6495062383770832,0.9537965276240473,0.26425027872079115,0.6504854368932039,0.49254031966759143,0.10199667089753016
116,pcg20,0.8704811105249981,0.970178046235097,0.2837047718838034,0.7669902912621359,0.3110639502636282,0.053660995062008575
116,poisson_pcg20,1.0,1.0,0.30176169819971327,1.0,8.762590348455713e-08,7.504187772920797e-08
116,cg40,0.9241522870324009,0.9958677250350505,0.2989108911123605,0.9029126213592233,0.1998713419135396,0.03801402371443352
116,pcg40,0.9587153212395394,0.9964369669945079,0.2982204183128996,0.883495145631068,0.14297996253735631,0.016841569586203604
116,poisson_pcg40,1.0,1.0,0.30176169819971327,1.0,1.999024206985782e-13,2.6572759028404435e-14
116,cg80,0.9956757832057791,0.9998313357157164,0.30163089756152156,0.9805825242718447,0.04265410973602298,0.005598482745726587
116,pcg80,0.9999806769007937,1.0,0.30176169819971327,1.0,0.0021589987799899243,0.00042024275717491953
116,poisson_pcg80,1.0,1.0,0.30176169819971327,1.0,1.999024206985782e-13,2.6572759028404435e-14
116,poisson,0.35420628889206773,0.8472639490633862,0.24338129576130593,0.5339805825242718,3.345767586932113,5.965995117187323
116,amg,0.9706382098919961,0.9985347290302857,0.30119784355650886,0.9514563106796117,0.15163157719385523,0.05556080893872394
116,oracle,1.0,1.0,0.30176169819971327,1.0,2.0443838875756294e-13,2.7118857103970112e-14
117,ensemble,0.48500096112581353,0.6995245775486755,0.1352774381610055,0.20388349514563106,,
117,raw,0.3373142009691724,0.7077996689963421,0.1356155647476614,0.24271844660194175,,
117,smoothed,0.47560062540233167,0.7370945468728588,0.1478603750362944,0.2524271844660194,,
117,prediction_magnitude,0.6094109192833129,0.5995277400040058,0.12090900154197572,0.1262135922330097,,
117,boundary_distance,0.5673513986075928,0.5847748858880701,0.11228185552071059,0.05185348631950574,,
117,jacobi1,0.2301180955403762,0.6741511442817537,0.13132520161423225,0.24271844660194175,0.9810843917349814,0.543740540865291
117,jacobi5,0.16148995735283597,0.6967205338224598,0.12389271039008137,0.27184466019417475,0.9522112465765247,0.37522734874656055
117,jacobi10,0.18273239128102423,0.7394453053350621,0.12338202078681003,0.2912621359223301,0.9266153313909667,0.33208398850093035
117,jacobi20,0.2836865098168943,0.7985832200120173,0.14106479035708222,0.4077669902912621,0.8864394608928118,0.29628595429777865
117,jacobi40,0.41304474599456403,0.8757682131073232,0.15767009196996615,0.49514563106796117,0.8249344118073925,0.26286341579577865
117,jacobi80,0.5500664517917172,0.940619630414387,0.1854557382350465,0.6310679611650486,0.7354477708762337,0.2261577644202355
117,cg5,0.21198685939846934,0.7043947587573659,0.1336980227275663,0.2621359223300971,0.9584021863646841,0.382302765670488
117,pcg5,0.1508469306558901,0.7165491287435565,0.12041072851541289,0.2912621359223301,0.926480771525358,0.3225156085089166
117,poisson_pcg5,0.9968627735855803,0.9987244763501049,0.21349864718252756,0.9514563106796117,0.04284633703866922,0.04589604882595135
117,cg10,0.24985994385237106,0.8085765788558237,0.144790764614456,0.4174757281553398,0.9147689551917387,0.3072684968108191
117,pcg10,0.4189529204813675,0.8621907382224893,0.15870358031776594,0.5145631067961165,0.8194556625331592,0.26117151080946166
117,poisson_pcg10,0.9999962560796795,1.0,0.21384495980402296,1.0,0.0008984054613711742,0.0013623751988582698
117,cg20,0.5290292405764966,0.9701042556107228,0.1871614083171476,0.7281553398058253,0.7561414026293993,0.2325346928221613
117,pcg20,0.7287996656176239,0.9698723422198328,0.2049067748513877,0.7281553398058253,0.5136212989307349,0.17410325550333716
117,poisson_pcg20,1.0,1.0,0.21384495980402296,1.0,5.796159256298086e-07,7.600748593726376e-07
117,cg40,0.890220332504828,0.988130250993538,0.2088582005620737,0.8155339805825242,0.35584399922312504,0.12123514347870538
117,pcg40,0.9928539066411557,0.9979338625175252,0.21314030506213696,0.912621359223301,0.069107785768641,0.03670578577115495
117,poisson_pcg40,1.0,1.0,0.21384495980402296,1.0,4.963459992458673e-14,8.942345197372915e-14
117,cg80,0.9990261783849508,0.9998735017867872,0.21377645851690377,0.9805825242718447,0.021217932813463146,0.011788719182566238
117,pcg80,0.9999900758171804,1.0,0.21384495980402296,1.0,0.0016105885765204525,0.0011358720200268723
117,poisson_pcg80,1.0,1.0,0.21384495980402296,1.0,6.871730027148689e-14,2.376470203801297e-14
117,poisson,0.66925644624848,0.8885445326418098,0.1736250077576156,0.44660194174757284,1.306871613738733,6.675902038170956
117,amg,0.9990616618088833,0.999841877233484,0.2137348671490202,0.970873786407767,0.038645249445798724,0.041919120697679384
117,oracle,1.0,1.0,0.21384495980402296,1.0,6.462474229874916e-14,2.226616542532652e-14
118,ensemble,0.39902120511765965,0.6548390837312756,0.14481800819478807,0.20388349514563106,,
118,raw,0.3867411352907517,0.7543193869053266,0.1552794621000961,0.30097087378640774,,
118,smoothed,0.5513427709927758,0.8121185288257803,0.18465363713321595,0.3786407766990291,,
118,prediction_magnitude,0.6867262266647594,0.8112752074043621,0.17765273849857538,0.3592233009708738,,
118,boundary_distance,0.6324126622541602,0.778738812814269,0.16398896383121586,0.28111209179170343,,
118,jacobi1,0.27792620341892565,0.7195112952362881,0.15165570409830673,0.2815533980582524,0.9801366050085641,0.5767070100721186
118,jacobi5,0.20182968180030042,0.736230142415905,0.15543328412985807,0.3300970873786408,0.9504943876989926,0.3827997618948845
118,jacobi10,0.22747655300050068,0.7847105826296871,0.16411507195613495,0.3786407766990291,0.924422885758653,0.32824416786976024
118,jacobi20,0.2748635648379944,0.8160715979886785,0.18567229808324276,0.4563106796116505,0.8862987278844043,0.282510302689353
118,jacobi40,0.3399157338530863,0.8653531935528077,0.1962674509496958,0.5048543689320388,0.8341418043665795,0.2456703595027654
118,jacobi80,0.4288787908590229,0.9147823703656852,0.21371092380334608,0.6310679611650486,0.7591625847687408,0.21190012586449947
118,cg5,0.3243022114834418,0.7787651666086883,0.17271138946119674,0.39805825242718446,0.9463014044561693,0.3717786589301229
118,pcg5,0.22966947330305412,0.7853852397668216,0.16744070582295398,0.39805825242718446,0.9218680627282488,0.3205777651148403
118,poisson_pcg5,0.9970049419748229,0.9991672200963495,0.2527895376007376,0.941747572815534,0.04473825895923131,0.04129134582978665
118,cg10,0.2923025445247121,0.8129934748005018,0.1826000932535021,0.47572815533980584,0.8956254822360649,0.27668464935767034
118,pcg10,0.3382527850296831,0.8634451788368489,0.19999069289253027,0.5145631067961165,0.8320847066746471,0.24402725177640902
118,poisson_pcg10,0.9999951608432873,1.0,0.2533439045883816,1.0,0.0009117560499952001,0.0009304812651623245
118,cg20,0.4221534694406695,0.9174493743609204,0.21449927484481116,0.6601941747572816,0.7593437693864019,0.20588756933204175
118,pcg20,0.5594418541234533,0.9388170308761056,0.23227694415728198,0.7087378640776699,0.6013396878601235,0.1656030949542012
118,poisson_pcg20,0.9999999888241183,1.0,0.2533439045883816,1.0,9.358380490973994e-07,1.016382734615571e-06
118,cg40,0.8256032405586152,0.9788115492868663,0.2445559251653117,0.7475728155339806,0.36184225373562884,0.10841814647228984
118,pcg40,0.9949370797868535,0.9981552343906476,0.2522543612587091,0.9223300970873787,0.060972325669009786,0.030268782648827416
118,poisson_pcg40,1.0,1.0,0.2533439045883816,1.0,7.159142480371654e-14,8.530120072213702e-14
118,cg80,0.9989359890208137,0.9999472924111613,0.25327929449812814,0.9902912621359223,0.024019459429472798,0.010946871447781437
118,pcg80,0.9999955631750232,1.0,0.2533439045883816,1.0,0.0009413159330615216,0.000421985166155806
118,poisson_pcg80,1.0,1.0,0.2533439045883816,1.0,5.071556420879845e-14,1.9613011194288993e-14
118,poisson,0.6763039459802589,0.8378187491435016,0.2108307208304718,0.47572815533980584,2.2047556233747865,6.994740913984695
118,amg,0.9937614999821184,0.9963631763701337,0.25131776983940657,0.8932038834951457,0.12353576074026762,0.06710107020541353
118,oracle,1.0,1.0,0.2533439045883816,1.0,4.735006677116915e-14,1.824574280913397e-14
119,ensemble,0.05508492552392532,0.48342346331024744,0.09823620717531174,0.06796116504854369,,
119,raw,0.2069424129175309,0.5616731497000939,0.11715567395467755,0.0970873786407767,,
119,smoothed,0.10470383913883126,0.4982764618449764,0.10503118761265082,0.08737864077669903,,
119,prediction_magnitude,0.18621772405407336,0.6149816050514954,0.13715924425221288,0.21359223300970873,,
119,boundary_distance,0.14133828114765817,0.5560176254177076,0.09602240347834376,0.06023830538393646,,
119,jacobi1,0.28689927401473425,0.623330487123536,0.16235086256582273,0.24271844660194175,0.8107197933052359,0.5301204933206201
119,jacobi5,0.579001870842572,0.8298809862644023,0.22057488989896104,0.4077669902912621,0.6009905282035448,0.28463931229982226
119,jacobi10,0.7357658496352191,0.9206856203156131,0.24789034622584102,0.5922330097087378,0.47212476041353124,0.20553409429583916
119,jacobi20,0.8661689636828551,0.9708527033722315,0.26471291668351354,0.6990291262135923,0.3290335463398849,0.15021189784871583
119,jacobi40,0.9350020228345612,0.992631479080358,0.27826222040589155,0.8446601941747572,0.2044313637748204,0.11508782032467232
119,jacobi80,0.9640959047099633,0.9974700357357452,0.2834197885269206,0.9320388349514563,0.13525422002544027,0.08738192151586373
119,cg5,0.3972176078249052,0.6659076773873902,0.19571164218274756,0.3106796116504854,0.7258989637828565,0.2755612293794408
119,pcg5,0.709236195551105,0.9164900962440572,0.24667408213022454,0.5825242718446602,0.46953501811124626,0.14660216398164658
119,poisson_pcg5,0.9930316366855017,0.9989880142942981,0.28422405302401466,0.941747572815534,0.06731500156851984,0.03619557817445177
119,cg10,0.601562701165868,0.7873143375183159,0.21650400982635823,0.3883495145631068,0.5812339363006925,0.15880210290235552
119,pcg10,0.9119402000929833,0.9864857742217724,0.27583771919786476,0.8155339805825242,0.2368958884008839,0.04963920459923231
119,poisson_pcg10,0.999988108862027,1.0,0.2848591050437319,1.0,0.0016484222604723129,0.0005241587325658171
119,cg20,0.8094475091195192,0.9429598473588228,0.25265729399967585,0.5922330097087378,0.37708046179670834,0.07605082835250987
119,pcg20,0.967680076979472,0.9971854147560165,0.28253719501821717,0.912621359223301,0.125279333030386,0.015693899254290836
119,poisson_pcg20,1.0,1.0,0.2848591050437319,1.0,4.6476169859495706e-07,2.5178830933328604e-07
119,cg40,0.9458667231421215,0.9947819487049745,0.28051583838831173,0.883495145631068,0.16847701535130635,0.02689291705205409
119,pcg40,0.9972176748801945,0.9997575450913423,0.2848029491770142,0.970873786407767,0.03412016075504758,0.004293752982502656
119,poisson_pcg40,1.0,1.0,0.2848591050437319,1.0,2.2699241341388557e-13,2.961033039686429e-14
119,cg80,0.997173854248623,0.9996837544669681,0.2846683116299428,0.9611650485436893,0.03413872754492111,0.003914687504343523
119,pcg80,0.9999987035977396,1.0,0.2848591050437319,1.0,0.0002187298387046744,5.1548651761454616e-05
119,poisson_pcg80,1.0,1.0,0.2848591050437319,1.0,2.2806441377998305e-13,2.787973813365246e-14
119,poisson,0.40998772888205415,0.7762773684155044,0.1928065752893992,0.30097087378640774,3.199081903219203,6.627011892348753
119,amg,0.9840873886882197,0.9990090973298336,0.2844723847329862,0.9514563106796117,0.0955579968589743,0.0443022963687512
119,oracle,1.0,1.0,0.2848591050437319,1.0,2.2357217817432718e-13,2.7504691766131624e-14
120,ensemble,0.23798752548100993,0.649937277969282,0.1377937869980532,0.22330097087378642,,
120,raw,0.19430391021743795,0.5853493986064113,0.11500209758495951,0.1262135922330097,,
120,smoothed,0.24982083944281522,0.6380253628917492,0.11914533357703343,0.0970873786407767,,
120,prediction_magnitude,0.5518716025320076,0.7660099301097372,0.16216767090225426,0.24271844660194175,,
120,boundary_distance,0.39745870356839047,0.6608424780999969,0.08845416098073185,0.03508384819064431,,
120,jacobi1,0.1630506915635505,0.5886805182210134,0.14987415987713487,0.2524271844660194,0.9336507728477084,0.50905259541534
120,jacobi5,0.25565653833774404,0.7430399628938574,0.1817101179911235,0.3592233009708738,0.8614940112249853,0.2997811146962214
120,jacobi10,0.3163076451970531,0.8173787461918767,0.19265598485053495,0.42718446601941745,0.8096324199792468,0.24922844475316627
120,jacobi20,0.42181814829053704,0.882293412605547,0.2273932260222229,0.5825242718446602,0.733972611168396,0.2113642686715732
120,jacobi40,0.5664906502574922,0.94849414418688,0.2579667932822199,0.6990291262135923,0.6267602364263466,0.17484552734913503
120,jacobi80,0.7096951666547456,0.9814890947998692,0.2769645252072497,0.7961165048543689,0.48939375639571164,0.13526511412274408
120,cg5,0.21777778771189468,0.646448035588164,0.1518354626391855,0.27184466019417475,0.9106090634486806,0.2946305929913956
120,pcg5,0.29012785208497244,0.7909406196304144,0.1927194342583698,0.39805825242718446,0.8185628558465701,0.2272000375340881
120,poisson_pcg5,0.9931287215685572,0.9993885919694717,0.29105682527682164,0.941747572815534,0.07080074816508033,0.03717621862080062
120,cg10,0.29126196936914384,0.7705744073031635,0.1958600039856779,0.4563106796116505,0.835081376475875,0.22619917986087876
120,pcg10,0.5710194974429582,0.957454434289449,0.26104711104341327,0.7087378640776699,0.5923669898144457,0.16455925688071946
120,poisson_pcg10,0.9999937526822115,1.0,0.29228525705992026,1.0,0.0012507021936628753,0.0009497604400352258
120,cg20,0.5173187942564909,0.9513508955019344,0.2622623775984023,0.7281553398058253,0.602989309496504,0.1515824853267512
120,pcg20,0.8422993035190615,0.9932745116641895,0.28652978591227835,0.8640776699029126,0.2887097682828482,0.087173963423337
120,poisson_pcg20,1.0,1.0,0.29228525705992026,1.0,3.915974042782984e-07,4.4311656662219964e-07
120,cg40,0.9526263545168442,0.9962050536036179,0.28890226131186914,0.883495145631068,0.1637988129814805,0.04554288181044626
120,pcg40,0.9853596957478005,0.9986612272434985,0.2909033799463357,0.9223300970873787,0.08357209315483978,0.01648696964906684
120,poisson_pcg40,1.0,1.0,0.29228525705992026,1.0,5.603110522882375e-14,1.9814629127654433e-14
120,cg80,0.997782135129819,0.9999472924111613,0.292237634777551,0.9902912621359223,0.031214145883014757,0.0060462673853723115
120,pcg80,0.9999972395572562,1.0,0.29228525705992026,1.0,0.0006090014287890805,0.00024832636143637046
120,poisson_pcg80,1.0,1.0,0.29228525705992026,1.0,5.994812973659453e-14,1.7093054568903872e-14
120,poisson,0.7010125572205135,0.9031234517145779,0.22483856402855212,0.5048543689320388,2.2779587514490953,7.317413738993471
120,amg,0.9850084266146912,0.9993991334872395,0.29171351481520535,0.9611650485436893,0.1203722481928467,0.04725227225056075
120,oracle,1.0,1.0,0.29228525705992026,1.0,5.853577389908669e-14,1.700754156554979e-14
121,ensemble,0.45051571105428795,0.7430610459293929,0.18177144806701692,0.32038834951456313,,
121,raw,0.26011677678635287,0.6959299199898802,0.18464110217301483,0.3106796116504854,,
121,smoothed,0.3910730410914812,0.772535129607961,0.1775934903809539,0.2621359223300971,,
121,prediction_magnitude,0.5120549763965381,0.6846188714251078,0.11186612307592281,0.11650485436893204,,
121,boundary_distance,0.5494082209626922,0.7691249486101008,0.10640820057798399,0.07855251544571934,,
121,jacobi1,0.23041528458264784,0.6528361953554073,0.14984756427390328,0.24271844660194175,0.9643495326490122,0.6066134924263598
121,jacobi5,0.224040170588656,0.6661395907782802,0.15864364554044572,0.2912621359223301,0.9163597751835328,0.39979378090626416
121,jacobi10,0.262284149023675,0.6936424106342831,0.16674584656240377,0.3106796116504854,0.8759095047257969,0.3262377681941811
121,jacobi20,0.39402699422430437,0.7773104371567419,0.18933519037898305,0.4174757281553398,0.8097924693692077,0.2697499085243617
121,jacobi40,0.5794606072527,0.8649947819487049,0.22740900059658417,0.5048543689320388,0.7064084403902391,0.22834336094819566
121,jacobi80,0.7268785427544524,0.9275376068646364,0.2606085507378866,0.5922330097087378,0.5676589422895646,0.18633580298505337
121,cg5,0.22662056988055215,0.6981225556855676,0.17194259352749092,0.32038834951456313,0.9303993258272163,0.36714864664613456
121,pcg5,0.2598598656212002,0.6836912178615477,0.1613415906016312,0.3106796116504854,0.8772886143433651,0.27790314572121994
121,poisson_pcg5,0.9983837663614904,0.99953617321822,0.3027314584553473,0.9514563106796117,0.03400197941737225,0.04274853913160611
121,cg10,0.24261522333881697,0.7644919515511843,0.1876344219224463,0.3786407766990291,0.8690958526072589,0.27556933485911994
121,pcg10,0.5372324158679636,0.8564772355923805,0.22420541271578437,0.5048543689320388,0.7171949959054371,0.20716316840556115
121,poisson_pcg10,0.9999993517988698,1.0,0.3031834035705176,1.0,0.00024248520487820852,0.00043602853229088333
121,cg20,0.446210247389314,0.924680855549582,0.24352914284037097,0.6213592233009708,0.7074165245497065,0.20068263048621293
121,pcg20,0.8177309272405406,0.9531218704869127,0.27351459160410463,0.6213592233009708,0.3893070066063162,0.09838733502543152
121,poisson_pcg20,1.0,1.0,0.3031834035705176,1.0,6.792293816510831e-08,8.582430923380894e-08
121,cg40,0.9281995766576067,0.9986190611724276,0.3024478152880662,0.941747572815534,0.18391773638152245,0.06687155112981648
121,pcg40,0.9633081838745441,0.9967848370808429,0.30114883613617793,0.883495145631068,0.12415557863247308,0.03241906176290074
121,poisson_pcg40,1.0,1.0,0.3031834035705176,1.0,8.710495756038772e-14,2.849676988643264e-14
121,cg80,0.9985830323295902,0.9998840433045549,0.3030833411822056,0.9805825242718447,0.02263425095960468,0.005692971440575837
121,pcg80,0.9999980553966096,1.0,0.3031834035705176,1.0,0.0003978340759019396,0.00022987150849577745
121,poisson_pcg80,1.0,1.0,0.3031834035705176,1.0,8.710495756038772e-14,2.849676988643264e-14
121,poisson,0.6812825441670839,0.9361711099164057,0.276080702433048,0.7087378640776699,1.8296063768985502,6.367883857540537
121,amg,0.9896678192725841,0.9985347290302857,0.3021047607293393,0.9223300970873787,0.11469416044286793,0.05006717268532639
121,oracle,1.0,1.0,0.3031834035705176,1.0,8.744782336245212e-14,2.8191572554641427e-14
122,ensemble,0.24721702667906445,0.6389003088664706,0.13361699796508175,0.1553398058252427,,
122,raw,0.23214628334883053,0.6548074591779725,0.14628001196116344,0.2524271844660194,,
122,smoothed,0.3122612049388455,0.6855465249886679,0.1407434056073405,0.18446601941747573,,
122,prediction_magnitude,0.5202578387633217,0.8451978115809115,0.2793670546608012,0.6699029126213593,,
122,boundary_distance,0.4973829060585756,0.8098573732646026,0.19744955914463505,0.37819947043248014,,
122,jacobi1,0.13288305334024747,0.6289280330581997,0.15244479550209752,0.2524271844660194,0.9625848771235183,0.6097851188056763
122,jacobi5,0.1663553215077605,0.7140718720681404,0.15763729644429303,0.30097087378640774,0.8999995053378965,0.4539276394195369
122,jacobi10,0.25428692287747656,0.799721703930932,0.1981481912207904,0.4563106796116505,0.841206722879942,0.3934802689675481
122,jacobi20,0.40057237277376434,0.9059274954407935,0.2516583230030196,0.6407766990291263,0.7447181531635998,0.3219789177413061
122,jacobi40,0.5837889255954509,0.9728239671947967,0.28466236633883424,0.7572815533980582,0.6002261139281583,0.2382213967048745
122,jacobi80,0.7637813148201129,0.9860957380643665,0.29597974811512184,0.7961165048543689,0.4195544638998966,0.15255242644225306
122,cg5,0.22128327059938488,0.7431137535182315,0.19215154040723023,0.42718446601941745,0.8850786759774931,0.42436429729892744
122,pcg5,0.27296339675273584,0.8131199730137145,0.2057153471980211,0.4854368932038835,0.816723501644906,0.3833603889744711
122,poisson_pcg5,0.9960103220442028,0.9995045486649168,0.3060484781226836,0.9611650485436893,0.04494248375387661,0.037101294924805774
122,cg10,0.3302116376689793,0.8154180238870793,0.24337601155347247,0.5825242718446602,0.7452856594353002,0.3008792672742662
122,pcg10,0.5985815347614619,0.9743103212000463,0.2858813740082115,0.7475728155339806,0.5314888266318764,0.2195109717300215
122,poisson_pcg10,0.9999946020492095,1.0,0.30632500297302145,1.0,0.0010311515901865263,0.0011474618911083438
122,cg20,0.6791760246048208,0.9173966667720819,0.2841105182079278,0.6796116504854369,0.489139471037543,0.1684899429019011
122,pcg20,0.8741345844360202,0.9826064956832484,0.2958750904156421,0.7864077669902912,0.26274287493673487,0.09287830346049399
122,poisson_pcg20,1.0,1.0,0.30632500297302145,1.0,5.087152285148183e-07,5.193235019585933e-07
122,cg40,0.9188292593519777,0.9912294572172501,0.3040441025342715,0.8932038834951457,0.19237421019822207,0.05395004160201987
122,pcg40,0.9892260702024175,0.9982711910860925,0.3050865589337163,0.912621359223301,0.07418212166950224,0.01684368596280967
122,poisson_pcg40,1.0,1.0,0.30632500297302145,1.0,4.6184968161403094e-14,4.4584374916351625e-14
122,cg80,0.9968487813818754,0.9992620937562591,0.30573594389252007,0.941747572815534,0.0443389888542085,0.009538450369803372
122,pcg80,0.9999932162398969,1.0,0.30632500297302145,1.0,0.000842271637540076,0.00043831445738481555
122,poisson_pcg80,1.0,1.0,0.30632500297302145,1.0,3.8584649525533323e-14,1.8744251540536323e-14
122,poisson,0.6686867445104069,0.9454265625164712,0.2746106285432943,0.6601941747572816,3.523830138483013,6.9026916914945335
122,amg,0.9839903485086904,0.9965634652077207,0.3052052601134188,0.9320388349514563,0.15926907888007447,0.08626892530175587
122,oracle,1.0,1.0,0.30632500297302145,1.0,3.8168746177334936e-14,1.8325735879936033e-14
123,ensemble,0.2971830855267863,0.7010214730716928,0.16445621857629314,0.2815533980582524,,
123,raw,0.19433158170016449,0.5822185678293961,0.10401973220466822,0.07766990291262135,,
123,smoothed,0.2216676762213003,0.6403339552828816,0.10377134216754189,0.06796116504854369,,
123,prediction_magnitude,0.6507321655282168,0.9037348597451061,0.2750794984877379,0.6213592233009708,,
123,boundary_distance,0.609754067752547,0.9036347153263127,0.2292115638393805,0.47859664607237423,,
123,jacobi1,0.24664274282955437,0.6325753982058336,0.15736364765871,0.23300970873786409,0.9493964337741331,0.4863132207370476
123,jacobi5,0.30528547671840356,0.7235170719880248,0.18565385273194215,0.32038834951456313,0.887116340658564,0.2866720068293638
123,jacobi10,0.364135467330663,0.7810632174820531,0.20494758955324735,0.39805825242718446,0.8356372765754706,0.23393937053302064
123,jacobi20,0.4420715725806451,0.8747140613305504,0.23636190914278826,0.5145631067961165,0.7529026081992181,0.1890335003210019
123,jacobi40,0.5690490889421357,0.9535540727153896,0.27041638496553,0.6504854368932039,0.6271344810157878,0.1440173733550532
123,jacobi80,0.7486324185501751,0.987550467516313,0.2975135680661709,0.7961165048543689,0.458155450711199,0.09780832293941633
123,cg5,0.2585821270831843,0.6557772788126034,0.16344129488337936,0.24271844660194175,0.9218891264511953,0.2970309800075862
123,pcg5,0.34186528815892997,0.763617005576463,0.20101879527922759,0.3883495145631068,0.8452402973162569,0.21838714496717357
123,poisson_pcg5,0.9973044332486946,0.9997470035735745,0.31413504030718925,0.970873786407767,0.03202978659021513,0.036827671069278256
123,cg10,0.33029258457907157,0.7169497064187301,0.18854827267596574,0.32038834951456313,0.8701540966408252,0.21386375900561763
123,pcg10,0.5610456713575567,0.9548295963652846,0.27223891488644836,0.6504854368932039,0.5948993251801616,0.13759442959095244
123,poisson_pcg10,0.999994266772763,1.0,0.31430605753695967,1.0,0.0009367726352285538,0.0010443901016152872
123,cg20,0.42329239235390886,0.8329380264170435,0.2284082257284933,0.46601941747572817,0.732557909215058,0.14459534759893364
123,pcg20,0.8982533773514055,0.9974489527002097,0.31090002962487456,0.9223300970873787,0.22405451319301176,0.050024902534832466
123,poisson_pcg20,1.0,1.0,0.31430605753695967,1.0,2.0354494571177494e-07,2.5197500314257226e-07
123,cg40,0.6439286576425148,0.9741838229868336,0.2913497165865541,0.7572815533980582,0.47903222034274706,0.08047115722742904
123,pcg40,0.9927211148165365,0.9996205053603617,0.3141745178417561,0.9805825242718447,0.062462905820176766,0.013154728424213053
123,poisson_pcg40,1.0,1.0,0.31430605753695967,1.0,1.8806333024596247e-13,3.630657566351064e-14
123,cg80,0.997875453740791,0.9998313357157164,0.31421051090215507,0.9805825242718447,0.030529514189766193,0.010364903550160814
123,pcg80,0.9999981224518989,1.0,0.31430605753695967,1.0,0.0005507511977724821,0.00020481141646131148
123,poisson_pcg80,1.0,1.0,0.31430605753695967,1.0,1.9296289662124447e-13,3.6465171703958135e-14
123,poisson,0.6493033178957156,0.9168063417770891,0.2195396657473055,0.4368932038834951,1.8076414085480512,6.67281587834482
123,amg,0.9758402139510763,0.9995045486649168,0.3140026329525497,0.970873786407767,0.11801280918796458,0.05528225141704595
123,oracle,1.0,1.0,0.31430605753695967,1.0,1.883275313282762e-13,3.586752794655816e-14
124,ensemble,0.12139325244975323,0.5631489621875758,0.10091848191859511,0.07766990291262135,,
124,raw,0.3681428367069594,0.717034038560872,0.2052892831139976,0.3300970873786408,,
124,smoothed,0.4802385603676418,0.8393683522553578,0.21680850966483065,0.3592233009708738,,
124,prediction_magnitude,0.20041795561833917,0.6151397278180112,0.10017060171390937,0.08737864077669903,,
124,boundary_distance,0.16390343796110457,0.575667014536753,0.1085802737504999,0.09774933804060018,,
124,jacobi1,0.25177509879479293,0.6388159767243288,0.18159487864268598,0.2524271844660194,0.9151507990397835,0.596257777352974
124,jacobi5,0.39410753880266075,0.7033722315338963,0.20080824899602814,0.32038834951456313,0.8078767441631403,0.37798098680226316
124,jacobi10,0.4834653502968313,0.8136892149731718,0.23071899312419142,0.4077669902912621,0.7323525625166818,0.30113482564427363
124,jacobi20,0.5949821074136328,0.9109979654870708,0.27211278180809634,0.5436893203883495,0.6345402866619495,0.2301453191406634
124,jacobi40,0.670406545043273,0.9560418709085734,0.3138699701881415,0.6893203883495146,0.5181733788123443,0.16627570841957456
124,jacobi80,0.7406051628102424,0.9774938595659003,0.33562855832791033,0.7475728155339806,0.3949645612375923,0.10932033335033148
124,cg5,0.35431478435018954,0.7251720902775581,0.2187965759362339,0.39805825242718446,0.8345647869805324,0.34484615707208266
124,pcg5,0.5029247952578498,0.8246840180049123,0.23715874479692436,0.4368932038834951,0.7259440341850255,0.2677885053935762
124,poisson_pcg5,0.9899451934768613,0.9999472924111613,0.3608338655821549,0.9805825242718447,0.057498135585759794,0.0396328684924785
124,cg10,0.46437702283456117,0.8327061130261535,0.2733063294082589,0.5339805825242718,0.6814202928304496,0.2354366224562577
124,pcg10,0.6412503129246834,0.9472397035725204,0.30450609240343557,0.6699029126213593,0.5129399730483596,0.15942164155617253
124,poisson_pcg10,0.9999892935054717,1.0,0.3611583493573594,1.0,0.0012661413834890941,0.0010031665703559027
124,cg20,0.7099322518060224,0.9782317658096412,0.33664245398938597,0.7572815533980582,0.39304725124401496,0.11207711763065945
124,pcg20,0.7729847650382662,0.9814047626577275,0.34241820487898156,0.7766990291262136,0.3274884131001882,0.06147894230931091
124,poisson_pcg20,1.0,1.0,0.3611583493573594,1.0,2.4224954878163453e-07,2.4884996620761444e-07
124,cg40,0.9166539745905158,0.9977019491266352,0.35732089652116356,0.8932038834951457,0.16355373412909044,0.03456782950437384
124,pcg40,0.9813856528502968,0.9995677977715232,0.36059360571278004,0.9514563106796117,0.06687027107339304,0.012506509716308862
124,poisson_pcg40,1.0,1.0,0.3611583493573594,1.0,1.5046981102312209e-13,2.801485827138375e-14
124,cg80,0.9968127391638651,1.0,0.3611583493573594,1.0,0.022765662862434432,0.004615522230883572
124,pcg80,0.9999853931228094,1.0,0.3611583493573594,1.0,0.0014302958916306509,0.0003043232813053417
124,poisson_pcg80,1.0,1.0,0.3611583493573594,1.0,1.5028921263061354e-13,2.779178163304889e-14
124,poisson,0.5354289862134325,0.8580057556687012,0.241632629369447,0.44660194174757284,3.3601412595324955,6.696681010627915
124,amg,0.948344304323725,0.9962366781569211,0.3567704122565953,0.883495145631068,0.19347238769660954,0.06861662668052985
124,oracle,1.0,1.0,0.3611583493573594,1.0,1.465420891828528e-13,2.7559603999629475e-14
125,ensemble,0.10756392604248621,0.5516060002319134,0.11293148599503579,0.11650485436893204,,
125,raw,0.1187193780845433,0.6196409559048311,0.11139021563002653,0.1553398058252427,,
125,smoothed,0.14038373506902221,0.6375193700388982,0.09634911110213647,0.10679611650485436,,
125,prediction_magnitude,0.3155156998784064,0.731697289775782,0.1777484438989932,0.3592233009708738,,
125,boundary_distance,0.3331832679332538,0.7433193131147022,0.18091740002880702,0.35481023830538394,,
125,jacobi1,0.19966176194478222,0.6405447856382362,0.15535020106405273,0.3300970873786408,0.883791303046329,0.5619557648552479
125,jacobi5,0.39825484139188894,0.7630583051347734,0.1986317937293377,0.4563106796116505,0.7482102042748259,0.3117326839070836
125,jacobi10,0.5311868227415778,0.8058990333428206,0.21065784800020534,0.4854368932038835,0.6598917993020209,0.2273547285255039
125,jacobi20,0.6665255637114654,0.8320525389245543,0.21817044388294632,0.5242718446601942,0.5569393493466764,0.15650862586305378
125,jacobi40,0.7706435519633789,0.8764007041733869,0.2255142721646117,0.5631067961165048,0.4510379192458618,0.10366262383885601
125,jacobi80,0.8548151956226305,0.9316698818295859,0.23658629816974902,0.6407766990291263,0.34359076924635296,0.0684144751990016
125,cg5,0.2933841575173449,0.6997670324573332,0.1720648195012645,0.33980582524271846,0.8106874793701391,0.3238767160968371
125,pcg5,0.49573503772977606,0.7863339763659172,0.2052560860033037,0.46601941747572817,0.6600401739959159,0.20371796179570603
125,poisson_pcg5,0.9956053080967026,0.9992726352740268,0.2580483541649571,0.941747572815534,0.04988193234903894,0.04407209210088205
125,cg10,0.490964534457478,0.7825284884517673,0.20694835996228103,0.44660194174757284,0.6886609770799195,0.19881245618491325
125,pcg10,0.7332821664222874,0.8437957897178036,0.22115143575265062,0.5145631067961165,0.47578613193519714,0.09824225800057905
125,poisson_pcg10,0.9999898075960232,1.0,0.2586730623129211,1.0,0.0016937824993252012,0.0010959490105818387
125,cg20,0.7243512847793433,0.8687897283450872,0.22521653379606554,0.5533980582524272,0.48970356485715366,0.10412812198613548
125,pcg20,0.9072452569558686,0.9636739297724086,0.24210276686026197,0.6990291262135923,0.2695087366092381,0.04290670050931104
125,poisson_pcg20,1.0,1.0,0.2586730623129211,1.0,7.081837271948903e-07,6.230924287467224e-07
125,cg40,0.891762302410414,0.9659825221635411,0.2411198514058566,0.6796116504854369,0.2830862108607319,0.041094366431586836
125,pcg40,0.988208707352836,0.9989985558120659,0.2578723513026775,0.9320388349514563,0.07787677012917668,0.013171937162580331
125,poisson_pcg40,1.0,1.0,0.2586730623129211,1.0,1.6714773235518254e-13,4.947497831322226e-14
125,cg80,0.9952514014555467,0.9998629602690196,0.2585121879817327,0.970873786407767,0.04657734360934211,0.009264404883612944
125,pcg80,0.9999952278985766,1.0,0.2586730623129211,1.0,0.0009316918048553361,0.000332969628559018
125,poisson_pcg80,1.0,1.0,0.2586730623129211,1.0,1.2606822516246957e-13,2.0241516035361898e-14
125,poisson,0.6086809218761176,0.8664916774717224,0.17729563976945023,0.3592233009708738,3.2163508725576633,6.525784576927213
125,amg,0.9765777439024389,0.9925682299737516,0.25478973172060576,0.8640776699029126,0.16918468498425815,0.048098560503168165
125,oracle,1.0,1.0,0.2586730623129211,1.0,1.203771792510022e-13,1.953464688715257e-14
126,ensemble,0.2273362733352407,0.6328811022210978,0.13332534264862828,0.17475728155339806,,
126,raw,0.3339184317108933,0.747014115092291,0.1773832027245979,0.27184466019417475,,
126,smoothed,0.40084992579214646,0.7638383774495852,0.16943927765407846,0.22330097087378642,,
126,prediction_magnitude,0.4810477724232887,0.8362586045138779,0.2096151665706442,0.4174757281553398,,
126,boundary_distance,0.4583444424757503,0.8065684197210714,0.1364543997194833,0.206090026478376,,
126,jacobi1,0.3328204572276661,0.736462055806795,0.18843797754951003,0.33980582524271846,0.8701785846338845,0.491670969888395
126,jacobi5,0.4343295476897217,0.8074170119013736,0.21582292148182186,0.4174757281553398,0.7580828035209379,0.2593945671296677
126,jacobi10,0.4877385156641155,0.847190158439012,0.2243250335288626,0.4563106796116505,0.699180380169315,0.19835573952169847
126,jacobi20,0.5482603846291395,0.8981267722926747,0.2488499646767067,0.5339805825242718,0.6263504169871347,0.15397113550471755
126,jacobi40,0.6275983030541448,0.9451524830545102,0.26939648594907833,0.6310679611650486,0.5325789359947968,0.11666934372888654
126,jacobi80,0.7502354534725698,0.9727290935348871,0.29427920732954993,0.7378640776699029,0.4172385739934864,0.07956480071161355
126,cg5,0.38497442958300543,0.7729040827298315,0.2027346817466478,0.33980582524271846,0.7847126299632828,0.24963977083219185
126,pcg5,0.47291361937629633,0.8342451746202418,0.22274224163406336,0.44660194174757284,0.7045544430758705,0.17483289846034833
126,poisson_pcg5,0.9851827480151634,0.9981868589439508,0.30895066735224036,0.9223300970873787,0.08481830097136449,0.03473357272518386
126,cg10,0.4352414660968456,0.8554020007800723,0.2341167920367622,0.46601941747572817,0.6846117433628195,0.14703554654182144
126,pcg10,0.5782003813210785,0.9344106764491952,0.2605595185459991,0.6019417475728155,0.5594189545591359,0.10260238340030212
126,poisson_pcg10,0.9999842867105357,0.9999789169644645,0.3102778476303249,0.9902912621359223,0.0018710617601136123,0.0009975674086260496
126,cg20,0.5557550537336384,0.9293191233673824,0.2772779693970391,0.6213592233009708,0.550941083620513,0.07709592012093315
126,pcg20,0.8465033460589371,0.9824905389878035,0.29718295467104755,0.7669902912621359,0.3116791883071728,0.043514210851524744
126,poisson_pcg20,1.0,1.0,0.31027788961145125,1.0,6.991157546606294e-07,5.528541263688138e-07
126,cg40,0.755707578588799,0.9793913327640914,0.29538999067926747,0.7378640776699029,0.359750709398435,0.039623282617351395
126,pcg40,0.9535743263178598,0.9957096022685347,0.30711750904819207,0.8737864077669902,0.14017177425005195,0.016365870854384963
126,poisson_pcg40,1.0,1.0,0.31027788961145125,1.0,3.2478418204489497e-13,4.474946619549099e-14
126,cg80,0.9900834167799155,0.9992304692029559,0.30984683608352653,0.9514563106796117,0.0587464022688289,0.008848859226463555
126,pcg80,0.9999977648236892,1.0,0.31027788961145125,1.0,0.000522897962686481,0.00010195037103516843
126,poisson_pcg80,1.0,1.0,0.31027788961145125,1.0,3.3164977466444753e-13,3.733796005930174e-14
126,poisson,0.42078330636220584,0.79847780483434,0.2506284208221976,0.5145631067961165,3.660777948994372,7.0082311305075065
126,amg,0.9882025606179814,0.997944404035293,0.30961290965554383,0.941747572815534,0.11832725836711976,0.050835263038886074
126,oracle,1.0,1.0,0.31027788961145125,1.0,3.347981224327965e-13,3.762122239112669e-14
127,ensemble,0.07537056988055217,0.5868252110938933,0.11844369780050114,0.17475728155339806,,
127,raw,0.2088745887275588,0.7231059527950834,0.16873056887231025,0.39805825242718446,,
127,smoothed,0.2743143820184536,0.7359244384006409,0.17954861082562174,0.3883495145631068,,
127,prediction_magnitude,0.17487496423717902,0.7218725952162592,0.13098522428370327,0.22330097087378642,,
127,boundary_distance,0.1970765997466759,0.7348017667583778,0.12570120533832224,0.1884377758164166,,
127,jacobi1,0.1930598110828982,0.705090498930036,0.15928204327762202,0.36893203883495146,0.8871949418842048,0.5823649892441243
127,jacobi5,0.31764016790644445,0.7770258161770132,0.19171951569321524,0.4077669902912621,0.7500342175836685,0.3372890335656333
127,jacobi10,0.43163277394320854,0.8326534054373149,0.20307982110626546,0.46601941747572817,0.6666814428633835,0.2607501511859782
127,jacobi20,0.5612710330090837,0.8832737737579457,0.21705081549901883,0.5728155339805825,0.5726090844897523,0.20086956138718828
127,jacobi40,0.6856202614262212,0.9214446095948895,0.22288692472660265,0.6019417475728155,0.48266177470544896,0.1534671833134544
127,jacobi80,0.7627796429082325,0.9438137102980088,0.23562503389063522,0.6116504854368932,0.40513745799678513,0.11571786995118548
127,cg5,0.22699596774193548,0.7131336769868125,0.1712516843203988,0.3786407766990291,0.8414705413183421,0.3609933344868441
127,pcg5,0.39254706163722186,0.8131726806025532,0.20192144608426868,0.4368932038834951,0.6625016716652269,0.2008123115372129
127,poisson_pcg5,0.9969018556433731,0.9989353067054595,0.2602199920420398,0.9514563106796117,0.044031897183753624,0.037183552730510695
127,cg10,0.3233061386882197,0.8079651708252954,0.19494295998731262,0.42718446601941745,0.7199091614500684,0.23559169692227433
127,pcg10,0.6575108517809884,0.9194944288078598,0.21933694989139904,0.5922330097087378,0.49922221299514496,0.1011423885208686
127,poisson_pcg10,0.9999995976682639,1.0,0.2605136644230529,1.0,0.0002696620357765951,0.00033267686812964235
127,cg20,0.597025215023961,0.9259352961639417,0.22772729383319307,0.6310679611650486,0.5173213413025732,0.11839956792762305
127,pcg20,0.7777769495207781,0.9469867071460949,0.2366966658211395,0.6116504854368932,0.38232704097912495,0.049305364840527034
127,poisson_pcg20,1.0,1.0,0.2605136644230529,1.0,5.577279206467462e-08,4.6244298530089215e-08
127,cg40,0.8811804413132108,0.9770616573374235,0.251893848026097,0.7766990291262136,0.26655971487789976,0.04669776866892182
127,pcg40,0.9987388017666834,0.9997891696446455,0.2602857608558294,0.970873786407767,0.026188091421920433,0.0070740466513800485
127,poisson_pcg40,1.0,1.0,0.2605136644230529,1.0,2.3484715895512524e-13,5.0938448476131764e-14
127,cg80,0.9959877802911092,0.9996205053603617,0.2602712716060043,0.970873786407767,0.0433248120124717,0.0069603385305406894
127,pcg80,0.9999977089442815,1.0,0.2605136644230529,1.0,0.0005102872042273103,0.0001125304181024844
127,poisson_pcg80,1.0,1.0,0.2605136644230529,1.0,2.3484715895512524e-13,5.0938448476131764e-14
127,poisson,0.6835557631785995,0.9244805667119952,0.19937402284916103,0.4854368932038835,1.6516998820695405,5.607669899762066
127,amg,0.9904405308990772,0.9953090245933609,0.2582419864463612,0.912621359223301,0.11969551459433223,0.05721267041649694
127,oracle,1.0,1.0,0.2605136644230529,1.0,2.359451210079028e-13,5.09443415964379e-14
128,ensemble,0.4513153900829697,0.7028873217165807,0.16326287163546185,0.21359223300970873,,
128,raw,0.4422021739324798,0.8005123177635116,0.17309279949723522,0.32038834951456313,,
128,smoothed,0.5967512718153207,0.8614422904609805,0.19841120562810674,0.39805825242718446,,
128,prediction_magnitude,0.7781939104856591,0.8883337022864553,0.2144019045017979,0.39805825242718446,,
128,boundary_distance,0.7260729493321553,0.7953522448162086,0.1729561060883504,0.22153574580759047,,
128,jacobi1,0.36599510049352685,0.7201543278201196,0.16816208845757952,0.3300970873786408,0.9621404562906806,0.49360560490060207
128,jacobi5,0.31021637624275805,0.7062711489200215,0.17271561887424053,0.34951456310679613,0.9286382825665398,0.28034994198783264
128,jacobi10,0.31645577033116373,0.7227159166376775,0.1822732830979522,0.3592233009708738,0.9050971377127432,0.2193239101617641
128,jacobi20,0.3629995395536799,0.7789654554462752,0.194715937278242,0.42718446601941745,0.8714997429619825,0.17867476031327853
128,jacobi40,0.40376904370216726,0.8287530438632554,0.21114595004762615,0.5048543689320388,0.8230915943678637,0.1550986472433367
128,jacobi80,0.4737902219977111,0.8994866280847116,0.22708809133197846,0.5533980582524272,0.7485249062010005,0.13721320044099114
128,cg5,0.35084704241470566,0.7585254524946502,0.1809549651283417,0.36893203883495146,0.9284395607976406,0.2628023004611771
128,pcg5,0.3169820761211644,0.7123114386009297,0.17791125589704573,0.34951456310679613,0.9073676293859828,0.2086361912239334
128,poisson_pcg5,0.9945438116908661,0.9997575450913423,0.2793686850319698,0.970873786407767,0.07453267725813534,0.03490892735022636
128,cg10,0.3242865764251484,0.7708801113184276,0.17985391759027153,0.3786407766990291,0.8919208407845642,0.18761191702875354
128,pcg10,0.389631151205207,0.8109800449068657,0.2039218901123849,0.47572815533980584,0.8400026174045878,0.15700793771526256
128,poisson_pcg10,0.9999965801802447,1.0,0.2797575986692253,1.0,0.0009010451627635953,0.0009799267027565883
128,cg20,0.39291538516558183,0.9180713239092164,0.21632675842004825,0.5242718446601942,0.7918379739506723,0.1443108585149282
128,pcg20,0.7114469525606179,0.9687233167831505,0.2665211472514459,0.7281553398058253,0.5160490991975945,0.10982169480491459
128,poisson_pcg20,1.0,1.0,0.2797575986692253,1.0,4.408008530475507e-07,3.905746564592868e-07
128,cg40,0.7783080497639653,0.9944446201364072,0.27697323983016825,0.8543689320388349,0.3956250626619864,0.0803137255666317
128,pcg40,0.9821828061297473,0.9991145125075108,0.27934426571036053,0.9514563106796117,0.0957320068417082,0.025656252081543103
128,poisson_pcg40,1.0,1.0,0.2797575986692253,1.0,3.7050626030453134e-14,2.4188808144684227e-14
128,cg80,0.9978074596774191,0.9999262093756259,0.2797125496544475,0.9902912621359223,0.02854726324702635,0.009781979383772092
128,pcg80,0.999999798834132,1.0,0.2797575986692253,1.0,7.364156631539937e-05,3.1770539424383094e-05
128,poisson_pcg80,1.0,1.0,0.2797575986692253,1.0,3.7947365435761046e-14,2.1761571817968407e-14
128,poisson,0.7299719485373005,0.9429809303943582,0.23158004341799907,0.6116504854368932,2.1723382483190683,7.241656922583358
128,amg,0.9957939793290894,0.9983871477815376,0.27897842434929565,0.9320388349514563,0.10419325314797322,0.043070759540907166
128,oracle,1.0,1.0,0.2797575986692253,1.0,3.90989344326449e-14,2.2102992533030584e-14
129,ensemble,0.31689009861597883,0.693336706619019,0.19394968666372456,0.3300970873786408,,
129,raw,0.4377873654423861,0.7797139032077839,0.18936098064901433,0.3106796116504854,,
129,smoothed,0.5813294605178456,0.8567513150543415,0.18142090385579396,0.3300970873786408,,
129,prediction_magnitude,0.5350861101673698,0.7052907877676228,0.09186364398167896,0.019417475728155338,,
129,boundary_distance,0.6758084995254974,0.884153990491551,0.186713059073973,0.3594439541041483,,
129,jacobi1,0.2747432229454259,0.605452072989469,0.14739786791264897,0.20388349514563106,0.9544181748166355,0.5452248833678108
129,jacobi5,0.27030043004792215,0.6632301318743873,0.15946248695431456,0.2524271844660194,0.9128298005492799,0.3568795213893019
129,jacobi10,0.2724413713253701,0.6810663799373834,0.1699546575471518,0.2912621359223301,0.8798090299809131,0.29768478862457004
129,jacobi20,0.3057061816036049,0.7082213297070512,0.19428943487380887,0.33980582524271846,0.8298950953752339,0.24645272787083897
129,jacobi40,0.40569597802374646,0.7862812687770785,0.2153666424057771,0.36893203883495146,0.7570210407558272,0.20261408401638706
129,jacobi80,0.5573908675166297,0.8827045317984884,0.2353905895019843,0.4174757281553398,0.6519435725193936,0.16115492390580383
129,cg5,0.36088891844288673,0.7585781600834888,0.18410137826440362,0.3592233009708738,0.8957959160930743,0.3404278825427277
129,pcg5,0.25393133985408767,0.6668247894331826,0.17129172225878808,0.3106796116504854,0.8807090379596764,0.2925651777273243
129,poisson_pcg5,0.9961203150704527,0.999378050451704,0.29842010930581,0.9611650485436893,0.050746799436103,0.03637283650190787
129,cg10,0.3796393207746227,0.8331488567723981,0.20976236667456544,0.4368932038834951,0.8012774216627467,0.2491011224459592
129,pcg10,0.3727900029504327,0.7610975828299759,0.21498428324306063,0.34951456310679613,0.7665269392074002,0.2062288431662216
129,poisson_pcg10,0.9999956078785492,1.0,0.2988844524874809,1.0,0.0008675802341524933,0.0009088631336687055
129,cg20,0.640355605375152,0.9739202850426404,0.28206508345471987,0.7087378640776699,0.5597784588934162,0.15629340904515815
129,pcg20,0.7153573823403189,0.9256822997375163,0.2431631767299139,0.4563106796116505,0.5125949896188139,0.1164781916520822
129,poisson_pcg20,0.9999999776482369,1.0,0.2988844524874809,1.0,6.384763223248104e-07,3.505424214365915e-07
129,cg40,0.9131103260675202,0.993833212105879,0.2945914897695629,0.8640776699029126,0.19227653174002127,0.05437057710173864
129,pcg40,0.9448323170731705,0.9910924174862696,0.2926595139321404,0.8252427184466019,0.17145879001876024,0.033468059764236696
129,poisson_pcg40,1.0,1.0,0.2988844524874809,1.0,1.0868955680921134e-13,2.5481710876761067e-14
129,cg80,0.9936278029110935,0.9992620937562591,0.29799659289198327,0.941747572815534,0.05248126125405032,0.01008064040955632
129,pcg80,0.9999968036978756,1.0,0.2988844524874809,1.0,0.000576612366282375,0.00031572333647574723
129,poisson_pcg80,1.0,1.0,0.2988844524874809,1.0,1.0973709950824548e-13,2.4020096291444062e-14
129,poisson,0.774359879032258,0.9672053382245975,0.2728001299146254,0.6990291262135923,3.3359206100408705,6.911371218252935
129,amg,0.9955398509584434,0.9996837544669681,0.2985622989131396,0.970873786407767,0.10266882653096494,0.06091747950185914
129,oracle,1.0,1.0,0.2988844524874809,1.0,1.0824354650354025e-13,2.3750935845195225e-14
130,ensemble,0.06682389269365567,0.6417570601815249,0.14255662919221637,0.2524271844660194,,
130,raw,0.3377693610972033,0.7261629929477246,0.14950514938926426,0.2912621359223301,,
130,smoothed,0.3849018198805521,0.8043705132665001,0.1410629862473232,0.2524271844660194,,
130,prediction_magnitude,0.1220902698304842,0.6767127330993117,0.1266728133376774,0.20388349514563106,,
130,boundary_distance,0.15543561381188742,0.6896840707125012,0.13434601490810613,0.1968225948808473,,
130,jacobi1,0.26756532302768044,0.6998302815639396,0.18130175603586407,0.34951456310679613,0.8639549913499451,0.5263040235302877
130,jacobi5,0.3785038288570202,0.8524292927695729,0.19789522926143302,0.4077669902912621,0.7136324754679118,0.29147335649816647
130,jacobi10,0.46539573796581074,0.9189462698839379,0.23185920412344913,0.5533980582524272,0.621081739660912,0.21649519600901035
130,jacobi20,0.5841733423932479,0.9565689467969598,0.25130282629481376,0.6796116504854369,0.5086439099897533,0.15791717503397815
130,jacobi40,0.7387382206208425,0.9792332099975755,0.2665065061544693,0.7961165048543689,0.3770779345756993,0.1046398195904027
130,jacobi80,0.86831434178528,0.9878772545671126,0.26983806694628676,0.8155339805825242,0.2579574041015558,0.06141729044076795
130,cg5,0.37774353363493307,0.8149752801408346,0.20401723123028423,0.4563106796116505,0.7643207059021146,0.29916040208678224
130,pcg5,0.43952666788856304,0.9133908900203451,0.22968993412943126,0.5728155339805825,0.6270844854573564,0.19930479870024523
130,poisson_pcg5,0.9954205148952147,0.9996310468781295,0.2758668121828593,0.970873786407767,0.05000373755332105,0.03299891431975599
130,cg10,0.5240633381911164,0.8958181799015422,0.22855511581032859,0.5436893203883495,0.6196491083346761,0.18124017933435396
130,pcg10,0.7117538646198411,0.9744895270020978,0.26261822093236936,0.7475728155339806,0.39554672258965806,0.09985841156664275
130,poisson_pcg10,0.9999944232351047,1.0,0.2759728311184871,1.0,0.0011251641738142608,0.0007716632501359157
130,cg20,0.732552940150919,0.9780525600075899,0.26220343878562474,0.8155339805825242,0.4028181887677886,0.09018836384143461
130,pcg20,0.9008742333345254,0.9882778322422863,0.26967062690471166,0.8058252427184466,0.22449196043899078,0.0314302376271547
130,poisson_pcg20,1.0,1.0,0.2759728311184871,1.0,3.3852278371017145e-07,2.3071825913134884e-07
130,cg40,0.9419452739432086,0.9966267143143269,0.27390304063737636,0.8932038834951457,0.16598565468724033,0.029423939080073045
130,pcg40,0.9937324203383162,0.9985663535835889,0.2748507485950193,0.912621359223301,0.05889324852882266,0.008420786471286199
130,poisson_pcg40,1.0,1.0,0.2759728311184871,1.0,8.09519735229027e-14,2.301353973971637e-14
130,cg80,0.9996163878656747,0.9999472924111613,0.2759635201910896,0.9805825242718447,0.010971224394416642,0.002671514600270652
130,pcg80,0.9999982900901222,1.0,0.2759728311184871,1.0,0.00037450185332786487,0.00011933040720625285
130,poisson_pcg80,1.0,1.0,0.2759728311184871,1.0,7.433632304796688e-14,2.1571515646221852e-14
130,poisson,0.5909047099635218,0.9034924048364483,0.2176870901048903,0.5242718446601942,4.091870875850666,6.879981889296076
130,amg,0.9835550367462985,0.9980919852840412,0.2746264620965766,0.9223300970873787,0.11047743264100571,0.04203006945704167
130,oracle,1.0,1.0,0.2759728311184871,1.0,7.744794619475756e-14,2.134072742593601e-14
131,ensemble,0.2667298476503826,0.6890463088875536,0.15538224579455512,0.24271844660194175,,
131,raw,0.287204420284672,0.8293328273404805,0.23614846717855834,0.49514563106796117,,
131,smoothed,0.3716880945568986,0.9193890136301824,0.23209217649296454,0.4854368932038835,,
131,prediction_magnitude,0.4013056670660181,0.753412816377302,0.11071444646562734,0.1262135922330097,,
131,boundary_distance,0.4162424613762892,0.7447529595311133,0.17189107690265426,0.3276699029126214,,
131,jacobi1,0.21389621405836493,0.7186152662260312,0.2070794185579646,0.36893203883495146,0.9432654170905441,0.6426511753573273
131,jacobi5,0.2855440307381446,0.7182884791752316,0.20818725215327635,0.3786407766990291,0.8510907658291622,0.43427194422001075
131,jacobi10,0.3683787036871468,0.7413111539799501,0.23729367614983277,0.47572815533980584,0.7857439761343731,0.36237470205718414
131,jacobi20,0.49546617954724265,0.7843100049545133,0.2532423668896286,0.5242718446601942,0.6932049637630419,0.29053536921173617
131,jacobi40,0.6764815754416708,0.8927505982311333,0.2737948939524169,0.5922330097087378,0.5620690648804313,0.2091337959901247
131,jacobi80,0.7800745096023174,0.9606801387263738,0.2943883239283817,0.6796116504854369,0.4088692930211456,0.12251130538240936
131,cg5,0.2691063429833345,0.794756649062332,0.2361474246834065,0.4854368932038835,0.8529849414432321,0.417961972462415
131,pcg5,0.3506930164151348,0.7290092027450112,0.23376191498407933,0.47572815533980584,0.7703147609837068,0.3478827446854367
131,poisson_pcg5,0.9937456749338388,0.9990090973298336,0.3235163775382864,0.9514563106796117,0.06682116424305369,0.03675490608389422
131,cg10,0.38332118142479077,0.8821458313567988,0.2821721458587855,0.6504854368932039,0.6862777954476147,0.2813392719417922
131,pcg10,0.6816270518918531,0.8745559385640345,0.2734197031238375,0.5922330097087378,0.5341470080310371,0.1931625471419324
131,poisson_pcg10,0.9999976530648738,1.0,0.3241488984295112,1.0,0.0006365930681846633,0.0007332187118435261
131,cg20,0.6146346157284885,0.9725920538039067,0.31508158254462,0.8252427184466019,0.45303363138873975,0.13617302586991176
131,pcg20,0.8131105160575065,0.9795389140128395,0.30391862400869596,0.7378640776699029,0.3321031079597415,0.04951913358769313
131,poisson_pcg20,1.0,1.0,0.3241488984295112,1.0,5.2763718190786506e-08,5.705659501900979e-08
131,cg40,0.9123094176918674,0.994412995583104,0.3179137393635241,0.8543689320388349,0.21857269585402792,0.049284614745916215
131,pcg40,0.970262130301838,0.9981025268018089,0.3228452351708348,0.9320388349514563,0.12466026259006932,0.0243480617218164
131,poisson_pcg40,1.0,1.0,0.3241488984295112,1.0,6.60961066669275e-14,3.296299956825725e-14
131,cg80,0.9901877771618623,0.9993885919694717,0.32370037468469715,0.9514563106796117,0.06839743792342397,0.010885329976028847
131,pcg80,0.9999985694871611,1.0,0.3241488984295112,1.0,0.00023049190670589088,0.00010152387980807963
131,poisson_pcg80,1.0,1.0,0.3241488984295112,1.0,6.60961066669275e-14,3.296299956825725e-14
131,poisson,0.6355176556576783,0.9425487281658813,0.26819425988525847,0.6407766990291263,3.2600685754150094,6.285082421229654
131,amg,0.9823639448179671,0.9978706134109189,0.3218378959472735,0.9223300970873787,0.17367448329394167,0.07891554190836134
131,oracle,1.0,1.0,0.3241488984295112,1.0,6.820557238234129e-14,3.315321563066484e-14
132,ensemble,0.3087563926042486,0.7623836479976387,0.1961370135561818,0.3106796116504854,,
132,raw,0.2307323443423217,0.6961091257919315,0.20026456400450343,0.3106796116504854,,
132,smoothed,0.3418756370252485,0.8134783846178173,0.2125695904747328,0.3592233009708738,,
132,prediction_magnitude,0.36900857637150414,0.6965729525737115,0.10746306331744442,0.07766990291262135,,
132,boundary_distance,0.3842228645939056,0.7141403919336307,0.1042224076952885,0.0823036187113857,,
132,jacobi1,0.2303808181639367,0.701095263696067,0.19338639828022594,0.3106796116504854,0.9392752794748389,0.6390795357519937
132,jacobi5,0.27121885281811026,0.7157374318754415,0.19607825618505698,0.30097087378640774,0.8529022259769004,0.4039511889424074
132,jacobi10,0.3188141383842357,0.758493827941347,0.2175231210261186,0.36893203883495146,0.7915773514978272,0.29571562550260755
132,jacobi20,0.4003715421822473,0.8410760781337296,0.23555757226445004,0.47572815533980584,0.7149871399011322,0.19895513859952535
132,jacobi40,0.49462147289178165,0.9202534180871362,0.261516014298561,0.5825242718446602,0.625677563571689,0.1438066558019942
132,jacobi80,0.6037010943423217,0.9615445431833275,0.2949419634472074,0.7184466019417476,0.5221837062298826,0.11096888188109182
132,cg5,0.23918140020384804,0.7056070333006547,0.19156420693122234,0.27184466019417475,0.8747357954221288,0.35305962994699686
132,pcg5,0.30853014805807877,0.7536341882504243,0.21041951053081367,0.34951456310679613,0.7762099555988826,0.2265458996750311
132,poisson_pcg5,0.9970213928724696,0.9993569674161685,0.32651935188665554,0.9514563106796117,0.04126424392196449,0.04104485621867684
132,cg10,0.2450147968671769,0.7161063849973119,0.20933379027296006,0.34951456310679613,0.794892151212042,0.21349386919079277
132,pcg10,0.44987409251841776,0.8988646785364157,0.2525301226536158,0.5533980582524272,0.6569254715747587,0.11857618703696461
132,poisson_pcg10,0.9999994188541591,1.0,0.32702277738206337,1.0,0.00028484191985063997,0.0005732966332407676
132,cg20,0.37630517532722974,0.8833686474178553,0.23728647427282773,0.4854368932038835,0.6877153163781334,0.12863485707117522
132,pcg20,0.7160678331306773,0.9735829564740731,0.31431555317517706,0.7669902912621359,0.3866730130750154,0.06967968514805162
132,poisson_pcg20,1.0,1.0,0.32702277738206337,1.0,4.915427742297642e-08,5.1687216500235915e-08
132,cg40,0.6793380637114655,0.9794756649062332,0.31429158276807756,0.7475728155339806,0.41141245919725067,0.06323893717793834
132,pcg40,0.974310638098133,0.9979233209997576,0.3254432182832843,0.912621359223301,0.10936280807928488,0.019900952752909516
132,poisson_pcg40,1.0,1.0,0.32702277738206337,1.0,1.4432060095836296e-13,3.629578859828732e-14
132,cg80,0.9936646162649309,0.9997259205380391,0.32693863061246564,0.9805825242718447,0.03716897460955606,0.00872320961176722
132,pcg80,0.9999967142908232,1.0,0.32702277738206337,1.0,0.0004209516925620575,0.00010151144133117477
132,poisson_pcg80,1.0,1.0,0.32702277738206337,1.0,1.4432060095836296e-13,3.629578859828732e-14
132,poisson,0.7793534081968384,0.9560418709085734,0.29007024938083625,0.6504854368932039,1.971170612713352,5.326144003891696
132,amg,0.9944319299406335,0.9970483750250361,0.3266240666888624,0.941747572815534,0.08457482767624543,0.05718441929058207
132,oracle,1.0,1.0,0.32702277738206337,1.0,1.4447674221706564e-13,3.6709065270203054e-14
133,ensemble,0.14803155845433086,0.5597018858775287,0.14440063576660142,0.1650485436893204,,
133,raw,0.1557974773800157,0.4691080821816725,0.10325802525234784,0.038834951456310676,,
133,smoothed,0.17856679377369286,0.46685219737937866,0.08214722957756014,0.009708737864077669,,
133,prediction_magnitude,0.534300702739432,0.9120415757460759,0.2498448590805875,0.6116504854368932,,
133,boundary_distance,0.43621972633073236,0.7417170024140076,0.1400267137129751,0.13150926743159755,,
133,jacobi1,0.16365614494671338,0.5632227528119499,0.1388409303883816,0.22330097087378642,0.9301399266403408,0.46507008631337843
133,jacobi5,0.23611613529075173,0.6477868083446655,0.17518386406738148,0.32038834951456313,0.8464742740401849,0.25608104816083493
133,jacobi10,0.28528910887990844,0.7230532452062448,0.19502093665162928,0.3786407766990291,0.7841743368439977,0.19868756166226537
133,jacobi20,0.40338759968886345,0.8656272730147687,0.2332538640707241,0.5242718446601942,0.6973828601172202,0.15208638001509583
133,jacobi40,0.5441013473642801,0.9719279381845398,0.26849318661424215,0.6990291262135923,0.5843460855140604,0.11393531610986353
133,jacobi80,0.68033933329161,0.9952879415578255,0.300367784589067,0.8932038834951457,0.45461166953710985,0.08671529809263598
133,cg5,0.16926763330591515,0.5485067940082013,0.13499661763562207,0.17475728155339806,0.9076827632252056,0.2994107599295205
133,pcg5,0.27107090649810456,0.713386673413238,0.19022596263342179,0.36893203883495146,0.7843923631234543,0.19871941534206894
133,poisson_pcg5,0.9972892787533079,0.9997891696446455,0.3069289873922439,0.970873786407767,0.042984411409759095,0.03284086843725447
133,cg10,0.20968175559688146,0.6191665876052834,0.16406000950297422,0.27184466019417475,0.8529012894673262,0.21033969286329182
133,pcg10,0.5167480755131965,0.9735407904030022,0.27318069264027034,0.7281553398058253,0.5775477034042734,0.11581216358044762
133,poisson_pcg10,0.9999922551140833,1.0,0.30709375756541124,1.0,0.0011812073400330847,0.0009190434510507394
133,cg20,0.3040431321972677,0.7586308676723275,0.20640420761060213,0.42718446601941745,0.735158969721234,0.14587720553680172
133,pcg20,0.7889240308275517,0.9974067866291388,0.30451664340802276,0.9223300970873787,0.32811565640159923,0.07035666495872
133,poisson_pcg20,1.0,1.0,0.30709375756541124,1.0,1.6745653657447095e-07,1.7438890626791942e-07
133,cg40,0.770951190454903,0.9964369669945079,0.30083725867185185,0.8932038834951457,0.35902703240249956,0.07754683204319653
133,pcg40,0.9978622438487947,0.9998945848223227,0.3070303848285698,0.9805825242718447,0.026738795640713325,0.00830454370131731
133,poisson_pcg40,1.0,1.0,0.30709375756541124,1.0,2.543437971988336e-13,5.5555650694004186e-14
133,cg80,0.9963142724948142,0.9999367508933936,0.30691838236011587,0.9805825242718447,0.03868428592862662,0.010842895291216827
133,pcg80,0.9999997094270796,1.0,0.30709375756541124,1.0,5.515065752657678e-05,1.8697878928803813e-05
133,poisson_pcg80,1.0,1.0,0.30709375756541124,1.0,2.543437971988336e-13,5.5555650694004186e-14
133,poisson,0.638789573796581,0.8679358654059012,0.1717516850474569,0.2815533980582524,1.9467944945356066,6.842430083682161
133,amg,0.9977145769258278,0.9996732129492004,0.30694633598398396,0.9805825242718447,0.0874679259855958,0.04133318367677312
133,oracle,1.0,1.0,0.30709375756541124,1.0,2.5836615439972823e-13,5.638518052395285e-14
134,ensemble,0.20294901339317645,0.6404077459072557,0.13943297819736705,0.24271844660194175,,
134,raw,0.1734590694513983,0.6274100544996468,0.13261814039010986,0.1941747572815534,,
134,smoothed,0.22122733531220937,0.6756269567692357,0.14368857398737786,0.22330097087378642,,
134,prediction_magnitude,0.20821573698233317,0.5770637656409769,0.06923749561776874,0.02912621359223301,,
134,boundary_distance,0.18641285528910287,0.5528130040163183,0.09058153113680929,0.06994704324801412,,
134,jacobi1,0.1992730871361133,0.6422946775876791,0.15344678153712568,0.24271844660194175,0.9097532753035296,0.5405101577286545
134,jacobi5,0.3210282258064516,0.816630298430368,0.1863682735170478,0.4368932038834951,0.7960763099392555,0.3086367736276826
134,jacobi10,0.44937628522637857,0.8832632322401779,0.1981466319203307,0.5242718446601942,0.713689984419088,0.23904660208738351
134,jacobi20,0.6156303755990272,0.9314485099564636,0.21796793609493625,0.5922330097087378,0.6055623668593046,0.18534473094546025
134,jacobi40,0.72512150418425,0.9536911124463701,0.2359510402839321,0.6407766990291263,0.48397707954138586,0.1437800772245016
134,jacobi80,0.8069703079178885,0.9719384797023075,0.24915998944972634,0.7087378640776699,0.3631232776102097,0.10427244692961725
134,cg5,0.22698433364923823,0.6945700641978432,0.165167954913849,0.30097087378640774,0.8646811047913019,0.3157694008700899
134,pcg5,0.4215978046098276,0.8727744220612884,0.19736248247552476,0.5048543689320388,0.7092750360611997,0.21848769403552637
134,poisson_pcg5,0.9950715815213502,0.998060360730738,0.26509555753574937,0.912621359223301,0.05730771715969358,0.04294178556581231
134,cg10,0.29243458756526713,0.8008812708853821,0.1848232902742453,0.4077669902912621,0.77383025146516,0.22364645224932156
134,pcg10,0.721653639314069,0.9415472839779472,0.23237951505657697,0.6310679611650486,0.4867290333853153,0.13747403624396468
134,poisson_pcg10,0.999988611776697,0.9999894584822323,0.2661264579493531,0.9902912621359223,0.0020067786547362564,0.0011213550705628803
134,cg20,0.714660364959588,0.9546187660099301,0.23815819910280675,0.6796116504854369,0.46970599306341787,0.13194688888034778
134,pcg20,0.883977909752521,0.9835657738001118,0.25872357216780323,0.7864077669902912,0.24924045524421748,0.05846947742528356
134,poisson_pcg20,1.0,1.0,0.266129670285873,1.0,4.276732267143279e-07,3.986767473529692e-07
134,cg40,0.9276260304162791,0.9906180491867219,0.2615855219149407,0.8349514563106796,0.20148012177849378,0.037536797338748144
134,pcg40,0.9843686297475144,0.9976808660910998,0.26532082236824256,0.9223300970873787,0.08771442213405718,0.015072131754453096
134,poisson_pcg40,1.0,1.0,0.266129670285873,1.0,1.2868025194563713e-13,3.238487332639308e-14
134,cg80,0.9932321767040982,0.9995150901826845,0.26594525925750134,0.9611650485436893,0.05097091303514865,0.008494463615127795
134,pcg80,0.9999995976682639,1.0,0.266129670285873,1.0,0.00010595446100173754,3.908042918188568e-05
134,poisson_pcg80,1.0,1.0,0.266129670285873,1.0,1.3590284382709714e-13,2.6548727146948877e-14
134,poisson,0.6037361866103997,0.8195713818875642,0.19167957533055352,0.3592233009708738,2.3539033373370226,6.616434371797268
134,amg,0.9889422586903654,0.997596533948958,0.2649453208430784,0.9320388349514563,0.11005500686603543,0.046402284752443304
134,oracle,1.0,1.0,0.266129670285873,1.0,1.4045152694765062e-13,2.7112067442734515e-14
135,ensemble,0.25820767917173304,0.5719722125591643,0.12138638637616402,0.10679611650485436,,
135,raw,0.4277955908912094,0.7579140444641219,0.1815501627877757,0.2815533980582524,,
135,smoothed,0.6068831807452971,0.868484024329823,0.1919715129441538,0.32038834951456313,,
135,prediction_magnitude,0.29616504094843,0.6801703509271265,0.07071961015304871,0.009708737864077669,,
135,boundary_distance,0.49891372236182546,0.8248684945658475,0.1729337966893429,0.3192850838481906,,
135,jacobi1,0.2948699462663615,0.678441542013219,0.18604836876533606,0.3592233009708738,0.9452009000995155,0.5170411606529012
135,jacobi5,0.33148071489879116,0.7087694886309731,0.19910285270475603,0.39805825242718446,0.8992625734969979,0.3056234247729276
135,jacobi10,0.3629518855947357,0.765862348860989,0.19454163937740895,0.3883495145631068,0.8701548864380304,0.25363259692978746
135,jacobi20,0.40105265628352765,0.7990470467937973,0.19719487945363293,0.39805825242718446,0.8326415514678412,0.2187067776627039
135,jacobi40,0.4324031162828123,0.852545249465018,0.20594293374032457,0.4563106796116505,0.7790536155478721,0.18975734994267676
135,jacobi80,0.5040993133538373,0.923131252437726,0.22746684790903576,0.5728155339805825,0.6921233910431246,0.15785256716005183
135,cg5,0.3377388397646806,0.7377902870455288,0.20138409893579273,0.42718446601941745,0.9168159291522207,0.2967724396866812
135,pcg5,0.3506982355518203,0.7483634293665602,0.19250547959323022,0.36893203883495146,0.8728270027024652,0.23602511575743312
135,poisson_pcg5,0.9882413856304985,0.9995467147359877,0.29834791700385865,0.9611650485436893,0.08974520584335015,0.038884480514713875
135,cg10,0.37565234738216147,0.7913939048944267,0.20957135139433122,0.44660194174757284,0.8625386729871197,0.22280823506792538
135,pcg10,0.42952301337529497,0.8306505170614465,0.1998312383356343,0.42718446601941745,0.7892345781661595,0.1847433605858019
135,poisson_pcg10,0.9999959878585222,0.9999894584822323,0.29852381152829904,0.9902912621359223,0.0010610076085262618,0.0009193525711490086
135,cg20,0.540966110256777,0.9555780441267934,0.2634603220385951,0.6893203883495146,0.6663039903254314,0.1583112227844419
135,pcg20,0.6074766871110793,0.9652551574375678,0.24308753359021873,0.6310679611650486,0.5234435626641634,0.10835462428292884
135,poisson_pcg20,1.0,1.0,0.29852952845390174,1.0,4.1249679238899467e-07,4.15459798901393e-07
135,cg40,0.8502832415420927,0.9946554504917618,0.2924799006944249,0.8737864077669902,0.27808978575819754,0.06455073405388742
135,pcg40,0.9884266370431298,0.999609963842594,0.2984786436409776,0.970873786407767,0.0575006653255698,0.017521258417464033
135,poisson_pcg40,1.0,1.0,0.29852952845390174,1.0,1.8417868963724576e-13,4.611635332400642e-14
135,cg80,0.9786516522423288,0.99976808660911,0.29838425831641874,0.970873786407767,0.0764732614756274,0.014880201131775284
135,pcg80,0.9999961554967454,1.0,0.29852952845390174,1.0,0.0007239446117383488,0.0002501330151510128
135,poisson_pcg80,1.0,1.0,0.29852952845390174,1.0,1.8853154420113742e-13,3.771761379685427e-14
135,poisson,0.778723110828982,0.9631468538840222,0.2802326200790609,0.7087378640776699,2.492418354410703,6.779195705589554
135,amg,0.9908990102639296,0.998914223669924,0.2979848269271072,0.9514563106796117,0.08107992756447059,0.046858645483651186
135,oracle,1.0,1.0,0.29852952845390174,1.0,1.9510877601259028e-13,3.897388684078857e-14
136,ensemble,0.24197646582862453,0.6447297681920243,0.15318798357552652,0.2524271844660194,,
136,raw,0.2467270983835205,0.7233378661859735,0.1403224359732268,0.2621359223300971,,
136,smoothed,0.3813269124168514,0.755932239123789,0.15291042826487608,0.2815533980582524,,
136,prediction_magnitude,0.6653234747156855,0.8481599780736431,0.19506350452729523,0.4368932038834951,,
136,boundary_distance,0.6805699620441019,0.8715885013124189,0.20075223359880828,0.4357899382171227,,
136,jacobi1,0.2595726119376296,0.7378535361521352,0.15811273349257687,0.3592233009708738,0.9518849585717067,0.5134072560653745
136,jacobi5,0.23363523487232674,0.7707009055163763,0.1632529810161909,0.3883495145631068,0.914068832093514,0.2924302224914043
136,jacobi10,0.26297406971961945,0.7981931838546114,0.16370642719958658,0.39805825242718446,0.8907400327547346,0.23006439433011716
136,jacobi20,0.3099462216579643,0.8394105183264287,0.17169636147816836,0.42718446601941745,0.855609187827011,0.19332798800497228
136,jacobi40,0.3830997648594521,0.8868578897989733,0.1841576466047548,0.5145631067961165,0.7966995400013859,0.1675547442271178
136,jacobi80,0.5118418523353122,0.9323656220022559,0.2110759550304682,0.6310679611650486,0.7020800848347646,0.13972742273483044
136,cg5,0.2503772977612474,0.7573658855402001,0.16402650842695848,0.39805825242718446,0.9323195680621899,0.3098511802558215
136,pcg5,0.2578182444031185,0.7934284178235982,0.16225283005097943,0.3786407766990291,0.8931525439535707,0.21884634048082485
136,poisson_pcg5,0.997556695247121,0.9990407218831368,0.2547760830341899,0.941747572815534,0.040798945835005984,0.04229537397435638
136,cg10,0.24076350270009295,0.7906770816862212,0.16427584614804983,0.42718446601941745,0.8882413894749664,0.21908657677220503
136,pcg10,0.3690489213039124,0.8728060466145916,0.17520070651224096,0.47572815533980584,0.8075458796124291,0.17204439538855312
136,poisson_pcg10,0.9999964907731921,1.0,0.25497818790947313,1.0,0.000939437464340103,0.0011432929485720464
136,cg20,0.34105300273585576,0.8789622929909449,0.17944755767957077,0.47572815533980584,0.8025714895777228,0.15680629530532744
136,pcg20,0.7000030286639009,0.9557677914466125,0.23131502676745933,0.6019417475728155,0.4996734627674476,0.10222421956869557
136,poisson_pcg20,1.0,1.0,0.25497818790947313,1.0,2.967666393894656e-07,3.329932521023148e-07
136,cg40,0.729373245386596,0.9652446159198002,0.23921032440412762,0.6601941747572816,0.48140201250102665,0.09664542995011018
136,pcg40,0.9962920883699306,0.997364620558068,0.2540258354506422,0.9029126213592233,0.05329439377329618,0.01770719049498479
136,poisson_pcg40,1.0,1.0,0.25497818790947313,1.0,1.7546322798693315e-13,5.2047101066402374e-14
136,cg80,0.9952118388348472,0.998450396888144,0.25467322998480274,0.9320388349514563,0.05122926417495403,0.016577428183441996
136,pcg80,0.9999991506330018,1.0,0.25497818790947313,1.0,0.00020020952553872668,0.0001059520066985079
136,poisson_pcg80,1.0,1.0,0.25497818790947313,1.0,1.7497340890687182e-13,3.996161234203722e-14
136,poisson,0.7436002096595379,0.9453211473387938,0.21950307282155507,0.5728155339805825,1.8743701315894878,6.4112710431001325
136,amg,0.9933337319397754,0.996974584400662,0.2539184163312138,0.912621359223301,0.10291930976471154,0.04574136579884097
136,oracle,1.0,1.0,0.25497818790947313,1.0,1.67594805417414e-13,3.8386880073682986e-14
137,ensemble,0.195554133735069,0.5658686737716496,0.13290347145258147,0.21359223300970873,,
137,raw,0.1641295552893212,0.6004764766031013,0.11809375931303055,0.14563106796116504,,
137,smoothed,0.1858916788856305,0.6041554663040385,0.12085699538109074,0.21359223300970873,,
137,prediction_magnitude,0.38499257921464836,0.6395960490391407,0.13019294407485762,0.07766990291262135,,
137,boundary_distance,0.4582206667101577,0.681082192214035,0.1637587828618521,0.16063548102383055,,
137,jacobi1,0.1666571038373507,0.6394590093081602,0.1364695651939945,0.20388349514563106,0.940994056167469,0.6177259080561744
137,jacobi5,0.18171892881410484,0.6669407461286276,0.16081922620628444,0.2912621359223301,0.8613997617818105,0.42782259714403326
137,jacobi10,0.22309412103926754,0.7411846557667373,0.1785721528461651,0.3592233009708738,0.8047559045867861,0.3505735103040773
137,jacobi20,0.3306222507331378,0.8435638763269135,0.19408125873342594,0.4174757281553398,0.7279541498568662,0.27807778095340563
137,jacobi40,0.49378182891066447,0.9291504590830988,0.21879738002324978,0.5436893203883495,0.6265275153593514,0.21049708854332488
137,jacobi80,0.6681594105393033,0.9734775412963959,0.24353202036228874,0.7087378640776699,0.49804347095211043,0.1490057650572045
137,cg5,0.21189979928116728,0.659245438158186,0.14959684577193905,0.27184466019417475,0.8886478405199637,0.41642390384815026
137,pcg5,0.19390457361776695,0.72075519433288,0.1733622643175777,0.34951456310679613,0.7857870691251123,0.3144398339635362
137,poisson_pcg5,0.9904437830806093,0.9992620937562591,0.26301279682099943,0.9611650485436893,0.08631059028380278,0.05078714523327799
137,cg10,0.23921778887418635,0.7072515100724203,0.17531798793576267,0.3592233009708738,0.8077399897039642,0.2723430732578154
137,pcg10,0.5017784850869036,0.9291926251541697,0.22374228286006,0.5728155339805825,0.6082931088048399,0.18894557130909603
137,poisson_pcg10,0.9999958872755883,1.0,0.2633164870408914,1.0,0.0009952365781174578,0.0009322360974342904
137,cg20,0.32809123766182674,0.7842783804012101,0.19589733112442156,0.4563106796116505,0.6958604646791546,0.1715038330939074
137,pcg20,0.8091276442135755,0.9910924174862696,0.2542246101183665,0.8252427184466019,0.35141304937512635,0.09200935019633152
137,poisson_pcg20,1.0,1.0,0.2633164870408914,1.0,1.361227771899652e-07,2.6682267416306963e-07
137,cg40,0.6782230124812244,0.9658560239503283,0.24861882750510658,0.7184466019417476,0.4550060187089161,0.09506861606218121
137,pcg40,0.9974739490200986,0.9991988446496527,0.2629915762714568,0.941747572815534,0.040361296121311376,0.018441679282183262
137,poisson_pcg40,1.0,1.0,0.2633164870408914,1.0,1.0188891123504917e-13,2.6832548858833044e-14
137,cg80,0.986325370145197,0.999609963842594,0.2630664131112837,0.970873786407767,0.08787672456098305,0.023713497971026707
137,pcg80,0.9999977983513337,1.0,0.2633164870408914,1.0,0.0005042801991221741,0.000127216099629254
137,poisson_pcg80,1.0,1.0,0.2633164870408914,1.0,1.030539808192775e-13,2.6732399185548905e-14
137,poisson,0.6556333260317574,0.8611576694812519,0.1638485530188487,0.30097087378640774,1.7183344628269441,5.311305764121235
137,amg,0.9954924316930118,0.9993569674161685,0.2630740347360175,0.9611650485436893,0.09655714769903895,0.06739330670579456
137,oracle,1.0,1.0,0.2633164870408914,1.0,1.0173807102436523e-13,2.6454860799750744e-14
138,ensemble,0.13873379497174737,0.6434858690954324,0.12214153917374286,0.1941747572815534,,
138,raw,0.28240612259495024,0.7062816904377892,0.1519496702230841,0.27184466019417475,,
138,smoothed,0.279107583506187,0.7665159229625882,0.14734147743647888,0.22330097087378642,,
138,prediction_magnitude,0.25902785476718404,0.6657179300675712,0.11564955636650401,0.14563106796116504,,
138,boundary_distance,0.3180922285968885,0.7292358453770174,0.11632098280702702,0.17100617828773168,,
138,jacobi1,0.27753880266075387,0.7060497770468992,0.19731333079206906,0.39805825242718446,0.8430545385890121,0.5268893130106895
138,jacobi5,0.47610244483584857,0.85921803021199,0.22093960028382378,0.4854368932038835,0.6680629278481455,0.2839950914744614
138,jacobi10,0.6014111338602389,0.9338414344897379,0.2413056770458568,0.5825242718446602,0.5594682690682119,0.19788139714738195
138,jacobi20,0.7268761846434446,0.9697353024888523,0.25754521572054434,0.6699029126213593,0.4395657070740158,0.13586867473077544
138,jacobi40,0.8425739731600028,0.988752200541834,0.27815549002748435,0.8252427184466019,0.31261648303257994,0.09100484352137247
138,jacobi80,0.9396919256490951,0.9963315518168306,0.2853902413815907,0.912621359223301,0.18260760803222748,0.05157855020324221
138,cg5,0.35336234219655244,0.8170308761055417,0.21944189163715122,0.5339805825242718,0.7325801209941469,0.29085562329285813
138,pcg5,0.5899950714362349,0.933873059043041,0.24245396618310158,0.5922330097087378,0.5468506760037473,0.1858923788292011
138,poisson_pcg5,0.9901830274122023,0.998756100903408,0.28704514270792764,0.9320388349514563,0.07238319037817953,0.036545448947956936
138,cg10,0.5438661397611043,0.907772261050146,0.25148626464159407,0.6504854368932039,0.5839375251640684,0.17370706778932798
138,pcg10,0.7984722122881052,0.9824905389878035,0.27087125794889666,0.7669902912621359,0.3409658820011252,0.10119688746968071
138,poisson_pcg10,0.9999940432551317,1.0,0.2880512313063318,1.0,0.001094314108859769,0.0008645221108512246
138,cg20,0.8078802928975036,0.9800449068656906,0.2753891503326629,0.7864077669902912,0.34087491249368396,0.07860187437153512
138,pcg20,0.9801397879264715,0.9974805772535129,0.28687656352807434,0.9223300970873787,0.09574995838795251,0.021799022350546215
138,poisson_pcg20,1.0,1.0,0.2880512313063318,1.0,6.165363283814422e-07,3.2176046554587677e-07
138,cg40,0.9482881455189185,0.9965529236899529,0.28686011975195774,0.9223300970873787,0.15079521850207567,0.023797717884603557
138,pcg40,0.9980617668621701,0.9996626714314327,0.2877489495602021,0.9514563106796117,0.028510806425727186,0.0036681604822533863
138,poisson_pcg40,1.0,1.0,0.2880512313063318,1.0,2.5002144147452227e-13,4.0870033408692554e-14
138,cg80,0.995243455403762,0.9993569674161685,0.2875908012207414,0.941747572815534,0.046142668623229195,0.004940309261798809
138,pcg80,0.9999921768829125,1.0,0.2880512313063318,1.0,0.0012887244672440915,0.00020999987863900717
138,poisson_pcg80,1.0,1.0,0.2880512313063318,1.0,2.533945498775629e-13,3.6699854264989705e-14
138,poisson,0.533451067520206,0.9112193373601931,0.20876174910199866,0.46601941747572817,3.7078488315475546,6.850643927159935
138,amg,0.9423359045311493,0.9895533558921814,0.2810300406455464,0.8737864077669902,0.2050047881728178,0.06780975543069545
138,oracle,1.0,1.0,0.2880512313063318,1.0,2.54721664091743e-13,3.677780018720513e-14
139,ensemble,0.27371671822473354,0.5510683828257592,0.14774247727588236,0.1553398058252427,,
139,raw,0.07082585294328017,0.47768887764460327,0.10541063887897653,0.06796116504854369,,
139,smoothed,0.041879850332594226,0.44112035250835413,0.10262252400221065,0.05825242718446602,,
139,prediction_magnitude,0.689514050318289,0.7713017720291367,0.17117137864304766,0.1262135922330097,,
139,boundary_distance,0.7471010068085653,0.8612999799711163,0.22043996151574088,0.4766107678729038,,
139,jacobi1,0.14845095576139045,0.574850046909754,0.12355087548012474,0.13592233009708737,0.9626925419328359,0.6195361373416224
139,jacobi5,0.16242968135326513,0.6713998081443766,0.14303550722124458,0.27184466019417475,0.9039269178728274,0.42430606481742006
139,jacobi10,0.2326002700092983,0.7928802588996764,0.15930755454676346,0.33980582524271846,0.8550144287926734,0.3354358505092285
139,jacobi20,0.30868916967670407,0.8954070607086009,0.18386219070746057,0.44660194174757284,0.7863529388473731,0.2528736167996622
139,jacobi40,0.41658452766254195,0.9515511843395212,0.20834840388782402,0.5533980582524272,0.6942806587446578,0.19657753956855095
139,jacobi80,0.601215477701881,0.9825010805055712,0.23785338141450976,0.7378640776699029,0.573696710111708,0.15604339042969814
139,cg5,0.11151391844288674,0.6061478131621391,0.12220874215704937,0.17475728155339806,0.9294102749571549,0.4038023226086953
139,pcg5,0.2066697996387955,0.8024203324794704,0.15944235550941033,0.3300970873786408,0.8271419027809785,0.29900756830475034
139,poisson_pcg5,0.9968958318432157,0.9997997111624132,0.26893513617601156,0.9805825242718447,0.04216605013647649,0.04651264983036114
139,cg10,0.1328181996995923,0.6445294793544375,0.14413845457544544,0.30097087378640774,0.8717812567230343,0.2870886485694108
139,pcg10,0.3845321552464057,0.9368879331246113,0.20451999815960545,0.5339805825242718,0.7106479850086669,0.19800895995563647
139,poisson_pcg10,0.9999936744510406,1.0,0.2691055880856691,1.0,0.0011738563670983366,0.0010937983277142557
139,cg20,0.2885114731600028,0.8228708769488631,0.1751013718556087,0.39805825242718446,0.7650986686968182,0.19796764196184136
139,pcg20,0.7824307877655389,0.9967110464564688,0.2649431468392458,0.9029126213592233,0.38825313355235685,0.12101165392975989
139,poisson_pcg20,1.0,1.0,0.2691055880856691,1.0,2.3370001041092858e-07,4.08697312097192e-07
139,cg40,0.7555401862348902,0.9918197822122429,0.2644733835141791,0.8543689320388349,0.4409003184338267,0.11623630082259838
139,pcg40,0.9893801632572776,0.9997575450913423,0.2688019950237029,0.970873786407767,0.0713452927492768,0.02596440585066835
139,poisson_pcg40,1.0,1.0,0.2691055880856691,1.0,9.976363654515832e-14,3.667724189575436e-14
139,cg80,0.9934811418174665,0.9999156678578581,0.26896518792046636,0.9805825242718447,0.056623658109566107,0.02178059637137046
139,pcg80,0.9999949708533009,1.0,0.2691055880856691,1.0,0.0015554813897372811,0.0007135950495420608
139,poisson_pcg80,1.0,1.0,0.2691055880856691,1.0,9.850963043504011e-14,3.503987549467951e-14
139,poisson,0.7202253951791716,0.9370776804444304,0.222353319943849,0.5436893203883495,2.0430566684751703,6.306109263958057
139,amg,0.9956709552249481,0.9997470035735745,0.2689416266390573,0.9805825242718447,0.1182098645022243,0.07283038540093945
139,oracle,1.0,1.0,0.2691055880856691,1.0,9.104850078654749e-14,3.262449132373049e-14
140,ensemble,0.31850782982261633,0.7080104993516967,0.1499119067000751,0.23300970873786409,,
140,raw,0.25505047028109573,0.6808977156530998,0.16121284547268142,0.2524271844660194,,
140,smoothed,0.41037281623274446,0.7798193183854611,0.16323644069754184,0.27184466019417475,,
140,prediction_magnitude,0.4150983812853158,0.5881745253681625,0.1158891275062885,0.07766990291262135,,
140,boundary_distance,0.4036999103013238,0.5694264360182579,0.11021915018673867,0.06928508384819065,,
140,jacobi1,0.23139347596738427,0.6676891938901363,0.16645740622151414,0.2912621359223301,0.9482519730512107,0.5813820001811816
140,jacobi5,0.2967762834382376,0.7631637203124506,0.2142067920194884,0.4368932038834951,0.8568762171957635,0.37248877951309206
140,jacobi10,0.36211958416779916,0.8436903745401263,0.2287861634920575,0.5145631067961165,0.7926149522975555,0.2874347630337831
140,jacobi20,0.4643190870645877,0.919947714071872,0.244818716508885,0.5728155339805825,0.716864936187533,0.2103590255978379
140,jacobi40,0.5491633288033759,0.9557150838577738,0.26411799736972236,0.6601941747572816,0.6388728425238035,0.15032423696443523
140,jacobi80,0.6132830716686931,0.9700937140929551,0.28335930244820434,0.7087378640776699,0.5650671856508943,0.114063387748116
140,cg5,0.24849535753880264,0.7063976471332343,0.17703993204408386,0.33980582524271846,0.9093426595434402,0.38223086494856445
140,pcg5,0.3684919712466919,0.847116367814638,0.2270990203467005,0.5048543689320388,0.7703904427356502,0.2618504872395839
140,poisson_pcg5,0.992156006365782,0.9997153790202713,0.3116970802511545,0.970873786407767,0.0634695692136295,0.03602769409802276
140,cg10,0.304473224822974,0.8297544880511896,0.21642733738905529,0.47572815533980584,0.8206548162100454,0.26025827819476466
140,pcg10,0.5350036098097417,0.9556518347511674,0.2648894927629236,0.6504854368932039,0.6342714993119091,0.14248220113084065
140,poisson_pcg10,0.9999983906730563,1.0,0.31209149066984543,1.0,0.00048443435990621394,0.0005953057915156348
140,cg20,0.4516758569665974,0.9452789812677229,0.24854296134980783,0.6310679611650486,0.6952063859332914,0.1502230388538467
140,pcg20,0.6575717491595736,0.9734248337075572,0.2850644658933961,0.7281553398058253,0.5208958548632324,0.09129306478066872
140,poisson_pcg20,1.0,1.0,0.31209149066984543,1.0,1.7796195585322996e-07,1.7931484520070883e-07
140,cg40,0.622719729007224,0.9826802863076226,0.2956561674699194,0.7669902912621359,0.5039237512955808,0.08384904964740829
140,pcg40,0.9373513048959301,0.9981236098373444,0.31049330489992966,0.9223300970873787,0.1644385192371473,0.03699741074591002
140,poisson_pcg40,1.0,1.0,0.31209149066984543,1.0,1.339864667401323e-13,3.7094456484983394e-14
140,cg80,0.9856170315964523,0.9998735017867872,0.31190610891159115,0.970873786407767,0.06864566393744195,0.019624108077938393
140,pcg80,0.9999910481188755,1.0,0.31209149066984543,1.0,0.0013174343312015381,0.0006565826467325438
140,poisson_pcg80,1.0,1.0,0.31209149066984543,1.0,1.3205161788770433e-13,3.6486001860768446e-14
140,poisson,0.4488684308168227,0.7984356387632692,0.14639343327418827,0.22330097087378642,2.8237536940809824,6.3629108194554425
140,amg,0.9935107802553464,0.9993569674161685,0.3113375369082614,0.9514563106796117,0.06834682348395006,0.054698503384602526
140,oracle,1.0,1.0,0.31209149066984543,1.0,1.2797233464764693e-13,3.56323943401008e-14
141,ensemble,0.3559579853908876,0.6304249285812171,0.1694529243079453,0.21359223300970873,,
141,raw,0.3124809786495958,0.7311069647807892,0.1878146799762595,0.3106796116504854,,
141,smoothed,0.5663543268543022,0.8763690796200837,0.18462706129059786,0.2815533980582524,,
141,prediction_magnitude,0.6631697594056218,0.7752759242275703,0.16723352532803748,0.1553398058252427,,
141,boundary_distance,0.6978592553870865,0.8330487123536047,0.21390082521590503,0.35414827890556044,,
141,jacobi1,0.26140344485373007,0.682320820551743,0.1828306225613697,0.27184466019417475,0.9749723882347644,0.576330014322657
141,jacobi5,0.2608596041055718,0.6698080389614497,0.1849678150873068,0.34951456310679613,0.9359180702297039,0.36834063798473593
141,jacobi10,0.32118208416779914,0.7637013377186047,0.19256711279623523,0.4174757281553398,0.9054128068660333,0.3000329345424605
141,jacobi20,0.37491505212431153,0.8051927516523829,0.2064808191450755,0.4563106796116505,0.8637018009148884,0.2513105527141972
141,jacobi40,0.4486072616407982,0.8377027924480567,0.2135308539872449,0.4563106796116505,0.811397095415604,0.2205425788328305
141,jacobi80,0.5328955479758243,0.8923500205559597,0.23617352796047308,0.5242718446601942,0.7443846177835799,0.19909475291203155
141,cg5,0.2588906819969959,0.6545860873048501,0.18416878791109403,0.2815533980582524,0.9720368059473762,0.3647475916077776
141,pcg5,0.3124839179064444,0.7539398922656884,0.1885783890120463,0.39805825242718446,0.9080042336540207,0.26847633037890445
141,poisson_pcg5,0.9996511225055432,0.9997997111624132,0.27908683468254886,0.970873786407767,0.02197690353547233,0.03407610846330345
141,cg10,0.25806646073242256,0.6582018278991809,0.17406501526013357,0.2912621359223301,0.945189974797624,0.29465917510158407
141,pcg10,0.44213473866318576,0.8157764354911821,0.21614454665447497,0.47572815533980584,0.8059383420414522,0.2195631829035666
141,poisson_pcg10,0.9999996423717903,1.0,0.2792001399857369,1.0,0.0001894898227789519,0.0003293579273862175
141,cg20,0.3570832849045132,0.838387991102959,0.1926922832840699,0.44660194174757284,0.8519954983262616,0.23578582659762276
141,pcg20,0.7441558856662612,0.9665833886763017,0.2589224158062798,0.6601941747572816,0.523297467993253,0.16032698436229043
141,poisson_pcg20,1.0,1.0,0.2792001399857369,1.0,1.8722869332669854e-08,4.7375858162029814e-08
141,cg40,0.715024128728274,0.9913981215015338,0.2720813131583674,0.8252427184466019,0.5297814416088343,0.1460660391407183
141,pcg40,0.9758273505114081,0.9991566785785817,0.27894761182837396,0.9611650485436893,0.11217147412768992,0.03879074173690553
141,poisson_pcg40,1.0,1.0,0.2792001399857369,1.0,1.87024768781885e-13,6.408688561676365e-14
141,cg80,0.983396216293541,0.9993675089339363,0.27901118854941653,0.9611650485436893,0.09569737016211197,0.03565124037090129
141,pcg80,0.9999993406229883,1.0,0.2792001399857369,1.0,0.00012040478418480522,8.366216384800954e-05
141,poisson_pcg80,1.0,1.0,0.2792001399857369,1.0,1.87024768781885e-13,6.408688561676365e-14
141,poisson,0.8026279638437879,0.8393367277020546,0.21555803570660437,0.39805825242718446,1.0179963463788126,6.67158529015723
141,amg,0.9975295825584721,0.9982501080505571,0.2785850320374505,0.9320388349514563,0.1072951287348258,0.05584096532796658
141,oracle,1.0,1.0,0.2792001399857369,1.0,1.8243166959703768e-13,6.230770248082907e-14
142,ensemble,0.18255947804162792,0.6204421112551786,0.11830478104575148,0.1553398058252427,,
142,raw,0.3234535820935555,0.7028135310922067,0.14471407671974681,0.2524271844660194,,
142,smoothed,0.3591374119340533,0.7347648714461908,0.14725903118853043,0.2815533980582524,,
142,prediction_magnitude,0.12424646618625275,0.5411593561240947,0.10001928269368336,0.07766990291262135,,
142,boundary_distance,0.1274655220624809,0.5258267185309341,0.09738823948131654,0.050529567519858785,,
142,jacobi1,0.22072151491309627,0.6811190875262221,0.1582317246041315,0.32038834951456313,0.8950186945180159,0.5391897788507544
142,jacobi5,0.3512619917209069,0.8023992494439349,0.1707062469066208,0.33980582524271846,0.785830981589676,0.3103585160962259
142,jacobi10,0.4287903449324082,0.8412236593824779,0.18902136603213288,0.4174757281553398,0.7185919690857561,0.2339054370340846
142,jacobi20,0.5047790304699235,0.877865975143101,0.20117103832716568,0.47572815533980584,0.6421885325549618,0.17638383270770835
142,jacobi40,0.5922197088906372,0.9048838851817885,0.21652326142080836,0.5436893203883495,0.5601128316598881,0.14191984732030696
142,jacobi80,0.7159894902009869,0.9353804960838261,0.2285302409878797,0.5922330097087378,0.45939194206751827,0.11283215256561221
142,cg5,0.2881841651169444,0.7617827814848782,0.16375326269924823,0.33980582524271846,0.8450767869743735,0.31705331056275654
142,pcg5,0.4221364597489449,0.8350568714883569,0.18011471433893506,0.3883495145631068,0.711442712855171,0.21624096351290134
142,poisson_pcg5,0.9925619926149776,0.9965950897610238,0.25645277753656054,0.8932038834951457,0.07692725356163807,0.041886303742093844
142,cg10,0.39567372684357344,0.8456194722916206,0.18207023281812607,0.3786407766990291,0.7451961111493359,0.21611041253353866
142,pcg10,0.5402615156283528,0.8930352192108619,0.20951584675750648,0.5339805825242718,0.5897106121806327,0.1420801723980118
142,poisson_pcg10,0.9999945014662757,1.0,0.2573346737484166,1.0,0.0010925699516030442,0.0006549923747597067
142,cg20,0.6743461438738287,0.9552301740404583,0.22891060130645785,0.6310679611650486,0.4910121806683663,0.12716007781957603
142,pcg20,0.8311395934661325,0.9494112562326724,0.2284798747545529,0.5728155339805825,0.3468847518733683,0.07411685225707378
142,poisson_pcg20,1.0,1.0,0.2573346737484166,1.0,2.575208852009733e-07,2.48201190189647e-07
142,cg40,0.9439121620413417,0.993559132643918,0.2551168538128997,0.883495145631068,0.1713543384777112,0.037792349031151765
142,pcg40,0.9944722748730419,0.998756100903408,0.25686483443591995,0.9514563106796117,0.056373479117524744,0.012591677140921383
142,poisson_pcg40,1.0,1.0,0.2573346737484166,1.0,3.302426005003326e-13,4.6034130281383184e-14
142,cg80,0.9971113028395678,0.999146137060814,0.2571089260145702,0.941747572815534,0.038043160285867364,0.005590137873811428
142,pcg80,0.9999918192547027,1.0,0.2573346737484166,1.0,0.0011888837296650985,0.00036304939356721864
142,poisson_pcg80,1.0,1.0,0.2573346737484166,1.0,3.3143257380723984e-13,4.54284997142576e-14
142,poisson,0.6015382706887918,0.9167641757060182,0.19145383027403706,0.47572815533980584,2.5450434509629085,6.575797558782257
142,amg,0.950045206440884,0.9938542951414144,0.25528832400208834,0.8932038834951457,0.16859925873846954,0.049503915696251496
142,oracle,1.0,1.0,0.2573346737484166,1.0,3.3772357284247243e-13,4.61503470078876e-14
143,ensemble,0.19590862152206562,0.625733953174578,0.1522568081699951,0.2621359223300971,,
143,raw,0.25056457200843996,0.7025816177013167,0.146617056704956,0.2621359223300971,,
143,smoothed,0.22482028064873757,0.7018226284220402,0.1371039625514163,0.22330097087378642,,
143,prediction_magnitude,0.14140436127601744,0.6312471669670999,0.12791819080008116,0.17475728155339806,,
143,boundary_distance,0.15016998271073492,0.6693600244563213,0.10294576053031104,0.08097969991173876,,
143,jacobi1,0.2172845401795294,0.6280847116367815,0.15276259073684545,0.1941747572815534,0.8893384161868895,0.5706908454797378
143,jacobi5,0.43387421992346753,0.7375056660658001,0.2004243257493611,0.33980582524271846,0.7453395526251404,0.3256641999711025
143,jacobi10,0.5297738448608826,0.7881892834930373,0.21805084670677755,0.4174757281553398,0.6622231160847197,0.23786088127656219
143,jacobi20,0.6136528592375367,0.8346352107776478,0.22879319025281947,0.4854368932038835,0.579572577547416,0.17017961061060785
143,jacobi40,0.7078094042808096,0.8850342072251562,0.2384965099200455,0.5242718446601942,0.4938499698774553,0.12514777745734984
143,jacobi80,0.8160167593519776,0.935854864383374,0.25638049545860087,0.6116504854368932,0.38904269009851383,0.08713922831424707
143,cg5,0.36732470629783276,0.7386546915024825,0.18710931992960522,0.34951456310679613,0.7915008284860933,0.3259315256103194
143,pcg5,0.5257468394606966,0.7875462509092059,0.21742228449536763,0.42718446601941745,0.649856639128727,0.21204238538732653
143,poisson_pcg5,0.9952342241255988,0.9992620937562591,0.2824616571868158,0.9611650485436893,0.05314907132198382,0.03381682086936057
143,cg10,0.5479368428581647,0.8709085734164005,0.21434694578028451,0.4174757281553398,0.6404552299114029,0.20038436684898353
143,pcg10,0.6481944692797367,0.8614317489432128,0.2349546307047964,0.5048543689320388,0.5288656870287852,0.13025864151839256
143,poisson_pcg10,0.9999912269329805,1.0,0.28294058822942786,1.0,0.0014194080306958424,0.0009129161481425751
143,cg20,0.7676634584436021,0.9451314000189748,0.25534072576046674,0.6116504854368932,0.42335627056526504,0.0973122941874514
143,pcg20,0.8785107579035834,0.9749533537838778,0.27051973830559545,0.7281553398058253,0.27687625024646084,0.0590239208830147
143,poisson_pcg20,1.0,1.0,0.28294058822942786,1.0,8.727674229026136e-07,4.593877105386462e-07
143,cg40,0.9147346957478005,0.9916405764101915,0.27736850606188707,0.8446601941747572,0.21512132782688592,0.034931105554454445
143,pcg40,0.9770163525498891,0.9988931406343885,0.2822162644994231,0.9514563106796117,0.09684606746029745,0.014762830030405346
143,poisson_pcg40,1.0,1.0,0.28294058822942786,1.0,1.203093839224e-13,2.2374336318547305e-14
143,cg80,0.9863093215792861,0.9995256317004523,0.2825090425694183,0.970873786407767,0.0742098894896556,0.009182521612217056
143,pcg80,0.999996971336099,1.0,0.28294058822942786,1.0,0.000607717246301653,0.0001601699865124465
143,poisson_pcg80,1.0,1.0,0.28294058822942786,1.0,1.2217074452903086e-13,2.1697489126882353e-14
143,poisson,0.4624654329983549,0.848434057535604,0.21906208814555755,0.47572815533980584,3.5648374697103464,7.025915125239216
143,amg,0.9887625393391029,0.9985452705480535,0.2819072236859728,0.9320388349514563,0.08978861080572408,0.04514947636162511
143,oracle,1.0,1.0,0.28294058822942786,1.0,1.144385341863686e-13,2.0972853480420058e-14
144,ensemble,-0.03452376215935913,0.5008485921803021,0.09708889947855638,0.08737864077669903,,
144,raw,0.31617827319218933,0.5905252838303658,0.15891508009591382,0.17475728155339806,,
144,smoothed,0.30670771940490665,0.6216438442806995,0.15314720272654458,0.1941747572815534,,
144,prediction_magnitude,0.02297377914669909,0.6188819666255547,0.05457340065251258,0.009708737864077669,,
144,boundary_distance,0.0030442196271488527,0.6154717856276947,0.062255183900453856,0.030450132391879964,,
144,jacobi1,0.3216494371826049,0.6079082466293497,0.16907992002708308,0.24271844660194175,0.8581194818455155,0.4719433797347045
144,jacobi5,0.5251735390887633,0.7023286212748912,0.1941232447659755,0.2621359223300971,0.7204456025770136,0.25492804795588225
144,jacobi10,0.6216868428581646,0.8115176623130198,0.22327612139285735,0.36893203883495146,0.6274519941076891,0.19418997053211065
144,jacobi20,0.7233029535619768,0.91257919315223,0.25626022721766223,0.5242718446601942,0.506396736830201,0.1463231821060101
144,jacobi40,0.8314901249910592,0.9702202123061678,0.29041663152244573,0.7087378640776699,0.36803140814915225,0.10603043586885343
144,jacobi80,0.9101568199699591,0.9908921286486828,0.30169020282585474,0.8349514563106796,0.24255202572007648,0.07605440793079947
144,cg5,0.3990672273978971,0.6223817505244406,0.17434381987750894,0.20388349514563106,0.820469050441555,0.32840159276247394
144,pcg5,0.5886025677705456,0.786302351812614,0.2212333836152406,0.36893203883495146,0.632969797031723,0.17332975987340135
144,poisson_pcg5,0.9989897450110863,0.9998207941979487,0.30941170402071755,0.970873786407767,0.020871872944473954,0.026137511913970613
144,cg10,0.510666104892354,0.6919452262736789,0.1923694174283375,0.2621359223300971,0.7147020768213885,0.20810073910690094
144,pcg10,0.798708671590015,0.9681751578592286,0.28979261746719914,0.7184466019417476,0.3667430718242788,0.08146407600462949
144,poisson_pcg10,0.9999992847435805,1.0,0.30953703156785534,1.0,0.0002569310155607964,0.00030376987637951785
144,cg20,0.7010002861025677,0.9181240314980551,0.26447908111481466,0.5631067961165048,0.5058916243662622,0.10262368488738027
144,pcg20,0.9347632277734068,0.9950349451314,0.30504239723384263,0.8932038834951457,0.18379676809994666,0.03331505324643159
144,poisson_pcg20,1.0,1.0,0.30953703156785534,1.0,4.174106600856681e-09,6.730190301156299e-09
144,cg40,0.9128330636220584,0.9960363893193342,0.3068374821672902,0.912621359223301,0.1906340421899584,0.027579469955055388
144,pcg40,0.9930688970746011,0.9995256317004523,0.3091002776604151,0.9611650485436893,0.05091967769182429,0.007320587622569637
144,poisson_pcg40,1.0,1.0,0.30953703156785534,1.0,2.164877804500859e-13,5.0902309538323665e-14
144,cg80,0.9998166261354695,0.9999472924111613,0.3095159523447782,0.9805825242718447,0.006950800155363465,0.001953719969062973
144,pcg80,0.9999996870753165,1.0,0.30953703156785534,1.0,7.311694583128929e-05,2.9090711203548928e-05
144,poisson_pcg80,1.0,1.0,0.30953703156785534,1.0,2.164877804500859e-13,5.0902309538323665e-14
144,poisson,0.7207178939274729,0.9620821605894817,0.27080119580070944,0.6796116504854369,1.4096465890632106,4.9103736897166455
144,amg,0.9880773795687002,0.9986717687612663,0.30820826055827644,0.941747572815534,0.07906624019319701,0.03848334066417304
144,oracle,1.0,1.0,0.30953703156785534,1.0,2.1793036005150873e-13,5.1020784904302776e-14
145,ensemble,0.15624859183892423,0.6062743113753518,0.12613014759955157,0.1553398058252427,,
145,raw,0.2558435331878979,0.7009898485183896,0.1458389140057377,0.2524271844660194,,
145,smoothed,0.23677212601029965,0.7090751926462372,0.14641017349772417,0.2524271844660194,,
145,prediction_magnitude,0.24704679565124094,0.5952795083436113,0.10620010254826089,0.07766990291262135,,
145,boundary_distance,0.22755353221924077,0.59354542867082,0.10296640087614833,0.08870255957634599,,
145,jacobi1,0.30519197929332664,0.7122903555653943,0.16962312293422824,0.2815533980582524,0.8453760330950226,0.47320383568944624
145,jacobi5,0.42588280523567695,0.8164721756638521,0.20826325394412534,0.42718446601941745,0.7156212377526125,0.26795224431099296
145,jacobi10,0.5159863162506257,0.8780346394273848,0.2207342625030983,0.5048543689320388,0.6373023375455465,0.20585858173495206
145,jacobi20,0.6284128236535297,0.9266732024076827,0.23447354347072544,0.5922330097087378,0.5386600571195939,0.15328772827338114
145,jacobi40,0.7566817466561763,0.9630941462951835,0.2457919431039282,0.6796116504854369,0.41802772570399016,0.10739963716353443
145,jacobi80,0.8901962373041985,0.9857057019069606,0.2587462979094812,0.7864077669902912,0.273743571470901,0.0678754482470704
145,cg5,0.36061057193691437,0.7807258889134857,0.1912642672854005,0.3883495145631068,0.7677428911952167,0.2590434100579278
145,pcg5,0.48833471541735207,0.8633503051769393,0.21817058932996322,0.49514563106796117,0.6419112138928983,0.182694300185573
145,poisson_pcg5,0.9857178715757098,0.9981236098373444,0.2676719965845514,0.912621359223301,0.08760340653018947,0.033656404757047016
145,cg10,0.468837484800801,0.872363302868347,0.2154627224342484,0.4563106796116505,0.6610043328392247,0.15694055280839025
145,pcg10,0.7026111106144053,0.9522785490654945,0.23917298012353466,0.6310679611650486,0.4455216011525474,0.09570714065163154
145,poisson_pcg10,0.9999884553143551,1.0,0.26885142924179595,1.0,0.0015650074370148158,0.0006758671927826232
145,cg20,0.6748321270831843,0.9540706070860082,0.24707093068340674,0.6601941747572816,0.47379500531300245,0.0867218598152473
145,pcg20,0.967759101637937,0.9964580500300433,0.26761858132077965,0.912621359223301,0.1286384663839782,0.034026433784563354
145,poisson_pcg20,1.0,1.0,0.26885142924179595,1.0,3.250120309350839e-07,2.194824342752744e-07
145,cg40,0.9183861691760244,0.9941599991566786,0.2660702931719746,0.883495145631068,0.21375648929573937,0.03339236910212412
145,pcg40,0.9963717053501179,0.9992410107207236,0.2683851145687678,0.941747572815534,0.04235404376538796,0.0050772949511235415
145,poisson_pcg40,1.0,1.0,0.26885142924179595,1.0,2.475888664854453e-13,3.543038173105191e-14
145,cg80,0.9967965788391387,0.9996626714314327,0.268632360826856,0.9611650485436893,0.03913332576180534,0.005093493569181886
145,pcg80,0.9999979771654386,1.0,0.26885142924179595,1.0,0.0005241938877179724,9.90108786538007e-05
145,poisson_pcg80,1.0,1.0,0.26885142924179595,1.0,2.4906707236916554e-13,3.560167358702099e-14
145,poisson,0.5548221358450754,0.8368700125444062,0.18809832316937766,0.39805825242718446,3.63758470762528,7.254483658048982
145,amg,0.9935319361991272,0.9987244763501049,0.26822205914653297,0.9320388349514563,0.08431543489433474,0.04389362108245743
145,oracle,1.0,1.0,0.26885142924179595,1.0,2.4687983767061157e-13,3.5269554573762274e-14
146,ensemble,0.3429845638723982,0.6786629138863414,0.15761015036656958,0.2524271844660194,,
146,raw,0.24995757635362273,0.6889830597809473,0.1404610576279725,0.20388349514563106,,
146,smoothed,0.2731254693870252,0.6757218304291452,0.13475115291759954,0.1941747572815534,,
146,prediction_magnitude,0.5702954679565124,0.7976344834129218,0.17580897970466286,0.27184466019417475,,
146,boundary_distance,0.5679502614850646,0.8047131125939513,0.16830907281787263,0.25330979699911743,,
146,jacobi1,0.22665205233888847,0.6617543193869053,0.14722469422951825,0.2912621359223301,0.9247493227440263,0.5450521691186281
146,jacobi5,0.3055848674093412,0.7649030707441258,0.18645683332023083,0.44660194174757284,0.835684888473961,0.3278409452690002
146,jacobi10,0.40201164750375507,0.8386831536004554,0.19545096644123242,0.46601941747572817,0.7678817039112757,0.2597328847108295
146,jacobi20,0.5221458027859237,0.8994444620136407,0.20879372758497394,0.5048543689320388,0.6762681971470105,0.20185736000293594
146,jacobi40,0.6556507380552177,0.9413469951403604,0.23839872425518782,0.6116504854368932,0.5578056363454179,0.14825232775146205
146,jacobi80,0.799298702256634,0.9659825221635411,0.2568075407706266,0.7087378640776699,0.41793088044611304,0.09645507865244139
146,cg5,0.25887620923038407,0.7383700705227538,0.17081219629759034,0.34951456310679613,0.8765721238791873,0.338142821836748
146,pcg5,0.39823347310635865,0.8249159313958023,0.18901338207202756,0.42718446601941745,0.7653552576035519,0.25314375841184644
146,poisson_pcg5,0.9975526719297617,0.9996205053603617,0.28026369836444104,0.9611650485436893,0.03958868233106077,0.03712057428164916
146,cg10,0.372377266468779,0.8406227928697174,0.20923178238592355,0.5048543689320388,0.755500434172792,0.23705628394584669
146,pcg10,0.633177738985051,0.9359497380432835,0.2271050101772651,0.5533980582524272,0.5539811910262697,0.15453314182481998
146,poisson_pcg10,0.9999889135254988,1.0,0.28060755124295056,1.0,0.0016820945530781936,0.0012426618515539772
146,cg20,0.6236778820363349,0.9317542139717276,0.23619035924399903,0.5436893203883495,0.5421367566495764,0.125193751569391
146,pcg20,0.8844082705993848,0.97424707209344,0.2687249417250464,0.7669902912621359,0.2998832474392309,0.0634033947658543
146,poisson_pcg20,0.9999999888241183,1.0,0.28060755124295056,1.0,6.18188996978918e-07,4.7556374228537347e-07
146,cg40,0.8736541109362705,0.9816366760486175,0.2737116036263342,0.7766990291262136,0.2782162417270197,0.05251077104418391
146,pcg40,0.9867389336420855,0.9950454866491677,0.27738524412867727,0.8446601941747572,0.09451859047090921,0.016394991546453554
146,poisson_pcg40,1.0,1.0,0.28060755124295056,1.0,1.6534572518675024e-13,3.90665729652635e-14
146,cg80,0.9893690432551318,0.9967637540453075,0.2791275077664018,0.8932038834951457,0.0776642529836792,0.012914433852565698
146,pcg80,0.9999933056469493,1.0,0.28060755124295056,1.0,0.0010344462389179135,0.0003687646628733677
146,poisson_pcg80,1.0,1.0,0.28060755124295056,1.0,1.608611028585159e-13,3.105033090634662e-14
146,poisson,0.5573487009155281,0.8321474125844639,0.19340247785842435,0.3300970873786408,2.5334479143536934,6.6547346533767815
146,amg,0.9844734930441311,0.9967742955630752,0.2792060567029849,0.912621359223301,0.1605236852218288,0.07521132988893574
146,oracle,1.0,1.0,0.28060755124295056,1.0,1.6478572221588866e-13,3.175779039978653e-14
147,ensemble,0.31605555083685,0.650401104751062,0.1582082126729235,0.21359223300970873,,
147,raw,0.3270152349617338,0.758377871245902,0.14997293812198073,0.23300970873786409,,
147,smoothed,0.40946691044989625,0.7838567196905011,0.13616974850507035,0.18446601941747573,,
147,prediction_magnitude,0.48898956619698153,0.7602648029263254,0.1633628165553308,0.24271844660194175,,
147,boundary_distance,0.5077544894450798,0.7590894236952236,0.13899852564267134,0.1593115622241836,,
147,jacobi1,0.25433628674629855,0.6992821226400177,0.1608987046295103,0.2815533980582524,0.9279445130798254,0.5259700260915956
147,jacobi5,0.2771430646949431,0.7611924564898854,0.18255977197204598,0.3786407766990291,0.8453110556353552,0.32988907750443947
147,jacobi10,0.3485695095129104,0.8507004838556655,0.19647003814897954,0.44660194174757284,0.7857277308375026,0.2730457031579516
147,jacobi20,0.4423588039124526,0.9191781832748279,0.23072168347237507,0.5922330097087378,0.7015484354730093,0.22302893611027855
147,jacobi40,0.577144294041914,0.9679327029505709,0.25737913569534887,0.6990291262135923,0.5782554906494783,0.1699321554390143
147,jacobi80,0.7807969744653457,0.9898590599074455,0.27125982357453016,0.7864077669902912,0.40862828892623815,0.10871257858482668
147,cg5,0.3027311842858164,0.7945563602247452,0.1920832562022076,0.4174757281553398,0.8633426243374063,0.3269681903678093
147,pcg5,0.33071744689221083,0.8413501575956907,0.19576524287916802,0.44660194174757284,0.7811981840311659,0.2644029919653591
147,poisson_pcg5,0.9949821632930405,0.9991777616141172,0.2834533171623403,0.9320388349514563,0.05132280079963192,0.03318344509186187
147,cg10,0.3845537694013303,0.921887353341134,0.2305452694022679,0.6213592233009708,0.7317856670241614,0.22653263149673855
147,pcg10,0.564288811601459,0.9621348681783203,0.2534943433156728,0.6990291262135923,0.5414981653518754,0.1689809215752295
147,poisson_pcg10,0.9999951273156426,1.0,0.2841624786491385,1.0,0.0009833388950085604,0.0009329232255133758
147,cg20,0.6680509486088262,0.9670999230469203,0.2698054540346955,0.7572815533980582,0.47945728445889335,0.1134851699833589
147,pcg20,0.925654560206709,0.9919884464965266,0.2789874119360875,0.8446601941747572,0.19695667883564946,0.03964550175992612
147,poisson_pcg20,1.0,1.0,0.2841624786491385,1.0,3.736886280470651e-07,3.3245043966623524e-07
147,cg40,0.8503840256419425,0.9803189863276515,0.27122751377105514,0.7475728155339806,0.29762094074514295,0.04531034923183028
147,pcg40,0.9887811918854157,0.9982817326038603,0.28306131191947137,0.9223300970873787,0.08086741381731384,0.014431266748882836
147,poisson_pcg40,1.0,1.0,0.2841624786491385,1.0,4.1515443051658063e-13,6.617464763545923e-14
147,cg80,0.9971371526536013,0.9997364620558068,0.28403816375910373,0.970873786407767,0.03465592792433899,0.008463157187310189
147,pcg80,0.9999994188541591,1.0,0.2841624786491385,1.0,0.00017515563932332006,6.375609202288031e-05
147,poisson_pcg80,1.0,1.0,0.2841624786491385,1.0,4.1457165689326976e-13,6.606360639782407e-14
147,poisson,0.6680568830019311,0.9577179722336422,0.24775490788420249,0.6699029126213593,3.1229518280904895,7.227249687990655
147,amg,0.9875655018417853,0.9981130683195767,0.2832569500122143,0.941747572815534,0.1333908470336182,0.06593342170789344
147,oracle,1.0,1.0,0.2841624786491385,1.0,4.146642403510093e-13,6.585308177574559e-14
148,ensemble,0.1446123310206709,0.5964917828869001,0.13512320591554114,0.22330097087378642,,
148,raw,0.28813017443315925,0.7025499931480135,0.17183687249079474,0.2912621359223301,,
148,smoothed,0.31206742632858875,0.7059232788336864,0.17152192223491328,0.2815533980582524,,
148,prediction_magnitude,0.2582484599635219,0.6860419763237511,0.129696217185988,0.1650485436893204,,
148,boundary_distance,0.2949734467492325,0.7404520202818802,0.13022545069887287,0.18336275375110328,,
148,jacobi1,0.2851181961233102,0.6750998808808493,0.16678333079674262,0.27184466019417475,0.8985729206520247,0.48372844619369965
148,jacobi5,0.3884549008475788,0.743018879858322,0.19679068089049112,0.3883495145631068,0.7980114872053456,0.29636185208466276
148,jacobi10,0.44452189578713963,0.8095885645615256,0.21957909431401654,0.46601941747572817,0.721378559522916,0.23066924546312126
148,jacobi20,0.5322980965238537,0.910681719954039,0.24143956481840556,0.5339805825242718,0.6170397932938386,0.17141291014735205
148,jacobi40,0.6803809969780416,0.9659825221635411,0.2743495481812921,0.6893203883495146,0.48374934217336507,0.12196359149130631
148,jacobi80,0.8311600900329017,0.9887838250951372,0.2976691788792575,0.8543689320388349,0.33032358184094107,0.08079255623065709
148,cg5,0.3382498904763608,0.7584622033880438,0.21332380125893274,0.4563106796116505,0.7961372021697312,0.26594043826980707
148,pcg5,0.4225441447321365,0.8056671199519306,0.21896837831290047,0.4563106796116505,0.712606831473178,0.21217669224440522
148,poisson_pcg5,0.9944599702274515,0.9995045486649168,0.30355022948021243,0.9611650485436893,0.057298844167200054,0.03217531750238732
148,cg10,0.44031518221157273,0.7955050968238407,0.22766050785717193,0.5048543689320388,0.6848569963712963,0.16467403368827926
148,pcg10,0.6274643265860811,0.9570011490254366,0.2618282210864947,0.6116504854368932,0.5053883594273261,0.11284977982125952
148,poisson_pcg10,0.9999891258672483,1.0,0.3040203158410989,1.0,0.0016408179059036777,0.0009117551938002605
148,cg20,0.66438471184107,0.9193363060413439,0.2647179438020454,0.6019417475728155,0.4855939573178301,0.0938221837073719
148,pcg20,0.9047588021243114,0.9938648366591822,0.29930046224496454,0.8737864077669902,0.21084613577495603,0.043235059851482016
148,poisson_pcg20,1.0,1.0,0.3040203158410989,1.0,2.85820606751367e-07,2.2727933306526214e-07
148,cg40,0.9433658737751232,0.9950244036136323,0.3006668730996197,0.8932038834951457,0.16746036191625477,0.033059564971047346
148,pcg40,0.9959266929225377,0.9994729241116136,0.30348496942544334,0.9514563106796117,0.04352184443435499,0.00737060251732106
148,poisson_pcg40,1.0,1.0,0.3040203158410989,1.0,1.9138593680976832e-13,2.7227410110371092e-14
148,cg80,0.9989914102174379,0.9999472924111613,0.3040011938057931,0.9902912621359223,0.017390547699532757,0.0029860625428177585
148,pcg80,0.999999474733567,1.0,0.3040203158410989,1.0,0.00015580517449595695,3.9626108811293685e-05
148,poisson_pcg80,1.0,1.0,0.3040203158410989,1.0,1.9065547441415822e-13,2.7083608488169813e-14
148,poisson,0.5200236146377226,0.9259880037527803,0.24943661647774837,0.5825242718446602,4.302227342540837,7.401767825029962
148,amg,0.9717440633717186,0.9969113352940556,0.30260267298216126,0.912621359223301,0.1388416674679722,0.054199473579346534
148,oracle,1.0,1.0,0.3040203158410989,1.0,1.8680909600847067e-13,2.660031506130066e-14
149,ensemble,0.29959063863457547,0.7292832822069721,0.20794401886731984,0.3300970873786408,,
149,raw,0.19268406676918673,0.7897810526759643,0.19535658348931723,0.3883495145631068,,
149,smoothed,0.294624892711537,0.9192835984525052,0.27740002224155796,0.6310679611650486,,
149,prediction_magnitude,0.5933483052893211,0.8180006957401726,0.22082019559092725,0.36893203883495146,,
149,boundary_distance,0.2941965047427281,0.6737452958476962,0.09949438868251306,0.05516328331862313,,
149,jacobi1,0.3300520237286317,0.7084743261334767,0.20707019125223505,0.32038834951456313,0.9780309322549755,0.5680081696417423
149,jacobi5,0.3929805740826836,0.6641577854379473,0.19715709109273266,0.2621359223300971,0.959504558472971,0.40124588096049146
149,jacobi10,0.45076549200700944,0.6706829849361711,0.20921993994333776,0.2815533980582524,0.9454072289423278,0.3447457793277826
149,jacobi20,0.5027372974930262,0.6866006767654407,0.21966304916069723,0.33980582524271846,0.9192940579235209,0.2969433207010616
149,jacobi40,0.5487089621629353,0.7196588764850363,0.23530242866298803,0.4077669902912621,0.8675193468856418,0.2569906249725535
149,jacobi80,0.5744748453257993,0.8057936181651434,0.2685029555259356,0.5436893203883495,0.768196022681565,0.21453123475885696
149,cg5,0.3590843823760818,0.7346910808218168,0.23207963761265787,0.3786407766990291,0.9384242059801549,0.3845171380662349
149,pcg5,0.4670388048959301,0.6634198791942064,0.20028064986525856,0.23300970873786409,0.9507938665775361,0.31434611778329963
149,poisson_pcg5,0.9957770031650095,0.9997364620558068,0.3655434569870383,0.970873786407767,0.03755681419038343,0.04176023055159193
149,cg10,0.4468905903547672,0.780873470162234,0.2560864355577059,0.46601941747572817,0.8750152614373433,0.28100559704760186
149,pcg10,0.5481873837708319,0.7147676122408104,0.23076045062084144,0.39805825242718446,0.888573153798584,0.24215916728655706
149,poisson_pcg10,0.999992188058794,1.0,0.36574679658503734,1.0,0.0007665718033556986,0.0008468907070033768
149,cg20,0.5646037032401116,0.9170909627568177,0.2926769668905319,0.6310679611650486,0.740871991031455,0.20110071819874992
149,pcg20,0.7946289383806594,0.9715379020271339,0.3435093296406778,0.7475728155339806,0.4347093302649516,0.1312262577147858
149,poisson_pcg20,1.0,1.0,0.36574679658503734,1.0,3.582494205058199e-07,3.524986481041882e-07
149,cg40,0.791036373024104,0.9964369669945079,0.3615899591569336,0.883495145631068,0.35983704840493164,0.09649527614664602
149,pcg40,0.9361952381803875,0.9999578339289291,0.36563844101835097,0.9902912621359223,0.1205697650433195,0.03464932625172068
149,poisson_pcg40,1.0,1.0,0.36574679658503734,1.0,3.6942376277243316e-14,2.7344764911700673e-14
149,cg80,0.9771438358307702,0.9999894584822323,0.3657064287510204,0.9902912621359223,0.06371679526585951,0.0211815341840804
149,pcg80,0.9999989829947786,1.0,0.36574679658503734,1.0,0.00018724827341023683,0.00012023686769189574
149,poisson_pcg80,1.0,1.0,0.36574679658503734,1.0,3.356968624482271e-14,2.0442520991431844e-14
149,poisson,0.5431045593126386,0.9125686516344623,0.31288255421653155,0.6990291262135923,1.4937701626364226,6.381358256038947
149,amg,0.9902706910271081,0.9987877254567112,0.3642738067787046,0.9223300970873787,0.14444739408216176,0.06708045188485627
149,oracle,1.0,1.0,0.36574679658503734,1.0,3.2996223684501906e-14,1.981630407323723e-14
150,ensemble,0.35168796044631995,0.7797349862433193,0.16598163077381511,0.3300970873786408,,
150,raw,0.20255697464415992,0.6860103517704479,0.15604035990712703,0.2621359223300971,,
150,smoothed,0.2634129130605822,0.7734206171004501,0.14963913163690978,0.23300970873786409,,
150,prediction_magnitude,0.4295213593448251,0.7628790993327219,0.08829108483063774,0.019417475728155338,,
150,boundary_distance,0.4807271220365137,0.7848950591906223,0.11437606866517971,0.1328331862312445,,
150,jacobi1,0.20613508958586652,0.6797276071808819,0.1600438945431124,0.3106796116504854,0.9190223872046861,0.5172660335683973
150,jacobi5,0.2613004591052142,0.7220307179827752,0.16957484918747381,0.3300970873786408,0.8420363681430941,0.31439795447993873
150,jacobi10,0.3201090654280809,0.7803780188271507,0.18667511197443898,0.3883495145631068,0.7896233911595397,0.25384285257435746
150,jacobi20,0.39101944156355045,0.8418245258952384,0.20239098922592863,0.4563106796116505,0.7217134328041359,0.20385667292006002
150,jacobi40,0.4947039844252914,0.8941104540231702,0.21944637995623825,0.5048543689320388,0.6335690179066792,0.16066174153040316
150,jacobi80,0.6359986432479794,0.93833212105879,0.24213970783711503,0.6019417475728155,0.5217921936974256,0.11992401365395311
150,cg5,0.21311812683284453,0.7185309340838893,0.18048451010487296,0.3786407766990291,0.882408519081704,0.26180696244678214
150,pcg5,0.3031441554609827,0.7650295689573384,0.1818862221133399,0.3592233009708738,0.7946803700957071,0.17486889409495382
150,poisson_pcg5,0.9982285557184749,0.9996310468781295,0.2751027416067596,0.970873786407767,0.0344962099135038,0.03053790303061958
150,cg10,0.256937629640226,0.7702687032878994,0.18537267426242354,0.4174757281553398,0.812840787867444,0.17103927409367167
150,pcg10,0.4473705609398469,0.8749248916859049,0.20825744478297697,0.4563106796116505,0.6558465644093646,0.09398150121624435
150,poisson_pcg10,0.9999990947535942,1.0,0.2752475218140801,1.0,0.00032844004518117905,0.0003373218726045984
150,cg20,0.37219541252413985,0.8655534823903945,0.2160475375172312,0.49514563106796117,0.6968779578499863,0.09992396912479946
150,pcg20,0.7548830220477791,0.9629254820108999,0.2550506473665107,0.7087378640776699,0.410961493389981,0.05435907343944143
150,poisson_pcg20,1.0,1.0,0.2752475218140801,1.0,7.776753301505151e-08,5.683498889111068e-08
150,cg40,0.643214161183034,0.9513614370197021,0.24221577559496812,0.5825242718446602,0.49158431221420773,0.0574920823238067
150,pcg40,0.939688047618196,0.9961734290503147,0.27262801336409886,0.9223300970873787,0.18683881404437278,0.023083327830752967
150,poisson_pcg40,1.0,1.0,0.2752475218140801,1.0,7.14591176468427e-13,8.312685956454746e-14
150,cg80,0.973829650507832,0.9980076531418993,0.27449721281798267,0.941747572815534,0.11690284134469604,0.01626285766814321
150,pcg80,0.9999968819290463,1.0,0.2752475218140801,1.0,0.0007256983014472738,0.00012638105734592923
150,poisson_pcg80,1.0,1.0,0.2752475218140801,1.0,7.14591176468427e-13,8.312685956454746e-14
150,poisson,0.407069471514913,0.8106321748205306,0.16448266676366255,0.3300970873786408,2.9898611523425602,7.0155257585864
150,amg,0.990390820577927,0.9974278696646743,0.2732406581680892,0.9223300970873787,0.10190800749132373,0.0484916888512351
150,oracle,1.0,1.0,0.2752475218140801,1.0,7.160058214100923e-13,8.322223638256793e-14
151,ensemble,0.13018592196552461,0.573458566564414,0.11750179183286862,0.1262135922330097,,
151,raw,0.220287141924755,0.6973003172996848,0.1390724932264056,0.1650485436893204,,
151,smoothed,0.21717998980759598,0.695202555263907,0.12136304147378425,0.14563106796116504,,
151,prediction_magnitude,0.32484856680494956,0.6539114301677156,0.13658427926574063,0.1941747572815534,,
151,boundary_distance,0.2796414081883451,0.5923647786808345,0.11600410298207829,0.14894086496028244,,
151,jacobi1,0.27442949359845503,0.7128595975248516,0.17608777068878492,0.30097087378640774,0.8580032866330416,0.5199378434051508
151,jacobi5,0.4186265065088334,0.8579952141509335,0.21707935467109019,0.46601941747572817,0.7025336172770578,0.28743512302330193
151,jacobi10,0.5342613524604821,0.9359919041143544,0.239761674747729,0.5825242718446602,0.5986345324306495,0.20930187400595798
151,jacobi20,0.6800941679779701,0.973161295763364,0.27014769150321,0.7475728155339806,0.4733245580648601,0.14459541944885979
151,jacobi40,0.8212419310135183,0.9871393483233716,0.27660686837880694,0.7961165048543689,0.33936376959393455,0.0963627452138079
151,jacobi80,0.9207345348151061,0.9945078692430136,0.2849908992930228,0.883495145631068,0.2133189578685819,0.062099601565740806
151,cg5,0.3018868129068021,0.8039066864847201,0.19553998136204398,0.3786407766990291,0.7775474822907957,0.24908406833608415
151,pcg5,0.5016518511730204,0.9288131305145315,0.2436271214626475,0.5922330097087378,0.5971752870863447,0.16902166989576278
151,poisson_pcg5,0.9884208702882482,0.9985452705480535,0.2883200388362555,0.9223300970873787,0.07644284232157963,0.03685940903756338
151,cg10,0.4387966593054859,0.899823956653279,0.23084474056837523,0.5436893203883495,0.6500654742680884,0.15377833829553147
151,pcg10,0.7804368540340461,0.9827962430030676,0.2733811356457579,0.7572815533980582,0.35914264666175405,0.07971217471253998
151,poisson_pcg10,0.999987505364423,0.9999894584822323,0.2895678800307863,0.9902912621359223,0.0017821209643242718,0.001056036077729913
151,cg20,0.6705199802410414,0.9693768908847495,0.27012778730370407,0.6990291262135923,0.4479610927122083,0.07904448290280042
151,pcg20,0.9560976727344251,0.9959204326238892,0.2851686736156847,0.8737864077669902,0.1470581506374168,0.029956099225733175
151,poisson_pcg20,1.0,1.0,0.28957002899061596,1.0,6.789218064366648e-07,5.191154166627473e-07
151,cg40,0.9269502248587368,0.9931163888976735,0.2849355482941415,0.8640776699029126,0.20469611562012527,0.029527256600505952
151,pcg40,0.9957653914240755,0.9995045486649168,0.2892770298515679,0.9611650485436893,0.04284055300149935,0.004838110863189711
151,poisson_pcg40,1.0,1.0,0.28957002899061596,1.0,3.694748036177646e-13,5.133321054367401e-14
151,cg80,0.9941762257706886,0.9995572562537555,0.2894143888690293,0.970873786407767,0.04895733728648662,0.005754724907063787
151,pcg80,0.9999991394571204,1.0,0.28957002899061596,1.0,0.0002901944368808017,6.366459365465738e-05
151,poisson_pcg80,1.0,1.0,0.28957002899061596,1.0,3.705275450274281e-13,4.647103393672259e-14
151,poisson,0.4699854490022173,0.8003120289259248,0.1955586576589438,0.34951456310679613,3.326228680826515,6.915171392269586
151,amg,0.9866102098383518,0.9987139348323372,0.288534049597185,0.941747572815534,0.09997789431748103,0.03739923045895066
151,oracle,1.0,1.0,0.28957002899061596,1.0,3.738940789270029e-13,4.67950498678519e-14
152,ensemble,0.16269148755453827,0.5302278021989606,0.13328057208947527,0.13592233009708737,,
152,raw,0.3113438103497604,0.6168685367319187,0.20785402083155335,0.27184466019417475,,
152,smoothed,0.4327293067377154,0.7417644392439623,0.20905630897018979,0.27184466019417475,,
152,prediction_magnitude,0.38026771824261496,0.6002972708010499,0.10391917452012901,0.009708737864077669,,
152,boundary_distance,0.3783102605280023,0.6160621106226875,0.10497431461339919,0.02206531332744925,,
152,jacobi1,0.27625881777054573,0.5833359687127753,0.16354728478448882,0.1650485436893204,0.9624761112414318,0.6656440739674528
152,jacobi5,0.3720782781095772,0.6601836332395138,0.2259800817007363,0.2912621359223301,0.8946708483837245,0.468178063992757
152,jacobi10,0.4484357453865961,0.7191423421144176,0.2789668127070027,0.4077669902912621,0.8374941734025672,0.38934661034319523
152,jacobi20,0.5565657633574136,0.8501839494850468,0.32479481318460657,0.5339805825242718,0.7540288767357693,0.30854751032652133
152,jacobi40,0.6149517313675702,0.9365400630382763,0.3638724806030198,0.6990291262135923,0.6487520475452692,0.22675496012807642
152,jacobi80,0.6263765668585938,0.9749111877128069,0.39751763680968555,0.8252427184466019,0.5470604275274286,0.15502509254445485
152,cg5,0.3293126721085759,0.6406818253692167,0.21333793461722528,0.27184466019417475,0.9271797310718342,0.4451440974405274
152,pcg5,0.476028013464702,0.7415430673708401,0.27758770356112106,0.3883495145631068,0.8057961094812617,0.3574668470236396
152,poisson_pcg5,0.9959013348472927,1.0,0.4246505331469169,1.0,0.03380715525576398,0.030362645707913125
152,cg10,0.40531214237179025,0.7292411161359013,0.26866695177775685,0.3786407766990291,0.845661708463273,0.33306317238530325
152,pcg10,0.6264631352371074,0.9317542139717276,0.3663210245908932,0.7087378640776699,0.6018631085515981,0.20632402274560727
152,poisson_pcg10,0.9999987259495029,1.0,0.4246505331469169,1.0,0.000361908383847143,0.0006259706837086963
152,cg20,0.5482704988019454,0.9111033806647482,0.33823369175466755,0.6407766990291263,0.6633019455073984,0.20529849938005507
152,pcg20,0.6211187727987983,0.9867914782370366,0.4096580541709461,0.8640776699029126,0.4794018507253314,0.10383260585926032
152,poisson_pcg20,1.0,1.0,0.4246505331469169,1.0,2.44283621586307e-08,6.675942813399385e-08
152,cg40,0.6134031118124598,0.9929161000600867,0.4145776312162905,0.883495145631068,0.4463152848979653,0.09602942767505318
152,pcg40,0.7540685014483941,0.9994096750050072,0.42331742691387375,0.9514563106796117,0.2237469425121688,0.05070491302804453
152,poisson_pcg40,1.0,1.0,0.4246505331469169,1.0,3.3767624601995893e-13,7.31819518012823e-14
152,cg80,0.8918243620806809,1.0,0.4246505331469169,1.0,0.13069257823393848,0.03315298025059781
152,pcg80,0.9999995864923824,1.0,0.4246505331469169,1.0,6.719028888382863e-05,3.607602200359288e-05
152,poisson_pcg80,1.0,1.0,0.4246505331469169,1.0,3.3767624601995893e-13,7.31819518012823e-14
152,poisson,0.5794564386488806,0.9201901689805299,0.30920099458514577,0.5436893203883495,1.893767157902331,6.07970692746688
152,amg,0.9928252740326156,0.9999051263400904,0.4243929556882972,0.9805825242718447,0.09482345898614646,0.06719585012083143
152,oracle,1.0,1.0,0.4246505331469169,1.0,3.294949769675901e-13,7.164734964841396e-14
153,ensemble,0.20290034242901078,0.5982838409074138,0.12349044472437164,0.14563106796116504,,
153,raw,0.20083566536728414,0.7103085502250615,0.12473451460389716,0.22330097087378642,,
153,smoothed,0.23979363734711392,0.7155371430378545,0.12590758159949975,0.22330097087378642,,
153,prediction_magnitude,0.3196431317502324,0.7272066032067297,0.11700185767835229,0.08737864077669903,,
153,boundary_distance,0.2904357499910502,0.6933103528245997,0.11631692170814291,0.10944395410414828,,
153,jacobi1,0.24490949771117945,0.7135764207330572,0.1688894896618585,0.3592233009708738,0.8811998339753062,0.5191733879419742
153,jacobi5,0.34493430816822823,0.7953996816461634,0.182967352535489,0.36893203883495146,0.7498169321465784,0.29777979672850463
153,jacobi10,0.4677462158465059,0.8629286444662303,0.1957422412447379,0.42718446601941745,0.6611254547404293,0.22324884482781926
153,jacobi20,0.612074254792218,0.9142974605483698,0.20853473082964713,0.5048543689320388,0.5479960846368865,0.16136545646157457
153,jacobi40,0.756618345880123,0.9505391986338193,0.22582335589975433,0.6116504854368932,0.4146799502829132,0.11190539260731609
153,jacobi80,0.877424551623632,0.9733721261187186,0.2375490825339414,0.7281553398058253,0.2829994221990989,0.07165913951707424
153,cg5,0.28939070211358264,0.7703003278412026,0.1834048076693313,0.4077669902912621,0.8076721875785068,0.31199653097049246
153,pcg5,0.43816290859022955,0.856034491846136,0.19145350077133647,0.4174757281553398,0.6541033278363296,0.2154858917149613
153,poisson_pcg5,0.9918476861454831,0.9971643317204811,0.2484270242253695,0.912621359223301,0.0743696703236332,0.040299167403867964
153,cg10,0.4139396770617266,0.8889345687992157,0.19976495475666314,0.4563106796116505,0.6683930831705249,0.20488769064714019
153,pcg10,0.7106387798619553,0.9380791246323645,0.22068671345336358,0.5728155339805825,0.43693044607627785,0.11650970192982553
153,poisson_pcg10,0.9999902546312852,1.0,0.2497689842005614,1.0,0.0016783184945567534,0.0010980672641269416
153,cg20,0.7139698519419211,0.9660563127879152,0.23618943967316153,0.7281553398058253,0.42558472184142965,0.10707993796613066
153,pcg20,0.9192500424683497,0.9763870002002888,0.23946613117683863,0.7378640776699029,0.22781680022239428,0.04340575653422036
153,poisson_pcg20,1.0,1.0,0.2497689842005614,1.0,8.853234383241378e-07,4.407563421956693e-07
153,cg40,0.9742857270581503,0.9942021652277495,0.24745140987975117,0.883495145631068,0.12115015420629463,0.02959814320088623
153,pcg40,0.9900137239825476,0.9965634652077207,0.24784682643154343,0.883495145631068,0.07737445795749386,0.011025959615785725
153,poisson_pcg40,1.0,1.0,0.2497689842005614,1.0,1.6082703752964667e-13,3.2558093826781775e-14
153,cg80,0.9995309929547241,0.9998524187512519,0.24974468546847758,0.9805825242718447,0.014541823822512765,0.0033807576170736963
153,pcg80,0.9999715015020383,1.0,0.2497689842005614,1.0,0.0030365130324365216,0.0005474149601581203
153,poisson_pcg80,1.0,1.0,0.2497689842005614,1.0,1.572750181479383e-13,2.2083131597665284e-14
153,poisson,0.501942759369859,0.8142900814859323,0.168130441812397,0.3300970873786408,3.2299289248811833,6.748393144185735
153,amg,0.9814813072205134,0.9962683027102243,0.24828037608131978,0.8932038834951457,0.12759878990429876,0.052542051945434536
153,oracle,1.0,1.0,0.2497689842005614,1.0,1.592071848533315e-13,2.2159945987453013e-14
154,ensemble,0.18645546858236176,0.6608688318944161,0.1403717974361647,0.22330097087378642,,
154,raw,0.3028224465345826,0.6987761297871667,0.1415222671626945,0.18446601941747573,,
154,smoothed,0.2682679730527144,0.651876917238544,0.13264812988501287,0.1650485436893204,,
154,prediction_magnitude,0.34839527751949073,0.7420068941526201,0.15396864208877376,0.27184466019417475,,
154,boundary_distance,0.29078239394080985,0.6832748279097225,0.13195829248830152,0.1968225948808473,,
154,jacobi1,0.36140679761819605,0.7869032183253745,0.19585351388012412,0.4368932038834951,0.7780744247836728,0.49853670878389855
154,jacobi5,0.5602106988949288,0.9199160895185688,0.24070158973695693,0.5922330097087378,0.5868011275148095,0.2480960045081841
154,jacobi10,0.6744179153851655,0.9503810758673034,0.25315619804806583,0.6504854368932039,0.4815269933711144,0.18451741771494115
154,jacobi20,0.7756036093627066,0.9684597788389573,0.2681006918226734,0.7378640776699029,0.37234624576795167,0.1451589131653552
154,jacobi40,0.8765183105643372,0.9821742934547716,0.2763436095340619,0.8155339805825242,0.2643683852895047,0.11455948744823918
154,jacobi80,0.9494151325906586,0.9922309014051843,0.2781407721794987,0.8446601941747572,0.16378635370462258,0.08281614602921361
154,cg5,0.4424424777376439,0.8151544859428861,0.20831206360778307,0.4368932038834951,0.6980528210426289,0.22740372957025387
154,pcg5,0.6552287814712824,0.9463963821511021,0.2540875154269068,0.6504854368932039,0.4904589007562001,0.1241581715378301
154,poisson_pcg5,0.9925109188362776,0.9976914076088675,0.28188331031190533,0.941747572815534,0.06408337934551417,0.038238709932175964
154,cg10,0.5959614946176954,0.8920021504696246,0.24205533039439833,0.5436893203883495,0.5668853868254217,0.13470671684721666
154,pcg10,0.837543753576282,0.9746581912863814,0.26960804681434647,0.7475728155339806,0.30284095285109947,0.05795648893622674
154,poisson_pcg10,0.9999877400579356,1.0,0.28232328741839874,1.0,0.0016344368488109995,0.000837665870474709
154,cg20,0.790069737500894,0.9588775391880923,0.26517676672957174,0.6699029126213593,0.3585601811641624,0.06083467113154957
154,pcg20,0.9812822424182818,0.9975438263601193,0.28142559595621114,0.912621359223301,0.0921505615373143,0.019170937127333098
154,poisson_pcg20,1.0,1.0,0.28232328741839874,1.0,5.912049797992326e-07,2.3488943225960523e-07
154,cg40,0.9270539258636721,0.9876242581406871,0.27709643103972237,0.8252427184466019,0.19004737968216218,0.02184201129286823
154,pcg40,0.9970859335884412,0.9994412995583104,0.2821243598155379,0.9611650485436893,0.0361123782889827,0.004088112101001993
154,poisson_pcg40,1.0,1.0,0.28232328741839874,1.0,7.962345035601235e-14,2.4767229118637358e-14
154,cg80,0.9953283921035692,0.9992093861674204,0.2821210765611133,0.9514563106796117,0.047168345463909966,0.004829097161849273
154,pcg80,0.9999963790143765,1.0,0.28232328741839874,1.0,0.0006742386517663116,0.0001299779788925793
154,poisson_pcg80,1.0,1.0,0.28232328741839874,1.0,7.591074060330207e-14,2.1258193984627432e-14
154,poisson,0.4003856573206494,0.7665897135869623,0.18773207635129102,0.32038834951456313,3.9910210718510637,6.830719451395751
154,amg,0.989614879121665,0.9991672200963495,0.28178107788359213,0.9611650485436893,0.09528019761812141,0.039599411843854286
154,oracle,1.0,1.0,0.28232328741839874,1.0,7.458417548043556e-14,2.0947054751096113e-14
155,ensemble,0.11500478327730491,0.6075920010963178,0.12137655194232212,0.1650485436893204,,
155,raw,0.15620572115728487,0.6626503483971622,0.1473815392003183,0.2621359223300971,,
155,smoothed,0.1522566004756455,0.6651276050725784,0.14650574755513437,0.2524271844660194,,
155,prediction_magnitude,0.2522808297868536,0.6647059443618692,0.09731648461471822,0.07766990291262135,,
155,boundary_distance,0.19654774781710987,0.594979075087231,0.08207664226815074,0.03177405119152692,,
155,jacobi1,0.17952126993777265,0.661343200193964,0.15405338372244395,0.23300970873786409,0.8717358506273959,0.5552593616340128
155,jacobi5,0.3955816711072169,0.8534096539219717,0.20083366098906008,0.44660194174757284,0.691961908728802,0.2999265828712312
155,jacobi10,0.5475528842715113,0.9130219368984747,0.22964346009024672,0.5728155339805825,0.5756865085224439,0.20932067954369585
155,jacobi20,0.7042319934196408,0.9523628812076362,0.24547350692480488,0.6601941747572816,0.4500623583488595,0.1467661505097722
155,jacobi40,0.8195265449538659,0.9727607180881903,0.2537483149146958,0.7281553398058253,0.3366278961038156,0.1155409157681387
155,jacobi80,0.9110336349331234,0.9870760992167652,0.26046957549256305,0.7961165048543689,0.22941328628619742,0.09647509014500198
155,cg5,0.24344146743795148,0.7381381571318638,0.19009906275108046,0.3786407766990291,0.7881038259078031,0.284811777327797
155,pcg5,0.5328763254595522,0.9082993369385324,0.22017711282672034,0.5145631067961165,0.5656081017032494,0.1627063498999918
155,poisson_pcg5,0.9912110520527857,0.9989353067054595,0.26678653665334323,0.941747572815534,0.07516989266290573,0.036694354930252485
155,cg10,0.39238959346613256,0.8380295794988563,0.21373051278508548,0.47572815533980584,0.6600809237070532,0.1671414486829422
155,pcg10,0.7641063318074529,0.9632838936150027,0.24861339852724273,0.6796116504854369,0.37674344504690255,0.05872266557619525
155,poisson_pcg10,0.9999979659895571,1.0,0.2675372543729709,1.0,0.0004900512423130768,0.00035328187720753734
155,cg20,0.6419204634861597,0.9300675711288912,0.24153375832810062,0.6213592233009708,0.4793622762269626,0.0799343227625369
155,pcg20,0.9568697361597882,0.9934010098774021,0.26297264298163353,0.8349514563106796,0.1564746316427336,0.025223902337240523
155,poisson_pcg20,1.0,1.0,0.2675372543729709,1.0,1.1037590060497173e-07,6.592820702982774e-08
155,cg40,0.8118792691867535,0.9735302488852345,0.25336997064290656,0.7281553398058253,0.3288844652333301,0.03464976125859875
155,pcg40,0.9973400060796794,0.9993991334872395,0.26718791910950473,0.9514563106796117,0.036415633803501817,0.006014398012796098
155,poisson_pcg40,1.0,1.0,0.2675372543729709,1.0,4.2050308785752357e-13,4.474087476137686e-14
155,cg80,0.9808286022101423,0.9979233209997576,0.2664675722747574,0.9223300970873787,0.09931794411931728,0.01022421117447483
155,pcg80,0.9999934174057649,1.0,0.2675372543729709,1.0,0.0012366268390971754,0.00011997407096615907
155,poisson_pcg80,1.0,1.0,0.2675372543729709,1.0,4.2050308785752357e-13,4.474087476137686e-14
155,poisson,0.5049528489557256,0.889039983976893,0.2139627804398863,0.5048543689320388,3.820025931293048,6.555486466170373
155,amg,0.9812450379085901,0.997206497791552,0.2661203748309785,0.941747572815534,0.11568515147999016,0.05093148154768378
155,oracle,1.0,1.0,0.2675372543729709,1.0,4.141210210345758e-13,4.4225645103449344e-14
156,ensemble,0.03738888938559473,0.5675236920611829,0.11941616884543356,0.20388349514563106,,
156,raw,0.13752729150275375,0.5934347427342589,0.12452769150305423,0.1553398058252427,,
156,smoothed,0.04572719226092554,0.5406111972001729,0.1052523133009073,0.11650485436893204,,
156,prediction_magnitude,0.31234940499606606,0.7614349113985431,0.14921242747760774,0.2912621359223301,,
156,boundary_distance,0.2670182547656624,0.7335367846262505,0.12209411921386891,0.15489849955869375,,
156,jacobi1,0.21369410941635075,0.6364125106732867,0.13548383852952736,0.20388349514563106,0.8898085141045347,0.5697466102335426
156,jacobi5,0.33567436386882193,0.735144366085829,0.1770190361851616,0.34951456310679613,0.7621963244184892,0.3252353480965327
156,jacobi10,0.4316781480223159,0.8029579498856245,0.19023790968514864,0.3786407766990291,0.6823403361778446,0.23293572158330325
156,jacobi20,0.55413098580216,0.8630024350906044,0.2042021313129294,0.44660194174757284,0.5845011060732928,0.15463219124379693
156,jacobi40,0.7050474304413131,0.9229625881534423,0.2191554315650303,0.5436893203883495,0.4655277412136713,0.09769648266591052
156,jacobi80,0.8527781118124597,0.9694612230268914,0.23849585017331154,0.6893203883495146,0.3304794183091855,0.06186834220457793
156,cg5,0.23729806299620915,0.6806868852977451,0.17124548498845638,0.3300970873786408,0.8060074733378498,0.29367280841125665
156,pcg5,0.4060707165081181,0.7907508723105953,0.19128559970357395,0.36893203883495146,0.677602731692926,0.20271007051226408
156,poisson_pcg5,0.9915525311136542,0.9995994223248263,0.25626054929156333,0.970873786407767,0.07661600135812703,0.03955134412040988
156,cg10,0.4235028453794435,0.7438094936909017,0.19506867960812876,0.3883495145631068,0.6960226205978551,0.17235708727791632
156,pcg10,0.649726749696016,0.8997290829933694,0.2126590538185268,0.5048543689320388,0.49312857593332476,0.09598778335351629
156,poisson_pcg10,0.9999884106108289,1.0,0.2567366226861435,1.0,0.0016787161619396687,0.0009582700793134133
156,cg20,0.6023403413561261,0.8092301529574228,0.21163030765890775,0.4563106796116505,0.5627871544543821,0.08923104142488517
156,pcg20,0.9148167825978113,0.9868652688614107,0.2467693500095268,0.7864077669902912,0.24107094514231073,0.03372464327735755
156,poisson_pcg20,1.0,1.0,0.2567366226861435,1.0,5.982764639241929e-07,3.1198258892690914e-07
156,cg40,0.8197197312424003,0.936086777774264,0.22733965268769676,0.5339805825242718,0.36439522346988745,0.047096031906680255
156,pcg40,0.9942063000679492,0.9992620937562591,0.2565603271863616,0.970873786407767,0.05282136858857377,0.01098259905020182
156,poisson_pcg40,1.0,1.0,0.2567366226861435,1.0,2.917786784951301e-13,4.4202983776896274e-14
156,cg80,0.9933718305199913,0.99953617321822,0.25635364660735255,0.9514563106796117,0.055421396535474704,0.009728113257173642
156,pcg80,0.9999958872755883,1.0,0.2567366226861435,1.0,0.0009452794981380521,0.00020625151364389273
156,poisson_pcg80,1.0,1.0,0.2567366226861435,1.0,3.004788394533455e-13,4.341812402563677e-14
156,poisson,0.3538465931442672,0.75643823197664,0.1701616451607628,0.2912621359223301,3.273658728778698,6.760730507381328
156,amg,0.9878544766111151,0.9968164616341461,0.25507797552710837,0.9029126213592233,0.12425518357599531,0.05354154645185952
156,oracle,1.0,1.0,0.2567366226861435,1.0,3.0141157442712434e-13,4.3602941164634696e-14
157,ensemble,0.34687184840140184,0.6194090425139411,0.14663207290862001,0.10679611650485436,,
157,raw,0.41513088074887344,0.8153863993337761,0.17514806933918034,0.32038834951456313,,
157,smoothed,0.5738557685430226,0.8941315370587057,0.2030264725294484,0.4368932038834951,,
157,prediction_magnitude,0.6210223137651097,0.6877813267554262,0.11837793325277224,0.009708737864077669,,
157,boundary_distance,0.7986581459379677,0.923790097298209,0.26051183309729875,0.5335392762577229,,
157,jacobi1,0.2095685774443888,0.579235318301129,0.14653817706470387,0.17475728155339806,0.9781510724221681,0.5777687896452285
157,jacobi5,0.21711421974465345,0.5831883874640271,0.14054243937413383,0.1941747572815534,0.9632202380467694,0.40193825254109855
157,jacobi10,0.19343479543666403,0.6064851417307063,0.13573220048535825,0.18446601941747573,0.9533865851287033,0.35260757014125954
157,jacobi20,0.1783647114834418,0.664948399270527,0.13726636298978825,0.22330097087378642,0.9372323268698214,0.3124982758274667
157,jacobi40,0.20702555030040767,0.8029684914033922,0.16295183057436585,0.36893203883495146,0.9051070270126002,0.27425121212268777
157,jacobi80,0.29527185331878975,0.9324288711088623,0.22274790414003257,0.6116504854368932,0.8382736392175478,0.23577171884073295
157,cg5,0.3203635849545812,0.7135553376975217,0.17298658869654854,0.2815533980582524,0.9387522591321829,0.3972961093169289
157,pcg5,0.18910143677133254,0.5901457891907277,0.13241082320454958,0.17475728155339806,0.9552220554959455,0.35018972731409015
157,poisson_pcg5,0.9973198894928832,0.9998207941979487,0.31118202866436595,0.9805825242718447,0.04491770334278291,0.04066976522662038
157,cg10,0.3622137409698877,0.8833897304533906,0.19996638492341837,0.47572815533980584,0.8750138408149984,0.3006537852168955
157,pcg10,0.18806575665188469,0.8059728239671948,0.1536176422990467,0.33980582524271846,0.9129520503846059,0.27444209142984577
157,poisson_pcg10,0.9999944008833416,1.0,0.311325726074496,1.0,0.000951620165550974,0.0010510809686431353
157,cg20,0.43936070604749294,0.9859165322623151,0.277650306421658,0.8058252427184466,0.7341661012286932,0.2083849626422709
157,pcg20,0.40642806532079245,0.9936750893393631,0.29270153962202256,0.8640776699029126,0.6705782366295532,0.19638520041691815
157,poisson_pcg20,1.0,1.0,0.311325726074496,1.0,4.278002592521775e-07,6.024972009473646e-07
157,cg40,0.7249787434732851,0.9992093861674204,0.31097904643293545,0.9611650485436893,0.35544064325404673,0.1079642639046686
157,pcg40,0.9945763111544238,0.9996205053603617,0.3110035623229554,0.970873786407767,0.05119337799839425,0.025205941690936595
157,poisson_pcg40,1.0,1.0,0.311325726074496,1.0,7.662975596721463e-14,3.08955758757385e-14
157,cg80,0.994213363225091,0.9999789169644645,0.3113112064471775,0.9902912621359223,0.035407171375428335,0.014447816126152788
157,pcg80,0.999998971818897,1.0,0.311325726074496,1.0,0.00021587458676488133,0.00012196120327682511
157,poisson_pcg80,1.0,1.0,0.311325726074496,1.0,6.506848483792864e-14,2.2719444141519333e-14
157,poisson,0.8243642935054716,0.9687760243719891,0.29936745286323124,0.7378640776699029,3.0206201087056788,6.937944557919799
157,amg,0.9954237223732207,0.9995045486649168,0.31106790601675566,0.9611650485436893,0.14696907832994602,0.080380292126131
157,oracle,1.0,1.0,0.311325726074496,1.0,6.269618662576386e-14,2.160105963171267e-14
158,ensemble,0.4350785217437951,0.6908699914613706,0.15285627500509977,0.21359223300970873,,
158,raw,0.34263268006580355,0.770827403729589,0.1776825547769237,0.39805825242718446,,
158,smoothed,0.5717618441992703,0.8535994012417908,0.16873808672634436,0.32038834951456313,,
158,prediction_magnitude,0.6672766947106787,0.7654723127035831,0.1394966255146226,0.14563106796116504,,
158,boundary_distance,0.7115384072740163,0.8299284230943571,0.1911446503304731,0.33671668137687555,,
158,jacobi1,0.2601160950575781,0.6745517219569274,0.14779440075078454,0.2524271844660194,0.9766526341250842,0.5046638695515514
158,jacobi5,0.26949840408411413,0.7444419847569653,0.15099055790104157,0.2912621359223301,0.9514297113345658,0.31347361523618916
158,jacobi10,0.28494824449252554,0.7858701495841371,0.15462956753314114,0.30097087378640774,0.9323671760516696,0.25515900931662466
158,jacobi20,0.36971932891066445,0.840949579920517,0.16616798674646527,0.3786407766990291,0.9050748853847488,0.21763429450543137
158,jacobi40,0.4364597154173521,0.8845703804433762,0.1841883312132092,0.46601941747572817,0.8634722474570774,0.19502896737377914
158,jacobi80,0.496482871843931,0.9279592675753455,0.19953076513518198,0.5631067961165048,0.7944086029896188,0.17316262170294902
158,cg5,0.31822749400972744,0.8000274079461961,0.1643205060328209,0.3883495145631068,0.9566974779036425,0.3046481136154076
158,pcg5,0.30333724116658317,0.7937024972855592,0.1528811209484485,0.2815533980582524,0.9331831012894938,0.24058130001505404
158,poisson_pcg5,0.9981968497425076,0.9984082308170731,0.24420818576541112,0.9223300970873787,0.040705438714186803,0.03988260702781662
158,cg10,0.31563619823331657,0.8691059738781189,0.17065183235393505,0.42718446601941745,0.9312284438169495,0.22794373485633235
158,pcg10,0.42775023916386523,0.8621064060803475,0.17811842455249965,0.44660194174757284,0.8823535941793645,0.1912999779242861
158,poisson_pcg10,0.9999987594771474,1.0,0.24480803350120964,1.0,0.00040511121123682766,0.0005205934944969686
158,cg20,0.40854677776983045,0.9391649009624405,0.19573622627735707,0.5825242718446602,0.8538825290170107,0.18315614881494213
158,pcg20,0.683423105464559,0.9614918355944889,0.22390210552186326,0.6310679611650486,0.5851671863500539,0.1342186855267247
158,poisson_pcg20,1.0,1.0,0.24480803350120964,1.0,7.142197338229688e-08,1.3404874740604792e-07
158,cg40,0.7787729217330662,0.9806141488251479,0.23771217577027154,0.7961165048543689,0.4928810630113017,0.11097184234076557
158,pcg40,0.9869718278377798,0.9926947281869644,0.2415496809149411,0.8446601941747572,0.10570903219643556,0.0357822611507016
158,poisson_pcg40,1.0,1.0,0.24480803350120964,1.0,5.574541462336522e-14,2.5798138888711898e-14
158,cg80,0.9932601722873899,0.9994834656293813,0.2445518570253878,0.9514563106796117,0.05801321340862325,0.019765319628527747
158,pcg80,0.9999988488841999,1.0,0.24480803350120964,1.0,0.0003752916765252822,0.00018804458483452456
158,poisson_pcg80,1.0,1.0,0.24480803350120964,1.0,5.5494502614397e-14,2.4988841842967133e-14
158,poisson,0.6164541498283383,0.8138262547041523,0.17739816697516025,0.39805825242718446,1.566796133054335,6.72854951323604
158,amg,0.9967960088691795,0.9989563897409949,0.24443778588075832,0.9514563106796117,0.09908428379046133,0.04949469453029088
158,oracle,1.0,1.0,0.24480803350120964,1.0,5.404987023555837e-14,2.3838113120096416e-14
159,ensemble,0.19192781721622199,0.6504116462688297,0.16081293794395876,0.23300970873786409,,
159,raw,0.3086414374865889,0.685578149541971,0.15459471221046164,0.22330097087378642,,
159,smoothed,0.2963536451255275,0.7406997459494218,0.15539693166069513,0.22330097087378642,,
159,prediction_magnitude,0.3922951349152421,0.7022548306505171,0.11440016295798028,0.05825242718446602,,
159,boundary_distance,0.3036084893547941,0.7198749775992748,0.10928913710052739,0.11407766990291263,,
159,jacobi1,0.3678223347757671,0.6797697732519529,0.18035377907292305,0.2815533980582524,0.8650000741200302,0.535232233764007
159,jacobi5,0.47825174567269857,0.7752653827098026,0.22410908472693342,0.3883495145631068,0.7282992518844923,0.3079712895249936
159,jacobi10,0.5479409332308132,0.8477277758451662,0.25072844377707865,0.5048543689320388,0.6362392296882632,0.23691312060471442
159,jacobi20,0.6563355737250554,0.9372990523175527,0.2773663380948638,0.6310679611650486,0.5224832646639296,0.180556053438438
159,jacobi40,0.7475069849259709,0.9774095274237584,0.29193740333478563,0.7184466019417476,0.4070142153151446,0.1406930709359245
159,jacobi80,0.8278777224447463,0.9904388433846705,0.30976346087153916,0.8446601941747572,0.3050198715601105,0.11256934133033215
159,cg5,0.39720528082755163,0.7914782370365685,0.21105696248886804,0.4077669902912621,0.7748830449963253,0.27177983320666926
159,pcg5,0.5331919323546241,0.8418666919663093,0.24774971373169996,0.49514563106796117,0.6258001403534283,0.20375772617067975
159,poisson_pcg5,0.9900353381374722,0.9993569674161685,0.31810565293939774,0.9514563106796117,0.06300254109404416,0.033824533012866774
159,cg10,0.4724262168299835,0.8541581016834804,0.25590593264096373,0.5728155339805825,0.6459888847940559,0.16777936601391996
159,pcg10,0.7103990795543952,0.9753012238702128,0.29264462861372587,0.7281553398058253,0.4228109453350032,0.09839602789566082
159,poisson_pcg10,0.9999883435555396,1.0,0.31866450644246574,1.0,0.0014993991900399686,0.0007780544781008491
159,cg20,0.7214446838566625,0.9481673571360805,0.2933092180589104,0.7378640776699029,0.43469841259780323,0.09189853440110271
159,pcg20,0.8767439516129032,0.9931585549687444,0.31196969170419375,0.8349514563106796,0.2416864585652685,0.048308089592270564
159,poisson_pcg20,0.9999999888241183,1.0,0.31866450644246574,1.0,1.1304409148489506e-06,3.6858339498916207e-07
159,cg40,0.9558861132966168,0.9987982669744789,0.3180009723948742,0.941747572815534,0.13888454766088257,0.02677375252064373
159,pcg40,0.9991978846291395,0.9998524187512519,0.31857510227246677,0.970873786407767,0.01835249017616673,0.0038569440139743557
159,poisson_pcg40,1.0,1.0,0.31866450644246574,1.0,2.622006780535132e-13,3.66297358762535e-14
159,cg80,0.9986652979937056,0.9997786281268777,0.3185020087910363,0.9611650485436893,0.0210002408070108,0.002967117660176231
159,pcg80,0.9999948255668406,0.9999894584822323,0.31866350838069313,0.9902912621359223,0.0010032345401161762,0.00017112081322019908
159,poisson_pcg80,1.0,1.0,0.31866450644246574,1.0,2.6016192410718083e-13,3.455623631393303e-14
159,poisson,0.46151544953865964,0.8954176022263686,0.24218922130202927,0.5436893203883495,3.9899064471078676,7.04779824762531
159,amg,0.9622171719655245,0.9964053424412047,0.3153387546073833,0.9029126213592233,0.16827039067408678,0.052107105009353595
159,oracle,1.0,1.0,0.31866450644246574,1.0,2.5858899921634466e-13,3.431655336598659e-14
160,ensemble,0.22730822187254127,0.644898432476308,0.13253108697749616,0.17475728155339806,,
160,raw,0.24763609988555893,0.679527318343295,0.1382417760672374,0.21359223300970873,,
160,smoothed,0.30137362760174524,0.6772292674699303,0.14968198489281845,0.2621359223300971,,
160,prediction_magnitude,0.4250451170338316,0.6657811791741775,0.15685522887849035,0.21359223300970873,,
160,boundary_distance,0.4566863498595125,0.6944066706724434,0.1778056941075367,0.308252427184466,,
160,jacobi1,0.23261079768972176,0.6884454423747931,0.16637118496625505,0.3300970873786408,0.8980736384832809,0.561887205034614
160,jacobi5,0.3351293943566268,0.7887374424169592,0.17780337043230288,0.39805825242718446,0.7878471300346136,0.30473131957901245
160,jacobi10,0.4032746562298834,0.8491614222615772,0.1928277691624552,0.42718446601941745,0.7260635034157273,0.22440376113095986
160,jacobi20,0.47023529701022815,0.8911272044949031,0.20677805739672026,0.46601941747572817,0.6575001361670771,0.162289759418506
160,jacobi40,0.5473720585079751,0.9219716854832759,0.2244571012269456,0.5436893203883495,0.5803768535199046,0.11349034870853275
160,jacobi80,0.6475360310421285,0.9487260575777701,0.24030318475535803,0.6213592233009708,0.4901231721125973,0.07803506192799477
160,cg5,0.27664311163364563,0.7145040742966172,0.17134674060194116,0.34951456310679613,0.8266378588577182,0.28779120292720106
160,pcg5,0.3879430566483084,0.8414555727733679,0.1936038147486219,0.4077669902912621,0.7269359022418425,0.19520146498243982
160,poisson_pcg5,0.9893783862921106,0.998914223669924,0.27010589371243393,0.9514563106796117,0.08440810524018101,0.043942906085351036
160,cg10,0.39391823054502534,0.8210471943750461,0.20191232257462993,0.4174757281553398,0.7202481353303186,0.17367163645999592
160,pcg10,0.5002452547206923,0.9074349324815787,0.21770822093159922,0.5145631067961165,0.6028393538119908,0.10697953243372833
160,poisson_pcg10,0.9999855160575066,1.0,0.2709822695698702,1.0,0.0018248123568609755,0.0011218652074135695
160,cg20,0.5230204608039483,0.9117991208374182,0.21954707085299507,0.49514563106796117,0.5964189683023553,0.08709333129111246
160,pcg20,0.7187043018203275,0.9619240378229658,0.24457067048093833,0.6407766990291263,0.43045370588570886,0.06097174563473201
160,poisson_pcg20,1.0,1.0,0.2709822695698702,1.0,6.344254151954258e-07,4.70347792065779e-07
160,cg40,0.685793387007367,0.9626935686200099,0.25292980021202865,0.7475728155339806,0.44105666816262107,0.050452513394510505
160,pcg40,0.9862950164508976,0.9992093861674204,0.27028126949920556,0.9514563106796117,0.08569949753508474,0.014884442321277704
160,poisson_pcg40,1.0,1.0,0.2709822695698702,1.0,1.0010049766009305e-13,2.826814108478936e-14
160,cg80,0.9959863497782704,0.9997259205380391,0.2706989665048339,0.9611650485436893,0.04564722258516128,0.008424260409360219
160,pcg80,0.9999995529647377,1.0,0.2709822695698702,1.0,9.393778126657511e-05,3.463123650283231e-05
160,poisson_pcg80,1.0,1.0,0.2709822695698702,1.0,9.516453734471627e-14,2.034352795519034e-14
160,poisson,0.5109698877047422,0.8201933314358602,0.15846213030769443,0.22330097087378642,2.674961132937348,6.523302880161291
160,amg,0.9944569080359058,0.9996626714314327,0.27069456122288477,0.9611650485436893,0.0963406456645842,0.04159551027006683
160,oracle,1.0,1.0,0.2709822695698702,1.0,9.071628667073455e-14,1.9524337773614272e-14
161,ensemble,0.22057047287390025,0.6299505602816694,0.11038320564742797,0.13592233009708737,,
161,raw,0.2482453307166869,0.7177508617690775,0.15411828517107004,0.2621359223300971,,
161,smoothed,0.28518862652886057,0.7237384438611472,0.1480263892854969,0.27184466019417475,,
161,prediction_magnitude,0.41004062432944705,0.6599306368130884,0.10055104177867351,0.02912621359223301,,
161,boundary_distance,0.37093649207625295,0.6268566248168411,0.09282512713772621,0.0116946160635481,,
161,jacobi1,0.23229540313639938,0.6704194469919779,0.1412637008358013,0.23300970873786409,0.9230734401337128,0.5206965119229203
161,jacobi5,0.27665758440025745,0.693062627157058,0.16798850878268237,0.32038834951456313,0.8298705668852484,0.33393342946244986
161,jacobi10,0.37231405568271225,0.7395823450660426,0.17388741636650004,0.34951456310679613,0.762932658702057,0.263291003530885
161,jacobi20,0.5130925117123238,0.7933757102347596,0.19083026143348325,0.39805825242718446,0.6741270734871136,0.20696426084423605
161,jacobi40,0.6456321972677205,0.8344876295288995,0.20131298857985594,0.4368932038834951,0.567233896888814,0.16919979446829056
161,jacobi80,0.74700506490952,0.8868051822101346,0.2213446334405255,0.5436893203883495,0.4514183821981887,0.13638337400088285
161,cg5,0.2912249101459123,0.7358190232229637,0.15460574587898293,0.22330097087378642,0.860979070968492,0.31464929181079543
161,pcg5,0.3724722167584579,0.7343010446644108,0.17225950344765026,0.32038834951456313,0.7544014385072477,0.21860552534476388
161,poisson_pcg5,0.9952627226235605,0.9988615160810853,0.262121669551221,0.9514563106796117,0.05784357427108394,0.04524337738067772
161,cg10,0.32583994572991914,0.7718183063997555,0.18076753212541793,0.32038834951456313,0.7716845628923288,0.20606298429409553
161,pcg10,0.6059283693047707,0.8125928971253281,0.20146632873961537,0.44660194174757284,0.5938525115637523,0.13043333940231577
161,poisson_pcg10,0.9999970942707959,1.0,0.26262649959341605,1.0,0.0006034855626997539,0.00039929047369626267
161,cg20,0.5255116653851655,0.9096697342483371,0.21488061409404202,0.49514563106796117,0.5920328664579332,0.13303607733480777
161,pcg20,0.8160973821615047,0.9232788336864742,0.2234881552983504,0.5825242718446602,0.36188220464906684,0.07377405154042245
161,poisson_pcg20,1.0,1.0,0.26262649959341605,1.0,6.55235465303805e-08,6.748981821699056e-08
161,cg40,0.9074576545847935,0.9851891675363419,0.25458031990832736,0.7864077669902912,0.23789674974888395,0.05373207416085329
161,pcg40,0.9968278824833703,0.9992831767917945,0.26221817127217517,0.9514563106796117,0.04231413795713781,0.007973329851749764
161,poisson_pcg40,1.0,1.0,0.26262649959341605,1.0,2.851717779464575e-13,3.950399342067499e-14
161,cg80,0.9996273067019525,0.9999051263400904,0.2625691773969298,0.9805825242718447,0.012560496901997757,0.00388455501744642
161,pcg80,0.9999795257849938,1.0,0.26262649959341605,1.0,0.0024734047172941874,0.0004907924740815403
161,poisson_pcg80,1.0,1.0,0.26262649959341605,1.0,2.851717779464575e-13,3.950399342067499e-14
161,poisson,0.3493314811172305,0.6445294793544375,0.13023672913990014,0.20388349514563106,2.918765288393061,6.368146673841222
161,amg,0.9883346707138259,0.9983976892993053,0.2617681178730568,0.9320388349514563,0.11880757400396792,0.05011634313854577
161,oracle,1.0,1.0,0.26262649959341605,1.0,2.803818763810534e-13,3.8813659382404405e-14
162,ensemble,0.3494488390494242,0.7489221298082498,0.17868597862307944,0.3300970873786408,,
162,raw,0.2500635460625134,0.7482053066000443,0.17926899555704282,0.32038834951456313,,
162,smoothed,0.38809472453687144,0.8355839473767434,0.18161176814587468,0.34951456310679613,,
162,prediction_magnitude,0.33892556192332446,0.7380643665074897,0.14186107130369813,0.2524271844660194,,
162,boundary_distance,0.37518777225139976,0.7969545555169033,0.21055135079624163,0.4318181818181818,,
162,jacobi1,0.2219060018954295,0.7184571434595153,0.17302751816357045,0.30097087378640774,0.9398375847077943,0.5789264624165483
162,jacobi5,0.2843063242078535,0.7229689130641029,0.18384292759077772,0.33980582524271846,0.8443405559059157,0.3783262858684164
162,jacobi10,0.4002981389922036,0.8087030770690364,0.2150964433422928,0.42718446601941745,0.7676508684820863,0.31571948898398083
162,jacobi20,0.5327100059902724,0.9137703846599834,0.24771182794582586,0.5145631067961165,0.6590644514069153,0.24905885977205167
162,jacobi40,0.6785290751734497,0.9708210788189283,0.27769141604351344,0.6990291262135923,0.5123198983083916,0.17257368960157743
162,jacobi80,0.8257088414634145,0.9889208648261176,0.2975790207891423,0.8349514563106796,0.3426199901343955,0.10001711214803982
162,cg5,0.23134792307417204,0.7501976534581449,0.20314355362828998,0.4563106796116505,0.8701520660991164,0.38179341206577605
162,pcg5,0.4160507116801373,0.8211104434816525,0.217007664735011,0.4077669902912621,0.7487831897456539,0.3068680327236625
162,poisson_pcg5,0.997387626510979,0.9998840433045549,0.3047656004692124,0.9805825242718447,0.036119114426692446,0.03598278386754812
162,cg10,0.3676149104141334,0.83462466925988,0.23856332877964415,0.5533980582524272,0.7177647559618633,0.26619355155425845
162,pcg10,0.6694347015592589,0.9561894521573217,0.28004554244135077,0.7087378640776699,0.4743036097403079,0.14863595016177572
162,poisson_pcg10,0.9999967254667046,1.0,0.3048462662312014,1.0,0.0007905809548708222,0.000963224340528063
162,cg20,0.6296405054180674,0.9608909690817284,0.2797364507089707,0.7184466019417476,0.48947374701735374,0.1282235306945621
162,pcg20,0.8955834816000285,0.9907867134710056,0.30029340167870416,0.8737864077669902,0.23567925394485917,0.05135833229349953
162,poisson_pcg20,1.0,1.0,0.3048462662312014,1.0,1.4262857738151582e-07,1.8034359336366732e-07
162,cg40,0.7841669274372361,0.9875188429630098,0.29326789143951953,0.7766990291262136,0.32920313472487156,0.051972634956166316
162,pcg40,0.9872394902009869,0.9994096750050072,0.30458408487749666,0.970873786407767,0.06989576718243896,0.013061472156626524
162,poisson_pcg40,1.0,1.0,0.3048462662312014,1.0,2.3726583725794857e-13,4.402570974529721e-14
162,cg80,0.9809020948072382,0.9983766062637699,0.30274772958369783,0.912621359223301,0.09456885064216479,0.01668214036923077
162,pcg80,0.9999385102996923,1.0,0.3048462662312014,1.0,0.004721824610988758,0.0011560577154182809
162,poisson_pcg80,1.0,1.0,0.3048462662312014,1.0,2.3726583725794857e-13,4.402570974529721e-14
162,poisson,0.6652426060367641,0.9407566701453676,0.2569178263090802,0.6019417475728155,2.896930019835467,6.252330807482441
162,amg,0.9873981318396393,0.9992093861674204,0.3043965793209178,0.9611650485436893,0.13358258183651187,0.0709246906728062
162,oracle,1.0,1.0,0.3048462662312014,1.0,2.3576620166102516e-13,4.393690850896907e-14
163,ensemble,0.1306922229275445,0.5788136575904199,0.10769465811875029,0.08737864077669903,,
163,raw,0.3356823546241327,0.7911409084680012,0.16210241567474723,0.2524271844660194,,
163,smoothed,0.4098984894678492,0.7908352044527371,0.15491223533922782,0.2621359223300971,,
163,prediction_magnitude,0.34380058203991126,0.7143775760834045,0.11604818568528855,0.1553398058252427,,
163,boundary_distance,0.3466220488990401,0.7241759168485078,0.13450645396436686,0.17166813768755518,,
163,jacobi1,0.33434075709891997,0.7814005460506204,0.18553199046745336,0.3592233009708738,0.8390187964318252,0.535347824014407
163,jacobi5,0.5128602880695229,0.8693273457512413,0.23780723670437662,0.5631067961165048,0.6734067795950754,0.2769054199726044
163,jacobi10,0.5916762928259781,0.8969039562316182,0.2520587759148762,0.6116504854368932,0.5837236813333011,0.20137223880149083
163,jacobi20,0.6928945086188397,0.9381950813278096,0.26456270022715117,0.6407766990291263,0.4810721058727775,0.14003767704170025
163,jacobi40,0.7810925541806737,0.9627989837976871,0.27548323512619405,0.6796116504854369,0.37774001033077964,0.0875358272963283
163,jacobi80,0.8557246553358129,0.9748901046772714,0.28141407039045346,0.7184466019417476,0.2912963615133939,0.0500720136784214
163,cg5,0.41016684473571274,0.8745453970462668,0.21672229175788377,0.49514563106796117,0.7278367034451922,0.27207886351596006
163,pcg5,0.5791555280380516,0.8875114639005725,0.25232539138895776,0.5922330097087378,0.587246928838748,0.19888224303453647
163,poisson_pcg5,0.9916163453973248,0.9984820214414472,0.2962612694482373,0.9320388349514563,0.06329034326264976,0.03337474993850884
163,cg10,0.5610823282490522,0.959394073558711,0.26591154642439396,0.6601941747572816,0.540111422958465,0.15621253026194867
163,pcg10,0.7473722596738431,0.9598789833760265,0.2749942749875777,0.6699029126213593,0.3876452644224724,0.09086122738191191
163,poisson_pcg10,0.9999788552321005,0.9999894584822323,0.2969512366595127,0.9902912621359223,0.0021280074856440735,0.0009896451174116424
163,cg20,0.776752389403476,0.9818264233684366,0.28537597106017354,0.7572815533980582,0.32823769959700927,0.06215012077584071
163,pcg20,0.8812864669015091,0.978864256875705,0.28460226437339,0.7475728155339806,0.25839680144104704,0.03671194528597957
163,poisson_pcg20,0.9999999776482369,1.0,0.2969551744305126,1.0,8.567313243714921e-07,6.348913329643485e-07
163,cg40,0.9425696927973677,0.9933904683596344,0.2930644663221614,0.8543689320388349,0.15710697079582342,0.02280209445458105
163,pcg40,0.9668857511980544,0.9952563170045223,0.2941883101211263,0.8737864077669902,0.12093560368423914,0.012652891525818324
163,poisson_pcg40,1.0,1.0,0.2969551744305126,1.0,2.594263666204904e-13,7.495430420445244e-14
163,cg80,0.9966144343215794,0.9994623825938459,0.2966600614102242,0.9514563106796117,0.03708422644732787,0.0040450894857492845
163,pcg80,0.9999499544024032,0.9999578339289291,0.29694443139342097,0.9805825242718447,0.004585030605557685,0.0009867470346518437
163,poisson_pcg80,1.0,1.0,0.2969551744305126,1.0,2.0457230382950448e-13,2.5791535550849476e-14
163,poisson,0.5593407570989198,0.8626123989331984,0.2202027016814731,0.4368932038834951,4.174688803786686,7.334003469262176
163,amg,0.9841600542700807,0.9993358843806331,0.29659156345027626,0.9611650485436893,0.12003983813544919,0.05080748080544531
163,oracle,1.0,1.0,0.2969551744305126,1.0,1.983268336939377e-13,2.516651938975422e-14
164,ensemble,0.11527097042414704,0.6143912800565026,0.10346943996795036,0.14563106796116504,,
164,raw,0.23347828079178884,0.6686906380780705,0.14503189669503858,0.24271844660194175,,
164,smoothed,0.2555627726915099,0.6638520814226833,0.14511053999695148,0.24271844660194175,,
164,prediction_magnitude,0.32005897512695797,0.6791267406681214,0.11032276452176344,0.06796116504854369,,
164,boundary_distance,0.32767475269744323,0.6668300601920665,0.1171595691871887,0.09201235657546336,,
164,jacobi1,0.26197500178814104,0.698765588269399,0.17190431689107039,0.33980582524271846,0.8703493077284998,0.4985524117729593
164,jacobi5,0.3855523232422573,0.7976239418951541,0.19845788080205914,0.4077669902912621,0.7400157355450333,0.2825059704497682
164,jacobi10,0.5384134718546598,0.8859618607887163,0.21681139276872186,0.4077669902912621,0.643017195257088,0.21105984521960433
164,jacobi20,0.6935592724054073,0.9406512549676902,0.24063493808087855,0.5339805825242718,0.5144619684447593,0.1583964140139454
164,jacobi40,0.8278417249302625,0.9698723422198328,0.2597228932044534,0.6893203883495146,0.3617550433489142,0.12366858650017744
164,jacobi80,0.9252520943602032,0.987666424211758,0.26947370269410476,0.7864077669902912,0.21516117558849904,0.09834046271374734
164,cg5,0.271479418496531,0.701327177086957,0.17803687519806413,0.32038834951456313,0.8319017236375633,0.23752078604878843
164,pcg5,0.506220383913883,0.8755890073052718,0.2131326651188537,0.4077669902912621,0.6397344012218228,0.14921854971583706
164,poisson_pcg5,0.9943410811994849,0.9991988446496527,0.2758051390520861,0.9514563106796117,0.051538263275889416,0.03291027991362138
164,cg10,0.3643666851441241,0.7545934663672875,0.20424578403077626,0.3883495145631068,0.7284317819755572,0.15738240723882016
164,pcg10,0.7835331431943351,0.9635158070058927,0.2557854697763508,0.6601941747572816,0.38787428092488985,0.06460517848900739
164,poisson_pcg10,0.9999981783313066,1.0,0.2762301049518206,1.0,0.0005798950715828089,0.0004327146933868675
164,cg20,0.7127258533903154,0.9288869211389056,0.2395905844390704,0.5242718446601942,0.49555148632493057,0.0886809172947015
164,pcg20,0.954464909967098,0.9913454139126952,0.27078587183962344,0.8252427184466019,0.1561395205797101,0.021757523898501996
164,poisson_pcg20,1.0,1.0,0.2762301049518206,1.0,8.527271906408588e-08,5.309815434606443e-08
164,cg40,0.9133040040948428,0.983671188977789,0.26857005586892974,0.7864077669902912,0.22577994843713706,0.028434789518916478
164,pcg40,0.9920945501931191,0.9993253428628653,0.2759444193245828,0.9514563106796117,0.0601273042423405,0.00652168349602648
164,poisson_pcg40,1.0,1.0,0.2762301049518206,1.0,2.5686908636730865e-13,3.251053169542189e-14
164,cg80,0.9880618003898146,0.9986296026901953,0.27531542092262995,0.9320388349514563,0.07533236401710401,0.007253527650103386
164,pcg80,0.9999987818289106,1.0,0.2762301049518206,1.0,0.0002990900993540656,7.430495024629053e-05
164,poisson_pcg80,1.0,1.0,0.2762301049518206,1.0,2.5686908636730865e-13,3.251053169542189e-14
164,poisson,0.7020612684178528,0.8931090098352361,0.18133077299657474,0.32038834951456313,3.0967248457537067,7.420115559113473
164,amg,0.9921157955439525,0.9980919852840412,0.2749640172799177,0.9223300970873787,0.10757956179150704,0.03464936142169881
164,oracle,1.0,1.0,0.2762301049518206,1.0,2.5375931722816845e-13,3.2225149666220444e-14
165,ensemble,0.3560076510085115,0.7011268882493702,0.1416764565520029,0.24271844660194175,,
165,raw,0.2016215198304842,0.6697447898548433,0.1492587196661221,0.27184466019417475,,
165,smoothed,0.3998554623238681,0.7604440087283767,0.1577899553421626,0.2621359223300971,,
165,prediction_magnitude,0.45764708577712604,0.6731497000938195,0.08895368874694802,0.02912621359223301,,
165,boundary_distance,0.41077514489059247,0.6179174177498076,0.08967236573979669,0.020079435127978818,,
165,jacobi1,0.16656327113582717,0.6315107049112931,0.14248062472492207,0.27184466019417475,0.9600548987273664,0.6100286314312503
165,jacobi5,0.17181156569630213,0.7126382256517293,0.14194733304184595,0.27184466019417475,0.9188310065903288,0.38582198425939573
165,jacobi10,0.19628695864029755,0.7605599654238218,0.15074612802029488,0.34951456310679613,0.8887485379105761,0.32569904821058343
165,jacobi20,0.2632031194120592,0.8391786049355386,0.15422061808947826,0.39805825242718446,0.844332042098542,0.2818309460786158
165,jacobi40,0.34663830600457757,0.8952700209776203,0.1750489156684173,0.5048543689320388,0.7790454917323143,0.2362891962400867
165,jacobi80,0.467565658304127,0.946670461613063,0.2079068181874448,0.6407766990291263,0.6842604118729062,0.1825678071873406
165,cg5,0.16510653967884983,0.6840812540189537,0.1424130748499099,0.2912621359223301,0.9233037944710262,0.3259436922526333
165,pcg5,0.1894744876975896,0.74038350041639,0.14346246268214372,0.32038834951456313,0.8962504960349104,0.22772230528271362
165,poisson_pcg5,0.9977220647664686,0.9995677977715232,0.2573995437765318,0.970873786407767,0.05593375582626696,0.03895757999415153
165,cg10,0.17770022709391314,0.7715126023844913,0.15574261469137154,0.33980582524271846,0.8739979848203447,0.23448675249770276
165,pcg10,0.33796155273227946,0.8890610670124285,0.17699618946442397,0.5048543689320388,0.7902325228753327,0.1639759076386252
165,poisson_pcg10,0.9999986812459765,1.0,0.2575379478506392,1.0,0.0003336972761206451,0.000471858895843777
165,cg20,0.3274583251376868,0.9200004216607107,0.18889086097455415,0.5436893203883495,0.7546128443338528,0.15775452587586256
165,pcg20,0.6078074261497746,0.976460790824663,0.23742144494965706,0.7378640776699029,0.5542617033220777,0.09884162908275836
165,poisson_pcg20,0.9999999888241183,1.0,0.2575379478506392,1.0,4.7483356416300266e-08,7.790334659604416e-08
165,cg40,0.645085808418568,0.9860957380643665,0.24529804842089276,0.8058252427184466,0.5343521336520218,0.08957282477198969
165,pcg40,0.9856118906909377,0.9991039709897431,0.25715474298227115,0.9514563106796117,0.08474200381475357,0.025137194024858114
165,poisson_pcg40,1.0,1.0,0.2575379478506392,1.0,1.603142466807443e-13,4.645155890206706e-14
165,cg80,0.9960001408161075,0.9998840433045549,0.2574590647335088,0.9805825242718447,0.04225483534267438,0.013729159911855297
165,pcg80,0.9999903999177453,1.0,0.2575379478506392,1.0,0.0015001468073120724,0.0004220654680901989
165,poisson_pcg80,1.0,1.0,0.2575379478506392,1.0,1.603142466807443e-13,4.645155890206706e-14
165,poisson,0.6868578226700521,0.9320915425402949,0.2188701991458181,0.5825242718446602,1.6944590399094037,6.2930927131472325
165,amg,0.9872608249588726,0.9970167504717329,0.255714293348499,0.9029126213592233,0.10110456341885261,0.059266715919881315
165,oracle,1.0,1.0,0.2575379478506392,1.0,1.6556331459276377e-13,4.794458617973031e-14
166,ensemble,0.13188753933910305,0.5925070891706988,0.12128425825292373,0.1553398058252427,,
166,raw,0.27656566277447964,0.7037201016202312,0.14053849719053788,0.1941747572815534,,
166,smoothed,0.35591082317073164,0.7227897072620516,0.13437379007944156,0.17475728155339806,,
166,prediction_magnitude,0.35413550085830764,0.7737684871867851,0.15921975917920447,0.32038834951456313,,
166,boundary_distance,0.33560097933427047,0.7030085491709096,0.10709234197683602,0.1087819947043248,,
166,jacobi1,0.2524172761247407,0.7412584463911114,0.1715518762493814,0.3592233009708738,0.871936310418493,0.5066798663514241
166,jacobi5,0.3984663449502896,0.8776973108588174,0.21133870890806394,0.5436893203883495,0.7258094656483038,0.26932598251128365
166,jacobi10,0.5026799875724196,0.9321969577179723,0.22930939995939234,0.6213592233009708,0.6369550884183401,0.19710498266515922
166,jacobi20,0.5972673852013446,0.9598262757871878,0.24485689608741354,0.6796116504854369,0.5406659943208435,0.1323164689970321
166,jacobi40,0.6774769665081181,0.9696088042756396,0.25496619225920764,0.6796116504854369,0.45362672158413725,0.08429987257631523
166,jacobi80,0.7578209154388097,0.9757439676164574,0.2593276713653805,0.7087378640776699,0.37825623357592947,0.057512564568427155
166,cg5,0.3012172211394034,0.7989100070628169,0.18495105265952388,0.39805825242718446,0.7955540523148337,0.28426263266511037
166,pcg5,0.48702929422072805,0.9296564519359497,0.224957632937182,0.6116504854368932,0.6286152419690799,0.18725553051657495
166,poisson_pcg5,0.9894027608897789,0.9979022379642221,0.2756806415236894,0.9320388349514563,0.0800054571554063,0.0326922530934342
166,cg10,0.4435752986195551,0.8881123304133329,0.2198391444439733,0.5242718446601942,0.6701321046762472,0.17355866704979145
166,pcg10,0.6497131374722838,0.964127215036421,0.24873118956593218,0.6504854368932039,0.4726841988047704,0.08182427310330487
166,poisson_pcg10,0.999992512159359,1.0,0.27655897359493364,1.0,0.0014193876877910726,0.0009289521608836466
166,cg20,0.6301614579608039,0.9582345066042609,0.24777514032771975,0.6407766990291263,0.49947938881437587,0.08583788675119383
166,pcg20,0.7898783728810529,0.9769351591242107,0.26012232837962646,0.7184466019417476,0.3497729783151963,0.041337191229103204
166,poisson_pcg20,1.0,1.0,0.27655897359493364,1.0,9.415439588768762e-07,3.9217784384182355e-07
166,cg40,0.8180699699592303,0.9830703224650286,0.26584549740019164,0.7669902912621359,0.313911176817587,0.03739570618100234
166,pcg40,0.9799054632179385,0.9971116241316424,0.27419209782002957,0.8932038834951457,0.1104972980542219,0.015690422375189958
166,poisson_pcg40,1.0,1.0,0.27655897359493364,1.0,4.5283419452402466e-13,5.750561888477516e-14
166,cg80,0.9920656381875401,0.9984293138526085,0.2750958664628183,0.9223300970873787,0.06808062062151032,0.009771776801206366
166,pcg80,0.999993160360489,1.0,0.27655897359493364,1.0,0.001096122234392846,0.0002819792616345008
166,poisson_pcg80,1.0,1.0,0.27655897359493364,1.0,4.340247936450899e-13,4.992754931400778e-14
166,poisson,0.551131625062585,0.8545797623941895,0.19636706460769882,0.42718446601941745,3.118986410378341,6.989580995706563
166,amg,0.9879413467384306,0.9973119129692293,0.27549184385203873,0.9223300970873787,0.10078372308726868,0.050699027204275285
166,oracle,1.0,1.0,0.27655897359493364,1.0,4.3418543674951265e-13,4.996798843152801e-14
167,ensemble,0.07280783965739217,0.5447013060940514,0.11299936564006431,0.11650485436893204,,
167,raw,0.3704372451899005,0.7193320894342368,0.153992430088773,0.24271844660194175,,
167,smoothed,0.4767636099885559,0.7691407608867524,0.15267600100587916,0.27184466019417475,,
167,prediction_magnitude,0.21691831771690145,0.772998956389741,0.11169057443404824,0.14563106796116504,,
167,boundary_distance,0.3156786460466458,0.8376869801714051,0.1684309611961241,0.34642541924095327,,
167,jacobi1,0.32251096353980396,0.7267533179427174,0.1869478601882444,0.3106796116504854,0.8958040142616236,0.5634821136769268
167,jacobi5,0.4579268069165295,0.6999462382593846,0.20271903233463312,0.36893203883495146,0.7809173550277554,0.32367741995345234
167,jacobi10,0.5372231622380372,0.7485531766863793,0.21286914950882854,0.3883495145631068,0.7134022489663966,0.24234061314289884
167,jacobi20,0.6154400615120521,0.8058674087895176,0.21915563353594694,0.3883495145631068,0.6415862591424797,0.17878551610087048
167,jacobi40,0.6683569889492883,0.8676090783551016,0.2400527956944257,0.4563106796116505,0.571503087133226,0.13520855541180749
167,jacobi80,0.7216518064694942,0.9245016497475307,0.26055287394212884,0.5436893203883495,0.4913443190815343,0.10182687984575145
167,cg5,0.37326254157427935,0.7151471068804487,0.19316441619498084,0.36893203883495146,0.8352791421028268,0.31254162703034444
167,pcg5,0.5204235882626421,0.73541844554779,0.20766785187411824,0.3592233009708738,0.7098923614996868,0.2059885459809633
167,poisson_pcg5,0.9937794484478935,0.9994729241116136,0.30047442603907765,0.9611650485436893,0.06333204760626676,0.03826561872428751
167,cg10,0.4979062321185894,0.7441995298483075,0.21157723356607844,0.3883495145631068,0.7361230477651886,0.19571618662978194
167,pcg10,0.6408274622702238,0.8379347058389467,0.23225242618730205,0.42718446601941745,0.595253893335199,0.10780751093935363
167,poisson_pcg10,0.9999885000178813,1.0,0.3007970313546086,1.0,0.0017038221137733675,0.0011122650157719515
167,cg20,0.6718311570166654,0.8507426499267364,0.24515869455480377,0.4854368932038835,0.5632969436637459,0.1100431281465462
167,pcg20,0.7658431308561618,0.9642853378029369,0.2814972232727516,0.6699029126213593,0.4055460506337632,0.06695112396800322
167,poisson_pcg20,0.9999999888241183,1.0,0.3007970313546086,1.0,1.237974555394759e-06,6.620066255500565e-07
167,cg40,0.8477747366962305,0.9831230300538671,0.2892961294015963,0.7572815533980582,0.307565688007091,0.04972881334688115
167,pcg40,0.9797644012409698,0.9987350178678727,0.29978568126133326,0.9320388349514563,0.08856157936409713,0.01476859271301708
167,poisson_pcg40,1.0,1.0,0.3007970313546086,1.0,1.2695879277132998e-13,2.9687026923486995e-14
167,cg80,0.9755589281882554,0.9990934294719753,0.29999898965935523,0.9320388349514563,0.09038148290507915,0.01277648610208366
167,pcg80,0.9999901205207066,1.0,0.3007970313546086,1.0,0.001260408008866809,0.0003251660737004417
167,poisson_pcg80,1.0,1.0,0.3007970313546086,1.0,1.16928760335804e-13,2.1652471740042653e-14
167,poisson,0.5677114476789928,0.9133592654670419,0.24553525536961243,0.5533980582524272,2.676320937789929,6.556595520003265
167,amg,0.9736044453186468,0.993253428628654,0.2975260483067377,0.883495145631068,0.19388914993654063,0.06580956402379949
167,oracle,1.0,1.0,0.3007970313546086,1.0,1.1506671824027045e-13,2.129857236780475e-14
168,ensemble,0.4625403449324082,0.7531281953975734,0.21646552150773676,0.3300970873786408,,
168,raw,0.38138234478935695,0.6842499183032373,0.1974555002277721,0.30097087378640774,,
168,smoothed,0.534654754667048,0.7826866112182832,0.18798868006926223,0.2815533980582524,,
168,prediction_magnitude,0.7643217916279235,0.971221656494102,0.3313970539818028,0.7184466019417476,,
168,boundary_distance,0.6851480497337684,0.8747931227138084,0.23740952212088415,0.369152691968226,,
168,jacobi1,0.34342345191688717,0.6358538102315971,0.1856465935177963,0.2621359223300971,0.9700264600354759,0.5346648997099778
168,jacobi5,0.3379858267470138,0.6348312830081275,0.1907170410487063,0.24271844660194175,0.9302445691995781,0.3613064556434072
168,jacobi10,0.3576225770688792,0.6577063765640977,0.1941777382765155,0.24271844660194175,0.8974458507489301,0.3162131017529366
168,jacobi20,0.4036134866068235,0.7524746212959742,0.23060903394374868,0.3592233009708738,0.8457617181390494,0.27005841748182063
168,jacobi40,0.44611062558114584,0.8755468412342009,0.2573938049936622,0.46601941747572817,0.7692939467936758,0.2184919527067269
168,jacobi80,0.5026134351977684,0.9507184044358706,0.3003139148614808,0.6601941747572816,0.6676040296906695,0.16746317501234528
168,cg5,0.3414243549281167,0.6397647133234243,0.20055744941139272,0.27184466019417475,0.940300789799182,0.37026605482082464
168,pcg5,0.35473762382876756,0.6576220444219558,0.20445467544060986,0.27184466019417475,0.8943632259700134,0.31559264560218275
168,poisson_pcg5,0.9855921876117587,0.9995467147359877,0.36349071849794035,0.9611650485436893,0.08810479917183725,0.04028134832757454
168,cg10,0.381295508189686,0.7047320873259332,0.23529481285271248,0.3786407766990291,0.8732061927127568,0.2810867410280331
168,pcg10,0.4372411777591016,0.8874798393472693,0.2691925238362598,0.49514563106796117,0.7340106712937825,0.20551388507887022
168,poisson_pcg10,0.9999810457048851,1.0,0.3638440774300519,1.0,0.0022082152688217786,0.0012606978664616434
168,cg20,0.43267501430512834,0.9101862686189558,0.27928006102551106,0.5728155339805825,0.7192824866377729,0.18389088060423373
168,pcg20,0.560091239897003,0.9776941484034871,0.32594421686301717,0.7378640776699029,0.546940750836912,0.1308856588253515
168,poisson_pcg20,1.0,1.0,0.3638440774300519,1.0,3.736374970320889e-07,4.3573865947369366e-07
168,cg40,0.5991484984085544,0.994687075045065,0.35245365239330717,0.8932038834951457,0.446587629058832,0.1016069158466163
168,pcg40,0.9783077591910448,0.9994729241116136,0.36343002576213634,0.9514563106796117,0.08689809699998877,0.030467662165829034
168,poisson_pcg40,1.0,1.0,0.3638440774300519,1.0,1.0600346486710916e-13,2.894268334768884e-14
168,cg80,0.9856172104105572,0.9999367508933936,0.36378979699759495,0.9902912621359223,0.054870786317053395,0.017730126878958367
168,pcg80,0.9999997653064873,1.0,0.3638440774300519,1.0,3.7652452471124714e-05,2.2100464955856164e-05
168,poisson_pcg80,1.0,1.0,0.3638440774300519,1.0,1.0596647806764201e-13,2.8305942699560497e-14
168,poisson,0.7133999490379801,0.9680170350927126,0.31759701377683613,0.7378640776699029,1.7918327787484483,6.66348802154939
168,amg,0.9940475690222444,0.9994202165227749,0.36246685363771686,0.9514563106796117,0.15169598354258398,0.06975845622156636
168,oracle,1.0,1.0,0.3638440774300519,1.0,1.132050326077342e-13,2.9370128630716124e-14
169,ensemble,0.19304244376296398,0.5719722125591643,0.121728166348497,0.10679611650485436,,
169,raw,0.3261355701487733,0.6457944614865648,0.13785940566422678,0.1553398058252427,,
169,smoothed,0.49981733021600744,0.6818359107344275,0.143446376319538,0.1650485436893204,,
169,prediction_magnitude,0.16532020018239038,0.5154485942886057,0.08019639964696361,0.009708737864077669,,
169,boundary_distance,0.3261810062935332,0.5550899718541475,0.12255097046946535,0.07899382171226832,,
169,jacobi1,0.20640439480366207,0.6894785111160305,0.1543692025939766,0.27184466019417475,0.9409358435839126,0.5221905494979382
169,jacobi5,0.3009973803733638,0.8088084922467137,0.18045092619217448,0.44660194174757284,0.8687762330991747,0.32683221899792403
169,jacobi10,0.34392351673700017,0.8939523312566543,0.19550483812337263,0.5339805825242718,0.8157263352709386,0.27010430612565756
169,jacobi20,0.3866564779879837,0.9468180428618113,0.21897945370504845,0.6504854368932039,0.7505262500526919,0.22536876798224897
169,jacobi40,0.4363663744546169,0.9718330645246303,0.24120464502705571,0.7378640776699029,0.6788942701488553,0.18962819497580938
169,jacobi80,0.5165649475180601,0.9823745822923584,0.24963690277147843,0.7864077669902912,0.5963297181490276,0.15670218650400983
169,cg5,0.2694932743544811,0.7242760612673013,0.16727180309552078,0.33980582524271846,0.9165383242164598,0.3287416436968169
169,pcg5,0.33635303045204207,0.8820720407324246,0.19278835593710555,0.5048543689320388,0.8128301332155534,0.24190125002132523
169,poisson_pcg5,0.9973598432694368,0.9991566785785817,0.2627216978823582,0.941747572815534,0.054910835775898635,0.041711742046690384
169,cg10,0.31753197419712464,0.8146906591611061,0.17942895522702057,0.42718446601941745,0.8465310683472683,0.24594344943043803
169,pcg10,0.41592601119376293,0.964432919051685,0.23683217935449452,0.7184466019417476,0.6781467307528453,0.1654556267435129
169,poisson_pcg10,0.999994993205064,1.0,0.2633586133630173,1.0,0.0012261591667243209,0.0008410454450592857
169,cg20,0.4861224720155926,0.9497802093545429,0.23119708188875138,0.6407766990291263,0.6641463871155837,0.1580340729880803
169,pcg20,0.6075499785423074,0.9831968206782412,0.25595927853968653,0.8349514563106796,0.48612751179811886,0.10391976160446406
169,poisson_pcg20,1.0,1.0,0.2633586133630173,1.0,1.6498539962317086e-07,2.0544560914124482e-07
169,cg40,0.7966198434482512,0.9871182652878362,0.25971788203305024,0.8543689320388349,0.34810369707479344,0.07387957961382748
169,pcg40,0.9946694733030541,0.9994202165227749,0.26286931750195147,0.9514563106796117,0.049060703146123215,0.01294083047687308
169,poisson_pcg40,1.0,1.0,0.2633586133630173,1.0,1.8556137638657143e-13,3.816286826643334e-14
169,cg80,0.9795988529075174,0.9994307580405427,0.2630765157085197,0.9611650485436893,0.08778490876635955,0.018404515549154888
169,pcg80,0.9999938085616192,1.0,0.2633586133630173,1.0,0.0009871176978957234,0.00031805184599739716
169,poisson_pcg80,1.0,1.0,0.2633586133630173,1.0,1.8971858654731378e-13,3.7905994413013486e-14
169,poisson,0.7694271019598025,0.9239534908236088,0.21348194006649168,0.49514563106796117,1.8608326134117723,6.791843923862488
169,amg,0.9934552472999069,0.9994623825938459,0.26308770829774636,0.9611650485436893,0.053618616874960515,0.03864579094102758
169,oracle,1.0,1.0,0.2633586133630173,1.0,1.9284131788199243e-13,3.857684777614574e-14
170,ensemble,0.3834387852263786,0.7729040827298315,0.16319975916470011,0.2912621359223301,,
170,raw,0.30537853828409983,0.7372210450860714,0.16498978289444258,0.2621359223300971,,
170,smoothed,0.5091589813854516,0.8471058262968703,0.16174988543819538,0.2524271844660194,,
170,prediction_magnitude,0.5292392689185323,0.7536658128037275,0.1124343705975381,0.0970873786407767,,
170,boundary_distance,0.4984748973306565,0.7013219063280731,0.11692921848486369,0.13989408649602825,,
170,jacobi1,0.276784710052929,0.7017066717265952,0.16700749880094845,0.30097087378640774,0.9334289749569338,0.49934829126428615
170,jacobi5,0.3011804077855661,0.8212369416948653,0.18937963375405312,0.4368932038834951,0.8558564394325058,0.28837103822398974
170,jacobi10,0.3046826720191688,0.867282291304302,0.21263118765154698,0.5631067961165048,0.8059575421573072,0.21459729175616304
170,jacobi20,0.3716781927258422,0.9166060529395023,0.2184550916054945,0.6116504854368932,0.7456342783038996,0.15073968009528818
170,jacobi40,0.4679270527859236,0.9396076447086852,0.22096145367573097,0.6019417475728155,0.6815066239450049,0.10823855102513404
170,jacobi80,0.5662441997174736,0.9517830977304113,0.23458976291970313,0.6310679611650486,0.6153041421349503,0.08686645387630845
170,cg5,0.2640998386202703,0.7799352750809061,0.19301711937167929,0.4077669902912621,0.8975361992284453,0.2978502258602965
170,pcg5,0.29730628844503254,0.8733752885740489,0.20598175451965103,0.5533980582524272,0.7967301125884568,0.2003196063735888
170,poisson_pcg5,0.9955231094878765,0.9998945848223227,0.2905895657179622,0.9902912621359223,0.05376969361769739,0.028848666364478418
170,cg10,0.27489337091409766,0.8656588975680719,0.1915540361514344,0.4563106796116505,0.8355370086961279,0.1931519698266587
170,pcg10,0.4502713727558829,0.9362976081296185,0.22068137602385765,0.6407766990291263,0.6906271651344242,0.10473996326206297
170,poisson_pcg10,0.9999984689042271,1.0,0.2906923804666385,1.0,0.00045528693264205956,0.0005727252075444276
170,cg20,0.36462485918389237,0.9450259848412974,0.2103964722441246,0.5825242718446602,0.742015582965174,0.11361410311799444
170,pcg20,0.6216419716937271,0.9533116178067318,0.238449298452985,0.6310679611650486,0.5790642508766821,0.07805260259168868
170,poisson_pcg20,1.0,1.0,0.2906923804666385,1.0,5.1116465451567226e-08,6.8059342064612e-08
170,cg40,0.5869936543344538,0.9699882989152778,0.25261984975575064,0.6893203883495146,0.5674334043692181,0.0749924313339179
170,pcg40,0.9855809446749159,0.9990407218831368,0.2901691115253009,0.9611650485436893,0.09354602026032076,0.017853419041403484
170,poisson_pcg40,1.0,1.0,0.2906923804666385,1.0,1.6080763396898816e-13,4.066731377209291e-14
170,cg80,0.9836511158000143,0.9997470035735745,0.29029969914976583,0.9611650485436893,0.08180848296956478,0.01573640067673369
170,pcg80,0.9999945908733279,1.0,0.2906923804666385,1.0,0.0009410003679338761,0.00022649254365015757
170,poisson_pcg80,1.0,1.0,0.2906923804666385,1.0,1.6080763396898816e-13,4.066731377209291e-14
170,poisson,0.4580302173485444,0.7773631447455804,0.1368101810422383,0.23300970873786409,2.695252848976604,6.916581628231924
170,amg,0.9952058820899791,0.9996310468781295,0.2902538867314579,0.970873786407767,0.07019783422777905,0.047282071386273716
170,oracle,1.0,1.0,0.2906923804666385,1.0,1.7173621952391243e-13,4.0894550340681545e-14
171,ensemble,0.2867769763428939,0.5933714936276525,0.11484626846946684,0.0970873786407767,,
171,raw,0.24838469395965954,0.7042155529553145,0.16049631807767076,0.27184466019417475,,
171,smoothed,0.4030043787103927,0.7947988151334029,0.16485428223075635,0.27184466019417475,,
171,prediction_magnitude,0.4309335660896931,0.6618913591178858,0.07462843442381478,0.0,,
171,boundary_distance,0.48622773860127855,0.6857204600318354,0.12416429736847588,0.12047661076787292,,
171,jacobi1,0.2258356318396395,0.6790845745970505,0.16956378017212168,0.3300970873786408,0.9677899629798788,0.5977574088794391
171,jacobi5,0.2645345804127029,0.7947461075445643,0.19026864935095378,0.4563106796116505,0.9043492155304554,0.38209761774053785
171,jacobi10,0.3532402009870538,0.8563401958614001,0.21371727509496907,0.5631067961165048,0.8533994377145003,0.3044600283807144
171,jacobi20,0.4560328526214147,0.913896882873196,0.22329508069620957,0.6116504854368932,0.7866652302110593,0.24000583300322692
171,jacobi40,0.5630394039231814,0.9611545070259216,0.23992007042683902,0.7087378640776699,0.7088488225305968,0.18427140652904686
171,jacobi80,0.6342858388169659,0.9782001412563381,0.26383131453906233,0.7961165048543689,0.6239358025832579,0.1415766120964447
171,cg5,0.22995322893569844,0.7317499973646205,0.17248145605247048,0.33980582524271846,0.946611501730033,0.3739613547842864
171,pcg5,0.34890549004005433,0.8518389677745802,0.21163286297196582,0.5145631067961165,0.8385159580400966,0.280863564367941
171,poisson_pcg5,0.9980620797868534,0.9998629602690196,0.27730166053617633,0.9805825242718447,0.042805429339544086,0.03653073490147404
171,cg10,0.24349130069379868,0.8137840886330814,0.18292006358853632,0.42718446601941745,0.8938418045546241,0.2783964589306359
171,pcg10,0.5732700964702095,0.9611123409548507,0.23952577640628106,0.6893203883495146,0.686744142310324,0.17491243592946917
171,poisson_pcg10,0.9999976865925184,1.0,0.2773745569133046,1.0,0.0007885520308479883,0.0008459755939975825
171,cg20,0.4200277944174236,0.9456795589428966,0.20455664036404944,0.5631067961165048,0.7724065634965107,0.1854424281323718
171,pcg20,0.675193320399113,0.9759864225251151,0.2632938065768839,0.7475728155339806,0.5516740790430463,0.11777910625847389
171,poisson_pcg20,1.0,1.0,0.2773745569133046,1.0,8.85852606363456e-08,1.838854099982268e-07
171,cg40,0.6462116108468635,0.9831019470183316,0.26460261006965474,0.7669902912621359,0.5573915975564391,0.11266745256144735
171,pcg40,0.9783550108182534,0.9971748732382488,0.2758769440028019,0.8932038834951457,0.11662085116276182,0.035983381032075275
171,poisson_pcg40,1.0,1.0,0.2773745569133046,1.0,1.2387721600018023e-13,2.983159326849971e-14
171,cg80,0.9821605549495743,0.9997470035735745,0.2773459011801706,0.9805825242718447,0.08685420928641166,0.026133064203554168
171,pcg80,0.9999954178885629,1.0,0.2773745569133046,1.0,0.0008690328797551603,0.00024167677779691406
171,poisson_pcg80,1.0,1.0,0.2773745569133046,1.0,1.2387721600018023e-13,2.983159326849971e-14
171,poisson,0.6831605393033402,0.8758314622139296,0.1760568216240604,0.3883495145631068,2.091738057517312,6.860705460764157
171,amg,0.995754316125456,0.9995994223248263,0.2771185419294697,0.970873786407767,0.06721542561169574,0.05580789952560247
171,oracle,1.0,1.0,0.2773745569133046,1.0,1.1711254629282146e-13,2.854142350698356e-14
172,ensemble,0.0950861325191331,0.6172480313715569,0.13468710616025925,0.23300970873786409,,
172,raw,0.2855886113296617,0.6513182167968544,0.15545445924125487,0.24271844660194175,,
172,smoothed,0.3319707437772691,0.7006841445031255,0.14290042610471973,0.22330097087378642,,
172,prediction_magnitude,0.20733281998784064,0.8140265435417391,0.15732850632864434,0.32038834951456313,,
172,boundary_distance,0.1810130365377974,0.7957739055269177,0.1527960028252591,0.30052956751985876,,
172,jacobi1,0.2883540720442028,0.6682900604028968,0.17052226981084648,0.32038834951456313,0.860601613494806,0.522226727735917
172,jacobi5,0.5281853385845074,0.7612557055964918,0.19581721112932896,0.33980582524271846,0.6916851071169003,0.2923169513368002
172,jacobi10,0.6426727456011729,0.8426362227633535,0.22109050951661074,0.44660194174757284,0.5806829570252153,0.21570995177173227
172,jacobi20,0.77012941670839,0.9199582555896398,0.24546662054107554,0.5825242718446602,0.44256962640016845,0.1615933285699899
172,jacobi40,0.8889328374222156,0.9721071439865911,0.265523092160255,0.7378640776699029,0.2893842803184391,0.1240807807242048
172,jacobi80,0.9602794864458909,0.9932955946997248,0.2752414330934721,0.883495145631068,0.15914468167737686,0.09534881793768116
172,cg5,0.3587468595772834,0.6810663799373834,0.17591634117180918,0.2912621359223301,0.8211987346987788,0.3281765354856401
172,pcg5,0.6162297269508619,0.8226389635579731,0.209691260653903,0.3786407766990291,0.5828118420043499,0.16313868982735955
172,poisson_pcg5,0.9946433664437451,0.9997786281268777,0.277793302678524,0.9805825242718447,0.052175681749603235,0.03735942547607183
172,cg10,0.531306270563622,0.7454434289448995,0.19563053140480996,0.33980582524271846,0.6857924891296763,0.20836530173008422
172,pcg10,0.8546326375974537,0.9654027386863161,0.26516028620914744,0.7475728155339806,0.30666271421691543,0.07141285712578356
172,poisson_pcg10,0.9999979101101495,1.0,0.2778805986163443,1.0,0.0004947008204437401,0.00040318998402954505
172,cg20,0.7451049303519061,0.913707135553377,0.2416803652450073,0.5728155339805825,0.43812218742804226,0.10262368293056567
172,pcg20,0.9763202851190902,0.9969218768118233,0.2758856943583974,0.8932038834951457,0.11243285952248694,0.015917457543971992
172,poisson_pcg20,1.0,1.0,0.2778805986163443,1.0,3.506939448198488e-08,3.7803497337562734e-08
172,cg40,0.952214512105715,0.9950876527202387,0.2741973293276354,0.8932038834951457,0.1587392376874926,0.027681928236376118
172,pcg40,0.9970002145769258,0.9994940071471491,0.277687330619984,0.9611650485436893,0.03921027472877784,0.005220848327515269
172,poisson_pcg40,1.0,1.0,0.2778805986163443,1.0,8.311736575379308e-13,1.0873485461166129e-13
172,cg80,0.9980182032758743,0.9996942959847359,0.2778173366371909,0.970873786407767,0.031156143093522926,0.003548041715265564
172,pcg80,0.9999988041806737,1.0,0.2778805986163443,1.0,0.0002684282765468513,6.993217589627425e-05
172,poisson_pcg80,1.0,1.0,0.2778805986163443,1.0,8.311736575379308e-13,1.0873485461166129e-13
172,poisson,0.7804804846756312,0.941283746033754,0.2270874536535471,0.5728155339805825,1.8114311527239169,5.810080721606904
172,amg,0.9912707871396895,0.9971221656494103,0.27670977821568554,0.9223300970873787,0.1174240145600958,0.04104849904232969
172,oracle,1.0,1.0,0.2778805986163443,1.0,8.307219469729076e-13,1.0882860085689343e-13
173,ensemble,0.36673265279665257,0.7862707272593108,0.21109357164655385,0.4077669902912621,,
173,raw,0.42021143650311127,0.7810105098932144,0.21209498731070484,0.34951456310679613,,
173,smoothed,0.5553106336277805,0.8828942791183074,0.22621086862760686,0.34951456310679613,,
173,prediction_magnitude,0.43260927776983044,0.6463320788927189,0.17053277607756087,0.2912621359223301,,
173,boundary_distance,0.4155033073301289,0.6600834888207204,0.19092845670643824,0.34179170344218884,,
173,jacobi1,0.3415231385451684,0.6794851522722242,0.2018025602738921,0.32038834951456313,0.9373892229674806,0.6081988750817443
173,jacobi5,0.380150092089264,0.6986601730917218,0.23552155159536015,0.42718446601941745,0.8471248684186626,0.43342021262326874
173,jacobi10,0.4287943458980044,0.7407419120204927,0.2420075708099467,0.4174757281553398,0.7753358314109162,0.3665545454949436
173,jacobi20,0.5497008775302196,0.853240989637688,0.28628015473642304,0.5339805825242718,0.665855358391248,0.29533427957269603
173,jacobi40,0.6851649001323225,0.9507289459536384,0.3259184078839174,0.6407766990291263,0.5096400310241108,0.21302874128523044
173,jacobi80,0.8077682770366926,0.9803611523987223,0.3465051338718174,0.7281553398058253,0.3308881093936354,0.12260859862427999
173,cg5,0.38086019642729413,0.772145093450555,0.23877010399421006,0.4174757281553398,0.8346380440547663,0.4064466334259023
173,pcg5,0.43477946632930403,0.7422177245079746,0.23957807260184544,0.4077669902912621,0.7499026470714827,0.3477591800939278
173,poisson_pcg5,0.9878692846541736,0.9994307580405427,0.36195601993822485,0.9611650485436893,0.06944396236210171,0.04033675117629241
173,cg10,0.5097287278270509,0.9147718288479175,0.3029093059115684,0.6310679611650486,0.6302265485271794,0.2705049389589776
173,pcg10,0.6531067497854229,0.9550931343094778,0.3337038482516951,0.6601941747572816,0.4431408925125213,0.19400484989721878
173,poisson_pcg10,0.999989360560761,1.0,0.36258211989356254,1.0,0.0012595836301457141,0.0006983215682572281
173,cg20,0.7334251506508832,0.9941283746033754,0.3515946744942185,0.8543689320388349,0.3352961907587434,0.11341850783699954
173,pcg20,0.8555448354016164,0.9848834635210778,0.34951937817218665,0.7475728155339806,0.24282323736745157,0.043107106700109525
173,poisson_pcg20,1.0,1.0,0.36258211989356254,1.0,2.0480558686522366e-07,2.0695265730828313e-07
173,cg40,0.9256970509083756,0.9984082308170731,0.36097268025516394,0.941747572815534,0.14850684907642192,0.03557624184087692
173,pcg40,0.980334125330806,0.9981236098373444,0.36093471739444855,0.912621359223301,0.08359708603499287,0.01422124476646738
173,poisson_pcg40,1.0,1.0,0.36258211989356254,1.0,1.0929604746140294e-13,2.7631274845218743e-14
173,cg80,0.9988182064051211,0.9999683754466968,0.3625798706456462,0.9902912621359223,0.016805828982691104,0.003917072591599275
173,pcg80,0.9999731890601531,0.9999894584822323,0.3625798706456462,0.9902912621359223,0.0018754430622252916,0.0005993130219102265
173,poisson_pcg80,1.0,1.0,0.36258211989356254,1.0,1.0980613516404333e-13,2.7388867819950916e-14
173,poisson,0.43005091731635786,0.7810737589998208,0.265501023364614,0.49514563106796117,2.643422012572546,6.020688497989144
173,amg,0.9543341074493956,0.9970062089539652,0.35882290107188575,0.8932038834951457,0.1655119919122993,0.06283828996015241
173,oracle,1.0,1.0,0.36258211989356254,1.0,1.09321944553765e-13,2.7534211326731343e-14
174,ensemble,0.2761414710142336,0.7000832779903651,0.1416432605157584,0.2524271844660194,,
174,raw,0.1369834060510693,0.5807638383774496,0.1317419582801824,0.1650485436893204,,
174,smoothed,0.21575588074887347,0.6324383584748532,0.13118439627880166,0.18446601941747573,,
174,prediction_magnitude,0.30046062513411054,0.6961196673096992,0.12845331568772625,0.1262135922330097,,
174,boundary_distance,0.32039334484235427,0.7500658844860483,0.19762335566040654,0.4137246248896734,,
174,jacobi1,0.20625770018239037,0.6316477446422736,0.1404667612180862,0.1941747572815534,0.9131982673651267,0.5892662983599468
174,jacobi5,0.39561076192690076,0.7345856656441394,0.21005400024786153,0.42718446601941745,0.7644508156050775,0.3633617246378518
174,jacobi10,0.5547314323903869,0.8481599780736431,0.24184059551621578,0.5339805825242718,0.6577851868078319,0.2709132791295792
174,jacobi20,0.690287689542951,0.9278011448088296,0.2579232088457361,0.6213592233009708,0.5270037096460478,0.18687021982975932
174,jacobi40,0.8059771855553965,0.973203461834435,0.274583668876444,0.7572815533980582,0.38220211536592924,0.1196847743550992
174,jacobi80,0.9117500536442312,0.9930847643443703,0.2818306837206689,0.8543689320388349,0.23342616657791584,0.06943667872980476
174,cg5,0.29874086930477073,0.6679105657632586,0.1812626294663524,0.2621359223300971,0.823260223262673,0.3645673322566856
174,pcg5,0.5720150896752735,0.8446391111392219,0.2443078492548399,0.5436893203883495,0.6188901379210935,0.25210971941440485
174,poisson_pcg5,0.9913012637686859,0.9988404330455499,0.28628556309397896,0.9514563106796117,0.07012627228439275,0.03677559902698698
174,cg10,0.4806464465167012,0.7949674794176865,0.22195617178731178,0.4174757281553398,0.6595626532012012,0.22744130651886169
174,pcg10,0.7658791618982904,0.9615445431833275,0.26832165009576386,0.7087378640776699,0.40040503932390903,0.12560829083314098
174,poisson_pcg10,0.9999920092446891,1.0,0.28669513827946563,1.0,0.0012099414132057853,0.000889389300598819
174,cg20,0.7133866050354052,0.9201480029094589,0.263620729386557,0.6990291262135923,0.4553052756490685,0.108264084556048
174,pcg20,0.9500359975144838,0.9978811549286867,0.28537339756618213,0.912621359223301,0.14675229653369093,0.036616484656352526
174,poisson_pcg20,1.0,1.0,0.28669513827946563,1.0,3.3522165354886117e-07,3.4418088146767677e-07
174,cg40,0.8610578642443315,0.9858216586024056,0.28152621908009956,0.8446601941747572,0.2831366811156808,0.04396148932205659
174,pcg40,0.9977198184142765,0.9998313357157164,0.2865770259854599,0.970873786407767,0.03131188924743546,0.006840371280221678
174,poisson_pcg40,1.0,1.0,0.28669513827946563,1.0,2.0509174751976864e-13,3.5650070500705805e-14
174,cg80,0.9880537761068591,0.9990828879542076,0.28626340735496897,0.9514563106796117,0.07185537658412461,0.012132865742871878
174,pcg80,0.9999932721193048,0.9999894584822323,0.2866947491575042,0.9902912621359223,0.0011964908804991499,0.00017555320828622012
174,poisson_pcg80,1.0,1.0,0.28669513827946563,1.0,2.0617578412811592e-13,3.477166286036317e-14
174,poisson,0.6796525194907374,0.8917069879721282,0.22086876930537697,0.46601941747572817,3.308663621789974,6.853383473938908
174,amg,0.977187220602961,0.9969324183295911,0.28497039652212997,0.8932038834951457,0.15166185455207626,0.05877330849575665
174,oracle,1.0,1.0,0.28669513827946563,1.0,2.08350372151519e-13,3.515939644662291e-14
175,ensemble,0.3397933579500751,0.7314337518315888,0.16420000591199355,0.2815533980582524,,
175,raw,0.3096565651598598,0.6929993780504518,0.1509243610835229,0.22330097087378642,,
175,smoothed,0.3818863993991845,0.7364831388423305,0.1629711567478229,0.2621359223300971,,
175,prediction_magnitude,0.4704308861132966,0.7889904388433847,0.18443355145298992,0.2912621359223301,,
175,boundary_distance,0.4312017365183905,0.7938342662576557,0.15992030330603227,0.29655781112091795,,
175,jacobi1,0.3154089366819255,0.6915973561873439,0.18726968582981354,0.33980582524271846,0.8713411257306396,0.5033380195256341
175,jacobi5,0.43302664106644734,0.8234717434616236,0.21920348891577246,0.4563106796116505,0.7541839664303107,0.27921692328634273
175,jacobi10,0.5218795597596738,0.8779713903207784,0.23334737007024367,0.49514563106796117,0.6803939375707618,0.20385884681727753
175,jacobi20,0.6108957580823975,0.9165744283861991,0.24683856354665118,0.5436893203883495,0.5936161334422587,0.14270952653114888
175,jacobi40,0.7108811735569701,0.9452684397499552,0.2618317460850762,0.6213592233009708,0.4924546136809315,0.098822776148958
175,jacobi80,0.8090560626922251,0.9666993453717466,0.2740791441977168,0.6796116504854369,0.38316016190931795,0.06542487867385195
175,cg5,0.3662426797975824,0.7710698586382467,0.2000415230395712,0.39805825242718446,0.8030739546549545,0.24903068924540017
175,pcg5,0.5079243258708246,0.8792996215595121,0.24268839670670214,0.5339805825242718,0.6704892247852694,0.18223746833315266
175,poisson_pcg5,0.9937900878871323,0.9987666424211759,0.295005200096252,0.9320388349514563,0.057736399834393694,0.03168149815239077
175,cg10,0.4377758319326227,0.8694433024466863,0.23121086704690472,0.4854368932038835,0.6913792551403257,0.1533200584004413
175,pcg10,0.6802170914991774,0.9281806394484677,0.2550948240265868,0.5825242718446602,0.5174621498331754,0.10189508833146008
175,poisson_pcg10,0.999986253665689,1.0,0.2957876503415995,1.0,0.0017474483344643952,0.0009989257977510353
175,cg20,0.6025221282454759,0.9347585465355301,0.25788772669539467,0.5728155339805825,0.5247954594062253,0.08018075298723992
175,pcg20,0.8536397499284742,0.9748479386062006,0.2814271185060082,0.7378640776699029,0.30523339454769016,0.04399401815052507
175,poisson_pcg20,1.0,1.0,0.2957876503415995,1.0,6.564882323264846e-07,4.86099065420427e-07
175,cg40,0.8542943883663543,0.9797813689214974,0.281733038526666,0.7378640776699029,0.2916034651018344,0.03747958483686081
175,pcg40,0.9635991703025535,0.9956885192329992,0.29288220557114775,0.883495145631068,0.13648379266613744,0.01739826699745432
175,poisson_pcg40,1.0,1.0,0.2957876503415995,1.0,1.6940878540285225e-13,5.212307652320097e-14
175,cg80,0.9946123533724339,0.9997259205380391,0.29555894705791014,0.970873786407767,0.04333137746114283,0.00710786292305043
175,pcg80,0.9999987147736212,1.0,0.2957876503415995,1.0,0.0002790787166222102,7.598684810955138e-05
175,poisson_pcg80,1.0,1.0,0.2957876503415995,1.0,2.1115126990108742e-13,3.3390438144742326e-14
175,poisson,0.618592721818897,0.8920232335051601,0.25183374394531444,0.5436893203883495,4.4301517334776745,7.637116860546057
175,amg,0.9908439243437521,0.9977968227865448,0.2950401615619766,0.9320388349514563,0.09028880550878537,0.04468976666403692
175,oracle,1.0,1.0,0.2957876503415995,1.0,2.0905595602705567e-13,3.308387206086102e-14
176,ensemble,0.12946275302195837,0.5354985610828247,0.10316807236026672,0.0970873786407767,,
176,raw,0.2561341731635791,0.5992431190242771,0.15186175787005665,0.1941747572815534,,
176,smoothed,0.3990382706887919,0.7188471796169212,0.15109652774701043,0.1941747572815534,,
176,prediction_magnitude,0.37498209623775125,0.7552892065399576,0.14150253288490397,0.24271844660194175,,
176,boundary_distance,0.44114499651591155,0.7934126055469467,0.1611925500944451,0.25198587819947044,,
176,jacobi1,0.1806468153207925,0.5826718530934084,0.1441821096519324,0.22330097087378642,0.968259727245573,0.6732944725151864
176,jacobi5,0.15134792307417208,0.6652330202502557,0.13495403751702717,0.22330097087378642,0.9133825969798371,0.455262369797357
176,jacobi10,0.2057488958229025,0.7380432834719542,0.1363380775095572,0.2524271844660194,0.8721646165737728,0.3502381733665248
176,jacobi20,0.29125452623202913,0.833538892929804,0.1569726716102753,0.3592233009708738,0.8183001409961869,0.2520847962125191
176,jacobi40,0.3745535347078177,0.8963136312366254,0.18672676940170083,0.49514563106796117,0.7525142524502026,0.18342352428661948
176,jacobi80,0.4593732118589514,0.9352223733173102,0.2089731493032716,0.5728155339805825,0.67227821204021,0.14717771990324263
176,cg5,0.1841180106036764,0.644624353014347,0.14290799030864257,0.24271844660194175,0.9225616025482991,0.38585089713202664
176,pcg5,0.1829287962234461,0.7288405384607276,0.1384988542639595,0.24271844660194175,0.8561450759276014,0.2807259656961652
176,poisson_pcg5,0.9987017425434516,0.9996205053603617,0.2566401462779751,0.9514563106796117,0.030778251544054575,0.036905119282908586
176,cg10,0.20064578713968953,0.7396666772081845,0.14503241425693153,0.3106796116504854,0.8705962583187301,0.2603614836182059
176,pcg10,0.36857640503182887,0.883916806341777,0.1748701821024036,0.4563106796116505,0.7647295364189446,0.17060324677022132
176,poisson_pcg10,0.9999966137078893,1.0,0.256839461059083,1.0,0.000607999864395837,0.0008758631503613902
176,cg20,0.35139250366568914,0.8823355786766178,0.1741865594498129,0.44660194174757284,0.7676137821846125,0.1847369765261691
176,pcg20,0.538221045526071,0.9557045423400061,0.22545114402359978,0.6407766990291263,0.5860151483380628,0.12660003311470672
176,poisson_pcg20,1.0,1.0,0.256839461059083,1.0,1.9225425939710713e-07,2.4677950249509185e-07
176,cg40,0.6482511757027394,0.9707156636412511,0.23744230838083552,0.6796116504854369,0.5085315617881783,0.10737437321133239
176,pcg40,0.9728136175881553,0.9910397098974311,0.2523919440704362,0.8155339805825242,0.14271790702827777,0.04011830313709889
176,poisson_pcg40,1.0,1.0,0.256839461059083,1.0,5.600413066933104e-14,1.987996572508712e-14
176,cg80,0.9732833175380874,0.9978706134109189,0.2560325226010549,0.9223300970873787,0.11212776523031216,0.029187936463480564
176,pcg80,0.9999973848437163,1.0,0.256839461059083,1.0,0.0004715721639276974,0.00021666194491230676
176,poisson_pcg80,1.0,1.0,0.256839461059083,1.0,5.565998385193844e-14,1.9739039154944287e-14
176,poisson,0.765364613135684,0.9341787630583052,0.22866402385093337,0.5922330097087378,2.49268267917109,5.966264974450324
176,amg,0.9963522369644516,0.9990723464364399,0.25625146382440783,0.941747572815534,0.0864346313368527,0.06425024975620128
176,oracle,1.0,1.0,0.256839461059083,1.0,5.73782750542988e-14,2.034291343229678e-14
177,ensemble,0.2033043840748158,0.6203261545597335,0.11955491938367042,0.1553398058252427,,
177,raw,0.31116109586224155,0.7332785174409412,0.19052231878135653,0.36893203883495146,,
177,smoothed,0.41940955582576356,0.7802936866850089,0.16409725086819568,0.2912621359223301,,
177,prediction_magnitude,0.35392407553107785,0.7028662386810453,0.08751485027316312,0.038834951456310676,,
177,boundary_distance,0.340703790102729,0.7079841455572773,0.1458060114557235,0.21315092674315977,,
177,jacobi1,0.3057907718510836,0.7225261693178584,0.18622039529998588,0.36893203883495146,0.8849992635921751,0.5801547117158677
177,jacobi5,0.4165007756061798,0.8004069025858344,0.2157208907360964,0.44660194174757284,0.7444523985168876,0.3653453447737775
177,jacobi10,0.5396383372970459,0.8946586129470921,0.23866039491645338,0.5533980582524272,0.6403519398990162,0.29089861091947294
177,jacobi20,0.6814615259101638,0.9543552280657369,0.25728193627996787,0.6504854368932039,0.5111624777489734,0.22811494357801404
177,jacobi40,0.7857417432587083,0.9762499604693083,0.27086491413237573,0.7475728155339806,0.3877284286392376,0.17958513077107743
177,jacobi80,0.8537289781667977,0.9837555211199308,0.2786944442383661,0.8058252427184466,0.30381058684396794,0.14357315679124683
177,cg5,0.334347764376654,0.760159387748648,0.20279311530265606,0.4077669902912621,0.8066212610508545,0.3141873820204421
177,pcg5,0.5262585830770331,0.8972518263179533,0.23651796908365982,0.5533980582524272,0.6259304594515825,0.20786308539583623
177,poisson_pcg5,0.9956229659895572,0.9995994223248263,0.29014407380863705,0.9611650485436893,0.05258148846539436,0.038499471446527406
177,cg10,0.44079610274658465,0.8545903039119572,0.22576602445582167,0.5048543689320388,0.6938333923035166,0.19430688692966108
177,pcg10,0.7611017407553107,0.9753012238702128,0.2689960278601637,0.7378640776699029,0.3931595733547818,0.0806141785755988
177,poisson_pcg10,0.9999942891245261,1.0,0.29059058190275855,1.0,0.0010599750681217646,0.0010387715608205033
177,cg20,0.6234204232529862,0.9578339289290873,0.2506745727577416,0.6213592233009708,0.5278913325643522,0.09849965812456862
177,pcg20,0.8658087426686216,0.9854737885160706,0.279664056959148,0.8058252427184466,0.2839886301931774,0.03548361057814374
177,poisson_pcg20,1.0,1.0,0.29059058190275855,1.0,9.201396422547257e-08,8.223330759099644e-08
177,cg40,0.7532011748086689,0.9828173260386031,0.274288548294681,0.7669902912621359,0.37200815659756764,0.0424410827065106
177,pcg40,0.9854951586081109,0.9990618049186721,0.2900990883115619,0.9611650485436893,0.08645805433976461,0.011859811932805536
177,poisson_pcg40,1.0,1.0,0.29059058190275855,1.0,2.981301864339544e-13,4.502964325555023e-14
177,cg80,0.9954650507832058,0.9998207941979487,0.29051977235724313,0.970873786407767,0.04170158764510316,0.00839792215975507
177,pcg80,0.9999918416064659,0.9999894584822323,0.29059017470657983,0.9902912621359223,0.0012782468635324181,0.0002924077213741043
177,poisson_pcg80,1.0,1.0,0.29059058190275855,1.0,2.981301864339544e-13,4.502964325555023e-14
177,poisson,0.7190429422072812,0.9260090867883157,0.2206909051654111,0.4854368932038835,2.2556226144379274,5.6314945107900725
177,amg,0.9739922819361991,0.9979760285885961,0.28757130001823233,0.9223300970873787,0.1268736958181717,0.06764526137962214
177,oracle,1.0,1.0,0.29059058190275855,1.0,2.989307520008391e-13,4.5016021880220026e-14
178,ensemble,0.1890842370896216,0.6204104867018754,0.12458129434393883,0.14563106796116504,,
178,raw,0.32113837529504324,0.7442100713660753,0.15129924843405734,0.2815533980582524,,
178,smoothed,0.37044706878978606,0.7921318111381677,0.13649955864782018,0.20388349514563106,,
178,prediction_magnitude,0.2967424428688935,0.6932839990301803,0.14837995726712694,0.21359223300970873,,
178,boundary_distance,0.3309285563801821,0.7219832811528204,0.14771412845294182,0.1974845542806708,,
178,jacobi1,0.27106050175237817,0.7050167083056619,0.17470348174635253,0.32038834951456313,0.8937732500069908,0.5027338887180425
178,jacobi5,0.38222422394678485,0.7695624215974616,0.20498481233142188,0.3786407766990291,0.8131552259995187,0.30939795735969244
178,jacobi10,0.44665464514340886,0.7863972254725236,0.2368227299728922,0.47572815533980584,0.7614417759041731,0.2509938114092944
178,jacobi20,0.5070411406551748,0.8093039435817969,0.24954104284513992,0.5436893203883495,0.6906326044947374,0.19784632331482785
178,jacobi40,0.5853120529647378,0.8512908088506583,0.2729704910471388,0.6019417475728155,0.5943892575086663,0.14999855192370928
178,jacobi80,0.7017886327873541,0.9385534929319124,0.2871782553983219,0.6796116504854369,0.4666908596553816,0.10713518757269137
178,cg5,0.34781916082540587,0.8058990333428206,0.2243592883473267,0.5048543689320388,0.8157341588886561,0.2667207297707677
178,pcg5,0.43858957022029893,0.7825179469339996,0.2282721557776775,0.47572815533980584,0.7693276253748257,0.20718035997971265
178,poisson_pcg5,0.9827660306845003,0.9993885919694717,0.3110378924114155,0.9611650485436893,0.08430214604421508,0.029418024652574423
178,cg10,0.4200131987161147,0.8017667583778713,0.25218971748256086,0.5631067961165048,0.6967576069399942,0.1645291817157426
178,pcg10,0.5388950070631571,0.831873333122503,0.2672152887119299,0.5922330097087378,0.6155694036992908,0.11990527055497077
178,poisson_pcg10,0.9999842084793648,1.0,0.31155061728506406,1.0,0.0017548961977067127,0.0009003146693456924
178,cg20,0.5966499624490379,0.9340311818095569,0.2823456689809583,0.6601941747572816,0.5158008230847659,0.09306209769462845
178,pcg20,0.8085496387955081,0.9845355934347427,0.297971576233651,0.7475728155339806,0.3273077852580222,0.06084678535957639
178,poisson_pcg20,1.0,1.0,0.31155061728506406,1.0,5.021250423997862e-07,3.7380689666148927e-07
178,cg40,0.9302706016200556,0.9977335736799384,0.30886743283975454,0.9029126213592233,0.16976277699163092,0.03339819767861934
178,pcg40,0.9985007331378297,1.0,0.31155061728506406,1.0,0.02093065578883202,0.00590941051411585
178,poisson_pcg40,1.0,1.0,0.31155061728506406,1.0,2.7708299655330503e-13,4.552015974989255e-14
178,cg80,0.9976792164365924,0.9998735017867872,0.31146925441462714,0.9805825242718447,0.029177192343439438,0.0034866218866213775
178,pcg80,0.9999995976682639,1.0,0.31155061728506406,1.0,8.260181126948874e-05,1.1616151767648738e-05
178,poisson_pcg80,1.0,1.0,0.31155061728506406,1.0,2.73789679857321e-13,3.334846077468759e-14
178,poisson,0.4755237576890065,0.9147823703656852,0.24474478014468298,0.5922330097087378,3.4047745769224194,7.504925324721683
178,amg,0.9681684741792432,0.9968270031519139,0.30822073974984215,0.9029126213592233,0.17652764657600786,0.057057394838992276
178,oracle,1.0,1.0,0.31155061728506406,1.0,2.7365710782481437e-13,3.313279420784509e-14
179,ensemble,0.14467512829912024,0.6163520023612999,0.11636636271541052,0.1650485436893204,,
179,raw,0.25352004506115444,0.7153790202713387,0.1367223685787488,0.22330097087378642,,
179,smoothed,0.32688130319719616,0.728903787567334,0.13762695942073544,0.1941747572815534,,
179,prediction_magnitude,0.23673423977183317,0.619493374656083,0.11628295080378971,0.10679611650485436,,
179,boundary_distance,0.2696050695331594,0.6328442069089107,0.11363263099455634,0.13349514563106796,,
179,jacobi1,0.2705032387704742,0.7631110127236119,0.16247143725350444,0.33980582524271846,0.8345945999692905,0.42462912666646263
179,jacobi5,0.3576311713217938,0.8850974563317626,0.2030941445714066,0.46601941747572817,0.7153000957108971,0.2225701740335688
179,jacobi10,0.4098265614941706,0.9231839600265647,0.22941923400512743,0.5728155339805825,0.6594444009881077,0.17048404378537474
179,jacobi20,0.4723292213539803,0.9465439633998504,0.2345359205921498,0.6116504854368932,0.6042710089513937,0.13384732358404638
179,jacobi40,0.5491530805199913,0.9635263485236605,0.24399549633955644,0.6601941747572816,0.5427386175175293,0.10692865730924019
179,jacobi80,0.6522089912202275,0.9760285885961861,0.2516396372942283,0.7087378640776699,0.4648426954097504,0.08253863010748294
179,cg5,0.2854793782633574,0.8291325385028937,0.19101923165089232,0.4563106796116505,0.7856014863391998,0.24181577143374577
179,pcg5,0.39579681800300404,0.9187459810463511,0.22329820954820093,0.5533980582524272,0.6615393397911087,0.13519682673543762
179,poisson_pcg5,0.9938883350618696,0.9991145125075108,0.2795561633069125,0.9514563106796117,0.05927192130003783,0.0415344352080788
179,cg10,0.345002827498033,0.9182189051579647,0.21340686887916419,0.5339805825242718,0.7021328185761523,0.1411234362858859
179,pcg10,0.511652488198269,0.9556518347511674,0.23876041916028617,0.6310679611650486,0.5699349736121935,0.07545012607797742
179,poisson_pcg10,0.9999736249195337,1.0,0.27989877750431236,1.0,0.003260994031662743,0.0009337932733480499
179,cg20,0.46077579616980185,0.9629149404931322,0.24259181253791715,0.6699029126213593,0.5882817234645672,0.07894353327787573
179,pcg20,0.8197946543523352,0.9856424528003542,0.2680466465987879,0.7864077669902912,0.3345511059912023,0.05029510376312045
179,poisson_pcg20,1.0,1.0,0.27989877750431236,1.0,5.009411307957606e-07,2.951579308819149e-07
179,cg40,0.8121799451040698,0.9906602152577928,0.2717255127652427,0.8252427184466019,0.32788556800183033,0.04258331335427986
179,pcg40,0.9948727961161576,0.999609963842594,0.2796847359608992,0.9611650485436893,0.04807743857040968,0.008878786239142376
179,poisson_pcg40,1.0,1.0,0.27989877750431236,1.0,3.7694012839576113e-13,4.898546676204075e-14
179,cg80,0.9925305436842858,0.999609963842594,0.2795924879467941,0.9611650485436893,0.05448119242474141,0.008185812933512102
179,pcg80,0.9999993294471067,1.0,0.27989877750431236,1.0,0.00017729467335473773,3.992628040228472e-05
179,poisson_pcg80,1.0,1.0,0.27989877750431236,1.0,3.849412129164174e-13,4.770278515455778e-14
179,poisson,0.5085732422573492,0.8505529026069173,0.18611863446407625,0.3786407766990291,3.1276251425224375,6.901547508793182
179,amg,0.9889040707030969,0.9988088084922467,0.27857736465646676,0.9320388349514563,0.08409038102851064,0.04006289083385631
179,oracle,1.0,1.0,0.27989877750431236,1.0,3.886823163169478e-13,4.8201259043368e-14
180,ensemble,-0.04733039482154352,0.4913823092248822,0.070658636402032,0.038834951456310676,,
180,raw,0.09944307229454258,0.6208426889303522,0.10955363821904647,0.1553398058252427,,
180,smoothed,0.09221565204563335,0.6131684639954461,0.10261621707645774,0.1262135922330097,,
180,prediction_magnitude,0.25970478908876327,0.6382783593181747,0.1035182048255775,0.10679611650485436,,
180,boundary_distance,0.37786955058669736,0.7045265277294624,0.08710145395775316,0.06553398058252427,,
180,jacobi1,0.0693508489199628,0.5977989310900984,0.1257718191197514,0.22330097087378642,0.9354746484392474,0.5564355661146843
180,jacobi5,0.13601442359273297,0.6896787999536174,0.14418509680478436,0.30097087378640774,0.8645963381180377,0.327827923078501
180,jacobi10,0.23155006124383087,0.7602226368552544,0.1577847524542566,0.34951456310679613,0.8130937060897796,0.259246809557112
180,jacobi20,0.36913821659752516,0.8337602648029263,0.16881991157921486,0.39805825242718446,0.7404723927422514,0.20629868958715225
180,jacobi40,0.5310921965524641,0.8845282143723053,0.1860090045723848,0.4854368932038835,0.6492726873345047,0.16645443770963936
180,jacobi80,0.6898613520134468,0.9257771733974257,0.20257561720623385,0.5825242718446602,0.5465024266702033,0.13180919599642263
180,cg5,0.14865814542951147,0.6864003879278539,0.14136765650636823,0.27184466019417475,0.8950842142202706,0.3062165499663339
180,pcg5,0.21151097918603817,0.7397404678325585,0.14804296671382142,0.32038834951456313,0.8125073545270564,0.23330743407246884
180,poisson_pcg5,0.9957955774801516,0.9978179058220803,0.23357159544953757,0.9223300970873787,0.05510981581540971,0.040556244800828097
180,cg10,0.21077677964737856,0.7758873322580985,0.1505876796643313,0.3106796116504854,0.8247140837316845,0.21248171164485283
180,pcg10,0.4949975524819398,0.8745875631173377,0.18142417391651108,0.46601941747572817,0.659563745699502,0.1511162811317407
180,poisson_pcg10,0.9999918527823474,0.9999894584822323,0.23407565762237081,0.9902912621359223,0.0016499305946702035,0.0009844380693967158
180,cg20,0.46211437620699514,0.8825674920675078,0.17871290838146087,0.4368932038834951,0.6712656471730264,0.1424336132691268
180,pcg20,0.8224560899613761,0.9522890905832622,0.2185402323212191,0.6796116504854369,0.4075475350391717,0.09270690877418272
180,poisson_pcg20,1.0,1.0,0.2340762653395929,1.0,3.0949168620311954e-07,2.9139132790980175e-07
180,cg40,0.8468829684035476,0.9824167483634294,0.2266632255125013,0.7864077669902912,0.33674411491395595,0.06467094366828917
180,pcg40,0.985253647807739,0.9973540790403003,0.23362113259585754,0.9320388349514563,0.08911196736508334,0.020537965226380076
180,poisson_pcg40,1.0,1.0,0.2340762653395929,1.0,9.416434829679547e-14,2.48659827927478e-14
180,cg80,0.9932472306165511,0.9984082308170731,0.23376796942608907,0.9320388349514563,0.05727991472586269,0.013202509188557
180,pcg80,0.9999912045812172,1.0,0.2340762653395929,1.0,0.0013421950187235783,0.0004054886937128561
180,poisson_pcg80,1.0,1.0,0.2340762653395929,1.0,9.704470877702439e-14,2.2901524478586616e-14
180,poisson,0.7074331011730204,0.9288763796211379,0.19577745287871293,0.5728155339805825,2.499855421167034,6.879491634026
180,amg,0.9964752163650668,0.9989563897409949,0.2337545890406853,0.941747572815534,0.059473840402725416,0.043443809354027
180,oracle,1.0,1.0,0.2340762653395929,1.0,1.0251253003670595e-13,2.3862598685868842e-14
181,ensemble,0.32624871477362133,0.5384185615044854,0.13422897193339958,0.11650485436893204,,
181,raw,0.3815214286352907,0.7538871846768498,0.1582649061308395,0.2912621359223301,,
181,smoothed,0.5583864485730634,0.7969914508290904,0.17165131497496142,0.3106796116504854,,
181,prediction_magnitude,0.6528026764001144,0.7717128912220782,0.1702776604671018,0.24271844660194175,,
181,boundary_distance,0.5811471456500735,0.7123694169486523,0.1625579695274477,0.206531332744925,,
181,jacobi1,0.29183416332880335,0.7339215500247726,0.1647409457406351,0.3300970873786408,0.9569501367708625,0.49407489996832876
181,jacobi5,0.2179025552535584,0.6964886204315698,0.163402751470533,0.36893203883495146,0.929220994790592,0.30370002403607405
181,jacobi10,0.2096919256490952,0.712300897083162,0.1612943155539325,0.36893203883495146,0.913340945680078,0.2505585900014512
181,jacobi20,0.2578407749803304,0.758261914550457,0.16321939873433322,0.39805825242718446,0.8869881160022943,0.21302594522506918
181,jacobi40,0.34313113555897284,0.8338973045339068,0.18700197690880468,0.5048543689320388,0.8363767486168122,0.1864486651556656
181,jacobi80,0.471657919676704,0.939344106764492,0.2225742601862192,0.6407766990291263,0.7419854898268446,0.15935917845066286
181,cg5,0.2901399555646949,0.7298736072019649,0.16003136474333973,0.34951456310679613,0.9313458747441762,0.2891767211464328
181,pcg5,0.1927368951612903,0.6813826254704153,0.16328141611231303,0.3786407766990291,0.9167477941443392,0.22785272023448558
181,poisson_pcg5,0.9966161442314568,0.9994518410760781,0.27230638997631773,0.970873786407767,0.054467337208870786,0.03977313511295751
181,cg10,0.2547615290394106,0.7608867524746213,0.18200696640258843,0.4563106796116505,0.885576338739057,0.20997838404091507
181,pcg10,0.3217092169730348,0.7975712343063154,0.17397936067071354,0.4368932038834951,0.8584653939403951,0.1811272070526286
181,poisson_pcg10,0.9999965690043628,1.0,0.2725049694705527,1.0,0.0008059662814998647,0.001095472097292938
181,cg20,0.44089306469494305,0.9142025868884602,0.21989867176437602,0.6310679611650486,0.7572408671050244,0.15585336181424966
181,pcg20,0.7763665532687217,0.9930215152377639,0.26833174329416715,0.8543689320388349,0.4282579875486593,0.10104306076278477
181,poisson_pcg20,1.0,1.0,0.2725049694705527,1.0,3.9258012572853787e-07,3.536662220524063e-07
181,cg40,0.8577955573635647,0.994918988435955,0.2697575554668592,0.8932038834951457,0.34830624059817894,0.07974159110202311
181,pcg40,0.9901244657928616,0.9980287361774348,0.2715707548942042,0.9223300970873787,0.0952800969820214,0.029965078321162353
181,poisson_pcg40,1.0,1.0,0.2725049694705527,1.0,4.367843732972656e-14,2.353334541107151e-14
181,cg80,0.9977510661791,0.9996205053603617,0.27235846218978343,0.9611650485436893,0.03540459874842573,0.011756688406671741
181,pcg80,0.9999975301301766,1.0,0.2725049694705527,1.0,0.0006182881960628329,0.00019181908371419042
181,poisson_pcg80,1.0,1.0,0.2725049694705527,1.0,4.006783658075187e-14,1.570951911793598e-14
181,poisson,0.8458476459123094,0.9222352234274691,0.23187747830501917,0.5145631067961165,2.2099744716525467,7.05977739387437
181,amg,0.9974020322223016,0.9995467147359877,0.27228845542867985,0.9805825242718447,0.060195118845231495,0.03855909624279019
181,oracle,1.0,1.0,0.2725049694705527,1.0,4.2183991157737305e-14,1.6262657530467916e-14
182,ensemble,0.1271289942600672,0.5268228919599844,0.11205103341224594,0.0970873786407767,,
182,raw,0.2118011274229311,0.6488831261925092,0.13230190075602738,0.18446601941747573,,
182,smoothed,0.17401224206065374,0.6620600234021694,0.1326326535186829,0.1650485436893204,,
182,prediction_magnitude,0.2643541905085473,0.6402917892118107,0.12311490256878553,0.1262135922330097,,
182,boundary_distance,0.26340856209773517,0.6613484709528478,0.10264571625813822,0.10238305383936451,,
182,jacobi1,0.21444895080823975,0.6634831283008128,0.1566904130297674,0.2815533980582524,0.8682303062516064,0.43543677751677035
182,jacobi5,0.3884780908018024,0.7347648714461908,0.1862581597130865,0.36893203883495146,0.7453164720054037,0.2445754925037578
182,jacobi10,0.5187021001716614,0.8103264708052665,0.20174981039799358,0.4174757281553398,0.6596708843629258,0.1873502458598878
182,jacobi20,0.6596495020027179,0.8986011405922225,0.23243981266040423,0.5631067961165048,0.5442016402973217,0.13608099995540607
182,jacobi40,0.7964051324118446,0.9600054815892393,0.2542558928668998,0.6796116504854369,0.4023478940299945,0.09074385719161558
182,jacobi80,0.8960137530398398,0.9829121996985126,0.2647720738225933,0.7572815533980582,0.2676263303558957,0.05557351626030811
182,cg5,0.27918543469708884,0.6990712922846631,0.1840939987793744,0.3592233009708738,0.8150492399123684,0.2509581313444843
182,pcg5,0.48859296768829125,0.7918998977472776,0.1956580045730485,0.4077669902912621,0.6705311180649554,0.1654743988207541
182,poisson_pcg5,0.9911946346827836,0.9988509745633176,0.2766224085719861,0.9514563106796117,0.06904969722742285,0.034387639805563655
182,cg10,0.43066770304341606,0.7612767886320272,0.20782030474361118,0.42718446601941745,0.7034498700611695,0.16574793067757967
182,pcg10,0.7656690441492023,0.9575493079493586,0.25798770312939473,0.7087378640776699,0.39730875848567854,0.07926173221105848
182,poisson_pcg10,0.9999831467706171,1.0,0.27731600288159963,1.0,0.0020462183236770524,0.0007567942818132683
182,cg20,0.7106604834239324,0.8978421513129461,0.24743863831483714,0.6019417475728155,0.48931457894196767,0.09253265750318439
182,pcg20,0.9230520438452183,0.9886994929529954,0.26971581555006385,0.8058252427184466,0.20562955673774397,0.0312179636835839
182,poisson_pcg20,1.0,1.0,0.27731600288159963,1.0,6.30973934440932e-07,4.0237935310633627e-07
182,cg40,0.9424822303483299,0.9920938616742039,0.27385552318099554,0.8446601941747572,0.18317804128978493,0.03017146032227964
182,pcg40,0.9880750438094554,0.9977862812687771,0.27617087195803197,0.912621359223301,0.07762332396249744,0.01020075956944024
182,poisson_pcg40,1.0,1.0,0.27731600288159963,1.0,1.4930736257773386e-13,2.4173940992368e-14
182,cg80,0.9967211528145339,0.9993675089339363,0.276937622399761,0.9514563106796117,0.040947965400656705,0.004651235449725919
182,pcg80,0.9999990053465417,1.0,0.27731600288159963,1.0,0.00023098109654781995,4.656341584629951e-05
182,poisson_pcg80,1.0,1.0,0.27731600288159963,1.0,1.5311800030734227e-13,2.2579638147259697e-14
182,poisson,0.5617473826085401,0.859291820836364,0.23127184967240413,0.5339805825242718,3.7143124911746552,7.249108986365288
182,amg,0.9893715131249552,0.9983449817104667,0.276034585981272,0.9223300970873787,0.09223774085381795,0.030789113436862126
182,oracle,1.0,1.0,0.27731600288159963,1.0,1.5197530522541235e-13,2.231766209791184e-14
183,ensemble,0.1805210866533152,0.600487018120869,0.10995309832568528,0.13592233009708737,,
183,raw,0.29099941438380655,0.6904588722684292,0.13766033310744183,0.24271844660194175,,
183,smoothed,0.31995575468492954,0.7312967121006082,0.1145120397363712,0.11650485436893204,,
183,prediction_magnitude,0.18498227505185608,0.6114607381170741,0.08604482729824535,0.038834951456310676,,
183,boundary_distance,0.26341538367727474,0.6643844280699535,0.10654420053919951,0.1295233892321271,,
183,jacobi1,0.22304577417566696,0.6688593023623541,0.14844170101103862,0.27184466019417475,0.8971914949397591,0.5323365283144487
183,jacobi5,0.3646604320148773,0.8406122513519496,0.19083267083664568,0.42718446601941745,0.7906752881098694,0.2821048315907151
183,jacobi10,0.46198366309634503,0.9060750766895418,0.20152241382150865,0.4563106796116505,0.719065292292074,0.2071664682702267
183,jacobi20,0.5613334950110864,0.929877823809072,0.2187519324263902,0.5339805825242718,0.6333417813589234,0.1495027185727021
183,jacobi40,0.6547601208783349,0.9384269947186996,0.22889756986832316,0.5533980582524272,0.5453645760916366,0.109917411673379
183,jacobi80,0.738560255882984,0.9486206424000928,0.2380610686520557,0.6019417475728155,0.4605735064829429,0.0848872835753883
183,cg5,0.3372382049746083,0.7959162160167821,0.17785150187902082,0.39805825242718446,0.8401179670826774,0.26113105322562713
183,pcg5,0.4504029017058865,0.9035029463542161,0.20398218302070004,0.47572815533980584,0.714739756594163,0.1905068925089389
183,poisson_pcg5,0.989431393498319,0.9995045486649168,0.2627810389530634,0.9611650485436893,0.08702442969992859,0.03876415093037303
183,cg10,0.37202164991774545,0.8434373781137008,0.19611102781558204,0.4563106796116505,0.7657258371390222,0.16902141842069054
183,pcg10,0.6292020644088405,0.9271264876716949,0.22895365665407888,0.5533980582524272,0.5583127832509751,0.10716819674213691
183,poisson_pcg10,0.9999905228524426,1.0,0.2631035357497066,1.0,0.001410715930282543,0.0008711010836531659
183,cg20,0.5771400583828051,0.921033490401948,0.22452869539689327,0.5436893203883495,0.6053839720961434,0.10857983872418776
183,pcg20,0.7809689489306916,0.9508976102379221,0.2372098729167311,0.6019417475728155,0.40881678016048106,0.06661565992849645
183,poisson_pcg20,0.9999999888241183,1.0,0.2631035357497066,1.0,8.904143287772091e-07,4.89785083924252e-07
183,cg40,0.9059381929046563,0.9826064956832484,0.2531664897413372,0.7378640776699029,0.2428370496617576,0.0425701865132706
183,pcg40,0.9837557891066447,0.9972381223448552,0.2621377553224618,0.9223300970873787,0.086471620889676,0.012570566881298161
183,poisson_pcg40,1.0,1.0,0.2631035357497066,1.0,1.8303488527952533e-13,3.2815032343800764e-14
183,cg80,0.9903930892818823,0.998524187512518,0.2627202642543015,0.9514563106796117,0.06324837192391579,0.00814299631026475
183,pcg80,0.9999968595772832,0.9999894584822323,0.2631032971822949,0.9902912621359223,0.0006285372664299419,0.0002157321527757747
183,poisson_pcg80,1.0,1.0,0.2631035357497066,1.0,1.7418774536428906e-13,2.5616921654435127e-14
183,poisson,0.6012000549853371,0.8747983934726922,0.17538319172896505,0.36893203883495146,2.7453578964115333,7.036579087202269
183,amg,0.9702719874293683,0.9983871477815376,0.26178348340791935,0.9320388349514563,0.11899975360485905,0.04335797337822863
183,oracle,1.0,1.0,0.2631035357497066,1.0,1.7691354545623924e-13,2.6004606397684217e-14
184,ensemble,-0.002841613171446963,0.5916321431959773,0.10980737163941191,0.14563106796116504,,
184,raw,0.35581160369429937,0.7709960680138727,0.20949543099590193,0.4563106796116505,,
184,smoothed,0.4011245507295615,0.8236720322992105,0.2176744921757118,0.5339805825242718,,
184,prediction_magnitude,0.07491688496888635,0.7232851585971348,0.1480955751510857,0.2912621359223301,,
184,boundary_distance,0.0370394715048612,0.697526959931691,0.14148740700157442,0.2868490732568403,,
184,jacobi1,0.32340215068664613,0.7324879036083616,0.1953113855192338,0.4174757281553398,0.845876335892431,0.5252546560646354
184,jacobi5,0.4501138598812674,0.7428607570918061,0.21553601728441069,0.39805825242718446,0.7203255170931653,0.2467011362650968
184,jacobi10,0.462141589478578,0.7380222004364189,0.2219594028663298,0.4077669902912621,0.6824456964109824,0.18579436731550136
184,jacobi20,0.46222929779701016,0.7526643686157933,0.2180929934302327,0.4077669902912621,0.6556418966316204,0.14996876091497183
184,jacobi40,0.47237812701165866,0.7829606906802441,0.22205342520229815,0.42718446601941745,0.6267927330495375,0.12267445240196373
184,jacobi80,0.5193973405872254,0.8369121786154771,0.23419691490603947,0.46601941747572817,0.5679812392614739,0.09474357592929725
184,cg5,0.3791220674486804,0.7645552006577907,0.20883473711681344,0.3786407766990291,0.7732152811044622,0.3170033502762535
184,pcg5,0.4603325607073886,0.7277231375773484,0.2170938822276075,0.3883495145631068,0.6888232188716781,0.14807677342019665
184,poisson_pcg5,0.9991960294328016,0.9999262093756259,0.28165816024744883,0.9902912621359223,0.027683780996414577,0.0344278634108127
184,cg10,0.4594839536692654,0.7736103644202692,0.2285037246719167,0.42718446601941745,0.6582139018581702,0.17022721119150566
184,pcg10,0.4591299687969387,0.7659045149320599,0.21367182345552946,0.4174757281553398,0.6497350884074653,0.09099613635249172
184,poisson_pcg10,0.9999993517988698,1.0,0.28166759776677963,1.0,0.00026544164534769726,0.00034699632486074033
184,cg20,0.5381329125241399,0.8496884981499636,0.24603315538858572,0.5048543689320388,0.5426787007845264,0.07842116788016303
184,pcg20,0.5709278440383376,0.8859196947176454,0.24674681646070667,0.5145631067961165,0.5021199942167947,0.05894243868131331
184,poisson_pcg20,1.0,1.0,0.28166759776677963,1.0,4.3201221327979116e-08,3.7634007386889753e-08
184,cg40,0.72647588691796,0.9527002097762036,0.264238738174439,0.6213592233009708,0.36972978178795507,0.0406877464984076
184,pcg40,0.9910828423396038,0.9990301803653691,0.2814887241729153,0.941747572815534,0.056652039600363184,0.008514473031080409
184,poisson_pcg40,1.0,1.0,0.28166759776677963,1.0,3.218281463032504e-13,4.888058378254591e-14
184,cg80,0.9992370002145767,0.9999578339289291,0.2816298128224558,0.9902912621359223,0.01570892677442672,0.00297686860011574
184,pcg80,0.9999990947535942,1.0,0.28166759776677963,1.0,0.00016761573756341827,3.73563281573098e-05
184,poisson_pcg80,1.0,1.0,0.28166759776677963,1.0,3.218281463032504e-13,4.888058378254591e-14
184,poisson,0.6639206557113224,0.8663651792585096,0.19875017545141146,0.42718446601941745,1.781303805765987,5.328546247743556
184,amg,0.9873806751126528,0.9952563170045223,0.28080408818676306,0.8932038834951457,0.09420436939494661,0.04205995848094283
184,oracle,1.0,1.0,0.28166759776677963,1.0,3.2175318326469687e-13,4.8501166735261947e-14
185,ensemble,0.38023488350261064,0.6892149731718373,0.14310614989732978,0.21359223300970873,,
185,raw,0.2850213459337672,0.7306325964812413,0.16498072843555917,0.34951456310679613,,
185,smoothed,0.42887672332093546,0.8412131178647102,0.1727153882215986,0.3883495145631068,,
185,prediction_magnitude,0.9189218850582932,0.9300781126466588,0.24056027479256825,0.4563106796116505,,
185,boundary_distance,0.8982487193340936,0.9667994897905401,0.2615872748282581,0.6804942630185349,,
185,jacobi1,0.2525170767470138,0.6709465228803643,0.15339114557171565,0.2621359223300971,0.983741364013719,0.6173159619917936
185,jacobi5,0.1745676386703383,0.6269462277178668,0.14626850670855274,0.24271844660194175,0.9574521341026618,0.4370275904401767
185,jacobi10,0.18821854212860306,0.6689541760222637,0.13722954353239042,0.24271844660194175,0.9345348563278535,0.38883928784731114
185,jacobi20,0.2651054444424576,0.7556581596618281,0.1472939059255771,0.3106796116504854,0.8969716858588693,0.34465633088297926
185,jacobi40,0.4188579366640441,0.8772229425592697,0.17491979521915366,0.44660194174757284,0.8354953353292197,0.29610210215121563
185,jacobi80,0.6002898129604464,0.951867429872553,0.21312793228851754,0.5922330097087378,0.7373305744562129,0.24563702482173316
185,cg5,0.22554673530148056,0.6584337412900709,0.154431560148188,0.30097087378640774,0.9688551270634076,0.42021928123972985
185,pcg5,0.17451204983549098,0.65815966182811,0.1383931573974926,0.24271844660194175,0.9305209261496025,0.36304136854851643
185,poisson_pcg5,0.9969625183284456,0.9997575450913423,0.2757897149297493,0.970873786407767,0.058980799753271945,0.04351470873266046
185,cg10,0.18291665921607894,0.7193531724697722,0.1466281286169208,0.33980582524271846,0.9249413376363876,0.330859090808901
185,pcg10,0.43575799299048706,0.9091531998777184,0.17411149800401307,0.46601941747572817,0.8023776185761784,0.2719969182237563
185,poisson_pcg10,0.999997496602532,1.0,0.27590771264902314,1.0,0.0008127034311776583,0.000888901769045499
185,cg20,0.3169255708640297,0.8823777447476888,0.18906678575326122,0.5728155339805825,0.8328888945505046,0.2558949408803761
185,pcg20,0.7595392407553107,0.9814680117643338,0.2657842547961222,0.7281553398058253,0.5303749729679805,0.19197645088754167
185,poisson_pcg20,1.0,1.0,0.27590771264902314,1.0,1.7560164370244023e-07,3.4397762464342057e-07
185,cg40,0.8334281793147843,0.9977968227865448,0.27467822939427555,0.9223300970873787,0.4195573397371375,0.15004389116439212
185,pcg40,0.9978118517988699,0.9985031044769827,0.27553852748971464,0.9223300970873787,0.04542593109126528,0.02912656899358201
185,poisson_pcg40,1.0,1.0,0.27590771264902314,1.0,1.6265791693184944e-13,5.6649796771780693e-14
185,cg80,0.9968972511801729,0.9995467147359877,0.2756674471870252,0.9611650485436893,0.050178010666863684,0.024022463644022277
185,pcg80,0.9999998994170659,1.0,0.27590771264902314,1.0,5.508805387241438e-05,3.85837714344114e-05
185,poisson_pcg80,1.0,1.0,0.27590771264902314,1.0,1.6116960130420572e-13,5.619631201924252e-14
185,poisson,0.8815769392389671,0.9708948694433025,0.26345121208211936,0.7961165048543689,1.3171733925013243,6.482587550843399
185,amg,0.998435119537229,0.9978811549286867,0.27525907945245415,0.9223300970873787,0.11451715473459086,0.07039369034648657
185,oracle,1.0,1.0,0.27590771264902314,1.0,1.7354986318860277e-13,6.029571228450319e-14
186,ensemble,0.2973978077390744,0.7154422693779451,0.1685745171815062,0.2524271844660194,,
186,raw,0.31556226977684,0.6724434184033817,0.16642521088212114,0.2524271844660194,,
186,smoothed,0.41018259155282166,0.744958519127584,0.1956088384364696,0.2912621359223301,,
186,prediction_magnitude,0.6169351821221657,0.894078829469867,0.22280904329299442,0.4368932038834951,,
186,boundary_distance,0.5573044685525956,0.7875936877391607,0.1648979618506003,0.19880847308031774,,
186,jacobi1,0.28321257420785345,0.6938532409896377,0.1841911575316791,0.30097087378640774,0.9301635607244925,0.4824422530304757
186,jacobi5,0.2830895501037121,0.7866291388634136,0.214360618920597,0.4563106796116505,0.8621673580648122,0.3028824113657101
186,jacobi10,0.34128512579572273,0.8667130493448447,0.22868253210560757,0.5339805825242718,0.8109932797678956,0.24336685121776652
186,jacobi20,0.4063151889171018,0.9385534929319124,0.26020299448755896,0.6504854368932039,0.736986605777125,0.1884928494816406
186,jacobi40,0.5133944393283741,0.9700937140929551,0.2856179922655543,0.7475728155339806,0.6428304949045343,0.13849427794508123
186,jacobi80,0.599865051230241,0.9793807912463236,0.28977364684078216,0.7572815533980582,0.5440746885433076,0.10151232233143008
186,cg5,0.30430705064015445,0.7623520234443355,0.20301021933872535,0.39805825242718446,0.8791302039163302,0.2772837221851133
186,pcg5,0.33286188622058505,0.8567513150543415,0.22469094228557446,0.5339805825242718,0.8126318170730956,0.2168918962928449
186,poisson_pcg5,0.9850537336385092,0.9989247651876917,0.3141342531076834,0.941747572815534,0.09460473819105776,0.0359005506029325
186,cg10,0.3433906060010013,0.8237774474768877,0.2398046855755049,0.5533980582524272,0.7943953050541936,0.18518507308155255
186,pcg10,0.5327543183606323,0.9642853378029369,0.28756443140037435,0.7281553398058253,0.6342375291750213,0.12026523090895966
186,poisson_pcg10,0.9999935626922252,1.0,0.3144487905153782,1.0,0.001380839205628119,0.0009722518394413791
186,cg20,0.4864070434875903,0.9421797750440108,0.27062790233200806,0.6796116504854369,0.6511397203045571,0.10886144202291312
186,pcg20,0.6241060971139403,0.9792648345508786,0.2942442433970166,0.7572815533980582,0.4907493625891555,0.0711522503422893
186,poisson_pcg20,0.9999999888241183,1.0,0.3144487905153782,1.0,1.6434850434161213e-06,7.323575827967243e-07
186,cg40,0.7169124503790859,0.9821532104192362,0.29809410810676107,0.7864077669902912,0.4300616859355553,0.05852593863236902
186,pcg40,0.9877854767184034,0.9985558120658212,0.3128940359567061,0.9320388349514563,0.07565729226415056,0.01556618448351903
186,poisson_pcg40,1.0,1.0,0.3144487905153782,1.0,1.7286934152539458e-13,3.7461422679418314e-14
186,cg80,0.9903538172341034,0.999609963842594,0.3143836593104257,0.9805825242718447,0.04757686179625578,0.009472635515665484
186,pcg80,0.9999968819290463,1.0,0.3144487905153782,1.0,0.0004805419285133065,0.00016979918789178215
186,poisson_pcg80,1.0,1.0,0.3144487905153782,1.0,1.876204271456948e-13,2.983277852293596e-14
186,poisson,0.6672224469816179,0.9151829480408589,0.25999872365223226,0.5825242718446602,2.6076739857514073,7.181129879725433
186,amg,0.963358497693298,0.9963842594056692,0.31057638110157576,0.8932038834951457,0.14644833826563544,0.06545664422448086
186,oracle,1.0,1.0,0.3144487905153782,1.0,1.8424126530005452e-13,2.9380866338743283e-14
187,ensemble,0.274362583595594,0.6727174978653426,0.11830767678607963,0.1553398058252427,,
187,raw,0.28033661755239253,0.7139032077838567,0.13591156040514132,0.21359223300970873,,
187,smoothed,0.38143289330162355,0.7715969345266331,0.15417471313209793,0.27184466019417475,,
187,prediction_magnitude,0.49654650731349687,0.8312303005386715,0.1573619619335511,0.20388349514563106,,
187,boundary_distance,0.49571619671028794,0.8494091479291188,0.20777082370670805,0.4609443954104149,,
187,jacobi1,0.26868411817824184,0.6811085460084543,0.16438816984404658,0.32038834951456313,0.8869830486286017,0.5583566019015241
187,jacobi5,0.3702104530255346,0.7817800406902586,0.18884424738204084,0.4077669902912621,0.7655401588166033,0.2991113331187518
187,jacobi10,0.47441807184750734,0.8429103022253144,0.21473764110786417,0.49514563106796117,0.6832982925153049,0.21671246266156682
187,jacobi20,0.5904494716043202,0.9051895891970526,0.234589656296971,0.5922330097087378,0.5849765311049927,0.15130047411712816
187,jacobi40,0.6920264667226951,0.9418740710287468,0.25183903013332104,0.6601941747572816,0.4919672787279024,0.11068653218640793
187,jacobi80,0.7625099018310564,0.9653289480619419,0.25798708003561743,0.6990291262135923,0.4103596064296752,0.08733929665351946
187,cg5,0.3442730983119948,0.7954840137883052,0.19955371673303915,0.44660194174757284,0.7990620246112329,0.2722795108565075
187,pcg5,0.4605814475895858,0.8224702992736894,0.21879742828592127,0.49514563106796117,0.6727282709008536,0.1964283098468423
187,poisson_pcg5,0.9946059384164221,0.9985136459947503,0.27925038062216534,0.9320388349514563,0.06829228588206518,0.034649565598129296
187,cg10,0.42138149542235886,0.8783508849604166,0.2222389994545921,0.5339805825242718,0.6939726472534545,0.16408904623381518
187,pcg10,0.6644257161504898,0.9325659108398427,0.2497727272162903,0.6504854368932039,0.5058863398503416,0.0943033076159868
187,poisson_pcg10,0.9999944232351047,1.0,0.2804857803715464,1.0,0.0012721268717598526,0.000596830380785831
187,cg20,0.5926649448358486,0.9520782602279076,0.2507576389738611,0.6504854368932039,0.5331448260431213,0.09164867670181408
187,pcg20,0.8166482748909233,0.9808776867693411,0.2664839964780307,0.7475728155339806,0.33475043986646136,0.05502791260701356
187,poisson_pcg20,1.0,1.0,0.2804857803715464,1.0,3.3495332451468264e-07,2.2432130803796086e-07
187,cg40,0.8484234519168871,0.9841455572773368,0.2687223009668078,0.7475728155339806,0.30295317095552926,0.040830996691513244
187,pcg40,0.9779221689256847,0.9933061362174926,0.27620725428080767,0.8640776699029126,0.12462678375412402,0.017283158221099555
187,poisson_pcg40,1.0,1.0,0.2804857803715464,1.0,2.1235737350117737e-13,4.0113442459544714e-14
187,cg80,0.9946809285816464,0.9993569674161685,0.27971568340613545,0.9514563106796117,0.0511491897515547,0.008027637268654337
187,pcg80,0.9999987594771474,1.0,0.2804857803715464,1.0,0.00027562395965167953,5.6519285207017534e-05
187,poisson_pcg80,1.0,1.0,0.2804857803715464,1.0,2.0903641481823976e-13,3.758298165210904e-14
187,poisson,0.678848224822974,0.9397657674752011,0.24822427927323867,0.6504854368932039,4.39080270606958,6.988767202675085
187,amg,0.9871659864280093,0.9982711910860925,0.2783834977679227,0.9320388349514563,0.12521566323448252,0.053044561410541625
187,oracle,1.0,1.0,0.2804857803715464,1.0,2.0388269353440608e-13,3.710533981217388e-14
188,ensemble,0.27511539097704024,0.6363281785311449,0.136801359619668,0.13592233009708737,,
188,raw,0.3164246455010371,0.8107481315159757,0.18973753688033507,0.44660194174757284,,
188,smoothed,0.4231384334096273,0.8678831578170625,0.19169558191477368,0.46601941747572817,,
188,prediction_magnitude,0.4869263867033832,0.8254535488019565,0.18809806544805197,0.39805825242718446,,
188,boundary_distance,0.5229423772593815,0.8580953585697269,0.19083396176907372,0.414386584289497,,
188,jacobi1,0.289021071007081,0.758883864098753,0.17517447491752014,0.3786407766990291,0.8907499851137036,0.46348462131271856
188,jacobi5,0.334064601065732,0.7890009803611524,0.17866208701644257,0.3883495145631068,0.8031461681262702,0.2549255641504548
188,jacobi10,0.396023308418568,0.8267606970051548,0.1898541198853143,0.42718446601941745,0.7495538354460907,0.1989431064481315
188,jacobi20,0.48053258663543374,0.8510799784953037,0.19639056171484767,0.4563106796116505,0.6818050513580026,0.1584318806286223
188,jacobi40,0.5687454290644446,0.8794155782549572,0.21856660895702576,0.5145631067961165,0.5996202043777662,0.12835860891416345
188,jacobi80,0.6770708796759888,0.9154254029495167,0.2393371559690246,0.5728155339805825,0.500964593741775,0.10031796852994994
188,cg5,0.2965760451684429,0.7821489938121291,0.17472604554671337,0.3883495145631068,0.8579161637816246,0.26767960782218814
188,pcg5,0.3655428460946999,0.8160188903998398,0.18463844201750984,0.3883495145631068,0.757185944062673,0.16977217006140008
188,poisson_pcg5,0.9961779267398612,0.9990090973298336,0.275553207069612,0.9514563106796117,0.049715433625843526,0.037511517550759745
188,cg10,0.32770648558758314,0.8356893625544206,0.18032401353819916,0.4077669902912621,0.7803683807717016,0.18179264707026732
188,pcg10,0.5378714415993132,0.8643201248115704,0.21067922718209942,0.49514563106796117,0.6169254283558453,0.1093739633446152
188,poisson_pcg10,0.9999992288641726,1.0,0.276094818386265,1.0,0.00034034900370617934,0.00037071549125371466
188,cg20,0.5084414897897145,0.9390067781959246,0.2230224867312335,0.5533980582524272,0.6181275115805149,0.11127347294895566
188,pcg20,0.7609342589943494,0.9355597018858776,0.23983030590842372,0.5436893203883495,0.39859346481787633,0.060590609932082505
188,poisson_pcg20,1.0,1.0,0.276094818386265,1.0,9.647298323594084e-08,6.884498748659912e-08
188,cg40,0.8345180177562407,0.9805930657896124,0.2649145484519695,0.7669902912621359,0.32466275744753603,0.0466162154599962
188,pcg40,0.9668890816107573,0.9922309014051843,0.2698559572601106,0.8252427184466019,0.14908956404261905,0.017083267711996638
188,poisson_pcg40,1.0,1.0,0.276094818386265,1.0,3.3125598776389465e-13,5.289102283526229e-14
188,cg80,0.9827979266504542,0.9965318406544175,0.2737346240961226,0.9029126213592233,0.10599765753031352,0.012250204005034236
188,pcg80,0.9999948032150775,1.0,0.276094818386265,1.0,0.0010891952280550328,0.00024183268095849192
188,poisson_pcg80,1.0,1.0,0.276094818386265,1.0,3.3125598776389465e-13,5.289102283526229e-14
188,poisson,0.6187123372791645,0.8663019301519033,0.21542464164825934,0.5339805825242718,2.0030754546780383,6.6508631049000355
188,amg,0.9883020259638079,0.9962155951213856,0.27487799750174086,0.9223300970873787,0.13131568859635387,0.040343493530109825
188,oracle,1.0,1.0,0.276094818386265,1.0,3.271568292495349e-13,5.245675922347873e-14
189,ensemble,0.22154186932265216,0.6511284694770353,0.15686765951465018,0.23300970873786409,,
189,raw,0.2092270425041127,0.6039657189842194,0.14018441465295822,0.18446601941747573,,
189,smoothed,0.2558129671518489,0.6374350378967564,0.1358475559207293,0.1941747572815534,,
189,prediction_magnitude,0.4630927464058365,0.7929435080062828,0.15758944997065472,0.24271844660194175,,
189,boundary_distance,0.36775000661265433,0.69702096707884,0.11824172483820881,0.09002647837599295,,
189,jacobi1,0.2722490902832415,0.6551869538176106,0.16409303588523313,0.2524271844660194,0.8997915429303518,0.4978383573156716
189,jacobi5,0.3704352000035762,0.682015116536479,0.19410548303879574,0.3106796116504854,0.8003457948750171,0.26738302720409535
189,jacobi10,0.4575065267148272,0.7390552691776562,0.20448798545901248,0.3592233009708738,0.7374573119324473,0.19613758288427205
189,jacobi20,0.550340283241542,0.7763511590398786,0.23189887481524538,0.4854368932038835,0.66286057866035,0.14923325559105385
189,jacobi40,0.6597034479829769,0.8441225767686031,0.2459769031833659,0.5533980582524272,0.5719901150734912,0.11918083294272559
189,jacobi80,0.7746278319683855,0.9262726247325089,0.26537706622274454,0.6407766990291263,0.4463302934564681,0.09084953770237769
189,cg5,0.3047150150203848,0.6595511421734501,0.18023597067028013,0.2815533980582524,0.8464369089941955,0.2777573648274768
189,pcg5,0.4447863283205779,0.7236857362723085,0.2025298193603398,0.33980582524271846,0.7387696827238882,0.18475368977499312
189,poisson_pcg5,0.9917701478792647,0.9993885919694717,0.2999589251217301,0.9514563106796117,0.058076515830740076,0.036466402160044355
189,cg10,0.37875327453329516,0.7082951203314253,0.20095734027733936,0.33980582524271846,0.7585109909022126,0.18634454577751838
189,pcg10,0.6198138880444889,0.8045075529974806,0.2387548151582551,0.5339805825242718,0.6018030553146415,0.12363297209962357
189,poisson_pcg10,0.9999822415242112,1.0,0.3007429266634497,1.0,0.001916263229951451,0.0007380034083515093
189,cg20,0.5762227867284172,0.8650580310553113,0.23793475939409536,0.5145631067961165,0.5768537430834235,0.11306756957234732
189,pcg20,0.8980055186503111,0.9896587710698587,0.29172711645885313,0.8155339805825242,0.24033786848156635,0.05788022402559999
189,poisson_pcg20,1.0,1.0,0.3007429266634497,1.0,2.4874529866257314e-07,2.2620458736558036e-07
189,cg40,0.9142227733173591,0.9862222362775792,0.2900008678622179,0.7864077669902912,0.23163769527393457,0.04548427549678449
189,pcg40,0.9927165103533365,0.9991566785785817,0.30035170228626723,0.9514563106796117,0.05642316136466083,0.01018445893634287
189,poisson_pcg40,1.0,1.0,0.3007429266634497,1.0,1.5196517208219004e-13,2.7312887606606568e-14
189,cg80,0.9895299871253844,0.9988193500100144,0.30003275288570097,0.941747572815534,0.06608944772344161,0.008942072163820584
189,pcg80,0.9999837726199842,1.0,0.3007429266634497,1.0,0.0018821455276207442,0.0005158090569660507
189,poisson_pcg80,1.0,1.0,0.3007429266634497,1.0,1.4981177938847569e-13,2.6124496128852807e-14
189,poisson,0.4113356407803447,0.758841698027682,0.16856837097338326,0.20388349514563106,2.66697001528178,6.945100742296671
189,amg,0.9808259088226878,0.9982395665327894,0.2996383907021176,0.9320388349514563,0.14380665591001754,0.053893851453322934
189,oracle,1.0,1.0,0.3007429266634497,1.0,1.5121286471579523e-13,2.6251997915854045e-14
190,ensemble,0.2808850515878692,0.6585391564677482,0.14032738420591884,0.1941747572815534,,
190,raw,0.29992737912166506,0.7326144018215742,0.15291358801991833,0.2621359223300971,,
190,smoothed,0.4921573474715685,0.7725245880901932,0.14612083077424576,0.2524271844660194,,
190,prediction_magnitude,0.6120508413203634,0.7874197526959932,0.18131197905766752,0.3300970873786408,,
190,boundary_distance,0.5638793043795882,0.7392713702918946,0.16064542304191853,0.27714033539276256,,
190,jacobi1,0.26826788364566195,0.7180776488198771,0.1453943548039286,0.22330097087378642,0.9425058869703745,0.494764873370323
190,jacobi5,0.3055744291359702,0.7664632153737495,0.15779811933979257,0.32038834951456313,0.8979357521315304,0.2825512121335321
190,jacobi10,0.3526468175559688,0.8161348470952848,0.1791045469238595,0.39805825242718446,0.8663972173423685,0.23466626550001768
190,jacobi20,0.4072495596702667,0.870033627441679,0.19528239027335048,0.5048543689320388,0.8228476626969797,0.2019332598482043
190,jacobi40,0.44923915715971674,0.9160368109800449,0.20022912730408116,0.5145631067961165,0.7590827060382619,0.17278533858621703
190,jacobi80,0.5555367887668979,0.9549982606495683,0.2174879257471744,0.5922330097087378,0.6574313600824042,0.13677424248421755
190,cg5,0.2745743106716258,0.7681076921455151,0.1522349866566779,0.2912621359223301,0.9153448088380763,0.253874804878124
190,pcg5,0.3364039142407553,0.796464374940704,0.17171257075821678,0.36893203883495146,0.8748298619761041,0.1824345357285357
190,poisson_pcg5,0.9948941420499249,0.9990512634009044,0.261039103549235,0.9514563106796117,0.052534930023301375,0.038393438892975106
190,cg10,0.3028614727129676,0.821321273837007,0.1640268775243086,0.3592233009708738,0.8735898584032149,0.18401527091185174
190,pcg10,0.4273379273657105,0.896176591505645,0.19950094808103025,0.49514563106796117,0.7813230583230913,0.13740594339637302
190,poisson_pcg10,0.9999905452042057,1.0,0.2616042187642591,1.0,0.0015116525699259969,0.0010000443113611299
190,cg20,0.4881650431836063,0.9301308202354975,0.21489734418601278,0.5922330097087378,0.7379940241180493,0.1279386419864638
190,pcg20,0.7699505914276518,0.9757018015453865,0.2438337236686414,0.7378640776699029,0.4182744531290196,0.07334023762747348
190,poisson_pcg20,0.9999999776482369,1.0,0.2616042187642591,1.0,1.0823379137603292e-06,5.205346330849753e-07
190,cg40,0.762930450253916,0.9715800680982047,0.2458634046626372,0.7572815533980582,0.4422276168754786,0.0725734901070081
190,pcg40,0.9949422765717758,0.9991355955430463,0.2609109772568348,0.9514563106796117,0.057425984014569435,0.014947518857086126
190,poisson_pcg40,1.0,1.0,0.2616042187642591,1.0,2.8188337448433214e-14,1.9526716647492466e-14
190,cg80,0.9974583251376868,0.9999894584822323,0.2616028963690763,0.9902912621359223,0.029985315232983922,0.008457278401983135
190,pcg80,0.9999957643408911,1.0,0.2616042187642591,1.0,0.0009366560081388444,0.0002578507394421488
190,poisson_pcg80,1.0,1.0,0.2616042187642591,1.0,2.7989253899420933e-14,1.4509530736554813e-14
190,poisson,0.7625398867212646,0.9210861979907867,0.19497635766481675,0.4563106796116505,1.8803799407915458,6.595608291677993
190,amg,0.9968537658250483,0.9998313357157164,0.26147859463148665,0.9902912621359223,0.06314040036793035,0.03621623020017715
190,oracle,1.0,1.0,0.2616042187642591,1.0,2.84949238214102e-14,1.4740835032158117e-14
191,ensemble,0.25861290546098276,0.6584021167367677,0.12908929145636852,0.17475728155339806,,
191,raw,0.1331280510156641,0.540684987824547,0.11976288995030245,0.11650485436893204,,
191,smoothed,0.2006101584292969,0.5618312724666097,0.11103056158157791,0.05825242718446602,,
191,prediction_magnitude,0.569412271564981,0.8274458956600571,0.22132520569703787,0.49514563106796117,,
191,boundary_distance,0.6024804688108782,0.8588543478490033,0.2014930483667184,0.4545454545454545,,
191,jacobi1,0.159662141924755,0.563760370218104,0.12228407435882994,0.1262135922330097,0.9380403826858281,0.5084854319104951
191,jacobi5,0.21706245306129746,0.6301086830481852,0.152711727535276,0.21359223300970873,0.8672257785940637,0.27773885837632695
191,jacobi10,0.2812919430834704,0.7093808966615013,0.16249030631813569,0.2524271844660194,0.8199711324185213,0.20600925206137743
191,jacobi20,0.3780126488627423,0.8071007663683417,0.1739526637660463,0.32038834951456313,0.7546939842275665,0.15239025625943478
191,jacobi40,0.515217851459123,0.8942264107186153,0.20827641887572668,0.47572815533980584,0.6619982742635293,0.11720401818475218
191,jacobi80,0.685695687450826,0.956210535192857,0.23644095659931183,0.6407766990291263,0.5338051510673159,0.09224343127155564
191,cg5,0.17179501421572133,0.5799099754382636,0.13894054407116094,0.18446601941747573,0.904144865255589,0.2888261502832086
191,pcg5,0.254739791949789,0.6919241432381434,0.16207346572318204,0.2524271844660194,0.8236642203713459,0.18805121931901106
191,poisson_pcg5,0.9950143498319147,0.9982606495683248,0.26938155390841895,0.912621359223301,0.055011740041261754,0.03701603946213787
191,cg10,0.21844380319719614,0.6256496210324363,0.14229558906295645,0.1941747572815534,0.8535939285515088,0.1892633014308224
191,pcg10,0.4553872889993562,0.864488789095854,0.1952522103144012,0.4077669902912621,0.6917031226622431,0.12226010878735948
191,poisson_pcg10,0.9999982118589513,0.9999894584822323,0.2699599455463402,0.9902912621359223,0.0004618752684040902,0.0005669308109542742
191,cg20,0.3404324954402403,0.7580405426773347,0.1861834853555705,0.3883495145631068,0.7611409126261499,0.13203613741353906
191,pcg20,0.857752049656677,0.9919673634609911,0.26497152528065854,0.8446601941747572,0.3116934872539906,0.06854894602721154
191,poisson_pcg20,1.0,1.0,0.2699600708898402,1.0,8.991027430752269e-08,1.425405160217736e-07
191,cg40,0.6923529142228739,0.9541654807459178,0.24198821074307791,0.6019417475728155,0.4679907041807537,0.07359055398891012
191,pcg40,0.9812502793970388,0.9980919852840412,0.26951460907470715,0.9320388349514563,0.09049198423195545,0.016340597723691837
191,poisson_pcg40,1.0,1.0,0.2699600708898402,1.0,8.375683875437322e-14,2.2548033969646484e-14
191,cg80,0.981575911057864,0.9964791330655788,0.26859521617775545,0.8737864077669902,0.09325822042670356,0.01875977014771089
191,pcg80,0.9999920092446891,0.9999894584822323,0.2699599455463402,0.9902912621359223,0.0012800174373732932,0.0003365987876836953
191,poisson_pcg80,1.0,1.0,0.2699600708898402,1.0,8.388096474498076e-14,2.246316070005323e-14
191,poisson,0.7834317891245262,0.9068129829332827,0.19602618403293873,0.3592233009708738,2.314480643944318,6.575022105450508
191,amg,0.9977643431263858,0.9988088084922467,0.2695171333603703,0.9320388349514563,0.08215836397469117,0.04128177960779063
191,oracle,1.0,1.0,0.2699600708898402,1.0,8.803209693661086e-14,2.3225193705632082e-14
192,ensemble,0.19956978443959655,0.6284009571698133,0.1363797750725686,0.20388349514563106,,
192,raw,0.39044662175452394,0.7412795294266469,0.15354417853243937,0.22330097087378642,,
192,smoothed,0.41873508019812594,0.7515680507679495,0.14752184326902879,0.21359223300970873,,
192,prediction_magnitude,0.3618904338924254,0.6576852935285622,0.11821569688247661,0.11650485436893204,,
192,boundary_distance,0.3531347724491726,0.6491203103422831,0.1533428310200423,0.22594880847308033,,
192,jacobi1,0.39257904701022805,0.7368099258931301,0.1797890037467347,0.3106796116504854,0.8223353975231449,0.49112739629338426
192,jacobi5,0.5521846277984407,0.8151755689784215,0.21147385069742472,0.39805825242718446,0.6740020712732082,0.2658587783317586
192,jacobi10,0.6192687061905442,0.8710034470763101,0.22732765599478486,0.4854368932038835,0.5900672662949502,0.18863770171466043
192,jacobi20,0.693407135129819,0.9179764502493069,0.23528206920211275,0.5436893203883495,0.5012514140482413,0.13406363603964477
192,jacobi40,0.7640660762820971,0.9476402812476941,0.25013693816273697,0.6310679611650486,0.4164478962453108,0.10390190795142659
192,jacobi80,0.84156545043273,0.9711373243519602,0.25967586409785265,0.7087378640776699,0.32750197353136956,0.08115477516085641
192,cg5,0.4599070501931192,0.8026522458703604,0.19575365607444506,0.3300970873786408,0.7363432812869637,0.24768162494337842
192,pcg5,0.6049835938058793,0.8638035904409517,0.2259869969132896,0.47572815533980584,0.5888436755291031,0.1536756866948688
192,poisson_pcg5,0.9935000514090552,0.9977441151977061,0.27731564220478316,0.9223300970873787,0.06299463947667298,0.036493161271332814
192,cg10,0.5365098392461197,0.8922446053782823,0.22789438190059672,0.49514563106796117,0.6121488047601252,0.14586715519656404
192,pcg10,0.733663185752092,0.9382267058811128,0.24674992593278464,0.6019417475728155,0.44226405755274273,0.08482076497684521
192,poisson_pcg10,0.9999897181889705,0.9999789169644645,0.2780885374170145,0.9902912621359223,0.0016119184506170772,0.0007829947448691672
192,cg20,0.74370439122738,0.960016023107007,0.25144034933997617,0.6213592233009708,0.42434879229580336,0.07775618552151309
192,pcg20,0.889165351637937,0.9878877960848803,0.2724959573573274,0.8252427184466019,0.2421361272402178,0.03956490022842242
192,poisson_pcg20,1.0,1.0,0.27809022670601324,1.0,3.7444231147215393e-07,2.952024340204364e-07
192,cg40,0.9646463280523568,0.9956885192329992,0.27581894072707924,0.8932038834951457,0.1355058056030186,0.023499846969010887
192,pcg40,0.995084478488663,0.9998629602690196,0.27782238473616916,0.970873786407767,0.050082154311996745,0.006698679865717152
192,poisson_pcg40,1.0,1.0,0.27809022670601324,1.0,6.929489396824229e-14,2.213133605339825e-14
192,cg80,0.9998238010514268,0.9999578339289291,0.27808270055453965,0.9902912621359223,0.008397126468767373,0.0019024968037059102
192,pcg80,0.9999842084793648,0.9999894584822323,0.2780855091762425,0.9902912621359223,0.002238207088949683,0.0003955492189319069
192,poisson_pcg80,1.0,1.0,0.27809022670601324,1.0,7.097255513514603e-14,1.8825768025085106e-14
192,poisson,0.5522485314891638,0.8413817821489938,0.20784433415103923,0.4174757281553398,4.099767756647076,6.894142168552221
192,amg,0.9822838137472284,0.9967848370808429,0.2764369208348172,0.9029126213592233,0.12453324679045016,0.040617350501299256
192,oracle,1.0,1.0,0.27809022670601324,1.0,7.038177571987137e-14,1.8684019814549758e-14
193,ensemble,0.15673751430512836,0.6411561936687644,0.13856068441522565,0.21359223300970873,,
193,raw,0.19289712377512339,0.6393535941304829,0.13712240762964634,0.18446601941747573,,
193,smoothed,0.2400764765574708,0.7299579393441068,0.1431090047680154,0.22330097087378642,,
193,prediction_magnitude,0.28849429583005504,0.7838040121016624,0.1855387083077431,0.36893203883495146,,
193,boundary_distance,0.3345537771173243,0.8557340585897557,0.19220327192170114,0.3815092674315975,,
193,jacobi1,0.2568645729025106,0.6900477530754878,0.17306926973282127,0.3106796116504854,0.8936642772226796,0.5342300068936352
193,jacobi5,0.33259804600886916,0.6884032763037222,0.18403754023397753,0.3106796116504854,0.7973474433142711,0.3011057547132879
193,jacobi10,0.3723704156533867,0.7160853019617764,0.20155601896598904,0.3883495145631068,0.7403183236204052,0.23039833079402236
193,jacobi20,0.4671229369322652,0.7930700062194955,0.2183971354813568,0.42718446601941745,0.6656826518785609,0.17724893528592925
193,jacobi40,0.5770093117445103,0.8746929782950149,0.2376427385418778,0.5339805825242718,0.5682773212542821,0.13389431446527633
193,jacobi80,0.7026579487339961,0.9404720491656389,0.26174498958307363,0.6601941747572816,0.4468092583423191,0.09627396051181528
193,cg5,0.2880771448751877,0.700705227538661,0.17834330684921762,0.30097087378640774,0.8207474105369833,0.27750746078798016
193,pcg5,0.34527487080680924,0.6882873196082772,0.2010525458666269,0.3786407766990291,0.7478520350368593,0.188992856705091
193,poisson_pcg5,0.9953812763750803,0.9997786281268777,0.2820305091072871,0.9805825242718447,0.04746899066206034,0.040840692396612234
193,cg10,0.36052429413132103,0.7311280478163246,0.2067738542080942,0.4077669902912621,0.73259626302715,0.17229491929511873
193,pcg10,0.5541144566733424,0.8587647449479776,0.2365328725364735,0.5436893203883495,0.5785108403516036,0.10843455563086934
193,poisson_pcg10,0.9999921992346754,0.9999894584822323,0.2821660493078704,0.9902912621359223,0.0012467691647830698,0.0010832103402635457
193,cg20,0.5002844150096559,0.834203008549171,0.2401843125256887,0.5048543689320388,0.59847671324378,0.09606280389872274
193,pcg20,0.799017919408483,0.9708421618544638,0.26866690387996683,0.7087378640776699,0.33548226591820557,0.04727498560681189
193,poisson_pcg20,0.9999999888241183,1.0,0.2821668200985988,1.0,1.2542581160473776e-06,4.348546822600206e-07
193,cg40,0.7239978810528573,0.9560418709085734,0.26048026065865487,0.6407766990291263,0.40201578856882914,0.04844362296057596
193,pcg40,0.9861660356018882,0.9986190611724276,0.28144445530513906,0.9320388349514563,0.07933617475020026,0.014506378500487168
193,poisson_pcg40,1.0,1.0,0.2821668200985988,1.0,1.7740166063757989e-13,2.9706342914033115e-14
193,cg80,0.9884881937987268,0.9986401442079631,0.2809277261514733,0.9223300970873787,0.07160630718344525,0.011854436938353747
193,pcg80,0.9999970942707959,0.9999894584822323,0.28216574957911206,0.9902912621359223,0.0005561286605296987,0.0001443562913890268
193,poisson_pcg80,1.0,1.0,0.2821668200985988,1.0,1.7523984532561527e-13,2.7858887553538184e-14
193,poisson,0.6174804422072812,0.8996869169222985,0.2019161388136758,0.42718446601941745,2.5476923305296744,6.29155670731308
193,amg,0.9850863560367641,0.9970799995783393,0.2805816057138361,0.9029126213592233,0.1363302460969312,0.050969780220299105
193,oracle,1.0,1.0,0.2821668200985988,1.0,1.766522858168388e-13,2.8055984469325374e-14
194,ensemble,0.20633777537372144,0.5871730811802284,0.11756204377162664,0.13592233009708737,,
194,raw,0.060417486231313926,0.5309551669249338,0.08775099060845601,0.07766990291262135,,
194,smoothed,0.09832707111436949,0.6063164774464227,0.08162612786898306,0.07766990291262135,,
194,prediction_magnitude,0.6987897973142121,0.9682805730369058,0.28745681174941234,0.6893203883495146,,
194,boundary_distance,0.4802918873103655,0.8558183907318976,0.1757283884625165,0.309576345984113,,
194,jacobi1,0.18856636909019384,0.5894395075002898,0.1417283529826857,0.1941747572815534,0.9614412204728454,0.5626387572158253
194,jacobi5,0.264735310421286,0.6918925186848403,0.17586347094060165,0.3106796116504854,0.901543609508064,0.3328307669479308
194,jacobi10,0.3332645420570774,0.7515258846968786,0.19364205591696473,0.3786407766990291,0.8517195891129002,0.2730430473345736
194,jacobi20,0.4526108647450111,0.8490454655661323,0.21079733235690248,0.44660194174757284,0.7731389862821025,0.22603668079927733
194,jacobi40,0.6223732431514197,0.9480514004406354,0.24997380923553647,0.6213592233009708,0.6510793370426875,0.17737135873970244
194,jacobi80,0.7808005954509691,0.9922098183696488,0.3019338829578864,0.8543689320388349,0.4837825721620379,0.12275276104724829
194,cg5,0.18317607377869966,0.6114501965993063,0.14655744653031677,0.20388349514563106,0.9398045858203693,0.3402748639905788
194,pcg5,0.3264535798583792,0.7420385187059233,0.18749420962981428,0.3592233009708738,0.8554186596563921,0.2562369928081659
194,poisson_pcg5,0.9930244394177811,0.9992304692029559,0.31709471717387333,0.941747572815534,0.05495057399642624,0.038095498164319785
194,cg10,0.27802946856448035,0.6789791594193731,0.1654976969719308,0.2815533980582524,0.8870843103156045,0.2522319077121267
194,pcg10,0.5975604168156784,0.9412099554093798,0.23434202326915465,0.5728155339805825,0.6334687636346643,0.16501769188017135
194,poisson_pcg10,0.9999917857270582,0.9999894584822323,0.31784258358715173,0.9902912621359223,0.0008714474621944639,0.0008688498952230373
194,cg20,0.4327135487447249,0.8007758557077048,0.1999325854555226,0.3883495145631068,0.755396330874362,0.17491378403463423
194,pcg20,0.8613157365352979,0.9950876527202387,0.31495153518474633,0.912621359223301,0.28664340034182856,0.06748361166639535
194,poisson_pcg20,1.0,1.0,0.3178429047101852,1.0,6.883032650232139e-07,4.771799346082862e-07
194,cg40,0.723970857771261,0.990691839811096,0.2999768982765708,0.8349514563106796,0.434187540305421,0.09750305869013215
194,pcg40,0.9733110672519847,0.9998524187512519,0.31767956654232027,0.970873786407767,0.08491165597037835,0.023813714995668776
194,poisson_pcg40,1.0,1.0,0.3178429047101852,1.0,7.048832843592095e-14,2.8425246231279366e-14
194,cg80,0.9867149502002718,0.9993148013450976,0.31696026492556256,0.941747572815534,0.06751574867820112,0.02079002946199606
194,pcg80,0.9999977424719261,1.0,0.3178429047101852,1.0,0.0005249914833816805,0.00025828407277379535
194,poisson_pcg80,1.0,1.0,0.3178429047101852,1.0,6.733000741838758e-14,2.4935444366771745e-14
194,poisson,0.6615449873936056,0.9237848265393251,0.200132372593351,0.4174757281553398,2.2354615898053156,6.948370035263381
194,amg,0.993647316000286,0.9997997111624132,0.31759159971836065,0.9805825242718447,0.11827615133591615,0.058167247773498514
194,oracle,1.0,1.0,0.3178429047101852,1.0,6.960568152116031e-14,2.5678139075275343e-14
195,ensemble,0.29319168648523,0.648387674857426,0.14880138810654744,0.2621359223300971,,
195,raw,0.1811580671983406,0.6216965518695382,0.12707268430792637,0.1941747572815534,,
195,smoothed,0.24763539580502109,0.5948051400440636,0.11768225352610047,0.1650485436893204,,
195,prediction_magnitude,0.42218446016021743,0.7422704320968133,0.17223881020278645,0.2621359223300971,,
195,boundary_distance,0.37832695544634914,0.6993822670588111,0.12347257023482332,0.14055604589585172,,
195,jacobi1,0.20247108799442098,0.6697237068193078,0.16471021220822601,0.3592233009708738,0.904673487485761,0.4995178498274595
195,jacobi5,0.3266395353515485,0.8083024993938628,0.18277661380280114,0.42718446601941745,0.800363006102006,0.28888228609801064
195,jacobi10,0.43101409949216796,0.8852344960627431,0.20029574621886045,0.5242718446601942,0.7246511373153091,0.2214572541810689
195,jacobi20,0.5440830412702954,0.94236952236383,0.2237663316717285,0.6019417475728155,0.6212159233385927,0.16494041466820863
195,jacobi40,0.6872043644052642,0.972075519433288,0.2389256056087556,0.7087378640776699,0.4940645523019116,0.11859305407333358
195,jacobi80,0.8220331051963379,0.985768951013567,0.25193501808055535,0.8252427184466019,0.3625181697807547,0.0827315278414144
195,cg5,0.238360576407267,0.7241284800185531,0.1630731079651306,0.36893203883495146,0.8503558552691549,0.28513613661474047
195,pcg5,0.4297263920678063,0.8805751452094073,0.19916443501311282,0.5145631067961165,0.7148178498762541,0.21447982073122893
195,poisson_pcg5,0.9944406583041269,0.9982606495683248,0.2588105722359376,0.9223300970873787,0.06448996662359008,0.03498885117485058
195,cg10,0.34754046786710535,0.797898021357115,0.19232252667912791,0.47572815533980584,0.7587313023150154,0.18656209319649988
195,pcg10,0.656353354552607,0.9677640386662871,0.23554769562729402,0.6796116504854369,0.4907957196077083,0.11729858395846937
195,poisson_pcg10,0.9999943450039338,1.0,0.2596164642764103,1.0,0.001186677127969048,0.0011102624503760033
195,cg20,0.5479213530863314,0.9142658359950666,0.2213438197068633,0.5436893203883495,0.5880179885272862,0.1080743675032798
195,pcg20,0.9005856385451683,0.988130250993538,0.25400011184857474,0.8252427184466019,0.2522929274221939,0.05618337538435865
195,poisson_pcg20,1.0,1.0,0.2596164642764103,1.0,1.495613075021235e-06,9.525010566194758e-07
195,cg40,0.8141159765932336,0.9742997796822787,0.242493459798903,0.7184466019417476,0.34594701100212455,0.050814100252849555
195,pcg40,0.9880282392175093,0.9988404330455499,0.25927901359138095,0.9611650485436893,0.08425044655001422,0.013883068581367421
195,poisson_pcg40,1.0,1.0,0.2596164642764103,1.0,1.7662019778905224e-13,6.330250107936871e-14
195,cg80,0.9987759951004934,0.999841877233484,0.2594439341216931,0.970873786407767,0.02830981416354454,0.007826254441067545
195,pcg80,0.9999963454867319,1.0,0.2596164642764103,1.0,0.0007795926587067503,0.00025094110232529426
195,poisson_pcg80,1.0,1.0,0.2596164642764103,1.0,2.2032100061257153e-13,3.309023971137281e-14
195,poisson,0.6595548981653673,0.9000347870086335,0.1901374214684349,0.46601941747572817,2.6655985349633275,7.268878050247893
195,amg,0.9687332026500248,0.9917986991767075,0.25606021080650476,0.8932038834951457,0.15031457171396692,0.06274593818561475
195,oracle,1.0,1.0,0.2596164642764103,1.0,2.2386427906211696e-13,3.355149306485422e-14
196,ensemble,0.2845572674522566,0.6547125855180629,0.12728657335436167,0.14563106796116504,,
196,raw,0.25898429118088834,0.6785469571908963,0.14845013867068932,0.23300970873786409,,
196,smoothed,0.3411544909162434,0.7220728840538461,0.1533720822476883,0.23300970873786409,,
196,prediction_magnitude,0.48202363922466196,0.7852271170003057,0.13942541603195524,0.20388349514563106,,
196,boundary_distance,0.4848399959531081,0.8142426446559776,0.2168807520962007,0.4719770520741395,,
196,jacobi1,0.18586386211644373,0.6190506309098384,0.15069033490136374,0.23300970873786409,0.9310812048375392,0.5686908342930241
196,jacobi5,0.2854298802839568,0.7228002487798193,0.16579019753100466,0.2815533980582524,0.84483352727501,0.3479751095751082
196,jacobi10,0.37988393847006646,0.7927959267575345,0.18865831254606474,0.3592233009708738,0.7880504183572357,0.2623231614456552
196,jacobi20,0.47142395259638076,0.8618639511716897,0.20998514646680996,0.4563106796116505,0.7247657299616151,0.18821947318829285
196,jacobi40,0.5397438599706743,0.9122734891369659,0.22724267559107245,0.5436893203883495,0.6628770638374227,0.13517418178972085
196,jacobi80,0.5887836841070023,0.9431495946786418,0.24737192146440803,0.6310679611650486,0.5986734860806121,0.10176804014939421
196,cg5,0.26691503200772476,0.7426815512897547,0.17583662466713865,0.3300970873786408,0.8575626182789269,0.29991649953682786
196,pcg5,0.39147846854659896,0.7975185267174768,0.1859518630155996,0.34951456310679613,0.7726126330365529,0.23599586456360122
196,poisson_pcg5,0.9965554703705028,0.9996732129492004,0.28676766144108595,0.970873786407767,0.04055888599771349,0.03301002248788661
196,cg10,0.35003211948358487,0.8537575240083067,0.1951200095338675,0.4077669902912621,0.7682074131041697,0.18415947700348892
196,pcg10,0.5456045928402832,0.9043146432223311,0.2164495537449102,0.47572815533980584,0.667556338523044,0.13327959635610734
196,poisson_pcg10,0.9999953396573922,1.0,0.2870298209429144,1.0,0.0010449501615050487,0.000838059849703597
196,cg20,0.4910341490236749,0.9329981130683196,0.234429045743688,0.5825242718446602,0.6487329673707337,0.10206447718421269
196,pcg20,0.5882891066447321,0.9505181155982838,0.2471226016335304,0.6407766990291263,0.5666752032516588,0.08137833454653429
196,poisson_pcg20,0.9999999776482369,1.0,0.2870298209429144,1.0,2.0216578167374827e-06,8.78227246434202e-07
196,cg40,0.7406969503254416,0.987318554125423,0.27271359203380513,0.7864077669902912,0.3932928838248544,0.060979186962783975
196,pcg40,0.9883197844395964,0.9990090973298336,0.2868410302673756,0.9611650485436893,0.07758020927772197,0.020446677804444934
196,poisson_pcg40,1.0,1.0,0.2870298209429144,1.0,2.7449849381377044e-13,1.0807718031273022e-13
196,cg80,0.9972027439024389,0.9999156678578581,0.28699913119077475,0.9805825242718447,0.03071271871639098,0.0071098516447769145
196,pcg80,0.9999928139081609,1.0,0.2870298209429144,1.0,0.0011359175379100364,0.00043555225468588774
196,poisson_pcg80,1.0,1.0,0.2870298209429144,1.0,2.4379344571056177e-13,3.9058614240269125e-14
196,poisson,0.5808625433624204,0.9140971717107829,0.2375725577892041,0.5728155339805825,3.826676691964548,7.30833196402225
196,amg,0.9852018028932121,0.9987350178678727,0.285121691678617,0.912621359223301,0.15189283979441126,0.06439558752361424
196,oracle,1.0,1.0,0.2870298209429144,1.0,2.3017705469531874e-13,3.714811510774942e-14
197,ensemble,0.03292946677633931,0.5350769003721155,0.10094158311204149,0.0970873786407767,,
197,raw,0.16023125134110577,0.7027713650211358,0.1275585558226637,0.20388349514563106,,
197,smoothed,0.042134157517344964,0.5838208785300908,0.12566614858124311,0.22330097087378642,,
197,prediction_magnitude,0.14337217697231955,0.6053361162940241,0.10095426628815997,0.07766990291262135,,
197,boundary_distance,0.08398782583666911,0.559222246819097,0.1006574780471243,0.06928508384819065,,
197,jacobi1,0.24405088825906585,0.7728408336232251,0.15709290116638702,0.3106796116504854,0.8178927213171577,0.5303325899523181
197,jacobi5,0.45769765664115586,0.8672401252332311,0.19774414357771444,0.5242718446601942,0.640090543953662,0.28357411655019193
197,jacobi10,0.5973849778270509,0.9207383279044516,0.2228149407556524,0.6213592233009708,0.5359418353992638,0.2053585371218796
197,jacobi20,0.7200390932336742,0.9522258414766558,0.237284807879828,0.7087378640776699,0.42711781743272126,0.14287646266629964
197,jacobi40,0.8191257219619484,0.9676480819708422,0.2378206031691384,0.7087378640776699,0.33254714705445293,0.09974811874852506
197,jacobi80,0.886288221514913,0.9765451229668047,0.24238352691387133,0.7475728155339806,0.25673763923431503,0.0715310299288018
197,cg5,0.28329804734997494,0.7981193932302373,0.17417202943691976,0.4174757281553398,0.749897202816634,0.2651041620066012
197,pcg5,0.5748015610471353,0.916500637761825,0.2198224100383394,0.6019417475728155,0.5294300370899019,0.1565153176538249
197,poisson_pcg5,0.9922950790358344,0.9980181946596671,0.25017564453688723,0.912621359223301,0.0688822649015642,0.03815910347707712
197,cg10,0.4489908961268864,0.8872584674741469,0.20826753737408668,0.5436893203883495,0.6087440664674296,0.1643918269499572
197,pcg10,0.7786805977755524,0.9628727744220613,0.23735145671852592,0.7087378640776699,0.36303918855621337,0.07407870703641217
197,poisson_pcg10,0.999980621021386,1.0,0.2515579178051088,1.0,0.0022219254031875294,0.0007395098245886356
197,cg20,0.7790147454581217,0.9676480819708422,0.24069868548101023,0.7378640776699029,0.3580755599872288,0.08164419873974263
197,pcg20,0.9138761198233317,0.9799394916880132,0.24376059869439817,0.7669902912621359,0.22415244021744954,0.03592094909806908
197,poisson_pcg20,0.9999999888241183,1.0,0.2515579178051088,1.0,5.398328209858281e-07,2.540994221363268e-07
197,cg40,0.9783221090229597,0.9956041870908573,0.25033821420056707,0.8932038834951457,0.10497992955658919,0.019755115274682888
197,pcg40,0.9983791842500537,0.9995256317004523,0.2512896813285537,0.9514563106796117,0.027672860371232084,0.004715790239139555
197,poisson_pcg40,1.0,1.0,0.2515579178051088,1.0,3.1645303322353204e-13,3.8864230735830785e-14
197,cg80,0.9983098714326587,0.9994729241116136,0.2512998098051958,0.9611650485436893,0.028104420366968648,0.0031565440504582806
197,pcg80,0.9999983459695299,1.0,0.2515579178051088,1.0,0.0003802390287689896,9.393759663519561e-05
197,poisson_pcg80,1.0,1.0,0.2515579178051088,1.0,3.19382354748759e-13,3.7550784106171274e-14
197,poisson,0.4129024993741506,0.7422177245079746,0.16506234053256913,0.2912621359223301,3.0118539351188147,6.648237351224004
197,amg,0.9710320814855875,0.9947608656694391,0.2492283666276837,0.8737864077669902,0.13165941688315053,0.04120844377185831
197,oracle,1.0,1.0,0.2515579178051088,1.0,3.1993640741393955e-13,3.753505871335528e-14
198,ensemble,0.3782754832451183,0.8260017077258783,0.211400844738192,0.4077669902912621,,
198,raw,0.20746127557041696,0.6591189399449733,0.16152044091890566,0.2524271844660194,,
198,smoothed,0.3265941277447965,0.7496916606052939,0.15603750165660862,0.22330097087378642,,
198,prediction_magnitude,0.4135507340319004,0.6598884707420174,0.11366461813819836,0.08737864077669903,,
198,boundary_distance,0.4946592109121599,0.7965328948061942,0.16643031055212953,0.22153574580759047,,
198,jacobi1,0.16639782338530862,0.6031961881871752,0.1503191217372669,0.1941747572815534,0.9634887100702618,0.578221199240069
198,jacobi5,0.28029341159430654,0.6396487566279793,0.17629256698342863,0.2524271844660194,0.9036792461517518,0.4277972844157281
198,jacobi10,0.36661479194978897,0.7109726658444283,0.20616058913503152,0.3300970873786408,0.8516843775431657,0.362644133349193
198,jacobi20,0.4522076836420857,0.826444451472123,0.24187439735112884,0.44660194174757284,0.7730521591149679,0.28830231186522376
198,jacobi40,0.5704058074350904,0.9242591948388729,0.2921635818588626,0.6504854368932039,0.6658275546995055,0.2164963722947377
198,jacobi80,0.6897906086832128,0.967964327503874,0.31815669760729376,0.7864077669902912,0.540113036703955,0.1654917325194976
198,cg5,0.21204619215363707,0.6585813225388192,0.19345750641873474,0.3106796116504854,0.9198538507696195,0.40815290828158
198,pcg5,0.3802861360954151,0.7290197442627789,0.20303577860282268,0.32038834951456313,0.8247091224231551,0.3329065188695969
198,poisson_pcg5,0.9960943870252486,0.9999578339289291,0.3451549552841876,0.9805825242718447,0.041258236591313495,0.04163737180278353
198,cg10,0.2961839505400186,0.7272487692778006,0.21556510584193314,0.39805825242718446,0.8448283620866223,0.2887213909095549
198,pcg10,0.571078304931693,0.933873059043041,0.2888722805381765,0.6504854368932039,0.63524479350762,0.18537853089879056
198,poisson_pcg10,0.9999984912559902,1.0,0.3454062757503339,1.0,0.00034438950604172904,0.0006115385637012725
198,cg20,0.4747496714290823,0.9060434521362386,0.26530768807288896,0.5728155339805825,0.7089088326672924,0.2041817776166513
198,pcg20,0.7692103010335455,0.9894690237500395,0.3368795936814222,0.8543689320388349,0.3576509132368409,0.10774717822732985
198,poisson_pcg20,1.0,1.0,0.3454062757503339,1.0,4.676262003986723e-08,5.509799582762602e-08
198,cg40,0.7893707866926543,0.9972170393093197,0.3426854119156273,0.9223300970873787,0.30241924521050156,0.0833242746067966
198,pcg40,0.9367562786102567,0.9997997111624132,0.3451519680009572,0.9805825242718447,0.1428803605704958,0.031542114068707314
198,poisson_pcg40,1.0,1.0,0.3454062757503339,1.0,8.098823526386709e-14,3.210978015924023e-14
198,cg80,0.9698726731814605,0.9999578339289291,0.34533853129735903,0.9902912621359223,0.0975713745860852,0.021515063100084848
198,pcg80,0.999994188541592,1.0,0.3454062757503339,1.0,0.0008043122182427216,0.0003795067703731863
198,poisson_pcg80,1.0,1.0,0.3454062757503339,1.0,8.098823526386709e-14,3.210978015924023e-14
198,poisson,0.7088707665760675,0.9888997817905822,0.3310029159550942,0.8349514563106796,2.274964930415473,5.7266368627485065
198,amg,0.9856429372898934,0.9994518410760781,0.3446249123845359,0.9514563106796117,0.11470434644861564,0.06660835325893201
198,oracle,1.0,1.0,0.3454062757503339,1.0,8.131607620780184e-14,3.2430470331212576e-14
199,ensemble,0.3274423324511837,0.6739824799974701,0.17578968986344853,0.2524271844660194,,
199,raw,0.41217585473142115,0.749807617300739,0.2138649722301952,0.39805825242718446,,
199,smoothed,0.6557111213432515,0.8589755753033321,0.21486856884134248,0.39805825242718446,,
199,prediction_magnitude,0.5221748377261998,0.6906275365527128,0.13460503789025505,0.009708737864077669,,
199,boundary_distance,0.5213848131837265,0.7096707884001139,0.1677680847315949,0.073918799646955,,
199,jacobi1,0.3193656904906659,0.7045107154528109,0.18947081126390128,0.33980582524271846,0.9730081348285905,0.554760635086835
199,jacobi5,0.34107998131392603,0.6970367793554916,0.1980759761889125,0.3300970873786408,0.9321551045703476,0.3795033829007585
199,jacobi10,0.3778122206029611,0.7313810442427501,0.19907130101989212,0.3300970873786408,0.9002201334557518,0.3288827878857334
199,jacobi20,0.3818380972391102,0.7548570043114807,0.21957564680668404,0.39805825242718446,0.8573610279193928,0.2839283488439867
199,jacobi40,0.39101905040769613,0.7786913759843143,0.22271606222589194,0.4368932038834951,0.8066431072262535,0.24244367568262254
199,jacobi80,0.43633250035762816,0.8763269135490128,0.24611729195126875,0.5436893203883495,0.74873252245628,0.20419155927816826
199,cg5,0.3274034739110221,0.695666382045687,0.20013682780527123,0.34951456310679613,0.9603921144837413,0.4038364660683207
199,pcg5,0.3822807739074458,0.7246766389424749,0.2053791156837994,0.33980582524271846,0.8958519110510811,0.3206052249503012
199,poisson_pcg5,0.9992569491631499,0.9997786281268777,0.30356057661743446,0.970873786407767,0.027066829572589622,0.03574928592947097
199,cg10,0.35372876582504825,0.7206603206729705,0.2030421907770465,0.3592233009708738,0.9195533457573778,0.3251218760852908
199,pcg10,0.393712627852085,0.7758240831514922,0.22257859586151152,0.4174757281553398,0.7837459187915226,0.2369979018319449
199,poisson_pcg10,0.9999986365424505,1.0,0.30366263791143494,1.0,0.000525133572505331,0.000879315790295174
199,cg20,0.4511504117194764,0.9294561630983629,0.2607400941800954,0.6213592233009708,0.779934567944733,0.23847032142331864
199,pcg20,0.4593981117230527,0.9636739297724086,0.2745051905102119,0.7281553398058253,0.6696959649797862,0.1701857267900476
199,poisson_pcg20,1.0,1.0,0.30366263791143494,1.0,3.662472918713765e-08,1.1598803916319686e-07
199,cg40,0.6012454290644444,0.9885519117042472,0.2978826967559934,0.8446601941747572,0.5340345746375207,0.1329293964343717
199,pcg40,0.9746264014555467,0.9992620937562591,0.3031216882186022,0.9514563106796117,0.08840507118974882,0.0431351051608623
199,poisson_pcg40,1.0,1.0,0.30366263791143494,1.0,1.0049333649684226e-13,4.129180699755183e-14
199,cg80,0.9712934630033616,0.9996415883958972,0.30355346540785305,0.9805825242718447,0.08875398650088533,0.03580641206277292
199,pcg80,0.9999989271153709,1.0,0.30366263791143494,1.0,0.00015969451145198877,0.00013279600700973388
199,poisson_pcg80,1.0,1.0,0.30366263791143494,1.0,1.0049333649684226e-13,4.129180699755183e-14
199,poisson,0.7339546192153636,0.911493416822154,0.24853367424482944,0.5825242718446602,1.1377594781021219,6.301943376797994
199,amg,0.9948332111436949,0.9989353067054595,0.3029794197640048,0.9320388349514563,0.11116623225003885,0.06244359287073617
199,oracle,1.0,1.0,0.30366263791143494,1.0,9.471279132696177e-14,3.996903002268795e-14
